# Blender 3.6.0
# www.blender.org
mtllib Braum.mtl
g Braum_Mesh
v -16.375523 450.288269 18.252609
v -14.559356 457.894897 17.551945
v -11.248736 464.045288 16.483402
v -12.329596 457.214417 21.764227
v -13.963044 450.419128 22.443920
v -6.648661 465.356812 21.095306
v -5.168604 459.385132 24.662130
v -5.779391 477.348572 -1.765726
v -4.817513 477.754883 -3.357915
v -4.827696 477.397156 -1.725659
v -7.239904 474.286102 16.408142
v -7.199938 474.810913 15.563316
v -8.160268 474.065979 16.451279
v -6.650251 474.088074 16.066048
v -6.485788 474.791504 15.447174
v -7.048401 473.679962 16.155722
v -5.719231 474.865723 15.487175
v 0.330388 472.251526 3.673841
v 1.269866 474.342102 2.158988
v 0.735470 473.126923 5.643609
v 1.814191 474.976929 5.943259
v -5.833229 480.822266 -4.273318
v -4.995800 481.235443 -3.168750
v -4.743103 480.733093 -4.120408
v -4.090549 480.357635 -3.913172
v -3.978524 480.645508 -3.061133
v -3.810981 480.064819 -3.926280
v -3.784880 479.784119 -3.453001
v -9.452590 473.791321 15.212581
v -8.382183 474.095825 14.893385
v -8.378019 473.661804 14.475273
v -9.066692 473.299988 14.825211
v -4.198332 474.158752 14.370813
v -5.032210 473.607239 15.207995
v -4.882864 472.999146 14.417707
v -4.418298 473.200928 13.515140
v -9.452590 473.791321 15.212581
v -8.382183 474.095825 14.893385
v -9.175533 473.019440 15.701118
v -7.239904 474.286102 16.408142
v -7.199938 474.810913 15.563316
v -8.160268 474.065979 16.451279
v -16.648813 476.337189 0.817053
v -16.319359 475.665833 0.553261
v -14.689609 478.330444 0.497177
v -14.557888 474.742004 -0.305017
v -14.541578 477.617523 -0.503880
v -14.073391 477.611267 -2.771415
v -13.072029 478.917542 -1.731182
v -12.648878 479.051941 -0.820545
v -12.377123 475.732544 -2.423141
v -10.316426 478.124023 -3.864839
v -7.517059 477.332092 -1.534906
v -7.484988 477.635925 -3.092205
v -6.798499 477.715485 -0.313722
v -6.733078 477.346985 -1.754078
v -6.730022 479.322571 -0.349340
v -5.811050 477.721985 -0.299290
v -5.853769 479.371185 -0.340121
v -5.833229 480.822266 -4.273318
v -5.857611 481.171143 -3.253378
v -5.860675 480.406372 -1.700681
v -4.995800 481.235443 -3.168750
v -4.992505 480.500244 -1.603994
v -4.070381 480.107361 -1.541667
v -3.951370 478.758911 -4.210820
v -3.978524 480.645508 -3.061133
v -3.783574 478.913208 -2.169700
v -3.784880 479.784119 -3.453001
v -13.758604 475.409729 3.363086
v -13.601354 474.633850 5.286374
v -12.163633 471.782593 5.261478
v -12.929580 474.925171 1.360879
v -12.573817 473.854187 1.820804
v -11.013309 470.622253 3.464092
v -4.052238 477.711609 -3.047616
v -4.050868 477.423279 -1.483197
v -4.070381 480.107361 -1.541667
v -4.043409 479.058960 -0.316106
v -3.855617 477.916199 -0.584263
v -3.783574 478.913208 -2.169700
v -14.383846 475.719543 6.809733
v -13.758604 475.409729 3.363086
v -13.601354 474.633850 5.286374
v -4.976083 479.364075 -0.328367
v -4.827696 477.397156 -1.725659
v -4.824405 477.761536 -0.288311
v -4.052238 477.711609 -3.047616
v -4.050868 477.423279 -1.483197
v -4.070381 480.107361 -1.541667
v -4.043409 479.058960 -0.316106
v -3.855617 477.916199 -0.584263
v -8.850686 479.585602 -3.858341
v -8.219292 479.811218 -4.020742
v -7.993846 480.841736 -3.747811
v -7.671080 480.636536 -4.055195
v -7.826588 479.078125 -3.903792
v -7.839324 478.741089 -2.271475
v -7.653519 479.469055 -4.279433
v -7.765341 477.834167 -0.628988
v -7.706079 480.405640 -3.229325
v -7.645137 478.964294 -0.369833
v -7.637008 480.020081 -1.588625
v -7.556826 480.201416 -4.008644
v -6.921203 480.674164 -4.154042
v -6.735072 480.454468 -1.629987
v -6.723814 481.191711 -3.193050
v -5.833229 480.822266 -4.273318
v -5.857611 481.171143 -3.253378
v -5.853769 479.371185 -0.340121
v -5.860675 480.406372 -1.700681
v -4.992505 480.500244 -1.603994
v -5.150473 474.059204 16.108307
v -4.588901 474.699219 15.172787
v -5.779851 473.448059 15.960343
v -4.198332 474.158752 14.370813
v -5.032210 473.607239 15.207995
v -7.993846 480.841736 -3.747811
v -7.653519 479.469055 -4.279433
v -7.671080 480.636536 -4.055195
v -7.556826 480.201416 -4.008644
v -6.921203 480.674164 -4.154042
v -6.914957 481.844238 -3.821092
v -6.864447 481.263611 -4.208372
v -5.833229 480.822266 -4.273318
v -5.847217 481.367218 -4.295690
v -5.872456 481.930237 -3.595573
v -4.829496 481.329285 -4.168727
v -4.821455 481.919434 -3.771944
v -4.743103 480.733093 -4.120408
v -4.090549 480.357635 -3.913172
v -3.996810 480.764496 -3.977400
v -3.810981 480.064819 -3.926280
v -3.694039 480.970825 -3.670803
v -3.410195 480.043518 -3.876225
v -6.650251 474.088074 16.066048
v -7.048401 473.679962 16.155722
v -5.719231 474.865723 15.487175
v -5.150473 474.059204 16.108307
v -4.588901 474.699219 15.172787
v -5.779851 473.448059 15.960343
v -3.694039 480.970825 -3.670803
v -3.410195 480.043518 -3.876225
v -2.770484 479.784485 -3.741642
v -7.839324 478.741089 -2.271475
v -7.765341 477.834167 -0.628988
v -7.645137 478.964294 -0.369833
v -7.637008 480.020081 -1.588625
v -7.517059 477.332092 -1.534906
v -7.484988 477.635925 -3.092205
v -6.798499 477.715485 -0.313722
v -6.730022 479.322571 -0.349340
v -6.735072 480.454468 -1.629987
v -5.853769 479.371185 -0.340121
v -6.733078 477.346985 -1.754078
v -6.713969 477.714111 -3.382151
v -5.779391 477.348572 -1.765726
v -5.811050 477.721985 -0.299290
v -5.853769 479.371185 -0.340121
v -4.992505 480.500244 -1.603994
v -4.976083 479.364075 -0.328367
v -4.827696 477.397156 -1.725659
v -4.824405 477.761536 -0.288311
v -4.070381 480.107361 -1.541667
v -1.230446 478.409790 -3.708916
v 0.910474 476.091614 -2.223900
v 0.959777 479.415131 -0.612149
v 1.247916 480.806396 -0.315604
v 1.416268 479.305481 -1.509578
v 2.515538 478.049927 -2.523015
v 2.785625 478.871155 2.414194
v 2.914940 478.080811 -0.240339
v 3.076955 475.187439 -0.039498
v 2.995469 478.798279 0.765002
v 3.010710 480.511169 2.804281
v 4.760723 476.217346 0.866874
v 5.046124 476.914032 1.144830
v -8.378019 473.661804 14.475273
v -9.066692 473.299988 14.825211
v -8.642934 473.231628 13.590981
v -14.073391 477.611267 -2.771415
v -13.072029 478.917542 -1.731182
v -12.648878 479.051941 -0.820545
v -11.581928 479.915710 -4.355130
v -11.534977 480.945312 -2.798204
v -10.715332 481.378357 -2.130519
v -10.316426 478.124023 -3.864839
v -9.629066 482.953186 -3.211028
v -9.223296 482.262207 -4.592290
v -8.850686 479.585602 -3.858341
v -8.731997 484.840027 -1.458616
v -8.621346 483.760620 -2.140880
v -8.378965 480.667633 -4.536082
v -8.414512 484.528503 -2.715605
v -8.334271 483.118317 -2.048529
v -8.110945 483.804504 -3.145521
v -7.993846 480.841736 -3.747811
v -8.032258 487.228638 -0.649405
v -7.706235 483.937744 -3.818168
v -7.712984 485.080017 -3.678510
v -7.505713 486.516754 -2.692092
v -7.540229 487.807007 -0.509566
v -7.081532 484.012421 -4.654586
v -6.914957 481.844238 -3.821092
v -6.903534 483.462708 -4.082027
v -6.608634 482.510864 -4.316444
v -6.612566 483.404877 -4.656047
v -5.872456 481.930237 -3.595573
v -5.890651 483.354858 -4.885633
v -5.888433 482.807678 -4.070425
v -5.908710 484.085754 -4.962644
v -5.934760 484.933044 -4.709119
v -6.076668 488.078644 -0.737699
v -6.010310 486.731262 -2.812429
v -5.179574 483.443726 -4.633497
v -5.147428 482.568420 -4.277279
v -4.909694 483.525787 -4.041037
v -4.821455 481.919434 -3.771944
v -4.743409 484.075012 -4.618551
v -4.509959 486.595490 -2.647405
v -4.198215 485.172363 -3.626081
v -4.141176 484.039734 -3.755383
v -3.694039 480.970825 -3.670803
v -3.750125 483.924255 -3.073913
v -3.523950 483.251221 -1.967490
v -3.497710 484.657715 -2.642263
v -3.277323 480.827393 -4.442116
v -3.268130 483.902710 -2.058828
v -3.234627 484.984497 -1.376615
v -2.770484 479.784485 -3.741642
v -2.516289 482.457397 -4.475842
v -2.188765 483.168274 -3.077480
v -1.230446 478.409790 -3.708916
v -1.053640 481.644257 -1.972903
v -0.813770 482.312134 -1.382125
v -0.193310 481.266235 -2.607370
v -0.046386 480.254089 -4.161129
v 0.444817 482.820374 -0.154555
v 0.959777 479.415131 -0.612149
v 1.247916 480.806396 -0.315604
v 1.416268 479.305481 -1.509578
v 2.515538 478.049927 -2.523015
v -20.996540 478.703552 13.670296
v -20.742371 476.853394 9.713959
v -20.197586 480.872345 16.189972
v -19.896065 480.335785 13.182045
v -19.726299 478.916748 9.642090
v -19.769909 481.744080 15.492508
v -19.545830 478.065735 14.157379
v -19.280750 482.547241 16.923569
v -19.187885 480.815857 16.426422
v -18.453606 475.167114 10.190169
v -18.863605 481.494507 15.492928
v -18.241386 479.358673 10.676147
v -17.840775 476.003876 3.810316
v -17.966576 480.363800 12.678680
v -17.786949 479.826416 13.637871
v -17.633602 479.259949 7.748390
v -17.607208 480.219910 10.834877
v -17.337814 478.167816 4.023116
v -17.043968 481.044495 12.837876
v -16.909958 489.096313 8.627633
v -16.740280 480.711182 13.426567
v -16.422592 477.408142 11.726290
v -16.452511 480.527100 11.401673
v -16.144466 480.281128 12.809630
v -15.247884 474.116760 4.608254
v -15.734376 476.700867 0.996132
v -16.265850 486.414917 19.762352
v -16.094538 488.950806 8.920096
v -15.750435 479.144958 6.601298
v -15.522398 475.779816 1.041945
v -15.990858 484.260315 18.843613
v -15.673165 486.441711 6.066713
v -15.503711 488.310364 6.598664
v -15.003907 480.729126 6.677948
v -14.855618 480.041443 2.535366
v -15.077285 482.735901 13.149475
v -14.920428 480.955750 9.613977
v -15.150783 487.484497 16.830803
v -14.762565 476.735229 9.813456
v -14.533136 478.414917 2.150347
v -14.714859 481.921387 8.886398
v -14.652114 485.010193 4.466492
v -14.766499 488.199158 6.730186
v -14.383846 475.719543 6.809733
v -14.614175 481.542969 13.904192
v -14.525300 479.664062 12.495256
v -14.639456 482.244019 16.657280
v -14.205198 475.042633 0.676955
v -14.308368 482.423523 2.600960
v -14.367511 482.916992 7.022591
v -14.422103 486.086456 6.589669
v -14.372256 483.641541 14.050446
v -14.188138 486.949524 4.187149
v -14.198310 483.280243 11.712799
v -14.147304 484.813538 8.487900
v -14.149384 484.221069 11.331017
v -13.758604 475.409729 3.363086
v -14.035773 481.241699 13.692430
v -13.987965 484.617554 4.844292
v -13.601354 474.633850 5.286374
v -13.543168 474.588318 8.625612
v -14.141547 487.371887 14.146225
v -14.107324 484.343262 19.045898
v -13.883442 479.333374 14.379496
v -13.964890 487.887604 6.554811
v -13.996069 485.982422 12.289825
v -13.986279 487.269409 9.459412
v -13.890688 481.685608 17.249420
v -13.721661 480.800598 14.925241
v -13.878957 486.631165 19.005722
v -13.555747 484.390015 2.376648
v -13.738349 486.420044 11.427765
v -13.647971 482.361145 14.512719
v -13.580796 486.519592 2.960831
v -12.163633 471.782593 5.261478
v -13.478395 488.123413 3.698380
v -13.409961 484.609314 12.955549
v -13.374119 483.590271 15.342369
v -12.929580 474.925171 1.360879
v -13.018510 480.429565 -0.531068
v -13.100497 476.789551 13.527613
v -13.314898 484.788147 15.554039
v -13.280131 488.146606 13.187325
v -13.024981 485.947937 2.082001
v -13.050691 487.131165 2.371743
v -13.126090 485.527283 14.305259
v -12.648878 479.051941 -0.820545
v -12.990140 488.115936 16.252357
v -11.925842 471.494629 8.749186
v -12.694995 481.111023 17.085457
v -12.619672 488.493530 4.109466
v -12.327511 482.484711 -0.345153
v -12.439178 478.942688 16.404533
v -12.015905 474.546173 12.156954
v -12.355190 488.256104 12.620979
v -11.975728 484.200928 0.752899
v -12.058953 484.338470 18.077293
v -11.687898 485.427979 0.874398
v -11.494060 487.352661 1.317192
v -11.291779 471.798096 11.341535
v -11.621694 489.810181 8.700273
v -11.475450 486.746826 17.081223
v -11.007841 482.041992 -1.537421
v -10.977729 488.390411 1.531014
v -10.715332 481.378357 -2.130519
v -11.131122 488.059631 14.922006
v -10.511003 488.568420 1.997292
v -10.355063 484.208374 -0.536695
v -10.104371 485.760132 -0.024063
v -9.954207 487.002197 0.339524
v -10.024147 490.879944 5.774436
v -9.787967 483.569458 18.418922
v -9.649629 481.108093 18.620533
v -9.529103 478.344604 18.260891
v -9.387727 486.495117 -0.225830
v -9.380936 488.029602 0.319328
v -9.210244 476.535461 16.385342
v -9.418280 486.626099 17.175377
v -9.176618 490.024353 12.079765
v -8.779170 486.034882 -0.692457
v -8.731997 484.840027 -1.458616
v -8.852307 488.120911 0.843484
v -8.621346 483.760620 -2.140880
v -9.004770 488.908691 14.948929
v -8.883410 491.330444 8.771966
v -8.483381 487.293091 -0.617866
v -8.334271 483.118317 -2.048529
v -8.464320 490.615784 3.180246
v -8.057273 487.696655 0.178322
v -8.032258 487.228638 -0.649405
v -7.540229 487.807007 -0.509566
v -7.345667 488.909119 0.905800
v -6.112735 478.175720 19.126438
v -6.076668 488.078644 -0.737699
v -6.133267 489.104279 1.249645
v -6.224154 491.215515 3.623001
v -6.194697 481.101196 19.467197
v -6.286789 492.277710 5.950578
v -6.263476 484.075928 18.837246
v -6.322791 492.007507 8.839935
v -6.336407 490.866974 11.762148
v -6.318532 486.908630 17.537407
v -6.341827 489.180725 15.096178
v -4.902582 488.973328 0.942240
v -4.608313 487.884064 -0.465833
v -4.509959 486.595490 -2.647405
v -4.082643 487.332458 -0.590490
v -4.106920 487.800415 0.237254
v -3.943383 490.734619 3.247683
v -3.636665 487.420441 -0.545568
v -3.729265 491.465942 8.848848
v -3.355443 488.265381 0.925479
v -3.234627 484.984497 -1.376615
v -3.273124 486.179565 -0.610326
v -2.807361 488.202393 0.417390
v -2.703755 486.670776 -0.126119
v -2.477602 491.078247 5.887010
v -2.181786 487.206421 0.455470
v -1.955833 485.974243 0.097491
v -1.608832 484.438232 -0.406225
v -1.757667 488.798462 2.127863
v -1.268544 488.645569 1.675845
v -0.813770 482.312134 -1.382125
v -0.692288 487.636536 1.478320
v -0.384536 485.725037 1.043009
v -0.029173 484.514893 0.931101
v 0.444817 482.820374 -0.154555
v 0.288131 488.832764 4.302011
v 0.841699 487.496277 2.578974
v 0.886809 486.313538 2.289523
v 1.176977 488.508545 3.916994
v 1.385396 486.912903 3.184084
v 1.489632 484.785461 2.601079
v 1.589823 488.296387 6.786838
v 1.932500 487.373169 4.427623
v 2.368381 488.649475 6.985788
v 3.102331 488.799316 6.876208
v 3.385457 486.942627 6.351011
v 3.589255 489.468109 9.213725
v 4.404261 489.656494 8.945577
v -17.337814 478.167816 4.023116
v -16.648813 476.337189 0.817053
v -16.319359 475.665833 0.553261
v -15.734376 476.700867 0.996132
v -15.522398 475.779816 1.041945
v -14.689609 478.330444 0.497177
v -14.557888 474.742004 -0.305017
v -14.541578 477.617523 -0.503880
v -14.533136 478.414917 2.150347
v -14.205198 475.042633 0.676955
v -12.648878 479.051941 -0.820545
v 2.679740 475.473236 0.929453
v 2.785625 478.871155 2.414194
v 2.914940 478.080811 -0.240339
v 3.076955 475.187439 -0.039498
v 2.995469 478.798279 0.765002
v 3.944682 476.288788 1.331120
v 4.109067 477.225281 1.294608
v 4.760723 476.217346 0.866874
v 5.046124 476.914032 1.144830
v 5.542572 478.766479 4.369982
v -13.100497 476.789551 13.527613
v -12.015905 474.546173 12.156954
v -11.291779 471.798096 11.341535
v -9.529103 478.344604 18.260891
v -9.210244 476.535461 16.385342
v -8.957416 474.506287 14.744768
v -9.477226 472.083557 13.171888
v -6.112735 478.175720 19.126438
v -6.081834 474.430695 15.638288
v -6.841016 472.447266 13.691457
v -6.033796 476.279175 17.176052
v -6.194697 481.101196 19.467197
v -6.263476 484.075928 18.837246
v -6.336407 490.866974 11.762148
v -6.318532 486.908630 17.537407
v -6.341827 489.180725 15.096178
v -3.729265 491.465942 8.848848
v -3.665067 489.049011 15.028582
v -3.466599 490.174438 12.164948
v -3.976265 472.660706 13.680786
v -3.155237 474.696869 14.884820
v -3.198813 486.789551 17.268154
v -2.853035 476.702515 16.480167
v -2.685666 478.524475 18.362980
v -2.721197 481.290161 18.723881
v -2.706356 483.755585 18.524563
v -2.477602 491.078247 5.887010
v -1.497207 488.312805 15.065715
v -1.148931 487.018219 17.235264
v -0.914004 490.091553 8.859996
v -1.400328 473.139923 11.917846
v -0.469713 484.643066 18.250172
v -0.029173 484.514893 0.931101
v -0.217102 488.575073 12.802042
v -0.064459 475.126587 12.475325
v 0.243027 479.275940 16.593716
v 0.444817 482.820374 -0.154555
v 0.288131 488.832764 4.302011
v 0.364211 481.454224 17.280270
v -0.210070 473.014130 9.364127
v 0.315810 488.465637 16.450848
v 0.645483 485.889221 14.510692
v 0.695019 488.513916 13.395792
v 0.835541 485.160034 15.765118
v 1.101956 477.162842 13.739468
v 1.247916 480.806396 -0.315604
v 1.392196 475.294128 1.576211
v 0.963863 483.967102 15.556248
v 1.017274 484.988464 13.170764
v 0.735470 473.126923 5.643609
v 1.385396 486.912903 3.184084
v 1.326493 482.754639 14.736095
v 1.295513 486.815125 11.652027
v 1.489632 484.785461 2.601079
v 1.198902 487.027405 19.230640
v 1.469698 481.199829 15.151852
v 1.522666 482.090637 17.479343
v 1.557059 487.677917 9.691273
v 1.550048 486.390991 12.521732
v 1.589823 488.296387 6.786838
v 1.724499 479.743591 14.612324
v 1.545799 484.754639 19.279400
v 1.566966 487.784668 14.380550
v 1.631456 475.363708 9.213534
v 1.814191 474.976929 5.943259
v 1.835562 485.033386 5.080334
v 1.796821 481.657776 13.928608
v 2.134395 475.793579 3.626191
v 1.824160 484.640808 11.569302
v 1.875711 485.234619 8.726918
v 1.911018 483.703613 11.953098
v 1.932500 487.373169 4.427623
v 1.996000 484.071716 14.294613
v 2.139744 486.521698 6.836726
v 2.238781 483.353424 7.270307
v 2.337461 482.860962 2.849270
v 2.679740 475.473236 0.929453
v 2.258396 482.688080 16.909344
v 2.403984 480.108948 12.747791
v 2.352033 481.988892 14.157276
v 2.631017 476.150146 7.083654
v 2.489141 485.460663 4.722188
v 2.582228 482.375916 9.144421
v 2.785625 478.871155 2.414194
v 2.874160 477.198547 10.077037
v 2.488427 487.948059 17.093929
v 2.816446 481.421875 9.878559
v 2.774150 483.205048 13.415768
v 3.010710 480.511169 2.804281
v 2.999180 481.202271 6.946507
v 3.385457 486.942627 6.351011
v 3.436281 484.770874 19.133411
v 3.944682 476.288788 1.331120
v 3.829823 479.659485 6.893376
v 3.589255 489.468109 9.213725
v 3.570243 486.936218 20.058247
v 4.109067 477.225281 1.294608
v 3.906994 475.023499 4.944193
v 3.978420 480.809937 13.109806
v 4.314957 481.072876 11.711460
v 4.439195 477.956421 12.037490
v 4.532177 481.270203 13.743893
v 4.835353 481.619507 13.164249
v 5.542572 478.766479 4.369982
v 5.500571 480.827209 11.179577
v 5.669279 479.872192 8.096180
v 5.617096 480.441467 13.986988
v 5.796767 480.988312 13.033154
v 6.164908 476.627502 4.176247
v 6.183551 480.000549 11.040494
v 6.548902 482.162354 15.872013
v 6.461397 476.163574 10.895408
v 6.880404 481.500916 16.815281
v 6.867361 483.234436 17.313625
v 7.449738 478.775208 14.560073
v 7.440451 482.459167 15.898403
v 7.719780 479.638062 10.051504
v 7.709205 481.061279 13.593832
v 7.892342 481.610535 16.608990
v 8.840211 477.630798 10.155249
v 8.878831 479.488708 14.115950
v -12.929580 474.925171 1.360879
v -12.573817 473.854187 1.820804
v -12.188074 475.003021 -0.648141
v -11.230800 475.976807 -2.077080
v -10.211290 477.744568 -3.102611
v -9.882343 476.457886 -3.718556
v -8.823585 477.978394 -4.452206
v -8.850686 479.585602 -3.858341
v -8.296568 479.080322 -4.370512
v -8.219292 479.811218 -4.020742
v -7.653519 479.469055 -4.279433
v -7.780447 479.036499 -5.030721
v -7.799522 479.410522 -4.349447
v -7.649284 477.918152 -5.008295
v -7.610301 479.557190 -4.843060
v -7.092525 479.148682 -5.626951
v -7.012883 479.788513 -5.215192
v -5.743275 477.917480 -5.203031
v -5.769817 479.241272 -5.761434
v -8.219292 479.811218 -4.020742
v -7.653519 479.469055 -4.279433
v -7.671080 480.636536 -4.055195
v -4.698272 479.859253 -4.722288
v -4.574102 479.852783 -5.178838
v -4.066411 479.598511 -4.417471
v -3.976685 479.652924 -4.788908
v -3.794801 479.516357 -4.289504
v -3.810981 480.064819 -3.926280
v -3.410195 480.043518 -3.876225
v -3.283919 479.305725 -4.238508
v -7.799522 479.410522 -4.349447
v -7.610301 479.557190 -4.843060
v -7.528913 479.506653 -4.469556
v -7.012883 479.788513 -5.215192
v -6.902880 479.801147 -4.755140
v -5.743275 477.917480 -5.203031
v -5.769817 479.241272 -5.761434
v -5.792532 479.863342 -5.336790
v -5.799686 479.892212 -4.907682
v -4.698272 479.859253 -4.722288
v -4.574102 479.852783 -5.178838
v -4.448668 479.218445 -5.587481
v -3.976685 479.652924 -4.788908
v -3.846584 478.018372 -4.951565
v -3.785679 477.070007 -5.911640
v -3.775095 479.178223 -4.950846
v -3.410195 480.043518 -3.876225
v -3.283919 479.305725 -4.238508
v -2.770484 479.784485 -3.741642
v -2.694088 478.139832 -4.360835
v -4.832880 478.775269 -4.653314
v -4.817513 477.754883 -3.357915
v -4.052238 477.711609 -3.047616
v -4.066411 479.598511 -4.417471
v -3.951370 478.758911 -4.210820
v -3.794801 479.516357 -4.289504
v -3.783574 478.913208 -2.169700
v -6.713969 477.714111 -3.382151
v -6.713758 478.732849 -4.677560
v -5.766387 477.766235 -3.382211
v -5.779391 477.348572 -1.765726
v -5.773166 478.764740 -4.694761
v -5.799686 479.892212 -4.907682
v -5.766387 477.766235 -3.382211
v -5.779391 477.348572 -1.765726
v -5.773166 478.764740 -4.694761
v -5.799686 479.892212 -4.907682
v -4.832880 478.775269 -4.653314
v -4.817513 477.754883 -3.357915
v -4.698272 479.859253 -4.722288
v -4.066411 479.598511 -4.417471
v -4.817513 477.754883 -3.357915
v -4.827696 477.397156 -1.725659
v -4.052238 477.711609 -3.047616
v -7.826588 479.078125 -3.903792
v -7.653519 479.469055 -4.279433
v -7.799522 479.410522 -4.349447
v -7.706079 480.405640 -3.229325
v -7.826588 479.078125 -3.903792
v -7.839324 478.741089 -2.271475
v -7.799522 479.410522 -4.349447
v -7.605731 478.662659 -4.265287
v -7.528913 479.506653 -4.469556
v -7.484988 477.635925 -3.092205
v -7.605731 478.662659 -4.265287
v -7.528913 479.506653 -4.469556
v -7.484988 477.635925 -3.092205
v -6.902880 479.801147 -4.755140
v -6.733078 477.346985 -1.754078
v -6.713969 477.714111 -3.382151
v -6.713758 478.732849 -4.677560
v -5.799686 479.892212 -4.907682
v -14.557888 474.742004 -0.305017
v -14.205198 475.042633 0.676955
v -12.377123 475.732544 -2.423141
v -12.188074 475.003021 -0.648141
v -11.230800 475.976807 -2.077080
v -14.205198 475.042633 0.676955
v -12.929580 474.925171 1.360879
v -12.188074 475.003021 -0.648141
v -12.377123 475.732544 -2.423141
v -11.230800 475.976807 -2.077080
v -10.316426 478.124023 -3.864839
v -10.211290 477.744568 -3.102611
v -8.850686 479.585602 -3.858341
v -0.606349 474.288330 -2.606276
v -0.326795 473.500488 -0.374461
v -0.257458 476.291138 -1.908201
v 0.706757 475.370941 -0.456518
v 1.269866 474.342102 2.158988
v 1.392196 475.294128 1.576211
v -0.241974 470.949432 1.918561
v -0.326795 473.500488 -0.374461
v 1.269866 474.342102 2.158988
v -2.770484 479.784485 -3.741642
v -1.337387 477.997192 -2.961401
v -1.230446 478.409790 -3.708916
v -0.257458 476.291138 -1.908201
v -3.951370 478.758911 -4.210820
v -3.794801 479.516357 -4.289504
v -3.784880 479.784119 -3.453001
v -1.230446 478.409790 -3.708916
v -0.257458 476.291138 -1.908201
v 0.706757 475.370941 -0.456518
v 0.910474 476.091614 -2.223900
v -10.850310 473.266083 -0.728178
v -10.757095 474.019836 -2.757383
v -9.882343 476.457886 -3.718556
v -9.781050 474.510010 -4.642950
v -9.496857 472.605286 -3.480785
v -9.359425 473.368835 -4.992643
v -8.358211 470.204651 -1.065070
v -8.823585 477.978394 -4.452206
v -7.636014 472.784424 -5.977314
v -7.651576 475.588379 -6.896864
v -7.509872 471.923492 -4.951487
v -7.631577 476.968689 -5.968961
v -7.649284 477.918152 -5.008295
v -6.665211 469.800903 -2.226799
v -7.317087 474.214172 -6.918163
v -5.511607 471.713318 -5.346468
v -5.588405 472.680511 -6.338779
v -5.617683 474.082886 -6.852596
v -5.657063 475.614563 -6.917392
v -5.702600 476.933014 -6.192121
v -5.743275 477.917480 -5.203031
v -4.904482 469.745697 -2.252214
v -3.926350 474.303467 -6.867626
v -3.095346 469.754913 -1.566454
v -3.785679 477.070007 -5.911640
v -3.623013 472.023895 -4.883638
v -3.665432 475.693359 -6.837451
v -3.560776 472.891785 -5.916576
v -2.770484 479.784485 -3.741642
v -2.694088 478.139832 -4.360835
v -1.502540 470.025635 0.145773
v -1.900604 473.565308 -4.881473
v -1.768264 472.808899 -3.365596
v -1.550227 474.726807 -4.520275
v -1.579146 476.676575 -3.594794
v -1.337387 477.997192 -2.961401
v -0.606349 474.288330 -2.606276
v -0.326795 473.500488 -0.374461
v -0.257458 476.291138 -1.908201
v 0.706757 475.370941 -0.456518
v 0.910474 476.091614 -2.223900
v 1.392196 475.294128 1.576211
v 2.679740 475.473236 0.929453
v 3.076955 475.187439 -0.039498
v -12.573817 473.854187 1.820804
v -12.188074 475.003021 -0.648141
v -11.230800 475.976807 -2.077080
v -10.850310 473.266083 -0.728178
v -9.961565 470.616882 0.553722
v -10.757095 474.019836 -2.757383
v -9.882343 476.457886 -3.718556
v -9.781050 474.510010 -4.642950
v -3.794801 479.516357 -4.289504
v -3.810981 480.064819 -3.926280
v -3.784880 479.784119 -3.453001
v -34.614777 466.528015 13.347985
v -26.664768 465.620667 15.131870
v -31.301447 462.229279 13.278584
v -26.664768 465.620667 15.131870
v -31.301447 462.229279 13.278584
v -21.649658 461.567261 18.730743
v -28.033852 458.024811 14.744472
v -15.560843 461.225037 17.349894
v -21.064369 458.555267 16.127586
v -14.550245 467.293091 12.706173
v -30.549858 467.392029 16.599382
v -20.914398 468.966766 17.003197
v -26.664768 465.620667 15.131870
v -16.786972 473.024445 16.655094
v -14.373908 476.140869 12.164211
v -14.798095 475.178040 4.171256
v -13.422461 470.209290 13.636923
v -10.428312 473.817505 8.987933
v -10.978037 472.921509 -3.377629
v -9.844620 469.356140 -14.102485
v -17.290703 466.207397 17.080568
v -13.422461 470.209290 13.636923
v -10.428312 473.817505 8.987933
v -10.978037 472.921509 -3.377629
v -9.844620 469.356140 -14.102485
v -12.626431 466.838379 11.423944
v -10.363872 468.041748 6.798686
v -13.847713 464.643860 11.773904
v -6.563323 467.354675 -5.387727
v -16.786972 473.024445 16.655094
v -20.914398 468.966766 17.003197
v -26.664768 465.620667 15.131870
v -17.290703 466.207397 17.080568
v -13.422461 470.209290 13.636923
v -21.649658 461.567261 18.730743
v -15.560843 461.225037 17.349894
v -13.847713 464.643860 11.773904
v -14.550245 467.293091 12.706173
v -19.876488 473.418457 21.155704
v -16.108675 479.132050 18.662003
v -16.786972 473.024445 16.655094
v -14.373908 476.140869 12.164211
v -31.301447 462.229279 13.278584
v -34.739723 459.399353 10.410834
v -28.033852 458.024811 14.744472
v -31.605560 454.738403 11.653319
v -21.064369 458.555267 16.127586
v -25.580446 454.257507 15.478117
v -18.653048 458.666809 17.191458
v -34.614777 466.528015 13.347985
v -38.243973 463.297424 11.150896
v -31.301447 462.229279 13.278584
v -38.567322 461.325653 5.688612
v -34.739723 459.399353 10.410834
v -36.650928 456.995178 8.875248
v -19.768019 481.930847 22.859623
v -16.108675 479.132050 18.662003
v -14.373908 476.140869 12.164211
v -14.798095 475.178040 4.171256
v -12.626431 466.838379 11.423944
v -10.363872 468.041748 6.798686
v -13.847713 464.643860 11.773904
v -10.120854 463.226501 8.078109
v -6.563323 467.354675 -5.387727
v -11.584753 464.800720 6.831406
v -6.893627 464.398285 -1.532215
v -10.120854 463.226501 8.078109
v -11.584753 464.800720 6.831406
v -6.893627 464.398285 -1.532215
v -7.834687 464.776123 0.847726
v -9.471375 466.644043 1.999875
v -7.053440 463.030640 -3.386889
v -34.739723 459.399353 10.410834
v -36.650928 456.995178 8.875248
v -31.605560 454.738403 11.653319
v -32.857540 450.483459 10.519767
v -31.605560 454.738403 11.653319
v -25.580446 454.257507 15.478117
v -28.402443 451.023590 14.165458
v -45.964554 496.962524 50.336235
v -50.109383 495.351898 43.910324
v -40.596764 492.683411 47.204563
v -44.044582 490.269287 40.978634
v -52.296814 494.097229 38.813046
v -34.845436 493.191956 43.365768
v -46.224724 490.458649 36.168255
v -53.044487 493.912994 34.047321
v -36.546860 493.022522 38.127762
v -32.271183 498.095825 40.799225
v -33.807182 498.539307 36.771709
v -30.499680 503.965607 38.512905
v -32.553024 505.222626 33.547356
v -42.429302 503.277893 55.795265
v -41.759315 508.856628 54.340527
v -47.613232 503.844910 50.757923
v -46.314522 508.385620 49.893410
v -52.247379 501.333038 44.439743
v -44.155914 512.144653 47.584270
v -51.859070 506.228760 43.945351
v -53.757122 500.105927 39.917751
v -53.297791 505.757751 40.875660
v -49.606400 511.252960 42.534458
v -56.164925 502.826660 37.868095
v -58.045025 505.519775 37.383076
v -51.605148 510.521820 40.421986
v -54.850117 511.415833 39.048141
v -56.755424 497.081543 31.718433
v -42.429302 503.277893 55.795265
v -45.964554 496.962524 50.336235
v -47.613232 503.844910 50.757923
v -50.109383 495.351898 43.910324
v -52.247379 501.333038 44.439743
v -53.757122 500.105927 39.917751
v -52.296814 494.097229 38.813046
v -56.755424 497.081543 31.718433
v -53.044487 493.912994 34.047321
v -56.164925 502.826660 37.868095
v -58.045025 505.519775 37.383076
v -54.850117 511.415833 39.048141
v -56.755424 497.081543 31.718433
v -60.168850 506.758972 32.001812
v -57.850906 498.582428 29.709625
v -59.749432 500.645142 29.160173
v -58.883743 509.917297 32.797318
v -60.330917 504.328308 28.413574
v -59.337040 507.352234 27.205803
v -57.794037 510.956726 28.486153
v -57.655857 509.080231 25.024162
v -53.767532 511.523346 24.303398
v -47.140602 491.354370 34.663773
v -39.272491 493.155518 33.689526
v -40.003204 494.801422 33.461895
v -36.692291 499.218597 32.647972
v -37.094833 500.583191 32.523441
v -36.935173 505.757019 29.804193
v -30.499680 503.965607 38.512905
v -32.234657 511.054382 38.965420
v -32.553024 505.222626 33.547356
v -36.183388 512.549255 33.080147
v -39.580837 511.880005 29.781704
v -36.935173 505.757019 29.804193
v -42.166637 509.481293 25.495028
v -36.835796 514.360168 41.292336
v -32.234657 511.054382 38.965420
v -41.397770 514.751038 36.008129
v -44.518562 513.707458 33.277210
v -49.183350 514.409241 31.953527
v -53.767532 511.523346 24.303398
v -36.183388 512.549255 33.080147
v -50.411057 511.773560 24.806963
v -39.580837 511.880005 29.781704
v -48.268509 512.030640 24.252050
v -42.166637 509.481293 25.495028
v -40.723789 514.289429 44.434654
v -54.850117 511.415833 39.048141
v -36.835796 514.360168 41.292336
v -45.663723 514.672852 38.694588
v -48.050316 513.727417 36.668289
v -57.794037 510.956726 28.486153
v -53.433155 513.941162 33.253151
v -41.397770 514.751038 36.008129
v -44.518562 513.707458 33.277210
v -49.183350 514.409241 31.953527
v -53.767532 511.523346 24.303398
v -44.044582 490.269287 40.978634
v -46.224724 490.458649 36.168255
v -53.044487 493.912994 34.047321
v -36.546860 493.022522 38.127762
v -47.140602 491.354370 34.663773
v -33.807182 498.539307 36.771709
v -39.272491 493.155518 33.689526
v -36.692291 499.218597 32.647972
v -32.553024 505.222626 33.547356
v -36.935173 505.757019 29.804193
v -44.155914 512.144653 47.584270
v -49.606400 511.252960 42.534458
v -40.723789 514.289429 44.434654
v -51.605148 510.521820 40.421986
v -54.850117 511.415833 39.048141
v -45.663723 514.672852 38.694588
v -48.050316 513.727417 36.668289
v -53.433155 513.941162 33.253151
v -20.997368 345.032135 -64.665855
v -20.152689 347.804199 -61.331444
v -17.814610 347.899139 -66.138046
v -9.289732 345.366577 -64.331207
v -9.145417 344.712952 -60.032211
v -8.144670 342.799713 -63.119820
v -8.136027 344.632751 -59.743546
v -7.139602 342.782867 -62.963680
v -7.998437 342.579895 -58.349106
v -7.006806 340.851288 -61.950386
v -8.622905 347.160858 -56.238007
v -10.118574 351.622528 -50.553757
v -8.636367 345.232758 -54.808262
v -8.364215 343.924316 -54.284767
v -9.149783 351.623779 -49.534210
v -8.535162 345.980286 -48.124718
v -20.152689 347.804199 -61.331444
v -17.814610 347.899139 -66.138046
v -19.710142 351.630737 -56.767570
v -17.853991 351.954346 -62.101692
v -19.958691 358.170807 -52.771622
v -18.763340 356.737793 -58.765274
v -14.796931 348.676270 -66.686684
v -15.010451 352.420746 -63.753685
v -16.429436 358.313934 -61.224396
v -11.148791 347.915924 -65.873093
v -11.410923 352.130798 -61.917992
v -9.289732 345.366577 -64.331207
v -11.393515 356.868835 -58.926430
v -9.510365 348.143799 -61.369804
v -9.145417 344.712952 -60.032211
v -10.014345 351.680237 -57.388542
v -9.653170 347.326447 -56.559971
v -8.136027 344.632751 -59.743546
v -10.490780 358.953979 -53.064373
v -8.622905 347.160858 -56.238007
v -10.118574 351.622528 -50.553757
v -10.074860 355.034393 -51.016350
v -19.958691 358.170807 -52.771622
v -18.763340 356.737793 -58.765274
v -20.834038 365.556641 -56.517132
v -11.393515 356.868835 -58.926430
v -12.938066 366.302307 -58.840282
v -10.490780 358.953979 -53.064373
v -19.153913 346.450714 -45.546417
v -18.484766 352.486694 -45.965286
v -15.331022 347.150146 -43.338921
v -15.174145 352.789642 -46.015709
v -15.301727 352.857544 -44.445641
v -12.705879 352.657410 -46.771084
v -11.868917 352.556915 -45.430973
v -10.118574 351.622528 -50.553757
v -10.074860 355.034393 -51.016350
v -10.651917 346.914185 -44.917728
v -9.149783 351.623779 -49.534210
v -8.535162 345.980286 -48.124718
v -22.741890 340.363129 -62.260643
v -21.318214 342.428253 -58.430016
v -20.282188 343.486298 -54.189457
v -19.930519 344.910828 -55.392040
v -20.860857 345.459137 -48.604477
v -19.153913 346.450714 -45.546417
v -15.331022 347.150146 -43.338921
v -7.998437 342.579895 -58.349106
v -7.006806 340.851288 -61.950386
v -8.636367 345.232758 -54.808262
v -8.364215 343.924316 -54.284767
v -10.651917 346.914185 -44.917728
v -8.535162 345.980286 -48.124718
v -20.282188 343.486298 -54.189457
v -19.930519 344.910828 -55.392040
v -20.860857 345.459137 -48.604477
v -20.663307 350.817688 -51.006863
v -19.153913 346.450714 -45.546417
v -18.484766 352.486694 -45.965286
v -17.702915 355.861176 -47.512508
v -17.413908 352.607849 -47.058243
v -15.174145 352.789642 -46.015709
v -12.559216 359.376190 -50.254936
v -13.241056 356.074402 -47.357136
v -12.705879 352.657410 -46.771084
v -10.490780 358.953979 -53.064373
v -10.074860 355.034393 -51.016350
v -22.741890 340.363129 -62.260643
v -22.471195 342.271057 -63.317436
v -21.601807 342.463837 -63.538223
v -20.997368 345.032135 -64.665855
v -21.318214 342.428253 -58.430016
v -21.166824 344.325012 -59.538120
v -20.330067 344.541565 -59.904442
v -20.152689 347.804199 -61.331444
v -19.930519 344.910828 -55.392040
v -19.935556 347.151550 -55.902962
v -19.710142 351.630737 -56.767570
v -20.663307 350.817688 -51.006863
v -19.176352 347.284393 -56.305077
v -20.202164 354.189728 -52.010818
v -19.958691 358.170807 -52.771622
v -19.518074 350.959930 -51.201096
v -19.736057 365.322693 -51.123314
v -17.155083 359.315552 -49.747116
v -17.702915 355.861176 -47.512508
v -17.413908 352.607849 -47.058243
v -12.559216 359.376190 -50.254936
v -13.241056 356.074402 -47.357136
v -30.519478 508.199127 74.613525
v -33.345890 508.560760 74.486061
v -33.464970 506.868103 72.816231
v -36.801296 514.587646 69.564423
v -38.563808 513.883972 70.480598
v -36.804485 513.371460 69.934029
v -37.953064 513.171387 71.180687
v -37.584660 513.163513 69.699615
v -35.270767 515.285828 75.406342
v -33.220798 513.826965 77.676659
v -35.625740 515.026306 77.170715
v -32.888824 513.747009 72.868912
v -33.758640 513.770691 72.420540
v -33.540802 511.313232 74.185692
v -27.303398 508.195526 74.545357
v -29.986015 508.224152 74.649315
v -30.519478 508.199127 74.613525
v -27.148991 507.400757 72.357994
v -29.934044 506.935669 72.804382
v -33.464970 506.868103 72.816231
v -36.695271 504.810913 69.946548
v -32.962540 504.595215 68.690285
v -36.804108 502.161133 68.230820
v -40.313278 500.160767 66.660439
v -32.757732 514.536865 76.572433
v -32.359936 514.495850 72.563965
v -32.888824 513.747009 72.868912
v -30.793945 514.374634 76.766159
v -30.135471 514.374512 72.865005
v -32.359936 514.495850 72.563965
v -29.636433 513.353516 73.281502
v -33.890873 504.381165 58.360306
v -33.946255 503.318176 57.939957
v -31.878445 500.306213 56.310646
v -32.310638 502.534973 57.878498
v -25.781357 506.913513 61.502537
v -28.392803 509.392487 58.569000
v -27.371593 505.651855 60.474457
v -27.971363 507.569855 57.635902
v -27.371593 505.651855 60.474457
v -28.990372 504.290466 59.644630
v -27.945019 505.629761 56.272663
v -36.768627 508.106018 73.801201
v -38.160336 507.961914 73.809967
v -33.464970 506.868103 72.816231
v -40.711899 507.890564 72.372459
v -36.941380 506.536835 72.292053
v -36.695271 504.810913 69.946548
v -26.441792 505.530762 68.428543
v -29.359001 504.453735 68.449371
v -25.781357 506.913513 61.502537
v -27.371593 505.651855 60.474457
v -31.144291 502.896729 63.564747
v -28.990372 504.290466 59.644630
v -35.420483 501.727600 65.529106
v -31.112469 503.364716 59.072346
v -28.804199 503.044006 56.102352
v -24.840511 507.723480 68.602791
v -27.148991 507.400757 72.357994
v -29.934044 506.935669 72.804382
v -26.441792 505.530762 68.428543
v -29.359001 504.453735 68.449371
v -25.781357 506.913513 61.502537
v -32.962540 504.595215 68.690285
v -36.804108 502.161133 68.230820
v -31.144291 502.896729 63.564747
v -35.420483 501.727600 65.529106
v -33.345890 508.560760 74.486061
v -34.176552 508.722076 74.601120
v -36.768627 508.106018 73.801201
v -33.464970 506.868103 72.816231
v -36.801296 514.587646 69.564423
v -38.143978 514.268311 69.164429
v -38.563808 513.883972 70.480598
v -36.899109 513.977417 65.312180
v -37.584660 513.163513 69.699615
v -40.772247 513.030762 69.871704
v -40.873833 512.785706 68.623024
v -40.905594 511.792358 70.281364
v -32.126537 507.658203 59.856377
v -33.821136 504.846405 59.014214
v -35.208950 506.831116 58.720749
v -38.009941 508.612885 61.293655
v -33.890873 504.381165 58.360306
v -40.813881 505.350555 60.172153
v -33.946255 503.318176 57.939957
v -32.310638 502.534973 57.878498
v -38.009941 508.612885 61.293655
v -42.898483 503.526733 61.971138
v -40.813881 505.350555 60.172153
v -41.604095 508.599335 69.431656
v -42.231022 507.381775 68.029236
v -40.571140 505.801697 70.083466
v -43.576775 504.306061 64.829231
v -42.049259 503.659485 67.567482
v -41.604095 508.599335 69.431656
v -40.711899 507.890564 72.372459
v -36.941380 506.536835 72.292053
v -40.571140 505.801697 70.083466
v -36.695271 504.810913 69.946548
v -42.049259 503.659485 67.567482
v -40.313278 500.160767 66.660439
v -33.540802 511.313232 74.185692
v -33.394821 510.040710 77.735237
v -33.345890 508.560760 74.486061
v -25.705658 511.456085 71.221191
v -25.366295 510.866791 68.444366
v -25.616310 509.406097 73.685738
v -25.407055 508.949890 71.633835
v -25.552322 510.370117 64.270966
v -24.840511 507.723480 68.602791
v -27.820499 509.868317 61.002522
v -29.927795 510.100342 59.276844
v -25.781357 506.913513 61.502537
v -28.392803 509.392487 58.569000
v -29.636433 513.353516 73.281502
v -28.946533 512.973267 73.511276
v -29.652668 510.897095 74.361267
v -26.003815 512.738098 73.484474
v -25.657055 512.893311 70.866249
v -25.936283 511.625061 73.652229
v -25.282303 512.480957 67.950218
v -25.705658 511.456085 71.221191
v -25.858624 511.865356 63.914444
v -25.366295 510.866791 68.444366
v -25.616310 509.406097 73.685738
v -27.524624 511.058197 61.540470
v -25.552322 510.370117 64.270966
v -32.676365 508.353607 59.769077
v -32.126537 507.658203 59.856377
v -27.820499 509.868317 61.002522
v -37.596272 511.316772 73.516495
v -36.768627 508.106018 73.801201
v -38.160336 507.961914 73.809967
v -28.685486 514.644043 71.303040
v -28.472244 513.888428 73.238441
v -26.003815 512.738098 73.484474
v -28.694126 514.491333 66.894302
v -25.657055 512.893311 70.866249
v -25.282303 512.480957 67.950218
v -25.858624 511.865356 63.914444
v -31.621746 512.019958 62.545483
v -27.524624 511.058197 61.540470
v -31.912838 508.984863 60.314819
v -32.126537 507.658203 59.856377
v -25.616310 509.406097 73.685738
v -25.407055 508.949890 71.633835
v -24.840511 507.723480 68.602791
v -27.148991 507.400757 72.357994
v -38.143978 514.268311 69.164429
v -36.899109 513.977417 65.312180
v -31.621746 512.019958 62.545483
v -40.873833 512.785706 68.623024
v -31.912838 508.984863 60.314819
v -40.905594 511.792358 70.281364
v -40.125927 512.203003 64.912949
v -40.777275 511.130493 68.538864
v -32.126537 507.658203 59.856377
v -40.234249 510.494568 65.792747
v -37.684357 510.016815 60.766468
v -41.604095 508.599335 69.431656
v -41.952690 508.629333 65.686333
v -35.208950 506.831116 58.720749
v -38.009941 508.612885 61.293655
v -42.231022 507.381775 68.029236
v -43.576775 504.306061 64.829231
v -41.952690 508.629333 65.686333
v -38.009941 508.612885 61.293655
v -43.576775 504.306061 64.829231
v -42.898483 503.526733 61.971138
v -28.685486 514.644043 71.303040
v -29.761791 514.867371 71.162811
v -32.295551 515.092896 70.727402
v -28.472244 513.888428 73.238441
v -28.694126 514.491333 66.894302
v -29.429604 513.502930 71.723557
v -28.938732 513.340271 71.829498
v -28.946533 512.973267 73.511276
v -32.203159 514.858826 66.412476
v -31.621746 512.019958 62.545483
v -33.540802 511.313232 74.185692
v -33.345890 508.560760 74.486061
v -34.176552 508.722076 74.601120
v -29.761791 514.867371 71.162811
v -30.135471 514.374512 72.865005
v -32.295551 515.092896 70.727402
v -35.270767 515.285828 75.406342
v -33.525692 515.121521 70.537766
v -32.359936 514.495850 72.563965
v -34.211826 514.552856 71.998436
v -37.437576 515.274475 74.872505
v -29.636433 513.353516 73.281502
v -29.429604 513.502930 71.723557
v -28.938732 513.340271 71.829498
v -28.946533 512.973267 73.511276
v -32.888824 513.747009 72.868912
v -32.203159 514.858826 66.412476
v -32.858837 513.986511 70.996353
v -33.257236 513.992004 70.937485
v -33.758640 513.770691 72.420540
v -36.801296 514.587646 69.564423
v -36.586254 514.208923 71.433334
v -36.924595 513.503296 71.669067
v -36.804485 513.371460 69.934029
v -36.899109 513.977417 65.312180
v -37.953064 513.171387 71.180687
v -31.621746 512.019958 62.545483
v -37.596272 511.316772 73.516495
v -32.310638 502.534973 57.878498
v -31.112469 503.364716 59.072346
v -29.859566 500.848358 55.517101
v -41.759315 508.856628 54.340527
v -32.750050 509.555634 51.874470
v -44.155914 512.144653 47.584270
v -40.723789 514.289429 44.434654
v -42.429302 503.277893 55.795265
v -38.066757 501.167358 53.622925
v -45.964554 496.962524 50.336235
v -36.125809 498.117249 52.115364
v -40.596764 492.683411 47.204563
v -33.640724 496.961029 50.352692
v -30.857750 498.477142 48.714855
v -28.885059 502.337006 48.415539
v -34.845436 493.191956 43.365768
v -32.271183 498.095825 40.799225
v -30.499680 503.965607 38.512905
v -32.676365 508.353607 59.769077
v -33.821136 504.846405 59.014214
v -37.479809 507.419769 57.128357
v -29.927795 510.100342 59.276844
v -36.752499 502.001465 56.477543
v -42.429302 503.277893 55.795265
v -33.900181 510.319244 55.724659
v -33.340694 502.354279 57.585648
v -38.066757 501.167358 53.622925
v -28.392803 509.392487 58.569000
v -41.759315 508.856628 54.340527
v -34.843559 498.862274 54.784042
v -31.401123 510.546082 54.562416
v -31.878445 500.306213 56.310646
v -36.125809 498.117249 52.115364
v -27.971363 507.569855 57.635902
v -32.750050 509.555634 51.874470
v -31.112469 503.364716 59.072346
v -32.434105 497.433014 52.881676
v -29.859566 500.848358 55.517101
v -27.945019 505.629761 56.272663
v -28.804199 503.044006 56.102352
v -29.593750 509.165283 52.968185
v -33.640724 496.961029 50.352692
v -30.853611 508.478668 50.356174
v -29.563408 498.746094 51.216637
v -28.346695 507.092163 50.966724
v -27.925461 502.454681 50.942459
v -30.857750 498.477142 48.714855
v -29.506229 506.448456 48.506535
v -28.885059 502.337006 48.415539
v -32.750050 509.555634 51.874470
v -30.853611 508.478668 50.356174
v -40.723789 514.289429 44.434654
v -36.835796 514.360168 41.292336
v -31.878445 500.306213 56.310646
v -32.310638 502.534973 57.878498
v -29.859566 500.848358 55.517101
v -32.676365 508.353607 59.769077
v -32.126537 507.658203 59.856377
v -33.821136 504.846405 59.014214
v -29.506229 506.448456 48.506535
v -30.499680 503.965607 38.512905
v -32.234657 511.054382 38.965420
v -30.853611 508.478668 50.356174
v -29.506229 506.448456 48.506535
v -36.835796 514.360168 41.292336
v -32.234657 511.054382 38.965420
v -33.821136 504.846405 59.014214
v -33.890873 504.381165 58.360306
v -33.340694 502.354279 57.585648
v -31.878445 500.306213 56.310646
v -29.506229 506.448456 48.506535
v -28.885059 502.337006 48.415539
v -30.499680 503.965607 38.512905
v -32.676365 508.353607 59.769077
v -27.820499 509.868317 61.002522
v -29.927795 510.100342 59.276844
v -27.371593 505.651855 60.474457
v -27.971363 507.569855 57.635902
v -27.945019 505.629761 56.272663
v -28.990372 504.290466 59.644630
v -27.945019 505.629761 56.272663
v -28.804199 503.044006 56.102352
v -9.859941 410.772125 -45.464851
v -10.024735 405.220734 -53.898724
v -7.012793 404.636230 -47.263268
v -5.805103 409.297241 -38.380394
v -4.080139 403.388733 -39.704128
v -3.195984 399.310394 -29.699718
v -25.973745 400.415405 -49.061592
v -26.231892 406.926880 -48.475571
v -24.890919 399.695465 -39.366077
v -24.953705 406.466614 -38.737232
v -22.230919 405.682709 -28.499905
v -21.849861 395.950134 -50.151623
v -21.905167 413.048218 -39.376282
v -20.721039 393.673340 -41.722443
v -17.184708 403.933655 -22.495487
v -19.343548 411.852051 -29.749464
v -14.624577 406.731049 -23.712065
v -13.320681 392.117371 -44.894505
v -16.750160 413.919678 -50.696358
v -12.186252 411.988037 -52.163296
v -9.859941 410.772125 -45.464851
v -10.024735 405.220734 -53.898724
v -22.455721 399.502106 -29.367146
v -19.320578 393.646637 -33.983871
v -18.139639 400.151855 -20.149836
v -16.668343 394.555969 -23.709461
v -17.105650 403.934418 -17.354866
v -14.901711 394.226685 -20.242908
v -13.565975 392.333527 -29.512110
v -13.462984 391.299988 -25.225323
v -12.177375 390.591431 -29.302952
v -11.242660 391.854401 -38.596531
v -9.768258 393.430756 -31.796566
v -9.225177 390.856079 -24.104454
v -8.015819 392.026825 -27.795013
v -5.832400 395.801849 -39.266235
v -5.834757 394.948914 -27.379778
v -5.975132 392.554352 -20.287941
v -22.765427 412.994415 -49.054829
v -23.241663 411.997070 -59.006413
v -16.750160 413.919678 -50.696358
v -26.231892 406.926880 -48.475571
v -25.639458 407.070221 -58.630085
v -22.765427 412.994415 -49.054829
v -24.890919 399.695465 -39.366077
v -24.953705 406.466614 -38.737232
v -22.455721 399.502106 -29.367146
v -22.230919 405.682709 -28.499905
v -20.721039 393.673340 -41.722443
v -19.320578 393.646637 -33.983871
v -18.139639 400.151855 -20.149836
v -17.184708 403.933655 -22.495487
v -13.320681 392.117371 -44.894505
v -11.242660 391.854401 -38.596531
v -5.832400 395.801849 -39.266235
v -14.901711 394.226685 -20.242908
v -13.462984 391.299988 -25.225323
v -12.177375 390.591431 -29.302952
v -10.709782 397.946777 -11.970795
v -10.493292 394.010864 -15.909134
v -9.225177 390.856079 -24.104454
v -8.015819 392.026825 -27.795013
v -5.975132 392.554352 -20.287941
v -7.076954 393.298676 -13.527006
v -25.973745 400.415405 -49.061592
v -26.231892 406.926880 -48.475571
v -26.675884 403.207336 -58.427345
v -21.849861 395.950134 -50.151623
v -26.675884 403.207336 -58.427345
v -21.849861 395.950134 -50.151623
v -22.072716 399.905884 -58.153465
v -5.805103 409.297241 -38.380394
v -3.508007 405.823547 -32.021397
v -3.195984 399.310394 -29.699718
v -4.163187 388.137238 -14.469839
v -21.849861 395.950134 -50.151623
v -22.072716 399.905884 -58.153465
v -16.414921 399.422302 -59.059273
v -15.091669 393.904510 -51.991417
v -13.320681 392.117371 -44.894505
v -9.286764 413.157959 -35.815308
v -9.859941 410.772125 -45.464851
v -5.762618 412.761566 -31.157707
v -5.805103 409.297241 -38.380394
v -3.508007 405.823547 -32.021397
v -0.779538 388.591827 -23.296989
v -16.414921 399.422302 -59.059273
v -15.091669 393.904510 -51.991417
v -13.320681 392.117371 -44.894505
v -12.444224 402.055450 -60.863651
v -9.856153 398.687958 -53.871971
v -7.302703 396.584595 -47.252686
v -5.832400 395.801849 -39.266235
v -9.856153 398.687958 -53.871971
v -10.024735 405.220734 -53.898724
v -7.302703 396.584595 -47.252686
v -7.012793 404.636230 -47.263268
v -5.832400 395.801849 -39.266235
v -5.834757 394.948914 -27.379778
v -4.080139 403.388733 -39.704128
v -3.195984 399.310394 -29.699718
v -5.834757 394.948914 -27.379778
v -3.195984 399.310394 -29.699718
v -5.486454 389.351013 -9.897828
v -26.231892 406.926880 -48.475571
v -22.765427 412.994415 -49.054829
v -21.905167 413.048218 -39.376282
v -19.343548 411.852051 -29.749464
v -14.624577 406.731049 -23.712065
v -16.750160 413.919678 -50.696358
v -15.072824 414.654083 -42.164047
v -12.680033 411.314758 -23.311829
v -12.583615 411.814240 -22.722486
v -7.569156 406.947723 -28.809237
v -12.971576 414.433746 -32.784554
v -9.267080 414.157959 -26.736973
v -8.861242 415.534241 -25.891735
v -9.286764 413.157959 -35.815308
v -9.859941 410.772125 -45.464851
v -1.347034 400.964294 -31.210564
v -5.762618 412.761566 -31.157707
v -4.214558 406.666656 -28.733543
v 1.075722 393.880127 -28.088730
v -41.584431 509.700073 71.330750
v -41.604095 508.599335 69.431656
v -40.711899 507.890564 72.372459
v -40.581894 513.141663 77.529549
v -39.806557 512.176025 77.647491
v -39.092499 512.361267 76.361717
v -39.806557 512.176025 77.647491
v -39.092499 512.361267 76.361717
v -37.596272 511.316772 73.516495
v -39.820015 510.153900 77.431808
v -39.463409 510.495544 76.426216
v -39.937328 514.303528 73.888123
v -39.875366 513.787964 75.356697
v -38.563808 513.883972 70.480598
v -37.953064 513.171387 71.180687
v -41.889023 513.648010 73.409805
v -42.291836 513.131958 74.252548
v -40.772247 513.030762 69.871704
v -42.749367 511.338684 74.742714
v -41.872524 509.860107 75.251816
v -41.584431 509.700073 71.330750
v -40.711899 507.890564 72.372459
v -39.937328 514.303528 73.888123
v -40.581894 513.141663 77.529549
v -39.875366 513.787964 75.356697
v -37.953064 513.171387 71.180687
v -39.092499 512.361267 76.361717
v -37.596272 511.316772 73.516495
v -39.463409 510.495544 76.426216
v -42.238937 509.608856 76.409744
v -41.872524 509.860107 75.251816
v -42.291836 513.131958 74.252548
v -42.749367 511.338684 74.742714
v -41.584431 509.700073 71.330750
v -37.596272 511.316772 73.516495
v -39.463409 510.495544 76.426216
v -41.872524 509.860107 75.251816
v -38.160336 507.961914 73.809967
v -40.711899 507.890564 72.372459
v -41.889023 513.648010 73.409805
v -42.291836 513.131958 74.252548
v -40.772247 513.030762 69.871704
v -40.905594 511.792358 70.281364
v -41.584431 509.700073 71.330750
v -41.604095 508.599335 69.431656
v -43.065788 510.978363 76.258018
v -42.749367 511.338684 74.742714
v -42.238937 509.608856 76.409744
v -41.872524 509.860107 75.251816
v -39.820015 510.153900 77.431808
v -39.463409 510.495544 76.426216
v -42.238937 509.608856 76.409744
v -41.154835 512.565979 79.346939
v -40.581894 513.141663 77.529549
v -40.226921 511.240387 79.202759
v -43.601246 512.097290 78.307487
v -43.862995 510.145599 81.573669
v -39.806557 512.176025 77.647491
v -43.904636 509.669861 79.481369
v -43.615597 510.596863 77.805794
v -39.875366 513.787964 75.356697
v -42.938229 512.360840 76.664017
v -42.291836 513.131958 74.252548
v -42.749367 511.338684 74.742714
v -41.154835 512.565979 79.346939
v -42.463551 510.473541 82.156845
v -40.859627 510.364136 80.722595
v -40.226921 511.240387 79.202759
v -43.862995 510.145599 81.573669
v -42.058834 509.409851 82.306168
v -43.877396 508.987244 81.564606
v -43.904636 509.669861 79.481369
v -40.581894 513.141663 77.529549
v -39.875366 513.787964 75.356697
v -43.601246 512.097290 78.307487
v -42.938229 512.360840 76.664017
v -43.615597 510.596863 77.805794
v -43.065788 510.978363 76.258018
v -42.749367 511.338684 74.742714
v -40.859627 510.364136 80.722595
v -40.226921 511.240387 79.202759
v -42.058834 509.409851 82.306168
v -39.806557 512.176025 77.647491
v -43.877396 508.987244 81.564606
v -41.886398 508.591766 81.595665
v -40.841076 508.932373 80.227829
v -40.393867 509.734955 78.767990
v -43.904636 509.669861 79.481369
v -43.615597 510.596863 77.805794
v -43.140640 508.304443 81.066940
v -39.820015 510.153900 77.431808
v -43.065788 510.978363 76.258018
v -43.017738 508.409180 79.304901
v -42.635292 509.362946 77.900459
v -42.238937 509.608856 76.409744
v -26.972973 388.322235 -53.000893
v -27.093414 392.688721 -55.342018
v -23.392326 390.987244 -46.765671
v -22.189278 384.755676 -45.551018
v -20.470863 378.819977 -46.110779
v -23.606770 396.190063 -50.229568
v -22.969446 400.053528 -53.961174
v -17.644909 373.805084 -48.000473
v -16.312534 365.570496 -49.137321
v -15.686446 379.122437 -45.901268
v -15.689544 385.619232 -44.195061
v -16.067066 392.328552 -45.231674
v -12.559216 359.376190 -50.254936
v -12.506105 366.077942 -50.590488
v -16.564842 397.984009 -49.415329
v -12.793605 374.329987 -49.156441
v -16.909985 401.099884 -53.103455
v -10.490780 358.953979 -53.064373
v -10.474364 366.329407 -54.424278
v -10.449147 378.892426 -48.742607
v -9.398728 375.078247 -56.038589
v -8.588182 385.407440 -49.136848
v -8.203906 378.664917 -56.356678
v -11.445232 399.777466 -56.741863
v -11.011166 397.819214 -60.594810
v -8.111605 391.658234 -51.037106
v -9.395295 396.926025 -53.744953
v -7.031663 383.592255 -56.618492
v -8.753118 394.073517 -60.041759
v -7.406702 389.473328 -58.467098
v -26.301392 383.124939 -51.956116
v -26.972973 388.322235 -53.000893
v -24.836678 378.590027 -51.854637
v -27.093414 392.688721 -55.342018
v -22.475819 374.001740 -51.336639
v -25.003624 382.605652 -58.637939
v -26.678951 396.105255 -58.634296
v -25.848492 388.895142 -60.503933
v -22.189278 384.755676 -45.551018
v -22.478008 374.330780 -57.177555
v -20.834038 365.556641 -56.517132
v -20.470863 378.819977 -46.110779
v -24.749500 392.963562 -63.372272
v -22.969446 400.053528 -53.961174
v -17.822321 365.928925 -60.190971
v -18.808437 374.904144 -61.708645
v -19.743259 381.721802 -62.987049
v -20.531727 387.987701 -65.139114
v -20.989891 392.384338 -67.867104
v -12.938066 366.302307 -58.840282
v -10.490780 358.953979 -53.064373
v -10.474364 366.329407 -54.424278
v -12.535001 375.507141 -59.955593
v -14.916102 392.975708 -67.257385
v -11.853189 382.714600 -62.385174
v -9.398728 375.078247 -56.038589
v -12.613074 389.182434 -64.440941
v -8.203906 378.664917 -56.356678
v -12.450305 395.574310 -65.129135
v -11.011166 397.819214 -60.594810
v -7.031663 383.592255 -56.618492
v -8.753118 394.073517 -60.041759
v -7.406702 389.473328 -58.467098
v -29.072319 397.886871 -63.742130
v -29.202499 396.867828 -66.552116
v -28.911804 403.054535 -66.257835
v -29.134609 401.600586 -68.620781
v -26.504341 390.998932 -66.166771
v -25.844151 390.063110 -63.666550
v -27.339703 395.779419 -71.681129
v -25.943504 391.854980 -69.415894
v -27.711285 399.896332 -73.514091
v -28.117016 406.669128 -72.593689
v -27.843266 408.010437 -70.607079
v -21.817898 387.357605 -67.626740
v -22.896091 391.321259 -71.420807
v -20.882015 386.592651 -65.413559
v -23.715240 395.103363 -74.348450
v -24.221977 398.993378 -76.191467
v -24.607914 403.652466 -77.101768
v -20.894855 394.004303 -65.558449
v -21.838840 400.482300 -68.046844
v -23.216019 407.130341 -72.001434
v -24.408897 409.815338 -76.624237
v -23.932697 411.335388 -75.548912
v -19.306702 391.861450 -71.604126
v -19.593636 395.510101 -74.398392
v -20.192726 399.713745 -76.047127
v -17.277641 390.916809 -69.768951
v -15.730773 391.320709 -67.716812
v -19.320354 405.939697 -75.755859
v -18.674801 407.364807 -74.056931
v -16.107830 401.503662 -73.513092
v -14.875329 396.768341 -71.424431
v -15.590852 403.075623 -71.881607
v -13.826869 397.540710 -69.422058
v -16.230206 397.428955 -70.000160
v -17.129017 402.889130 -70.353264
v -14.677589 411.374695 -60.114861
v -13.566803 403.136505 -67.728958
v -20.989891 392.384338 -67.867104
v -21.562866 397.026764 -69.807152
v -21.863586 401.767883 -70.391029
v -18.364162 413.305725 -59.824059
v -16.230206 397.428955 -70.000160
v -17.129017 402.889130 -70.353264
v -14.916102 392.975708 -67.257385
v -12.450305 395.574310 -65.129135
v -13.566803 403.136505 -67.728958
v -26.678951 396.105255 -58.634296
v -24.749500 392.963562 -63.372272
v -25.570267 397.743378 -65.409966
v -25.661211 403.109467 -66.244278
v -23.241663 411.997070 -59.006413
v -20.989891 392.384338 -67.867104
v -21.562866 397.026764 -69.807152
v -21.863586 401.767883 -70.391029
v -26.678951 396.105255 -58.634296
v -26.675884 403.207336 -58.427345
v -25.836834 403.688843 -61.110245
v -25.570267 397.743378 -65.409966
v -25.639458 407.070221 -58.630085
v -22.969446 400.053528 -53.961174
v -25.661211 403.109467 -66.244278
v -22.728989 404.272827 -57.708801
v -16.909985 401.099884 -53.103455
v -26.675884 403.207336 -58.427345
v -25.836834 403.688843 -61.110245
v -22.728989 404.272827 -57.708801
v -22.072716 399.905884 -58.153465
v -16.909985 401.099884 -53.103455
v -17.348587 405.095825 -56.840492
v -11.445232 399.777466 -56.741863
v -22.072716 399.905884 -58.153465
v -17.348587 405.095825 -56.840492
v -16.414921 399.422302 -59.059273
v -11.445232 399.777466 -56.741863
v -12.788040 403.725616 -60.795868
v -12.596251 404.007385 -63.515736
v -11.011166 397.819214 -60.594810
v -16.414921 399.422302 -59.059273
v -12.450305 395.574310 -65.129135
v -12.788040 403.725616 -60.795868
v -13.566803 403.136505 -67.728958
v -12.444224 402.055450 -60.863651
v -12.596251 404.007385 -63.515736
v -11.011166 397.819214 -60.594810
v -12.294444 406.789856 -62.991814
v -18.763340 356.737793 -58.765274
v -20.834038 365.556641 -56.517132
v -16.429436 358.313934 -61.224396
v -17.822321 365.928925 -60.190971
v -11.393515 356.868835 -58.926430
v -12.938066 366.302307 -58.840282
v -22.475819 374.001740 -51.336639
v -19.958691 358.170807 -52.771622
v -20.834038 365.556641 -56.517132
v -19.736057 365.322693 -51.123314
v -20.470863 378.819977 -46.110779
v -17.644909 373.805084 -48.000473
v -19.736057 365.322693 -51.123314
v -17.155083 359.315552 -49.747116
v -17.644909 373.805084 -48.000473
v -16.312534 365.570496 -49.137321
v -12.559216 359.376190 -50.254936
v -25.639458 407.070221 -58.630085
v -25.661211 403.109467 -66.244278
v -22.765427 412.994415 -49.054829
v -23.241663 411.997070 -59.006413
v -23.241663 411.997070 -59.006413
v -21.863586 401.767883 -70.391029
v -18.364162 413.305725 -59.824059
v -16.750160 413.919678 -50.696358
v -26.231892 406.926880 -48.475571
v -26.675884 403.207336 -58.427345
v -25.639458 407.070221 -58.630085
v -18.364162 413.305725 -59.824059
v -16.750160 413.919678 -50.696358
v -17.129017 402.889130 -70.353264
v -14.677589 411.374695 -60.114861
v -12.186252 411.988037 -52.163296
v -12.444224 402.055450 -60.863651
v -12.294444 406.789856 -62.991814
v -9.856153 398.687958 -53.871971
v -10.024735 405.220734 -53.898724
v -14.677589 411.374695 -60.114861
v -13.566803 403.136505 -67.728958
v -12.186252 411.988037 -52.163296
v -12.294444 406.789856 -62.991814
v -10.024735 405.220734 -53.898724
v -39.050182 512.353638 78.207291
v -38.710476 512.840881 76.473076
v -38.300064 510.789154 78.146210
v -37.596272 511.316772 73.516495
v -38.055367 511.337708 77.184853
v -36.768627 508.106018 73.801201
v -35.546360 512.645325 79.345543
v -34.865910 513.237854 77.651154
v -33.540802 511.313232 74.185692
v -35.494663 511.631317 77.921082
v -38.754189 513.882202 78.679420
v -38.189907 514.788147 76.337891
v -38.710476 512.840881 76.473076
v -37.596272 511.316772 73.516495
v -35.813686 511.046692 78.906174
v -35.494663 511.631317 77.921082
v -38.055367 511.337708 77.184853
v -33.540802 511.313232 74.185692
v -35.494663 511.631317 77.921082
v -38.055367 511.337708 77.184853
v -34.176552 508.722076 74.601120
v -36.768627 508.106018 73.801201
v -36.450859 514.099487 79.469101
v -35.625740 515.026306 77.170715
v -38.754189 513.882202 78.679420
v -38.189907 514.788147 76.337891
v -34.865910 513.237854 77.651154
v -39.050182 512.353638 78.207291
v -33.540802 511.313232 74.185692
v -38.710476 512.840881 76.473076
v -35.270767 515.285828 75.406342
v -35.625740 515.026306 77.170715
v -37.437576 515.274475 74.872505
v -38.189907 514.788147 76.337891
v -36.924595 513.503296 71.669067
v -37.596272 511.316772 73.516495
v -36.587799 510.680298 82.573425
v -36.023777 511.657715 80.933571
v -37.689919 509.486298 84.311844
v -35.546360 512.645325 79.345543
v -39.838539 509.262756 83.570007
v -39.867271 510.277222 81.483932
v -39.466530 511.217926 79.805244
v -37.769493 508.674286 83.266014
v -39.050182 512.353638 78.207291
v -36.789715 509.320160 81.829712
v -36.334759 510.235291 80.247231
v -39.074814 508.532776 82.845558
v -35.813686 511.046692 78.906174
v -39.085129 509.020721 81.091187
v -38.625088 509.910278 79.515572
v -38.300064 510.789154 78.146210
v -36.450859 514.099487 79.469101
v -38.754189 513.882202 78.679420
v -38.189907 514.788147 76.337891
v -35.546360 512.645325 79.345543
v -35.813686 511.046692 78.906174
v -35.494663 511.631317 77.921082
v -36.884102 513.143311 81.445656
v -36.450859 514.099487 79.469101
v -38.099037 510.715820 84.326950
v -39.338734 512.823059 80.604172
v -39.646557 510.555481 83.771408
v -38.754189 513.882202 78.679420
v -36.587799 510.680298 82.573425
v -36.023777 511.657715 80.933571
v -37.689919 509.486298 84.311844
v -35.546360 512.645325 79.345543
v -34.865910 513.237854 77.651154
v -39.838539 509.262756 83.570007
v -39.867271 510.277222 81.483932
v -39.466530 511.217926 79.805244
v -39.050182 512.353638 78.207291
v -35.813686 511.046692 78.906174
v -38.300064 510.789154 78.146210
v -38.055367 511.337708 77.184853
v -25.936283 511.625061 73.652229
v -26.176289 509.636719 77.237000
v -25.616310 509.406097 73.685738
v -25.616310 509.406097 73.685738
v -27.303398 508.195526 74.545357
v -27.148991 507.400757 72.357994
v -28.130302 513.245911 76.751091
v -26.173260 512.505859 76.831154
v -28.472244 513.888428 73.238441
v -26.096050 511.582153 77.543747
v -26.003815 512.738098 73.484474
v -25.936283 511.625061 73.652229
v -26.176289 509.636719 77.237000
v -28.130302 513.245911 76.751091
v -28.472244 513.888428 73.238441
v -28.946533 512.973267 73.511276
v -26.176289 509.636719 77.237000
v -29.652668 510.897095 74.361267
v -25.616310 509.406097 73.685738
v -29.575230 509.129608 77.374283
v -27.102070 508.408569 77.219101
v -27.303398 508.195526 74.545357
v -29.986015 508.224152 74.649315
v -28.130302 513.245911 76.751091
v -26.173260 512.505859 76.831154
v -28.648685 512.328247 77.583000
v -26.096050 511.582153 77.543747
v -28.946533 512.973267 73.511276
v -29.652668 510.897095 74.361267
v -28.648685 512.328247 77.583000
v -28.817081 511.613556 78.728210
v -29.623280 510.785217 77.192726
v -29.652668 510.897095 74.361267
v -29.691757 510.389069 78.264618
v -29.623280 510.785217 77.192726
v -29.652668 510.897095 74.361267
v -29.575230 509.129608 77.374283
v -28.648685 512.328247 77.583000
v -26.096050 511.582153 77.543747
v -26.490253 510.979797 78.532967
v -26.372803 509.445129 78.125595
v -26.176289 509.636719 77.237000
v -28.900478 510.906616 80.163788
v -26.520386 510.352936 80.010162
v -28.648685 512.328247 77.583000
v -28.817081 511.613556 78.728210
v -28.890701 508.900269 82.875587
v -27.302963 508.525269 82.711800
v -26.490253 510.979797 78.532967
v -29.316006 507.994751 82.783569
v -27.320049 507.514893 82.578949
v -29.761452 508.925262 81.099869
v -26.668625 508.150757 80.866714
v -29.807125 509.675751 79.574608
v -26.506287 508.846283 79.380424
v -29.691757 510.389069 78.264618
v -26.372803 509.445129 78.125595
v -29.623280 510.785217 77.192726
v -29.691757 510.389069 78.264618
v -26.372803 509.445129 78.125595
v -26.176289 509.636719 77.237000
v -29.700249 508.871246 78.022995
v -27.139297 508.193604 77.918762
v -29.575230 509.129608 77.374283
v -27.102070 508.408569 77.219101
v -29.316006 507.994751 82.783569
v -27.320049 507.514893 82.578949
v -29.761452 508.925262 81.099869
v -26.668625 508.150757 80.866714
v -29.807125 509.675751 79.574608
v -26.506287 508.846283 79.380424
v -29.691757 510.389069 78.264618
v -26.372803 509.445129 78.125595
v -29.095093 507.161469 82.000305
v -28.026257 506.926819 81.887497
v -29.745064 507.612915 80.575752
v -27.425533 507.093567 80.395370
v -29.657772 508.342346 79.148247
v -27.331951 507.829041 78.977341
v -29.700249 508.871246 78.022995
v -27.139297 508.193604 77.918762
v -32.757732 514.536865 76.572433
v -33.220798 513.826965 77.676659
v -32.888824 513.747009 72.868912
v -29.652668 510.897095 74.361267
v -30.871994 510.068634 78.067848
v -33.394821 510.040710 77.735237
v -29.986015 508.224152 74.649315
v -30.519478 508.199127 74.613525
v -33.345890 508.560760 74.486061
v -33.440659 513.081604 79.324738
v -34.135277 511.394592 79.000908
v -33.978710 511.649628 77.570114
v -30.793945 514.374634 76.766159
v -31.007271 513.801147 78.129776
v -31.252022 513.033203 79.677933
v -29.636433 513.353516 73.281502
v -30.223438 511.703003 78.084183
v -29.652668 510.897095 74.361267
v -30.793945 514.374634 76.766159
v -31.007271 513.801147 78.129776
v -32.757732 514.536865 76.572433
v -33.220798 513.826965 77.676659
v -32.359936 514.495850 72.563965
v -33.440659 513.081604 79.324738
v -33.978710 511.649628 77.570114
v -33.540802 511.313232 74.185692
v -31.252022 513.033203 79.677933
v -30.515495 511.393250 79.481682
v -30.223438 511.703003 78.084183
v -30.515495 511.393250 79.481682
v -30.223438 511.703003 78.084183
v -34.135277 511.394592 79.000908
v -33.978710 511.649628 77.570114
v -30.980820 509.766388 79.242149
v -29.652668 510.897095 74.361267
v -30.871994 510.068634 78.067848
v -33.540802 511.313232 74.185692
v -33.611595 509.681458 78.877655
v -33.394821 510.040710 77.735237
v -31.007271 513.801147 78.129776
v -31.252022 513.033203 79.677933
v -33.813499 512.503662 81.177414
v -33.440659 513.081604 79.324738
v -34.409420 510.819214 80.635262
v -34.135277 511.394592 79.000908
v -31.389015 512.503418 81.534325
v -31.252022 513.033203 79.677933
v -33.813499 512.503662 81.177414
v -33.877495 510.699646 84.663765
v -30.784283 510.880554 81.105492
v -30.515495 511.393250 79.481682
v -34.586319 510.194977 82.502014
v -34.409420 510.819214 80.635262
v -32.055641 509.483032 85.049980
v -31.161846 510.235382 82.932831
v -30.784283 510.880554 81.105492
v -30.515495 511.393250 79.481682
v -34.272800 509.459808 84.738411
v -34.586319 510.194977 82.502014
v -34.409420 510.819214 80.635262
v -32.396034 508.682373 84.104080
v -34.135277 511.394592 79.000908
v -33.671707 508.647339 83.937325
v -31.584324 508.800415 82.467461
v -31.337963 509.373810 80.692207
v -33.997314 508.754730 82.155441
v -30.980820 509.766388 79.242149
v -33.724987 509.319946 80.384270
v -33.611595 509.681458 78.877655
v -31.389015 512.503418 81.534325
v -32.213692 510.713684 84.904762
v -33.877495 510.699646 84.663765
v -32.055641 509.483032 85.049980
v -31.161846 510.235382 82.932831
v -30.784283 510.880554 81.105492
v -34.272800 509.459808 84.738411
v -34.586319 510.194977 82.502014
v -53.044487 493.912994 34.047321
v -47.140602 491.354370 34.663773
v -49.627632 492.389709 30.081398
v -46.434601 492.295166 33.348354
v -57.066048 507.042999 21.893604
v -53.767532 511.523346 24.303398
v -54.304054 498.947601 18.143629
v -53.113522 506.211334 18.398830
v -50.411057 511.773560 24.806963
v -51.255508 497.702515 18.601513
v -50.135109 506.526306 18.429098
v -48.268509 512.030640 24.252050
v -48.601692 501.617188 17.519901
v -48.167336 496.236298 16.982883
v -37.774277 505.367065 28.701677
v -44.710876 504.824646 18.258760
v -47.494644 494.182861 13.059686
v -41.344261 505.795898 21.747126
v -40.214508 504.664795 20.470497
v -45.798607 498.430664 12.680159
v -43.753738 503.169189 15.017155
v -33.343822 503.958618 27.359364
v -45.600220 491.954376 9.333805
v -42.424721 496.819824 8.938543
v -43.296791 486.513977 9.046390
v -39.526070 500.255920 9.938752
v -28.589094 499.220123 22.625635
v -34.445293 501.271637 15.220057
v -40.534508 491.003265 7.112975
v -38.081673 492.826050 7.472726
v -33.562778 492.007660 9.899487
v -27.699448 489.249969 13.280694
v -32.641773 454.283356 -7.765609
v -47.140602 491.354370 34.663773
v -49.627632 492.389709 30.081398
v -46.434601 492.295166 33.348354
v -47.686501 487.951965 28.125521
v -40.003204 494.801422 33.461895
v -43.277882 489.630005 32.408909
v -39.956173 486.100281 29.862692
v -36.935173 505.757019 29.804193
v -48.268509 512.030640 24.252050
v -42.166637 509.481293 25.495028
v -37.774277 505.367065 28.701677
v -44.710876 504.824646 18.258760
v -41.344261 505.795898 21.747126
v -40.003204 494.801422 33.461895
v -43.277882 489.630005 32.408909
v -37.094833 500.583191 32.523441
v -36.935173 505.757019 29.804193
v -36.022198 493.213562 34.758835
v -39.956173 486.100281 29.862692
v -38.253403 483.454468 27.965675
v -37.774277 505.367065 28.701677
v -31.880245 499.197327 34.126286
v -31.432604 489.192871 33.061356
v -30.435188 480.674469 29.415890
v -32.016365 484.388428 29.449200
v -33.343822 503.958618 27.359364
v -27.813599 487.740387 28.656004
v -26.850883 494.524780 31.005894
v -24.966049 484.753052 26.422924
v -26.114674 486.161377 26.150400
v -28.589094 499.220123 22.625635
v -24.758606 489.830872 23.731464
v -19.768019 481.930847 22.859623
v -22.100056 478.081818 10.266510
v -27.699448 489.249969 13.280694
v -24.288055 475.183838 6.233591
v -21.724548 473.655151 2.794249
v -19.339066 472.449097 1.072503
v -25.901867 463.337189 -4.975899
v -14.798095 475.178040 4.171256
v -56.755424 497.081543 31.718433
v -53.044487 493.912994 34.047321
v -49.627632 492.389709 30.081398
v -56.755424 497.081543 31.718433
v -57.850906 498.582428 29.709625
v -59.749432 500.645142 29.160173
v -60.330917 504.328308 28.413574
v -55.952591 495.533020 24.954487
v -59.337040 507.352234 27.205803
v -59.079594 502.229553 23.999170
v -49.627632 492.389709 30.081398
v -56.350143 497.194641 21.781866
v -52.425087 492.802490 25.567274
v -57.655857 509.080231 25.024162
v -57.873238 503.626160 21.944664
v -51.348534 488.165039 24.518152
v -57.066048 507.042999 21.893604
v -47.686501 487.951965 28.125521
v -52.411011 495.260010 21.713091
v -52.040466 489.581604 20.523685
v -53.767532 511.523346 24.303398
v -54.304054 498.947601 18.143629
v -51.255508 497.702515 18.601513
v -44.906258 484.492554 25.517189
v -39.956173 486.100281 29.862692
v -49.931877 491.673645 16.078369
v -48.167336 496.236298 16.982883
v -38.253403 483.454468 27.965675
v -30.435188 480.674469 29.415890
v -24.297211 478.254150 26.079069
v -19.768019 481.930847 22.859623
v -16.108675 479.132050 18.662003
v -38.253403 483.454468 27.965675
v -35.432663 480.022369 27.411320
v -30.435188 480.674469 29.415890
v -29.850883 474.329407 24.953144
v -24.297211 478.254150 26.079069
v -51.348534 488.165039 24.518152
v -52.040466 489.581604 20.523685
v -44.906258 484.492554 25.517189
v -47.985558 484.278503 19.423231
v -42.585064 482.269531 22.982338
v -38.253403 483.454468 27.965675
v -35.432663 480.022369 27.411320
v -39.553726 479.037842 23.349171
v -34.574783 472.142822 21.912331
v -29.850883 474.329407 24.953144
v -47.985558 484.278503 19.423231
v -42.585064 482.269531 22.982338
v -39.553726 479.037842 23.349171
v -44.290283 481.889099 17.467941
v -42.818306 477.558838 18.646656
v -34.574783 472.142822 21.912331
v -38.493946 471.090271 17.447498
v -44.290283 481.889099 17.467941
v -42.818306 477.558838 18.646656
v -38.493946 471.090271 17.447498
v -43.063610 477.211853 13.132750
v -40.745876 471.721313 13.865361
v -43.487873 475.411560 9.368739
v -41.857769 473.143463 10.043226
v -41.586296 471.889099 5.485411
v -52.040466 489.581604 20.523685
v -47.985558 484.278503 19.423231
v -49.931877 491.673645 16.078369
v -48.028442 487.261475 14.068054
v -44.290283 481.889099 17.467941
v -43.566322 483.421021 12.461323
v -43.063610 477.211853 13.132750
v -43.487873 475.411560 9.368739
v -42.341312 475.333038 7.475918
v -41.586296 471.889099 5.485411
v -49.931877 491.673645 16.078369
v -48.167336 496.236298 16.982883
v -48.028442 487.261475 14.068054
v -47.494644 494.182861 13.059686
v -45.600220 491.954376 9.333805
v -43.566322 483.421021 12.461323
v -43.296791 486.513977 9.046390
v -42.341312 475.333038 7.475918
v -40.534508 491.003265 7.112975
v -38.081673 492.826050 7.472726
v -33.562778 492.007660 9.899487
v -39.425579 468.141754 4.297651
v -36.723671 458.771057 -2.698648
v -38.260887 464.607117 1.308582
v -40.745876 471.721313 13.865361
v -41.857769 473.143463 10.043226
v -34.614777 466.528015 13.347985
v -38.243973 463.297424 11.150896
v -38.493946 471.090271 17.447498
v -40.745876 471.721313 13.865361
v -30.549858 467.392029 16.599382
v -34.614777 466.528015 13.347985
v -26.664768 465.620667 15.131870
v -34.574783 472.142822 21.912331
v -38.493946 471.090271 17.447498
v -26.127327 469.215271 19.729151
v -30.549858 467.392029 16.599382
v -20.914398 468.966766 17.003197
v -34.574783 472.142822 21.912331
v -29.850883 474.329407 24.953144
v -26.127327 469.215271 19.729151
v -19.876488 473.418457 21.155704
v -16.786972 473.024445 16.655094
v -20.914398 468.966766 17.003197
v -29.850883 474.329407 24.953144
v -24.297211 478.254150 26.079069
v -19.876488 473.418457 21.155704
v -16.108675 479.132050 18.662003
v -42.341312 475.333038 7.475918
v -41.586296 471.889099 5.485411
v -39.425579 468.141754 4.297651
v -39.966179 467.193542 4.707532
v -39.425579 468.141754 4.297651
v -38.260887 464.607117 1.308582
v -39.966179 467.193542 4.707532
v -37.620350 460.159546 -0.086130
v -41.857769 473.143463 10.043226
v -41.586296 471.889099 5.485411
v -39.966179 467.193542 4.707532
v -38.243973 463.297424 11.150896
v -38.567322 461.325653 5.688612
v -43.576775 504.306061 64.829231
v -42.049259 503.659485 67.567482
v -43.472946 501.149292 65.777489
v -44.098011 501.279053 63.874855
v -41.099670 498.858734 65.158615
v -42.898483 503.526733 61.971138
v -40.813881 505.350555 60.172153
v -40.348728 501.135254 60.242783
v -37.164810 503.327942 59.941177
v -36.422661 502.192505 62.425987
v -38.743286 499.735352 61.535831
v -36.804108 502.161133 68.230820
v -40.313278 500.160767 66.660439
v -35.420483 501.727600 65.529106
v -39.854122 498.062256 63.028679
v -38.466328 499.013123 63.712471
v -43.576775 504.306061 64.829231
v -42.898483 503.526733 61.971138
v -43.637691 501.343384 61.516586
v -41.561073 499.567139 60.174297
v -40.348728 501.135254 60.242783
v -39.854122 498.062256 63.028679
v -40.208908 498.598267 61.131500
v -38.466328 499.013123 63.712471
v -36.422661 502.192505 62.425987
v -38.743286 499.735352 61.535831
v -43.576775 504.306061 64.829231
v -44.098011 501.279053 63.874855
v -43.637691 501.343384 61.516586
v -44.325859 498.379364 60.600697
v -41.561073 499.567139 60.174297
v -41.824448 496.882385 61.035202
v -40.208908 498.598267 61.131500
v -45.182465 499.170044 62.810295
v -44.098011 501.279053 63.874855
v -44.325859 498.379364 60.600697
v -40.813881 505.350555 60.172153
v -32.310638 502.534973 57.878498
v -37.164810 503.327942 59.941177
v -31.112469 503.364716 59.072346
v -36.422661 502.192505 62.425987
v -42.049259 503.659485 67.567482
v -40.313278 500.160767 66.660439
v -41.099670 498.858734 65.158615
v -39.854122 498.062256 63.028679
v -45.182465 499.170044 62.810295
v -44.360718 499.246246 65.186310
v -43.472946 501.149292 65.777489
v -44.098011 501.279053 63.874855
v -35.420483 501.727600 65.529106
v -31.112469 503.364716 59.072346
v -38.466328 499.013123 63.712471
v -36.422661 502.192505 62.425987
v -39.854122 498.062256 63.028679
v -41.824448 496.882385 61.035202
v -40.208908 498.598267 61.131500
v -45.182465 499.170044 62.810295
v -45.186371 496.856628 61.975014
v -44.325859 498.379364 60.600697
v -41.110741 497.023621 63.496918
v -39.854122 498.062256 63.028679
v -42.637306 495.462585 62.302910
v -41.824448 496.882385 61.035202
v -45.182465 499.170044 62.810295
v -45.535961 498.192688 63.475975
v -46.304207 496.601624 65.074081
v -46.688889 495.534454 66.083763
v -46.413891 494.243378 66.845505
v -45.887333 495.421265 64.017769
v -45.186371 496.856628 61.975014
v -46.334747 493.904633 65.577408
v -45.003956 493.538269 66.960861
v -45.047878 493.226807 65.700531
v -43.872173 493.771301 66.459946
v -42.889294 494.736755 65.449020
v -43.757080 494.174103 64.209854
v -41.709995 496.161194 64.071747
v -41.110741 497.023621 63.496918
v -42.637306 495.462585 62.302910
v -43.472946 501.149292 65.777489
v -41.968075 497.590607 65.098495
v -41.099670 498.858734 65.158615
v -41.110741 497.023621 63.496918
v -39.854122 498.062256 63.028679
v -45.182465 499.170044 62.810295
v -45.327240 497.270752 66.552963
v -44.360718 499.246246 65.186310
v -43.472946 501.149292 65.777489
v -45.535961 498.192688 63.475975
v -46.304207 496.601624 65.074081
v -46.688889 495.534454 66.083763
v -46.413891 494.243378 66.845505
v -45.302589 494.733398 67.362564
v -43.098064 496.074310 66.799637
v -41.968075 497.590607 65.098495
v -45.003956 493.538269 66.960861
v -43.872173 493.771301 66.459946
v -42.889294 494.736755 65.449020
v -41.709995 496.161194 64.071747
v -41.110741 497.023621 63.496918
v -17.814610 347.899139 -66.138046
v -14.463060 346.430084 -69.703575
v -14.796931 348.676270 -66.686684
v -10.926861 345.812561 -69.387367
v -11.148791 347.915924 -65.873093
v -9.289732 345.366577 -64.331207
v -23.710379 338.678619 -66.950302
v -23.334486 340.522675 -67.485359
v -21.838089 337.208221 -71.895309
v -22.454739 340.720245 -67.598289
v -21.681557 343.109497 -68.060974
v -22.741890 340.363129 -62.260643
v -22.471195 342.271057 -63.317436
v -21.601807 342.463837 -63.538223
v -20.997368 345.032135 -64.665855
v -23.710379 338.678619 -66.950302
v -21.838089 337.208221 -71.895309
v -22.741890 340.363129 -62.260643
v -18.837374 335.988800 -76.404472
v -13.687138 335.464020 -78.440575
v -9.456017 336.185944 -76.183952
v -6.436462 337.698334 -71.466248
v -7.006806 340.851288 -61.950386
v -5.709244 339.525818 -66.125557
v -23.334486 340.522675 -67.485359
v -21.838089 337.208221 -71.895309
v -21.447506 339.223114 -72.335526
v -22.454739 340.720245 -67.598289
v -20.687752 339.429962 -72.016960
v -21.681557 343.109497 -68.060974
v -20.340521 342.274261 -72.912270
v -18.837374 335.988800 -76.404472
v -18.561121 338.176514 -76.583450
v -18.143269 341.453125 -76.357582
v -20.997368 345.032135 -64.665855
v -17.839903 338.347992 -76.016762
v -18.026585 343.762817 -73.605972
v -18.016228 345.648987 -69.369736
v -17.814610 347.899139 -66.138046
v -13.687138 335.464020 -78.440575
v -14.267683 341.608398 -77.932571
v -13.736427 337.555328 -78.507843
v -13.905788 338.013428 -77.605446
v -14.374886 344.383911 -73.497284
v -14.463060 346.430084 -69.703575
v -10.933769 341.921631 -76.429985
v -10.524233 338.575470 -76.072067
v -11.137173 344.151428 -72.973740
v -9.776415 338.223511 -76.566879
v -9.456017 336.185944 -76.183952
v -10.926861 345.812561 -69.387367
v -8.881639 342.798981 -72.497681
v -8.157683 339.758698 -72.033180
v -8.354203 343.761719 -68.302986
v -7.110745 339.555420 -72.064743
v -9.289732 345.366577 -64.331207
v -6.436462 337.698334 -71.466248
v -7.336341 341.305267 -67.016022
v -8.144670 342.799713 -63.119820
v -6.171455 341.256989 -66.943626
v -7.139602 342.782867 -62.963680
v -7.006806 340.851288 -61.950386
v -5.709244 339.525818 -66.125557
v 1.269866 474.342102 2.158988
v 1.392196 475.294128 1.576211
v 1.814191 474.976929 5.943259
v 2.134395 475.793579 3.626191
v 2.631017 476.150146 7.083654
v -7.374429 470.534851 22.090008
v -8.264570 469.474976 17.263716
v -7.342949 469.764343 17.390265
v -6.824008 471.612579 14.435442
v -6.874346 471.935791 15.165839
v -6.981888 471.200348 14.848942
v -7.195446 471.480713 15.545685
v -9.066692 473.299988 14.825211
v -8.642934 473.231628 13.590981
v -8.368856 472.393250 13.205442
v -8.425524 472.226257 14.868538
v -8.297315 471.697388 14.085787
v -8.252220 472.316101 15.462669
v -6.789745 472.155701 12.620623
v -7.174775 471.470337 13.906219
v -6.915091 471.536987 15.617905
v -6.139590 471.684814 14.918081
v -5.568419 471.636047 14.239238
v -4.975902 472.476685 13.060445
v -5.198324 471.792725 14.301983
v -4.937569 472.531433 14.544250
v -11.584753 464.800720 6.831406
v -7.834687 464.776123 0.847726
v -9.471375 466.644043 1.999875
v -12.163633 471.782593 5.261478
v -11.013309 470.622253 3.464092
v -9.961565 470.616882 0.553722
v -7.847193 465.103271 -1.104059
v -7.053440 463.030640 -3.386889
v -18.653048 458.666809 17.191458
v -10.974030 468.560974 14.504471
v -11.248736 464.045288 16.483402
v -7.727793 470.004547 13.705732
v -6.841016 472.447266 13.691457
v -3.976265 472.660706 13.680786
v -4.852751 469.986206 15.394358
v -13.847713 464.643860 11.773904
v -11.584753 464.800720 6.831406
v -13.435621 467.570068 9.437706
v -12.163633 471.782593 5.261478
v -11.925842 471.494629 8.749186
v -21.064369 458.555267 16.127586
v -14.550245 467.293091 12.706173
v -18.653048 458.666809 17.191458
v -11.291779 471.798096 11.341535
v -10.974030 468.560974 14.504471
v -9.477226 472.083557 13.171888
v -7.727793 470.004547 13.705732
v -6.841016 472.447266 13.691457
v -8.264570 469.474976 17.263716
v -8.269933 471.192230 14.670645
v -8.260702 471.921539 14.163689
v -6.824008 471.612579 14.435442
v -6.981888 471.200348 14.848942
v -7.114485 469.556702 16.797523
v -6.919288 470.085022 19.733425
v -6.483763 471.254456 14.629644
v -6.984700 470.418549 17.119518
v -5.779851 473.448059 15.960343
v -5.379655 472.787659 15.275546
v -5.032210 473.607239 15.207995
v -4.882864 472.999146 14.417707
v -8.264570 469.474976 17.263716
v -8.594473 469.628143 17.897703
v -8.269933 471.192230 14.670645
v -8.455386 471.467407 15.390783
v -8.260702 471.921539 14.163689
v -8.342445 472.204651 14.955616
v -7.571745 471.569275 22.355000
v -7.342949 469.764343 17.390265
v -7.673410 470.102112 18.060625
v -6.874346 471.935791 15.165839
v -7.195446 471.480713 15.545685
v -4.975902 472.476685 13.060445
v -4.937569 472.531433 14.544250
v -4.882864 472.999146 14.417707
v -4.418298 473.200928 13.515140
v -7.048401 473.679962 16.155722
v -6.216002 472.895325 15.973946
v -5.779851 473.448059 15.960343
v -5.379655 472.787659 15.275546
v -5.405685 472.329834 15.446774
v -4.937569 472.531433 14.544250
v -4.882864 472.999146 14.417707
v -7.490191 471.657776 13.873281
v -7.428498 470.937134 14.462606
v -7.520042 469.987244 17.679626
v -7.114485 469.556702 16.797523
v -5.949348 472.258484 14.084777
v -6.483763 471.254456 14.629644
v -8.160268 474.065979 16.451279
v -7.576191 473.269043 16.559870
v -7.048401 473.679962 16.155722
v -6.322070 472.437805 16.226515
v -6.216002 472.895325 15.973946
v -5.626743 471.794006 15.047721
v -5.405685 472.329834 15.446774
v -4.937569 472.531433 14.544250
v -9.175533 473.019440 15.701118
v -8.439863 472.342834 15.865711
v -8.160268 474.065979 16.451279
v -7.576191 473.269043 16.559870
v -6.907042 471.573608 15.768823
v -6.322070 472.437805 16.226515
v -5.626743 471.794006 15.047721
v -7.475775 472.135742 14.766308
v -7.557384 471.322540 15.277945
v -5.949348 472.258484 14.084777
v -5.882750 472.101105 14.605509
v -6.483763 471.254456 14.629644
v -6.522347 471.558197 15.044853
v -6.984700 470.418549 17.119518
v -7.251979 470.576355 17.597130
v -7.432721 471.210083 20.293839
v -9.452590 473.791321 15.212581
v -9.066692 473.299988 14.825211
v -9.175533 473.019440 15.701118
v -8.439863 472.342834 15.865711
v -8.252220 472.316101 15.462669
v -6.915091 471.536987 15.617905
v -6.907042 471.573608 15.768823
v -6.139590 471.684814 14.918081
v -5.568419 471.636047 14.239238
v -5.626743 471.794006 15.047721
v -5.198324 471.792725 14.301983
v -4.937569 472.531433 14.544250
v -7.490191 471.657776 13.873281
v -7.475775 472.135742 14.766308
v -7.428498 470.937134 14.462606
v -7.557384 471.322540 15.277945
v -7.520042 469.987244 17.679626
v -6.522347 471.558197 15.044853
v -7.251979 470.576355 17.597130
v -13.847713 464.643860 11.773904
v -13.435621 467.570068 9.437706
v -14.550245 467.293091 12.706173
v -11.925842 471.494629 8.749186
v -11.291779 471.798096 11.341535
v -11.248736 464.045288 16.483402
v -4.852751 469.986206 15.394358
v -6.648661 465.356812 21.095306
v -0.639897 470.572235 14.424327
v -0.499420 465.644196 20.175007
v 2.604488 470.374207 14.304460
v -4.852751 469.986206 15.394358
v -1.400328 473.139923 11.917846
v -0.639897 470.572235 14.424327
v 0.793506 471.569519 9.823642
v 3.194546 470.796051 9.585905
v 2.604488 470.374207 14.304460
v -3.976265 472.660706 13.680786
v -4.852751 469.986206 15.394358
v -1.400328 473.139923 11.917846
v -12.573817 473.854187 1.820804
v -11.013309 470.622253 3.464092
v -9.961565 470.616882 0.553722
v -10.850310 473.266083 -0.728178
v -9.961565 470.616882 0.553722
v -8.358211 470.204651 -1.065070
v -1.502540 470.025635 0.145773
v -0.241974 470.949432 1.918561
v -0.326795 473.500488 -0.374461
v -0.241974 470.949432 1.918561
v 0.330388 472.251526 3.673841
v 1.269866 474.342102 2.158988
v -1.400328 473.139923 11.917846
v -0.210070 473.014130 9.364127
v 0.793506 471.569519 9.823642
v 1.109380 469.088654 5.705365
v 3.194546 470.796051 9.585905
v -1.665423 462.806763 -1.528767
v -1.519735 465.806671 -0.058944
v 0.740690 469.088989 1.217992
v 1.090868 466.380127 -1.040827
v -9.961565 470.616882 0.553722
v -7.847193 465.103271 -1.104059
v -8.358211 470.204651 -1.065070
v -6.665211 469.800903 -2.226799
v -4.661043 465.514709 -1.953078
v -4.904482 469.745697 -2.252214
v -3.095346 469.754913 -1.566454
v -1.502540 470.025635 0.145773
v -1.519735 465.806671 -0.058944
v -0.241974 470.949432 1.918561
v -0.210070 473.014130 9.364127
v 0.330388 472.251526 3.673841
v 0.735470 473.126923 5.643609
v 0.740690 469.088989 1.217992
v 1.109380 469.088654 5.705365
v -6.919288 470.085022 19.733425
v -6.133412 472.140564 23.074282
v -6.984700 470.418549 17.119518
v -7.077795 471.229401 19.930244
v -11.362144 461.559204 22.400934
v -21.103184 455.888397 22.131021
v -6.919108 470.580292 25.521162
v -7.435382 470.504974 26.041927
v -7.374429 470.534851 22.090008
v -7.871662 470.493286 22.623381
v -6.919108 470.580292 25.521162
v -20.163921 455.337402 22.643988
v -17.663839 459.095154 25.175146
v -7.074445 471.614197 21.820930
v -7.571745 471.569275 22.355000
v -7.255264 471.709381 25.598673
v -6.835316 471.793976 25.166519
v -7.520042 469.987244 17.679626
v -7.114485 469.556702 16.797523
v -7.714957 472.072327 20.860411
v -6.919288 470.085022 19.733425
v -6.760035 472.065186 23.769131
v -6.133412 472.140564 23.074282
v -15.428748 459.273438 24.002844
v -6.984700 470.418549 17.119518
v -7.432721 471.210083 20.293839
v -7.077795 471.229401 19.930244
v -11.754349 462.082703 23.094452
v -6.919108 470.580292 25.521162
v -7.374429 470.534851 22.090008
v -7.074445 471.614197 21.820930
v -7.374429 470.534851 22.090008
v -7.074445 471.614197 21.820930
v -7.571745 471.569275 22.355000
v -7.342949 469.764343 17.390265
v -7.435382 470.504974 26.041927
v -7.374429 470.534851 22.090008
v -7.871662 470.493286 22.623381
v -20.083576 455.802307 22.888407
v -8.264570 469.474976 17.263716
v -8.594473 469.628143 17.897703
v -7.571745 471.569275 22.355000
v -7.255264 471.709381 25.598673
v -7.673410 470.102112 18.060625
v -7.520042 469.987244 17.679626
v -7.714957 472.072327 20.860411
v -6.760035 472.065186 23.769131
v -7.251979 470.576355 17.597130
v -7.432721 471.210083 20.293839
v -11.754349 462.082703 23.094452
v -0.779538 388.591827 -23.296989
v 1.075722 393.880127 -28.088730
v 4.919308 396.687683 -27.173470
v -3.508007 405.823547 -32.021397
v -4.163187 388.137238 -14.469839
v -1.553076 388.693420 -21.399746
v -0.779538 388.591827 -23.296989
v 1.561610 391.818970 -24.656132
v -4.163187 388.137238 -14.469839
v -1.553076 388.693420 -21.399746
v 1.561610 391.818970 -24.656132
v -5.486454 389.351013 -9.897828
v -3.260824 387.968567 -7.537081
v -0.230733 386.448608 -13.001138
v -1.347034 400.964294 -31.210564
v -4.214558 406.666656 -28.733543
v 1.075722 393.880127 -28.088730
v 4.396468 396.101440 -31.122927
v 5.543762 395.377136 -27.328432
v -5.975132 392.554352 -20.287941
v -3.195984 399.310394 -29.699718
v -4.163187 388.137238 -14.469839
v -5.486454 389.351013 -9.897828
v -7.328460 392.494385 -4.768833
v -7.655488 394.482178 -3.076210
v -0.945496 388.282928 -19.476372
v -3.260824 387.968567 -7.537081
v 4.396468 396.101440 -31.122927
v 9.430950 399.834290 -32.342869
v 8.992640 399.254944 -27.866516
v -5.834757 394.948914 -27.379778
v -5.975132 392.554352 -20.287941
v -5.486454 389.351013 -9.897828
v -7.328460 392.494385 -4.768833
v -3.260824 387.968567 -7.537081
v 4.396468 396.101440 -31.122927
v 5.543762 395.377136 -27.328432
v 8.992640 399.254944 -27.866516
v -5.762618 412.761566 -31.157707
v -0.779538 388.591827 -23.296989
v 1.075722 393.880127 -28.088730
v -7.121893 399.744751 -1.988812
v -5.212348 400.260376 -4.617011
v -4.567652 391.434143 -3.566390
v 1.708603 403.570862 -2.337591
v 1.455328 392.331665 -1.700591
v 2.209604 397.712585 -1.319745
v -10.709782 397.946777 -11.970795
v -10.493292 394.010864 -15.909134
v -7.076954 393.298676 -13.527006
v -7.655488 394.482178 -3.076210
v -7.121893 399.744751 -1.988812
v -5.212348 400.260376 -4.617011
v -4.567652 391.434143 -3.566390
v -3.260824 387.968567 -7.537081
v -5.975132 392.554352 -20.287941
v -7.076954 393.298676 -13.527006
v -7.655488 394.482178 -3.076210
v -1.347034 400.964294 -31.210564
v 2.997260 400.347900 -34.884472
v 4.396468 396.101440 -31.122927
v 0.740690 469.088989 1.217992
v 1.090868 466.380127 -1.040827
v 2.136581 462.616150 -2.235655
v 1.109380 469.088654 5.705365
v 6.829224 461.822815 -5.536361
v 1.584291 466.890320 4.770644
v 6.370570 464.904663 3.004443
v 17.009464 461.426514 -7.976981
v 15.159395 465.323669 -2.576138
v 13.258299 468.020416 1.812771
v 19.836073 467.905396 4.028645
v 17.937206 471.013184 6.325133
v 15.611297 470.892456 10.065786
v 1.109380 469.088654 5.705365
v 1.584291 466.890320 4.770644
v 3.194546 470.796051 9.585905
v 6.370570 464.904663 3.004443
v 6.743238 469.429077 6.655212
v 13.258299 468.020416 1.812771
v 10.909624 469.499634 7.077113
v 15.611297 470.892456 10.065786
v -6.133863 452.997681 26.264832
v -1.002567 448.072754 27.151165
v 0.467470 454.319153 26.592894
v 5.207076 449.601929 28.344088
v -1.665423 462.806763 -1.528767
v 1.090868 466.380127 -1.040827
v 2.136581 462.616150 -2.235655
v -6.133863 452.997681 26.264832
v -5.168604 459.385132 24.662130
v 0.467470 454.319153 26.592894
v 1.633081 460.429962 23.532848
v 5.207076 449.601929 28.344088
v 5.424436 453.958984 27.262169
v 3.194546 470.796051 9.585905
v 2.604488 470.374207 14.304460
v 6.743238 469.429077 6.655212
v 10.909624 469.499634 7.077113
v 7.700445 470.566162 12.937577
v -6.648661 465.356812 21.095306
v -5.168604 459.385132 24.662130
v -0.499420 465.644196 20.175007
v 1.633081 460.429962 23.532848
v 4.154848 467.484131 19.044733
v 5.424436 453.958984 27.262169
v 5.851172 460.336365 24.792517
v -0.499420 465.644196 20.175007
v 2.604488 470.374207 14.304460
v 4.154848 467.484131 19.044733
v 7.700445 470.566162 12.937577
v 8.475876 465.266785 20.164234
v -1.002567 448.072754 27.151165
v 5.508444 443.324341 27.556200
v 5.207076 449.601929 28.344088
v 12.842512 447.739258 25.453468
v 5.207076 449.601929 28.344088
v 5.424436 453.958984 27.262169
v 12.842512 447.739258 25.453468
v 11.448656 455.009583 26.577087
v 23.243517 460.534668 -2.536475
v 19.836073 467.905396 4.028645
v 22.130348 466.697876 8.304964
v 17.009464 461.426514 -7.976981
v 23.243517 460.534668 -2.536475
v 19.836073 467.905396 4.028645
v 19.836073 467.905396 4.028645
v 17.937206 471.013184 6.325133
v 20.107981 472.783447 10.977358
v 39.826126 476.840210 41.927216
v 38.820801 477.071625 42.254906
v 34.582329 473.451569 43.951977
v 33.242107 474.125244 44.177361
v 38.470566 481.704468 43.998184
v 39.010578 485.546021 45.734848
v 32.513672 467.417450 48.929485
v 33.110222 479.602448 45.121277
v 36.371239 462.751587 51.941818
v 31.452196 468.940948 49.941273
v 33.262344 484.554688 47.237358
v 53.060505 467.412537 57.885303
v 48.105415 462.753418 58.012669
v 45.022617 463.945740 57.239281
v 46.658012 468.329956 58.583054
v 41.152679 466.459229 57.630562
v 40.385433 470.087982 60.688644
v 34.597630 470.786621 58.201157
v 39.756737 477.527100 63.822388
v 34.048050 477.969757 61.249607
v 37.762096 484.582306 64.898262
v 56.259354 466.414673 52.749741
v 53.060505 467.412537 57.885303
v 51.428360 470.598907 57.398537
v 46.658012 468.329956 58.583054
v 45.949291 471.017273 60.676983
v 40.385433 470.087982 60.688644
v 44.506401 478.519043 63.775734
v 39.756737 477.527100 63.822388
v 51.428360 470.598907 57.398537
v 52.529854 481.187134 57.806938
v 51.005867 473.096222 58.840370
v 45.949291 471.017273 60.676983
v 49.269386 479.583435 61.701920
v 44.506401 478.519043 63.775734
v 53.663490 483.148254 52.862694
v 52.529854 481.187134 57.806938
v 49.362118 488.691498 58.985870
v 45.749531 476.843384 40.319656
v 52.379498 475.913269 42.170139
v 55.238094 464.405975 44.125175
v 52.431004 480.251587 43.483688
v 45.032501 482.174622 41.496048
v 55.846737 461.376221 45.732742
v 56.109882 469.296021 49.045650
v 54.553947 473.682098 47.982067
v 54.781410 477.706421 48.861153
v 51.410774 485.536896 47.860291
v 44.630890 486.211121 44.734802
v 56.259354 466.414673 52.749741
v 54.494576 472.162384 52.893375
v 54.728531 475.072327 53.982948
v 53.663490 483.148254 52.862694
v 51.428360 470.598907 57.398537
v 52.529854 481.187134 57.806938
v 47.768219 490.951416 54.401295
v 51.005867 473.096222 58.840370
v 55.846737 461.376221 45.732742
v 56.259354 466.414673 52.749741
v 55.234146 460.038513 51.314648
v 52.286476 457.191833 50.923553
v 49.275818 456.257263 52.262192
v 53.477375 460.866333 55.099167
v 50.838318 458.773590 55.115791
v 53.060505 467.412537 57.885303
v 51.079006 471.074799 39.756424
v 55.151653 465.944336 42.450104
v 45.749531 476.843384 40.319656
v 52.379498 475.913269 42.170139
v 55.238094 464.405975 44.125175
v 56.109882 469.296021 49.045650
v 54.553947 473.682098 47.982067
v 49.275818 456.257263 52.262192
v 45.468555 456.338989 52.434048
v 50.838318 458.773590 55.115791
v 53.060505 467.412537 57.885303
v 48.105415 462.753418 58.012669
v 45.749531 476.843384 40.319656
v 39.826126 476.840210 41.927216
v 45.032501 482.174622 41.496048
v 38.820801 477.071625 42.254906
v 44.630890 486.211121 44.734802
v 38.470566 481.704468 43.998184
v 39.010578 485.546021 45.734848
v 54.147980 457.963013 48.442329
v 55.234146 460.038513 51.314648
v 52.286476 457.191833 50.923553
v 53.477375 460.866333 55.099167
v 55.846737 461.376221 45.732742
v 54.147980 457.963013 48.442329
v 55.234146 460.038513 51.314648
v 45.468555 456.338989 52.434048
v 42.975597 457.766449 51.731346
v 40.790489 459.293640 52.507950
v 48.105415 462.753418 58.012669
v 45.022617 463.945740 57.239281
v 35.591969 465.935486 55.593525
v 29.894207 473.774872 51.756371
v 41.152679 466.459229 57.630562
v 30.499657 480.994049 54.048813
v 34.597630 470.786621 58.201157
v 34.048050 477.969757 61.249607
v 33.046299 487.186584 60.350170
v 33.242107 474.125244 44.177361
v 33.110222 479.602448 45.121277
v 36.371239 462.751587 51.941818
v 40.790489 459.293640 52.507950
v 31.452196 468.940948 49.941273
v 33.262344 484.554688 47.237358
v 35.591969 465.935486 55.593525
v 29.894207 473.774872 51.756371
v 30.499657 480.994049 54.048813
v 1.712699 317.666016 -10.537665
v 2.858492 317.412445 -11.312837
v 1.788877 312.855194 -17.017357
v 0.952566 308.530731 -23.486174
v 1.590198 310.192108 -20.445745
v 2.876353 312.809174 -17.105679
v 1.948671 308.340118 -23.411110
v 2.633206 310.063019 -20.503328
v 11.938084 311.094940 -14.717333
v 12.554230 310.861237 -14.150331
v 13.289286 307.916534 -17.860840
v 13.971418 307.584137 -17.308155
v 14.847755 305.515808 -20.768488
v 15.599895 305.204926 -20.349548
v 3.566931 320.729584 -11.897614
v 2.858492 317.412445 -11.312837
v 5.072024 324.164734 -13.835913
v 4.229918 316.950623 -17.993738
v 3.923083 313.258453 -21.851780
v 6.737116 321.487579 -19.344524
v 3.820580 310.379944 -24.669212
v 6.621466 316.788086 -22.107212
v 6.433066 312.242493 -26.054073
v -0.253825 312.350128 -9.092762
v 1.712699 317.666016 -10.537665
v 1.267203 313.141846 -5.529447
v 0.506331 309.879822 -15.052805
v 3.566931 320.729584 -11.897614
v 1.128512 311.073792 -15.550231
v 2.858492 317.412445 -11.312837
v 1.788877 312.855194 -17.017357
v 0.224588 306.863770 -22.297760
v 0.768981 308.316284 -19.039703
v 0.952566 308.530731 -23.486174
v 3.619238 318.420288 -5.966327
v 1.590198 310.192108 -20.445745
v 4.726624 318.264801 -7.087048
v 6.019256 321.476776 -7.661820
v 6.755062 318.182343 -4.247185
v 6.955320 318.015045 -5.802150
v 5.457975 312.665527 -2.950119
v 9.289314 317.356628 -6.307556
v 10.285760 320.462646 -6.805428
v 10.058687 317.133301 -4.998301
v 9.458931 311.126373 -4.215090
v 11.876120 315.040619 -9.807676
v 13.322863 318.025940 -10.562345
v 11.938084 311.094940 -14.717333
v 12.904741 314.712738 -9.356058
v 11.558588 309.610016 -6.772569
v 13.377398 315.227173 -15.209883
v 12.554230 310.861237 -14.150331
v 12.012823 308.704285 -13.570403
v 11.821087 307.338898 -12.267302
v 12.554230 310.861237 -14.150331
v 12.012823 308.704285 -13.570403
v 13.971418 307.584137 -17.308155
v 13.518083 305.785248 -16.123936
v 15.599895 305.204926 -20.349548
v 15.265236 303.442871 -19.110960
v -0.253825 312.350128 -9.092762
v 1.267203 313.141846 -5.529447
v 0.506331 309.879822 -15.052805
v 1.128512 311.073792 -15.550231
v 0.224588 306.863770 -22.297760
v 0.768981 308.316284 -19.039703
v 5.457975 312.665527 -2.950119
v 9.458931 311.126373 -4.215090
v 11.558588 309.610016 -6.772569
v 12.012823 308.704285 -13.570403
v 11.821087 307.338898 -12.267302
v 13.518083 305.785248 -16.123936
v 15.265236 303.442871 -19.110960
v 11.137383 324.154572 -9.349432
v 14.330926 330.631439 -13.227599
v 14.191809 322.255371 -11.670293
v 5.072024 324.164734 -13.835913
v 7.930560 329.296234 -21.243416
v 6.737116 321.487579 -19.344524
v 2.858492 317.412445 -11.312837
v 2.876353 312.809174 -17.105679
v 4.229918 316.950623 -17.993738
v 1.948671 308.340118 -23.411110
v 2.633206 310.063019 -20.503328
v 3.923083 313.258453 -21.851780
v 3.820580 310.379944 -24.669212
v 11.938084 311.094940 -14.717333
v 13.377398 315.227173 -15.209883
v 14.046579 311.036377 -19.411871
v 13.289286 307.916534 -17.860840
v 15.027727 307.894897 -22.331806
v 14.847755 305.515808 -20.768488
v 11.967361 321.694580 -20.951061
v 10.513744 316.282623 -23.096073
v 10.243827 312.188843 -26.108624
v 12.800394 315.455505 -20.832855
v 13.320555 311.057220 -24.617235
v 6.737116 321.487579 -19.344524
v 6.621466 316.788086 -22.107212
v 6.433066 312.242493 -26.054073
v 11.967361 321.694580 -20.951061
v 10.513744 316.282623 -23.096073
v 10.243827 312.188843 -26.108624
v 3.566931 320.729584 -11.897614
v 5.072024 324.164734 -13.835913
v 6.019256 321.476776 -7.661820
v 6.778790 324.785889 -10.720696
v 10.285760 320.462646 -6.805428
v 11.137383 324.154572 -9.349432
v 15.687564 329.236572 -18.393021
v 13.853884 320.336426 -17.713394
v 14.191809 322.255371 -11.670293
v 13.322863 318.025940 -10.562345
v 13.377398 315.227173 -15.209883
v 11.967361 321.694580 -20.951061
v 13.853884 320.336426 -17.713394
v 12.800394 315.455505 -20.832855
v 13.377398 315.227173 -15.209883
v 13.320555 311.057220 -24.617235
v 14.046579 311.036377 -19.411871
v 15.027727 307.894897 -22.331806
v 49.154072 502.687408 69.828461
v 49.094490 504.021637 72.408554
v 49.477699 504.088257 68.544815
v 48.755600 505.065094 74.427757
v 49.377289 505.655060 72.118462
v 48.998520 506.245453 73.679649
v 46.836266 507.413849 73.351929
v 49.477699 504.088257 68.544815
v 44.338478 505.149017 76.339462
v 49.377289 505.655060 72.118462
v 46.014790 506.495087 72.123375
v 45.902878 506.861816 74.058121
v 45.216694 506.794464 72.039383
v 46.836266 507.413849 73.351929
v 44.855305 507.367737 73.897339
v 46.781258 507.357086 71.430016
v 40.068985 503.234009 76.215195
v 39.422443 504.797028 79.122910
v 40.751686 506.149323 75.629486
v 51.313309 494.385254 68.489624
v 51.757824 496.011200 71.025871
v 50.139679 500.195099 73.176605
v 50.614342 500.674805 70.505142
v 49.206680 501.929443 74.138687
v 48.639713 503.121674 75.898384
v 49.154072 502.687408 69.828461
v 49.094490 504.021637 72.408554
v 48.755600 505.065094 74.427757
v 40.751686 506.149323 75.629486
v 44.717945 508.042450 73.394760
v 45.432808 507.848541 71.359985
v 41.706875 508.032410 73.414879
v 41.615547 507.855957 71.838440
v 41.214703 507.893616 71.796425
v 40.745205 508.176666 73.634323
v 42.346767 508.638672 72.936424
v 41.422398 508.787476 79.200165
v 40.401978 508.843475 73.026855
v 42.112892 508.811829 71.249695
v 42.078316 509.454712 77.030037
v 40.879982 508.904724 71.103622
v 39.475365 509.339539 77.401787
v 40.846642 496.418457 57.071125
v 43.037834 496.768127 62.373295
v 43.033722 497.039185 60.501976
v 40.644211 503.133881 76.334618
v 40.068985 503.234009 76.215195
v 40.751686 506.149323 75.629486
v 37.481182 508.023712 73.331833
v 40.401978 508.843475 73.026855
v 40.879982 508.904724 71.103622
v 38.194752 508.897552 72.792595
v 38.308868 508.948853 70.886902
v 37.538486 509.277313 77.073502
v 44.004704 499.930847 61.018745
v 47.546860 501.993774 63.874203
v 37.691864 498.526001 63.878677
v 39.280209 498.842133 61.995041
v 38.418869 495.906738 63.725506
v 49.477699 504.088257 68.544815
v 39.604660 500.392242 62.058151
v 36.984226 500.522095 63.446617
v 41.262398 504.170837 63.671173
v 46.482605 506.071411 67.590591
v 36.715359 507.664490 73.583328
v 37.186131 507.689941 71.732574
v 37.689922 507.805145 71.697105
v 37.481182 508.023712 73.331833
v 36.442959 508.559143 73.051918
v 38.194752 508.897552 72.792595
v 38.308868 508.948853 70.886902
v 43.003433 494.458862 62.876343
v 40.059780 495.410950 64.260475
v 41.328949 494.351624 64.346504
v 37.292721 496.604584 64.664299
v 34.629925 499.409058 69.861603
v 34.537289 502.241241 73.157104
v 33.305351 501.661407 69.016296
v 33.257385 503.652863 71.637657
v 32.985710 504.496826 73.397850
v 47.196644 501.636780 76.707565
v 49.206680 501.929443 74.138687
v 48.639713 503.121674 75.898384
v 46.014790 506.495087 72.123375
v 45.216694 506.794464 72.039383
v 44.855305 507.367737 73.897339
v 46.781258 507.357086 71.430016
v 44.717945 508.042450 73.394760
v 45.432808 507.848541 71.359985
v 44.162273 509.071014 77.428047
v 42.346767 508.638672 72.936424
v 42.078316 509.454712 77.030037
v 40.751686 506.149323 75.629486
v 40.745205 508.176666 73.634323
v 39.516045 508.576416 78.745201
v 36.871914 505.547363 74.890167
v 36.715359 507.664490 73.583328
v 37.481182 508.023712 73.331833
v 44.385921 502.221313 77.055130
v 43.393143 502.493347 76.760765
v 44.338478 505.149017 76.339462
v 41.328949 494.351624 64.346504
v 37.292721 496.604584 64.664299
v 39.533241 495.079468 64.552452
v 37.691864 498.526001 63.878677
v 33.305351 501.661407 69.016296
v 49.477699 504.088257 68.544815
v 39.604660 500.392242 62.058151
v 35.676285 502.109985 65.111549
v 33.257385 503.652863 71.637657
v 36.984226 500.522095 63.446617
v 32.985710 504.496826 73.397850
v 34.243309 504.605927 68.213425
v 41.262398 504.170837 63.671173
v 35.912533 503.311005 64.465912
v 46.482605 506.071411 67.590591
v 33.974739 505.926819 70.731583
v 46.781258 507.357086 71.430016
v 34.484138 506.010376 67.320312
v 33.613968 506.575256 73.234360
v 45.432808 507.848541 71.359985
v 41.809872 507.479614 67.129654
v 37.186131 507.689941 71.732574
v 34.185371 507.203583 70.025276
v 37.689922 507.805145 71.697105
v 38.271767 507.451050 66.733284
v 33.888138 507.642120 72.970352
v 42.112892 508.811829 71.249695
v 36.442959 508.559143 73.051918
v 40.879982 508.904724 71.103622
v 38.308868 508.948853 70.886902
v 37.212334 508.832977 70.791016
v 43.901722 495.430695 60.372578
v 42.044838 495.718384 63.490517
v 41.039177 495.599182 67.583862
v 40.059780 495.410950 64.260475
v 37.303139 498.234985 70.935432
v 34.629925 499.409058 69.861603
v 37.064148 501.762207 74.469299
v 34.537289 502.241241 73.157104
v 34.169266 503.134918 74.736374
v 32.985710 504.496826 73.397850
v 39.622852 496.539948 57.497826
v 43.536102 497.601807 60.532478
v 50.287819 495.921356 65.900520
v 51.313309 494.385254 68.489624
v 42.578594 498.478577 60.517155
v 47.915157 500.535645 65.077805
v 42.371521 496.525848 58.711536
v 43.037834 496.768127 62.373295
v 44.263214 495.689331 71.181442
v 42.044838 495.718384 63.490517
v 41.039177 495.599182 67.583862
v 44.679520 495.984802 73.459984
v 40.697971 498.238525 72.079063
v 37.303139 498.234985 70.935432
v 40.448204 501.501038 75.421204
v 37.064148 501.762207 74.469299
v 37.406921 503.003357 75.631149
v 36.854065 503.016968 75.518990
v 34.169266 503.134918 74.736374
v 43.033722 497.039185 60.501976
v 39.622852 496.539948 57.497826
v 43.536102 497.601807 60.532478
v 50.287819 495.921356 65.900520
v 48.126785 493.516998 73.628288
v 44.679520 495.984802 73.459984
v 40.697971 498.238525 72.079063
v 43.739002 498.843536 74.090942
v 43.874107 500.854431 75.957085
v 40.448204 501.501038 75.421204
v 43.393143 502.493347 76.760765
v 40.644211 503.133881 76.334618
v 40.068985 503.234009 76.215195
v 37.406921 503.003357 75.631149
v 51.313309 494.385254 68.489624
v 42.578594 498.478577 60.517155
v 47.915157 500.535645 65.077805
v 44.004704 499.930847 61.018745
v 50.614342 500.674805 70.505142
v 38.088013 497.085968 60.969833
v 47.546860 501.993774 63.874203
v 49.154072 502.687408 69.828461
v 39.280209 498.842133 61.995041
v 49.477699 504.088257 68.544815
v 48.126785 493.516998 73.628288
v 49.771805 496.629791 73.540459
v 43.739002 498.843536 74.090942
v 47.333389 500.047913 75.067749
v 43.874107 500.854431 75.957085
v 47.196644 501.636780 76.707565
v 44.385921 502.221313 77.055130
v 43.393143 502.493347 76.760765
v 49.771805 496.629791 73.540459
v 51.757824 496.011200 71.025871
v 47.333389 500.047913 75.067749
v 50.139679 500.195099 73.176605
v 47.196644 501.636780 76.707565
v 49.206680 501.929443 74.138687
v 52.529854 481.187134 57.806938
v 49.362118 488.691498 58.985870
v 49.269386 479.583435 61.701920
v 47.594048 486.114563 63.310402
v 39.010578 485.546021 45.734848
v 33.262344 484.554688 47.237358
v 38.555466 491.809814 50.384056
v 34.278790 490.875977 52.198769
v 32.191650 489.455811 55.756958
v 42.371521 496.525848 58.711536
v 43.901722 495.430695 60.372578
v 42.044838 495.718384 63.490517
v 44.630890 486.211121 44.734802
v 39.010578 485.546021 45.734848
v 43.670738 492.093658 50.860130
v 38.555466 491.809814 50.384056
v 53.663490 483.148254 52.862694
v 47.768219 490.951416 54.401295
v 49.362118 488.691498 58.985870
v 43.670738 492.093658 50.860130
v 47.768219 490.951416 54.401295
v 38.555466 491.809814 50.384056
v 43.206924 494.564880 52.736103
v 47.379253 493.201050 56.331856
v 38.689384 494.445221 51.773506
v 49.362118 488.691498 58.985870
v 34.278790 490.875977 52.198769
v 47.590828 491.232849 60.647236
v 42.371521 496.525848 58.711536
v 43.901722 495.430695 60.372578
v 40.846642 496.418457 57.071125
v 35.792885 493.663147 53.617744
v 43.037834 496.768127 62.373295
v 47.594048 486.114563 63.310402
v 43.003433 494.458862 62.876343
v 32.191650 489.455811 55.756958
v 39.622852 496.539948 57.497826
v 45.931442 489.454712 64.189430
v 34.218155 492.923767 56.642960
v 43.560604 484.628021 65.310661
v 41.328949 494.351624 64.346504
v 33.046299 487.186584 60.350170
v 39.273758 496.990112 59.086998
v 42.830734 488.268250 66.294144
v 37.762096 484.582306 64.898262
v 34.252968 491.239746 60.670002
v 39.533241 495.079468 64.552452
v 37.839706 488.445801 65.784904
v 38.088013 497.085968 60.969833
v 38.418869 495.906738 63.725506
v 39.533241 495.079468 64.552452
v 37.691864 498.526001 63.878677
v 38.418869 495.906738 63.725506
v 39.622852 496.539948 57.497826
v 39.273758 496.990112 59.086998
v 42.578594 498.478577 60.517155
v 38.088013 497.085968 60.969833
v 43.901722 495.430695 60.372578
v 43.003433 494.458862 62.876343
v 40.059780 495.410950 64.260475
v 44.630890 486.211121 44.734802
v 43.670738 492.093658 50.860130
v 47.768219 490.951416 54.401295
v 49.269386 479.583435 61.701920
v 47.594048 486.114563 63.310402
v 44.506401 478.519043 63.775734
v 39.756737 477.527100 63.822388
v 43.560604 484.628021 65.310661
v 34.048050 477.969757 61.249607
v 33.046299 487.186584 60.350170
v 37.762096 484.582306 64.898262
v 40.846642 496.418457 57.071125
v 43.033722 497.039185 60.501976
v 39.622852 496.539948 57.497826
v 38.088013 497.085968 60.969833
v 39.280209 498.842133 61.995041
v 38.418869 495.906738 63.725506
v 33.262344 484.554688 47.237358
v 30.499657 480.994049 54.048813
v 32.191650 489.455811 55.756958
v 33.046299 487.186584 60.350170
v 39.756737 477.527100 63.822388
v 43.560604 484.628021 65.310661
v 37.762096 484.582306 64.898262
v 1.797078 380.024597 -18.205744
v 3.294645 374.280029 -22.732040
v 5.761655 369.879272 -27.894762
v 8.211504 365.734924 -33.430820
v 6.956334 378.201111 -13.595896
v 8.728785 372.989594 -17.200504
v 10.365461 368.062561 -22.498024
v 11.834640 365.053558 -29.826443
v 16.429989 375.515930 -16.037552
v 17.549706 365.495544 -29.233017
v 17.424374 369.882202 -22.508507
v 22.631901 367.057373 -31.979753
v 23.401653 376.845337 -30.169264
v 22.195520 372.760315 -25.204506
v 14.901156 380.116180 -37.963974
v 20.631439 371.821594 -40.544193
v 20.800238 380.207062 -35.745720
v -0.945496 388.282928 -19.476372
v 1.375535 384.478180 -24.668121
v 4.053803 388.823334 -28.298950
v 4.147270 378.801544 -29.350498
v 6.841790 373.561920 -33.190033
v 7.918181 383.372437 -33.076481
v 8.165711 392.679565 -29.543079
v 10.042415 378.389618 -37.624668
v 12.139199 395.430267 -28.525272
v 13.783334 387.622955 -33.889835
v 14.901156 380.116180 -37.963974
v 20.450411 388.174866 -30.386082
v 20.800238 380.207062 -35.745720
v 22.300089 369.273376 -35.985847
v 23.401653 376.845337 -30.169264
v -4.163187 388.137238 -14.469839
v -0.945496 388.282928 -19.476372
v 1.561610 391.818970 -24.656132
v 4.053803 388.823334 -28.298950
v 5.543762 395.377136 -27.328432
v 4.919308 396.687683 -27.173470
v 8.165711 392.679565 -29.543079
v 8.736969 400.673767 -25.163250
v 12.139199 395.430267 -28.525272
v -0.779538 388.591827 -23.296989
v 1.561610 391.818970 -24.656132
v 4.919308 396.687683 -27.173470
v 1.075722 393.880127 -28.088730
v 5.543762 395.377136 -27.328432
v 4.919308 396.687683 -27.173470
v -4.567652 391.434143 -3.566390
v -3.260824 387.968567 -7.537081
v 1.624447 385.065369 -8.564866
v 1.739314 386.409851 -4.828007
v 8.728785 372.989594 -17.200504
v 10.365461 368.062561 -22.498024
v 11.834640 365.053558 -29.826443
v 17.549706 365.495544 -29.233017
v 16.429989 375.515930 -16.037552
v 17.424374 369.882202 -22.508507
v 21.519104 380.323059 -19.231857
v 23.401653 376.845337 -30.169264
v 22.195520 372.760315 -25.204506
v -4.567652 391.434143 -3.566390
v 1.624447 385.065369 -8.564866
v 1.739314 386.409851 -4.828007
v 1.455328 392.331665 -1.700591
v 5.393918 384.122681 -11.387794
v 7.479527 384.404053 -7.083262
v 1.455328 392.331665 -1.700591
v 2.209604 397.712585 -1.319745
v 5.393918 384.122681 -11.387794
v 6.956334 378.201111 -13.595896
v 7.479527 384.404053 -7.083262
v 8.746346 387.950134 -4.833041
v 9.742716 385.561340 -8.605378
v 10.182098 392.867950 -3.824722
v 15.424790 382.004211 -11.708679
v 16.429989 375.515930 -16.037552
v 21.519104 380.323059 -19.231857
v 5.543762 395.377136 -27.328432
v 8.598322 402.244995 -25.893227
v 8.736969 400.673767 -25.163250
v 12.139199 395.430267 -28.525272
v 12.832520 402.327942 -21.227859
v 8.746346 387.950134 -4.833041
v 9.742716 385.561340 -8.605378
v 10.182098 392.867950 -3.824722
v 13.436797 403.020996 -5.321971
v 13.299380 391.136536 -6.748129
v 18.235413 395.699677 -24.134556
v 15.859821 398.083008 -8.033693
v 15.424790 382.004211 -11.708679
v 20.450411 388.174866 -30.386082
v 20.301086 392.924377 -18.153572
v 19.579435 388.691772 -13.564737
v 22.567781 384.632080 -24.387308
v 21.519104 380.323059 -19.231857
v 23.401653 376.845337 -30.169264
v 5.543762 395.377136 -27.328432
v 8.992640 399.254944 -27.866516
v 8.598322 402.244995 -25.893227
v 12.917621 403.210388 -21.295740
v 12.832520 402.327942 -21.227859
v 16.212410 401.943512 -17.673128
v 18.235413 395.699677 -24.134556
v 17.533886 401.172241 -12.634995
v 15.859821 398.083008 -8.033693
v 20.301086 392.924377 -18.153572
v 8.992640 399.254944 -27.866516
v 14.466434 404.499268 -23.412624
v 12.917621 403.210388 -21.295740
v 16.212410 401.943512 -17.673128
v -5.486454 389.351013 -9.897828
v -0.945496 388.282928 -19.476372
v 1.375535 384.478180 -24.668121
v -0.230733 386.448608 -13.001138
v -3.260824 387.968567 -7.537081
v -0.230733 386.448608 -13.001138
v 1.624447 385.065369 -8.564866
v 5.393918 384.122681 -11.387794
v 1.375535 384.478180 -24.668121
v -0.230733 386.448608 -13.001138
v 1.797078 380.024597 -18.205744
v 4.147270 378.801544 -29.350498
v 3.294645 374.280029 -22.732040
v 6.841790 373.561920 -33.190033
v 5.761655 369.879272 -27.894762
v 5.393918 384.122681 -11.387794
v 6.956334 378.201111 -13.595896
v 48.639713 503.121674 75.898384
v 47.039284 503.606873 79.648346
v 48.265869 504.843018 79.395096
v 44.338478 505.149017 76.339462
v 44.433743 506.476715 79.192993
v 45.880192 507.707214 78.567162
v 45.777599 507.433044 80.898773
v 47.039284 503.606873 79.648346
v 46.973114 503.545837 80.933754
v 44.508820 504.689514 79.630310
v 44.508820 504.689514 79.630310
v 44.523609 504.600037 80.989006
v 44.338478 505.149017 76.339462
v 44.433743 506.476715 79.192993
v 44.649742 506.496613 80.805634
v 48.639713 503.121674 75.898384
v 48.265869 504.843018 79.395096
v 48.755600 505.065094 74.427757
v 48.379543 506.597839 78.608002
v 48.477116 507.069580 77.650185
v 47.196644 501.636780 76.707565
v 44.385921 502.221313 77.055130
v 48.639713 503.121674 75.898384
v 47.039284 503.606873 79.648346
v 44.508820 504.689514 79.630310
v 44.338478 505.149017 76.339462
v 48.755600 505.065094 74.427757
v 48.998520 506.245453 73.679649
v 48.379543 506.597839 78.608002
v 44.433743 506.476715 79.192993
v 48.477116 507.069580 77.650185
v 44.649742 506.496613 80.805634
v 45.880192 507.707214 78.567162
v 45.777599 507.433044 80.898773
v 46.651707 508.010376 77.250397
v 44.338478 505.149017 76.339462
v 48.998520 506.245453 73.679649
v 45.902878 506.861816 74.058121
v 46.836266 507.413849 73.351929
v 45.880192 507.707214 78.567162
v 46.651707 508.010376 77.250397
v 48.379543 506.597839 78.608002
v 48.201385 506.232178 80.921089
v 45.880192 507.707214 78.567162
v 45.777599 507.433044 80.898773
v 46.973114 503.545837 80.933754
v 44.508820 504.689514 79.630310
v 44.523609 504.600037 80.989006
v 46.973114 503.545837 80.933754
v 46.968056 503.626862 82.505394
v 46.911812 503.040344 84.096664
v 48.103729 504.765625 80.855186
v 44.523609 504.600037 80.989006
v 46.566952 503.333374 85.806694
v 48.145927 504.671387 82.522896
v 47.950588 504.177673 84.282204
v 44.738567 504.498596 82.571114
v 44.716057 504.049347 84.240677
v 45.299305 503.900330 85.889694
v 47.271664 504.008606 86.358215
v 44.649742 506.496613 80.805634
v 45.441120 504.830566 86.453918
v 44.751801 506.071411 82.662651
v 44.884144 505.541382 84.443588
v 48.265869 504.843018 79.395096
v 48.103729 504.765625 80.855186
v 48.145927 504.671387 82.522896
v 47.950588 504.177673 84.282204
v 47.271664 504.008606 86.358215
v 48.379543 506.597839 78.608002
v 48.201385 506.232178 80.921089
v 44.649742 506.496613 80.805634
v 45.441120 504.830566 86.453918
v 47.477062 505.128235 86.146584
v 48.335945 506.256744 82.707535
v 44.751801 506.071411 82.662651
v 44.884144 505.541382 84.443588
v 46.066147 505.766418 86.231232
v 45.777599 507.433044 80.898773
v 45.871433 507.276550 82.842873
v 47.039284 503.606873 79.648346
v 46.973114 503.545837 80.933754
v 48.265869 504.843018 79.395096
v 48.103729 504.765625 80.855186
v 11.834640 365.053558 -29.826443
v 12.985771 367.144806 -30.410669
v 17.549706 365.495544 -29.233017
v 18.348877 366.220367 -30.559523
v 21.696407 364.243530 -33.862267
v 17.549706 365.495544 -29.233017
v 21.696407 364.243530 -33.862267
v 22.631901 367.057373 -31.979753
v 9.759384 361.777771 -40.679482
v 8.360349 355.346741 -36.002304
v 11.997721 371.411652 -41.334854
v 13.438373 360.736969 -42.919464
v 12.409451 355.637756 -40.999725
v 13.438373 360.736969 -42.919464
v 15.929150 372.330078 -42.415321
v 18.144718 359.629822 -42.372475
v 18.144718 359.629822 -42.372475
v 20.631439 371.821594 -40.544193
v 21.765604 362.127045 -38.626911
v 21.765604 362.127045 -38.626911
v 22.300089 369.273376 -35.985847
v 21.696407 364.243530 -33.862267
v 22.631901 367.057373 -31.979753
v 2.873780 351.546967 -28.096462
v 4.390782 355.457611 -30.900026
v 2.286750 346.490845 -24.598457
v 6.750604 358.853149 -32.426163
v 8.360349 355.346741 -36.002304
v 3.341573 341.861359 -22.816256
v 8.355824 349.452972 -33.429390
v 4.444282 338.527740 -21.379543
v 7.362177 343.901093 -29.578945
v 10.871286 352.216797 -37.125214
v 7.774659 337.747467 -25.075872
v 5.263059 330.660797 -17.167219
v 5.072024 324.164734 -13.835913
v 7.930560 329.296234 -21.243416
v 6.737116 321.487579 -19.344524
v 16.953754 351.436646 -37.211266
v 16.272236 348.060486 -33.322865
v 15.249618 342.730316 -29.442453
v 14.111560 336.612976 -26.237507
v 12.872511 328.514465 -22.158569
v 11.967361 321.694580 -20.951061
v 20.502815 353.313843 -32.903831
v 17.544834 337.401733 -21.556087
v 21.376369 350.284302 -28.898056
v 20.310776 344.846283 -25.286171
v 2.873780 351.546967 -28.096462
v 4.390782 355.457611 -30.900026
v 2.286750 346.490845 -24.598457
v 4.787149 360.060272 -25.717623
v 3.263997 355.851440 -21.631573
v 6.750604 358.853149 -32.426163
v 7.037985 361.872589 -29.313696
v 3.341573 341.861359 -22.816256
v 3.517163 350.453339 -17.929314
v 4.444282 338.527740 -21.379543
v 5.220112 344.344757 -15.510736
v 5.263059 330.660797 -17.167219
v 12.347342 364.193756 -25.957115
v 7.485844 339.854767 -14.419878
v 11.759418 362.326050 -21.531822
v 7.100442 331.552887 -13.327753
v 6.778790 324.785889 -10.720696
v 10.941579 358.184692 -15.882463
v 10.374017 352.095306 -12.911066
v 10.317491 345.385773 -12.597244
v 12.872511 328.514465 -22.158569
v 10.824306 331.476501 -11.576838
v 12.263497 339.673187 -12.907266
v 11.137383 324.154572 -9.349432
v 11.967361 321.694580 -20.951061
v 18.417685 362.905243 -26.143171
v 20.502815 353.313843 -32.903831
v 18.793400 360.331940 -21.402927
v 15.099065 345.008179 -12.455778
v 14.330926 330.631439 -13.227599
v 15.687564 329.236572 -18.393021
v 17.544834 337.401733 -21.556087
v 16.912239 350.829773 -13.604635
v 18.302795 356.405518 -16.559765
v 21.376369 350.284302 -28.898056
v 22.266132 357.718811 -29.225758
v 20.310776 344.846283 -25.286171
v 17.253197 338.835846 -15.891911
v 22.449245 355.441925 -25.046532
v 19.731861 343.045776 -17.631804
v 22.124325 351.976959 -21.518093
v 21.294357 347.334351 -19.005821
v 5.263059 330.660797 -17.167219
v 5.072024 324.164734 -13.835913
v 7.100442 331.552887 -13.327753
v 6.778790 324.785889 -10.720696
v 14.330926 330.631439 -13.227599
v 15.687564 329.236572 -18.393021
v 14.191809 322.255371 -11.670293
v 11.967361 321.694580 -20.951061
v 15.687564 329.236572 -18.393021
v 13.853884 320.336426 -17.713394
v 8.789962 367.685272 -39.152596
v 6.750604 358.853149 -32.426163
v 8.582733 363.918762 -36.882484
v 9.759384 361.777771 -40.679482
v 8.530477 364.813690 -33.738808
v 7.037985 361.872589 -29.313696
v 8.360349 355.346741 -36.002304
v 9.983830 355.930664 -40.608196
v 11.980186 360.466003 -44.512199
v 11.111537 354.588654 -42.230743
v 12.542472 358.475006 -45.570442
v 10.871286 352.216797 -37.125214
v 13.438373 360.736969 -42.919464
v 12.409451 355.637756 -40.999725
v 15.254848 363.890503 -47.704201
v 15.951867 362.018768 -48.863815
v 11.672414 350.495667 -37.026138
v 13.307956 349.487640 -38.780014
v 12.985771 367.144806 -30.410669
v 16.706814 355.986328 -47.236626
v 15.940818 352.472107 -44.441708
v 12.347342 364.193756 -25.957115
v 15.442744 349.828613 -40.704529
v 20.660709 367.203613 -50.035934
v 18.144718 359.629822 -42.372475
v 21.156460 365.428833 -50.581825
v 19.685413 364.257019 -45.437386
v 17.716946 355.282471 -40.416168
v 17.979698 359.104828 -39.756027
v 16.953754 351.436646 -37.211266
v 16.781071 353.673767 -35.499939
v 21.249317 359.404541 -49.186256
v 20.722370 355.233612 -46.947857
v 20.045765 352.076324 -44.056602
v 16.606121 346.645355 -33.149467
v 19.006973 349.348297 -40.180359
v 17.663780 346.707764 -35.437847
v 18.348877 366.220367 -30.559523
v 21.765604 362.127045 -38.626911
v 18.417685 362.905243 -26.143171
v 24.257191 365.488586 -44.128872
v 24.598595 363.612732 -45.607132
v 21.521053 357.260132 -36.229813
v 21.696407 364.243530 -33.862267
v 24.096207 356.877258 -44.483177
v 20.502815 353.313843 -32.903831
v 21.964329 350.440796 -38.269413
v 23.550304 353.499695 -41.526665
v 21.549473 350.452271 -32.260807
v 22.349289 350.593323 -34.888191
v 25.316498 359.959961 -40.254417
v 25.010117 362.055664 -38.448502
v 22.266132 357.718811 -29.225758
v 25.185165 356.062958 -36.866371
v 24.940559 357.876923 -34.499725
v 8.789962 367.685272 -39.152596
v 8.582733 363.918762 -36.882484
v 8.211504 365.734924 -33.430820
v 8.530477 364.813690 -33.738808
v 8.211504 365.734924 -33.430820
v 8.530477 364.813690 -33.738808
v 11.834640 365.053558 -29.826443
v 12.985771 367.144806 -30.410669
v 6.841790 373.561920 -33.190033
v 5.761655 369.879272 -27.894762
v 8.789962 367.685272 -39.152596
v 8.211504 365.734924 -33.430820
v 11.997721 371.411652 -41.334854
v 13.438373 360.736969 -42.919464
v 15.929150 372.330078 -42.415321
v 15.929150 372.330078 -42.415321
v 18.144718 359.629822 -42.372475
v 20.631439 371.821594 -40.544193
v 20.631439 371.821594 -40.544193
v 21.765604 362.127045 -38.626911
v 22.300089 369.273376 -35.985847
v 6.841790 373.561920 -33.190033
v 8.789962 367.685272 -39.152596
v 10.042415 378.389618 -37.624668
v 9.759384 361.777771 -40.679482
v 11.997721 371.411652 -41.334854
v 14.901156 380.116180 -37.963974
v 15.929150 372.330078 -42.415321
v 20.631439 371.821594 -40.544193
v 22.300089 369.273376 -35.985847
v 22.631901 367.057373 -31.979753
v 23.401653 376.845337 -30.169264
v 20.631439 371.821594 -40.544193
v 20.800238 380.207062 -35.745720
v 22.300089 369.273376 -35.985847
v 40.751686 506.149323 75.629486
v 40.295231 507.021149 79.306129
v 44.052231 508.227692 79.412537
v 44.162273 509.071014 77.428047
v 41.422398 508.787476 79.200165
v 41.539120 508.381897 81.481865
v 42.078316 509.454712 77.030037
v 40.575260 505.316223 79.636375
v 40.751686 506.149323 75.629486
v 40.295231 507.021149 79.306129
v 40.503105 506.940186 81.405701
v 40.644211 503.133881 76.334618
v 43.170502 504.733521 80.002617
v 40.575260 505.316223 79.636375
v 40.675453 505.254761 81.404366
v 40.751686 506.149323 75.629486
v 43.170502 504.733521 80.002617
v 44.338478 505.149017 76.339462
v 43.192936 504.633118 81.437477
v 44.196663 506.141449 79.774445
v 44.060013 506.100403 81.442307
v 44.338478 505.149017 76.339462
v 44.196663 506.141449 79.774445
v 44.855305 507.367737 73.897339
v 44.052231 508.227692 79.412537
v 43.901779 507.823090 81.471161
v 44.162273 509.071014 77.428047
v 44.196663 506.141449 79.774445
v 44.060013 506.100403 81.442307
v 43.901779 507.823090 81.471161
v 43.393143 502.493347 76.760765
v 40.644211 503.133881 76.334618
v 43.170502 504.733521 80.002617
v 44.338478 505.149017 76.339462
v 40.295231 507.021149 79.306129
v 40.503105 506.940186 81.405701
v 40.645962 506.685425 83.264648
v 44.052231 508.227692 79.412537
v 43.901779 507.823090 81.471161
v 44.064987 507.550232 83.409599
v 41.539120 508.381897 81.481865
v 41.539993 508.219604 83.513191
v 43.275002 504.475372 83.074562
v 43.289055 504.102753 84.902519
v 42.850601 504.181580 86.668182
v 40.933647 505.108856 83.114342
v 40.937805 504.713318 84.955849
v 41.510189 504.501587 86.707306
v 44.176830 505.770752 83.165146
v 44.106277 505.384552 85.086655
v 43.519970 505.066376 87.308525
v 41.301937 505.599609 87.421776
v 40.645962 506.685425 83.264648
v 40.736942 506.244019 85.201859
v 43.192936 504.633118 81.437477
v 43.275002 504.475372 83.074562
v 40.575260 505.316223 79.636375
v 40.675453 505.254761 81.404366
v 40.933647 505.108856 83.114342
v 44.060013 506.100403 81.442307
v 44.176830 505.770752 83.165146
v 40.503105 506.940186 81.405701
v 40.645962 506.685425 83.264648
v 43.170502 504.733521 80.002617
v 43.192936 504.633118 81.437477
v 40.675453 505.254761 81.404366
v 44.060013 506.100403 81.442307
v 44.176830 505.770752 83.165146
v 44.106277 505.384552 85.086655
v 40.645962 506.685425 83.264648
v 40.736942 506.244019 85.201859
v 43.901779 507.823090 81.471161
v 43.436569 506.365051 87.073792
v 44.064987 507.550232 83.409599
v 41.834457 506.755005 87.175247
v 41.539993 508.219604 83.513191
v 44.106277 505.384552 85.086655
v 43.519970 505.066376 87.308525
v 41.301937 505.599609 87.421776
v 40.736942 506.244019 85.201859
v 43.436569 506.365051 87.073792
v 41.834457 506.755005 87.175247
v 36.871914 505.547363 74.890167
v 36.116455 505.454651 77.694366
v 35.286232 506.754517 78.798958
v 35.356884 507.177734 77.706863
v 36.854065 503.016968 75.518990
v 35.786396 503.876953 77.989777
v 36.871914 505.547363 74.890167
v 36.116455 505.454651 77.694366
v 35.989414 505.317932 78.728073
v 36.871914 505.547363 74.890167
v 36.715359 507.664490 73.583328
v 32.818966 506.815674 77.116699
v 35.356884 507.177734 77.706863
v 33.173000 507.599976 76.392937
v 35.165215 508.045258 76.811218
v 34.169266 503.134918 74.736374
v 32.985710 504.496826 73.397850
v 32.626400 504.816010 76.996399
v 34.169266 503.134918 74.736374
v 33.338306 503.498444 77.370827
v 32.626400 504.816010 76.996399
v 36.854065 503.016968 75.518990
v 34.169266 503.134918 74.736374
v 33.338306 503.498444 77.370827
v 35.786396 503.876953 77.989777
v 32.985710 504.496826 73.397850
v 32.626400 504.816010 76.996399
v 33.613968 506.575256 73.234360
v 36.715359 507.664490 73.583328
v 33.888138 507.642120 72.970352
v 32.818966 506.815674 77.116699
v 36.442959 508.559143 73.051918
v 33.173000 507.599976 76.392937
v 35.165215 508.045258 76.811218
v 33.338306 503.498444 77.370827
v 35.786396 503.876953 77.989777
v 33.229034 503.424500 78.147720
v 35.778557 503.755493 78.695030
v 35.989414 505.317932 78.728073
v 36.116455 505.454651 77.694366
v 35.989414 505.317932 78.728073
v 32.594429 504.587799 79.476028
v 35.918163 505.046661 80.076065
v 32.434200 504.222473 81.076653
v 35.541412 504.661865 81.686508
v 32.726494 503.904480 82.967117
v 34.720863 504.180603 83.416878
v 32.842934 504.914368 82.893562
v 34.428246 505.127686 83.253632
v 35.286232 506.754517 78.798958
v 32.744682 506.184326 79.791054
v 35.132580 506.475006 80.245117
v 32.626400 504.816010 76.996399
v 32.669075 504.816223 78.044533
v 32.594429 504.587799 79.476028
v 32.975716 506.408081 78.240631
v 35.286232 506.754517 78.798958
v 35.356884 507.177734 77.706863
v 32.744682 506.184326 79.791054
v 35.132580 506.475006 80.245117
v 32.626400 504.816010 76.996399
v 32.975716 506.408081 78.240631
v 32.818966 506.815674 77.116699
v 35.356884 507.177734 77.706863
v 33.306137 503.416565 79.429619
v 35.632309 503.678223 79.899590
v 33.083282 503.006683 80.961304
v 35.403519 503.277832 81.436142
v 33.428761 503.101044 82.538292
v 34.492905 503.227936 82.786652
v 32.669075 504.816223 78.044533
v 35.989414 505.317932 78.728073
v 32.594429 504.587799 79.476028
v 35.918163 505.046661 80.076065
v 32.434200 504.222473 81.076653
v 35.541412 504.661865 81.686508
v 32.726494 503.904480 82.967117
v 34.720863 504.180603 83.416878
v 33.338306 503.498444 77.370827
v 33.229034 503.424500 78.147720
v 35.778557 503.755493 78.695030
v 33.306137 503.416565 79.429619
v 35.632309 503.678223 79.899590
v 32.626400 504.816010 76.996399
v 32.669075 504.816223 78.044533
v 35.989414 505.317932 78.728073
v 40.118538 506.370605 79.025787
v 40.033424 506.241455 80.347260
v 39.428436 507.986664 80.357704
v 39.516045 508.576416 78.745201
v 37.406921 503.003357 75.631149
v 36.854065 503.016968 75.518990
v 36.910049 504.942841 78.751328
v 36.871914 505.547363 74.890167
v 36.821091 504.785248 80.067184
v 36.375416 506.592285 78.466927
v 36.467594 506.462280 80.089607
v 40.751686 506.149323 75.629486
v 40.118538 506.370605 79.025787
v 39.516045 508.576416 78.745201
v 40.068985 503.234009 76.215195
v 37.406921 503.003357 75.631149
v 39.422443 504.797028 79.122910
v 39.465347 504.551819 80.252472
v 40.751686 506.149323 75.629486
v 36.910049 504.942841 78.751328
v 36.821091 504.785248 80.067184
v 40.118538 506.370605 79.025787
v 40.033424 506.241455 80.347260
v 36.375416 506.592285 78.466927
v 36.467594 506.462280 80.089607
v 39.428436 507.986664 80.357704
v 40.401978 508.843475 73.026855
v 39.516045 508.576416 78.745201
v 37.251186 508.077209 80.264442
v 39.475365 509.339539 77.401787
v 37.275879 508.673645 78.605766
v 37.538486 509.277313 77.073502
v 36.871914 505.547363 74.890167
v 37.481182 508.023712 73.331833
v 37.275879 508.673645 78.605766
v 37.538486 509.277313 77.073502
v 40.745205 508.176666 73.634323
v 39.516045 508.576416 78.745201
v 39.475365 509.339539 77.401787
v 36.871914 505.547363 74.890167
v 36.375416 506.592285 78.466927
v 37.251186 508.077209 80.264442
v 37.275879 508.673645 78.605766
v 39.465347 504.551819 80.252472
v 39.476891 504.386261 81.746788
v 36.821091 504.785248 80.067184
v 37.078968 504.593079 81.692238
v 40.033424 506.241455 80.347260
v 36.467594 506.462280 80.089607
v 40.033424 506.241455 80.347260
v 40.215412 505.868622 81.935074
v 36.467594 506.462280 80.089607
v 36.573582 506.163208 81.857025
v 39.428436 507.986664 80.357704
v 39.661709 507.631805 82.200874
v 37.251186 508.077209 80.264442
v 37.217075 507.792572 82.194901
v 39.428436 507.986664 80.357704
v 37.251186 508.077209 80.264442
v 37.275879 508.673645 78.605766
v 40.215412 505.868622 81.935074
v 40.091496 505.455872 83.861893
v 39.420128 504.999176 86.093689
v 36.573582 506.163208 81.857025
v 36.650543 505.715210 83.779305
v 37.187531 505.167938 86.072624
v 39.121365 506.240234 85.830086
v 39.661709 507.631805 82.200874
v 37.444744 506.364349 85.821732
v 37.217075 507.792572 82.194901
v 39.476891 504.386261 81.746788
v 39.463688 504.016296 83.588333
v 37.078968 504.593079 81.692238
v 37.039024 504.217072 83.536636
v 38.885246 504.130798 85.304436
v 40.033424 506.241455 80.347260
v 37.603863 504.247925 85.277695
v 40.215412 505.868622 81.935074
v 40.091496 505.455872 83.861893
v 39.420128 504.999176 86.093689
v 36.467594 506.462280 80.089607
v 36.573582 506.163208 81.857025
v 36.650543 505.715210 83.779305
v 37.187531 505.167938 86.072624
v 20.495411 473.330292 22.626806
v 18.727142 470.367950 25.422384
v 20.468863 471.666290 32.422901
v 27.666752 456.006104 32.735542
v 22.967962 461.643066 33.159996
v 21.321331 466.620056 34.030682
v 26.093468 460.063293 35.873039
v 25.631680 455.183960 7.212643
v 24.035881 466.414459 11.720184
v 26.114124 464.161682 15.006140
v 23.066124 452.597839 10.163708
v 26.114124 464.161682 15.006140
v 35.801682 469.487885 22.036303
v 30.361370 478.653076 27.559896
v 39.781776 476.456604 28.497753
v 25.939264 475.718048 28.340168
v 32.282051 480.824341 33.216526
v 26.784130 476.339630 31.339340
v 43.531761 477.046234 35.254433
v 24.199205 472.695801 34.459648
v 27.660019 476.787628 37.238186
v 36.831642 480.573730 39.220272
v 45.350529 475.161865 39.280998
v 24.686935 466.685669 37.374012
v 27.301903 467.615234 40.050453
v 31.817030 476.056763 41.872250
v 45.749531 476.843384 40.319656
v 28.107018 460.811951 39.483826
v 39.826126 476.840210 41.927216
v 30.666618 467.795654 44.197220
v 34.582329 473.451569 43.951977
v 31.246773 461.372864 43.525070
v 33.187569 456.632141 43.047844
v 33.505947 467.112640 47.201080
v 35.299568 462.513611 46.610115
v 32.513672 467.417450 48.929485
v 36.371239 462.751587 51.941818
v 40.790489 459.293640 52.507950
v 27.666752 456.006104 32.735542
v 34.448631 452.851776 32.801662
v 24.686935 466.685669 37.374012
v 26.093468 460.063293 35.873039
v 38.449921 454.020142 35.904148
v 30.190865 454.941833 36.681038
v 28.107018 460.811951 39.483826
v 35.736412 454.294189 40.502560
v 40.833084 456.582397 42.110054
v 33.187569 456.632141 43.047844
v 37.492439 457.965637 44.906685
v 43.430511 454.224670 44.701515
v 35.299568 462.513611 46.610115
v 48.095108 454.508881 48.100979
v 40.967964 455.877441 46.864922
v 49.275818 456.257263 52.262192
v 45.468555 456.338989 52.434048
v 42.975597 457.766449 51.731346
v 40.790489 459.293640 52.507950
v 42.123512 457.374573 35.861542
v 38.449921 454.020142 35.904148
v 43.719475 456.475098 39.170662
v 45.656158 454.341705 40.829414
v 40.833084 456.582397 42.110054
v 49.701126 454.767029 45.904373
v 43.430511 454.224670 44.701515
v 48.095108 454.508881 48.100979
v 52.286476 457.191833 50.923553
v 49.275818 456.257263 52.262192
v 45.656158 454.341705 40.829414
v 52.808640 456.297058 45.571873
v 49.701126 454.767029 45.904373
v 54.147980 457.963013 48.442329
v 52.286476 457.191833 50.923553
v 35.801682 469.487885 22.036303
v 39.551182 464.273010 22.879482
v 39.318913 458.710510 23.251587
v 37.893547 456.122070 23.928259
v 44.839439 468.572571 26.578388
v 39.781776 476.456604 28.497753
v 45.896675 461.151978 25.422184
v 33.975410 454.069855 26.962240
v 43.592865 457.279297 26.122231
v 30.723682 454.649719 28.636486
v 39.587399 453.509064 28.017445
v 43.531761 477.046234 35.254433
v 48.235619 461.855103 32.123024
v 44.840050 457.411194 31.218401
v 47.431755 468.128906 34.243286
v 48.380722 468.388611 36.020519
v 41.103546 454.948486 32.237392
v 49.124344 463.545349 35.366154
v 27.666752 456.006104 32.735542
v 34.448631 452.851776 32.801662
v 45.350529 475.161865 39.280998
v 51.079006 471.074799 39.756424
v 42.123512 457.374573 35.861542
v 47.128952 459.142395 36.980164
v 38.449921 454.020142 35.904148
v 55.151653 465.944336 42.450104
v 51.823158 460.143555 39.039185
v 45.749531 476.843384 40.319656
v 43.719475 456.475098 39.170662
v 52.136494 457.571960 40.696049
v 45.656158 454.341705 40.829414
v 37.893547 456.122070 23.928259
v 28.101637 453.980438 26.798660
v 23.027981 454.403015 30.267200
v 33.975410 454.069855 26.962240
v 30.723682 454.649719 28.636486
v 24.476442 448.250336 21.976482
v 23.761786 444.008362 14.128554
v 23.853596 444.138977 19.105976
v 24.295357 450.943726 23.546812
v 35.801682 469.487885 22.036303
v 39.551182 464.273010 22.879482
v 39.318913 458.710510 23.251587
v 37.893547 456.122070 23.928259
v 28.101637 453.980438 26.798660
v 55.151653 465.944336 42.450104
v 51.823158 460.143555 39.039185
v 55.238094 464.405975 44.125175
v 52.136494 457.571960 40.696049
v 45.656158 454.341705 40.829414
v 55.846737 461.376221 45.732742
v 52.808640 456.297058 45.571873
v 19.836073 467.905396 4.028645
v 20.107981 472.783447 10.977358
v 21.712814 474.152771 18.301512
v 23.817337 475.399384 26.931259
v 20.495411 473.330292 22.626806
v 24.199205 472.695801 34.459648
v 20.468863 471.666290 32.422901
v 21.321331 466.620056 34.030682
v 24.686935 466.685669 37.374012
v 26.093468 460.063293 35.873039
v 23.027981 454.403015 30.267200
v 23.146915 456.188599 30.606825
v 30.723682 454.649719 28.636486
v 23.146915 456.188599 30.606825
v 16.574718 463.297028 29.418255
v 30.723682 454.649719 28.636486
v 23.328327 458.250031 32.409309
v 27.666752 456.006104 32.735542
v 19.836073 467.905396 4.028645
v 22.130348 466.697876 8.304964
v 24.035881 466.414459 11.720184
v 26.114124 464.161682 15.006140
v 24.671730 470.260986 16.067963
v 21.712814 474.152771 18.301512
v 25.939264 475.718048 28.340168
v 23.817337 475.399384 26.931259
v 24.199205 472.695801 34.459648
v 18.727142 470.367950 25.422384
v 17.507744 467.147461 27.693022
v 23.328327 458.250031 32.409309
v 27.666752 456.006104 32.735542
v 22.967962 461.643066 33.159996
v 55.846737 461.376221 45.732742
v 52.808640 456.297058 45.571873
v 54.147980 457.963013 48.442329
v 17.937206 471.013184 6.325133
v 15.611297 470.892456 10.065786
v 20.107981 472.783447 10.977358
v 17.075157 473.194153 14.410973
v 20.495411 473.330292 22.626806
v 18.727142 470.367950 25.422384
v 11.280410 469.422058 14.560240
v 15.611297 470.892456 10.065786
v 17.075157 473.194153 14.410973
v 13.688578 471.307129 19.463627
v 18.727142 470.367950 25.422384
v 17.507744 467.147461 27.693022
v 10.909624 469.499634 7.077113
v 7.700445 470.566162 12.937577
v 8.475876 465.266785 20.164234
v 11.280410 469.422058 14.560240
v 4.154848 467.484131 19.044733
v 5.851172 460.336365 24.792517
v 8.475876 465.266785 20.164234
v 10.909624 469.499634 7.077113
v 11.280410 469.422058 14.560240
v 15.611297 470.892456 10.065786
v 5.424436 453.958984 27.262169
v 5.851172 460.336365 24.792517
v 11.448656 455.009583 26.577087
v 9.259604 460.735840 26.549877
v 17.358210 454.607605 30.541130
v 16.399164 459.016785 30.567139
v 5.851172 460.336365 24.792517
v 8.475876 465.266785 20.164234
v 9.259604 460.735840 26.549877
v 10.580526 467.220764 23.400791
v 17.358210 454.607605 30.541130
v 16.399164 459.016785 30.567139
v 23.146915 456.188599 30.606825
v 16.574718 463.297028 29.418255
v 8.475876 465.266785 20.164234
v 11.280410 469.422058 14.560240
v 10.580526 467.220764 23.400791
v 13.688578 471.307129 19.463627
v 16.574718 463.297028 29.418255
v 17.507744 467.147461 27.693022
v 23.328327 458.250031 32.409309
v 15.424136 440.381653 22.375362
v 20.883839 443.537262 20.708942
v 20.969742 448.841980 24.145882
v 24.476442 448.250336 21.976482
v 23.853596 444.138977 19.105976
v 24.295357 450.943726 23.546812
v 12.842512 447.739258 25.453468
v 11.448656 455.009583 26.577087
v 20.969742 448.841980 24.145882
v 24.295357 450.943726 23.546812
v 20.956207 450.526733 27.162376
v 28.101637 453.980438 26.798660
v 11.448656 455.009583 26.577087
v 20.956207 450.526733 27.162376
v 17.358210 454.607605 30.541130
v 28.101637 453.980438 26.798660
v 23.027981 454.403015 30.267200
v 17.358210 454.607605 30.541130
v 23.027981 454.403015 30.267200
v 23.146915 456.188599 30.606825
v 47.825226 490.466888 69.259193
v 48.776184 488.659485 69.653755
v 48.473789 491.991760 67.377434
v 49.294350 490.533539 68.034973
v 50.287819 495.921356 65.900520
v 51.313309 494.385254 68.489624
v 46.670792 491.682190 69.075653
v 47.825226 490.466888 69.259193
v 47.533028 490.847290 71.259232
v 46.766327 495.010925 65.570023
v 48.473789 491.991760 67.377434
v 43.033722 497.039185 60.501976
v 50.287819 495.921356 65.900520
v 46.670792 491.682190 69.075653
v 45.030376 494.800385 68.692291
v 46.418068 492.125305 71.386139
v 43.037834 496.768127 62.373295
v 47.533028 490.847290 71.259232
v 46.766327 495.010925 65.570023
v 43.033722 497.039185 60.501976
v 48.776184 488.659485 69.653755
v 49.294350 490.533539 68.034973
v 51.613483 488.889648 68.887405
v 51.590107 492.122223 68.881844
v 51.313309 494.385254 68.489624
v 51.757824 496.011200 71.025871
v 51.613483 488.889648 68.887405
v 51.590107 492.122223 68.881844
v 51.972862 492.745941 71.113136
v 52.875298 490.118591 70.749916
v 51.757824 496.011200 71.025871
v 51.972862 492.745941 71.113136
v 51.282257 493.328094 72.931801
v 52.104256 490.977386 73.022476
v 52.875298 490.118591 70.749916
v 48.919083 491.756989 73.026253
v 51.972862 492.745941 71.113136
v 51.282257 493.328094 72.931801
v 49.771805 496.629791 73.540459
v 51.757824 496.011200 71.025871
v 46.418068 492.125305 71.386139
v 47.533028 490.847290 71.259232
v 48.919083 491.756989 73.026253
v 48.126785 493.516998 73.628288
v 49.771805 496.629791 73.540459
v 45.030376 494.800385 68.692291
v 46.418068 492.125305 71.386139
v 43.037834 496.768127 62.373295
v 44.263214 495.689331 71.181442
v 48.126785 493.516998 73.628288
v 44.679520 495.984802 73.459984
v 48.776184 488.659485 69.653755
v 49.032906 487.449768 71.051895
v 48.404419 489.667114 71.987038
v 51.613483 488.889648 68.887405
v 51.901131 487.596832 70.422356
v 49.032906 487.449768 71.051895
v 48.404419 489.667114 71.987038
v 48.654568 488.748230 72.678703
v 49.739113 486.145630 73.134407
v 49.305336 487.209991 74.267616
v 49.922157 486.104553 75.415466
v 50.694572 485.007874 74.740089
v 50.912910 485.510925 75.917648
v 52.124023 485.064819 74.450211
v 51.613483 488.889648 68.887405
v 51.901131 487.596832 70.422356
v 52.157013 486.354401 72.642487
v 52.466156 485.542908 75.626419
v 53.151283 486.462433 74.622467
v 53.121109 487.414795 73.439850
v 52.935005 489.036194 71.651321
v 52.875298 490.118591 70.749916
v 49.305336 487.209991 74.267616
v 49.922157 486.104553 75.415466
v 50.912910 485.510925 75.917648
v 50.173203 488.543396 75.328590
v 51.704895 486.524719 76.072609
v 52.466156 485.542908 75.626419
v 53.151283 486.462433 74.622467
v 53.121109 487.414795 73.439850
v 52.935005 489.036194 71.651321
v 52.104256 490.977386 73.022476
v 52.652752 488.661346 74.790100
v 52.875298 490.118591 70.749916
v 47.533028 490.847290 71.259232
v 48.404419 489.667114 71.987038
v 48.919083 491.756989 73.026253
v 49.564682 490.094940 73.401428
v 51.282257 493.328094 72.931801
v 48.404419 489.667114 71.987038
v 48.654568 488.748230 72.678703
v 49.305336 487.209991 74.267616
v 49.564682 490.094940 73.401428
v 50.173203 488.543396 75.328590
v 51.282257 493.328094 72.931801
v 52.104256 490.977386 73.022476
v 47.825226 490.466888 69.259193
v 48.776184 488.659485 69.653755
v 47.533028 490.847290 71.259232
v 48.404419 489.667114 71.987038
v 1.611888 303.079224 -30.928799
v 2.657849 303.088654 -30.718395
v 3.724295 298.266052 -33.417336
v 4.576983 300.002472 -34.228943
v 5.296826 300.343933 -33.687477
v 6.541609 303.297668 -34.791412
v 9.948069 305.854218 -31.899200
v 8.650318 298.744537 -34.233463
v 8.525254 298.076752 -35.002434
v 9.903580 301.949249 -35.382874
v 7.970534 296.146454 -34.413643
v 12.241076 298.816742 -31.949966
v 13.324156 301.569031 -32.999615
v 12.982811 298.355713 -32.278587
v 12.698944 296.309204 -31.487595
v 15.599895 305.204926 -20.349548
v 15.265236 303.442871 -19.110960
v 15.309031 300.079437 -27.909496
v 15.133463 298.252045 -26.891687
v 16.640663 302.401733 -23.261120
v 16.476259 300.765381 -22.201191
v -0.698083 305.079376 -25.646523
v 0.224588 306.863770 -22.297760
v 0.428225 301.640564 -30.039425
v 3.724295 298.266052 -33.417336
v 7.970534 296.146454 -34.413643
v 12.698944 296.309204 -31.487595
v 15.265236 303.442871 -19.110960
v 15.133463 298.252045 -26.891687
v 16.476259 300.765381 -22.201191
v 12.241076 298.816742 -31.949966
v 13.324156 301.569031 -32.999615
v 14.847755 305.515808 -20.768488
v 12.982811 298.355713 -32.278587
v 15.599895 305.204926 -20.349548
v 14.578911 300.506500 -27.831898
v 15.863194 302.713135 -23.613697
v 15.309031 300.079437 -27.909496
v 16.640663 302.401733 -23.261120
v 6.706988 306.381561 -32.067238
v 6.541609 303.297668 -34.791412
v 10.243827 312.188843 -26.108624
v 9.903820 308.887390 -28.836090
v 9.948069 305.854218 -31.899200
v 13.320555 311.057220 -24.617235
v 13.068766 307.609375 -27.531464
v 9.948069 305.854218 -31.899200
v 13.315880 304.575684 -31.029903
v 15.027727 307.894897 -22.331806
v 13.324156 301.569031 -32.999615
v 14.847755 305.515808 -20.768488
v 15.066565 302.967255 -29.480896
v 15.763201 304.953491 -24.834265
v 14.578911 300.506500 -27.831898
v 15.863194 302.713135 -23.613697
v 2.657849 303.088654 -30.718395
v 4.148394 305.666809 -31.774197
v 6.433066 312.242493 -26.054073
v 6.320005 309.046783 -29.166803
v 6.706988 306.381561 -32.067238
v 6.541609 303.297668 -34.791412
v 10.243827 312.188843 -26.108624
v 9.903820 308.887390 -28.836090
v 9.948069 305.854218 -31.899200
v 13.320555 311.057220 -24.617235
v 13.068766 307.609375 -27.531464
v 13.315880 304.575684 -31.029903
v 15.027727 307.894897 -22.331806
v 15.066565 302.967255 -29.480896
v 15.763201 304.953491 -24.834265
v 3.820580 310.379944 -24.669212
v 3.193424 307.916962 -28.192959
v 2.657849 303.088654 -30.718395
v 4.148394 305.666809 -31.774197
v 6.433066 312.242493 -26.054073
v 6.320005 309.046783 -29.166803
v 0.288057 306.373047 -26.757294
v 1.948671 308.340118 -23.411110
v 1.426996 306.184814 -26.578682
v 0.428225 301.640564 -30.039425
v 3.820580 310.379944 -24.669212
v 1.611888 303.079224 -30.928799
v 3.193424 307.916962 -28.192959
v 2.657849 303.088654 -30.718395
v 3.724295 298.266052 -33.417336
v -0.698083 305.079376 -25.646523
v 0.952566 308.530731 -23.486174
v 0.288057 306.373047 -26.757294
v 1.948671 308.340118 -23.411110
v 1.426996 306.184814 -26.578682
v 0.428225 301.640564 -30.039425
v -0.698083 305.079376 -25.646523
v 0.224588 306.863770 -22.297760
v 0.952566 308.530731 -23.486174
v -2.858542 417.664001 -39.725662
v 0.923726 410.074707 -39.439999
v 4.594861 419.452576 -39.533905
v 13.436797 403.020996 -5.321971
v 16.678493 403.639191 -8.787577
v 15.859821 398.083008 -8.033693
v -12.335653 406.334808 -28.811150
v -14.624577 406.731049 -23.712065
v -7.569156 406.947723 -28.809237
v 2.209604 397.712585 -1.319745
v 6.885297 402.241608 -2.194961
v 10.182098 392.867950 -3.824722
v 13.436797 403.020996 -5.321971
v -16.250515 406.019562 -25.123932
v -17.184708 403.933655 -22.495487
v -17.511248 405.009521 -21.339918
v -12.335653 406.334808 -28.811150
v -14.624577 406.731049 -23.712065
v 1.708603 403.570862 -2.337591
v 2.209604 397.712585 -1.319745
v 6.885297 402.241608 -2.194961
v -18.635002 410.197205 -23.786844
v -18.685566 407.837036 -22.548069
v -18.207209 416.282379 -22.444647
v -17.797371 409.898468 -22.441601
v -16.250515 406.019562 -25.123932
v -17.511248 405.009521 -21.339918
v -13.596424 418.609924 -30.267670
v -13.116450 410.113342 -29.873055
v -11.756206 414.586945 -31.940498
v -18.139639 400.151855 -20.149836
v -17.184708 403.933655 -22.495487
v -17.511248 405.009521 -21.339918
v -17.105650 403.934418 -17.354866
v 14.466434 404.499268 -23.412624
v 16.212410 401.943512 -17.673128
v 17.843313 404.641235 -18.319004
v 16.678493 403.639191 -8.787577
v 17.533886 401.172241 -12.634995
v 18.402918 404.358734 -12.911990
v -18.685566 407.837036 -22.548069
v -17.797371 409.898468 -22.441601
v -17.511248 405.009521 -21.339918
v -18.748522 405.604431 -16.504658
v -19.601036 416.618286 -15.538127
v -18.157022 412.973328 -16.236765
v -17.105650 403.934418 -17.354866
v -14.312235 403.517792 -10.761845
v -13.760073 402.295044 -12.065508
v -14.359425 412.388641 -9.454430
v -10.709782 397.946777 -11.970795
v -10.137607 403.686188 -8.518450
v -5.212348 400.260376 -4.617011
v -4.705745 404.586304 -4.324952
v 1.708603 403.570862 -2.337591
v 13.342741 405.776672 -31.597033
v 12.584120 402.658539 -29.704874
v 18.268684 410.905151 -31.006422
v 14.466434 404.499268 -23.412624
v 16.985081 407.774994 -26.580563
v 16.291077 405.033447 -25.221886
v 19.016739 411.948242 -26.928509
v 19.453398 418.639893 -24.028477
v 17.843313 404.641235 -18.319004
v 20.516590 409.309845 -21.814026
v 21.476179 414.207336 -21.000710
v 10.574577 405.669708 -35.853569
v 9.863381 402.689392 -33.169670
v 9.430950 399.834290 -32.342869
v 8.992640 399.254944 -27.866516
v 13.354945 404.231689 -33.916454
v 13.342741 405.776672 -31.597033
v 12.584120 402.658539 -29.704874
v 15.175664 409.363190 -33.904682
v 18.268684 410.905151 -31.006422
v 14.466434 404.499268 -23.412624
v 18.793125 417.498596 -30.829678
v 19.016739 411.948242 -26.928509
v 19.453398 418.639893 -24.028477
v -17.105650 403.934418 -17.354866
v -14.901711 394.226685 -20.242908
v -13.760073 402.295044 -12.065508
v -11.838682 415.014069 -34.366581
v -11.131680 410.854645 -34.120956
v -11.756206 414.586945 -31.940498
v -7.863394 418.140106 -35.683563
v -6.334739 413.117371 -36.822636
v -2.858542 417.664001 -39.725662
v -19.661728 416.094116 -23.828461
v -18.635002 410.197205 -23.786844
v -14.357960 410.197968 -30.670681
v -14.901711 394.226685 -20.242908
v -13.760073 402.295044 -12.065508
v -10.709782 397.946777 -11.970795
v -10.137607 403.686188 -8.518450
v 16.985081 407.774994 -26.580563
v 16.291077 405.033447 -25.221886
v 18.302290 408.382721 -19.982183
v 17.843313 404.641235 -18.319004
v 19.755924 413.599487 -19.404366
v 20.516590 409.309845 -21.814026
v 19.429041 406.731750 -19.165545
v 19.042763 408.511261 -17.380968
v 21.476179 414.207336 -21.000710
v 20.498598 408.460785 -17.131229
v 21.068644 419.147675 -15.921458
v 19.001720 408.318176 -9.169088
v 0.923726 410.074707 -39.439999
v 4.594861 419.452576 -39.533905
v 4.195490 411.261963 -39.779789
v 5.286087 405.955414 -37.914612
v 6.952273 413.995728 -40.449154
v 8.338895 405.600372 -37.946976
v 9.270965 410.799652 -39.667622
v 9.774468 414.368805 -40.449516
v 11.891829 413.818054 -38.496017
v 13.163138 410.858032 -36.274815
v 13.799748 411.391937 -3.816302
v 14.544219 404.970947 -3.534710
v 16.678493 403.639191 -8.787577
v 17.454945 408.138062 -8.749983
v 17.063961 417.098267 -7.040025
v 18.290813 406.195007 -8.509855
v 2.997260 400.347900 -34.884472
v 4.945353 400.969177 -35.457607
v 4.396468 396.101440 -31.122927
v 5.923788 398.047485 -33.795616
v 8.299943 401.679779 -38.401268
v 8.338895 405.600372 -37.946976
v 9.270965 410.799652 -39.667622
v 9.732109 402.605408 -37.260124
v 8.540507 400.630951 -34.003201
v 10.574577 405.669708 -35.853569
v 10.726536 403.875427 -35.848587
v 9.863381 402.689392 -33.169670
v 9.430950 399.834290 -32.342869
v 13.163138 410.858032 -36.274815
v 13.354945 404.231689 -33.916454
v 15.175664 409.363190 -33.904682
v 6.885297 402.241608 -2.194961
v 6.578125 411.516388 -0.302064
v 7.148530 403.661804 0.105795
v 13.436797 403.020996 -5.321971
v 13.799748 411.391937 -3.816302
v 12.651526 417.568298 -1.402995
v 14.544219 404.970947 -3.534710
v 16.678493 403.639191 -8.787577
v 20.498598 408.460785 -17.131229
v 19.001720 408.318176 -9.169088
v 19.164738 417.038849 -7.286947
v -4.705745 404.586304 -4.324952
v 1.708603 403.570862 -2.337591
v 1.515893 411.291229 -0.402995
v -0.275347 415.952911 1.189991
v 1.674686 404.265442 -0.107269
v 6.885297 402.241608 -2.194961
v 6.578125 411.516388 -0.302064
v 7.148530 403.661804 0.105795
v -10.137607 403.686188 -8.518450
v -10.238060 404.286316 -5.607287
v -6.006332 411.437958 -2.508127
v -5.910524 405.177979 -2.721524
v -7.515018 415.753174 -0.831678
v -4.705745 404.586304 -4.324952
v 1.515893 411.291229 -0.402995
v 1.674686 404.265442 -0.107269
v -13.136012 411.682800 -4.909637
v -12.324102 407.151123 -5.342779
v -10.238060 404.286316 -5.607287
v -10.894681 415.536438 -2.688911
v -6.006332 411.437958 -2.508127
v -5.910524 405.177979 -2.721524
v 4.594861 419.452576 -39.533905
v 6.907526 418.044861 -40.628746
v 6.952273 413.995728 -40.449154
v 9.774468 414.368805 -40.449516
v 10.057584 417.399811 -40.515240
v 11.891829 413.818054 -38.496017
v 12.469522 418.002747 -38.341892
v 13.163138 410.858032 -36.274815
v 13.505951 419.598724 -35.751656
v 15.175664 409.363190 -33.904682
v 18.793125 417.498596 -30.829678
v -14.312235 403.517792 -10.761845
v -13.760073 402.295044 -12.065508
v -14.359425 412.388641 -9.454430
v -13.360361 412.042786 -8.241142
v -12.639380 407.295502 -8.011530
v -13.397340 414.381958 -7.635698
v -10.137607 403.686188 -8.518450
v -18.207209 416.282379 -22.444647
v -17.797371 409.898468 -22.441601
v -18.748522 405.604431 -16.504658
v -18.157022 412.973328 -16.236765
v 16.678493 403.639191 -8.787577
v 17.533886 401.172241 -12.634995
v 15.859821 398.083008 -8.033693
v 18.302290 408.382721 -19.982183
v 17.843313 404.641235 -18.319004
v 19.755924 413.599487 -19.404366
v 19.429041 406.731750 -19.165545
v 19.042763 408.511261 -17.380968
v 19.364050 419.593414 -15.969158
v 16.678493 403.639191 -8.787577
v 18.402918 404.358734 -12.911990
v 17.454945 408.138062 -8.749983
v 17.063961 417.098267 -7.040025
v 19.792257 406.427063 -12.965162
v 18.290813 406.195007 -8.509855
v 19.001720 408.318176 -9.169088
v -18.635002 410.197205 -23.786844
v -18.685566 407.837036 -22.548069
v -16.883022 408.145691 -26.661407
v -14.848533 418.012726 -31.322992
v -17.797371 409.898468 -22.441601
v -14.357960 410.197968 -30.670681
v -16.250515 406.019562 -25.123932
v -13.116450 410.113342 -29.873055
v -12.517653 408.339233 -30.923645
v -11.131680 410.854645 -34.120956
v -11.756206 414.586945 -31.940498
v -12.335653 406.334808 -28.811150
v -10.841041 409.834930 -31.262373
v -6.334739 413.117371 -36.822636
v -6.500210 406.448273 -33.154167
v -5.512079 408.913605 -35.204002
v -2.858542 417.664001 -39.725662
v -7.569156 406.947723 -28.809237
v -3.149533 411.949097 -39.338242
v 0.923726 410.074707 -39.439999
v -1.271405 403.521667 -34.563934
v 0.390369 406.398651 -36.633320
v 1.778869 404.802948 -38.376648
v -1.347034 400.964294 -31.210564
v 2.997260 400.347900 -34.884472
v 3.695874 402.990540 -35.548412
v 5.010195 404.301270 -38.096481
v 5.286087 405.955414 -37.914612
v 4.945353 400.969177 -35.457607
v 6.572793 402.755005 -38.484337
v 8.299943 401.679779 -38.401268
v 8.338895 405.600372 -37.946976
v 9.732109 402.605408 -37.260124
v -13.360361 412.042786 -8.241142
v -12.639380 407.295502 -8.011530
v -13.397340 414.381958 -7.635698
v -13.136012 411.682800 -4.909637
v -12.324102 407.151123 -5.342779
v -10.137607 403.686188 -8.518450
v -10.238060 404.286316 -5.607287
v -62.450485 444.406006 97.333122
v -61.680038 440.910278 89.941345
v -62.141296 441.123840 99.860191
v -61.675110 442.154907 101.256393
v -61.438232 445.081940 99.171188
v -61.148842 440.377777 98.560867
v -59.909264 442.194397 94.136719
v -59.940216 448.174622 94.704178
v -60.216438 442.439911 101.353256
v -59.280952 439.963470 88.336906
v -59.690193 440.662842 98.657730
v -59.466667 443.337952 95.988068
v -59.713730 444.826721 99.612503
v -59.342323 448.091370 97.047028
v -58.566940 441.303711 92.556374
v -58.641640 436.180298 94.360184
v -58.166451 445.227905 86.552490
v -58.394035 445.606628 92.130859
v -59.017319 437.720825 102.665009
v -58.207527 446.188965 94.360199
v -57.743874 446.006165 88.056152
v -58.271736 439.213928 96.661865
v -58.172714 440.839233 98.172256
v -57.274818 444.162201 85.587006
v -57.964867 447.031433 97.935196
v -57.261673 440.220093 88.652573
v -57.346313 444.112549 90.808296
v -57.593849 443.634521 96.319580
v -57.193710 438.864899 94.739021
v -56.903313 436.572510 91.627274
v -57.341759 409.569366 101.822899
v -56.935242 445.116455 95.090645
v -56.431610 445.718781 88.590462
v -56.685516 441.570801 92.894966
v -56.922020 442.242645 97.759628
v -55.962776 443.876709 86.123230
v -56.152702 441.118225 89.864204
v -55.966568 443.109680 91.709930
v -55.437370 438.193451 91.097046
v -55.700478 449.559021 96.589783
v -55.627106 447.981079 97.455353
v -55.562782 413.341217 101.470795
v -55.343887 449.467346 94.518356
v -54.731743 409.692200 93.640747
v -55.824234 410.957092 110.015503
v -55.155029 441.940460 98.877167
v -54.852211 447.508911 93.791000
v -54.559807 447.328369 91.595184
v -55.046700 440.241211 99.774628
v -55.769302 453.857544 111.750351
v -54.329285 438.406372 92.740898
v -54.172691 445.549042 90.267517
v -54.105087 443.870880 91.217026
v -54.496971 438.534637 98.462349
v -54.208778 438.537018 96.382172
v -54.257706 406.917908 102.551689
v -54.766136 412.811493 113.191818
v -54.408226 502.414062 97.818939
v -53.684273 436.109314 95.768509
v -54.715958 418.169250 113.177750
v -54.264404 510.851990 96.129196
v -53.340263 437.939209 92.272339
v -53.219643 413.634949 94.837906
v -53.093216 444.357483 89.880875
v -54.061104 414.489258 108.032288
v -53.225426 436.030731 93.302414
v -52.667702 449.569275 84.518196
v -54.035385 413.314606 111.995544
v -53.381752 443.027771 99.253693
v -53.332657 447.213654 98.248398
v -53.906197 413.062439 114.749786
v -52.661911 445.007751 98.942696
v -52.135925 443.284882 91.473915
v -53.354408 426.210083 113.073090
v -52.472687 410.697083 102.191910
v -53.369972 420.359558 114.221222
v -53.424408 450.402161 111.505188
v -51.965042 407.213623 96.026665
v -53.301880 456.840363 109.925018
v -52.609863 408.102325 109.105301
v -51.671143 439.577576 92.473999
v -52.745209 409.937317 112.400040
v -51.886887 448.752625 97.752136
v -51.970512 442.016663 100.087036
v -51.538589 446.486450 94.607239
v -50.821167 437.348877 85.858337
v -52.208809 500.740601 98.316818
v -52.559547 427.249512 112.918884
v -51.244560 441.632324 92.701492
v -51.156624 441.570435 92.097687
v -52.184486 411.111511 111.158798
v -52.315529 413.816589 115.111465
v -51.219177 440.325439 96.940399
v -50.848396 444.647827 91.019135
v -52.124741 503.751312 104.586655
v -51.201546 501.126404 91.426453
v -52.018166 512.170288 102.812531
v -51.106003 509.585144 89.814156
v -51.796272 409.507568 114.342972
v -50.597763 446.227234 92.610870
v -50.747498 448.477509 95.523369
v -50.850983 440.677673 98.708885
v -50.479454 411.161743 97.222466
v -51.584785 414.319794 113.915146
v -50.735870 445.259949 99.180450
v -49.971954 435.349457 89.681274
v -50.244278 438.540375 93.353455
v -50.863678 411.646851 107.104111
v -50.061462 438.928497 95.604813
v -50.055824 443.562866 96.003830
v -50.661942 419.269531 108.803757
v -51.018974 453.437378 109.728035
v -51.434738 421.495850 119.983505
v -51.405304 427.346008 118.836380
v -50.619240 425.115479 107.630157
v -48.943237 441.231323 86.741745
v -49.264679 441.811707 92.391228
v -50.340675 414.784821 113.017761
v -49.740425 499.752106 93.400414
v -50.450432 501.766266 103.522308
v -50.090050 426.260925 108.002640
v -50.800049 428.275085 118.124466
v -49.450073 444.479004 97.456787
v -50.001869 417.241821 110.459305
v -49.714699 409.686127 109.545929
v -49.671394 407.893616 110.317497
v -48.771027 442.819489 94.349976
v -50.281288 452.961060 119.624069
v -49.224709 415.537415 110.017021
v -48.093933 439.231689 90.564346
v -49.240959 414.121338 111.584396
v -49.214714 415.677612 114.711288
v -49.095390 411.490570 113.552048
v -48.491547 417.357941 107.231483
v -48.515091 415.604309 108.026878
v -48.691017 418.572693 111.662277
v -49.357903 449.339996 117.653595
v -48.333824 412.250000 111.955582
v -49.033485 455.840698 116.708908
v -47.987778 409.912445 107.658249
v -47.761276 414.230194 106.585144
v -48.035637 406.900787 111.797897
v -46.665604 415.798767 92.203224
v -47.435577 411.885071 106.146271
v -47.847801 411.723694 115.374222
v -48.123802 452.224487 114.743378
v -47.224365 408.334351 107.244507
v -46.894455 415.027222 105.021988
v -47.646904 417.392914 117.750519
v -45.633514 412.095276 90.055290
v -46.795670 418.644897 107.874268
v -45.903717 413.243103 95.690186
v -46.901833 409.302795 111.889000
v -46.871513 411.011658 111.271378
v -46.846138 416.862305 110.607056
v -46.988609 414.281372 114.184341
v -45.494217 476.557587 84.376831
v -45.822189 473.697937 89.539848
v -45.831573 481.305145 88.700966
v -46.173126 478.483917 94.057343
v -47.035942 415.976288 115.092087
v -46.794624 418.151062 112.459801
v -46.152512 411.181946 104.544937
v -44.852142 409.534241 93.554230
v -46.118233 420.256165 113.746933
v -45.536568 418.280396 109.166115
v -45.302551 408.026642 108.043602
v -45.838371 412.693359 115.712952
v -45.037506 413.257721 108.836182
v -44.790649 415.839355 105.406647
v -44.840744 482.244019 97.669594
v -45.239334 480.591797 103.709740
v -45.111832 487.542206 100.953232
v -45.487411 485.819275 106.666306
v -45.665649 512.770813 105.956604
v -44.374283 509.106689 87.561615
v -45.670029 504.363159 107.773026
v -44.363373 500.643982 89.146744
v -45.162163 410.674561 112.409668
v -44.501236 499.380524 91.656418
v -45.504791 502.227356 105.962967
v -44.829132 418.855042 106.850716
v -44.848068 425.889465 106.258713
v -45.851631 428.736267 120.565323
v -45.904930 427.859497 121.548157
v -44.792725 424.703125 105.692810
v -45.169884 409.093842 113.405701
v -45.903740 422.013763 122.724869
v -45.079460 413.483398 114.123589
v -45.373833 410.792297 119.298164
v -44.525215 409.695740 109.146408
v -43.953568 415.911560 107.022705
v -43.680679 411.366943 104.989243
v -44.392525 417.181366 117.657700
v -43.858330 419.645569 109.794792
v -43.448334 412.384644 107.072433
v -43.810036 419.881226 114.658020
v -43.617989 412.239075 113.345734
v -43.567482 410.489258 114.157021
v -43.065804 416.410950 116.013229
v -42.914909 417.964355 114.167252
v -42.539116 409.396729 110.098160
v -42.769554 412.318787 118.961349
v -41.906723 416.710999 107.353699
v -42.149879 412.385254 111.892815
v -42.095970 419.271362 111.211533
v -42.088097 417.476074 112.025047
v -41.278534 412.521912 107.531776
v -41.916801 413.178711 117.295105
v -41.391273 415.973267 110.746941
v -41.318153 413.903870 110.757362
v -41.308083 410.704254 111.459511
v -41.388329 407.982330 114.690155
v -41.132195 409.006714 113.702454
v -40.590324 416.777557 109.186386
v -39.693420 394.852600 101.039925
v -40.257347 396.723480 110.281418
v -39.758682 366.759918 107.175369
v -40.351891 370.044250 115.637238
v -40.165138 413.280579 109.341705
v -40.401741 408.016022 116.129196
v -39.555420 499.841675 94.097054
v -40.265411 501.855774 104.218941
v -39.899536 426.350433 108.699646
v -40.609550 428.364594 118.821457
v -40.078499 427.448181 119.610550
v -39.292435 425.216949 108.404488
v -39.298119 419.374695 109.591782
v -40.070915 421.598236 120.771957
v -39.161507 409.076111 116.577599
v -38.907066 410.099121 115.588089
v -38.936218 512.294128 103.702637
v -38.022812 509.701996 90.709106
v -38.831879 503.889923 105.491425
v -37.908661 501.259583 92.332367
v -37.797150 500.867249 99.302536
v -38.140068 427.376099 113.905159
v -37.343315 426.353882 114.167572
v -37.362740 420.576904 115.340736
v -35.778992 511.022125 97.391022
v -35.625198 502.606018 99.098251
v -35.475777 406.556213 110.949913
v -31.479420 440.866333 119.648621
v -31.302528 444.203430 122.255127
v -30.797550 439.867981 115.885109
v -30.618809 442.282440 118.617142
v -30.643318 444.813416 120.697205
v -30.513451 438.869659 120.614731
v -30.085300 441.485046 116.234604
v -30.396278 447.572479 123.149597
v -30.227806 443.029968 123.780914
v -30.054161 447.575104 121.700027
v -29.264271 441.507904 112.493202
v -29.456852 438.250336 115.996056
v -29.007618 442.710327 114.280197
v -29.076668 446.996399 124.225044
v -28.159855 439.832214 119.841675
v -27.380573 439.913910 111.991272
v -27.496632 444.583710 114.352509
v -27.427723 438.810120 116.414810
v -25.751648 437.841675 92.392303
v -25.545731 410.697296 92.871262
v -26.793049 440.273285 108.344986
v -26.494602 412.743896 107.520767
v -27.014103 444.748169 112.463043
v -27.483055 442.723083 121.725433
v -27.247837 441.120392 118.941055
v -27.414970 446.422943 123.850952
v -27.105839 442.935425 119.849831
v -27.072975 446.425568 122.401360
v -26.517033 445.931396 115.678879
v -26.594471 444.950562 119.475525
v -26.824867 451.427063 122.102585
v -26.599556 438.334839 120.658371
v -26.251011 446.142151 117.765404
v -25.981098 437.138031 116.641197
v -25.755100 440.261566 113.624229
v -26.310692 446.018463 121.051331
v -25.648289 447.276672 114.609337
v -25.824074 441.841248 122.909286
v -25.453098 447.857056 118.121925
v -24.974995 443.865723 111.917542
v -23.119968 430.635132 98.427292
v -23.202274 422.743225 101.788345
v -24.091434 438.836304 113.251938
v -23.207478 428.456787 102.100204
v -23.341663 420.007141 105.230286
v -22.944111 418.939728 99.581215
v -23.092503 434.689758 99.973740
v -23.076099 416.199341 103.028458
v -24.407036 434.816864 120.708908
v -23.181156 432.511536 103.647194
v -24.356010 438.175171 120.515366
v -23.766117 443.169006 113.088264
v -24.343178 445.712250 122.035156
v -23.945255 435.496643 119.519333
v -23.799534 437.098480 117.204926
v -23.458164 446.986877 114.354477
v -23.759392 441.142334 122.325226
v -23.543446 439.569611 119.458145
v -22.987827 430.185425 115.463287
v -23.360847 441.377869 120.451279
v -23.265842 447.797974 118.507980
v -23.062107 438.841309 117.580536
v -23.195732 434.010529 121.671928
v -23.336784 439.046692 125.805748
v -22.940910 431.888000 123.784019
v -22.391544 445.722900 115.161789
v -22.175877 438.428223 114.372299
v -22.597160 444.406799 121.557098
v -21.792866 442.321960 112.516182
v -21.959843 439.505127 115.958389
v -22.321175 426.627930 124.593895
v -22.017368 446.115112 118.648071
v -22.141899 426.949463 123.150742
v -21.523750 433.887207 121.443130
v -21.064522 434.567383 120.252716
v -20.641865 441.057312 115.582092
v -20.992928 427.207672 125.656647
v -21.028740 445.552124 123.939453
v -20.195805 441.271454 113.716934
v -20.781227 438.423431 124.286957
v -20.166492 445.503357 114.885429
v -20.463554 424.746826 122.005699
v -20.386559 423.784851 123.523071
v -20.305809 438.654449 122.296112
v -19.603489 442.477875 116.714096
v -19.693653 447.039062 119.188606
v -19.246403 430.390869 116.111427
v -19.457096 430.769684 119.650558
v -19.400475 441.923096 120.914917
v -19.485390 428.109131 125.276245
v -19.306129 428.430786 123.833099
v -18.763386 428.811737 117.102188
v -18.987064 443.154083 118.875992
v -18.734409 443.876770 115.631111
v -19.110771 443.199097 122.744080
v -18.689259 429.063232 119.199799
v -18.420063 427.247437 115.698532
v -18.284321 427.799438 113.825867
v -18.590763 423.204468 119.804115
v -18.752754 423.771362 125.003014
v -18.539543 428.799866 122.474609
v -17.676243 440.202881 108.963890
v -17.381062 412.974487 108.148712
v -17.989002 424.885681 115.514633
v -16.297134 438.344452 92.135757
v -16.082047 410.089081 92.623657
v -15.105711 429.080383 76.073074
v -15.156416 414.476746 78.691772
v -15.407194 437.435120 79.783325
v -15.508714 408.051910 85.045181
v -18.049965 421.586975 120.753448
v -18.105671 445.097748 119.278313
v -17.974373 432.372467 120.061417
v -17.707661 423.189270 117.392288
v -17.961342 427.955444 120.844635
v -17.605488 431.872498 115.870926
v -17.297489 423.983032 113.667465
v -16.957783 421.611328 116.954453
v -13.852797 409.797882 75.288559
v -13.774458 432.255737 71.260384
v -14.256849 444.304077 77.399384
v -14.398560 402.622131 84.832596
v -16.461216 448.082825 109.288429
v -15.980122 408.315125 107.366821
v -16.301624 428.792847 113.263954
v -16.995720 430.050232 123.467499
v -16.757912 426.240112 121.112671
v -16.789055 425.737518 122.970512
v -15.929098 431.824005 116.628746
v -15.881353 432.216858 120.134651
v -15.879660 420.978363 121.632523
v -15.502310 424.988708 120.113922
v -14.875858 424.393555 113.112076
v -14.951527 429.206207 114.414474
v -14.854818 421.569244 117.002975
v -15.095542 423.421051 120.938217
v -15.049582 434.556824 120.749931
v -15.004766 426.371460 124.130722
v -14.881689 430.543396 122.948364
v -14.319296 433.378754 116.370636
v -14.031546 425.783356 114.780991
v -14.657217 432.377930 125.404205
v -13.942892 423.453857 117.474930
v -13.039280 430.173981 113.826904
v -13.117956 428.038635 121.685028
v -13.145361 427.504761 123.539833
v -12.920019 423.594238 121.700294
v -12.540777 434.492310 120.764481
v -12.131582 433.373596 117.053818
v -11.877598 426.131592 114.360519
v -11.726217 423.451965 117.637390
v -11.896231 426.764465 120.601822
v -11.607824 431.758728 118.055313
v -11.655325 432.575623 120.255661
v -11.167135 430.649902 114.995026
v -11.242056 430.094299 116.841476
v -11.658392 432.349243 124.119354
v -11.339743 425.196503 121.578568
v -11.084799 426.733643 118.697052
v -10.915350 428.069122 117.123871
v -10.933844 431.375336 122.226028
v -11.181999 426.314697 126.918152
v -10.286581 427.270630 115.484024
v -9.957554 448.196899 109.533630
v -9.504337 408.260437 108.041328
v -7.734403 444.322693 77.979095
v -7.879105 402.468872 85.479561
v -7.289244 410.499969 76.191849
v -7.214825 431.873352 72.360565
v -10.256796 425.055725 118.226639
v -7.690200 437.502991 80.311142
v -7.791734 408.119751 85.572983
v -7.337386 429.148682 76.604385
v -7.388091 414.545044 79.223099
v -8.506348 438.412964 92.668625
v -9.677723 440.424072 109.536652
v -8.291263 410.157593 93.156509
v -9.379292 412.894562 108.712402
v -9.071844 423.805298 120.457314
v -9.008917 428.503174 123.432892
v -8.824057 422.962891 121.605934
v -9.086691 427.909027 125.403656
v -7.748067 434.316040 120.009918
v -7.395225 423.315521 122.543655
v -6.734855 431.956726 123.561775
v -6.303854 430.812225 117.970558
v -6.467535 425.352539 121.181213
v -6.217702 424.511719 122.330681
v -5.291221 428.451538 121.519745
v -4.542012 421.242340 116.157494
v 1.066005 428.394897 116.912292
v 2.140208 431.914062 119.157303
v 2.554271 430.785950 113.570572
v 3.629008 434.304199 115.812332
v 8.013639 438.558228 93.798508
v 6.842250 440.569275 110.666534
v 8.228728 410.302856 94.286392
v 7.140681 413.039825 109.842293
v 9.205034 429.294159 77.735809
v 9.154345 414.690491 80.354507
v 8.903673 437.648865 81.446091
v 8.802155 408.265656 86.707916
v 9.613726 432.021332 73.511551
v 9.539919 410.647949 77.342880
v 9.000305 402.617310 86.634033
v 9.145601 444.471130 79.133606
v 6.983943 448.345886 110.692352
v 7.437161 408.409393 109.200043
v 11.954798 422.987305 120.447830
v 12.535074 421.998016 116.664955
v 12.353464 426.276184 123.090874
v 12.883768 424.364288 119.422668
v 12.814981 420.926636 121.378784
v 13.461407 448.345947 111.335007
v 13.942516 408.578217 109.413391
v 15.543427 402.885437 86.880493
v 15.685534 444.567352 79.447311
v 13.343271 423.567108 117.024689
v 16.254353 432.519775 73.314209
v 16.176712 410.061920 77.342422
v 13.028910 426.866516 121.532318
v 13.781504 420.304749 116.740761
v 14.121624 423.588989 113.274170
v 13.376078 425.024170 124.589722
v 13.462458 429.576233 124.013657
v 13.787592 429.577209 122.560188
v 14.467493 424.752380 115.071899
v 16.519028 408.333527 87.235725
v 16.620651 437.716736 81.973892
v 16.973389 429.362457 78.267128
v 16.922684 414.758789 80.885826
v 15.804548 438.626709 94.331375
v 16.019638 410.371338 94.819252
v 14.847027 440.488861 111.188339
v 15.142208 413.260468 110.373146
v 14.758844 428.911987 125.066284
v 15.211161 421.761719 120.588669
v 15.904584 421.895569 112.730942
v 15.844217 420.741699 117.141479
v 16.084606 426.534851 115.147797
v 16.554394 426.694519 113.254753
v 16.185726 423.006439 119.692200
v 16.074974 424.585388 122.497772
v 16.442360 424.798859 120.620384
v 16.380257 428.248657 124.665459
v 16.691902 420.167175 121.368858
v 17.155422 427.807434 116.477936
v 16.705406 428.249542 123.211990
v 17.194576 418.986572 117.330788
v 17.064766 426.785767 120.263519
v 17.565807 422.128906 114.348099
v 17.456753 427.976746 118.563416
v 17.237938 433.231812 122.968750
v 17.427544 427.816010 121.848160
v 16.875938 449.239014 127.931717
v 18.087994 429.113586 115.413811
v 17.693687 423.595001 123.651123
v 18.532772 425.703217 112.674332
v 17.523323 443.975769 128.698425
v 18.356289 429.638367 118.930328
v 17.717110 444.312531 127.260612
v 19.140270 420.615112 113.939072
v 18.678398 416.528625 121.351768
v 18.920723 419.880615 121.196922
v 19.164986 417.195374 120.164749
v 19.376553 418.814636 117.867661
v 19.712795 424.923767 113.822128
v 19.768536 411.888489 116.035568
v 19.385231 427.385071 122.804489
v 18.834908 444.554504 129.782196
v 20.790813 435.224243 103.263916
v 19.800179 421.238922 120.146332
v 19.707954 422.785889 123.034027
v 19.852196 415.642029 122.290611
v 20.254665 428.701630 115.129135
v 21.199902 431.392883 101.352524
v 20.822399 432.697998 106.736588
v 19.424309 442.132751 126.114349
v 21.101025 415.844421 105.000664
v 20.217373 420.507446 118.254669
v 21.004910 419.668823 107.196991
v 19.490273 441.156677 127.623260
v 20.098015 423.021271 121.158279
v 21.482021 418.489166 101.737213
v 21.230343 428.864899 104.826195
v 21.400784 422.379242 103.748001
v 20.048576 420.626526 126.484413
v 20.540707 429.448853 119.289200
v 21.041668 420.083923 115.031311
v 20.415520 448.184875 123.828934
v 20.670250 447.841797 120.289062
v 21.255840 427.368408 115.908661
v 21.337551 421.126862 116.627190
v 21.627300 423.971771 113.216415
v 20.340279 445.470032 129.428192
v 21.047523 425.987427 122.290146
v 20.534096 445.806763 127.990402
v 21.152763 446.256653 121.270248
v 21.511513 415.425690 122.040184
v 21.200615 446.488281 123.370911
v 21.691647 427.695343 119.394524
v 21.523540 444.708313 119.855835
v 21.677181 445.279236 117.990265
v 21.333488 440.624817 123.920242
v 21.106773 441.140259 129.122086
v 21.313988 446.194336 126.644608
v 21.995674 416.092957 120.852356
v 21.973309 442.351440 119.654404
v 21.874519 439.001984 124.860329
v 21.881996 449.793945 124.272530
v 21.917030 445.369751 125.013519
v 22.738308 422.605164 116.253189
v 22.244743 440.639038 121.518921
v 22.303246 449.337097 120.082047
v 22.692791 441.471527 117.806946
v 23.174755 422.816406 114.385422
v 22.546501 419.876190 124.927689
v 22.706322 427.011108 124.666618
v 23.011971 420.104126 122.934082
v 23.461224 427.024902 115.602875
v 23.010933 439.070496 121.074875
v 23.960552 440.719543 111.816284
v 24.258984 413.190125 110.992065
v 22.837212 447.445801 127.667465
v 25.143417 438.289185 95.873291
v 25.349335 411.144806 96.352242
v 23.129356 443.660339 125.279243
v 23.659298 446.291840 117.461220
v 23.869717 423.949646 117.389099
v 23.080116 443.139587 127.131706
v 24.070705 428.477539 119.917702
v 24.088127 423.332153 121.580383
v 23.971062 449.292908 120.859024
v 23.975044 449.652222 124.368858
v 24.548611 424.562469 119.551147
v 24.038719 438.400024 125.758987
v 24.805584 425.309509 116.312134
v 24.471840 424.566681 123.420731
v 24.405464 442.427429 124.283371
v 25.117840 441.904297 117.284012
v 24.992901 446.703491 118.631409
v 24.813469 440.854797 125.097336
v 25.113396 439.042664 121.147675
v 24.782951 451.991852 125.016228
v 25.545055 426.447144 119.965492
v 24.846123 443.774170 128.318939
v 24.953545 447.958618 127.177963
v 25.572823 450.861206 120.634750
v 25.136436 449.770874 129.653748
v 25.932705 443.283722 118.975967
v 26.006401 440.929016 121.648300
v 26.904995 447.690125 118.075668
v 26.749657 445.478516 125.911514
v 26.704323 444.926697 127.760666
v 26.978661 441.035736 125.886551
v 27.291817 451.944641 125.059662
v 27.752281 450.864746 121.343475
v 28.088940 443.650970 118.584145
v 28.220879 440.940918 121.836792
v 27.992851 444.223389 124.830597
v 28.275642 449.243927 122.335564
v 28.196663 450.039185 124.542931
v 28.759991 448.167786 119.270218
v 28.667336 447.593872 121.110245
v 28.150093 449.775452 128.403992
v 28.549019 442.649994 125.798752
v 28.826607 444.216675 122.935272
v 29.004997 445.568359 121.377045
v 28.903542 448.825043 126.510048
v 28.636421 443.717651 131.150269
v 29.658581 444.790161 119.737137
v 29.671974 442.549133 122.458588
v 30.839607 441.285522 124.690964
v 30.834511 445.954773 127.711899
v 30.737968 445.341125 129.675812
v 31.079933 440.433807 125.834290
v 32.952759 503.209015 103.788673
v 33.190231 511.628540 102.108170
v 32.495232 440.787262 126.792084
v 33.898247 421.203461 120.214653
v 33.937721 426.980652 119.042854
v 33.424263 442.843750 125.460182
v 33.666634 441.993652 126.604401
v 34.744682 428.016968 118.890121
v 35.106766 501.508270 104.288818
v 36.159271 501.910828 97.398247
v 35.236229 504.541168 110.557327
v 36.345612 510.355896 95.795547
v 35.436081 512.948059 108.789368
v 36.919098 406.417175 102.080086
v 35.437340 438.795776 120.420303
v 37.483170 407.355896 96.835098
v 37.756714 408.597473 97.610901
v 35.823586 422.265564 125.962791
v 36.619026 420.042206 114.784149
v 35.886726 428.116150 124.806229
v 36.672890 425.884888 113.600159
v 37.214241 427.028503 113.973846
v 36.504250 429.042633 124.095673
v 37.575150 500.519867 99.372406
v 36.865135 502.533966 109.494293
v 38.739014 406.081238 97.002518
v 37.703163 370.730560 120.975845
v 38.325096 367.446472 112.515938
v 37.871727 397.410461 115.625076
v 38.604172 395.541046 106.395111
v 39.483017 409.184967 94.463005
v 39.506073 410.300415 95.873291
v 40.268387 406.048218 97.945747
v 40.541992 407.289795 98.721558
v 41.016357 407.694763 93.926117
v 40.666031 410.464325 102.312355
v 41.518631 412.768036 95.103195
v 41.396072 408.399719 99.501389
v 41.108170 413.909424 103.118134
v 41.461426 411.405762 100.833878
v 41.995651 412.375610 93.251579
v 41.524811 413.468811 101.290390
v 41.959061 415.286743 100.269745
v 42.079620 410.178162 99.229713
v 42.557877 414.989777 95.865387
v 42.400650 416.214355 98.092072
v 42.119064 409.455627 103.656960
v 42.217361 416.859436 101.405602
v 41.148827 411.434875 118.316895
v 41.496742 414.005188 114.760529
v 43.109573 408.837280 96.409348
v 42.871857 406.955780 100.319977
v 43.334641 415.877625 94.504173
v 43.262512 410.418640 97.496117
v 42.761627 413.544556 104.559814
v 43.211639 418.209656 97.834625
v 41.328026 422.780762 128.691101
v 43.447449 410.299377 99.548615
v 41.387108 428.627014 127.518509
v 42.499290 425.470642 111.663162
v 42.456215 426.657135 112.229904
v 41.452660 429.503784 126.536568
v 42.480019 419.622742 112.822266
v 42.814316 500.148285 97.628387
v 41.810860 502.995117 111.934937
v 41.690727 505.131317 113.748100
v 42.997391 501.412109 95.121811
v 43.075958 509.875641 93.542801
v 41.786583 513.539734 111.937927
v 42.360855 488.311340 106.935951
v 41.985268 486.588409 112.649040
v 42.632156 483.013123 103.652328
v 42.233559 481.360931 109.692490
v 44.103531 411.614899 92.339653
v 42.628120 415.078003 120.313461
v 42.959694 417.652710 116.758286
v 44.083267 414.017578 101.845787
v 44.580582 411.695465 96.617203
v 44.621445 412.822632 96.396652
v 44.202698 409.308990 103.440094
v 44.232895 416.937439 102.485161
v 44.814102 407.424805 96.585114
v 44.932037 411.412506 94.856834
v 44.384796 412.743347 104.227249
v 43.012474 453.044556 120.985001
v 45.015366 407.150970 100.910347
v 45.429855 415.715942 94.402466
v 44.851074 482.102509 94.903236
v 44.509552 479.281250 100.259605
v 45.188660 477.354950 90.579117
v 44.860687 474.495300 95.742126
v 45.078934 404.217590 101.826385
v 45.296555 416.610046 98.500778
v 44.992905 407.904297 105.427094
v 43.626717 456.663452 123.099136
v 45.664536 418.447235 98.352364
v 45.504837 415.633850 102.466064
v 43.902901 450.152710 123.982811
v 46.309326 414.591858 96.005379
v 46.397903 416.363770 99.094696
v 46.008453 412.372742 105.744431
v 46.708572 407.491486 97.809647
v 46.564972 439.994385 97.075790
v 44.525932 453.780701 126.100983
v 47.052994 410.503143 94.721191
v 46.857559 409.060028 98.924797
v 47.273285 446.130249 99.254585
v 47.167450 442.698059 101.742516
v 47.846878 442.123108 93.450905
v 47.451675 415.749023 103.531342
v 47.495377 407.756897 105.306496
v 47.302155 444.506866 104.909279
v 48.147339 410.425903 98.052994
v 47.527420 447.934723 102.344376
v 47.909698 444.646790 97.633392
v 46.571053 454.264099 116.428215
v 48.445847 404.582458 95.528656
v 47.918610 441.820740 99.842133
v 48.155457 405.251831 102.157631
v 48.510483 414.302521 95.901382
v 48.638306 409.990234 96.238785
v 47.499550 412.489014 113.848267
v 48.146729 411.595978 105.466248
v 48.182266 446.485107 100.792465
v 47.404747 427.118164 114.670822
v 46.694771 429.132324 124.792648
v 47.760071 500.609406 100.069000
v 47.050056 502.623566 110.190910
v 48.587494 436.176422 96.335274
v 48.574905 416.511658 99.514900
v 48.117203 443.672150 102.982063
v 48.411835 408.815155 103.646210
v 47.995331 447.895386 106.348976
v 48.475906 412.008881 103.991913
v 48.603226 411.154602 103.600258
v 49.081848 412.179779 98.634735
v 48.270294 445.906586 106.444260
v 49.002365 407.312103 101.847473
v 47.213631 428.213135 125.581444
v 47.999702 425.982635 114.375244
v 47.189003 422.363037 126.728889
v 47.984520 420.136932 115.550713
v 48.516815 448.671570 104.234955
v 49.047409 412.825470 102.422020
v 49.354431 413.209137 100.410431
v 49.243317 414.375946 103.554031
v 49.316666 442.526520 99.574829
v 49.869110 438.308899 92.708405
v 49.938568 413.126495 97.188286
v 49.661316 443.822968 97.921570
v 49.732727 442.293365 99.401573
v 49.428879 510.469147 96.690292
v 48.517616 513.054321 109.688705
v 49.027397 408.999054 116.088669
v 48.528877 504.636353 111.470901
v 50.089188 414.978516 100.184242
v 49.452133 502.011383 98.310715
v 50.094849 448.937012 96.894608
v 50.286987 446.896729 95.431091
v 48.768318 457.749390 116.943283
v 48.744560 451.297058 118.486588
v 50.192719 408.105896 102.968750
v 50.636459 405.351929 97.487167
v 49.789986 411.599426 109.179993
v 50.027481 440.170746 103.580803
v 49.826538 441.353699 107.096466
v 50.974411 411.366150 95.246231
v 49.164238 428.143951 119.876312
v 49.518570 501.635071 105.274506
v 50.843307 407.006531 98.696518
v 50.380447 439.781921 101.421921
v 51.146255 410.547729 94.066788
v 50.122498 446.419098 106.006149
v 50.262573 447.910156 104.544960
v 50.714081 448.281464 99.043205
v 50.610260 450.066406 100.362686
v 50.368378 451.094604 104.803040
v 51.030273 445.115143 96.420227
v 50.596558 441.849091 104.707504
v 50.378647 443.356750 108.503937
v 49.910194 421.267670 121.285103
v 49.948692 427.118408 120.138535
v 51.215393 441.232727 100.471848
v 50.490440 415.406647 115.165390
v 51.507019 445.278137 97.029015
v 51.108948 450.360840 102.543442
v 51.476913 414.554321 102.005386
v 51.040756 445.115601 107.613312
v 52.510681 409.459778 94.058807
v 51.318985 445.005798 107.448975
v 51.560036 407.850220 109.791443
v 51.767578 448.768463 103.410965
v 52.200211 434.590363 101.878815
v 52.397308 439.343628 100.047668
v 50.992256 454.780853 119.051834
v 51.675446 511.783478 103.374985
v 51.735535 503.347351 105.078667
v 52.038246 411.921509 117.378876
v 53.199158 410.639221 101.007019
v 53.525970 410.011963 96.410461
v 53.699875 409.192017 95.232269
v 52.907944 414.291656 108.884209
v 53.559555 445.036194 96.139145
v 53.299149 441.407013 100.771645
v 53.407379 448.285217 106.046379
v 53.753815 448.350189 103.002594
v 53.932632 439.842834 101.697014
v 54.323471 446.419739 95.275024
v 54.216934 447.880829 98.532257
v 53.708649 445.049225 107.811279
v 53.978500 441.872101 105.235893
v 54.572754 442.084869 97.440231
v 54.253815 440.123352 103.876694
v 54.807022 448.076660 96.478020
v 54.850143 437.333130 98.579773
v 54.568436 449.847839 102.099449
v 54.781555 442.853760 100.357483
v 54.786972 449.557312 99.875412
v 55.235779 443.149719 96.616753
v 55.016525 444.793579 99.789795
v 54.671822 410.555573 109.484467
v 54.438034 443.192932 108.850647
v 55.050827 438.704681 101.542786
v 55.775757 415.983093 94.147148
v 54.866806 444.800659 103.965057
v 55.043625 446.763184 103.327393
v 54.812836 440.178162 107.661072
v 55.630539 440.025940 97.521812
v 56.122421 436.601318 98.832382
v 56.323090 437.972839 101.795395
v 56.512970 442.102142 100.735008
v 56.679993 445.283081 99.245895
v 56.414505 456.777069 101.853333
v 57.052612 443.702393 96.165497
v 56.858948 436.921143 100.440201
v 56.615417 444.064728 104.321396
v 56.854843 447.296783 102.931473
v 57.397797 439.693970 97.497925
v 56.758133 447.029022 107.372650
v 57.282074 450.149078 102.798935
v 57.383820 442.715881 102.683426
v 57.599091 446.569519 100.932358
v 57.428589 451.292969 105.692062
v 58.532608 445.212219 97.341629
v 58.875412 440.267792 99.030014
v 58.726639 450.089661 102.809273
v 58.622559 446.218445 107.704071
v 58.873260 451.234131 105.705078
v 59.523819 450.633209 104.263290
v 60.334427 444.398071 105.977234
v -60.216438 442.439911 101.353256
v -59.690193 440.662842 98.657730
v -59.466667 443.337952 95.988068
v -59.713730 444.826721 99.612503
v -59.224007 441.693848 100.053940
v -59.017319 437.720825 102.665009
v -58.542610 443.822388 98.250412
v -57.964867 447.031433 97.935196
v -57.261673 440.220093 88.652573
v -56.935242 445.116455 95.090645
v -56.431610 445.718781 88.590462
v -56.685516 441.570801 92.894966
v -55.962776 443.876709 86.123230
v -55.541153 444.655334 87.624565
v -54.873207 450.490295 109.490021
v -54.657913 449.833862 106.426514
v -54.488808 447.713806 104.226624
v -55.017067 448.432373 111.857849
v -55.053459 445.510437 112.765495
v -53.605850 414.170288 95.629532
v -53.642250 411.248352 96.537163
v -54.170502 411.966919 104.168396
v -54.001404 409.846924 101.968475
v -53.786095 409.190430 98.904999
v -53.457550 499.717896 84.270050
v -54.715958 418.169250 113.177750
v -54.264404 510.851990 96.129196
v -53.312210 508.506073 82.510300
v -52.667702 449.569275 84.518196
v -54.035385 413.314606 111.995544
v -53.369972 420.359558 114.221222
v -52.444809 414.068665 112.357201
v -51.257935 498.044739 84.768127
v -51.817162 374.256348 109.421471
v -52.184486 411.111511 111.158798
v -52.322678 450.512726 109.664459
v -52.107353 449.856262 106.600967
v -51.938263 447.736237 104.401077
v -52.466522 448.454773 112.032288
v -52.502914 445.532867 112.939926
v -51.055321 414.192719 95.803978
v -51.091705 411.270813 96.711609
v -51.619972 411.989349 104.342834
v -51.450844 409.869354 102.142929
v -51.235550 409.212860 99.079445
v -51.173851 501.055206 91.037811
v -50.250565 498.430206 77.877594
v -51.066071 509.824371 89.193634
v -52.018166 512.170288 102.812531
v -51.106003 509.585144 89.814156
v -50.153816 507.239258 76.195251
v -51.584785 414.319794 113.915146
v -50.661942 419.269531 108.803757
v -51.434738 421.495850 119.983505
v -50.456841 412.150391 111.572708
v -48.789352 497.056366 79.851761
v -49.499260 499.070251 89.973648
v -49.714699 409.686127 109.545929
v -49.095390 411.490570 113.552048
v -47.535439 375.468384 115.859276
v -46.679123 372.931335 103.667000
v -46.871513 411.011658 111.271378
v -45.761696 361.606171 112.411613
v -44.067856 509.088196 83.041229
v -45.018265 511.784393 96.590630
v -45.665649 512.770813 105.956604
v -44.713440 510.424896 92.337692
v -44.374283 509.106689 87.561615
v -43.422089 506.760803 73.942719
v -44.718552 501.667175 94.224213
v -43.411911 497.947845 75.597916
v -43.549286 496.684631 78.107773
v -44.552841 499.531128 92.414444
v -44.829132 418.855042 106.850716
v -45.376640 417.901825 115.291763
v -45.903740 422.013763 122.724869
v -45.079460 413.483398 114.123589
v -42.250229 363.656860 105.863358
v -43.079765 366.253357 118.027138
v -41.916801 413.178711 117.295105
v -41.132195 409.006714 113.702454
v -38.602753 497.145355 80.548599
v -39.312759 499.159149 90.670502
v -39.734383 375.187073 115.368233
v -39.024658 373.144989 105.255692
v -39.892113 410.064087 114.150528
v -39.298119 419.374695 109.591782
v -40.070915 421.598236 120.771957
v -38.907066 410.099121 115.588089
v -38.936218 512.294128 103.702637
v -37.983978 509.948303 90.083740
v -38.022812 509.701996 90.709106
v -37.070618 507.356049 77.090195
v -37.879913 501.194031 91.942627
v -36.956680 498.563660 78.783539
v -37.226105 369.563232 106.156906
v -37.911995 371.527100 116.218727
v -36.844070 498.170654 85.754135
v -36.809448 450.142487 99.365494
v -36.349991 406.181702 98.299576
v -36.481995 426.441528 99.203461
v -37.362740 420.576904 115.340736
v -37.091583 450.189423 108.592377
v -36.868958 426.363831 108.400337
v -36.629837 405.980652 107.524460
v -35.840797 372.936554 110.702957
v -35.778992 511.022125 97.391022
v -34.826706 508.676300 83.772087
v -34.673019 499.910126 85.549438
v -35.475777 406.556213 110.949913
v -32.221008 409.195496 97.873924
v -32.623703 447.212708 98.897858
v -32.419846 426.482849 98.780067
v -32.371429 368.260315 106.819000
v -33.058754 370.149902 116.827538
v -32.286163 360.244873 107.281342
v -33.063362 362.840210 119.430519
v -32.624870 356.932373 114.311249
v -32.533234 455.507019 108.950035
v -31.972858 400.744171 107.797066
v -31.828831 455.961060 99.759087
v -31.261478 400.451508 98.600090
v -30.475239 426.424744 108.241936
v -30.618809 442.282440 118.617142
v -28.819397 405.060486 98.066589
v -29.300297 451.406006 99.158470
v -30.643318 444.813416 120.697205
v -28.924702 409.216278 107.426949
v -29.326389 447.099121 108.450180
v -30.054161 447.575104 121.700027
v -28.685051 444.347626 120.268478
v -28.392570 447.001648 121.325928
v -27.483055 442.723083 121.725433
v -27.247837 441.120392 118.941055
v -27.072975 446.425568 122.401360
v -26.824867 451.427063 122.102585
v -23.945255 435.496643 119.519333
v -22.987827 430.185425 115.463287
v -23.360847 441.377869 120.451279
v -22.940910 431.888000 123.784019
v -22.275196 435.371552 119.290802
v -22.141899 426.949463 123.150742
v -21.064522 434.567383 120.252716
v -20.634377 427.850830 122.770363
v -20.463554 424.746826 122.005699
v -20.305809 438.654449 122.296112
v -19.306129 428.430786 123.833099
v -18.845680 425.945435 121.579903
v -18.590763 423.204468 119.804115
v -16.789055 425.737518 122.970512
v -15.502310 424.988708 120.113922
v -13.117956 428.038635 121.685028
v -9.071844 423.805298 120.457314
v -9.008917 428.503174 123.432892
v -7.894309 424.998962 120.244476
v -6.467535 425.352539 121.181213
v -4.542012 421.242340 116.157494
v -1.172292 372.527771 113.168793
v -0.802068 368.435089 108.998878
v -1.503163 370.324524 119.006470
v -0.762822 360.419128 109.458099
v -1.616035 363.013916 121.602051
v -1.213567 357.105774 116.480331
v 12.883768 424.364288 119.422668
v 13.028910 426.866516 121.532318
v 13.787592 429.577209 122.560188
v 14.952127 426.294250 121.074570
v 15.409006 428.913788 122.159348
v 16.185726 423.006439 119.692200
v 16.074974 424.585388 122.497772
v 16.705406 428.249542 123.211990
v 17.237938 433.231812 122.968750
v 16.875938 449.239014 127.931717
v 17.717110 444.312531 127.260612
v 19.164986 417.195374 120.164749
v 19.768536 411.888489 116.035568
v 19.222511 445.228027 126.906601
v 19.424309 442.132751 126.114349
v 20.098015 423.021271 121.158279
v 20.822430 416.977234 119.914612
v 20.534096 445.806763 127.990402
v 21.038460 443.346680 125.719070
v 21.333488 440.624817 123.920242
v 21.995674 416.092957 120.852356
v 23.011971 420.104126 122.934082
v 23.080116 443.139587 127.131706
v 24.405464 442.427429 124.283371
v 26.411861 447.589203 112.262421
v 26.816433 409.706421 111.239380
v 27.575756 451.906128 103.048523
v 28.059124 405.560608 101.956802
v 26.749657 445.478516 125.911514
v 27.940151 426.938416 112.237282
v 29.918743 456.503967 103.982330
v 30.486111 400.994446 102.823326
v 29.373241 456.051361 113.184158
v 29.933636 401.288513 112.031174
v 30.459332 357.487061 118.625916
v 30.093376 363.395569 123.750153
v 31.023006 360.801544 111.611397
v 30.315239 370.707153 121.162018
v 31.030025 368.817810 111.155373
v 31.153408 427.041809 103.128174
v 30.976498 447.771912 103.247795
v 31.382351 409.754761 102.224083
v 30.839607 441.285522 124.690964
v 30.834511 445.954773 127.711899
v 32.453133 372.229126 115.532349
v 32.011116 442.489288 124.503395
v 33.901443 500.513092 90.239594
v 34.142136 509.282745 88.489220
v 33.190231 511.628540 102.108170
v 34.030113 450.814789 113.456772
v 34.252754 426.989197 113.264725
v 34.491875 406.606018 112.388847
v 33.898247 421.203461 120.214653
v 33.424263 442.843750 125.460182
v 35.120316 427.071167 104.100716
v 35.007629 450.773956 104.277435
v 35.467102 406.813171 103.211525
v 35.258812 374.869659 115.407425
v 36.054520 498.811646 90.740051
v 35.181358 372.169800 121.217972
v 35.906151 370.206268 111.158813
v 37.108063 499.214844 83.849197
v 36.185028 501.845276 97.008301
v 37.297592 508.009949 82.176620
v 36.345612 510.355896 95.795547
v 36.388016 510.602264 95.170418
v 35.436081 512.948059 108.789368
v 36.919098 406.417175 102.080086
v 35.437340 438.795776 120.420303
v 37.756714 408.597473 97.610901
v 35.823586 422.265564 125.962791
v 36.619026 420.042206 114.784149
v 37.038124 375.862122 120.619110
v 37.747734 373.820007 110.506577
v 38.523102 497.823486 85.823639
v 37.813202 499.837311 95.945534
v 39.286148 408.564423 98.554115
v 39.506073 410.300415 95.873291
v 40.541992 407.289795 98.721558
v 41.148529 410.205078 97.109535
v 41.518631 412.768036 95.103195
v 40.146309 366.985138 123.719437
v 41.026009 364.389099 111.559052
v 43.109573 408.837280 96.409348
v 41.328026 422.780762 128.691101
v 41.889763 418.669128 121.260368
v 42.480019 419.622742 112.822266
v 43.763199 497.452332 84.079529
v 42.759644 500.298889 98.386185
v 43.946655 498.715912 81.572845
v 42.640137 502.435303 100.199127
v 44.027969 507.529724 79.923897
v 43.075958 509.875641 93.542801
v 42.738617 511.193848 98.319016
v 41.786583 513.539734 111.937927
v 43.388107 509.857178 89.022812
v 42.437668 512.553345 102.572189
v 44.580582 411.695465 96.617203
v 43.648705 362.392334 118.526878
v 45.549675 373.742310 109.975037
v 44.693565 376.279358 122.167313
v 46.857559 409.060028 98.924797
v 48.709747 497.913605 86.520256
v 47.999741 499.927551 96.642128
v 47.189003 422.363037 126.728889
v 47.984520 420.136932 115.550713
v 50.380981 508.123230 83.071365
v 49.428879 510.469147 96.690292
v 49.469620 510.708374 96.069809
v 48.517616 513.054321 109.688705
v 49.478760 501.940247 97.921997
v 50.401932 499.315216 84.761765
v 48.965416 451.403320 116.592087
v 49.180717 450.746887 113.528595
v 49.349815 448.626831 111.328705
v 48.821571 449.345398 118.959915
v 48.785194 446.423492 119.867569
v 50.232788 415.083313 102.731606
v 50.196396 412.161407 103.639229
v 49.668114 412.879944 111.270477
v 49.837250 410.759979 109.070564
v 50.052536 410.103455 106.007088
v 49.832573 375.150116 116.373810
v 50.974411 411.366150 95.246231
v 50.468414 498.939209 91.725739
v 50.843307 407.006531 98.696518
v 49.910194 421.267670 121.285103
v 52.163742 411.099121 96.417160
v 52.200211 434.590363 101.878815
v 52.627548 509.437561 89.756088
v 51.675446 511.783478 103.374985
v 52.685608 500.651215 91.529755
v 51.516060 451.425751 116.766548
v 51.731361 450.769348 113.703041
v 51.900459 448.649261 111.503151
v 51.372231 449.367828 119.134361
v 51.335838 446.445923 120.042023
v 52.783432 415.105743 102.906052
v 52.747055 412.183838 103.813705
v 52.218773 412.902374 111.444923
v 52.387886 410.782410 109.245010
v 52.603180 410.125885 106.181534
v 53.525970 410.011963 96.410461
v 54.314255 438.384766 99.934982
v 54.850143 437.333130 98.579773
v 54.902451 441.078979 99.133179
v 55.235779 443.149719 96.616753
v 55.016525 444.793579 99.789795
v 55.050827 438.704681 101.542786
v 55.775757 415.983093 94.147148
v 54.866806 444.800659 103.965057
v 55.630539 440.025940 97.521812
v 56.512970 442.102142 100.735008
v 56.414505 456.777069 101.853333
v 56.633316 450.750916 104.238953
v 56.758133 447.029022 107.372650
v 57.282074 450.149078 102.798935
v 57.428589 451.292969 105.692062
v -6.122733 418.077728 -3.333575
v -4.168434 420.606598 4.262772
v 0.447371 417.027679 -0.658021
v 4.621986 417.656769 -0.140112
v 1.152953 420.501617 6.469773
v 11.521263 419.264679 -2.261065
v 8.614872 423.052063 8.839876
v 12.647877 422.968719 1.381189
v 16.878935 420.832520 -6.856483
v 15.408217 425.400421 -3.990878
v -19.266499 420.962189 -3.226635
v -15.165147 417.054688 -8.927868
v -12.361141 416.749634 -6.420766
v 19.755924 413.599487 -19.404366
v 19.139009 420.177094 -17.645596
v 21.476179 414.207336 -21.000710
v 19.364050 419.593414 -15.969158
v 21.107378 419.994202 -19.549345
v -6.122733 418.077728 -3.333575
v -9.025002 421.777771 1.724932
v -4.168434 420.606598 4.262772
v -19.661728 416.094116 -23.828461
v -17.366367 419.548340 -27.803238
v -14.848533 418.012726 -31.322992
v -18.207209 416.282379 -22.444647
v -13.719019 422.261169 -32.545372
v -14.357960 410.197968 -30.670681
v -12.269539 418.843353 -33.929207
v -13.596424 418.609924 -30.267670
v -11.838682 415.014069 -34.366581
v -12.233573 419.216248 -31.298788
v -11.756206 414.586945 -31.940498
v 0.377341 417.585785 -0.511585
v -0.275347 415.952911 1.189991
v 4.544763 418.215088 0.001542
v 4.899880 416.529724 1.523029
v 6.578125 411.516388 -0.302064
v 11.521263 419.264679 -2.261065
v 19.042763 408.511261 -17.380968
v 19.364050 419.593414 -15.969158
v 21.068644 419.147675 -15.921458
v -25.349316 424.625061 -7.331213
v -18.330359 418.454773 -15.456576
v -15.165147 417.054688 -8.927868
v 5.001188 421.768738 -38.875942
v 5.593610 426.358337 -37.870506
v 6.907526 418.044861 -40.628746
v 10.057584 417.399811 -40.515240
v 9.395436 423.286926 -38.168934
v 8.579164 427.702789 -35.722378
v 12.469522 418.002747 -38.341892
v 11.887453 426.424622 -35.075916
v 12.839564 421.890198 -35.491543
v 13.505951 419.598724 -35.751656
v 15.557123 425.665192 -31.101557
v 15.071435 426.175293 -28.814312
v 17.943897 421.628418 -30.609600
v 18.793125 417.498596 -30.829678
v 17.606112 423.314270 -26.541725
v 19.453398 418.639893 -24.028477
v 18.830952 423.887054 -21.910612
v 17.063961 417.098267 -7.040025
v 19.001720 408.318176 -9.169088
v 19.164738 417.038849 -7.286947
v 4.899880 416.529724 1.523029
v 6.578125 411.516388 -0.302064
v 11.521263 419.264679 -2.261065
v 12.651526 417.568298 -1.402995
v 18.784363 422.166199 -11.293837
v 16.878935 420.832520 -6.856483
v 15.408217 425.400421 -3.990878
v -19.661728 416.094116 -23.828461
v -18.635002 410.197205 -23.786844
v -18.207209 416.282379 -22.444647
v 4.594861 419.452576 -39.533905
v 5.001188 421.768738 -38.875942
v 6.907526 418.044861 -40.628746
v 11.521263 419.264679 -2.261065
v 13.799748 411.391937 -3.816302
v 12.651526 417.568298 -1.402995
v 17.063961 417.098267 -7.040025
v 16.878935 420.832520 -6.856483
v 17.874125 419.177551 -6.556382
v -19.885765 425.158508 -20.584562
v -18.589167 419.961182 -22.584661
v -16.569868 421.438843 -27.172209
v -17.366367 419.548340 -27.803238
v -19.403618 418.261230 -22.834284
v -18.589167 419.961182 -22.584661
v -16.569868 421.438843 -27.172209
v -18.207209 416.282379 -22.444647
v -13.719019 422.261169 -32.545372
v -12.682922 425.314911 -31.307131
v 2.486942 428.085144 -36.542507
v 5.593610 426.358337 -37.870506
v 4.830208 427.987213 -34.695332
v 8.579164 427.702789 -35.722378
v 10.453270 428.003387 -32.082794
v 11.887453 426.424622 -35.075916
v 13.355292 428.113342 -31.483728
v 15.071435 426.175293 -28.814312
v 16.012676 429.393127 -25.847624
v 17.606112 423.314270 -26.541725
v 18.830952 423.887054 -21.910612
v 18.855827 427.284058 -20.714420
v 19.083511 425.570374 -16.426006
v 20.886505 423.138855 -17.202852
v -19.403618 418.261230 -22.834284
v -18.589167 419.961182 -22.584661
v -18.330359 418.454773 -15.456576
v -19.403618 418.261230 -22.834284
v -18.207209 416.282379 -22.444647
v -19.601036 416.618286 -15.538127
v -18.157022 412.973328 -16.236765
v -18.330359 418.454773 -15.456576
v -13.719019 422.261169 -32.545372
v -12.269539 418.843353 -33.929207
v -11.838682 415.014069 -34.366581
v -12.233573 419.216248 -31.298788
v -9.401340 426.994263 -33.794594
v -8.739294 423.268677 -34.299557
v -7.863394 418.140106 -35.683563
v -4.598033 422.778931 -36.398914
v -2.099626 421.129242 -39.256428
v -3.267465 429.377045 -35.036572
v -0.832024 426.050537 -36.107697
v 0.169537 425.471680 -37.935593
v 4.594861 419.452576 -39.533905
v 5.001188 421.768738 -38.875942
v -19.601036 416.618286 -15.538127
v -18.330359 418.454773 -15.456576
v -15.546762 415.442352 -8.964857
v -14.359425 412.388641 -9.454430
v -15.165147 417.054688 -8.927868
v 5.593610 426.358337 -37.870506
v 4.830208 427.987213 -34.695332
v 8.579164 427.702789 -35.722378
v -19.885765 425.158508 -20.584562
v -18.589167 419.961182 -22.584661
v -22.033209 422.684387 -15.110937
v -18.330359 418.454773 -15.456576
v -7.863394 418.140106 -35.683563
v -4.598033 422.778931 -36.398914
v -2.858542 417.664001 -39.725662
v -2.099626 421.129242 -39.256428
v 4.594861 419.452576 -39.533905
v -15.546762 415.442352 -8.964857
v -14.359425 412.388641 -9.454430
v -15.165147 417.054688 -8.927868
v -13.397340 414.381958 -7.635698
v -13.376213 413.467682 -4.567940
v -12.361141 416.749634 -6.420766
v -14.848533 418.012726 -31.322992
v -13.596424 418.609924 -30.267670
v -13.116450 410.113342 -29.873055
v -13.397340 414.381958 -7.635698
v -13.136012 411.682800 -4.909637
v -13.376213 413.467682 -4.567940
v -12.361141 416.749634 -6.420766
v -10.894681 415.536438 -2.688911
v -6.122733 418.077728 -3.333575
v -12.361141 416.749634 -6.420766
v -14.211805 420.729553 -0.405635
v -6.122733 418.077728 -3.333575
v -9.025002 421.777771 1.724932
v -10.894681 415.536438 -2.688911
v -6.006332 411.437958 -2.508127
v -7.515018 415.753174 -0.831678
v -6.122733 418.077728 -3.333575
v -7.515018 415.753174 -0.831678
v -6.122733 418.077728 -3.333575
v 1.515893 411.291229 -0.402995
v 0.377341 417.585785 -0.511585
v -0.275347 415.952911 1.189991
v 19.453398 418.639893 -24.028477
v 18.830952 423.887054 -21.910612
v 19.139009 420.177094 -17.645596
v 21.476179 414.207336 -21.000710
v 21.107378 419.994202 -19.549345
v 11.887453 426.424622 -35.075916
v 12.715034 428.473694 -30.078846
v 13.355292 428.113342 -31.483728
v 15.557123 425.665192 -31.101557
v 15.071435 426.175293 -28.814312
v 18.830952 423.887054 -21.910612
v 19.139009 420.177094 -17.645596
v 19.083511 425.570374 -16.426006
v 19.364050 419.593414 -15.969158
v 20.498598 408.460785 -17.131229
v 20.886505 423.138855 -17.202852
v 17.063961 417.098267 -7.040025
v 18.784363 422.166199 -11.293837
v 16.878935 420.832520 -6.856483
v 21.068644 419.147675 -15.921458
v 17.874125 419.177551 -6.556382
v 20.089190 420.436035 -11.461763
v 19.164738 417.038849 -7.286947
v -13.719019 422.261169 -32.545372
v -12.682922 425.314911 -31.307131
v -9.401340 426.994263 -33.794594
v -0.832024 426.050537 -36.107697
v 0.169537 425.471680 -37.935593
v 2.486942 428.085144 -36.542507
v 1.934938 428.463623 -35.143227
v 5.001188 421.768738 -38.875942
v 5.593610 426.358337 -37.870506
v 8.614872 423.052063 8.839876
v 12.647877 422.968719 1.381189
v 15.408217 425.400421 -3.990878
v 11.593720 432.509521 16.679092
v 14.352079 430.175171 0.535699
v 11.962114 426.633789 11.980491
v 14.220070 426.840576 4.768757
v -9.401340 426.994263 -33.794594
v -3.267465 429.377045 -35.036572
v -0.832024 426.050537 -36.107697
v -1.062587 434.234436 -33.771095
v 1.934938 428.463623 -35.143227
v 1.588098 432.445160 -33.886520
v 14.352079 430.175171 0.535699
v 11.962114 426.633789 11.980491
v 14.220070 426.840576 4.768757
v 15.401783 434.687927 4.478277
v 18.950993 435.125183 14.515678
v 19.897976 435.955994 9.117147
v -25.098377 438.598938 -14.440210
v -25.687366 428.796967 -14.388037
v -22.380062 431.547821 -17.290365
v -19.885765 425.158508 -20.584562
v -22.033209 422.684387 -15.110937
v -19.266499 420.962189 -3.226635
v -12.361141 416.749634 -6.420766
v -14.211805 420.729553 -0.405635
v -20.534210 439.010040 -25.371746
v -17.383520 429.268951 -28.015524
v -22.380062 431.547821 -17.290365
v -19.885765 425.158508 -20.584562
v -16.569868 421.438843 -27.172209
v -13.339741 428.668945 -31.336645
v -12.682922 425.314911 -31.307131
v -8.068933 431.106476 -32.258083
v -25.349316 424.625061 -7.331213
v -19.266499 420.962189 -3.226635
v -15.165147 417.054688 -8.927868
v 16.912174 430.683563 -20.023872
v 19.083511 425.570374 -16.426006
v 19.441603 428.394287 -15.391157
v 18.784363 422.166199 -11.293837
v 15.408217 425.400421 -3.990878
v 19.246883 428.800781 -10.030111
v 12.986391 436.364197 -24.367937
v 16.972668 435.188934 -19.860928
v 16.912174 430.683563 -20.023872
v 19.441603 428.394287 -15.391157
v 19.016459 435.665955 -13.646936
v 15.408217 425.400421 -3.990878
v 14.352079 430.175171 0.535699
v 19.246883 428.800781 -10.030111
v 19.336880 436.025330 -5.187663
v -29.388367 443.024078 -12.024127
v -33.125244 443.835449 -7.343770
v -25.687366 428.796967 -14.388037
v -29.738487 430.394287 -7.719845
v -22.033209 422.684387 -15.110937
v -25.349316 424.625061 -7.331213
v -18.330359 418.454773 -15.456576
v 4.830208 427.987213 -34.695332
v 8.579164 427.702789 -35.722378
v 7.373917 430.172485 -32.544773
v 10.453270 428.003387 -32.082794
v -12.682922 425.314911 -31.307131
v -9.401340 426.994263 -33.794594
v -8.068933 431.106476 -32.258083
v -1.062587 434.234436 -33.771095
v -1.783434 437.004150 -31.780966
v 2.486942 428.085144 -36.542507
v 1.934938 428.463623 -35.143227
v 1.588098 432.445160 -33.886520
v 4.830208 427.987213 -34.695332
v 6.967104 432.794617 -31.540691
v 6.786241 436.080414 -30.921671
v -17.383520 429.268951 -28.015524
v -13.941523 439.555634 -29.833982
v -13.339741 428.668945 -31.336645
v -8.068933 431.106476 -32.258083
v -7.803455 436.717407 -32.270504
v -1.783434 437.004150 -31.780966
v -1.783434 437.004150 -31.780966
v 6.786241 436.080414 -30.921671
v 5.918388 439.035400 -28.431961
v 16.912174 430.683563 -20.023872
v 18.855827 427.284058 -20.714420
v 19.083511 425.570374 -16.426006
v 12.715034 428.473694 -30.078846
v 15.071435 426.175293 -28.814312
v 16.012676 429.393127 -25.847624
v 4.830208 427.987213 -34.695332
v 7.373917 430.172485 -32.544773
v 6.967104 432.794617 -31.540691
v 6.786241 436.080414 -30.921671
v 10.453270 428.003387 -32.082794
v 12.240988 432.366608 -28.721619
v 12.715034 428.473694 -30.078846
v 13.355292 428.113342 -31.483728
v 12.986391 436.364197 -24.367937
v 13.864901 434.024353 -26.461390
v 16.012676 429.393127 -25.847624
v 16.912174 430.683563 -20.023872
v 18.855827 427.284058 -20.714420
v 20.046532 443.866089 9.763778
v 23.066124 452.597839 10.163708
v 23.761786 444.008362 14.128554
v 35.801682 469.487885 22.036303
v 1.895950 459.724365 -15.818874
v -1.291392 461.177734 -9.957923
v 10.881273 454.526062 -18.929401
v 8.994263 459.151428 -11.941674
v 17.620138 457.822266 -13.055214
v 17.009464 461.426514 -7.976981
v 23.243517 460.534668 -2.536475
v -33.562778 492.007660 9.899487
v -36.723671 458.771057 -2.698648
v -32.641773 454.283356 -7.765609
v 4.341503 454.369415 -21.917673
v 1.895950 459.724365 -15.818874
v 10.530861 448.699707 -22.733189
v 10.881273 454.526062 -18.929401
v 14.858261 445.397705 -21.769089
v 15.267829 452.376526 -18.567213
v 19.703213 445.251709 -18.086603
v 17.620138 457.822266 -13.055214
v 21.168125 453.230652 -13.829814
v 23.848286 446.351929 -13.359596
v 24.969156 450.047455 -6.139753
v 25.120771 455.023804 -5.021426
v 23.243517 460.534668 -2.536475
v 25.555534 451.921570 0.485051
v 25.261177 459.504974 3.693088
v 22.130348 466.697876 8.304964
v 25.631680 455.183960 7.212643
v 24.035881 466.414459 11.720184
v 8.564884 444.903381 -24.852011
v 10.530861 448.699707 -22.733189
v 11.857960 440.058960 -25.066832
v 13.935607 443.253632 -21.370163
v 14.858261 445.397705 -21.769089
v 16.972668 435.188934 -19.860928
v 17.522757 441.486084 -17.374401
v 19.703213 445.251709 -18.086603
v 19.016459 435.665955 -13.646936
v 20.815659 441.227356 -11.644602
v 23.848286 446.351929 -13.359596
v 14.352079 430.175171 0.535699
v 20.571762 443.714966 -5.752368
v 19.336880 436.025330 -5.187663
v 15.401783 434.687927 4.478277
v 24.969156 450.047455 -6.139753
v 17.839729 435.286133 0.645894
v 22.154854 448.074036 3.914492
v 20.046532 443.866089 9.763778
v 25.555534 451.921570 0.485051
v 23.066124 452.597839 10.163708
v 25.631680 455.183960 7.212643
v 26.114124 464.161682 15.006140
v 5.918388 439.035400 -28.431961
v 5.766908 441.953766 -27.397682
v 8.564884 444.903381 -24.852011
v 11.857960 440.058960 -25.066832
v 12.986391 436.364197 -24.367937
v 16.972668 435.188934 -19.860928
v -32.641773 454.283356 -7.765609
v -29.388367 443.024078 -12.024127
v -25.098377 438.598938 -14.440210
v -25.687366 428.796967 -14.388037
v -16.374645 443.806519 16.593122
v -16.375523 450.288269 18.252609
v -12.329596 457.214417 21.764227
v -13.963044 450.419128 22.443920
v -13.590147 443.298340 21.337034
v -6.581400 446.557495 25.045015
v -6.133863 452.997681 26.264832
v -5.168604 459.385132 24.662130
v -32.641773 454.283356 -7.765609
v -28.671576 451.979797 -10.259797
v -25.098377 438.598938 -14.440210
v -14.211805 420.729553 -0.405635
v -19.066387 428.485718 8.877020
v -9.025002 421.777771 1.724932
v -13.827341 429.194824 10.516776
v -9.301218 428.054169 14.029263
v -36.723671 458.771057 -2.698648
v -32.641773 454.283356 -7.765609
v -38.260887 464.607117 1.308582
v -37.620350 460.159546 -0.086130
v -29.388367 443.024078 -12.024127
v -33.125244 443.835449 -7.343770
v -29.738487 430.394287 -7.719845
v -31.753086 440.281250 -1.782877
v -25.349316 424.625061 -7.331213
v -26.204573 432.623596 3.066900
v -19.266499 420.962189 -3.226635
v -14.211805 420.729553 -0.405635
v -19.066387 428.485718 8.877020
v -39.966179 467.193542 4.707532
v -37.620350 460.159546 -0.086130
v -38.567322 461.325653 5.688612
v -37.962498 455.744202 1.665505
v -36.650928 456.995178 8.875248
v -36.543831 451.891998 5.368418
v -35.456596 447.749878 3.112181
v -31.753086 440.281250 -1.782877
v -32.857540 450.483459 10.519767
v -31.800659 446.323547 9.436133
v -26.204573 432.623596 3.066900
v -25.580446 454.257507 15.478117
v -28.402443 451.023590 14.165458
v -27.436632 438.732544 11.591084
v -28.272064 446.877625 12.543045
v -20.893240 434.781555 12.955801
v -19.066387 428.485718 8.877020
v -21.984961 443.912903 16.549181
v -22.047794 449.584686 16.989456
v -19.543751 455.286682 17.580818
v -13.827341 429.194824 10.516776
v -14.989173 434.528076 12.853434
v -16.374645 443.806519 16.593122
v -16.375523 450.288269 18.252609
v -14.559356 457.894897 17.551945
v -11.248736 464.045288 16.483402
v -9.301218 428.054169 14.029263
v -7.847193 465.103271 -1.104059
v -7.053440 463.030640 -3.386889
v -4.350727 463.029907 -3.063565
v -4.661043 465.514709 -1.953078
v -1.665423 462.806763 -1.528767
v -1.519735 465.806671 -0.058944
v -20.163921 455.337402 22.643988
v -19.994059 455.004517 22.748343
v -19.973852 455.478302 23.227068
v -17.855494 458.261810 24.888784
v -17.663839 459.095154 25.175146
v -6.835316 471.793976 25.166519
v -17.129368 458.610046 24.788870
v -7.077795 471.229401 19.930244
v -11.754349 462.082703 23.094452
v -11.362144 461.559204 22.400934
v -12.820725 459.729553 25.139822
v -12.754794 458.930786 24.844492
v -12.082701 459.508179 24.660784
v -15.800472 458.649536 23.403191
v -6.760035 472.065186 23.769131
v -15.583082 458.470398 23.637684
v -15.428748 459.273438 24.002844
v -11.754349 462.082703 23.094452
v -12.820725 459.729553 25.139822
v -12.754794 458.930786 24.844492
v -25.580446 454.257507 15.478117
v -18.653048 458.666809 17.191458
v -19.543751 455.286682 17.580818
v -11.248736 464.045288 16.483402
v -6.133412 472.140564 23.074282
v -11.362144 461.559204 22.400934
v -12.754794 458.930786 24.844492
v -12.082701 459.508179 24.660784
v -9.844620 469.356140 -14.102485
v -6.563323 467.354675 -5.387727
v -4.579328 464.531036 -15.419771
v -1.291392 461.177734 -9.957923
v -9.025002 421.777771 1.724932
v -9.301218 428.054169 14.029263
v -4.168434 420.606598 4.262772
v 1.152953 420.501617 6.469773
v -1.258130 427.384399 16.653996
v 8.614872 423.052063 8.839876
v 11.593720 432.509521 16.679092
v -14.798095 475.178040 4.171256
v -15.625564 471.329956 -11.372204
v -9.844620 469.356140 -14.102485
v -8.604955 462.221771 -24.331694
v -4.579328 464.531036 -15.419771
v -1.605368 457.590363 -24.480030
v 1.895950 459.724365 -15.818874
v -1.291392 461.177734 -9.957923
v -19.339066 472.449097 1.072503
v -20.328775 467.062408 -9.412524
v -14.798095 475.178040 4.171256
v -15.625564 471.329956 -11.372204
v -17.394665 458.531830 -23.991756
v -17.722303 453.976929 -25.532314
v -13.687709 450.451782 -31.167383
v -14.843208 446.714355 -28.634638
v -13.941523 439.555634 -29.833982
v -10.493486 456.693970 -29.119429
v -8.604955 462.221771 -24.331694
v -8.169395 449.798401 -31.515739
v -8.623243 444.007019 -30.634319
v -7.803455 436.717407 -32.270504
v -4.452945 456.005310 -27.913431
v -2.789639 448.242615 -30.615416
v -2.708036 445.016357 -30.050219
v -1.783434 437.004150 -31.780966
v -1.605368 457.590363 -24.480030
v 0.000783 441.095215 -31.035429
v 0.714824 450.689880 -27.606091
v 2.595433 445.814697 -27.739868
v 5.918388 439.035400 -28.431961
v 5.766908 441.953766 -27.397682
v 5.474686 445.853455 -25.954332
v 5.425030 448.012726 -25.399265
v 4.341503 454.369415 -21.917673
v 1.895950 459.724365 -15.818874
v 8.564884 444.903381 -24.852011
v 10.530861 448.699707 -22.733189
v -1.258130 427.384399 16.653996
v 11.593720 432.509521 16.679092
v 4.064604 435.174683 24.247866
v 11.962114 426.633789 11.980491
v 15.401783 434.687927 4.478277
v 15.424136 440.381653 22.375362
v 18.950993 435.125183 14.515678
v 19.897976 435.955994 9.117147
v 20.883839 443.537262 20.708942
v 23.761786 444.008362 14.128554
v 23.853596 444.138977 19.105976
v -27.699448 489.249969 13.280694
v -32.641773 454.283356 -7.765609
v -25.901867 463.337189 -4.975899
v -28.671576 451.979797 -10.259797
v 4.064604 435.174683 24.247866
v 5.508444 443.324341 27.556200
v 15.401783 434.687927 4.478277
v 15.424136 440.381653 22.375362
v 12.842512 447.739258 25.453468
v 20.046532 443.866089 9.763778
v 20.969742 448.841980 24.145882
v 23.761786 444.008362 14.128554
v -9.301218 428.054169 14.029263
v -11.393284 433.996979 17.616007
v -5.607113 437.968811 23.740597
v -1.258130 427.384399 16.653996
v -2.792839 442.559235 26.210781
v -1.002567 448.072754 27.151165
v 4.064604 435.174683 24.247866
v 5.508444 443.324341 27.556200
v -6.893627 464.398285 -1.532215
v -7.053440 463.030640 -3.386889
v -5.516590 461.796478 -5.871538
v -3.173396 461.797760 -5.478805
v -4.350727 463.029907 -3.063565
v -1.013273 461.163483 -4.113621
v -1.665423 462.806763 -1.528767
v -15.800472 458.649536 23.403191
v -6.133412 472.140564 23.074282
v -15.583082 458.470398 23.637684
v -15.428748 459.273438 24.002844
v -12.754794 458.930786 24.844492
v -31.605560 454.738403 11.653319
v -32.857540 450.483459 10.519767
v -28.402443 451.023590 14.165458
v -14.989173 434.528076 12.853434
v -16.374645 443.806519 16.593122
v -13.590147 443.298340 21.337034
v -9.301218 428.054169 14.029263
v -11.393284 433.996979 17.616007
v -6.581400 446.557495 25.045015
v -5.607113 437.968811 23.740597
v -6.133863 452.997681 26.264832
v -2.792839 442.559235 26.210781
v -1.002567 448.072754 27.151165
v -21.724548 473.655151 2.794249
v -24.268175 462.644226 -9.511561
v -19.339066 472.449097 1.072503
v -20.328775 467.062408 -9.412524
v -21.279991 458.274628 -17.907694
v -23.034634 456.280762 -12.733472
v -24.676456 439.322998 -20.772875
v -20.534210 439.010040 -25.371746
v -18.481926 450.468445 -23.692028
v -22.380062 431.547821 -17.290365
v -20.328775 467.062408 -9.412524
v -21.279991 458.274628 -17.907694
v -17.394665 458.531830 -23.991756
v -17.722303 453.976929 -25.532314
v -20.534210 439.010040 -25.371746
v -18.481926 450.468445 -23.692028
v -17.383520 429.268951 -28.015524
v -14.843208 446.714355 -28.634638
v -13.941523 439.555634 -29.833982
v 6.786241 436.080414 -30.921671
v 5.918388 439.035400 -28.431961
v 12.986391 436.364197 -24.367937
v -6.563323 467.354675 -5.387727
v -6.893627 464.398285 -1.532215
v -5.516590 461.796478 -5.871538
v -1.291392 461.177734 -9.957923
v -3.173396 461.797760 -5.478805
v -1.013273 461.163483 -4.113621
v -21.016308 455.972168 22.587336
v -7.435382 470.504974 26.041927
v -20.483345 455.715881 22.905638
v -20.083576 455.802307 22.888407
v -1.291392 461.177734 -9.957923
v -1.013273 461.163483 -4.113621
v -1.665423 462.806763 -1.528767
v 2.136581 462.616150 -2.235655
v 8.994263 459.151428 -11.941674
v 6.829224 461.822815 -5.536361
v 17.009464 461.426514 -7.976981
v -21.103184 455.888397 22.131021
v -21.167305 455.600464 22.312773
v -21.016308 455.972168 22.587336
v -6.919108 470.580292 25.521162
v -7.435382 470.504974 26.041927
v -20.483345 455.715881 22.905638
v -20.457073 455.282104 22.603704
v -20.163921 455.337402 22.643988
v -20.083576 455.802307 22.888407
v -19.973852 455.478302 23.227068
v -17.663839 459.095154 25.175146
v -7.255264 471.709381 25.598673
v -24.288055 475.183838 6.233591
v -21.724548 473.655151 2.794249
v -24.268175 462.644226 -9.511561
v -25.901867 463.337189 -4.975899
v -28.671576 451.979797 -10.259797
v -23.034634 456.280762 -12.733472
v -24.676456 439.322998 -20.772875
v -25.098377 438.598938 -14.440210
v -22.380062 431.547821 -17.290365
vn -0.1528 0.4120 0.8983
vn -0.3110 0.6455 0.6976
vn -0.6567 0.3310 0.6777
vn -0.4308 0.4967 0.7535
vn -0.6567 0.3310 0.6776
vn -0.4779 0.3060 0.8234
vn -0.5554 0.0082 0.8315
vn -0.6424 -0.0101 0.7663
vn -0.0465 0.9983 -0.0361
vn -0.0962 0.8900 0.4456
vn -0.0270 0.9923 0.1212
vn 0.0779 0.3945 0.9156
vn 0.0625 0.6708 0.7390
vn 0.0140 0.6593 0.7518
vn 0.0022 0.7800 0.6258
vn -0.1026 0.2743 0.9562
vn -0.4679 0.7433 0.4781
vn 0.0780 0.3945 0.9156
vn 0.2778 0.0967 0.9558
vn -0.4681 0.7432 0.4781
vn 0.8284 -0.5586 0.0406
vn 0.9466 -0.3212 0.0291
vn 0.8982 -0.3951 -0.1926
vn 0.9784 0.0146 -0.2061
vn -0.5595 0.0605 -0.8266
vn -0.9956 -0.0931 -0.0087
vn -0.6884 -0.7253 -0.0011
vn -0.5197 -0.6908 -0.5027
vn -0.1846 -0.8157 -0.5482
vn -0.1469 -0.9884 -0.0376
vn 0.0338 -0.8458 -0.5325
vn -0.2907 0.9517 -0.0987
vn -0.5085 0.6813 -0.5265
vn -0.8944 0.3714 -0.2491
vn -0.8926 -0.1693 -0.4178
vn 0.7900 -0.3489 0.5042
vn 0.8568 -0.2086 0.4717
vn 0.7850 -0.4501 0.4257
vn 0.8567 -0.2086 0.4717
vn 0.8573 -0.4612 0.2287
vn 0.0022 0.7799 0.6259
vn -0.1025 0.2743 0.9562
vn -0.8944 0.3715 -0.2491
vn -0.8690 -0.3323 0.3668
vn -0.8689 -0.3322 0.3668
vn -0.4680 0.7432 0.4781
vn -0.1026 0.2743 0.9561
vn 0.3138 -0.5803 -0.7515
vn 0.0390 -0.8267 -0.5613
vn -0.7074 0.0323 -0.7061
vn -0.2879 -0.9518 -0.1058
vn -0.6989 -0.6352 0.3287
vn -0.8027 0.5556 0.2168
vn -0.6992 0.6898 -0.1878
vn -0.7206 0.6776 -0.1471
vn -0.5869 0.7639 -0.2683
vn -0.7184 0.6753 -0.1669
vn 0.5653 0.8219 -0.0698
vn -0.0031 0.9995 -0.0322
vn 0.5183 0.7922 0.3220
vn 0.1055 0.6056 -0.7888
vn -0.0048 0.6098 -0.7925
vn 0.1311 -0.4143 -0.9007
vn 0.0241 -0.5663 -0.8239
vn -0.7329 0.4013 0.5494
vn -0.9991 0.0356 -0.0243
vn -0.7363 -0.5586 -0.3820
vn -0.1297 -0.8401 -0.5267
vn 0.0300 -0.8690 -0.4940
vn 0.0262 -0.9977 -0.0633
vn -0.8377 -0.4810 -0.2587
vn -0.9127 -0.1627 -0.3748
vn -0.8994 -0.4094 -0.1534
vn -0.8658 -0.4959 -0.0674
vn -0.2796 -0.9547 0.1019
vn -0.2933 -0.9487 -0.1180
vn -0.5698 0.7638 0.3033
vn -0.6088 0.7887 -0.0852
vn -0.8230 0.3570 -0.4418
vn -0.6088 0.7888 -0.0852
vn -0.6436 -0.2354 -0.7283
vn -0.2407 -0.9416 0.2354
vn -0.1129 0.6017 -0.7907
vn -0.0844 -0.4191 -0.9040
vn -0.3673 0.3104 -0.8768
vn -0.0233 -0.0534 -0.9983
vn -0.0806 0.0459 -0.9957
vn -0.2760 0.1017 -0.9558
vn -0.0846 0.0394 -0.9956
vn 0.9938 0.0683 0.0883
vn 0.7928 -0.6024 0.0923
vn 0.7765 -0.5386 -0.3271
vn 0.9964 0.0836 0.0150
vn 0.9937 0.0683 0.0883
vn 0.9964 0.0834 0.0154
vn 0.6799 -0.1992 -0.7057
vn 0.8171 0.3921 -0.4227
vn 0.9029 -0.2825 -0.3239
vn 0.7283 0.0839 -0.6801
vn 0.2939 -0.7791 -0.5538
vn 0.2402 -0.9699 -0.0405
vn 0.2045 -0.8386 -0.5049
vn 0.7928 -0.6024 0.0924
vn 0.0339 -0.8458 -0.5325
vn 0.0337 -0.8458 -0.5325
vn 0.0243 -0.5663 -0.8239
vn 0.7924 0.0182 0.6097
vn 0.5553 0.0092 0.8316
vn 0.3439 -0.3727 0.8619
vn 0.7283 0.0838 -0.6801
vn -0.2760 0.1016 -0.9558
vn -0.2524 0.2226 -0.9417
vn 0.2944 -0.0664 -0.9534
vn -0.0019 0.4762 -0.8793
vn 0.2792 0.2449 -0.9285
vn 0.2939 0.0679 -0.9534
vn 0.0401 -0.1524 -0.9875
vn -0.2604 -0.0825 -0.9620
vn -0.2605 -0.0825 -0.9619
vn 0.1069 0.0588 -0.9925
vn 0.3121 0.3150 -0.8963
vn 0.7925 0.0182 0.6096
vn 0.2778 0.0967 0.9557
vn 0.0636 -0.0718 -0.9954
vn 0.5183 0.7923 0.3220
vn 0.0243 -0.5663 -0.8238
vn 0.0421 0.8937 0.4467
vn -0.0060 0.6098 -0.7925
vn 0.0065 -0.8255 -0.5643
vn -0.2535 -0.5900 -0.7666
vn 0.7222 0.0694 -0.6882
vn 0.3383 -0.9362 -0.0949
vn 0.7244 -0.5942 0.3495
vn 0.7630 0.5991 0.2428
vn 0.6671 0.7259 -0.1672
vn 0.6898 0.7133 -0.1240
vn 0.5539 0.7941 -0.2502
vn 0.6877 0.7115 -0.1441
vn 0.7196 0.6105 -0.3308
vn 0.7636 0.1867 -0.6181
vn 0.9445 0.1914 -0.2671
vn -0.9628 -0.1191 -0.2424
vn -0.8926 -0.1693 -0.4179
vn -0.4429 -0.4955 -0.7472
vn -0.2535 -0.5901 -0.7665
vn 0.5460 0.2629 -0.7955
vn 0.5459 0.2629 -0.7955
vn 0.7107 0.7031 -0.0231
vn 0.6778 0.6055 -0.4172
vn 0.6777 0.6055 -0.4172
vn 0.6788 0.6046 -0.4167
vn 0.5488 0.4374 -0.7124
vn 0.6368 0.4531 -0.6239
vn 0.0636 -0.0719 -0.9954
vn -0.2734 -0.2328 -0.9333
vn 0.2951 0.4403 -0.8479
vn 0.2950 0.4404 -0.8480
vn 0.2951 0.4403 -0.8480
vn 0.5585 0.8278 0.0527
vn 0.8193 0.5238 -0.2330
vn 0.7137 0.0951 -0.6940
vn 0.7136 0.0951 -0.6940
vn 0.0370 -0.5714 -0.8198
vn 0.0371 -0.5714 -0.8198
vn 0.4226 -0.2385 -0.8744
vn 0.2951 0.4404 -0.8479
vn 0.7266 0.2904 -0.6227
vn 0.9051 0.3316 -0.2660
vn 0.7265 0.2904 -0.6227
vn 0.7136 0.0951 -0.6941
vn 0.8980 0.1764 -0.4030
vn 0.7312 0.4231 -0.5351
vn 0.5234 -0.5463 -0.6540
vn 0.5234 -0.5463 -0.6539
vn 0.6254 -0.0954 -0.7744
vn 0.6043 0.4358 -0.6670
vn 0.0274 -0.5198 -0.8538
vn 0.0154 0.0007 -0.9999
vn 0.5233 -0.5463 -0.6540
vn 0.5234 -0.5462 -0.6540
vn -0.0010 0.5236 -0.8520
vn -0.0087 0.7242 -0.6895
vn 0.5653 0.6593 -0.4957
vn -0.4694 -0.5710 -0.6735
vn -0.5931 -0.1234 -0.7956
vn -0.6058 0.4052 -0.6847
vn -0.5841 0.6291 -0.5129
vn -0.0145 0.8509 -0.5252
vn -0.3774 -0.2534 -0.8907
vn 0.0370 -0.5715 -0.8198
vn -0.3773 -0.2534 -0.8907
vn -0.3773 -0.2534 -0.8908
vn -0.7209 0.2554 -0.6443
vn -0.8939 0.1308 -0.4287
vn -0.7361 0.3848 -0.5569
vn -0.5241 0.5758 -0.6275
vn -0.5241 0.5758 -0.6276
vn -0.5018 0.7300 -0.4641
vn -0.3773 -0.2535 -0.8907
vn 0.3271 -0.2158 -0.9200
vn -0.2923 0.4248 -0.8568
vn -0.6051 0.7956 0.0291
vn -0.9126 0.2797 -0.2982
vn -0.6978 0.0632 -0.7135
vn 0.5023 -0.4601 -0.7321
vn -0.5345 0.2314 -0.8129
vn -0.7465 0.6633 -0.0520
vn -0.6946 0.5679 -0.4417
vn -0.8390 0.4813 -0.2538
vn 0.2943 -0.0664 -0.9534
vn 0.1141 -0.9933 0.0177
vn -0.1356 -0.9860 -0.0975
vn -0.1356 -0.9859 -0.0975
vn -0.6194 -0.7773 0.1098
vn -0.7887 -0.4225 -0.4466
vn -0.9612 0.2723 -0.0448
vn -0.6195 -0.7773 0.1098
vn -0.5845 0.7078 -0.3967
vn -0.5845 0.7078 -0.3968
vn -0.9619 -0.1207 -0.2452
vn -0.5875 0.7510 -0.3014
vn -0.3448 0.9084 -0.2365
vn -0.5749 0.7770 -0.2565
vn -0.7400 0.5724 -0.3531
vn -0.2407 -0.9416 0.2355
vn -0.2796 -0.9547 0.1018
vn -0.1142 -0.9385 0.3259
vn -0.9720 -0.1613 0.1707
vn -0.9619 -0.1207 -0.2453
vn -0.9720 -0.1613 0.1708
vn -0.4388 0.8140 -0.3805
vn -0.4165 0.8669 -0.2739
vn -0.4249 0.8752 -0.2312
vn -0.3523 -0.7893 0.5029
vn 0.3968 -0.5237 0.7538
vn 0.0612 -0.6818 0.7290
vn -0.8655 -0.0379 0.4995
vn -0.4498 0.8064 -0.3840
vn -0.4388 0.8141 -0.3805
vn 0.5884 0.8067 -0.0558
vn 0.5884 0.8066 -0.0559
vn -0.3785 0.8524 -0.3608
vn -0.4181 -0.5074 0.7535
vn -0.4181 -0.5074 0.7534
vn 0.1561 0.0804 0.9845
vn 0.6360 -0.3335 0.6959
vn 0.5440 -0.3425 0.7660
vn 0.0484 0.7919 0.6088
vn 0.0484 0.7918 0.6088
vn 0.5884 0.8066 -0.0558
vn 0.0485 0.7919 0.6088
vn -0.3276 -0.3190 0.8893
vn -0.7345 -0.2571 0.6280
vn -0.4181 -0.5075 0.7534
vn -0.8989 -0.0497 0.4353
vn 0.0484 0.7919 0.6087
vn 0.7495 0.2503 0.6128
vn -0.5502 0.4101 -0.7274
vn -0.5409 0.4072 -0.7360
vn -0.4660 0.2849 -0.8377
vn -0.7541 0.1478 -0.6399
vn -0.6409 0.4199 -0.6425
vn -0.6596 0.2932 -0.6921
vn -0.5562 0.2599 -0.7894
vn -0.5042 0.3028 -0.8088
vn -0.6945 0.5679 -0.4417
vn -0.7401 0.5724 -0.3531
vn -0.9449 0.1420 -0.2949
vn -0.8999 0.2854 -0.3298
vn -0.6410 0.4199 -0.6425
vn -0.8576 0.0080 -0.5142
vn -0.6836 0.1728 -0.7091
vn -0.5294 0.2955 -0.7952
vn -0.5064 0.2986 -0.8089
vn -0.7400 0.5724 -0.3532
vn -0.5749 0.7770 -0.2564
vn -0.9491 0.3123 -0.0408
vn -0.9751 0.2165 -0.0486
vn -0.9491 0.3122 -0.0404
vn -0.9757 -0.2186 0.0178
vn -0.8897 -0.4282 -0.1582
vn -0.8577 0.0080 -0.5142
vn -0.8317 0.1839 -0.5238
vn -0.6853 0.3197 -0.6543
vn -0.8665 0.4782 -0.1431
vn -0.9784 0.2059 0.0209
vn -0.9972 0.0700 0.0275
vn -0.7508 -0.4726 0.4615
vn -0.9756 -0.2186 0.0178
vn -0.7507 -0.4727 0.4615
vn -0.9045 -0.4239 -0.0464
vn -0.8147 0.2006 -0.5441
vn -0.4499 0.8619 -0.2339
vn -0.8795 0.4719 -0.0619
vn -0.9824 0.1215 0.1418
vn -0.9371 0.3413 -0.0727
vn -0.9151 0.3702 0.1600
vn -0.4490 0.8619 -0.2358
vn 0.2137 0.9644 -0.1557
vn -0.8398 0.3760 0.3915
vn -0.8399 0.3760 0.3915
vn -0.9072 0.3287 0.2625
vn -0.9599 0.2181 0.1764
vn -0.9598 0.2181 0.1764
vn -0.9957 -0.0919 -0.0137
vn -0.9692 0.0019 -0.2462
vn 0.5885 0.8066 -0.0559
vn 0.7496 0.2503 0.6128
vn 0.1562 0.0804 0.9844
vn -0.9692 0.0018 -0.2462
vn -0.9899 0.1047 -0.0955
vn -0.9973 0.0252 0.0694
vn -0.5452 0.8211 -0.1689
vn -0.5337 0.8397 0.1000
vn -0.9371 0.3414 -0.0727
vn -0.9340 0.3303 -0.1359
vn -0.0497 0.9631 0.2644
vn -0.0998 0.9200 0.3791
vn -0.3228 0.8836 0.3392
vn -0.5838 0.8054 0.1023
vn -0.2651 0.9480 0.1763
vn -0.8775 0.4583 -0.1411
vn -0.8775 0.4583 -0.1410
vn 0.3194 0.5364 0.7812
vn 0.3049 0.6339 0.7108
vn -0.1098 0.5643 0.8183
vn -0.2060 0.8002 0.5632
vn -0.8776 0.4583 -0.1410
vn -0.7445 0.1817 0.6424
vn -0.7445 0.1816 0.6425
vn 0.0473 -0.4048 0.9132
vn -0.7445 0.1816 0.6424
vn 0.1809 -0.0203 0.9833
vn -0.1098 0.5643 0.8182
vn -0.2122 0.1443 0.9665
vn -0.0230 0.3415 0.9396
vn -0.0281 0.6302 0.7760
vn -0.9569 -0.2735 -0.0972
vn -0.9459 -0.3244 0.0048
vn -0.9459 -0.3245 0.0048
vn -0.3432 -0.6627 0.6657
vn -0.3432 -0.6627 0.6656
vn -0.4407 -0.3601 0.8223
vn -0.3881 -0.0957 0.9166
vn -0.0152 0.0089 0.9998
vn -0.9570 -0.2735 -0.0972
vn -0.9134 -0.3055 0.2690
vn -0.4407 -0.3601 0.8222
vn -0.6624 -0.3784 0.6466
vn -0.3491 -0.4412 0.8267
vn -0.0017 -0.4428 0.8966
vn -0.9078 -0.1691 0.3837
vn -0.7100 -0.5084 0.4872
vn -0.3670 -0.6503 0.6652
vn -0.7259 -0.4878 0.4849
vn -0.8368 -0.5257 0.1532
vn -0.9444 -0.2912 0.1526
vn -0.8526 0.3440 0.3933
vn -0.3523 -0.7892 0.5029
vn -0.0281 0.6301 0.7760
vn -0.0302 0.8615 0.5069
vn -0.0300 0.9209 0.3886
vn -0.3465 0.9189 0.1884
vn -0.4768 0.8574 -0.1940
vn -0.4374 0.8831 -0.1695
vn -0.0290 0.9727 0.2304
vn -0.0235 0.9868 -0.1605
vn -0.2309 0.8239 -0.5176
vn -0.2608 0.8605 -0.4376
vn -0.4137 0.7059 -0.5749
vn -0.4983 0.7970 -0.3413
vn 0.2920 0.9357 0.1979
vn 0.4367 0.8814 -0.1803
vn 0.2026 0.8353 -0.5111
vn -0.0139 0.8372 -0.5468
vn -0.0130 0.8187 -0.5741
vn -0.2632 0.7478 -0.6095
vn -0.0859 0.8354 -0.5429
vn -0.2076 0.7481 -0.6303
vn 0.2282 0.8734 -0.4303
vn 0.2416 0.7611 -0.6020
vn 0.3953 0.9050 -0.1571
vn 0.3930 0.7272 -0.5628
vn 0.3930 0.7271 -0.5628
vn 0.1866 0.7585 -0.6244
vn 0.0580 0.8392 -0.5407
vn 0.1851 0.8347 -0.5187
vn 0.4764 0.7557 -0.4495
vn 0.4657 0.8223 -0.3269
vn 0.3930 0.7272 -0.5629
vn 0.4657 0.8224 -0.3269
vn 0.6867 0.3558 -0.6339
vn 0.5367 0.3236 -0.7793
vn 0.5139 0.3254 -0.7937
vn 0.2096 0.9604 0.1834
vn -0.3153 0.9478 -0.0485
vn 0.4657 0.8223 -0.3270
vn 0.3593 0.8140 -0.4563
vn 0.3593 0.8140 -0.4564
vn 0.8189 0.2435 -0.5197
vn 0.8362 0.2277 -0.4989
vn 0.6945 0.2090 -0.6885
vn 0.5651 0.2894 -0.7726
vn -0.4060 0.6226 0.6690
vn -0.4061 0.6226 0.6690
vn 0.8371 0.5094 -0.1995
vn 0.3593 0.8141 -0.4563
vn -0.4061 0.6225 0.6690
vn 0.9266 -0.3757 -0.0191
vn -0.4061 0.6226 0.6689
vn 0.9265 -0.3757 -0.0191
vn 0.8709 0.0534 -0.4885
vn 0.6636 0.3280 -0.6723
vn 0.5405 0.4354 -0.7199
vn 0.5115 0.3295 -0.7936
vn 0.5377 0.2803 -0.7952
vn 0.4752 0.3096 -0.8236
vn 0.2057 0.5257 -0.8254
vn 0.5116 0.6030 -0.6121
vn -0.2132 0.8242 -0.5246
vn -0.2083 0.5148 -0.8316
vn -0.5278 0.2523 -0.8110
vn -0.5278 0.2523 -0.8111
vn -0.3878 0.7944 -0.4675
vn 0.2664 0.9630 -0.0398
vn 0.3526 0.6425 0.6803
vn -0.7508 -0.4727 0.4614
vn -0.2651 0.9480 0.1764
vn 0.3526 0.6426 0.6803
vn -0.7508 -0.4727 0.4615
vn 0.3525 0.6426 0.6803
vn -0.8563 0.4649 -0.2248
vn -0.3878 0.7944 -0.4674
vn 0.3525 0.6425 0.6803
vn -0.8563 0.4649 -0.2249
vn -0.6989 -0.6353 0.3287
vn -0.9612 0.2724 -0.0448
vn 0.6474 -0.7472 0.1502
vn 0.1856 -0.9806 -0.0625
vn 0.9462 0.3232 -0.0147
vn 0.7244 -0.5943 0.3495
vn 0.9462 0.3232 -0.0146
vn 0.5591 0.7371 -0.3796
vn 0.9439 -0.2332 0.2338
vn 0.7568 -0.6197 0.2079
vn 0.6642 -0.5968 0.4501
vn 0.7369 0.2415 0.6314
vn 0.2486 -0.1441 0.9578
vn 0.3814 -0.6295 0.6769
vn -0.0921 -0.3972 0.9131
vn 0.2820 -0.9352 0.2144
vn 0.3496 -0.7961 0.4940
vn 0.7129 -0.5014 0.4903
vn 0.3802 -0.6395 0.6682
vn 0.0174 -0.6679 0.7440
vn -0.3691 -0.5769 0.7287
vn -0.4285 -0.0998 0.8980
vn 0.4216 -0.4853 0.7660
vn 0.9036 -0.1215 0.4108
vn 0.6618 -0.3436 0.6663
vn 0.3469 -0.4231 0.8370
vn 0.0111 -0.7001 0.7140
vn 0.7280 -0.2186 0.6498
vn 0.9197 -0.2574 0.2964
vn 0.4343 -0.3371 0.8353
vn 0.3651 -0.0759 0.9279
vn 0.8869 -0.0028 0.4619
vn 0.9610 -0.2744 0.0332
vn 0.3575 -0.6443 0.6761
vn -0.2089 -0.0305 0.9775
vn 0.1754 0.1545 0.9723
vn 0.9855 0.1566 -0.0660
vn 0.9725 -0.2227 -0.0684
vn 0.9610 -0.2745 0.0332
vn -0.0532 -0.4075 0.9117
vn 0.3575 -0.6442 0.6761
vn -0.0532 -0.4074 0.9117
vn 0.3575 -0.6442 0.6762
vn -0.3703 0.5183 0.7709
vn -0.3588 0.6165 0.7009
vn 0.0555 0.5686 0.8207
vn 0.9747 0.0530 -0.2172
vn 0.7145 0.2198 0.6642
vn 0.7145 0.2199 0.6642
vn 0.8561 0.5039 -0.1152
vn 0.8560 0.5039 -0.1152
vn -0.0088 0.9642 0.2650
vn 0.0400 0.9236 0.3812
vn 0.1468 0.8095 0.5685
vn 0.9741 0.0544 -0.2194
vn 0.9991 -0.0394 0.0159
vn 0.9190 0.3790 -0.1082
vn 0.8561 0.5039 -0.1151
vn 0.9190 0.3790 -0.1083
vn 0.5060 0.8488 -0.1532
vn 0.4856 0.8666 0.1151
vn 0.2657 0.8991 0.3480
vn 0.9921 0.0775 0.0991
vn 0.9191 0.3790 -0.1082
vn 0.9197 0.3901 -0.0450
vn 0.8892 0.4176 0.1870
vn 0.5374 0.8349 0.1190
vn 0.9414 0.2681 0.2048
vn 0.9700 0.1728 0.1709
vn 0.9909 0.1222 0.0571
vn 0.7605 -0.4329 0.4840
vn 0.8550 0.5174 -0.0361
vn 0.9651 0.2570 0.0499
vn 0.9634 0.2675 -0.0197
vn 0.9848 -0.1671 0.0471
vn 0.9153 -0.3808 -0.1313
vn 0.7605 -0.4330 0.4840
vn 0.8441 0.5232 -0.1176
vn 0.9322 0.3618 -0.0127
vn 0.8931 0.3324 -0.3031
vn 0.4108 0.8845 -0.2211
vn 0.5411 0.8060 -0.2402
vn 0.5411 0.8059 -0.2402
vn 0.8069 0.4193 0.4161
vn -0.1894 0.0713 0.9793
vn -0.2593 0.9520 -0.1628
vn 0.3438 0.8714 -0.3500
vn 0.3850 0.8965 -0.2192
vn 0.8805 0.3757 0.2892
vn 0.3173 -0.3020 0.8989
vn 0.9747 0.0529 -0.2172
vn -0.7796 0.2101 0.5900
vn -0.6280 0.7745 -0.0757
vn 0.4066 0.8362 -0.3679
vn 0.3783 0.8878 -0.2621
vn 0.3039 0.9252 -0.2273
vn 0.4181 0.8292 -0.3710
vn -0.6279 0.7746 -0.0757
vn 0.8510 0.0072 0.5251
vn 0.4066 0.8362 -0.3680
vn 0.9737 -0.1184 0.1946
vn 0.5560 0.7809 -0.2846
vn 0.5560 0.7810 -0.2846
vn -0.1081 0.7877 0.6065
vn -0.1082 0.7877 0.6065
vn -0.5478 -0.3712 0.7498
vn -0.0407 -0.6955 0.7174
vn 0.1033 -0.9266 0.3616
vn 0.9646 -0.1310 -0.2290
vn -0.5478 -0.3711 0.7498
vn -0.6280 0.7746 -0.0757
vn -0.6381 -0.3670 0.6769
vn -0.0407 -0.6956 0.7173
vn -0.3924 -0.5445 0.7413
vn -0.0407 -0.6955 0.7173
vn 0.0465 -0.9988 0.0173
vn 0.8159 -0.4171 -0.4004
vn 0.4542 -0.8841 0.1096
vn 0.2820 -0.9351 0.2144
vn 0.4049 -0.9082 -0.1060
vn -0.5620 -0.7242 -0.3996
vn -0.7692 0.1835 -0.6121
vn -0.2768 -0.5146 -0.8115
vn -0.3579 -0.2032 -0.9114
vn -0.5590 0.3073 -0.7702
vn -0.5589 0.3073 -0.7702
vn -0.5085 0.4323 -0.7447
vn -0.4465 0.2164 -0.8682
vn -0.5590 0.3073 -0.7701
vn -0.7180 0.1757 -0.6735
vn -0.4124 0.1115 -0.9041
vn 0.0097 0.1896 -0.9818
vn -0.0930 0.9056 0.4137
vn -0.5084 0.4323 -0.7447
vn -0.5660 0.7763 -0.2775
vn -0.4124 0.1115 -0.9042
vn -0.2688 0.8981 -0.3482
vn 0.0072 0.2719 -0.9623
vn 0.7283 0.0837 -0.6801
vn 0.5169 0.4699 -0.7155
vn -0.4251 0.8913 0.1579
vn 0.5169 0.4699 -0.7156
vn 0.5239 0.8097 -0.2644
vn -0.1013 0.7174 0.6892
vn 0.2313 0.9112 -0.3408
vn -0.0625 0.7316 0.6789
vn 0.5618 0.3421 -0.7532
vn 0.5618 0.3421 -0.7533
vn 0.4623 0.2467 -0.8517
vn 0.7348 0.2220 -0.6409
vn 0.4347 0.1355 -0.8903
vn -0.0155 0.8685 -0.4954
vn -0.0292 0.7681 0.6397
vn -0.0625 0.7316 0.6788
vn 0.3374 0.5895 -0.7339
vn -0.0155 0.8686 -0.4954
vn -0.0155 0.8686 -0.4953
vn 0.0026 0.7344 0.6787
vn 0.0423 0.7213 0.6913
vn 0.0423 0.7213 0.6914
vn -0.4250 0.8913 0.1579
vn -0.2141 0.4482 0.8679
vn 0.1644 0.4584 0.8734
vn -0.0229 0.5251 0.8507
vn -0.0251 0.8743 0.4848
vn -0.0930 0.9057 0.4137
vn -0.0930 0.9056 0.4138
vn 0.6510 0.4728 0.5939
vn -0.2768 -0.5147 -0.8115
vn 0.6165 -0.6797 -0.3974
vn 0.8441 -0.4092 -0.3466
vn 0.6165 -0.6797 -0.3975
vn 0.8731 -0.1846 -0.4513
vn 0.3229 -0.4965 -0.8057
vn 0.8461 -0.0063 -0.5329
vn 0.3229 -0.4966 -0.8057
vn 0.4153 -0.1714 -0.8934
vn -0.2535 -0.5900 -0.7665
vn -0.4251 0.8913 0.1578
vn 0.7833 -0.4793 -0.3958
vn 0.8079 -0.3684 -0.4600
vn 0.8438 -0.0400 -0.5352
vn 0.7766 0.2248 -0.5885
vn 0.5772 -0.3566 -0.7346
vn 0.4408 -0.7259 -0.5280
vn 0.7364 -0.4050 -0.5420
vn 0.3553 -0.2040 -0.9122
vn 0.4279 0.3118 -0.8483
vn 0.5773 -0.3566 -0.7346
vn 0.1148 -0.7308 -0.6729
vn 0.0200 -0.7634 -0.6456
vn 0.3881 -0.6072 -0.6933
vn 0.0239 -0.5305 -0.8473
vn 0.0198 -0.1950 -0.9806
vn 0.0106 0.1559 -0.9877
vn -0.0034 0.5879 -0.8089
vn -0.3754 -0.7801 -0.5005
vn -0.3328 -0.6302 -0.7015
vn -0.3328 -0.6301 -0.7015
vn -0.3364 -0.4693 -0.8165
vn -0.7273 -0.5884 -0.3534
vn -0.6956 -0.4455 -0.5636
vn -0.3328 -0.6301 -0.7016
vn -0.3168 -0.2217 -0.9222
vn -0.4183 0.2895 -0.8609
vn -0.3460 0.5715 -0.7441
vn -0.6736 -0.5370 -0.5078
vn -0.7667 -0.5441 -0.3408
vn -0.8538 -0.2490 -0.4571
vn -0.8539 -0.2490 -0.4571
vn -0.8242 -0.0839 -0.5601
vn 0.0066 -0.8255 -0.5643
vn -0.8031 -0.4486 -0.3922
vn -0.7666 -0.5441 -0.3408
vn -0.4208 -0.1766 0.8898
vn -0.2390 -0.1901 0.9522
vn -0.2867 -0.5017 0.8162
vn -0.1223 -0.1579 0.9799
vn -0.4596 -0.1634 0.8730
vn -0.1223 -0.1579 0.9798
vn -0.2118 -0.1635 0.9635
vn -0.4596 -0.1634 0.8729
vn 0.7935 -0.5076 0.3356
vn -0.9299 0.3544 0.0987
vn 0.7935 -0.5077 0.3356
vn -0.1403 -0.7895 0.5975
vn 0.2217 -0.3302 0.9175
vn 0.4919 0.8601 -0.1349
vn 0.3890 0.8527 -0.3486
vn 0.0484 0.9637 -0.2627
vn 0.8067 0.5405 0.2390
vn 0.8398 0.4931 0.2270
vn 0.6977 -0.1107 0.7078
vn 0.7470 -0.0192 0.6646
vn 0.8633 0.4869 0.1328
vn 0.9557 0.0826 0.2826
vn 0.9557 0.0826 0.2827
vn 0.8183 -0.1466 0.5557
vn 0.9556 0.0826 0.2827
vn 0.3985 0.2112 0.8925
vn -0.3977 -0.7754 0.4905
vn -0.3977 -0.7754 0.4906
vn -0.9298 0.3545 0.0987
vn 0.5677 -0.4764 0.6714
vn 0.8871 0.3591 0.2900
vn -0.3995 -0.2660 0.8773
vn -0.5629 -0.0900 0.8216
vn -0.3749 0.0019 0.9271
vn -0.2208 0.3226 0.9204
vn -0.7214 -0.3899 0.5723
vn -0.9611 -0.2630 0.0849
vn -0.7576 -0.2486 0.6036
vn -0.7575 -0.2486 0.6036
vn 0.8871 0.3591 0.2901
vn 0.6805 0.6391 0.3583
vn 0.9202 -0.0917 0.3805
vn 0.5387 -0.8093 0.2342
vn -0.7457 -0.5608 -0.3597
vn -0.8522 -0.4175 -0.3154
vn 0.7208 -0.4031 -0.5639
vn 0.5388 -0.8092 0.2341
vn -0.8522 -0.4174 -0.3155
vn 0.5387 -0.8093 0.2341
vn -0.8665 -0.3356 -0.3695
vn 0.5386 -0.8093 0.2343
vn -0.7003 -0.2474 0.6696
vn -0.5067 -0.1331 0.8518
vn 0.7671 -0.4501 -0.4571
vn 0.8048 0.0165 -0.5933
vn 0.9528 -0.0572 -0.2983
vn 0.8597 -0.4427 -0.2547
vn 0.9527 -0.0572 -0.2983
vn 0.5884 -0.8083 0.0208
vn 0.5806 -0.7797 -0.2345
vn 0.0811 -0.8634 0.4980
vn -0.0998 -0.9734 0.2062
vn -0.4563 -0.5401 0.7072
vn -0.7131 -0.5263 0.4631
vn -0.6847 -0.6528 0.3240
vn -0.1886 -0.9660 -0.1769
vn -0.5006 -0.8656 -0.0087
vn -0.7430 0.1233 0.6578
vn -0.4179 -0.2997 0.8576
vn -0.4255 0.6117 0.6669
vn -0.6607 0.5082 0.5524
vn -0.8190 0.2989 0.4898
vn -0.8647 -0.1099 0.4900
vn -0.8648 -0.1099 0.4900
vn -0.7511 0.0714 0.6563
vn -0.8502 -0.2334 0.4720
vn -0.7490 -0.3396 0.5689
vn -0.8080 -0.5539 0.2007
vn -0.3397 0.8122 0.4743
vn -0.5741 0.7096 0.4085
vn -0.5202 0.6879 0.5061
vn -0.5274 0.5848 0.6163
vn -0.8050 -0.0532 0.5908
vn -0.7118 0.5599 -0.4241
vn -0.6875 0.7043 -0.1768
vn -0.2769 0.8151 -0.5089
vn -0.8057 -0.5521 0.2144
vn -0.9178 -0.3848 0.0980
vn -0.8050 -0.0532 0.5909
vn -0.9774 0.1323 0.1648
vn -0.9909 0.0564 -0.1225
vn -0.9087 0.3220 -0.2657
vn -0.7984 0.5808 0.1589
vn 0.2972 -0.3292 -0.8963
vn -0.8258 0.5339 0.1817
vn 0.7556 0.0187 -0.6547
vn 0.3436 -0.6272 -0.6990
vn -0.8498 -0.5265 -0.0271
vn -0.8258 0.5338 0.1817
vn -0.0552 -0.8350 -0.5474
vn 0.7615 0.6192 -0.1915
vn 0.5671 0.6992 -0.4354
vn 0.3844 0.6980 -0.6042
vn 0.7556 0.0186 -0.6548
vn 0.4978 0.7145 -0.4916
vn 0.1338 0.9675 -0.2144
vn 0.3720 0.9263 0.0603
vn 0.0631 0.9672 -0.2460
vn 0.0419 0.8624 -0.5045
vn -0.0017 0.9935 -0.1139
vn -0.0930 0.8743 -0.4763
vn -0.2769 0.8150 -0.5089
vn -0.0307 0.9375 0.3467
vn -0.2617 0.9617 0.0815
vn -0.1967 0.9671 0.1613
vn -0.3411 0.9326 0.1179
vn -0.0551 -0.8350 -0.5474
vn -0.5202 0.6879 0.5062
vn -0.8779 0.4654 -0.1129
vn -0.9550 0.2844 -0.0845
vn -0.5289 0.6518 -0.5435
vn 0.8120 0.5705 -0.1233
vn 0.8103 0.5829 0.0608
vn 0.7392 0.5851 -0.3336
vn 0.8102 0.5829 0.0608
vn 0.9912 -0.1286 -0.0318
vn 0.7517 0.6157 -0.2363
vn 0.5597 -0.6194 0.5505
vn 0.5597 -0.6194 0.5506
vn 0.7170 -0.5351 0.4468
vn 0.6637 0.7361 -0.1331
vn 0.5053 0.8147 -0.2844
vn 0.7999 0.5526 -0.2341
vn 0.8939 0.4391 -0.0905
vn 0.6229 -0.6973 0.3547
vn 0.4358 -0.7030 -0.5621
vn 0.8179 0.2503 -0.5181
vn 0.9868 0.1314 0.0950
vn 0.9839 0.1493 -0.0983
vn 0.7242 0.4372 -0.5332
vn 0.7243 0.4372 -0.5332
vn -0.1755 0.2457 -0.9533
vn -0.0030 0.5863 -0.8101
vn -0.7566 0.3521 -0.5510
vn -0.9000 0.0572 -0.4320
vn -0.9939 0.0229 -0.1081
vn -0.9900 -0.0364 0.1360
vn 0.8949 0.1967 0.4006
vn 0.7763 0.5477 -0.3120
vn 0.9565 0.2556 -0.1406
vn 0.5727 0.6373 -0.5156
vn -0.0027 0.7155 -0.6987
vn 0.7763 0.5477 -0.3121
vn -0.9644 -0.1467 -0.2202
vn 0.6167 -0.0294 -0.7867
vn 0.5137 0.7513 0.4143
vn 0.3952 0.7689 0.5026
vn 0.5925 -0.3808 0.7099
vn -0.0412 0.8644 0.5012
vn -0.0412 0.8643 0.5012
vn -0.0583 0.8026 0.5937
vn -0.0799 -0.0886 0.9929
vn -0.5232 0.7432 0.4170
vn -0.5418 -0.5879 0.6007
vn -0.0798 -0.0886 0.9929
vn -0.8468 -0.4781 0.2331
vn -0.8468 -0.4781 0.2332
vn -0.3475 -0.9326 -0.0979
vn 0.4358 -0.7030 -0.5620
vn -0.3475 -0.9325 -0.0979
vn -0.9044 -0.4218 -0.0639
vn -0.9045 -0.4217 -0.0639
vn 0.9912 -0.1285 -0.0318
vn -0.9044 -0.4219 -0.0640
vn -0.6949 -0.4649 0.5486
vn -0.6949 -0.4649 0.5487
vn 0.7170 -0.5351 0.4467
vn -0.7337 -0.5441 0.4071
vn -0.8292 0.5491 -0.1047
vn -0.6473 0.6851 0.3342
vn -0.6473 0.6850 0.3342
vn -0.5353 0.3146 0.7839
vn 0.3002 0.4346 0.8491
vn 0.5136 0.7514 0.4143
vn 0.5137 0.7514 0.4142
vn 0.5482 0.2526 0.7973
vn -0.7278 0.6692 -0.1499
vn -0.7969 0.5840 -0.1544
vn -0.9230 0.3529 -0.1534
vn -0.7337 -0.5441 0.4070
vn -0.7372 0.6686 -0.0974
vn -0.7917 0.6039 -0.0923
vn -0.6771 0.6228 -0.3920
vn -0.8499 0.4783 -0.2210
vn -0.9496 0.0487 0.3096
vn -0.4691 0.2087 0.8581
vn -0.7074 -0.1664 0.6869
vn -0.8499 0.4783 -0.2211
vn -0.6473 0.6850 0.3343
vn -0.6474 0.6850 0.3342
vn 0.0997 -0.7271 0.6792
vn -0.3037 -0.6207 0.7229
vn -0.0178 -0.7779 0.6281
vn 0.3098 0.9297 0.1991
vn 0.0984 0.7731 0.6266
vn 0.2253 0.9689 0.1021
vn -0.7110 0.6705 0.2119
vn -0.4438 0.8328 0.3309
vn 0.4014 0.9028 0.1543
vn 0.5872 0.7422 0.3230
vn 0.5155 0.7783 0.3584
vn -0.3221 0.2007 0.9252
vn -0.7551 0.6401 0.1417
vn 0.5155 0.7784 0.3584
vn -0.7658 0.6269 0.1435
vn 0.5219 -0.7613 0.3847
vn 0.3187 -0.9039 0.2852
vn 0.0695 -0.8563 0.5118
vn -0.2974 -0.6381 0.7102
vn 0.1501 -0.8494 0.5060
vn -0.0546 -0.7123 0.6997
vn 0.2232 -0.7248 0.6518
vn -0.1053 -0.6910 0.7151
vn -0.3923 0.9036 0.1720
vn -0.3847 0.9157 0.1164
vn 0.6252 0.7520 0.2089
vn 0.4870 0.8499 0.2011
vn 0.7029 0.6230 0.3432
vn -0.4455 -0.1812 -0.8768
vn 0.1575 -0.6637 0.7313
vn 0.0310 -0.8780 0.4777
vn -0.4455 -0.1811 -0.8768
vn 0.2883 0.4286 -0.8563
vn 0.1575 -0.6637 0.7312
vn 0.7114 0.6916 -0.1249
vn 0.9318 -0.1842 -0.3127
vn 0.9453 0.2206 -0.2403
vn 0.6718 -0.7073 -0.2202
vn 0.5576 -0.8268 0.0737
vn 0.9912 -0.1324 0.0056
vn 0.0731 -0.6194 0.7817
vn -0.6524 -0.6464 0.3956
vn -0.1061 -0.7640 0.6365
vn -0.1534 -0.6188 0.7704
vn 0.3553 -0.9057 0.2312
vn 0.8273 -0.4632 0.3178
vn 0.5969 -0.7823 0.1779
vn 0.2306 -0.9272 0.2952
vn 0.4187 -0.9024 0.1020
vn 0.4066 -0.9073 0.1069
vn 0.9508 -0.2863 0.1183
vn 0.1966 -0.5660 0.8006
vn -0.3039 -0.6213 0.7222
vn -0.6724 0.7151 -0.1913
vn -0.8961 0.4307 -0.1077
vn -0.9744 0.1108 -0.1955
vn -0.2445 0.9533 0.1771
vn -0.8960 0.4307 -0.1077
vn -0.2446 0.9533 0.1771
vn -0.2121 0.8933 -0.3962
vn -0.4625 0.3130 -0.8295
vn -0.6815 0.2570 -0.6852
vn -0.4454 -0.1811 -0.8768
vn 0.2883 0.4285 -0.8563
vn -0.2909 0.1681 -0.9419
vn 0.0473 0.9970 0.0617
vn 0.2884 0.4286 -0.8562
vn 0.0474 0.9970 0.0617
vn 0.0462 -0.4240 0.9045
vn -0.7452 0.3418 -0.5726
vn -0.4625 0.3130 -0.8296
vn -0.9899 -0.0108 0.1417
vn -0.9391 0.1268 0.3195
vn -0.5733 -0.4808 0.6635
vn -0.6493 -0.1469 0.7462
vn -0.9740 0.2080 0.0901
vn -0.5733 -0.4808 0.6634
vn -0.9898 -0.0108 0.1417
vn -0.6494 -0.1469 0.7462
vn -0.6494 -0.1469 0.7461
vn -0.3037 -0.6206 0.7229
vn -0.6454 -0.7632 -0.0310
vn 0.0601 0.9757 0.2108
vn 0.9318 -0.1842 -0.3128
vn 0.0600 0.9757 0.2107
vn 0.5542 0.4562 -0.6962
vn 0.9487 0.1238 -0.2910
vn 0.9974 0.0630 0.0355
vn 0.9628 -0.1883 0.1936
vn 0.9909 0.0859 0.1034
vn 0.9299 -0.3190 0.1833
vn -0.6895 0.6532 0.3129
vn -0.0116 0.3764 0.9264
vn 0.5542 0.4563 -0.6962
vn -0.4898 0.3656 0.7915
vn 0.3907 0.5695 -0.7232
vn 0.6368 0.6260 -0.4502
vn 0.9331 0.3569 -0.0435
vn 0.8643 0.4975 0.0736
vn 0.7668 0.6234 0.1526
vn 0.9935 0.0924 0.0659
vn -0.4708 0.3311 0.8178
vn 0.0606 0.4576 -0.8871
vn 0.0394 0.7428 -0.6683
vn 0.6368 0.6260 -0.4501
vn 0.2949 0.9271 -0.2314
vn 0.1104 0.8742 0.4728
vn -0.5122 0.8218 0.2495
vn -0.8416 0.4837 -0.2405
vn -0.9580 0.2702 -0.0959
vn -0.9093 0.2110 -0.3587
vn -0.8415 0.4837 -0.2405
vn -0.7819 0.4581 -0.4229
vn -0.4120 0.4885 -0.7692
vn -0.7818 0.4581 -0.4229
vn -0.7818 0.4581 -0.4230
vn 0.0073 0.9520 -0.3060
vn -0.1506 0.9576 0.2457
vn 0.2369 0.9098 0.3408
vn 0.4769 0.6304 0.6125
vn -0.3151 0.8448 0.4325
vn -0.3037 -0.6207 0.7228
vn -0.0021 0.8705 0.4922
vn -0.1505 0.9576 0.2457
vn -0.4164 0.7647 0.4917
vn -0.6895 0.6532 0.3128
vn -0.6655 0.7444 -0.0539
vn 0.4410 0.8798 0.1777
vn -0.6655 0.7445 -0.0539
vn 0.4410 0.8797 0.1777
vn 0.4146 0.6908 0.5923
vn -0.0022 0.8705 0.4922
vn -0.4174 0.7642 0.4918
vn -0.8553 0.5122 -0.0777
vn -0.4250 0.8814 -0.2063
vn 0.4409 0.8798 0.1777
vn -0.4250 0.8813 -0.2063
vn 0.6098 -0.6146 0.5004
vn 0.1403 0.9853 -0.0975
vn 0.9321 -0.2691 -0.2425
vn 0.7549 -0.6479 -0.1018
vn 0.2115 -0.9537 0.2138
vn -0.2154 -0.8014 0.5581
vn -0.2788 -0.7257 0.6290
vn -0.2154 -0.8013 0.5581
vn -0.2804 -0.7252 0.6289
vn 0.1255 -0.4127 0.9022
vn -0.2400 -0.7441 0.6235
vn 0.2053 -0.9128 0.3530
vn 0.7481 -0.6636 -0.0011
vn 0.9778 -0.1414 -0.1545
vn 0.9051 0.3627 -0.2220
vn 0.8164 0.4854 -0.3129
vn 0.5956 0.7733 -0.2176
vn 0.1689 0.9723 -0.1617
vn 0.4986 0.8267 -0.2607
vn -0.2438 0.9535 0.1773
vn -0.3714 0.3635 0.8543
vn -0.3714 0.3635 0.8544
vn -0.3496 -0.5216 0.7783
vn -0.4256 0.6117 0.6669
vn -0.4179 -0.2997 0.8577
vn -0.2154 -0.8014 0.5580
vn 0.5541 0.4562 -0.6963
vn 0.9061 0.2151 -0.3644
vn 0.9226 0.2410 -0.3011
vn 0.6808 0.6954 -0.2302
vn 0.8681 0.4614 -0.1829
vn 0.9908 -0.0206 -0.1339
vn 0.9623 -0.2515 -0.1040
vn -0.8337 0.2716 0.4809
vn -0.9368 0.2858 0.2020
vn 0.0726 -0.1501 0.9860
vn -0.5929 0.6734 0.4416
vn -0.8336 0.2716 0.4809
vn -0.9506 0.2154 0.2234
vn -0.6110 0.7790 0.1411
vn -0.9739 0.2175 0.0652
vn -0.9346 -0.3237 0.1473
vn -0.9000 -0.4358 -0.0085
vn -0.5380 -0.8429 -0.0079
vn -0.5240 -0.8203 -0.2291
vn 0.1406 -0.9706 -0.1955
vn 0.6440 0.7424 -0.1850
vn 0.1191 0.9899 -0.0764
vn -0.7098 -0.6545 0.2605
vn -0.5610 -0.6744 0.4801
vn -0.9046 -0.3335 0.2656
vn -0.3579 -0.9214 0.1513
vn -0.3819 -0.9066 -0.1797
vn -0.1511 -0.8920 -0.4261
vn -0.3818 -0.9066 -0.1797
vn 0.4057 -0.8764 -0.2596
vn 0.6163 -0.7376 -0.2759
vn 0.2056 -0.9707 0.1245
vn -0.7082 -0.2865 0.6453
vn -0.9046 -0.3335 0.2655
vn -0.7081 -0.2865 0.6453
vn -0.9023 -0.3083 0.3012
vn -0.5483 -0.8252 0.1358
vn 0.1662 -0.9861 -0.0006
vn 0.7464 -0.6583 -0.0977
vn 0.7998 -0.5409 -0.2603
vn 0.1552 -0.9806 -0.1196
vn -0.5660 0.7722 -0.2888
vn -0.5902 0.8070 -0.0197
vn -0.9287 0.3524 -0.1158
vn -0.7081 -0.2865 0.6454
vn -0.6489 -0.4995 0.5740
vn -0.5939 -0.7125 0.3736
vn -0.2234 -0.9487 0.2239
vn -0.9188 -0.3264 -0.2221
vn -0.1870 -0.5552 -0.8104
vn -0.3106 -0.9503 -0.0195
vn 0.9703 0.2349 -0.0571
vn 0.0931 -0.8935 -0.4392
vn 0.0106 -0.4449 -0.8955
vn 0.0931 -0.8936 -0.4392
vn 0.6911 0.7198 -0.0655
vn -0.0025 -0.9814 -0.1920
vn 0.5592 0.8056 -0.1956
vn 0.8033 -0.4835 -0.3477
vn 0.7454 -0.4462 -0.4953
vn 0.4733 -0.2995 -0.8284
vn -0.7392 -0.6727 -0.0325
vn -0.3755 0.4068 0.8328
vn -0.3473 -0.9325 0.0991
vn -0.7878 0.6139 0.0500
vn 0.0726 -0.1502 0.9860
vn -0.0393 0.9951 0.0910
vn 0.1239 0.9894 -0.0752
vn -0.3756 0.4068 0.8327
vn -0.6786 -0.7334 0.0399
vn 0.1909 0.9745 0.1182
vn -0.6786 -0.7334 0.0398
vn -0.1173 0.8932 -0.4341
vn 0.1909 0.9745 0.1181
vn -0.0127 -0.2662 0.9638
vn -0.0127 -0.2663 0.9638
vn -0.2065 -0.7079 -0.6754
vn -0.9830 -0.1374 -0.1217
vn 0.2870 0.8904 0.3532
vn 0.8872 0.2028 0.4144
vn 0.8246 0.3505 0.4440
vn -0.4708 0.3311 0.8177
vn 0.8247 0.3505 0.4439
vn 0.7410 -0.5268 0.4164
vn 0.6687 -0.7372 0.0970
vn -0.8244 0.5655 -0.0254
vn 0.2880 0.9099 0.2985
vn 0.0250 0.9913 0.1290
vn -0.7700 0.6152 -0.1690
vn -0.6063 -0.7952 0.0096
vn -0.9616 -0.0854 -0.2609
vn 0.2870 0.8905 0.3532
vn -0.4708 0.3310 0.8178
vn -0.1942 -0.9469 -0.2564
vn -0.4707 0.3311 0.8178
vn -0.7700 0.6152 -0.1691
vn -0.8886 -0.3276 -0.3211
vn -0.1942 -0.9468 -0.2564
vn -0.7802 0.6246 0.0338
vn -0.9254 -0.1648 -0.3413
vn -0.9169 -0.3278 -0.2277
vn -0.7327 0.3670 0.5732
vn 0.2295 0.7991 0.5556
vn 0.8957 0.2246 0.3837
vn 0.2870 0.8905 0.3531
vn -0.8156 0.5676 -0.1124
vn -0.7528 -0.4394 0.4901
vn -0.7327 0.3669 0.5732
vn -0.7529 -0.4394 0.4900
vn 0.0913 -0.2710 0.9582
vn 0.1567 0.5097 0.8460
vn -0.7326 0.3670 0.5732
vn -0.7327 0.3670 0.5731
vn 0.2295 0.7992 0.5556
vn 0.8460 0.0780 0.5275
vn 0.8459 0.0780 0.5275
vn 0.8759 -0.4739 0.0902
vn -0.2708 -0.8665 -0.4194
vn -0.2777 -0.8973 -0.3432
vn -0.2814 -0.9336 0.2217
vn -0.7528 -0.4394 0.4900
vn 0.8958 0.2246 0.3837
vn 0.5898 -0.8075 -0.0118
vn 0.5898 -0.8075 -0.0119
vn 0.5403 -0.6453 0.5401
vn 0.5897 -0.8075 -0.0119
vn 0.7334 -0.0040 0.6798
vn 0.7335 -0.0040 0.6797
vn 0.0755 -0.0888 0.9932
vn 0.6100 -0.2358 0.7565
vn -0.1932 -0.3230 0.9265
vn 0.2280 -0.3247 0.9179
vn -0.4013 -0.3403 0.8504
vn 0.9944 -0.0739 0.0750
vn 0.7334 -0.0040 0.6797
vn 0.9571 -0.2616 -0.1243
vn 0.7761 -0.2807 0.5647
vn 0.1450 -0.0463 0.9883
vn -0.4013 -0.3403 0.8503
vn -0.6564 -0.1045 0.7471
vn -0.5428 0.2170 0.8113
vn -0.9760 -0.0098 0.2174
vn -0.6134 0.4849 0.6234
vn -0.9701 0.1882 0.1535
vn 0.9132 -0.2871 -0.2891
vn 0.9876 -0.1371 -0.0763
vn 0.7845 -0.0053 0.6201
vn 0.1787 0.3952 0.9011
vn 0.1787 0.3952 0.9010
vn 0.1374 0.6716 0.7281
vn -0.6032 0.5768 0.5508
vn 0.8442 0.2845 0.4542
vn 0.8049 0.5500 0.2228
vn 0.1432 0.7371 0.6604
vn 0.9396 0.0606 -0.3368
vn 0.8866 0.2324 -0.4000
vn 0.9210 0.3433 -0.1841
vn 0.7327 0.5997 0.3216
vn 0.8448 0.0137 -0.5348
vn 0.5235 -0.2197 -0.8232
vn 0.8449 0.0137 -0.5348
vn 0.3999 -0.3850 -0.8318
vn -0.3557 -0.4251 -0.8323
vn -0.3561 -0.4676 -0.8091
vn -0.3561 -0.4675 -0.8091
vn -0.8226 -0.2807 -0.4945
vn -0.9032 -0.1688 -0.3947
vn -0.9972 0.0716 -0.0230
vn 0.5747 -0.2444 -0.7810
vn -0.2203 -0.3061 -0.9262
vn -0.8641 -0.2849 -0.4150
vn 0.5099 -0.2258 -0.8301
vn -0.1569 -0.1904 -0.9691
vn -0.8603 -0.2836 -0.4235
vn -0.8604 -0.2836 -0.4235
vn -0.9056 -0.3433 0.2490
vn -0.9588 -0.1922 0.2094
vn -0.4461 -0.0952 -0.8899
vn -0.8424 -0.3559 0.4047
vn 0.6926 0.7059 -0.1486
vn 0.3194 0.5889 0.7424
vn 0.8074 0.5500 0.2134
vn 0.3322 0.4498 0.8290
vn 0.8075 0.5500 0.2134
vn 0.9188 0.1832 0.3495
vn 0.3547 0.1741 0.9186
vn 0.8833 -0.4184 0.2116
vn 0.4056 -0.8282 0.3867
vn -0.5066 -0.6059 0.6134
vn -0.1688 0.9856 0.0086
vn -0.6500 0.6703 0.3581
vn -0.2916 0.5689 0.7689
vn -0.2916 0.5690 0.7689
vn -0.6801 0.0507 0.7314
vn -0.6801 0.0506 0.7314
vn -0.0817 0.4181 -0.9047
vn -0.1689 0.9856 0.0086
vn 0.5528 0.2099 -0.8065
vn -0.3140 -0.0367 -0.9487
vn -0.8948 0.2353 -0.3795
vn -0.9940 0.0218 -0.1069
vn -0.6500 0.6702 0.3581
vn -0.2916 0.5689 0.7690
vn 0.8075 0.5499 0.2134
vn 0.7437 -0.0057 -0.6685
vn 0.2712 -0.2101 -0.9393
vn -0.2919 -0.3258 -0.8992
vn -0.7963 -0.1990 -0.5713
vn -0.7827 -0.3982 -0.4783
vn -0.9522 -0.2809 -0.1199
vn -0.6801 0.0505 0.7314
vn 0.9189 0.1831 0.3495
vn 0.7188 -0.3283 -0.6128
vn 0.3206 -0.4358 -0.8410
vn -0.2830 -0.4888 -0.8252
vn -0.1803 -0.6836 -0.7072
vn -0.7036 -0.5789 -0.4121
vn -0.8267 -0.5568 -0.0812
vn 0.9188 0.1832 0.3496
vn 0.4414 -0.6908 -0.5727
vn 0.3137 -0.6115 -0.7264
vn -0.3369 -0.8427 -0.4200
vn -0.8266 -0.5568 -0.0812
vn 0.1824 0.3584 -0.9156
vn 0.6437 0.6510 -0.4022
vn 0.7194 0.2421 -0.6510
vn 0.3478 -0.2030 -0.9153
vn -0.3814 0.2763 -0.8821
vn 0.0935 0.9042 -0.4167
vn -0.3814 0.2763 -0.8822
vn -0.4107 -0.2687 -0.8713
vn -0.8204 0.2612 -0.5086
vn -0.8846 -0.1753 -0.4322
vn -0.9934 0.0460 -0.1050
vn -0.0506 0.9953 -0.0830
vn -0.1870 -0.5553 -0.8104
vn 0.0321 0.9989 -0.0347
vn 0.0107 -0.4449 -0.8955
vn 0.2845 0.7999 -0.5285
vn 0.2845 0.7998 -0.5285
vn 0.0320 0.9989 -0.0347
vn 0.9803 0.0007 -0.1975
vn 0.4734 -0.2995 -0.8284
vn 0.4734 -0.2994 -0.8284
vn 0.2846 0.7998 -0.5285
vn 0.8622 0.3260 -0.3877
vn -0.9001 0.0572 -0.4320
vn 0.6440 0.7423 -0.1850
vn 0.6438 0.6510 -0.4022
vn -0.3507 -0.7595 -0.5479
vn -0.9500 -0.1485 -0.2747
vn -0.5979 -0.7923 -0.1218
vn -0.9645 0.0098 -0.2639
vn -0.1534 -0.6189 0.7704
vn 0.8979 0.2245 0.3786
vn 0.8165 -0.5079 0.2746
vn 0.9376 0.0542 0.3435
vn -0.6457 0.7635 -0.0068
vn -0.8387 0.5430 0.0405
vn 0.7186 -0.6773 -0.1576
vn 0.8165 -0.5079 0.2745
vn 0.3253 0.8143 0.4807
vn -0.3221 0.2006 0.9252
vn -0.8388 0.5430 0.0405
vn -0.6457 0.7636 -0.0068
vn 0.9466 0.0411 0.3198
vn 0.7035 -0.6907 -0.1675
vn -0.3042 -0.7643 -0.5686
vn -0.9342 -0.1376 -0.3291
vn 0.9084 -0.0566 0.4142
vn 0.6068 -0.7834 -0.1347
vn -0.2523 -0.8904 -0.3788
vn -0.9584 -0.2065 -0.1969
vn 0.3868 -0.8756 0.2892
vn -0.4965 -0.8680 -0.0067
vn -0.6304 -0.5561 0.5416
vn 0.3868 -0.8757 0.2892
vn 0.2268 -0.3206 0.9197
vn 0.2268 -0.3205 0.9197
vn -0.7536 0.6265 0.1991
vn 0.3334 0.7164 0.6129
vn -0.6650 0.3613 0.6537
vn -0.6650 0.3613 0.6536
vn 0.2710 0.4070 0.8723
vn -0.6650 0.3612 0.6537
vn -0.5979 -0.7923 -0.1217
vn 0.9516 -0.2751 0.1367
vn 0.7669 0.6235 0.1523
vn -0.1678 0.9245 0.3422
vn 0.6912 0.5687 0.4459
vn 0.8170 0.3640 0.4472
vn 0.9517 -0.2751 0.1367
vn 0.4792 -0.8759 -0.0570
vn -0.8127 -0.5774 -0.0786
vn -0.0116 0.3765 0.9264
vn -0.3731 0.7700 0.5176
vn -0.9394 0.3340 0.0773
vn -0.5623 0.7443 0.3602
vn -0.9834 0.1790 0.0284
vn 0.7556 0.5177 0.4013
vn 0.9298 -0.3674 0.0240
vn -0.5623 0.7443 0.3603
vn -0.2675 0.8270 0.4945
vn 0.8419 0.4136 0.3466
vn 0.9674 -0.2513 -0.0327
vn -0.9577 0.2716 0.0951
vn -0.9683 0.1198 0.2193
vn -0.4181 0.4895 0.7652
vn 0.5281 0.2737 0.8039
vn 0.9177 -0.3879 0.0854
vn -0.3962 -0.3558 0.8464
vn -0.3961 -0.3558 0.8465
vn -0.3961 -0.3559 0.8464
vn 0.5181 -0.5453 0.6589
vn 0.2533 -0.9288 -0.2704
vn -0.7029 -0.6508 -0.2869
vn 0.4338 -0.8454 -0.3117
vn -0.7029 -0.6508 -0.2871
vn -0.8112 -0.5048 -0.2952
vn -0.7029 -0.6509 -0.2869
vn -0.6591 -0.7394 -0.1374
vn -0.6810 -0.6673 0.3017
vn 0.2202 -0.9379 -0.2680
vn -0.8112 -0.5048 -0.2951
vn 0.1557 -0.9560 0.2485
vn 0.1557 -0.9560 0.2486
vn -0.3961 -0.3558 0.8464
vn -0.6810 -0.6672 0.3017
vn 0.1558 -0.9560 0.2485
vn 0.0998 -0.7271 0.6792
vn 0.0997 -0.7271 0.6793
vn 0.7638 -0.6265 0.1551
vn -0.9879 -0.0731 -0.1368
vn -0.6567 0.7279 0.1973
vn -0.9916 0.0955 -0.0867
vn 0.9750 0.0956 0.2004
vn 0.5376 0.7308 0.4207
vn 0.5943 0.7341 0.3286
vn 0.5376 0.7308 0.4206
vn -0.0116 0.3763 0.9264
vn 0.9832 -0.0938 0.1568
vn 0.5943 0.7340 0.3286
vn 0.5172 -0.8466 -0.1257
vn -0.4364 -0.8568 -0.2747
vn -0.6454 -0.7632 -0.0311
vn -0.3221 0.2008 0.9252
vn -0.9890 0.0578 -0.1360
vn -0.5876 0.7772 0.2251
vn 0.5943 0.7341 0.3285
vn -0.9954 -0.0952 0.0108
vn -0.4644 0.5595 0.6865
vn 0.5282 0.7381 0.4198
vn 0.9845 0.0403 0.1705
vn 0.6733 -0.7348 -0.0823
vn -0.5998 -0.7392 -0.3062
vn -0.4171 -0.8997 -0.1285
vn -0.5387 -0.8156 0.2112
vn -0.5677 -0.4464 0.6917
vn 0.9552 -0.1245 0.2686
vn 0.4761 -0.8777 -0.0551
vn 0.3167 -0.8795 0.3552
vn 0.3728 -0.2541 0.8925
vn 0.3728 -0.2541 0.8924
vn 0.4952 0.4754 0.7272
vn -0.1194 -0.9926 0.0229
vn -0.5582 -0.7313 0.3920
vn 0.1474 0.7206 -0.6775
vn 0.0075 0.5245 -0.8514
vn -0.3381 0.2151 -0.9162
vn -0.3095 0.3668 -0.8773
vn -0.1522 0.8269 -0.5414
vn -0.6811 0.3870 -0.6215
vn -0.7954 0.1140 -0.5952
vn -0.3259 -0.4059 -0.8538
vn -0.4466 -0.2971 -0.8440
vn -0.7047 0.3931 -0.5907
vn -0.2769 0.8150 -0.5090
vn 0.3242 0.8880 -0.3260
vn 0.5114 0.7126 -0.4802
vn 0.0430 0.5961 -0.8018
vn -0.4101 0.2972 -0.8622
vn -0.4101 0.2972 -0.8623
vn -0.8186 0.2244 -0.5287
vn 0.5134 0.7376 -0.4385
vn 0.7654 0.5282 -0.3678
vn 0.4833 0.8583 0.1725
vn 0.8233 0.5489 -0.1445
vn 0.5688 0.4275 -0.7027
vn 0.3119 0.3265 -0.8923
vn -0.3230 0.1648 -0.9319
vn -0.7605 -0.0428 -0.6479
vn -0.6518 -0.0323 -0.7577
vn -0.7605 -0.0427 -0.6479
vn 0.7564 0.3879 -0.5267
vn -0.1817 0.4623 -0.8679
vn -0.2167 -0.5112 0.8317
vn -0.4510 -0.6587 0.6023
vn -0.1707 -0.6480 0.7423
vn -0.7344 0.3915 -0.5543
vn 0.9935 0.1114 0.0248
vn -0.3898 0.7238 -0.5694
vn -0.7344 0.3915 -0.5544
vn 0.8321 0.1819 0.5239
vn -0.3898 0.7237 -0.5694
vn 0.1178 0.8937 -0.4329
vn -0.3146 0.8518 -0.4189
vn -0.1459 0.8863 -0.4396
vn 0.7605 0.0498 0.6475
vn 0.7246 -0.3534 0.5916
vn 0.1943 -0.3184 0.9278
vn 0.6893 0.4231 0.5881
vn 0.6806 0.6391 0.3583
vn 0.3730 0.4704 0.7998
vn 0.3730 0.4704 0.7997
vn -0.0115 -0.1618 0.9868
vn 0.3024 -0.3975 0.8663
vn -0.3358 -0.5915 0.7331
vn 0.1060 -0.2591 0.9600
vn -0.8498 -0.5264 -0.0271
vn 0.7654 0.5281 -0.3678
vn -0.8258 0.5339 0.1816
vn 0.7653 0.5282 -0.3678
vn 0.4842 -0.2522 0.8378
vn 0.6805 0.6391 0.3584
vn -0.4176 -0.7805 0.4652
vn -0.7503 -0.5753 0.3257
vn -0.8319 -0.5513 0.0632
vn -0.9371 -0.2742 -0.2159
vn -0.6915 -0.4674 -0.5508
vn -0.8493 0.1304 -0.5115
vn -0.7946 0.1139 -0.5963
vn -0.6832 -0.7152 -0.1470
vn -0.6832 -0.7153 -0.1470
vn -0.6833 -0.7152 -0.1470
vn -0.7096 -0.5595 -0.4283
vn -0.9184 -0.1063 -0.3811
vn -0.8148 0.0922 -0.5724
vn -0.0412 -0.6070 0.7936
vn -0.4306 -0.5351 0.7268
vn -0.5935 -0.5075 0.6247
vn -0.3564 -0.6633 0.6580
vn -0.5518 -0.7337 0.3965
vn -0.6515 -0.7586 0.0032
vn -0.6479 -0.6522 0.3935
vn -0.7993 -0.4155 0.4341
vn -0.8483 -0.5292 -0.0185
vn -0.9080 -0.3862 0.1622
vn -0.9722 -0.1811 -0.1483
vn -0.2185 0.1457 -0.9649
vn -0.9513 -0.2787 0.1318
vn -0.8428 -0.4469 0.2999
vn -0.2184 0.1457 -0.9649
vn -0.7143 0.1358 -0.6865
vn -0.8986 -0.3182 -0.3022
vn -0.7807 -0.3566 -0.5132
vn -0.8215 0.1302 -0.5551
vn -0.9573 -0.2026 -0.2064
vn 0.3119 0.3266 -0.8922
vn -0.9573 -0.2025 -0.2064
vn -0.8418 0.0553 -0.5370
vn -0.8428 -0.4470 0.2999
vn 0.1762 -0.7711 0.6119
vn -0.9032 -0.0542 -0.4257
vn -0.7144 0.1358 -0.6865
vn -0.9033 -0.0542 -0.4256
vn -0.9422 -0.1006 -0.3195
vn -0.9587 0.2707 0.0871
vn -0.6348 0.1183 0.7636
vn 0.2391 -0.5278 0.8150
vn 0.4099 -0.8480 -0.3359
vn 0.5959 -0.5739 -0.5618
vn -0.1294 -0.6792 -0.7225
vn -0.0044 -0.1265 -0.9920
vn -0.1294 -0.6792 -0.7224
vn 0.5757 -0.8099 0.1125
vn 0.6344 -0.7713 0.0516
vn 0.5354 -0.4756 -0.6980
vn -0.0102 -0.0024 -0.9999
vn -0.7844 0.3305 -0.5249
vn 0.3250 -0.6463 -0.6905
vn 0.3250 -0.6462 -0.6905
vn -0.5582 0.0836 -0.8255
vn -0.9025 0.4073 -0.1402
vn 0.0309 -0.8780 0.4777
vn -0.6348 0.1182 0.7636
vn -0.6228 0.3730 0.6877
vn 0.7785 -0.5963 0.1960
vn 0.3250 -0.6463 -0.6904
vn 0.7784 -0.5963 0.1960
vn 0.2773 -0.8109 -0.5153
vn 0.2773 -0.8109 -0.5152
vn -0.7044 -0.3139 -0.6366
vn 0.8273 -0.5437 0.1414
vn 0.2773 -0.8110 -0.5152
vn 0.3624 -0.8615 -0.3557
vn -0.7140 -0.3867 -0.5837
vn -0.9553 0.2629 -0.1355
vn 0.8385 -0.4913 0.2358
vn 0.6134 -0.7300 0.3014
vn -0.0705 -0.9620 -0.2636
vn -0.7487 -0.6448 -0.1541
vn -0.9902 0.1239 0.0647
vn -0.9197 0.3926 0.0086
vn -0.0188 -0.7268 0.6866
vn -0.7091 -0.2251 0.6682
vn 0.6526 -0.1790 0.7362
vn -0.6229 0.3730 0.6877
vn 0.6526 -0.1789 0.7362
vn 0.5234 0.0414 0.8511
vn -0.4853 0.4418 0.7545
vn -0.4853 0.4417 0.7546
vn -0.4852 0.4418 0.7546
vn -0.0931 -0.0045 0.9956
vn -0.4853 0.4418 0.7546
vn 0.5395 0.7721 -0.3357
vn 0.0074 0.8535 -0.5210
vn -0.0027 0.7155 -0.6986
vn -0.6844 -0.7150 -0.1428
vn -0.7460 -0.6484 0.1521
vn -0.8448 0.4802 -0.2361
vn -0.7337 -0.5440 0.4071
vn -0.5187 0.7938 -0.3176
vn -0.5187 0.7937 -0.3176
vn -0.8899 0.4063 -0.2075
vn -0.7283 0.6681 -0.1527
vn 0.6541 -0.6885 0.3132
vn -0.6844 -0.7150 -0.1429
vn 0.8897 -0.4386 -0.1268
vn -0.6844 -0.7150 -0.1427
vn 0.6061 -0.6497 -0.4588
vn -0.4974 -0.6237 -0.6030
vn 0.6062 -0.6496 -0.4588
vn -0.4973 -0.6237 -0.6030
vn 0.0628 -0.5525 -0.8312
vn 0.7276 0.6405 -0.2456
vn 0.6637 0.7361 -0.1330
vn 0.5241 0.8141 -0.2500
vn 0.8613 0.4839 -0.1548
vn 0.5395 0.7722 -0.3357
vn 0.6036 0.6432 -0.4711
vn 0.6036 0.6433 -0.4710
vn 0.7019 0.5777 -0.4166
vn 0.6036 0.6433 -0.4711
vn 0.7591 0.5385 -0.3658
vn 0.3140 0.8322 -0.4570
vn 0.6035 0.6433 -0.4711
vn 0.6062 -0.6497 -0.4587
vn 0.4241 0.6412 -0.6396
vn 0.3860 0.6470 -0.6576
vn 0.5625 0.4149 -0.7152
vn -0.0418 0.8562 -0.5150
vn -0.4596 0.7934 -0.3992
vn 0.0450 0.4414 -0.8962
vn 0.0879 0.5427 -0.8353
vn -0.1045 0.3360 -0.9360
vn -0.1045 0.3360 -0.9361
vn -0.5837 0.3715 -0.7220
vn -0.3631 0.7931 -0.4890
vn 0.6062 -0.6497 -0.4588
vn 0.0629 -0.5525 -0.8311
vn 0.0629 -0.5525 -0.8312
vn -0.4047 0.6855 -0.6052
vn -0.4396 0.4166 -0.7957
vn -0.4397 0.4166 -0.7957
vn -0.6936 0.5280 -0.4900
vn -0.7814 0.4576 -0.4244
vn -0.5382 0.7031 -0.4647
vn -0.6931 0.5277 -0.4910
vn 0.4542 -0.8841 0.1095
vn 0.6823 -0.7301 0.0378
vn -0.1535 -0.9070 -0.3922
vn 0.9007 -0.4341 -0.0151
vn 0.5972 -0.7295 -0.3335
vn 0.6328 0.4907 0.5990
vn 0.6578 -0.6724 -0.3395
vn 0.6578 -0.6724 -0.3394
vn 0.5581 0.0102 0.8297
vn 0.6329 0.4907 0.5989
vn -0.7529 -0.6439 0.1363
vn -0.6216 -0.7831 0.0174
vn -0.1723 -0.9682 0.1813
vn -0.0822 -0.9965 -0.0117
vn 0.1594 -0.9832 0.0894
vn 0.2765 -0.9518 -0.1324
vn 0.0182 -0.8658 -0.5000
vn 0.6582 -0.7190 -0.2231
vn 0.2765 -0.9519 -0.1324
vn 0.7043 -0.7064 0.0706
vn 0.9109 -0.2568 0.3229
vn -0.8091 -0.5060 -0.2988
vn -0.5447 -0.8259 -0.1453
vn -0.8542 -0.2375 -0.4626
vn 0.7208 -0.4030 -0.5639
vn -0.2998 0.5009 0.8119
vn -0.1846 0.3664 0.9120
vn -0.1510 0.7101 0.6877
vn -0.9024 0.1670 -0.3971
vn -0.9298 0.3546 0.0987
vn -0.5594 -0.5822 -0.5900
vn -0.7894 -0.3725 -0.4879
vn 0.2568 -0.9458 0.1988
vn 0.1235 -0.9872 -0.1007
vn 0.9688 0.2191 0.1161
vn 0.7157 -0.6248 -0.3120
vn 0.7831 -0.0994 0.6139
vn -0.9021 -0.3608 0.2367
vn -0.8564 0.3755 0.3544
vn -0.8564 0.3754 0.3544
vn -0.7594 0.4176 0.4989
vn -0.1815 0.9833 -0.0108
vn -0.6168 0.7724 -0.1512
vn 0.6328 0.4907 0.5989
vn -0.9021 -0.3608 0.2366
vn 0.6328 0.4908 0.5989
vn 0.5581 0.0101 0.8297
vn 0.5244 0.0692 0.8486
vn 0.5244 0.0692 0.8487
vn 0.7615 -0.1276 0.6354
vn -0.6369 -0.5907 -0.4955
vn -0.7352 -0.5591 0.3833
vn -0.6369 -0.5906 -0.4955
vn -0.4417 -0.5485 -0.7099
vn 0.6868 -0.5725 -0.4478
vn -0.4417 -0.5485 -0.7100
vn 0.0123 -0.1064 0.9942
vn 0.4677 -0.1597 0.8693
vn 0.7615 -0.1276 0.6355
vn 0.4785 -0.7922 0.3787
vn -0.8689 -0.3323 0.3668
vn -0.5325 -0.6420 0.5516
vn -0.5324 -0.6421 0.5516
vn -0.0176 -0.8736 0.4864
vn -0.4352 0.8734 -0.2186
vn 0.9827 0.1333 0.1287
vn 0.7157 -0.6248 -0.3121
vn 0.4922 0.4273 0.7584
vn 0.8037 -0.5308 0.2688
vn 0.4922 0.4274 0.7584
vn -0.8276 0.4180 0.3745
vn 0.8037 -0.5309 0.2688
vn -0.6451 0.4538 0.6147
vn -0.5324 -0.6420 0.5516
vn -0.8690 -0.3323 0.3667
vn -0.0175 -0.8736 0.4864
vn -0.7352 -0.5591 0.3832
vn 0.4922 0.4275 0.7583
vn -0.8276 0.4180 0.3746
vn -0.8276 0.4181 0.3745
vn -0.8277 0.4180 0.3745
vn -0.4417 -0.5486 -0.7099
vn -0.9025 0.1670 -0.3971
vn -0.9024 0.1671 -0.3971
vn 0.0175 0.6595 0.7515
vn 0.0365 0.9266 0.3744
vn 0.1632 0.8234 0.5435
vn 0.1608 0.9581 -0.2369
vn 0.6200 0.7833 0.0464
vn 0.6200 0.7832 0.0464
vn 0.9256 0.3154 -0.2091
vn 0.9256 0.3154 -0.2092
vn 0.1428 0.5955 -0.7906
vn 0.2459 0.2840 -0.9268
vn 0.3023 0.5261 -0.7949
vn 0.6306 0.4508 -0.6318
vn 0.1822 0.1714 -0.9682
vn 0.0536 0.5786 0.8139
vn -0.7107 -0.7032 0.0217
vn 0.3994 0.9116 -0.0971
vn -0.7106 -0.7032 0.0217
vn 0.3994 0.9116 -0.0972
vn -0.2158 -0.5852 0.7817
vn -0.5635 0.2769 -0.7783
vn -0.4400 0.0428 -0.8970
vn -0.7777 -0.6261 0.0564
vn -0.7777 -0.6261 0.0565
vn 0.4920 -0.6067 -0.6243
vn -0.2158 -0.5852 0.7816
vn 0.5212 0.7817 0.3424
vn -0.2157 -0.5852 0.7816
vn 0.7426 0.6177 -0.2587
vn -0.2441 -0.4423 0.8630
vn -0.6169 0.7724 -0.1512
vn -0.2441 -0.4424 0.8630
vn -0.3578 0.2135 0.9091
vn -0.0078 -0.5805 -0.8142
vn -0.7651 0.1780 0.6188
vn -0.0077 -0.5805 -0.8142
vn 0.5331 -0.7865 0.3119
vn -0.0078 -0.5805 -0.8143
vn 0.9827 0.1333 0.1288
vn 0.6820 -0.1128 0.7226
vn 0.9688 0.2191 0.1160
vn -0.3702 -0.1405 0.9183
vn -0.2442 -0.4423 0.8630
vn -0.4400 0.0429 -0.8970
vn -0.6168 0.7725 -0.1512
vn -0.7777 -0.6261 0.0566
vn -0.1815 0.9833 -0.0109
vn -0.1534 -0.9070 -0.3922
vn 0.5331 -0.7865 0.3118
vn -0.4352 0.8734 -0.2185
vn -0.9769 -0.1823 0.1116
vn -0.0025 -0.9814 -0.1919
vn -0.2065 -0.7079 -0.6755
vn 0.0646 -0.6298 -0.7741
vn -0.0883 -0.9925 -0.0844
vn -0.0025 -0.9814 -0.1918
vn 0.9703 0.2349 -0.0570
vn -0.3106 -0.9503 -0.0196
vn -0.7392 -0.6727 -0.0326
vn -0.6352 -0.7712 -0.0422
vn -0.5014 -0.8188 0.2796
vn 0.0334 -0.8666 -0.4978
vn 0.0334 -0.8666 -0.4979
vn 0.4331 -0.7564 0.4902
vn 0.9623 -0.2515 -0.1039
vn -0.8705 -0.3414 -0.3546
vn -0.7374 -0.2474 0.6286
vn -0.7699 -0.5221 0.3669
vn -0.7374 -0.2474 0.6285
vn 0.1552 -0.9806 -0.1195
vn 0.6919 -0.6317 -0.3496
vn 0.6420 -0.7206 0.2618
vn 0.6911 0.7198 -0.0654
vn -0.0273 0.0014 0.9996
vn -0.2895 -0.3953 0.8717
vn -0.4425 0.4423 0.7801
vn -0.0206 -0.2584 0.9658
vn -0.4874 0.5141 0.7058
vn -0.4106 -0.5774 0.7057
vn -0.5940 -0.7125 0.3736
vn -0.3486 -0.5038 -0.7904
vn -0.4048 0.8970 -0.1774
vn 0.0591 0.8967 -0.4387
vn -0.2165 0.8550 -0.4713
vn -0.0358 0.8338 -0.5509
vn -0.1291 0.8154 -0.5643
vn -0.0894 0.9266 -0.3652
vn 0.1042 0.8146 -0.5706
vn 0.6468 0.6090 -0.4591
vn 0.6128 0.6426 -0.4600
vn 0.2200 0.8258 -0.5193
vn -0.1151 0.9460 -0.3030
vn 0.0035 0.8282 -0.5605
vn -0.2011 -0.0405 0.9787
vn 0.0177 0.0409 0.9990
vn -0.0857 0.2754 0.9575
vn -0.3142 0.0915 0.9449
vn 0.1408 0.5969 -0.7898
vn -0.0151 0.3376 0.9412
vn -0.0792 0.4934 0.8662
vn 0.1248 0.9756 0.1807
vn 0.0365 0.9265 0.3744
vn -0.2425 0.4594 0.8545
vn -0.0038 0.7427 0.6696
vn -0.3447 0.7616 0.5488
vn 0.1453 -0.0618 0.9875
vn 0.1147 -0.2393 0.9641
vn -0.1812 -0.1364 0.9739
vn 0.7382 0.5579 -0.3792
vn 0.8228 0.4616 -0.3315
vn 0.4586 0.8350 -0.3041
vn -0.1981 0.5453 -0.8145
vn -0.3121 0.3809 -0.8703
vn -0.6352 0.4232 -0.6461
vn -0.7069 0.2244 -0.6707
vn -0.3019 0.0929 -0.9488
vn -0.6606 -0.1305 -0.7393
vn 0.0380 0.8959 -0.4426
vn -0.9869 0.1609 -0.0139
vn -0.8457 -0.4381 -0.3048
vn -0.8999 -0.4360 -0.0110
vn -0.8456 -0.4381 -0.3048
vn -0.7444 -0.6231 0.2398
vn -0.6850 -0.2148 0.6961
vn -0.1138 -0.3054 0.9454
vn -0.4869 -0.1494 0.8606
vn -0.1620 -0.5212 0.8379
vn -0.5750 -0.4636 0.6742
vn -0.1874 -0.5355 0.8235
vn 0.0731 -0.3130 0.9469
vn -0.2938 -0.4249 0.8562
vn -0.0249 -0.3664 0.9301
vn 0.5532 0.0080 0.8330
vn 0.2865 -0.2674 0.9200
vn 0.2680 -0.4203 0.8669
vn 0.6804 -0.0507 0.7311
vn 0.9397 0.0341 0.3403
vn 0.5921 -0.1127 0.7979
vn 0.6431 -0.2125 0.7357
vn 0.8546 0.1121 0.5071
vn 0.9207 0.3831 0.0741
vn 0.9004 0.3486 0.2601
vn 0.7091 0.1662 -0.6852
vn 0.0658 0.4049 -0.9120
vn 0.0405 0.4451 -0.8946
vn 0.6731 0.3874 -0.6300
vn 0.9680 0.1587 -0.1945
vn 0.9737 0.1333 -0.1848
vn 0.9558 -0.0517 0.2894
vn 0.9481 0.1120 0.2975
vn 0.9819 0.1834 -0.0475
vn 0.9404 -0.2630 -0.2155
vn 0.9488 -0.0865 -0.3039
vn 0.6657 0.6098 -0.4301
vn 0.1017 0.6766 -0.7293
vn 0.7065 0.6261 -0.3299
vn 0.2701 -0.6628 0.6984
vn 0.2375 -0.8603 0.4512
vn 0.5241 -0.7912 0.3152
vn 0.6477 -0.4375 0.6238
vn 0.2701 -0.6628 0.6983
vn 0.2701 -0.6629 0.6983
vn 0.8421 -0.4543 0.2907
vn 0.6834 0.3039 -0.6638
vn 0.9187 0.0064 -0.3948
vn -0.2384 -0.7804 0.5780
vn 0.2375 -0.8602 0.4512
vn -0.3121 0.3809 -0.8704
vn 0.7631 -0.6407 0.0849
vn -0.8459 0.1297 0.5173
vn -0.9932 0.1068 0.0469
vn -0.9835 -0.1613 0.0823
vn -0.5908 -0.5400 0.5995
vn -0.4349 -0.6870 0.5821
vn -0.4319 -0.6678 0.6063
vn -0.7069 0.2244 -0.6708
vn -0.6781 0.7206 -0.1445
vn -0.6427 0.6943 -0.3237
vn -0.5254 0.6792 -0.5124
vn -0.5725 0.6510 -0.4984
vn -0.5450 0.7308 -0.4109
vn -0.6071 0.6733 -0.4219
vn -0.2708 0.8343 -0.4802
vn -0.4158 0.8277 -0.3768
vn -0.2708 0.8344 -0.4800
vn 0.9072 0.4206 0.0091
vn 0.9844 0.1700 0.0448
vn 0.8513 0.4598 -0.2529
vn 0.8902 0.4504 0.0683
vn 0.9072 0.4207 0.0091
vn 0.8794 0.4724 -0.0590
vn 0.8576 0.5129 -0.0375
vn -0.9050 0.3844 0.1824
vn -0.8939 0.3124 -0.3214
vn -0.9712 0.2361 -0.0333
vn -0.7026 0.2328 -0.6724
vn -0.5044 0.5096 -0.6970
vn -0.8381 0.4098 -0.3600
vn -0.2931 0.6349 -0.7149
vn -0.7389 0.5695 -0.3601
vn -0.2931 0.6348 -0.7149
vn -0.4374 0.8609 0.2600
vn -0.3930 0.5388 0.7451
vn 0.0972 0.8798 0.4653
vn -0.4374 0.8608 0.2600
vn 0.0972 0.8798 0.4654
vn 0.3973 0.2586 0.8805
vn 0.6795 0.5829 0.4455
vn 0.6794 0.5830 0.4455
vn 0.8495 -0.1070 0.5166
vn 0.9528 0.3006 -0.0421
vn 0.9794 -0.1657 0.1154
vn -0.6427 0.6944 -0.3237
vn -0.4375 0.8608 0.2600
vn -0.3394 0.8640 0.3720
vn 0.0820 0.8236 0.5612
vn 0.0972 0.8797 0.4654
vn 0.5539 0.6688 0.4958
vn 0.5540 0.6688 0.4958
vn 0.6795 0.5830 0.4455
vn 0.5539 0.6689 0.4958
vn 0.9215 0.3830 0.0638
vn -0.7920 -0.2125 0.5724
vn -0.1525 -0.0231 0.9880
vn -0.3393 0.8640 0.3720
vn 0.2786 -0.6258 0.7285
vn 0.6702 -0.6012 0.4351
vn 0.6703 -0.6012 0.4351
vn 0.7997 -0.5797 0.1565
vn 0.8513 0.4597 -0.2529
vn -0.8056 -0.5454 0.2315
vn 0.1760 -0.9842 0.0175
vn -0.9673 0.0472 -0.2491
vn -0.4316 -0.6563 -0.6188
vn -0.8056 -0.5453 0.2315
vn -0.5254 0.6792 -0.5125
vn -0.7653 -0.4731 0.4364
vn -0.8914 -0.2669 0.3662
vn -0.8915 -0.2669 0.3662
vn 0.8513 0.4598 -0.2528
vn 0.4525 -0.5367 0.7122
vn 0.4525 -0.5366 0.7122
vn 0.5261 -0.5386 0.6582
vn 0.6703 -0.6011 0.4351
vn -0.4316 -0.6563 -0.6189
vn 0.7996 -0.5797 0.1565
vn -0.9673 0.0472 -0.2492
vn 0.7996 -0.5797 0.1566
vn 0.4525 -0.5366 0.7123
vn 0.4526 -0.5366 0.7122
vn 0.5261 -0.5385 0.6582
vn 0.3797 0.3374 0.8614
vn 0.9478 -0.0703 0.3110
vn 0.6837 0.0874 0.7245
vn -0.5751 -0.2655 -0.7738
vn -0.6071 0.6734 -0.4219
vn -0.2708 0.8344 -0.4801
vn 0.9845 0.0971 0.1463
vn 0.9071 0.4207 0.0091
vn 0.9693 0.2458 0.0095
vn 0.2925 0.5121 -0.8076
vn 0.3827 0.0441 -0.9228
vn 0.9097 0.1931 -0.3677
vn 0.7627 0.4243 -0.4880
vn 0.7628 0.4243 -0.4880
vn 0.2679 0.5797 -0.7695
vn 0.3828 0.0441 -0.9228
vn -0.5744 0.4642 0.6742
vn 0.9638 -0.1121 -0.2418
vn 0.9728 -0.2029 -0.1117
vn 0.8085 0.5881 -0.0197
vn 0.9421 0.3345 0.0221
vn -0.0769 0.9874 -0.1383
vn 0.9862 -0.0036 0.1658
vn 0.9785 0.1699 0.1173
vn 0.9874 0.0836 -0.1346
vn 0.9255 0.2731 -0.2625
vn 0.1929 0.5209 0.8316
vn -0.2746 0.9608 -0.0385
vn 0.8816 0.4452 0.1570
vn 0.7115 0.6581 0.2465
vn -0.1958 0.9114 0.3619
vn 0.3140 0.9489 -0.0324
vn 0.3140 0.9489 -0.0325
vn 0.1129 -0.4394 0.8912
vn 0.1049 0.6778 0.7278
vn 0.5636 -0.8108 0.1578
vn 0.9206 -0.2492 0.3007
vn 0.8873 -0.0737 0.4553
vn 0.8312 0.1460 0.5364
vn 0.9365 0.3344 -0.1058
vn 0.9758 0.1303 0.1758
vn 0.8772 -0.0206 -0.4797
vn 0.4145 0.9079 0.0620
vn 0.3938 0.8886 0.2352
vn 0.7365 0.6396 0.2203
vn 0.3825 0.8467 0.3699
vn 0.2043 0.9786 0.0228
vn 0.4145 0.9079 0.0619
vn -0.0082 0.9725 0.2326
vn 0.3805 0.8480 0.3689
vn -0.4694 0.8830 -0.0062
vn -0.4463 0.8533 0.2697
vn -0.4694 0.8830 -0.0063
vn -0.3096 0.9479 -0.0746
vn 0.7171 0.6930 0.0746
vn 0.4468 0.8737 0.1925
vn 0.1049 0.6778 0.7277
vn -0.6177 0.7847 0.0523
vn -0.2971 0.9530 0.0588
vn 0.1595 0.9072 -0.3892
vn 0.4751 -0.7038 -0.5282
vn 0.1082 -0.9909 -0.0800
vn 0.1048 0.6778 0.7278
vn 0.1129 -0.4393 0.8912
vn -0.4683 -0.4365 0.7682
vn -0.5565 0.8261 -0.0891
vn -0.7057 0.7081 -0.0246
vn -0.4781 0.8783 0.0050
vn -0.1947 0.9805 0.0249
vn -0.8489 0.0500 0.5262
vn -0.6599 -0.2537 -0.7072
vn -0.6826 0.2045 -0.7016
vn -0.6959 -0.0201 -0.7178
vn -0.3120 0.2917 -0.9042
vn 0.3347 0.1472 -0.9308
vn -0.0057 0.6002 -0.7998
vn 0.3347 0.1471 -0.9308
vn 0.6285 0.3473 -0.6960
vn 0.4097 0.7773 -0.4775
vn 0.6784 0.6268 0.3833
vn 0.2864 0.9154 0.2830
vn 0.5271 0.8227 0.2131
vn 0.6784 0.6268 0.3832
vn -0.5348 0.7879 0.3053
vn -0.1947 0.9805 0.0250
vn -0.5555 -0.7041 -0.4423
vn 0.4350 0.4374 0.7871
vn 0.5864 0.5694 0.5761
vn -0.1731 -0.9840 0.0434
vn -0.7273 -0.6537 0.2090
vn -0.1731 -0.9839 0.0434
vn -0.9705 -0.1978 -0.1379
vn -0.6942 -0.6234 0.3597
vn -0.9964 -0.0685 -0.0507
vn -0.9846 -0.1636 -0.0614
vn 0.3925 -0.6631 0.6374
vn 0.6088 0.7900 0.0729
vn 0.3139 0.9489 -0.0325
vn 0.7252 0.6210 0.2975
vn -0.1031 0.4762 0.8733
vn 0.1929 0.5209 0.8315
vn -0.0785 -0.4897 0.8683
vn -0.4163 -0.4768 0.7742
vn -0.1838 0.0138 0.9829
vn -0.8612 -0.1177 -0.4945
vn -0.6960 -0.0201 -0.7178
vn -0.8611 -0.1177 -0.4946
vn -0.5545 0.3413 -0.7590
vn -0.8611 -0.1177 -0.4945
vn -0.5544 0.3413 -0.7590
vn -0.9491 0.0913 -0.3013
vn -0.9492 0.0913 -0.3013
vn -0.8190 0.3435 -0.4596
vn -0.1649 0.8186 -0.5502
vn 0.1877 0.8536 -0.4859
vn -0.9674 0.1769 -0.1811
vn -0.7891 0.5535 -0.2664
vn -0.1224 0.9749 0.1859
vn -0.9540 0.2195 -0.2041
vn -0.6797 0.7262 -0.1036
vn 0.5271 0.8227 0.2130
vn -0.1225 0.9749 0.1859
vn 0.5906 -0.7773 0.2169
vn 0.6675 0.7029 0.2455
vn -0.1840 -0.9725 0.1426
vn -0.3833 -0.8026 0.4571
vn -0.2861 -0.6858 0.6692
vn -0.5059 -0.8312 0.2305
vn -0.5059 -0.8313 0.2305
vn 0.2391 0.6212 -0.7463
vn 0.5372 0.1089 -0.8364
vn -0.2624 0.8901 -0.3725
vn 0.8425 0.0842 -0.5321
vn 0.7620 -0.2048 -0.6143
vn 0.3644 0.9233 -0.1213
vn 0.1082 -0.9909 -0.0801
vn -0.4983 -0.8654 0.0531
vn -0.4941 -0.5205 0.6964
vn -0.4983 -0.8654 0.0532
vn -0.3329 -0.7151 0.6147
vn -0.2341 -0.5660 0.7904
vn -0.3373 -0.5724 0.7474
vn 0.0895 -0.5240 0.8470
vn -0.2624 0.8902 -0.3724
vn -0.1249 -0.3381 0.9328
vn -0.1922 -0.5259 0.8285
vn -0.1345 -0.6164 0.7758
vn -0.2341 -0.5661 0.7904
vn -0.2341 -0.5660 0.7905
vn -0.4683 -0.4365 0.7683
vn -0.7680 0.6162 -0.1745
vn 0.6285 0.3472 -0.6960
vn 0.4454 0.0844 0.8913
vn 0.4454 0.0845 0.8913
vn 0.3534 -0.4225 0.8346
vn 0.6763 0.0655 0.7337
vn -0.9334 0.3534 -0.0624
vn -0.6545 0.5058 -0.5620
vn -0.1627 0.5553 -0.8156
vn 0.5906 -0.7773 0.2170
vn 0.6676 0.7029 0.2455
vn 0.3644 0.9233 -0.1214
vn 0.2342 0.6704 -0.7040
vn -0.7222 0.6917 -0.0049
vn -0.4658 0.8403 -0.2775
vn -0.2624 0.8902 -0.3725
vn -0.5817 0.7462 -0.3237
vn -0.1693 0.7583 -0.6295
vn 0.3771 0.7672 -0.5189
vn 0.1595 0.9072 -0.3893
vn 0.7820 0.6173 -0.0864
vn 0.2342 0.6705 -0.7040
vn 0.7503 0.4870 0.4471
vn 0.9005 0.3486 0.2601
vn 0.6231 0.3283 0.7099
vn 0.1901 0.0620 0.9798
vn 0.1747 -0.1763 0.9687
vn -0.4285 -0.0281 0.9031
vn -0.8295 0.3612 0.4259
vn -0.4658 0.8402 -0.2775
vn -0.6599 -0.2536 -0.7072
vn -0.1731 -0.9839 0.0435
vn 0.2342 0.6704 -0.7041
vn 0.4751 -0.7037 -0.5282
vn -0.6826 0.2046 -0.7016
vn -0.2792 -0.5509 0.7864
vn -0.2803 -0.6920 0.6652
vn 0.4126 -0.5461 0.7290
vn -0.2792 -0.5509 0.7865
vn -0.8110 -0.4659 0.3539
vn -0.8721 -0.4760 0.1138
vn -0.2488 -0.8370 0.4874
vn -0.2803 -0.6920 0.6653
vn -0.8374 -0.5463 0.0178
vn -0.0793 -0.9871 -0.1393
vn -0.9463 -0.3191 0.0520
vn 0.8293 -0.3610 0.4265
vn 0.8788 -0.4047 0.2527
vn 0.9971 0.0528 -0.0556
vn 0.3959 -0.6988 0.5957
vn 0.1079 -0.9902 0.0887
vn 0.6976 0.3678 -0.6149
vn 0.6694 0.2229 -0.7087
vn 0.0152 0.5094 -0.8604
vn 0.1838 0.5977 -0.7804
vn 0.0137 0.5087 -0.8608
vn -0.3965 0.3456 -0.8505
vn -0.5842 0.2819 -0.7611
vn -0.7524 0.1589 -0.6393
vn -0.8776 -0.0785 -0.4730
vn -0.9529 -0.1213 -0.2779
vn 0.7210 0.4783 -0.5013
vn 0.6975 0.3679 -0.6149
vn 0.6976 0.3679 -0.6149
vn -0.5418 0.3413 -0.7681
vn -0.8928 -0.0023 -0.4504
vn 0.9765 0.0071 -0.2153
vn 0.6071 0.0763 -0.7910
vn 0.6070 0.0763 -0.7910
vn -0.9769 -0.1823 0.1117
vn -0.9769 -0.1823 0.1115
vn 0.0646 -0.6297 -0.7741
vn -0.9769 -0.1822 0.1116
vn -0.2064 -0.7079 -0.6755
vn -0.3649 -0.9182 0.1538
vn -0.2162 -0.7314 0.6468
vn -0.3649 -0.9183 0.1538
vn 0.8858 -0.1749 0.4299
vn 0.4126 -0.5461 0.7291
vn 0.1963 -0.8784 0.4357
vn -0.3307 -0.8470 0.4162
vn 0.4049 -0.1788 0.8967
vn 0.3684 -0.4665 0.8041
vn 0.1964 -0.8784 0.4357
vn 0.2734 -0.6793 0.6810
vn 0.2735 -0.6793 0.6810
vn 0.4331 -0.4188 0.7981
vn -0.2792 -0.5510 0.7864
vn 0.6078 -0.2954 0.7371
vn 0.8204 -0.0265 0.5712
vn 0.5925 -0.2699 0.7590
vn 0.8657 -0.0559 0.4974
vn 0.9583 0.2704 0.0927
vn 0.9816 0.1878 0.0350
vn 0.7416 0.5523 -0.3807
vn 0.6494 0.2542 -0.7167
vn 0.6500 0.2544 -0.7161
vn 0.3948 -0.8908 0.2248
vn 0.4331 -0.7563 0.4902
vn 0.3948 -0.8909 0.2248
vn 0.9872 -0.0851 0.1349
vn 0.8972 -0.0937 -0.4315
vn 0.8973 -0.0937 -0.4315
vn 0.5970 -0.6382 -0.4861
vn 0.4679 -0.8789 -0.0928
vn 0.8973 -0.0937 -0.4314
vn -0.8721 -0.4759 0.1138
vn 0.9492 -0.2782 0.1468
vn 0.3676 -0.8712 0.3254
vn -0.8723 0.4889 -0.0092
vn -0.2542 0.9664 0.0385
vn 0.1928 0.5209 0.8316
vn -0.2324 0.9687 0.0875
vn -0.9069 -0.3955 0.1455
vn 0.0633 -0.9980 0.0091
vn -0.7716 -0.6342 0.0486
vn -0.9307 0.3399 0.1354
vn 0.1928 0.5209 0.8315
vn 0.8556 0.4492 0.2572
vn 0.8515 0.4940 0.1758
vn 0.0863 0.9942 0.0641
vn 0.1929 0.5208 0.8316
vn 0.9096 0.4105 0.0648
vn 0.8525 -0.5225 0.0147
vn 0.1913 -0.9712 -0.1420
vn -0.9423 -0.3346 -0.0064
vn -0.8942 0.4287 0.1287
vn -0.9168 0.3091 0.2527
vn -0.7136 -0.7002 -0.0229
vn -0.7721 -0.4242 0.4732
vn -0.3797 -0.0265 0.9247
vn 0.9264 -0.3735 -0.0477
vn 0.9264 -0.3735 -0.0476
vn 0.8705 -0.4829 0.0953
vn 0.1904 -0.9796 -0.0639
vn 0.0322 -0.8854 0.4638
vn 0.0322 -0.8853 0.4638
vn 0.5068 -0.4098 0.7584
vn 0.0322 -0.8854 0.4637
vn -0.1910 0.9341 0.3015
vn 0.8509 0.5092 0.1292
vn -0.2613 0.7105 0.6534
vn 0.6228 0.3930 0.6765
vn -0.0792 -0.9871 -0.1393
vn 0.0420 0.8684 -0.4941
vn 0.0419 0.8684 -0.4941
vn -0.3887 0.8616 -0.3264
vn 0.1078 -0.9902 0.0887
vn 0.9814 -0.0643 0.1809
vn 0.9814 -0.0643 0.1808
vn -0.2099 -0.1549 -0.9654
vn -0.7253 -0.0428 -0.6871
vn -0.5890 0.1908 -0.7853
vn -0.3073 -0.4657 -0.8299
vn -0.8176 -0.1420 -0.5580
vn 0.4237 -0.1873 -0.8862
vn -0.0076 0.2845 -0.9587
vn 0.6694 0.2229 -0.7086
vn 0.9151 -0.1542 -0.3725
vn -0.8611 0.1069 -0.4970
vn -0.9053 0.2720 -0.3264
vn -0.4876 -0.4531 -0.7463
vn -0.9208 -0.0378 -0.3883
vn -0.5413 -0.4638 -0.7014
vn -0.9207 -0.0378 -0.3883
vn -0.9854 -0.1482 -0.0835
vn -0.9040 -0.3554 -0.2376
vn -0.4737 -0.4611 -0.7503
vn -0.9552 -0.2817 -0.0905
vn -0.3672 -0.6141 -0.6986
vn 0.3866 -0.6567 -0.6475
vn -0.4876 -0.4530 -0.7463
vn 0.2584 -0.5705 -0.7796
vn 0.1995 -0.4726 -0.8584
vn -0.5752 -0.2655 -0.7738
vn -0.5752 -0.2655 -0.7737
vn -0.9983 -0.0399 0.0431
vn 0.3849 -0.6902 -0.6127
vn 0.8395 -0.4204 -0.3443
vn 0.9175 -0.2842 -0.2784
vn 0.8770 -0.4007 -0.2651
vn 0.8737 -0.4021 -0.2738
vn 0.4782 -0.3548 -0.8034
vn 0.3827 0.0440 -0.9228
vn 0.9984 0.0556 0.0089
vn 0.9652 0.2202 0.1409
vn 0.9639 0.0504 0.2613
vn 0.9640 0.0504 0.2613
vn 0.9433 -0.1260 0.3072
vn 0.8851 -0.2580 0.3872
vn 0.8852 -0.2580 0.3872
vn 0.8144 -0.2228 0.5358
vn 0.5980 0.6903 0.4073
vn 0.5925 0.6458 0.4815
vn 0.5074 0.4468 0.7368
vn 0.6172 0.1203 0.7776
vn 0.3525 -0.0724 0.9330
vn 0.1416 -0.0308 0.9894
vn -0.1584 0.8594 0.4862
vn -0.2138 0.6477 0.7313
vn -0.1936 0.2524 0.9481
vn -0.2789 -0.0338 0.9597
vn -0.6510 0.0052 0.7590
vn -0.1213 0.2485 0.9610
vn -0.1707 0.8852 0.4327
vn -0.8030 0.5959 0.0060
vn -0.8591 0.4121 0.3036
vn -0.8135 0.1848 0.5514
vn -0.8082 -0.0946 0.5813
vn -0.7450 0.6591 0.1032
vn -0.8030 0.5959 0.0061
vn -0.7667 0.2181 0.6038
vn -0.9758 0.0038 -0.2186
vn -0.8796 0.0390 -0.4742
vn -0.9829 0.0021 0.1841
vn -0.3886 0.8616 -0.3264
vn 0.9008 -0.3013 -0.3128
vn 0.4467 -0.5194 -0.7285
vn -0.6697 0.6329 -0.3886
vn -0.8051 0.5931 -0.0032
vn -0.3425 0.7859 0.5149
vn -0.3624 0.6791 0.6383
vn 0.2659 0.7714 0.5781
vn 0.6458 0.7431 0.1752
vn 0.1883 0.9423 -0.2769
vn -0.9306 0.2844 0.2302
vn -0.3950 0.4430 0.8048
vn 0.6448 0.2634 0.7175
vn -0.9010 -0.3310 0.2803
vn -0.4411 -0.6723 0.5946
vn 0.4635 -0.3973 0.7920
vn 0.1341 0.1277 -0.9827
vn -0.5086 -0.0381 -0.8602
vn -0.7105 -0.2014 -0.6743
vn -0.6950 -0.4927 -0.5237
vn 0.9168 0.1060 -0.3850
vn 0.3587 -0.3207 -0.8767
vn -0.2298 -0.4801 -0.8466
vn -0.2886 -0.6658 -0.6881
vn -0.2909 -0.7991 -0.5261
vn -0.4275 -0.8281 -0.3627
vn 0.9983 -0.0167 -0.0563
vn 0.8186 -0.3652 -0.4433
vn 0.3282 -0.5816 -0.7443
vn 0.3123 -0.7149 -0.6256
vn 0.2000 -0.8649 -0.4603
vn 0.3391 -0.9316 -0.1309
vn 0.9508 -0.3092 0.0195
vn 0.7964 -0.5274 -0.2959
vn 0.8178 -0.5601 0.1323
vn 0.7104 -0.6796 -0.1830
vn -0.9821 0.0010 0.1883
vn -0.0794 -0.9871 -0.1394
vn -0.0076 0.2845 -0.9586
vn 0.1049 0.6777 0.7278
vn -0.9571 0.2894 -0.0150
vn -0.6177 0.7846 0.0523
vn -0.3670 0.9184 0.1478
vn -0.6178 0.7846 0.0523
vn 0.7167 0.6568 0.2345
vn -0.9065 -0.4032 0.1253
vn -0.9788 0.1776 0.1023
vn -0.7484 -0.6629 0.0231
vn 0.3856 -0.8943 0.2270
vn 0.9789 -0.1743 0.1064
vn 0.9554 -0.2934 -0.0348
vn 0.3661 -0.9258 -0.0942
vn 0.8792 0.4717 0.0669
vn 0.7167 0.6568 0.2344
vn -0.9782 0.1885 0.0874
vn -0.3586 0.8955 0.2637
vn 0.7614 0.6332 0.1392
vn 0.8792 0.4717 0.0670
vn 0.9641 -0.2582 -0.0622
vn 0.9490 -0.2975 0.1047
vn 0.3516 -0.9204 -0.1712
vn 0.2255 -0.9737 -0.0317
vn 0.3516 -0.9204 -0.1710
vn -0.6488 -0.7599 -0.0397
vn -0.7325 -0.6797 -0.0374
vn -0.6488 -0.7600 -0.0397
vn -0.9761 0.1131 0.1856
vn 0.3854 -0.8480 0.3639
vn -0.5357 -0.7261 0.4310
vn -0.6487 -0.7600 -0.0397
vn -0.4520 -0.0108 0.8920
vn 0.4339 -0.3880 0.8131
vn 0.4339 -0.3879 0.8132
vn -0.5358 -0.7261 0.4310
vn 0.4338 -0.3880 0.8132
vn -0.4027 0.6679 0.6259
vn 0.5470 0.5171 0.6583
vn -0.4520 -0.0108 0.8919
vn 0.3775 0.7690 0.5159
vn 0.6305 0.7385 0.2390
vn 0.9548 0.1900 0.2286
vn 0.6727 -0.7264 0.1409
vn 0.9953 0.0432 0.0868
vn -0.8328 0.5163 0.1998
vn -0.6883 0.6887 0.2280
vn 0.1896 0.9153 0.3553
vn -0.6882 0.6887 0.2280
vn -0.9887 -0.1431 -0.0441
vn -0.5926 -0.8033 -0.0599
vn -0.5058 -0.8313 0.2305
vn -0.6882 0.6888 0.2280
vn 0.5899 -0.8075 -0.0045
vn -0.3773 -0.9232 -0.0735
vn -0.8049 0.5827 0.1122
vn -0.9838 -0.1326 -0.1209
vn -0.9683 -0.2497 0.0003
vn -0.5917 0.5028 0.6301
vn 0.3237 0.8880 0.3267
vn -0.5917 0.5028 0.6302
vn 0.3716 0.5928 0.7145
vn 0.9332 0.0510 0.3557
vn 0.9690 0.1809 0.1685
vn -0.6846 -0.3236 0.6532
vn -0.6846 -0.3236 0.6531
vn 0.2107 -0.2060 0.9556
vn -0.9717 -0.2345 -0.0295
vn -0.7243 0.6723 0.1531
vn 0.6305 0.7385 0.2389
vn 0.7755 -0.6309 -0.0247
vn 0.5532 -0.8231 0.1285
vn -0.3181 -0.9415 -0.1111
vn -0.5197 -0.8429 -0.1396
vn 0.5213 -0.6602 0.5407
vn -0.3326 -0.8537 0.4008
vn 0.2107 -0.2059 0.9556
vn 0.6520 0.7299 0.2052
vn 0.9902 -0.1295 -0.0520
vn 0.9887 0.0293 0.1472
vn -0.5547 -0.8287 -0.0748
vn -0.9982 -0.0307 0.0517
vn -0.8287 -0.5555 0.0684
vn -0.9881 0.1498 -0.0350
vn -0.1031 0.4761 0.8733
vn 0.4171 -0.9008 -0.1207
vn -0.5547 -0.8287 -0.0749
vn -0.8287 -0.5555 0.0683
vn -0.6013 0.7680 0.2203
vn 0.7252 0.6210 0.2974
vn -0.6067 0.7777 0.1643
vn -0.6013 0.7681 0.2203
vn 0.6008 -0.7839 -0.1564
vn -0.6969 -0.7139 -0.0682
vn -0.9933 0.1055 0.0473
vn -0.5202 0.8112 0.2670
vn 0.6094 0.7690 0.1928
vn 0.9988 -0.0000 -0.0483
vn -0.6067 0.7778 0.1643
vn -0.9894 -0.0455 0.1381
vn -0.5599 0.5798 0.5919
vn 0.3993 0.6111 0.6834
vn 0.9758 -0.1422 0.1660
vn 0.6094 0.7690 0.1929
vn -0.5101 -0.1310 0.8501
vn 0.4346 -0.3914 0.8111
vn 0.3713 -0.9280 0.0308
vn 0.6008 -0.7840 -0.1564
vn -0.5200 -0.8536 -0.0298
vn 0.4492 -0.8115 0.3737
vn -0.4203 -0.8161 0.3967
vn -0.5100 -0.1310 0.8501
vn -0.4157 -0.8485 0.3274
vn -0.7293 -0.4493 0.5161
vn -0.7397 -0.3018 0.6015
vn -0.8395 -0.2106 0.5008
vn -0.7005 0.5906 0.4005
vn -0.7005 0.5906 0.4006
vn -0.7901 0.4343 0.4325
vn -0.3820 0.9100 0.1614
vn 0.8172 0.5101 -0.2684
vn 0.9555 0.0924 -0.2800
vn 0.9630 -0.2079 0.1715
vn 0.4797 0.6285 -0.6123
vn 0.6677 0.7342 -0.1230
vn 0.1181 0.9223 0.3679
vn -0.9869 0.1608 -0.0139
vn -0.4774 0.5294 0.7013
vn -0.6807 0.0995 0.7258
vn -0.9500 -0.2963 0.0990
vn -0.8456 -0.4381 -0.3049
vn -0.9499 -0.2963 0.0990
vn -0.7445 -0.6231 0.2398
vn -0.6777 -0.4363 0.5919
vn -0.7444 -0.6232 0.2398
vn 0.4010 0.7102 -0.5787
vn -0.3030 0.9519 0.0457
vn -0.6880 0.5932 0.4180
vn -0.7552 0.0872 0.6497
vn -0.6814 -0.2169 0.6990
vn -0.1462 0.8306 -0.5373
vn -0.6847 0.7288 -0.0031
vn -0.6901 0.5567 0.4624
vn -0.7118 -0.0243 0.7019
vn -0.7487 -0.3221 0.5794
vn -0.4697 -0.5664 0.6772
vn 0.3634 0.3671 -0.8562
vn 0.9030 -0.3932 -0.1734
vn 0.9555 0.0924 -0.2801
vn -0.4238 0.8929 -0.1519
vn -0.5733 -0.7458 0.3393
vn -0.0023 -0.9172 0.3985
vn -0.3614 -0.7717 0.5234
vn -0.5133 -0.8243 0.2390
vn -0.0641 -0.9976 0.0274
vn 0.4375 -0.8871 0.1470
vn -0.1509 -0.9880 -0.0338
vn -0.3086 -0.9507 0.0312
vn 0.1345 -0.9693 0.2057
vn 0.4347 -0.8993 0.0476
vn -0.0838 -0.8683 -0.4890
vn 0.0097 -0.9053 -0.4246
vn 0.3542 -0.9352 0.0068
vn 0.6334 -0.7706 -0.0701
vn 0.5033 0.1049 -0.8577
vn 0.3634 0.3671 -0.8563
vn 0.6966 0.3246 -0.6399
vn 0.4073 -0.1663 -0.8980
vn 0.6966 0.3246 -0.6398
vn 0.7079 -0.2421 -0.6635
vn 0.3653 -0.7178 -0.5928
vn 0.5465 -0.6892 -0.4757
vn 0.0489 -0.9553 -0.2914
vn 0.8635 0.3453 -0.3675
vn 0.6678 0.7341 -0.1230
vn 0.9539 -0.1589 -0.2545
vn 0.6750 -0.7373 -0.0279
vn 0.5253 -0.8425 0.1198
vn 0.2178 -0.9185 -0.3299
vn -0.1204 -0.9855 0.1195
vn 0.0489 -0.9554 -0.2914
vn 0.2178 -0.9186 -0.3299
vn 0.7039 0.3768 -0.6021
vn 0.7040 0.3768 -0.6021
vn 0.8235 -0.0404 -0.5659
vn 0.8234 -0.0404 -0.5660
vn 0.5143 -0.7046 -0.4888
vn 0.5143 -0.7047 -0.4888
vn 0.5253 -0.8424 0.1198
vn 0.5252 -0.8425 0.1198
vn 0.7011 -0.2990 -0.6473
vn 0.6093 -0.5998 -0.5186
vn -0.0838 -0.8682 -0.4890
vn 0.3081 -0.8942 0.3247
vn 0.3079 -0.8929 0.3285
vn 0.1723 -0.5134 0.8407
vn 0.3080 -0.8943 0.3247
vn 0.9534 0.0246 -0.3006
vn 0.5034 0.1049 -0.8577
vn 0.6844 -0.5939 0.4230
vn 0.6843 -0.5939 0.4230
vn 0.0311 -0.4525 0.8912
vn 0.4073 -0.1664 -0.8980
vn 0.0312 -0.4525 0.8912
vn 0.4233 -0.6946 0.5817
vn 0.3653 -0.7177 -0.5928
vn -0.7119 -0.0243 0.7019
vn -0.3065 0.9506 -0.0497
vn 0.1148 0.9756 -0.1869
vn 0.1148 0.9756 -0.1870
vn -0.7901 0.4343 0.4326
vn 0.4587 0.8350 -0.3041
vn 0.4586 0.8349 -0.3041
vn -0.1496 -0.3889 0.9091
vn -0.4527 -0.3012 0.8392
vn -0.2794 0.2812 0.9181
vn 0.8017 0.4893 -0.3434
vn -0.3065 0.9506 -0.0496
vn -0.3567 0.5338 0.7667
vn -0.2775 0.9585 -0.0657
vn 0.4586 0.8350 -0.3042
vn -0.4465 0.8750 0.1871
vn -0.3047 0.9417 0.1425
vn -0.2306 -0.3856 0.8934
vn -0.2792 0.0249 0.9599
vn -0.1811 -0.1383 0.9737
vn -0.5264 0.2728 0.8053
vn -0.6190 0.6442 0.4493
vn 0.4562 -0.5528 0.6974
vn 0.3809 -0.6118 0.6933
vn 0.4265 -0.5380 0.7271
vn 0.3080 -0.8942 0.3247
vn 0.1202 -0.7222 0.6811
vn 0.1454 -0.0618 0.9874
vn 0.1202 -0.7223 0.6811
vn -0.0479 -0.5314 -0.8458
vn -0.0246 -0.3608 -0.9323
vn -0.6807 -0.5893 -0.4352
vn -0.5946 -0.6514 -0.4712
vn -0.1020 -0.8331 -0.5436
vn -0.7317 -0.6172 -0.2891
vn -0.7804 -0.5321 0.3283
vn -0.7419 -0.6498 -0.1654
vn 0.4751 -0.7037 -0.5283
vn -0.7329 -0.5750 0.3637
vn -0.7317 -0.6173 -0.2891
vn 0.8527 0.0229 -0.5219
vn 0.5289 -0.3060 -0.7916
vn 0.9809 0.1864 0.0563
vn 0.9590 0.1541 -0.2380
vn 0.7202 0.4147 0.5562
vn 0.5270 0.2884 0.7994
vn -0.3077 -0.1464 0.9402
vn -0.3077 -0.1463 0.9402
vn 0.4723 -0.6730 -0.5692
vn -0.6319 -0.7002 -0.3324
vn -0.5946 -0.6515 -0.4712
vn -0.9115 -0.2103 0.3535
vn 0.9771 -0.1152 -0.1789
vn 0.4355 -0.7333 -0.5222
vn 0.4723 -0.6731 -0.5692
vn -0.6319 -0.7002 -0.3323
vn 0.4355 -0.7333 -0.5221
vn -0.7119 -0.6808 -0.1723
vn -0.9566 -0.1227 0.2642
vn -0.6319 -0.7001 -0.3324
vn 0.9951 -0.0113 -0.0978
vn 0.4355 -0.7332 -0.5222
vn 0.9580 -0.2866 0.0100
vn 0.4078 -0.9117 -0.0497
vn -0.3480 -0.9344 -0.0756
vn -0.8181 -0.3523 0.4545
vn -0.9347 -0.0566 0.3510
vn 0.6268 -0.3850 0.6774
vn -0.2002 -0.5471 0.8128
vn -0.3699 0.3813 0.8472
vn 0.1888 0.1200 0.9747
vn 0.7214 0.3197 0.6143
vn 0.7201 0.4147 0.5562
vn -0.5799 0.2502 0.7753
vn 0.7201 0.4148 0.5562
vn -0.3700 0.3813 0.8472
vn 0.9633 0.2262 -0.1448
vn 0.5261 -0.5386 0.6581
vn 0.5380 -0.6875 0.4877
vn 0.5088 -0.8370 0.2014
vn 0.7576 0.4221 -0.4978
vn 0.5089 -0.8369 0.2014
vn 0.6483 0.3880 -0.6551
vn 0.5088 -0.8370 0.2013
vn 0.4259 -0.8548 -0.2966
vn 0.5089 -0.8370 0.2014
vn 0.2066 0.1542 -0.9662
vn 0.1797 0.2751 -0.9445
vn 0.6487 0.0728 -0.7576
vn 0.6486 0.0728 -0.7576
vn 0.3312 0.0163 -0.9434
vn 0.7641 0.0264 -0.6446
vn 0.3266 0.6408 -0.6947
vn -0.3246 0.2776 -0.9042
vn -0.0570 -0.7543 -0.6541
vn -0.6607 -0.6354 -0.3997
vn -0.1505 0.4869 -0.8604
vn -0.1097 0.4801 -0.8703
vn -0.1097 0.4800 -0.8704
vn -0.3492 0.5719 -0.7423
vn -0.4677 0.5446 -0.6962
vn -0.8422 -0.4326 0.3218
vn -0.9358 -0.2870 -0.2047
vn 0.4259 -0.8548 -0.2965
vn 0.7346 0.5546 -0.3908
vn 0.8690 0.2224 -0.4421
vn 0.8704 0.2242 -0.4384
vn 0.6487 0.0728 -0.7575
vn 0.2757 0.6510 -0.7073
vn 0.6942 0.5283 -0.4888
vn -0.0292 0.7004 -0.7131
vn 0.9830 0.1554 -0.0978
vn 0.9258 0.1599 -0.3426
vn 0.8690 0.2224 -0.4420
vn 0.6153 0.5310 -0.5826
vn 0.6152 0.5310 -0.5826
vn -0.2780 0.7245 -0.6307
vn -0.5400 0.5334 -0.6510
vn 0.7627 0.4243 -0.4881
vn -0.6846 0.5661 -0.4591
vn -0.2683 0.7875 -0.5548
vn -0.2708 0.8343 -0.4801
vn -0.5064 0.6653 -0.5486
vn -0.8422 -0.4326 0.3219
vn -0.8915 -0.2669 0.3661
vn -0.3621 0.0740 -0.9292
vn -0.1362 0.1165 -0.9838
vn -0.1167 -0.2720 -0.9552
vn 0.8289 -0.3573 0.4305
vn -0.2159 -0.9404 -0.2629
vn 0.2003 -0.5337 0.8216
vn -0.6778 -0.5524 -0.4852
vn -0.9503 -0.2398 -0.1984
vn -0.9368 0.2857 0.2020
vn -0.9368 0.2858 0.2019
vn -0.5870 0.0203 -0.8093
vn -0.9311 -0.1296 -0.3410
vn -0.3627 -0.2397 -0.9005
vn -0.9592 -0.1121 -0.2596
vn -0.9942 0.0825 -0.0693
vn -0.9746 -0.2217 0.0312
vn -0.7266 -0.6617 0.1849
vn 0.8782 -0.4623 0.1229
vn 0.7562 -0.6195 -0.2108
vn -0.9683 -0.1560 0.1952
vn -0.7768 -0.2262 0.5878
vn -0.9660 -0.1195 0.2291
vn -0.5035 -0.4697 0.7252
vn -0.9214 -0.3322 0.2015
vn -0.6016 -0.5808 0.5485
vn -0.6015 -0.5808 0.5485
vn -0.9214 -0.3322 0.2014
vn -0.2883 -0.8398 0.4600
vn -0.6477 -0.5487 0.5286
vn 0.7645 -0.5987 -0.2389
vn 0.7477 -0.6314 -0.2058
vn 0.8612 -0.3794 -0.3383
vn 0.8613 -0.3789 -0.3386
vn 0.7911 -0.5688 -0.2250
vn 0.8529 -0.3753 -0.3629
vn 0.9483 -0.1725 -0.2663
vn 0.8616 -0.4896 0.1337
vn 0.9982 -0.0505 0.0332
vn 0.9417 0.1827 -0.2825
vn 0.6712 -0.6418 -0.3709
vn 0.8085 -0.3254 -0.4903
vn 0.6952 -0.1434 -0.7044
vn 0.7121 -0.3024 -0.6336
vn 0.9114 0.0703 -0.4054
vn -0.7465 -0.0517 -0.6634
vn -0.7563 -0.4339 -0.4896
vn -0.5205 -0.1445 -0.8415
vn -0.4689 0.1381 -0.8724
vn -0.8822 0.4584 -0.1077
vn -0.4514 -0.4776 -0.7537
vn -0.6016 -0.5807 0.5485
vn 0.6085 0.4603 -0.6464
vn 0.8401 -0.4720 -0.2672
vn 0.8876 -0.1592 -0.4322
vn 0.4498 -0.6864 0.5714
vn 0.9660 -0.0559 -0.2522
vn 0.9661 -0.0559 -0.2522
vn 0.9755 -0.1970 -0.0982
vn 0.8771 -0.1519 0.4557
vn 0.8616 -0.4897 0.1337
vn 0.7633 -0.1369 -0.6314
vn 0.7092 -0.2001 -0.6761
vn 0.3315 -0.3098 -0.8912
vn 0.3550 -0.1358 -0.9249
vn -0.1359 -0.0941 -0.9862
vn -0.0752 -0.1685 -0.9828
vn -0.0498 -0.1004 -0.9937
vn 0.3315 -0.3098 -0.8911
vn 0.3723 0.0079 -0.9281
vn 0.6923 -0.1731 0.7005
vn 0.6492 -0.0247 0.7602
vn 0.8000 0.0427 0.5985
vn 0.6416 -0.3614 0.6766
vn 0.8944 -0.1628 0.4165
vn 0.1859 -0.7535 -0.6306
vn 0.0334 -0.8667 -0.4978
vn 0.7650 -0.5803 -0.2792
vn 0.7917 -0.3677 -0.4879
vn 0.8085 -0.3254 -0.4904
vn 0.7091 -0.2001 -0.6761
vn 0.7092 -0.2001 -0.6760
vn -0.4536 -0.4783 -0.7520
vn 0.2683 -0.5946 -0.7579
vn 0.8068 -0.2916 -0.5138
vn 0.2363 -0.1463 0.9606
vn 0.5564 0.0315 0.8303
vn 0.1972 -0.3398 0.9196
vn 0.4498 -0.6864 0.5715
vn 0.6954 0.4505 0.5599
vn -0.1571 -0.1622 0.9742
vn -0.1751 0.2359 0.9559
vn -0.1931 -0.6709 0.7159
vn -0.3413 -0.2511 0.9058
vn -0.3774 0.0755 0.9230
vn -0.3445 -0.4412 0.8287
vn -0.4003 -0.7408 0.5394
vn -0.4003 -0.7409 0.5393
vn -0.8224 -0.2089 0.5292
vn -0.5399 0.2289 0.8100
vn -0.7309 -0.4183 0.5393
vn -0.4002 -0.7409 0.5394
vn -0.4001 -0.7409 0.5394
vn 0.7759 0.1086 -0.6214
vn 0.7803 0.1006 -0.6172
vn 0.3789 0.1480 -0.9135
vn -0.1141 0.1533 -0.9816
vn -0.9333 -0.1142 0.3405
vn -0.8758 -0.0370 0.4812
vn -0.8566 -0.3042 0.4168
vn -0.8566 -0.3042 0.4167
vn 0.9925 -0.0747 0.0969
vn 0.8876 -0.1593 -0.4322
vn 0.8876 -0.1592 -0.4323
vn 0.9783 0.1382 -0.1541
vn -0.5183 -0.5404 -0.6629
vn -0.3114 -0.5715 -0.7592
vn -0.2680 -0.2817 -0.9213
vn -0.2732 -0.2396 -0.9316
vn 0.2683 -0.5946 -0.7580
vn -0.4352 -0.6903 -0.5780
vn -0.4610 -0.2847 -0.8405
vn -0.2619 -0.2716 -0.9261
vn -0.5183 -0.5404 -0.6628
vn -0.5507 -0.1333 -0.8240
vn -0.6593 -0.2373 -0.7135
vn -0.5508 -0.1333 -0.8239
vn -0.4651 -0.5714 -0.6762
vn -0.4283 -0.3377 -0.8382
vn -0.2618 -0.2716 -0.9261
vn -0.7883 -0.0797 -0.6101
vn -0.3627 -0.2397 -0.9006
vn -0.5508 -0.1333 -0.8240
vn -0.3626 -0.2397 -0.9006
vn -0.6592 -0.2373 -0.7135
vn -0.9942 0.0825 -0.0692
vn -0.4515 -0.4776 -0.7537
vn 0.0134 0.3512 -0.9362
vn 0.1663 0.3925 -0.9046
vn 0.0314 -0.6105 -0.7914
vn -0.4589 0.4219 -0.7819
vn -0.6162 -0.5540 -0.5598
vn -0.8781 0.4537 -0.1520
vn -0.8226 -0.5659 0.0555
vn -0.7015 -0.3101 0.6417
vn -0.5473 0.6776 0.4912
vn -0.0914 -0.2556 0.9625
vn 0.0539 0.7141 0.6980
vn -0.0914 -0.2556 0.9624
vn 0.0850 -0.6136 -0.7850
vn -0.5746 -0.5666 -0.5906
vn -0.9255 -0.3698 -0.0816
vn -0.7564 -0.3306 0.5643
vn -0.7564 -0.3306 0.5644
vn -0.7565 -0.3306 0.5643
vn -0.1876 -0.2609 0.9470
vn 0.4911 -0.2920 0.8207
vn 0.5696 -0.3016 0.7646
vn 0.6245 0.6548 0.4258
vn 0.0850 -0.6135 -0.7851
vn 0.0538 0.1293 -0.9901
vn -0.6324 0.1818 -0.7530
vn -0.9275 0.3661 -0.0761
vn -0.6232 0.4566 0.6350
vn 0.0679 0.4971 0.8650
vn 0.7184 0.4301 0.5467
vn 0.8746 -0.4053 0.2660
vn -0.0055 0.1946 -0.9809
vn -0.6696 0.1412 -0.7292
vn -0.9416 0.3115 -0.1282
vn -0.7567 0.3935 0.5220
vn -0.0498 0.5012 0.8639
vn -0.0498 0.5013 0.8638
vn 0.5569 0.5161 0.6508
vn 0.0609 -0.5740 -0.8166
vn -0.5298 -0.7111 -0.4622
vn -0.9172 -0.3982 0.0148
vn -0.6066 -0.4940 0.6229
vn -0.1612 -0.3084 0.9375
vn -0.0498 0.5013 0.8639
vn 0.6027 -0.2644 0.7529
vn 0.9559 0.2874 0.0609
vn 0.9475 0.2951 -0.1235
vn 0.9474 0.2951 -0.1235
vn 0.6883 -0.6032 -0.4029
vn 0.8898 -0.4222 0.1735
vn 0.7878 -0.5912 0.1731
vn 0.7878 -0.5911 0.1731
vn 0.7196 -0.5762 -0.3875
vn 0.6647 0.2264 -0.7120
vn 0.6735 0.1118 -0.7307
vn 0.0850 -0.6136 -0.7851
vn 0.7226 -0.4120 -0.5551
vn 0.8897 -0.4222 0.1735
vn 0.5423 0.5966 -0.5916
vn 0.8295 0.5363 -0.1558
vn 0.6245 0.6548 0.4257
vn 0.0873 -0.6100 -0.7876
vn -0.0484 0.3906 -0.9193
vn 0.5537 0.4308 -0.7127
vn 0.6963 -0.5425 -0.4700
vn 0.0334 -0.6140 -0.7886
vn 0.6595 -0.5558 -0.5062
vn 0.0792 0.1296 -0.9884
vn 0.7258 0.1938 -0.6601
vn 0.1356 0.1959 -0.9712
vn 0.8826 0.4691 -0.0316
vn 0.8171 -0.5515 0.1677
vn 0.9343 -0.3535 0.0456
vn 0.9227 0.3823 0.0504
vn 0.7601 0.1537 -0.6314
vn 0.0611 -0.5741 -0.8165
vn 0.6001 -0.7012 -0.3850
vn 0.9135 -0.3821 0.1400
vn 0.6129 -0.2985 0.7316
vn 0.6782 -0.3180 0.6625
vn 0.5229 0.4666 0.7133
vn 0.6716 0.4060 0.6197
vn 0.9447 0.3280 0.0009
vn 0.5247 -0.4840 0.7003
vn 0.0374 -0.3066 0.9511
vn 0.4634 0.6865 0.5603
vn -0.0361 -0.2551 0.9662
vn 0.0615 -0.2587 0.9640
vn -0.1938 0.4948 0.8471
vn -0.0770 0.5010 0.8620
vn -0.6948 -0.2758 0.6642
vn -0.1609 0.7122 0.6833
vn -0.6630 -0.3124 0.6803
vn -0.5931 -0.3015 0.7465
vn -0.7935 0.4169 0.4433
vn -0.6492 0.5055 0.5683
vn -0.9601 0.2706 -0.0702
vn -0.7935 -0.6051 0.0649
vn -0.6500 -0.5882 -0.4812
vn -0.6880 0.6432 0.3360
vn -0.8976 -0.4379 0.0512
vn -0.8955 -0.4208 0.1449
vn -0.9268 0.2787 -0.2517
vn -0.8098 0.5219 -0.2679
vn -0.6330 -0.4239 -0.6478
vn -0.6164 -0.6147 -0.4921
vn -0.5696 0.1009 -0.8157
vn -0.5655 0.2156 -0.7961
vn -0.4671 0.5877 -0.6606
vn 0.0685 -0.2130 -0.9746
vn 0.0656 0.2494 -0.9662
vn 0.0312 0.7862 -0.6172
vn -0.0302 0.9651 0.2601
vn -0.0598 0.6145 0.7866
vn -0.0686 0.1966 0.9781
vn -0.0010 0.9938 -0.1114
vn 0.0321 0.8191 -0.5728
vn -0.0548 0.7010 0.7110
vn -0.0681 -0.0145 0.9976
vn -0.0342 -0.7976 0.6023
vn -0.0009 -0.9901 0.1405
vn 0.0542 -0.7135 -0.6985
vn 0.0676 0.0465 -0.9966
vn -0.0141 0.9969 0.0776
vn 0.0202 0.9110 -0.4120
vn -0.0619 0.5471 0.8348
vn -0.0639 -0.2474 0.9668
vn -0.0189 -0.9185 0.3951
vn 0.0154 -0.9951 -0.0977
vn 0.0624 -0.5335 -0.8435
vn 0.0643 0.2349 -0.9699
vn -0.1332 0.6751 -0.7256
vn -0.3786 -0.2738 0.8841
vn -0.6888 -0.4698 -0.5521
vn -0.7736 -0.4253 -0.4697
vn -0.9973 -0.0735 0.0030
vn -0.8554 -0.3533 -0.3789
vn -0.9287 0.2627 -0.2617
vn -0.9049 -0.2157 -0.3669
vn -0.7062 0.3337 -0.6245
vn -0.8858 -0.0884 -0.4555
vn -0.4682 0.1453 -0.8716
vn -0.5783 0.3355 0.7436
vn -0.3926 0.8838 0.2546
vn 0.0232 0.9261 -0.3765
vn 0.4672 0.5021 -0.7277
vn -0.3954 -0.4046 0.8246
vn -0.8048 0.2273 0.5483
vn -0.5042 0.8460 0.1737
vn 0.0162 0.9241 -0.3817
vn 0.4593 0.4342 -0.7749
vn 0.2033 -0.8175 0.5389
vn 0.0316 -0.9043 0.4257
vn -0.5955 -0.5865 0.5490
vn -0.9035 0.1571 0.3987
vn -0.4580 0.8834 0.0994
vn -0.0268 0.8721 -0.4885
vn 0.2064 -0.8908 0.4047
vn 0.5663 -0.8095 -0.1551
vn 0.5512 -0.8287 -0.0976
vn 0.4318 -0.8733 -0.2255
vn 0.6521 -0.2602 0.7121
vn -0.2802 -0.6290 0.7251
vn -0.6277 -0.6632 -0.4076
vn -0.5240 -0.5789 -0.6248
vn -0.2743 -0.3932 -0.8776
vn 0.7406 -0.2136 -0.6371
vn 0.7184 -0.2664 -0.6426
vn 0.2617 0.2302 0.9373
vn -0.6480 -0.2438 0.7216
vn -0.7887 -0.5796 -0.2049
vn -0.4212 0.0650 -0.9046
vn -0.5102 0.1155 -0.8523
vn 0.7336 0.6796 0.0048
vn -0.3863 0.9222 0.0163
vn -0.9575 -0.2838 -0.0515
vn -0.5078 -0.0133 -0.8614
vn -0.7513 -0.1983 -0.6295
vn -0.8169 -0.1384 -0.5600
vn 0.5935 -0.3264 -0.7357
vn 0.4108 0.4078 -0.8155
vn 0.9975 -0.0197 0.0677
vn 0.8850 -0.2857 0.3677
vn 0.6930 0.2350 0.6816
vn 0.6887 0.3699 0.6236
vn 0.9265 0.3758 -0.0189
vn 0.8445 0.0582 0.5324
vn 0.7569 0.1076 0.6447
vn 0.3852 0.5111 -0.7684
vn -0.4410 -0.1708 -0.8811
vn -0.5470 -0.7943 -0.2645
vn -0.4517 -0.4819 0.7508
vn 0.3705 0.5307 0.7623
vn 0.6900 -0.4864 -0.5360
vn 0.0804 -0.7892 0.6089
vn 0.4395 0.0351 0.8976
vn 0.7629 0.5943 0.2545
vn 0.8263 0.3782 0.4174
vn 0.6266 0.6531 0.4252
vn 0.7346 0.6693 0.1112
vn 0.6782 -0.0510 0.7331
vn 0.7545 0.6490 0.0974
vn 0.8988 0.2627 0.3508
vn 0.9063 0.1214 0.4049
vn 0.0813 0.6614 -0.7456
vn -0.0841 -0.0404 0.9956
vn -0.9667 0.1886 -0.1731
vn -0.9600 0.2694 -0.0761
vn -0.6891 0.6236 0.3692
vn -0.9300 0.3669 0.0223
vn -0.5245 0.8505 0.0388
vn -0.8663 0.4990 0.0247
vn -0.4742 0.7915 -0.3856
vn -0.8039 0.5883 -0.0873
vn -0.5409 0.5209 -0.6604
vn 0.1364 0.5529 0.8220
vn 0.4301 0.8793 0.2044
vn 0.4825 0.6982 -0.5288
vn 0.3523 0.1283 -0.9271
vn -0.2043 -0.1173 0.9719
vn -0.1561 0.6502 0.7436
vn 0.3022 0.9367 0.1769
vn 0.4746 0.7022 -0.5307
vn 0.2842 0.0898 -0.9546
vn -0.2024 -0.7914 0.5769
vn -0.4138 -0.7253 0.5502
vn -0.5595 -0.0826 0.8247
vn -0.3237 0.6830 0.6548
vn 0.3281 0.9408 0.0854
vn 0.3715 0.7056 -0.6034
vn -0.3006 -0.8318 0.4667
vn -0.2309 -0.9545 -0.1887
vn -0.2312 -0.9646 -0.1271
vn -0.3871 -0.9016 -0.1933
vn 0.5217 -0.7113 0.4711
vn -0.3170 -0.3472 0.8826
vn -0.9996 -0.0094 -0.0257
vn -0.9608 0.0058 -0.2772
vn -0.7747 -0.0010 -0.6323
vn 0.0897 -0.5866 -0.8049
vn 0.0384 -0.6093 -0.7920
vn 0.6818 -0.1155 0.7223
vn -0.3001 0.1824 0.9363
vn -0.9698 0.1379 0.2011
vn -0.5766 0.4343 -0.6920
vn -0.5802 0.5255 -0.6222
vn 0.9234 -0.0057 -0.3838
vn 0.3679 0.9296 -0.0234
vn -0.8236 0.4501 0.3452
vn -0.6674 0.4315 -0.6069
vn -0.8570 0.4366 -0.2738
vn -0.8328 0.5169 -0.1979
vn -0.1177 -0.5575 -0.8218
vn 0.2200 0.1080 -0.9695
vn 0.6548 -0.6992 -0.2869
vn 0.5220 -0.8494 0.0782
vn 0.8639 -0.3763 0.3347
vn 0.9280 -0.2690 0.2576
vn 0.8374 -0.3544 -0.4161
vn 0.7869 -0.5908 0.1781
vn 0.8065 -0.5080 0.3026
vn 0.2898 0.1949 -0.9370
vn -0.7362 0.2740 -0.6188
vn -0.9793 -0.1752 0.1018
vn -0.3201 -0.1268 0.9389
vn 0.8831 0.0482 0.4666
vn -0.0844 -0.7615 -0.6426
vn -0.2357 -0.6953 0.6790
vn 0.6518 -0.3733 0.6601
vn 0.9820 -0.1153 -0.1493
vn 0.9426 -0.3334 0.0185
vn 0.9990 0.0007 0.0440
vn 0.9582 -0.0257 -0.2848
vn 0.6850 -0.5795 0.4415
vn 0.9523 -0.0524 -0.3006
vn 0.8873 -0.4590 -0.0462
vn 0.8194 -0.5726 0.0275
vn -0.4694 0.5235 -0.7111
vn 0.0046 -0.1317 0.9913
vn -0.7785 -0.6025 -0.1760
vn -0.8325 -0.5489 -0.0751
vn -0.9111 -0.1316 0.3905
vn -0.8839 -0.4667 0.0284
vn -0.9852 0.1548 0.0738
vn -0.9423 -0.3325 0.0380
vn -0.9199 0.1721 -0.3523
vn -0.9725 -0.2225 -0.0686
vn -0.7664 -0.0431 -0.6409
vn -0.3060 0.4290 0.8499
vn -0.3794 0.8900 0.2530
vn -0.2293 0.8424 -0.4876
vn 0.1059 0.3893 -0.9150
vn -0.0164 -0.2719 0.9622
vn -0.5728 0.2739 0.7726
vn -0.5071 0.8315 0.2267
vn -0.2375 0.8392 -0.4893
vn 0.0898 0.3138 -0.9452
vn 0.4840 -0.6928 0.5346
vn 0.2951 -0.8088 0.5086
vn -0.2787 -0.5123 0.8123
vn -0.7095 0.1719 0.6834
vn -0.4960 0.8576 0.1358
vn -0.3095 0.7662 -0.5631
vn 0.4473 -0.7889 0.4213
vn 0.5668 -0.7886 -0.2384
vn 0.5760 -0.7980 -0.1773
vn 0.4246 -0.8724 -0.2423
vn 0.8926 -0.0875 0.4422
vn 0.0816 -0.5032 0.8603
vn -0.6458 -0.7625 -0.0390
vn -0.6392 -0.7127 -0.2890
vn -0.5230 -0.5612 -0.6415
vn 0.4795 -0.2803 -0.8316
vn 0.4636 -0.3344 -0.8205
vn 0.5532 0.4112 0.7245
vn -0.3069 -0.1478 0.9402
vn -0.7313 -0.6535 0.1951
vn -0.7251 -0.1252 -0.6772
vn -0.7945 -0.0714 -0.6031
vn 0.5956 0.7122 -0.3716
vn -0.4647 0.8851 0.0271
vn -0.8682 -0.3455 0.3563
vn -0.7797 -0.1994 -0.5935
vn -0.8977 -0.3536 -0.2629
vn -0.9405 -0.2862 -0.1829
vn 0.3218 -0.4177 -0.8497
vn 0.0337 0.2776 -0.9601
vn 0.9484 0.0529 -0.3125
vn 0.9860 -0.1608 0.0430
vn 0.8582 0.3956 0.3270
vn 0.8166 0.5173 0.2560
vn 0.8027 0.4212 -0.4222
vn 0.9659 0.2042 0.1589
vn 0.9196 0.2677 0.2876
vn 0.0144 0.3858 -0.9225
vn -0.7057 -0.3535 -0.6140
vn -0.5032 -0.8604 0.0804
vn -0.0857 -0.3645 0.9273
vn 0.5531 0.6811 0.4798
vn 0.5030 -0.5330 -0.6804
vn 0.3924 -0.6598 0.6409
vn 0.7270 0.2232 0.6493
vn 0.7237 0.6753 -0.1421
vn 0.8680 0.4964 0.0142
vn 0.6525 0.7556 0.0569
vn 0.6364 0.7214 -0.2733
vn 0.8985 0.1232 0.4213
vn 0.6523 0.7001 -0.2905
vn 0.9251 0.3754 -0.0573
vn 0.9690 0.2470 0.0099
vn 0.1108 0.6648 -0.7388
vn -0.0749 -0.0478 0.9960
vn -0.9561 0.2460 -0.1591
vn -0.9437 0.3250 -0.0613
vn -0.6477 0.6576 0.3848
vn -0.9070 0.4195 0.0378
vn -0.4741 0.8787 0.0550
vn -0.8357 0.5477 0.0410
vn -0.4322 0.8221 -0.3706
vn -0.7696 0.6346 -0.0708
vn -0.5175 0.5592 -0.6477
vn 0.1774 0.5340 0.8267
vn 0.4824 0.8505 0.2095
vn 0.5159 0.6758 -0.5264
vn 0.3485 0.1193 -0.9297
vn -0.1997 -0.1173 0.9728
vn -0.1099 0.6488 0.7530
vn 0.3577 0.9155 0.1842
vn 0.5083 0.6803 -0.5281
vn 0.2780 0.0851 -0.9568
vn -0.2411 -0.7855 0.5700
vn -0.4487 -0.7069 0.5468
vn -0.5540 -0.0605 0.8303
vn -0.2764 0.6923 0.6666
vn 0.3827 0.9192 0.0924
vn 0.4046 0.6905 -0.5996
vn -0.3427 -0.8188 0.4606
vn -0.2877 -0.9372 -0.1970
vn -0.2878 -0.9481 -0.1355
vn -0.4405 -0.8754 -0.1992
vn 0.4852 -0.7458 0.4564
vn -0.3264 -0.3392 0.8823
vn -0.9987 0.0485 -0.0137
vn -0.9620 0.0644 -0.2655
vn -0.7806 0.0514 -0.6229
vn 0.0466 -0.5808 -0.8127
vn -0.0058 -0.6006 -0.7995
vn 0.6822 -0.1635 0.7127
vn -0.2784 0.1878 0.9419
vn -0.9579 0.1909 0.2144
vn -0.5584 0.4753 -0.6799
vn -0.5560 0.5657 -0.6090
vn 0.9171 -0.0540 -0.3949
vn 0.4206 0.9071 -0.0170
vn -0.7923 0.4924 0.3604
vn -0.6483 0.4766 -0.5937
vn -0.8335 0.4885 -0.2582
vn -0.8039 0.5664 -0.1818
vn -0.1588 -0.5396 -0.8268
vn 0.2148 0.1071 -0.9708
vn 0.6101 -0.7321 -0.3030
vn 0.4730 -0.8789 0.0619
vn 0.8445 -0.4294 0.3199
vn 0.9139 -0.3251 0.2431
vn 0.8108 -0.3968 -0.4303
vn 0.7535 -0.6372 0.1616
vn 0.7793 -0.5572 0.2868
vn 0.2900 0.1897 -0.9381
vn -0.7262 0.3236 -0.6065
vn -0.9865 -0.1199 0.1116
vn -0.3162 -0.1198 0.9411
vn 0.8897 -0.0084 0.4564
vn -0.1354 -0.7474 -0.6504
vn -0.2677 -0.6889 0.6736
vn 0.6367 -0.4183 0.6478
vn 0.9720 -0.1698 -0.1625
vn 0.9220 -0.3872 0.0032
vn 0.9978 -0.0573 0.0320
vn 0.9519 -0.0772 -0.2966
vn 0.6554 -0.6234 0.4264
vn 0.9442 -0.1033 -0.3127
vn 0.8587 -0.5086 -0.0623
vn 0.7853 -0.6190 0.0109
vn -0.4648 0.5271 -0.7115
vn -0.0061 -0.1412 0.9900
vn -0.7721 -0.6062 -0.1909
vn -0.8277 -0.5539 -0.0902
vn -0.9147 -0.1416 0.3785
vn -0.8809 -0.4731 0.0135
vn -0.9871 0.1472 0.0637
vn -0.9403 -0.3394 0.0238
vn -0.9169 0.1691 -0.3614
vn -0.9701 -0.2285 -0.0822
vn -0.7586 -0.0422 -0.6502
vn -0.3189 0.4187 0.8503
vn -0.3886 0.8848 0.2570
vn -0.2295 0.8455 -0.4821
vn 0.1138 0.3989 -0.9099
vn -0.0258 -0.2813 0.9593
vn -0.5837 0.2624 0.7684
vn -0.5156 0.8258 0.2286
vn -0.2377 0.8422 -0.4840
vn 0.0986 0.3235 -0.9411
vn 0.4826 -0.6946 0.5335
vn 0.2948 -0.8116 0.5043
vn -0.2845 -0.5221 0.8040
vn -0.7187 0.1604 0.6766
vn -0.5036 0.8528 0.1382
vn -0.3083 0.7695 -0.5594
vn 0.4480 -0.7898 0.4189
vn 0.5751 -0.7823 -0.2393
vn 0.5837 -0.7922 -0.1782
vn 0.4339 -0.8668 -0.2459
vn 0.8880 -0.0855 0.4518
vn 0.0751 -0.5109 0.8563
vn -0.6399 -0.7666 -0.0539
vn -0.6307 -0.7143 -0.3033
vn -0.5114 -0.5586 -0.6530
vn 0.4912 -0.2689 -0.8285
vn 0.4755 -0.3233 -0.8182
vn 0.5417 0.4080 0.7349
vn -0.3168 -0.1590 0.9351
vn -0.7289 -0.6604 0.1803
vn -0.7162 -0.1237 -0.6869
vn -0.7869 -0.0712 -0.6130
vn 0.5948 0.7198 -0.3578
vn -0.4712 0.8815 0.0301
vn -0.8698 -0.3549 0.3427
vn -0.7713 -0.1991 -0.6045
vn -0.8920 -0.3574 -0.2767
vn -0.9363 -0.2910 -0.1967
vn 0.3347 -0.4071 -0.8498
vn 0.0430 0.2871 -0.9569
vn 0.9516 0.0625 -0.3008
vn 0.9866 -0.1543 0.0531
vn 0.8515 0.3984 0.3408
vn 0.8099 0.5205 0.2704
vn 0.8046 0.4309 -0.4087
vn 0.9626 0.2093 0.1723
vn 0.9142 0.2713 0.3009
vn 0.0224 0.3948 -0.9185
vn -0.6960 -0.3525 -0.6256
vn -0.4980 -0.8646 0.0662
vn -0.0939 -0.3740 0.9227
vn 0.5427 0.6802 0.4927
vn 0.5147 -0.5228 -0.6795
vn 0.3895 -0.6632 0.6391
vn 0.7178 0.2220 0.6599
vn 0.7205 0.6817 -0.1271
vn 0.8642 0.5023 0.0291
vn 0.6464 0.7596 0.0718
vn 0.6344 0.7284 -0.2589
vn 0.8927 0.1254 0.4329
vn 0.6506 0.7074 -0.2761
vn 0.9230 0.3824 -0.0428
vn 0.9670 0.2536 0.0236
vn -0.9587 -0.2141 -0.1872
vn 0.8457 -0.4341 0.3104
vn 0.0718 -0.3107 -0.9478
vn 0.1066 -0.4224 -0.9001
vn 0.1986 -0.8649 -0.4609
vn 0.1266 -0.5438 -0.8296
vn -0.2335 -0.8727 -0.4287
vn 0.0415 -0.6437 -0.7641
vn -0.5599 -0.6186 -0.5512
vn -0.1134 -0.6555 -0.7467
vn -0.6222 -0.2773 -0.7321
vn 0.3361 -0.8151 0.4719
vn -0.4175 -0.7487 0.5149
vn -0.9305 -0.2497 0.2680
vn -0.9201 0.3902 -0.0331
vn 0.9036 -0.3853 0.1871
vn 0.3167 -0.9319 0.1766
vn -0.4281 -0.8157 0.3892
vn -0.9315 -0.2541 0.2602
vn -0.9011 0.4198 -0.1082
vn 0.9275 0.3739 0.0040
vn 0.9396 0.2793 -0.1977
vn 0.8805 -0.4319 -0.1954
vn 0.2819 -0.9594 -0.0107
vn -0.5117 -0.7719 0.3773
vn -0.9589 -0.2484 0.1371
vn 0.8907 0.4353 -0.1311
vn 0.4050 0.8531 -0.3290
vn 0.4597 0.8338 -0.3056
vn 0.4239 0.7731 -0.4718
vn 0.5728 0.5221 0.6319
vn 0.9841 -0.1734 0.0384
vn 0.3007 -0.2144 -0.9293
vn 0.0789 -0.1049 -0.9913
vn -0.2615 0.1047 -0.9595
vn -0.3770 0.8893 -0.2588
vn -0.3390 0.8910 -0.3019
vn 0.4220 -0.0667 0.9041
vn 0.7537 -0.6498 0.0987
vn 0.3985 -0.4366 -0.8066
vn -0.5925 -0.1968 -0.7812
vn -0.5815 -0.3077 -0.7531
vn -0.5973 0.3942 0.6984
vn -0.6059 -0.7038 0.3708
vn 0.3098 -0.7362 -0.6017
vn -0.4940 -0.2540 -0.8315
vn -0.1692 -0.4532 -0.8752
vn -0.1567 -0.5509 -0.8197
vn -0.3397 0.8233 -0.4548
vn -0.9020 0.3959 -0.1721
vn -0.0835 0.8849 0.4582
vn 0.3274 0.8184 0.4722
vn 0.1855 0.3753 0.9082
vn 0.0489 0.3327 0.9418
vn -0.4195 0.6890 0.5910
vn 0.1928 0.6127 0.7665
vn 0.2445 0.4898 0.8368
vn -0.9421 0.3227 -0.0912
vn -0.4019 -0.1293 -0.9065
vn 0.4804 -0.1243 -0.8682
vn 0.9186 -0.3893 0.0673
vn 0.0702 -0.0452 0.9965
vn -0.1032 0.9259 -0.3633
vn 0.9713 0.2372 0.0177
vn 0.5121 0.1763 0.8406
vn -0.3723 0.3966 0.8391
vn -0.1148 0.4995 0.8587
vn -0.2813 0.2135 0.9356
vn -0.5188 0.3750 0.7682
vn 0.4307 0.4603 0.7763
vn -0.5162 0.4037 0.7553
vn -0.0856 0.6239 0.7768
vn 0.0525 0.6725 0.7382
vn -0.4217 0.5255 0.7390
vn -0.0605 -0.8902 -0.4515
vn -0.7654 0.4131 -0.4935
vn -0.8259 0.3037 -0.4750
vn -0.9348 -0.2679 -0.2331
vn -0.8840 0.1822 -0.4305
vn -0.9879 -0.0598 0.1432
vn -0.9429 0.1323 -0.3057
vn -0.8948 0.3317 0.2989
vn -0.9660 0.1983 -0.1660
vn -0.7228 0.6651 0.1876
vn -0.3609 -0.9233 0.1312
vn -0.3950 -0.5091 0.7647
vn -0.1966 0.1947 0.9610
vn 0.1657 0.7263 0.6671
vn -0.0795 -0.8152 -0.5737
vn -0.6221 -0.7828 0.0161
vn -0.5206 -0.4571 0.7211
vn -0.2047 0.1979 0.9586
vn 0.1516 0.7808 0.6061
vn 0.4477 -0.3041 -0.8409
vn 0.2609 -0.2297 -0.9376
vn -0.3314 -0.5783 -0.7455
vn -0.7527 -0.6566 -0.0477
vn -0.5037 -0.3809 0.7754
vn -0.2717 0.2960 0.9157
vn 0.4186 -0.1635 -0.8934
vn 0.5810 0.4503 -0.6780
vn 0.5862 0.3953 -0.7072
vn 0.4396 0.4906 -0.7524
vn 0.8617 -0.4427 -0.2481
vn 0.0250 -0.6488 -0.7606
vn -0.6420 0.3288 -0.6926
vn -0.6190 0.5473 -0.5633
vn -0.4799 0.8221 -0.3064
vn 0.5329 0.8462 -0.0006
vn 0.5163 0.8546 -0.0550
vn 0.5046 -0.8524 0.1369
vn -0.3679 -0.8175 -0.4430
vn -0.7427 0.0775 -0.6651
vn -0.6791 0.7239 0.1213
vn -0.7533 0.6406 0.1490
vn 0.6188 0.0777 0.7817
vn -0.4652 -0.2895 0.8365
vn -0.8897 -0.1676 -0.4246
vn -0.7392 0.6731 0.0248
vn -0.8786 0.4200 -0.2274
vn -0.9266 0.3251 -0.1891
vn 0.3767 0.9184 -0.1210
vn 0.0965 0.8102 0.5781
vn 0.9669 0.2182 0.1323
vn 0.9811 -0.0482 -0.1875
vn 0.8350 -0.4918 0.2467
vn 0.7982 -0.4625 0.3859
vn 0.8287 0.2087 0.5193
vn 0.9535 -0.2769 0.1191
vn 0.8988 -0.4162 0.1376
vn 0.0748 0.7402 0.6682
vn -0.6641 0.7387 -0.1156
vn -0.5076 0.2399 -0.8275
vn -0.1463 -0.7474 -0.6481
vn 0.5206 -0.7112 0.4723
vn 0.5465 0.7859 -0.2894
vn 0.3494 -0.4096 -0.8427
vn 0.6830 -0.7302 -0.0195
vn 0.7316 -0.1342 0.6684
vn 0.8653 -0.2312 0.4448
vn 0.6475 -0.3438 0.6801
vn 0.6531 -0.0205 0.7570
vn 0.8691 -0.4929 -0.0423
vn 0.6701 0.0018 0.7423
vn 0.9270 -0.1273 0.3529
vn 0.9663 -0.1508 0.2086
vn 0.7506 -0.1632 0.6403
vn -0.9418 -0.2838 -0.1801
vn -0.2310 0.6618 0.7131
vn -0.3116 0.5747 0.7567
vn -0.5830 0.0087 0.8124
vn -0.3828 0.4604 0.8010
vn -0.2012 -0.1195 0.9722
vn -0.3507 0.3371 0.8737
vn 0.2017 0.0348 0.9788
vn -0.2177 0.2818 0.9344
vn 0.4076 0.3404 0.8474
vn -0.6574 -0.7212 0.2182
vn 0.0446 -0.8946 0.4446
vn 0.7217 -0.5576 0.4102
vn 0.9956 0.0120 0.0927
vn -0.9745 -0.1430 -0.1729
vn -0.7013 -0.5343 0.4718
vn 0.0201 -0.8240 0.5663
vn 0.7204 -0.5534 0.4181
vn 0.9902 0.0940 0.1037
vn -0.6551 0.3887 -0.6479
vn -0.7145 0.5149 -0.4737
vn -0.9855 0.1510 0.0771
vn -0.6880 -0.3979 0.6069
vn 0.1142 -0.8113 0.5733
vn 0.7440 -0.4531 0.4911
vn -0.5980 0.5244 -0.6062
vn 0.0190 0.7864 -0.6174
vn -0.0378 0.7696 -0.6374
vn -0.0380 0.8718 -0.4884
vn -0.2549 -0.1471 -0.9557
vn -0.9537 0.1043 -0.2820
vn -0.3904 0.7450 0.5409
vn -0.1449 0.8011 0.5808
vn 0.2543 0.8004 0.5429
vn 0.7334 0.5691 -0.3719
vn 0.6991 0.6148 -0.3650
vn -0.3814 -0.6990 -0.6050
vn -0.9639 -0.2320 0.1308
vn -0.5753 0.5547 0.6010
vn 0.4165 0.4278 0.8022
vn 0.3569 0.3523 0.8652
vn 0.7300 -0.5292 -0.4324
vn 0.2289 -0.7937 0.5636
vn -0.6272 0.2154 0.7485
vn 0.3014 0.4644 0.8328
vn -0.0794 0.4766 0.8755
vn -0.1335 0.3848 0.9133
vn 0.6647 0.7101 -0.2322
vn 0.9783 0.1360 0.1563
vn 0.4896 0.0293 -0.8715
vn 0.0940 0.0774 -0.9926
vn 0.0305 -0.5389 -0.8418
vn 0.1335 -0.6187 -0.7742
vn 0.7030 -0.2542 -0.6642
vn 0.1281 -0.3015 -0.9448
vn 0.0281 -0.4093 -0.9120
vn 0.9828 0.0231 0.1831
vn 0.2742 0.6094 0.7439
vn -0.5077 0.7782 0.3696
vn -0.9930 -0.0407 -0.1113
vn -0.0561 -0.8454 -0.5312
vn 0.5035 0.7366 -0.4516
vn -0.7559 0.3201 -0.5711
vn -0.3527 -0.5060 -0.7871
vn 0.5347 -0.5958 -0.5992
vn 0.3529 -0.5039 -0.7884
vn 0.3730 -0.7464 -0.5512
vn 0.6533 -0.5798 -0.4869
vn -0.1526 -0.3310 -0.9312
vn 0.6637 -0.5543 -0.5023
vn 0.3813 -0.3674 -0.8483
vn 0.2795 -0.2800 -0.9184
vn 0.8336 0.5523 -0.0121
vn 0.4272 0.8994 -0.0925
vn 0.7680 -0.1293 -0.6273
vn 0.7010 0.6631 -0.2625
vn -0.6958 0.7058 -0.1331
vn -0.7253 0.4532 -0.5181
vn -0.5384 -0.0051 -0.8426
vn -0.4417 0.8867 -0.1364
vn 0.7793 -0.4029 0.4799
vn 0.6689 0.1073 -0.7355
vn -0.8695 0.0452 -0.4918
vn -0.7708 -0.6038 0.2032
vn -0.6296 -0.1875 0.7539
vn 0.5624 -0.0015 0.8268
vn 0.8865 0.2178 0.4082
vn 0.7844 -0.3527 -0.5102
vn -0.6017 -0.3939 -0.6949
vn -0.6763 0.3554 0.6452
vn 0.6896 0.6914 0.2154
vn 0.6810 -0.7060 -0.1942
vn -0.7145 -0.6938 -0.0906
vn -0.8864 0.4589 0.0613
vn -0.7694 -0.0550 -0.6364
vn 0.7585 -0.1621 -0.6312
vn 0.6221 -0.7500 0.2249
vn -0.8788 -0.4737 0.0584
vn 0.3992 -0.9007 0.1714
vn -0.6908 -0.7188 0.0782
vn 0.4346 -0.8813 0.1855
vn 0.7063 0.1799 -0.6847
vn 0.4707 -0.6920 -0.5473
vn 0.8900 -0.4378 0.1273
vn 0.7141 0.2314 -0.6607
vn 0.6953 0.7178 -0.0373
vn -0.6625 -0.1746 -0.7284
vn -0.6731 -0.1420 -0.7258
vn -0.3796 -0.6995 -0.6055
vn -0.6527 0.6163 -0.4405
vn -0.4263 0.8919 -0.1509
vn -0.6990 0.6987 -0.1521
vn -0.8913 -0.4535 0.0055
vn -0.4030 -0.9078 0.1165
vn -0.8337 0.5376 -0.1261
vn -0.6702 0.6511 -0.3563
vn -0.8302 -0.4171 0.3698
vn 0.7464 -0.5905 0.3070
vn 0.6950 0.7180 -0.0380
vn 0.7811 0.4664 -0.4151
vn -0.5644 0.0964 -0.8199
vn -0.6697 -0.0123 0.7426
vn 0.5243 -0.1773 0.8329
vn 0.9275 0.0610 -0.3689
vn 0.6975 -0.3824 -0.6060
vn -0.7014 -0.3657 -0.6118
vn -0.9375 0.2018 0.2834
vn 0.5759 0.3665 0.7308
vn 0.8616 0.4743 0.1809
vn 0.7322 -0.6811 0.0084
vn -0.6358 -0.7177 -0.2842
vn -0.7245 0.6790 0.1187
vn 0.8708 -0.4583 0.1781
vn -0.6336 -0.7610 0.1390
vn -0.4200 0.1355 0.8973
vn -0.3396 0.9293 0.1454
vn -0.1761 0.2788 0.9441
vn -0.1667 0.8973 -0.4088
vn -0.3446 0.9340 -0.0942
vn 0.6327 0.2425 0.7354
vn -0.2371 0.9702 -0.0491
vn 0.9962 0.0867 -0.0055
vn -0.3012 0.9530 -0.0319
vn 0.5978 -0.0401 -0.8007
vn 0.4141 -0.1104 -0.9035
vn -0.0697 -0.0511 -0.9963
vn -0.6697 -0.2677 -0.6927
vn -0.9755 -0.2127 -0.0564
vn -0.7862 -0.2433 0.5681
vn -0.3622 0.1314 0.9228
vn -0.1425 0.7979 -0.5857
vn 0.3159 -0.1850 -0.9306
vn 0.3428 -0.9394 0.0077
vn 0.2688 -0.9604 0.0732
vn -0.0287 -0.9899 0.1391
vn 0.3334 -0.9021 0.2739
vn 0.0247 -0.8400 0.5421
vn 0.3798 -0.9159 -0.1303
vn 0.2619 -0.2558 -0.9306
vn 0.2881 -0.8476 0.4456
vn -0.1638 0.1294 0.9780
vn -0.3897 0.8933 -0.2239
vn 0.3429 -0.9326 0.1129
vn 0.4804 -0.0372 0.8763
vn -0.3042 0.9455 0.1163
vn -0.3811 -0.1501 -0.9123
vn 0.1018 -0.9597 0.2621
vn 0.8667 0.3446 0.3606
vn -0.0607 0.9714 -0.2294
vn -0.8906 0.1408 -0.4325
vn -0.9699 -0.2429 -0.0172
vn -0.1480 -0.8265 0.5432
vn 0.9906 0.0426 0.1303
vn -0.2285 0.8073 -0.5442
vn -0.9773 0.0997 0.1871
vn 0.3299 -0.7652 0.5528
vn 0.8773 0.0937 -0.4708
vn 0.0966 0.8252 -0.5565
vn -0.2776 0.7587 -0.5893
vn -0.1994 0.2525 0.9468
vn -0.2123 0.9702 0.1166
vn 0.2649 0.2850 0.9212
vn 0.2273 -0.9569 0.1809
vn 0.4694 -0.5159 -0.7166
vn 0.4056 -0.6482 0.6444
vn -0.1873 -0.3984 -0.8979
vn -0.3544 0.3635 0.8616
vn 0.2109 0.9745 0.0768
vn 0.0823 0.2968 0.9514
vn 0.3405 0.7486 -0.5689
vn 0.9181 0.0694 0.3902
vn 0.1365 0.8431 -0.5202
vn 0.9414 0.1345 -0.3094
vn 0.0735 0.9652 -0.2510
vn 0.2818 0.9478 0.1491
vn 0.3450 -0.2706 -0.8987
vn 0.2881 -0.4495 -0.8455
vn -0.3659 -0.5420 -0.7565
vn -0.9097 -0.0503 -0.4122
vn -0.9157 0.3317 0.2268
vn -0.5627 -0.0395 0.8257
vn 0.1010 0.2518 0.9625
vn 0.3522 0.8570 -0.3762
vn 0.0028 -0.0120 -0.9999
vn -0.2430 -0.9509 0.1916
vn -0.2330 -0.8260 0.5132
vn -0.1367 -0.9540 0.2667
vn -0.2974 -0.9050 0.3043
vn -0.4779 -0.6114 0.6307
vn -0.3938 -0.9192 0.0011
vn -0.1753 -0.3480 -0.9210
vn -0.3317 -0.9429 -0.0312
vn 0.1539 0.0446 0.9871
vn 0.2820 0.8828 -0.3756
vn -0.5852 -0.1321 -0.8000
vn -0.1450 -0.9174 0.3707
vn 0.7077 -0.2251 0.6697
vn 0.2844 0.9587 0.0076
vn -0.9736 0.1969 -0.1152
vn 0.2255 0.9741 -0.0178
vn -0.7332 0.2236 0.6422
vn -0.1985 -0.9793 0.0394
vn 0.9776 -0.1955 0.0783
vn 0.8539 -0.0745 -0.5151
vn 0.3357 0.9404 -0.0534
vn 0.0203 0.2803 0.9597
vn -0.1884 -0.9769 -0.1012
vn 0.1963 -0.2102 -0.9577
vn 0.1997 0.8903 -0.4093
vn 0.2738 0.9434 0.1870
vn 0.2581 0.1504 0.9543
vn -0.4064 -0.9062 0.1166
vn -0.2556 -0.1396 -0.9566
vn -0.0850 -0.8447 0.5285
vn 0.6958 0.6282 -0.3483
vn 0.7009 0.7110 -0.0564
vn -0.0068 -0.9808 0.1947
vn -0.6065 -0.4940 0.6230
vn -0.6066 -0.4940 0.6230
vn -0.5473 0.6776 0.4913
vn 0.0051 0.9808 -0.1950
vn -0.0619 0.5470 0.8349
vn 0.4053 0.4893 0.7722
vn -0.0255 0.9684 0.2482
vn 0.4643 0.8497 0.2500
vn 0.7301 0.6480 -0.2170
vn 0.0302 0.8350 -0.5495
vn 0.5085 0.4516 -0.7332
vn 0.0545 0.5044 -0.8618
vn 0.0684 -0.0246 -0.9974
vn -0.0684 0.0246 0.9974
vn 0.8694 0.0185 0.4938
vn 0.4117 -0.4435 0.7961
vn 0.9287 -0.0028 -0.3708
vn -0.0545 -0.5044 0.8618
vn -0.0243 -0.8832 0.4683
vn 0.8268 -0.4693 0.3102
vn 0.6197 -0.3780 -0.6878
vn 0.2929 -0.9303 -0.2207
vn 0.0588 -0.6236 -0.7795
vn 0.0255 -0.9684 -0.2482
vn -0.0026 -0.9808 0.1950
vn 0.0611 -0.5740 -0.8166
vn 0.0043 0.9808 -0.1951
vn 0.5537 0.4308 -0.7126
vn -0.0619 0.5469 0.8349
vn -0.6623 0.4259 0.6164
vn -0.5089 0.8411 0.1834
vn -0.5518 0.7552 -0.3540
vn -0.6812 0.3433 -0.6466
vn -0.7664 0.0108 0.6423
vn 0.0303 0.8349 -0.5495
vn -0.6715 -0.0235 -0.7406
vn -0.7567 -0.3560 0.5483
vn -0.7359 -0.6186 0.2755
vn -0.2439 -0.9350 -0.2574
vn -0.6727 -0.3296 -0.6624
vn 0.6816 0.7239 -0.1072
vn 0.0182 0.7559 0.6544
vn 0.0150 0.9787 -0.2046
vn -0.0605 0.5829 0.8103
vn -0.1152 0.7954 0.5950
vn -0.3209 0.9217 -0.2181
vn -0.4339 0.5926 0.6787
vn -0.9359 0.3445 -0.0737
vn 0.2338 0.5316 0.8141
vn -0.1024 0.0100 0.9947
vn -0.0601 -0.3703 0.9270
vn -0.0342 0.0107 0.9994
vn 0.1269 -0.1279 0.9836
vn -0.5409 0.2649 0.7983
vn 0.4772 0.2515 0.8420
vn -0.2573 -0.1313 0.9574
vn -0.1825 -0.9644 0.1912
vn -0.0055 -0.9785 0.2061
vn 0.1716 -0.9613 0.2154
vn 0.9507 -0.2858 0.1206
vn 0.6030 -0.3983 0.6912
vn 0.0121 -0.2562 0.9665
vn -0.5161 0.0446 0.8554
vn -0.7701 -0.6329 0.0795
vn 0.8171 -0.5514 0.1682
vn 0.6128 -0.2987 0.7316
vn -0.0361 -0.2553 0.9662
vn -0.6651 -0.3147 0.6772
vn -0.9876 -0.1521 -0.0380
vn -0.2763 -0.2971 -0.9140
vn -0.1314 -0.5047 -0.8532
vn 0.8783 0.4770 -0.0334
vn 0.4569 0.6961 0.5537
vn -0.1620 0.7212 0.6735
vn -0.6629 -0.3127 0.6803
vn -0.8493 -0.5180 0.1017
vn -0.5874 -0.6184 -0.5221
vn 0.1142 -0.6878 -0.7169
vn 0.6237 -0.5724 -0.5322
vn 0.6138 -0.0602 -0.7872
vn -0.6833 0.6525 0.3277
vn -0.8975 -0.4381 0.0513
vn -0.6329 -0.4242 -0.6477
vn 0.0873 -0.6103 -0.7873
vn 0.6962 -0.5427 -0.4699
vn -0.8020 0.5323 -0.2712
vn -0.4574 0.6039 -0.6528
vn -0.0507 0.4026 -0.9140
vn 0.5467 0.4421 -0.7111
vn 0.3554 0.1767 -0.9179
vn 0.0335 -0.3833 -0.9230
vn 0.0543 -0.7101 -0.7020
vn 0.1261 0.4377 -0.8902
vn 0.0647 0.2177 -0.9739
vn 0.0992 -0.3828 -0.9185
vn 0.2551 -0.5013 -0.8268
vn 0.7632 -0.6194 0.1843
vn -0.0119 0.4916 -0.8708
vn -0.3141 0.2738 -0.9091
vn -0.5469 -0.0584 -0.8351
vn 0.4033 -0.2911 -0.8675
vn 0.9861 -0.1347 0.0970
vn 0.3939 0.0526 0.9176
vn -0.9257 -0.3691 -0.0826
vn -0.5353 -0.5826 -0.6115
vn -0.0035 -0.6889 -0.7249
vn 0.6637 -0.6074 -0.4365
vn 0.8365 -0.5031 0.2170
vn 0.5721 -0.3038 0.7619
vn -0.1391 -0.2576 0.9562
vn -0.8226 -0.5658 0.0560
vn -0.6161 -0.5542 -0.5597
vn 0.0314 -0.6108 -0.7912
vn 0.7225 -0.4123 -0.5550
vn 0.8896 -0.4224 0.1735
vn 0.5695 -0.3018 0.7646
vn -0.0914 -0.2558 0.9624
vn -0.8738 0.4616 -0.1533
vn -0.4524 0.4333 -0.7795
vn 0.1676 0.4045 -0.8990
vn 0.5314 0.6125 -0.5851
vn 0.8220 0.5466 -0.1601
vn 0.6207 0.6640 0.4169
vn 0.0562 0.7231 0.6884
vn -0.5402 0.6874 0.4855
vn -0.7014 -0.3103 0.6417
vn -0.7565 -0.3296 0.5649
vn 0.0052 0.9808 -0.1950
vn 0.3152 0.7853 0.5329
vn 0.3432 0.6816 -0.6462
vn -0.2932 0.7538 -0.5881
vn -0.3297 0.5939 0.7339
vn 0.4477 -0.0099 0.8941
vn 0.7766 0.3092 0.5489
vn 0.8044 0.3073 -0.5084
vn -0.7556 0.3636 0.5448
vn -0.5688 -0.0305 0.8219
vn 0.7822 -0.3114 0.5396
vn 0.7423 0.0263 -0.6695
vn -0.6790 0.1922 -0.7085
vn -0.6446 0.0141 -0.7644
vn -0.9283 -0.2357 0.2876
vn -0.4724 -0.6853 0.5543
vn 0.1831 -0.7727 0.6078
vn 0.4933 -0.7098 -0.5028
vn 0.6399 -0.2050 -0.7406
vn -0.6220 -0.3359 -0.7073
vn -0.1492 -0.7127 -0.6854
vn -0.0418 0.2152 -0.9757
vn 0.1668 0.4557 -0.8744
vn -0.4485 0.4942 -0.7447
vn -0.2386 0.1608 -0.9577
vn 0.3639 0.1661 -0.9165
vn 0.7057 0.4344 -0.5598
vn 0.5576 0.0313 -0.8295
vn -0.6468 0.0168 -0.7625
vn -0.6008 0.0407 -0.7984
vn 0.7032 0.0500 -0.7092
vn 0.5373 -0.1148 -0.8356
vn 0.5815 -0.4935 -0.6467
vn -0.3001 -0.5333 -0.7909
vn -0.4164 -0.1232 -0.9008
vn 0.1755 -0.4388 -0.8813
vn -0.0384 -0.2010 -0.9788
vn 0.2930 0.7586 -0.5820
vn 0.3063 0.4902 -0.8160
vn 0.3251 0.6895 -0.6472
vn 0.6901 -0.4864 -0.5360
vn 0.3853 0.5110 -0.7684
vn 0.4661 0.4165 -0.7806
vn -0.0840 -0.0404 0.9956
vn 0.2069 0.2388 -0.9488
vn 0.4159 0.3518 -0.8386
vn -0.0845 -0.7615 -0.6426
vn 0.2899 0.1950 -0.9370
vn -0.4694 0.5235 -0.7110
vn -0.0339 0.6571 -0.7531
vn -0.0733 0.3521 -0.9331
vn -0.4647 0.8850 0.0271
vn -0.0194 0.5794 -0.8148
vn 0.5031 -0.5330 -0.6803
vn -0.7058 -0.3535 -0.6139
vn 0.0144 0.3859 -0.9224
vn 0.4804 0.3986 -0.7812
vn 0.2095 0.2383 -0.9483
vn 0.4259 0.3377 -0.8394
vn -0.1355 -0.7474 -0.6504
vn 0.2900 0.1896 -0.9381
vn -0.0297 0.6641 -0.7471
vn -0.0649 0.3605 -0.9305
vn -0.0140 0.5871 -0.8094
vn 0.0224 0.3949 -0.9185
vn -0.9587 -0.2142 -0.1872
vn -0.9846 0.1026 0.1418
vn 0.8457 -0.4341 0.3105
vn -0.9475 0.2708 -0.1702
vn -0.9825 0.1727 0.0700
vn -0.9421 0.3227 -0.0913
vn 0.0157 0.4940 0.8693
vn -0.0119 0.7668 0.6418
vn -0.4653 -0.2895 0.8365
vn -0.7391 0.6731 0.0248
vn 0.0342 0.5769 0.8161
vn 0.5464 0.7859 -0.2894
vn 0.0749 0.7402 0.6682
vn 0.9268 -0.2907 0.2378
vn 0.9619 0.0628 0.2662
vn 0.3569 0.3523 0.8651
vn 0.9549 -0.1955 0.2236
vn 0.5035 0.7367 -0.4515
vn 0.9828 0.0230 0.1831
vn 0.6367 0.0337 0.7704
vn 0.7511 0.2836 0.5962
vn 0.8662 -0.2301 0.4436
vn 0.8613 -0.4326 0.2665
vn 0.3911 -0.7746 0.4970
vn 0.1905 -0.8852 0.4245
vn -0.0216 -0.8744 0.4847
vn -0.1323 -0.8967 0.4225
vn -0.2970 -0.8484 0.4382
vn -0.4403 -0.0571 0.8960
vn -0.7077 -0.4528 0.5424
vn -0.7248 -0.1986 0.6597
vn -0.4990 -0.7637 0.4097
vn 0.9384 0.1976 0.2836
vn 0.9918 -0.0538 0.1159
vn -0.2584 -0.8171 0.5153
vn -0.8823 0.4583 -0.1077
vn -0.4514 -0.4776 -0.7538
vn -0.8822 0.4583 -0.1077
vn -0.9746 -0.2217 0.0311
vn -0.5869 0.0203 -0.8094
vn -0.8696 -0.0649 -0.4895
vn -0.5871 0.0203 -0.8093
vn -0.8696 -0.0649 -0.4894
vn -0.6378 -0.0006 -0.7702
vn -0.7736 -0.0930 -0.6268
vn -0.8603 0.1513 -0.4869
vn -0.8602 0.1513 -0.4869
vn 0.6366 0.0337 0.7704
vn -0.0283 0.6666 0.7449
vn 0.0630 0.3878 0.9196
vn -0.1749 0.7094 0.6828
vn -0.7734 -0.6281 0.0856
vn -0.9882 -0.0874 0.1256
vn -0.7076 -0.4528 0.5424
vn 0.9141 0.3186 -0.2507
vn 0.9429 0.2050 -0.2626
vn 0.8626 0.3680 -0.3470
vn 0.8116 0.5228 -0.2606
vn 0.7799 0.5394 -0.3175
vn 0.6999 0.2821 -0.6562
vn 0.5268 0.5813 -0.6201
vn 0.3669 0.3920 -0.8436
vn 0.2566 0.7724 -0.5810
vn -0.0138 0.2870 -0.9578
vn 0.1100 0.5766 -0.8096
vn 0.9328 0.1856 0.3088
vn 0.7523 0.1866 0.6319
vn -0.9623 0.2189 -0.1616
vn -0.9024 -0.2094 -0.3766
vn -0.8606 0.1195 -0.4950
vn 0.1921 0.7144 -0.6728
vn -0.0475 0.8722 -0.4869
vn -0.6558 0.2532 -0.7112
vn -0.9858 0.0934 -0.1394
vn 0.3833 0.7220 -0.5760
vn 0.4124 0.8728 -0.2612
vn 0.9968 0.0653 -0.0456
vn 0.9089 0.3813 -0.1686
vn 0.9461 0.3204 0.0473
vn 0.9090 0.3813 -0.1686
vn 0.8110 0.2773 -0.5152
vn -0.9660 -0.1195 0.2293
vn -0.4398 0.1470 -0.8860
vn -0.4487 0.3049 -0.8401
vn -0.1284 0.2682 -0.9548
vn -0.3541 0.5222 -0.7758
vn -0.3203 0.3595 -0.8765
vn -0.3174 0.5381 -0.7808
vn -0.4598 0.3277 -0.8254
vn -0.7077 -0.4528 0.5423
vn -0.7660 -0.0035 0.6428
vn -0.7827 -0.4489 -0.4311
vn -0.9190 0.1485 0.3651
vn -0.7248 -0.1987 0.6597
vn -0.4404 -0.0571 0.8960
vn -0.7299 -0.2006 0.6535
vn -0.9191 0.1485 0.3651
vn -0.2506 -0.7968 0.5499
vn -0.3773 0.0755 0.9230
vn 0.9417 0.1828 -0.2825
vn 0.9384 0.1975 0.2836
vn 0.6475 0.6472 -0.4024
vn 0.4124 0.8727 -0.2612
vn 0.9525 -0.0059 0.3046
vn 0.9525 -0.0059 0.3045
vn 0.6923 -0.1732 0.7005
vn 0.9783 0.1383 -0.1542
vn -0.0986 0.6523 -0.7516
vn -0.3174 0.5381 -0.7809
vn -0.0986 0.6522 -0.7516
vn -0.3174 0.5380 -0.7809
vn 0.9265 -0.3250 0.1896
vn 0.8624 -0.5061 0.0122
vn 0.4080 -0.7338 0.5432
vn 0.3740 -0.6503 0.6613
vn -0.1106 0.4295 -0.8963
vn 0.2202 0.2959 -0.9295
vn -0.0986 0.6523 -0.7515
vn 0.9165 -0.3267 -0.2309
vn 0.8973 -0.2629 -0.3546
vn 0.7039 -0.5953 0.3874
vn -0.8123 -0.2080 -0.5449
vn -0.7305 -0.3120 -0.6075
vn -0.7472 -0.1352 -0.6507
vn -0.2978 0.2359 -0.9250
vn -0.4308 -0.0318 -0.9019
vn -0.7614 -0.0737 -0.6441
vn -0.7612 0.0194 -0.6483
vn 0.9776 -0.0890 0.1907
vn 0.9791 0.0057 -0.2035
vn 0.9112 0.2800 -0.3023
vn 0.9488 -0.2751 0.1553
vn 0.9859 -0.0326 -0.1640
vn 0.8431 0.0992 -0.5286
vn 0.8430 0.0992 -0.5286
vn 0.7051 0.3533 -0.6149
vn -0.9316 -0.1509 -0.3307
vn -0.5633 0.0914 -0.8212
vn -0.8977 -0.4406 0.0018
vn -0.7733 -0.6282 0.0855
vn 0.3418 0.6154 -0.7103
vn 0.3418 0.6154 -0.7102
vn 0.0972 0.3475 -0.9326
vn 0.3933 0.4857 -0.7807
vn 0.4108 0.3359 -0.8476
vn -0.0872 0.1283 -0.9879
vn -0.4846 0.1195 -0.8666
vn -0.4846 0.1195 -0.8665
vn 0.4590 0.2716 -0.8459
vn 0.7667 0.4645 -0.4432
vn 0.5944 0.3106 -0.7418
vn 0.3412 0.6154 -0.7106
vn 0.9404 -0.3044 -0.1519
vn 0.9029 -0.3932 -0.1734
vn 0.3634 0.3672 -0.8562
vn 0.3681 0.7002 -0.6117
vn 0.1140 0.8924 -0.4365
vn 0.2815 0.6759 -0.6811
vn 0.4291 0.8363 -0.3414
vn 0.4201 0.9072 0.0211
vn -0.1817 0.4624 -0.8679
vn 0.5688 0.4274 -0.7027
vn 0.9529 0.2850 -0.1034
vn 0.9485 0.2180 -0.2300
vn 0.7027 0.4093 -0.5820
vn 0.4770 0.4250 -0.7693
vn 0.3869 0.3978 -0.8319
vn 0.4568 0.5820 -0.6728
vn 0.9559 -0.2882 0.0561
vn 0.9466 -0.3221 0.0163
vn 0.9142 -0.2036 -0.3504
vn 0.6734 -0.1262 -0.7284
vn 0.5087 0.0331 -0.8603
vn 0.9556 0.0924 -0.2800
vn 0.8867 -0.4437 0.1297
vn 0.9196 -0.3834 0.0856
vn 0.8749 -0.4785 -0.0747
vn 0.8067 -0.2402 -0.5399
vn 0.6654 -0.0823 -0.7419
vn 0.4544 0.2351 -0.8592
vn 0.8400 -0.4808 0.2515
vn 0.5918 0.2462 -0.7675
vn 0.9404 -0.3043 -0.1519
vn 0.4488 0.3250 -0.8324
vn -0.3864 -0.1457 0.9107
vn -0.6813 -0.2587 0.6848
vn -0.4706 -0.3444 0.8124
vn -0.6043 0.4610 -0.6498
vn -0.3566 -0.7097 0.6076
vn -0.3727 -0.6437 0.6684
vn -0.4780 -0.6857 0.5490
vn -0.8216 0.1302 -0.5551
vn -0.9204 -0.3768 0.1048
vn -0.7358 -0.5751 0.3577
vn -0.2190 0.1051 0.9700
vn -0.4107 -0.0671 0.9093
vn -0.2190 0.1051 0.9701
vn -0.7003 -0.2474 0.6697
vn -0.9116 -0.3028 0.2780
vn -0.7692 -0.3278 0.5485
vn -0.5692 -0.2333 0.7884
vn -0.7002 -0.2474 0.6697
vn -0.7693 -0.3278 0.5484
vn -0.2857 -0.2330 0.9296
vn -0.2955 -0.5239 0.7989
vn -0.4113 -0.4719 0.7798
vn -0.9531 -0.2003 -0.2267
vn -0.9095 -0.4048 0.0945
vn -0.6520 -0.4374 0.6193
vn -0.9203 -0.3768 0.1048
vn 0.1439 0.5969 -0.7893
vn 0.2459 0.7697 -0.5892
vn -0.8542 -0.2375 -0.4625
vn -0.3484 -0.9231 0.1630
vn 0.4920 -0.6067 -0.6244
vn -0.0596 -0.4359 0.8980
vn 0.6411 -0.6902 0.3356
vn -0.3578 0.2134 0.9091
vn 0.5213 0.7817 0.3424
vn -0.4214 -0.3701 0.8279
vn -0.3484 -0.9230 0.1631
vn -0.3483 -0.9231 0.1631
vn 0.2595 -0.9624 0.0804
vn 0.8460 -0.1085 0.5220
vn 0.0761 0.1669 0.9830
vn 0.0536 0.5785 0.8139
vn -0.2843 -0.9585 -0.0197
vn -0.7651 0.1781 0.6188
vn -0.8992 -0.2466 -0.3615
vn -0.2842 -0.9585 -0.0197
vn 0.2594 -0.9624 0.0805
vn 0.6172 0.7517 -0.2323
vn -0.0794 -0.7401 0.6678
vn 0.5183 0.6521 -0.5533
vn 0.1294 0.7525 -0.6457
vn -0.2968 0.8561 -0.4231
vn 0.5291 0.3840 -0.7567
vn 0.3506 0.4816 -0.8032
vn -0.1221 0.5322 -0.8378
vn -0.6399 0.4698 -0.6081
vn -0.6663 0.6201 -0.4142
vn 0.4675 0.3168 -0.8253
vn 0.4727 0.2099 -0.8559
vn 0.3609 0.1344 -0.9229
vn 0.1088 0.1170 -0.9872
vn -0.4725 0.0230 -0.8810
vn 0.4521 0.2844 -0.8454
vn 0.2863 0.2612 -0.9219
vn 0.1813 0.0753 -0.9805
vn -0.1381 -0.0153 -0.9903
vn 0.2863 0.2612 -0.9218
vn -0.6700 -0.1652 -0.7237
vn -0.8301 0.0419 -0.5561
vn 0.1013 -0.5853 0.8045
vn 0.1147 -0.2393 0.9642
vn -0.2573 -0.2361 0.9370
vn -0.3421 -0.3974 0.8515
vn -0.5943 -0.4922 0.6361
vn 0.1156 0.9495 -0.2918
vn 0.2076 0.9575 -0.2002
vn 0.6493 0.7399 0.1760
vn -0.7107 -0.7032 0.0216
vn -0.8728 -0.0762 -0.4822
vn -0.7612 0.0194 -0.6482
vn -0.8534 0.1720 -0.4920
vn -0.8503 0.0539 -0.5236
vn -0.8703 0.2237 -0.4388
vn -0.8425 0.3349 -0.4219
vn -0.8559 0.2062 0.4743
vn -0.2954 -0.3198 0.9002
vn -0.4399 0.0428 -0.8970
vn -0.2954 -0.3198 0.9003
vn -0.3702 -0.1404 0.9183
vn 0.4919 -0.6068 -0.6244
vn -0.2278 -0.8865 0.4028
vn -0.8356 -0.5443 0.0743
vn -0.8356 -0.5442 0.0743
vn -0.4399 0.0429 -0.8970
vn -0.8727 -0.0762 -0.4822
vn -0.6043 0.4611 -0.6498
vt 0.258240 0.376277
vt 0.283685 0.392676
vt 0.255148 0.406289
vt 0.284759 0.423361
vt 0.259177 0.423361
vt 0.228305 0.423361
vt 0.230426 0.405242
vt 0.083075 0.650099
vt 0.088266 0.658581
vt 0.086787 0.645580
vt 0.276382 0.958212
vt 0.289909 0.952613
vt 0.285508 0.962507
vt 0.278732 0.971425
vt 0.272373 0.963131
vt 0.269802 0.957459
vt 0.272100 0.948866
vt 0.076939 0.625491
vt 0.076348 0.615711
vt 0.062537 0.616658
vt 0.066823 0.609310
vt 0.078122 0.679712
vt 0.078822 0.672438
vt 0.070136 0.673140
vt 0.066659 0.681202
vt 0.057597 0.681202
vt 0.056673 0.672596
vt 0.044992 0.681202
vt 0.261067 0.977771
vt 0.251726 0.974778
vt 0.260071 0.968098
vt 0.253917 0.965049
vt 0.275063 0.929947
vt 0.267640 0.922863
vt 0.283846 0.921406
vt 0.266203 0.912282
vt 0.259351 0.960756
vt 0.083481 0.703153
vt 0.116735 0.714631
vt 0.104739 0.732280
vt 0.134764 0.735426
vt 0.131366 0.749244
vt 0.129752 0.752204
vt 0.110870 0.747445
vt 0.096035 0.741478
vt 0.108466 0.756106
vt 0.091087 0.748559
vt 0.080211 0.651897
vt 0.082991 0.658832
vt 0.077612 0.647156
vt 0.077974 0.641672
vt 0.069867 0.648901
vt 0.066866 0.644342
vt 0.083397 0.671245
vt 0.078126 0.659241
vt 0.070299 0.659391
vt 0.062859 0.658534
vt 0.056287 0.654703
vt 0.048189 0.670677
vt 0.066557 0.625401
vt 0.059534 0.621706
vt 0.077580 0.650880
vt 0.073545 0.651924
vt 0.077123 0.635132
vt 0.030314 0.668602
vt 0.036323 0.665697
vt 0.029975 0.675699
vt 0.024996 0.674195
vt 0.290779 0.936316
vt 0.280048 0.944512
vt 0.272784 0.938675
vt 0.023152 0.670115
vt 0.026102 0.668666
vt 0.017313 0.673604
vt 0.017016 0.679406
vt 0.006948 0.674961
vt 0.019181 0.686404
vt 0.006948 0.680189
vt 0.006948 0.688930
vt 0.105069 0.771373
vt 0.082573 0.755091
vt 0.096094 0.776611
vt 0.238525 0.965354
vt 0.045460 0.706659
vt 0.056699 0.693288
vt 0.074300 0.720419
vt 0.069958 0.733046
vt 0.064499 0.742226
vt 0.062711 0.748014
vt 0.068094 0.760695
vt 0.035923 0.698876
vt 0.017919 0.708645
vt 0.016298 0.721899
vt 0.042544 0.722018
vt 0.044015 0.732810
vt 0.040174 0.739864
vt 0.038243 0.745029
vt 0.009107 0.715154
vt 0.008565 0.727615
vt 0.016102 0.729850
vt 0.022271 0.735270
vt 0.028422 0.738487
vt 0.028772 0.746293
vt 0.034657 0.754617
vt 0.011709 0.733090
vt 0.014067 0.735897
vt 0.018804 0.745361
vt 0.008045 0.732566
vt 0.008045 0.735848
vt 0.008045 0.743426
vt 0.008105 0.756531
vt 0.017356 0.756023
vt 0.008103 0.770587
vt 0.022892 0.769344
vt 0.018189 0.771855
vt 0.161081 0.728357
vt 0.163230 0.776306
vt 0.143926 0.737341
vt 0.135971 0.752521
vt 0.143098 0.782504
vt 0.127445 0.755447
vt 0.126503 0.786528
vt 0.146467 0.823057
vt 0.133678 0.825951
vt 0.124273 0.813137
vt 0.112949 0.812378
vt 0.180173 0.753957
vt 0.193938 0.791824
vt 0.158674 0.823578
vt 0.143673 0.842989
vt 0.134777 0.843675
vt 0.126424 0.831762
vt 0.121730 0.833747
vt 0.193326 0.823610
vt 0.170991 0.836525
vt 0.149909 0.846724
vt 0.137496 0.856927
vt 0.132449 0.856883
vt 0.127947 0.856808
vt 0.125942 0.841967
vt 0.191218 0.852993
vt 0.171625 0.856824
vt 0.156198 0.861338
vt 0.140090 0.859956
vt 0.131809 0.867053
vt 0.178673 0.868504
vt 0.188784 0.867225
vt 0.184615 0.877532
vt 0.143463 0.863329
vt 0.163833 0.871516
vt 0.155712 0.877236
vt 0.048848 0.761033
vt 0.031622 0.764963
vt 0.058869 0.772273
vt 0.051479 0.776653
vt 0.041248 0.769895
vt 0.080782 0.782537
vt 0.066444 0.785880
vt 0.055664 0.787529
vt 0.042606 0.785330
vt 0.035993 0.776470
vt 0.100483 0.805519
vt 0.085559 0.811774
vt 0.070380 0.802261
vt 0.065191 0.802961
vt 0.055671 0.794843
vt 0.050281 0.792681
vt 0.106997 0.826500
vt 0.095629 0.822959
vt 0.072866 0.823644
vt 0.059696 0.815123
vt 0.060053 0.811782
vt 0.056469 0.804998
vt 0.115994 0.837390
vt 0.091104 0.845615
vt 0.083448 0.844861
vt 0.066173 0.848516
vt 0.058711 0.830601
vt 0.121775 0.844517
vt 0.117397 0.846311
vt 0.102341 0.853214
vt 0.097523 0.858759
vt 0.088018 0.853320
vt 0.085714 0.860347
vt 0.089820 0.865995
vt 0.120093 0.848446
vt 0.096428 0.866455
vt 0.104054 0.862716
vt 0.109115 0.858153
vt 0.081356 0.857489
vt 0.070971 0.855147
vt 0.053033 0.861742
vt 0.048355 0.856934
vt 0.075357 0.875200
vt 0.060018 0.867798
vt 0.043878 0.875983
vt 0.036998 0.870973
vt 0.025124 0.852670
vt 0.039802 0.830118
vt 0.054931 0.817702
vt 0.054577 0.878623
vt 0.042086 0.888762
vt 0.033992 0.886062
vt 0.024604 0.889598
vt 0.023993 0.870834
vt 0.074017 0.890653
vt 0.051574 0.888501
vt 0.044347 0.902697
vt 0.036440 0.904014
vt 0.026659 0.910900
vt 0.007977 0.909655
vt 0.008025 0.890394
vt 0.055864 0.901140
vt 0.061308 0.915608
vt 0.052299 0.919658
vt 0.047708 0.924131
vt 0.027253 0.925746
vt 0.007966 0.927924
vt 0.074040 0.903863
vt 0.073379 0.921864
vt 0.063403 0.929623
vt 0.046425 0.940283
vt 0.026272 0.941564
vt 0.007852 0.942549
vt 0.073819 0.935104
vt 0.061746 0.943683
vt 0.055794 0.960297
vt 0.027282 0.956754
vt 0.073950 0.949274
vt 0.074338 0.969252
vt 0.052714 0.976350
vt 0.073811 0.978882
vt 0.069521 0.990436
vt 0.050452 0.990436
vt 0.081645 0.977408
vt 0.085806 0.983356
vt 0.088622 0.990436
vt 0.008032 0.871192
vt 0.008053 0.850805
vt 0.021897 0.832177
vt 0.027767 0.815365
vt 0.045195 0.805400
vt 0.008038 0.833189
vt 0.007975 0.818420
vt 0.019876 0.800536
vt 0.033662 0.791800
vt 0.037029 0.788508
vt 0.049609 0.803101
vt 0.007901 0.802720
vt 0.008994 0.783381
vt 0.015604 0.782577
vt 0.024963 0.781867
vt 0.028819 0.779765
vt 0.021869 0.775627
vt 0.054237 0.815820
vt 0.055140 0.812861
vt 0.055618 0.815697
vt 0.056265 0.814995
vt 0.033990 0.770703
vt 0.025867 0.771309
vt 0.027855 0.990436
vt 0.027099 0.973522
vt 0.008327 0.990436
vt 0.007852 0.972083
vt 0.007852 0.957154
vt 0.052155 0.624105
vt 0.039544 0.636243
vt 0.048792 0.629972
vt 0.044138 0.645027
vt 0.030339 0.651042
vt 0.029486 0.664025
vt 0.021013 0.653929
vt 0.022253 0.662776
vt 0.016242 0.662992
vt 0.006948 0.655661
vt 0.021594 0.667105
vt 0.016475 0.667612
vt 0.006948 0.663137
vt 0.017038 0.670792
vt 0.006948 0.668354
vt 0.006948 0.671331
vt 0.018516 0.645487
vt 0.084658 0.679553
vt 0.092990 0.671033
vt 0.101941 0.667979
vt 0.107006 0.679629
vt 0.094686 0.654961
vt 0.094099 0.679838
vt 0.117001 0.700649
vt 0.137265 0.711009
vt 0.091150 0.692493
vt 0.046072 0.613377
vt 0.038878 0.621986
vt 0.051835 0.601593
vt 0.028507 0.615348
vt 0.033118 0.596867
vt 0.032688 0.626918
vt 0.018817 0.596867
vt 0.016009 0.614822
vt 0.023629 0.622900
vt 0.013724 0.630236
vt 0.015512 0.637008
vt 0.006948 0.596867
vt 0.006948 0.613492
vt 0.015619 0.621688
vt 0.006948 0.620428
vt 0.006948 0.629432
vt 0.006948 0.639080
vt 0.006948 0.648145
vt 0.367735 0.989389
vt 0.404187 0.988060
vt 0.370464 0.963417
vt 0.290967 0.539225
vt 0.257401 0.529259
vt 0.295428 0.509757
vt 0.259766 0.503439
vt 0.288234 0.478103
vt 0.316055 0.483258
vt 0.316504 0.453293
vt 0.404718 0.959906
vt 0.440244 0.978721
vt 0.412402 0.511644
vt 0.440040 0.501768
vt 0.417939 0.551209
vt 0.391957 0.547598
vt 0.386738 0.517883
vt 0.360261 0.547108
vt 0.358774 0.519829
vt 0.410732 0.468610
vt 0.377871 0.486463
vt 0.353352 0.493878
vt 0.330106 0.517186
vt 0.335687 0.475492
vt 0.327369 0.543355
vt 0.464156 0.945468
vt 0.471205 0.966515
vt 0.500848 0.951024
vt 0.492984 0.934054
vt 0.226304 0.521970
vt 0.231630 0.496403
vt 0.258240 0.470444
vt 0.283685 0.454046
vt 0.341812 0.961562
vt 0.309128 0.951348
vt 0.318184 0.973494
vt 0.334387 0.983106
vt 0.519295 0.936391
vt 0.491936 0.910682
vt 0.392910 0.457330
vt 0.362954 0.472092
vt 0.352399 0.463374
vt 0.379102 0.455042
vt 0.389247 0.437002
vt 0.367530 0.452928
vt 0.203964 0.518432
vt 0.209944 0.488861
vt 0.234194 0.469039
vt 0.511029 0.725867
vt 0.554005 0.740063
vt 0.559367 0.715989
vt 0.512961 0.705532
vt 0.481983 0.705065
vt 0.480659 0.730537
vt 0.440911 0.702350
vt 0.437109 0.733783
vt 0.403161 0.697894
vt 0.401770 0.730498
vt 0.401656 0.751797
vt 0.434683 0.756804
vt 0.401709 0.772741
vt 0.374994 0.694510
vt 0.380293 0.662293
vt 0.350366 0.662293
vt 0.354218 0.692209
vt 0.351693 0.728398
vt 0.377648 0.729072
vt 0.354816 0.741909
vt 0.377560 0.746649
vt 0.363435 0.757810
vt 0.376782 0.772589
vt 0.331785 0.695192
vt 0.334563 0.726335
vt 0.334769 0.738927
vt 0.335940 0.749704
vt 0.354437 0.758680
vt 0.326514 0.771160
vt 0.327308 0.763998
vt 0.313780 0.770596
vt 0.366236 0.772845
vt 0.358200 0.773128
vt 0.345737 0.764573
vt 0.347616 0.773251
vt 0.336577 0.771676
vt 0.337188 0.761872
vt 0.506352 0.753771
vt 0.508535 0.767077
vt 0.537945 0.758054
vt 0.474175 0.758326
vt 0.473213 0.776923
vt 0.433800 0.771185
vt 0.264759 0.703008
vt 0.242604 0.698042
vt 0.239626 0.726181
vt 0.263090 0.730958
vt 0.263041 0.747452
vt 0.237698 0.751935
vt 0.262484 0.771157
vt 0.288477 0.730610
vt 0.288970 0.703701
vt 0.292493 0.744847
vt 0.295870 0.772337
vt 0.306311 0.759702
vt 0.304200 0.771341
vt 0.309962 0.699691
vt 0.308698 0.730346
vt 0.312413 0.743378
vt 0.320341 0.755774
vt 0.590464 0.121301
vt 0.573888 0.122062
vt 0.583593 0.104819
vt 0.534517 0.029480
vt 0.537128 0.022261
vt 0.562786 0.038011
vt 0.567208 0.027567
vt 0.578566 0.042764
vt 0.581000 0.035619
vt 0.595556 0.037988
vt 0.593013 0.045364
vt 0.591289 0.048691
vt 0.577467 0.046052
vt 0.585829 0.060464
vt 0.553016 0.007192
vt 0.569289 0.021226
vt 0.528783 0.068158
vt 0.516316 0.046129
vt 0.548471 0.055291
vt 0.555465 0.073715
vt 0.526711 0.093615
vt 0.558334 0.092504
vt 0.557850 0.107977
vt 0.531523 0.115526
vt 0.551378 0.128083
vt 0.525418 0.142027
vt 0.525831 0.037000
vt 0.561017 0.043000
vt 0.569317 0.060327
vt 0.582058 0.074917
vt 0.581405 0.091646
vt 0.489938 0.114858
vt 0.490426 0.067697
vt 0.548518 0.188119
vt 0.544660 0.205132
vt 0.532590 0.199050
vt 0.550079 0.207594
vt 0.554419 0.190149
vt 0.573797 0.199175
vt 0.568581 0.213753
vt 0.550252 0.177835
vt 0.556126 0.179184
vt 0.576765 0.182491
vt 0.556453 0.168814
vt 0.577755 0.169157
vt 0.198736 0.772479
vt 0.220773 0.772302
vt 0.209079 0.777871
vt 0.225752 0.762048
vt 0.193200 0.763858
vt 0.193579 0.744928
vt 0.223686 0.743143
vt 0.191486 0.736865
vt 0.223874 0.737250
vt 0.226372 0.720248
vt 0.187318 0.720115
vt 0.229076 0.705922
vt 0.184488 0.704731
vt 0.557472 0.152150
vt 0.575421 0.145975
vt 0.579203 0.159932
vt 0.550717 0.167755
vt 0.539488 0.164232
vt 0.536813 0.182616
vt 0.521081 0.177951
vt 0.579614 0.150100
vt 0.518256 0.192411
vt 0.595179 0.132095
vt 0.580396 0.134201
vt 0.567254 0.137467
vt 0.598540 0.142076
vt 0.582721 0.145333
vt 0.596484 0.134951
vt 0.581411 0.137586
vt 0.568764 0.140717
vt 0.552917 0.150213
vt 0.541511 0.146295
vt 0.522724 0.159127
vt 0.491819 0.140382
vt 0.647898 0.166447
vt 0.651991 0.176941
vt 0.644818 0.183246
vt 0.730320 0.087535
vt 0.728015 0.082075
vt 0.733184 0.083423
vt 0.725247 0.082538
vt 0.722557 0.078849
vt 0.710837 0.099813
vt 0.709399 0.107188
vt 0.706805 0.088550
vt 0.702517 0.097094
vt 0.700593 0.088615
vt 0.693304 0.103982
vt 0.631402 0.160996
vt 0.637002 0.155145
vt 0.638572 0.169468
vt 0.644199 0.162048
vt 0.627125 0.189150
vt 0.636420 0.200724
vt 0.624909 0.202580
vt 0.628575 0.215844
vt 0.693482 0.098945
vt 0.698005 0.085670
vt 0.689417 0.083579
vt 0.687253 0.097141
vt 0.684403 0.084758
vt 0.751211 0.017193
vt 0.748489 0.006696
vt 0.760712 0.014824
vt 0.741181 0.017601
vt 0.584855 0.162698
vt 0.592823 0.162605
vt 0.584886 0.176053
vt 0.593373 0.175128
vt 0.595274 0.190914
vt 0.584869 0.190633
vt 0.655597 0.201201
vt 0.652956 0.211204
vt 0.647750 0.198305
vt 0.655531 0.194124
vt 0.593257 0.207874
vt 0.584928 0.207334
vt 0.616711 0.166185
vt 0.620470 0.176940
vt 0.605228 0.191255
vt 0.611245 0.204489
vt 0.616598 0.156582
vt 0.653757 0.183118
vt 0.742348 0.079443
vt 0.738871 0.075163
vt 0.748001 0.079441
vt 0.729391 0.077640
vt 0.725984 0.058860
vt 0.760351 0.034245
vt 0.745194 0.037839
vt 0.736246 0.023011
vt 0.714713 0.013062
vt 0.720297 0.006860
vt 0.767135 0.048196
vt 0.649992 0.220788
vt 0.647011 0.223189
vt 0.644634 0.212343
vt 0.640590 0.218881
vt 0.646437 0.228375
vt 0.659643 0.177546
vt 0.665319 0.168705
vt 0.664220 0.006612
vt 0.678376 0.006535
vt 0.661094 0.015857
vt 0.686856 0.015537
vt 0.676004 0.033404
vt 0.659321 0.045159
vt 0.670946 0.051095
vt 0.658453 0.060253
vt 0.668061 0.063491
vt 0.658299 0.070518
vt 0.680596 0.083422
vt 0.678173 0.088512
vt 0.697455 0.006920
vt 0.690102 0.022352
vt 0.686507 0.035550
vt 0.677635 0.052536
vt 0.676411 0.066975
vt 0.670467 0.073708
vt 0.665997 0.072816
vt 0.664389 0.197175
vt 0.711836 0.019897
vt 0.710949 0.038014
vt 0.694039 0.056535
vt 0.685135 0.074321
vt 0.679183 0.079354
vt 0.626003 0.154243
vt 0.629882 0.151657
vt 0.759622 0.068070
vt 0.754467 0.059481
vt 0.764531 0.060229
vt 0.748181 0.071940
vt 0.747508 0.059291
vt 0.740353 0.057928
vt 0.738124 0.037400
vt 0.756724 0.073195
vt 0.707946 0.059009
vt 0.701776 0.078793
vt 0.690373 0.076443
vt 0.685427 0.079450
vt 0.683900 0.079130
vt 0.711379 0.079641
vt 0.703897 0.082751
vt 0.720607 0.086587
vt 0.710216 0.086511
vt 0.705379 0.083019
vt 0.724083 0.088714
vt 0.718237 0.100352
vt 0.727306 0.097203
vt 0.758980 0.006411
vt 0.772336 0.009640
vt 0.324681 0.662293
vt 0.550708 0.662429
vt 0.506037 0.662293
vt 0.484196 0.662293
vt 0.449280 0.662293
vt 0.419041 0.662293
vt 0.282865 0.040417
vt 0.311788 0.041018
vt 0.283758 0.067238
vt 0.313863 0.063932
vt 0.283650 0.083720
vt 0.314393 0.082835
vt 0.283828 0.100393
vt 0.314396 0.101323
vt 0.283854 0.121486
vt 0.333852 0.041034
vt 0.333607 0.064643
vt 0.333554 0.083574
vt 0.332992 0.102504
vt 0.331294 0.123358
vt 0.313328 0.123756
vt 0.283761 0.141115
vt 0.312829 0.142183
vt 0.283516 0.158797
vt 0.313120 0.160213
vt 0.284152 0.175561
vt 0.332495 0.142412
vt 0.333153 0.160900
vt 0.313740 0.176650
vt 0.283790 0.199486
vt 0.314017 0.198095
vt 0.313224 0.228882
vt 0.285114 0.229123
vt 0.289524 0.250904
vt 0.311825 0.251416
vt 0.333588 0.177249
vt 0.333487 0.199110
vt 0.333032 0.228747
vt 0.328708 0.251804
vt 0.770947 0.006361
vt 0.297036 0.662293
vt 0.270853 0.662293
vt 0.736991 0.006889
vt 0.248354 0.662293
vt 0.136925 0.022729
vt 0.164399 0.026801
vt 0.131805 0.046329
vt 0.102278 0.034413
vt 0.109088 0.018241
vt 0.091454 0.011840
vt 0.076511 0.121584
vt 0.031445 0.121508
vt 0.035537 0.098920
vt 0.079009 0.096458
vt 0.117139 0.121271
vt 0.117277 0.096053
vt 0.154299 0.119928
vt 0.119322 0.145249
vt 0.157088 0.144517
vt 0.125136 0.172403
vt 0.159277 0.169319
vt 0.133160 0.201809
vt 0.159635 0.053367
vt 0.156285 0.071794
vt 0.051347 0.166902
vt 0.043021 0.178668
vt 0.018390 0.157149
vt 0.056469 0.189736
vt 0.070681 0.189376
vt 0.068333 0.197824
vt 0.085311 0.210914
vt 0.075836 0.219237
vt 0.064599 0.213522
vt 0.035180 0.145267
vt 0.079950 0.144566
vt 0.094904 0.171522
vt 0.108640 0.205506
vt 0.114757 0.233324
vt 0.091717 0.237312
vt 0.073156 0.232442
vt 0.191121 0.092470
vt 0.153545 0.094446
vt 0.191741 0.115809
vt 0.034665 0.203361
vt 0.050321 0.208928
vt 0.061233 0.228883
vt 0.193781 0.140041
vt 0.198276 0.168939
vt 0.087661 0.010656
vt 0.085426 0.024575
vt 0.162487 0.199543
vt 0.200934 0.198874
vt 0.071235 0.041219
vt 0.073866 0.023217
vt 0.092978 0.052415
vt 0.141580 0.230885
vt 0.170108 0.230693
vt 0.205529 0.225563
vt 0.120076 0.264600
vt 0.102039 0.268349
vt 0.149066 0.262720
vt 0.173430 0.260518
vt 0.083181 0.244735
vt 0.036817 0.079810
vt 0.018097 0.075192
vt 0.042550 0.081039
vt 0.084147 0.068918
vt 0.122243 0.070342
vt 0.018097 0.050793
vt 0.046676 0.055978
vt 0.054720 0.060326
vt 0.056759 0.038769
vt 0.056719 0.023537
vt 0.653796 0.218807
vt 0.736599 0.108192
vt 0.730800 0.109840
vt 0.730194 0.105072
vt 0.673677 0.200479
vt 0.670331 0.205789
vt 0.678473 0.202844
vt 0.675695 0.208085
vt 0.746112 0.098829
vt 0.736189 0.100978
vt 0.737155 0.096138
vt 0.744439 0.095616
vt 0.666857 0.214835
vt 0.665848 0.221150
vt 0.672124 0.216753
vt 0.753225 0.100483
vt 0.754965 0.080897
vt 0.670562 0.222467
vt 0.747268 0.112500
vt 0.753547 0.112667
vt 0.752245 0.119853
vt 0.745686 0.124216
vt 0.737373 0.113904
vt 0.731308 0.115753
vt 0.747255 0.106350
vt 0.747640 0.126665
vt 0.738163 0.127698
vt 0.739895 0.124846
vt 0.733185 0.121998
vt 0.753333 0.105981
vt 0.681381 0.210727
vt 0.677975 0.219125
vt 0.676154 0.224734
vt 0.683070 0.226218
vt 0.683538 0.221133
vt 0.689189 0.221650
vt 0.691412 0.224746
vt 0.684180 0.205587
vt 0.689976 0.209841
vt 0.686641 0.213699
vt 0.691040 0.217363
vt 0.694671 0.217014
vt 0.493385 0.175434
vt 0.492624 0.157246
vt 0.462549 0.186906
vt 0.458141 0.165093
vt 0.439508 0.181617
vt 0.434628 0.164761
vt 0.496572 0.192189
vt 0.473932 0.215215
vt 0.446949 0.202780
vt 0.416297 0.187477
vt 0.411899 0.166099
vt 0.388227 0.167769
vt 0.386808 0.141081
vt 0.365425 0.170306
vt 0.367244 0.141265
vt 0.460342 0.229147
vt 0.438772 0.243330
vt 0.425059 0.218261
vt 0.392761 0.192612
vt 0.367778 0.200311
vt 0.347134 0.173815
vt 0.401768 0.228886
vt 0.378458 0.233619
vt 0.352274 0.206133
vt 0.410256 0.256692
vt 0.385655 0.260082
vt 0.367529 0.256761
vt 0.362819 0.237525
vt 0.365549 0.014452
vt 0.379363 0.014083
vt 0.359268 0.030384
vt 0.384887 0.043807
vt 0.364549 0.049654
vt 0.378337 0.081122
vt 0.358781 0.076702
vt 0.358709 0.101009
vt 0.375862 0.113929
vt 0.350092 0.138423
vt 0.399678 0.012731
vt 0.414684 0.048723
vt 0.410559 0.084338
vt 0.405911 0.113735
vt 0.424796 0.017817
vt 0.442942 0.029606
vt 0.448071 0.058636
vt 0.444146 0.087396
vt 0.446318 0.113853
vt 0.428501 0.135957
vt 0.409208 0.138739
vt 0.456952 0.040894
vt 0.489709 0.091422
vt 0.450925 0.140775
vt 0.493115 0.048364
vt 0.176096 0.677151
vt 0.161856 0.676630
vt 0.171236 0.688003
vt 0.156357 0.681740
vt 0.163116 0.698179
vt 0.146104 0.691852
vt 0.150328 0.703857
vt 0.135242 0.702515
vt 0.132685 0.689790
vt 0.177846 0.660494
vt 0.162544 0.661867
vt 0.149619 0.667020
vt 0.139882 0.673897
vt 0.129751 0.661368
vt 0.129456 0.668859
vt 0.098393 0.647830
vt 0.106412 0.641526
vt 0.127430 0.635281
vt 0.149923 0.644490
vt 0.159360 0.650220
vt 0.161473 0.621754
vt 0.172711 0.625064
vt 0.174965 0.599396
vt 0.086403 0.625773
vt 0.095086 0.621216
vt 0.113144 0.619531
vt 0.127380 0.619312
vt 0.141971 0.620218
vt 0.143421 0.604658
vt 0.162891 0.601289
vt 0.083959 0.598775
vt 0.093487 0.600314
vt 0.112796 0.604376
vt 0.127851 0.604748
vt 0.128531 0.587971
vt 0.141838 0.588058
vt 0.150463 0.579061
vt 0.100561 0.572958
vt 0.109609 0.578509
vt 0.115117 0.587475
vt 0.129503 0.558543
vt 0.129868 0.568433
vt 0.155268 0.568956
vt 0.217257 0.059316
vt 0.196078 0.056576
vt 0.224790 0.036168
vt 0.240102 0.061619
vt 0.217007 0.083852
vt 0.193911 0.072918
vt 0.237932 0.084442
vt 0.258246 0.086856
vt 0.259258 0.060478
vt 0.259258 0.037926
vt 0.214309 0.111853
vt 0.238526 0.109538
vt 0.259258 0.108709
vt 0.257870 0.136880
vt 0.219333 0.137725
vt 0.253148 0.161138
vt 0.221591 0.164553
vt 0.253273 0.185848
vt 0.224763 0.191276
vt 0.255365 0.212539
vt 0.227878 0.219219
vt 0.257490 0.228701
vt 0.227877 0.235791
vt 0.208302 0.258698
vt 0.228796 0.253087
vt 0.258376 0.247459
vt 0.205589 0.032491
vt 0.678711 0.188163
vt 0.680004 0.193983
vt 0.671927 0.189342
vt 0.674227 0.194962
vt 0.669987 0.173876
vt 0.670133 0.180111
vt 0.676444 0.173136
vt 0.726502 0.109770
vt 0.719181 0.107509
vt 0.718595 0.115071
vt 0.677017 0.179107
vt 0.709238 0.114730
vt 0.702254 0.108416
vt 0.725289 0.116361
vt 0.683101 0.172351
vt 0.683564 0.178357
vt 0.685197 0.187231
vt 0.686400 0.193027
vt 0.690972 0.172638
vt 0.690293 0.177986
vt 0.691708 0.186062
vt 0.693781 0.190833
vt 0.696274 0.178926
vt 0.696962 0.183549
vt 0.700850 0.185328
vt 0.699541 0.175981
vt 0.724334 0.123402
vt 0.718153 0.121985
vt 0.709128 0.121548
vt 0.703014 0.122242
vt 0.702720 0.115191
vt 0.722237 0.131077
vt 0.715702 0.135461
vt 0.710224 0.135313
vt 0.704521 0.130199
vt 0.717954 0.139045
vt 0.708086 0.138718
vt 0.657407 0.086069
vt 0.672816 0.086584
vt 0.667026 0.084229
vt 0.664506 0.086873
vt 0.636667 0.142534
vt 0.641445 0.144936
vt 0.649490 0.149048
vt 0.650729 0.159290
vt 0.672276 0.089832
vt 0.676638 0.091763
vt 0.671433 0.093320
vt 0.654413 0.151859
vt 0.656129 0.147913
vt 0.663453 0.091050
vt 0.657221 0.090598
vt 0.670286 0.097971
vt 0.662613 0.096865
vt 0.656607 0.097257
vt 0.675732 0.094389
vt 0.675201 0.099182
vt 0.673414 0.105237
vt 0.668234 0.108536
vt 0.662924 0.108299
vt 0.657140 0.105034
vt 0.669567 0.111227
vt 0.661316 0.111084
vt 0.637850 0.139568
vt 0.642566 0.142079
vt 0.650994 0.146057
vt 0.644573 0.137611
vt 0.652962 0.140957
vt 0.657997 0.142491
vt 0.659131 0.135648
vt 0.654419 0.135511
vt 0.654307 0.130343
vt 0.657599 0.128197
vt 0.640086 0.135045
vt 0.643600 0.129606
vt 0.647119 0.132682
vt 0.650709 0.128995
vt 0.649575 0.125253
vt 0.661686 0.160431
vt 0.698555 0.112928
vt 0.691925 0.110029
vt 0.700594 0.107705
vt 0.677986 0.101025
vt 0.685522 0.101903
vt 0.683639 0.107871
vt 0.677096 0.106965
vt 0.660292 0.154410
vt 0.664283 0.152258
vt 0.666475 0.158007
vt 0.670410 0.166349
vt 0.673338 0.171699
vt 0.668582 0.173835
vt 0.696027 0.119325
vt 0.690151 0.116445
vt 0.692043 0.126363
vt 0.684705 0.129166
vt 0.682009 0.114177
vt 0.675892 0.113375
vt 0.672066 0.155368
vt 0.676064 0.163412
vt 0.679282 0.168697
vt 0.685629 0.163881
vt 0.681867 0.160024
vt 0.686114 0.155798
vt 0.690439 0.156182
vt 0.669835 0.149632
vt 0.677250 0.147539
vt 0.678136 0.152803
vt 0.684070 0.151692
vt 0.686365 0.148037
vt 0.685973 0.133142
vt 0.676654 0.130351
vt 0.679299 0.127564
vt 0.675382 0.121218
vt 0.432617 0.788051
vt 0.401852 0.797246
vt 0.289990 0.800947
vt 0.306880 0.783009
vt 0.313982 0.803163
vt 0.315942 0.782652
vt 0.292704 0.818473
vt 0.311542 0.833106
vt 0.330910 0.821053
vt 0.335708 0.804803
vt 0.336337 0.794401
vt 0.326133 0.778681
vt 0.265857 0.804499
vt 0.257074 0.839452
vt 0.286721 0.847179
vt 0.303778 0.852601
vt 0.329136 0.840135
vt 0.266582 0.795067
vt 0.234707 0.775659
vt 0.228134 0.800537
vt 0.223424 0.833834
vt 0.252658 0.862206
vt 0.278192 0.867692
vt 0.297441 0.873091
vt 0.324859 0.877941
vt 0.325862 0.858426
vt 0.220003 0.860508
vt 0.226201 0.882897
vt 0.434832 0.809093
vt 0.405012 0.820770
vt 0.438495 0.837594
vt 0.552847 0.878067
vt 0.557982 0.838208
vt 0.521075 0.848971
vt 0.529377 0.876704
vt 0.500832 0.866611
vt 0.514176 0.895342
vt 0.523396 0.898503
vt 0.522099 0.917572
vt 0.551451 0.816468
vt 0.513474 0.828358
vt 0.495010 0.854957
vt 0.470734 0.860092
vt 0.494354 0.880830
vt 0.508126 0.798181
vt 0.478659 0.803923
vt 0.482437 0.834351
vt 0.438453 0.856395
vt 0.461720 0.884737
vt 0.541843 0.790516
vt 0.537682 0.773027
vt 0.464546 0.912852
vt 0.407213 0.843828
vt 0.383082 0.822322
vt 0.376117 0.802127
vt 0.366861 0.826632
vt 0.354035 0.803802
vt 0.347244 0.834980
vt 0.363740 0.786351
vt 0.351544 0.790328
vt 0.344943 0.781620
vt 0.336081 0.783451
vt 0.439631 0.916591
vt 0.436818 0.882412
vt 0.408924 0.885251
vt 0.415428 0.920275
vt 0.405512 0.863419
vt 0.378303 0.851721
vt 0.392555 0.925349
vt 0.386000 0.894218
vt 0.379978 0.873370
vt 0.342225 0.928844
vt 0.342226 0.909500
vt 0.319455 0.924342
vt 0.360761 0.905270
vt 0.368278 0.928734
vt 0.319797 0.897891
vt 0.349419 0.881658
vt 0.353259 0.855281
vt 0.256140 0.886798
vt 0.274675 0.899244
vt 0.295397 0.908460
vt 0.431743 0.952908
vt 0.301046 0.922761
vt 0.132030 0.536886
vt 0.164007 0.542970
vt 0.153179 0.550099
vt 0.133735 0.547073
vt 0.643782 0.229056
vt 0.638005 0.226826
vt 0.627809 0.222955
vt 0.779433 0.021711
vt 0.783457 0.034655
vt 0.768807 0.026796
vt 0.774698 0.038992
vt 0.618719 0.218715
vt 0.620253 0.222356
vt 0.791884 0.031534
vt 0.793093 0.039479
vt 0.785137 0.041358
vt 0.778255 0.045429
vt 0.772682 0.052848
vt 0.787409 0.049555
vt 0.779097 0.056987
vt 0.770784 0.062686
vt 0.774715 0.066050
vt 0.644139 0.231766
vt 0.636991 0.231584
vt 0.605286 0.216561
vt 0.796555 0.046438
vt 0.791986 0.054833
vt 0.784063 0.062052
vt 0.798887 0.051231
vt 0.797692 0.062213
vt 0.790761 0.068742
vt 0.779531 0.069380
vt 0.802934 0.059641
vt 0.804941 0.065822
vt 0.801060 0.068606
vt 0.797775 0.072120
vt 0.793815 0.076254
vt 0.787969 0.074004
vt 0.804477 0.070786
vt 0.799817 0.075678
vt 0.627540 0.229631
vt 0.621506 0.227075
vt 0.626415 0.238697
vt 0.620090 0.239155
vt 0.620877 0.230610
vt 0.642817 0.235107
vt 0.639836 0.243367
vt 0.634307 0.240516
vt 0.628446 0.247618
vt 0.624475 0.249987
vt 0.621492 0.245888
vt 0.635878 0.248317
vt 0.630955 0.251564
vt 0.598364 0.076591
vt 0.596667 0.091368
vt 0.631581 0.126669
vt 0.614340 0.136421
vt 0.611837 0.130880
vt 0.611196 0.128107
vt 0.605407 0.120163
vt 0.231770 0.690436
vt 0.184021 0.688482
vt 0.187727 0.672609
vt 0.229494 0.673608
vt 0.222025 0.659431
vt 0.195651 0.660181
vt 0.209655 0.652898
vt 0.611616 0.043786
vt 0.608449 0.049901
vt 0.606727 0.052135
vt 0.602734 0.063321
vt 0.630260 0.053152
vt 0.625781 0.058485
vt 0.623985 0.061291
vt 0.616549 0.070353
vt 0.613403 0.079885
vt 0.645856 0.069513
vt 0.639993 0.073406
vt 0.637710 0.075348
vt 0.627265 0.081074
vt 0.613567 0.091489
vt 0.599023 0.104143
vt 0.645266 0.091113
vt 0.643190 0.091512
vt 0.631017 0.092358
vt 0.627411 0.104199
vt 0.616188 0.102999
vt 0.650088 0.091673
vt 0.643830 0.113606
vt 0.639317 0.110018
vt 0.637940 0.108136
vt 0.625828 0.120286
vt 0.619089 0.112069
vt 0.627454 0.122029
vt 0.149380 0.891688
vt 0.184990 0.894896
vt 0.182807 0.908167
vt 0.210121 0.908838
vt 0.209932 0.914001
vt 0.215905 0.908840
vt 0.215905 0.914191
vt 0.251170 0.953159
vt 0.255740 0.952399
vt 0.257956 0.941895
vt 0.246265 0.936677
vt 0.257211 0.934208
vt 0.255047 0.928652
vt 0.231745 0.928815
vt 0.251276 0.912033
vt 0.257413 0.926975
vt 0.263898 0.925499
vt 0.231693 0.956323
vt 0.244393 0.948865
vt 0.379791 0.441063
vt 0.365427 0.444633
vt 0.356362 0.448137
vt 0.348625 0.447824
vt 0.308999 0.435679
vt 0.308000 0.423361
vt 0.308999 0.411043
vt 0.317541 0.414056
vt 0.317353 0.423361
vt 0.334190 0.458129
vt 0.335094 0.447022
vt 0.325846 0.441543
vt 0.317541 0.432666
vt 0.211706 0.897737
vt 0.215905 0.898278
vt 0.165805 0.964898
vt 0.135670 0.963468
vt 0.137783 0.950404
vt 0.107655 0.951219
vt 0.267642 0.932196
vt 0.210993 0.930901
vt 0.184122 0.932064
vt 0.183851 0.926716
vt 0.210961 0.925344
vt 0.215905 0.930429
vt 0.215905 0.925048
vt 0.182589 0.913965
vt 0.147194 0.913441
vt 0.268324 0.940603
vt 0.264380 0.933607
vt 0.105580 0.963448
vt 0.135237 0.971345
vt 0.097086 0.963435
vt 0.097086 0.951688
vt 0.267371 0.951007
vt 0.265128 0.941330
vt 0.259571 0.932953
vt 0.258542 0.953316
vt 0.258730 0.942249
vt 0.135978 0.991092
vt 0.135720 0.985654
vt 0.165580 0.988451
vt 0.106040 0.988013
vt 0.105320 0.983695
vt 0.097086 0.983463
vt 0.104621 0.970830
vt 0.097086 0.970690
vt 0.097086 0.987764
vt 0.288234 0.368619
vt 0.316055 0.363464
vt 0.316504 0.393429
vt 0.335687 0.371230
vt 0.334190 0.388593
vt 0.325846 0.405179
vt 0.352399 0.383348
vt 0.335094 0.399700
vt 0.389247 0.409720
vt 0.379791 0.405659
vt 0.379102 0.391680
vt 0.367530 0.393794
vt 0.348625 0.398897
vt 0.356362 0.398585
vt 0.365427 0.402089
vt 0.372798 0.407524
vt 0.375543 0.414017
vt 0.383597 0.423361
vt 0.375782 0.423361
vt 0.375543 0.432704
vt 0.372798 0.439198
vt 0.195572 0.946491
vt 0.195657 0.965368
vt 0.167235 0.948803
vt 0.121132 0.935826
vt 0.100574 0.935029
vt 0.120563 0.930431
vt 0.148537 0.928518
vt 0.148995 0.933921
vt 0.098182 0.891593
vt 0.121314 0.887650
vt 0.119038 0.907206
vt 0.147348 0.907150
vt 0.119331 0.911462
vt 0.100622 0.912075
vt 0.196254 0.973236
vt 0.218526 0.973567
vt 0.165168 0.973161
vt 0.166097 0.994010
vt 0.197398 0.989587
vt 0.100126 0.924973
vt 0.079571 0.019708
vt 0.018097 0.031261
vt 0.098990 0.270724
vt 0.062347 0.236513
vt 0.070643 0.239279
vt 0.773902 0.403259
vt 0.783279 0.386751
vt 0.787491 0.421459
vt 0.018199 0.202035
vt 0.032086 0.230445
vt 0.045033 0.232724
vt 0.783279 0.456166
vt 0.773902 0.439658
vt 0.360261 0.299613
vt 0.391957 0.299124
vt 0.386738 0.328838
vt 0.412402 0.335078
vt 0.377871 0.360259
vt 0.410732 0.378112
vt 0.392957 0.389236
vt 0.362954 0.374630
vt 0.417939 0.295512
vt 0.440040 0.344954
vt 0.358774 0.326893
vt 0.353352 0.352844
vt 0.209944 0.357861
vt 0.203636 0.328524
vt 0.231630 0.350318
vt 0.234194 0.377682
vt 0.226304 0.324752
vt 0.259766 0.343282
vt 0.330106 0.329535
vt 0.257401 0.317463
vt 0.295428 0.336964
vt 0.290967 0.307496
vt 0.185845 0.320246
vt 0.179168 0.334547
vt 0.675970 0.881843
vt 0.686184 0.849159
vt 0.698116 0.872787
vt 0.707728 0.856584
vt 0.453704 0.305893
vt 0.435078 0.273763
vt 0.675647 0.690123
vt 0.658677 0.697987
vt 0.661014 0.671675
vt 0.597998 0.811025
vt 0.588048 0.785491
vt 0.609874 0.782047
vt 0.607035 0.754153
vt 0.641214 0.751340
vt 0.609360 0.729251
vt 0.637474 0.726425
vt 0.453328 0.257007
vt 0.471664 0.234312
vt 0.481196 0.253314
vt 0.597719 0.893562
vt 0.602570 0.866144
vt 0.622514 0.871174
vt 0.606286 0.841584
vt 0.634122 0.848745
vt 0.585137 0.971000
vt 0.586834 0.938345
vt 0.607520 0.964770
vt 0.611421 0.934831
vt 0.592321 0.912810
vt 0.623867 0.916296
vt 0.633082 0.895574
vt 0.581023 0.752550
vt 0.584720 0.720268
vt 0.605453 0.696617
vt 0.635304 0.699035
vt 0.629893 0.830210
vt 0.618840 0.804971
vt 0.649972 0.798416
vt 0.591240 0.690171
vt 0.619965 0.676795
vt 0.642195 0.668872
vt 0.601333 0.661626
vt 0.623125 0.667575
vt 0.644898 0.775543
vt 0.670091 0.726815
vt 0.691137 0.719766
vt 0.677530 0.759228
vt 0.703344 0.750727
vt 0.327369 0.303367
vt 0.653466 0.848746
vt 0.653356 0.822693
vt 0.688039 0.820507
vt 0.714011 0.823236
vt 0.684528 0.786253
vt 0.712683 0.786784
vt 0.133735 0.299648
vt 0.132030 0.309836
vt 0.115157 0.295301
vt 0.153179 0.296623
vt 0.164007 0.303752
vt 0.150662 0.325474
vt 0.647384 0.889925
vt 0.648965 0.871516
vt 0.689598 0.476345
vt 0.692155 0.443260
vt 0.723334 0.462151
vt 0.018356 0.138691
vt 0.018097 0.099019
vt 0.018310 0.183961
vt 0.018097 0.120447
vt 0.676158 0.546885
vt 0.697495 0.533181
vt 0.719211 0.551519
vt 0.739409 0.580898
vt 0.733816 0.605830
vt 0.720813 0.602042
vt 0.709998 0.602673
vt 0.670884 0.598309
vt 0.706588 0.594845
vt 0.391708 0.607242
vt 0.358080 0.607238
vt 0.391255 0.586403
vt 0.359915 0.627946
vt 0.393164 0.626874
vt 0.363282 0.645594
vt 0.393992 0.644078
vt 0.414674 0.642833
vt 0.417988 0.631579
vt 0.416289 0.623221
vt 0.018135 0.229388
vt 0.764209 0.341177
vt 0.749479 0.343435
vt 0.747309 0.294652
vt 0.765590 0.378448
vt 0.742776 0.380734
vt 0.728429 0.350874
vt 0.710734 0.362667
vt 0.703839 0.344070
vt 0.712329 0.321578
vt 0.695603 0.321198
vt 0.683157 0.339833
vt 0.763574 0.402736
vt 0.752222 0.390136
vt 0.744837 0.406471
vt 0.723334 0.380767
vt 0.689598 0.366572
vt 0.695603 0.521719
vt 0.712329 0.521340
vt 0.703839 0.498848
vt 0.683157 0.503085
vt 0.677058 0.592603
vt 0.712211 0.556044
vt 0.680986 0.289798
vt 0.712211 0.286873
vt 0.719211 0.291399
vt 0.706588 0.248072
vt 0.733690 0.300427
vt 0.723293 0.310048
vt 0.697495 0.309736
vt 0.709699 0.411947
vt 0.720560 0.396467
vt 0.722522 0.421459
vt 0.708842 0.421459
vt 0.709699 0.430970
vt 0.720560 0.446450
vt 0.744837 0.436446
vt 0.745374 0.421459
vt 0.185219 0.590292
vt 0.211438 0.607414
vt 0.184937 0.623917
vt 0.210029 0.628459
vt 0.183045 0.632470
vt 0.186187 0.644113
vt 0.775880 0.421459
vt 0.769530 0.411022
vt 0.753578 0.406443
vt 0.769530 0.431895
vt 0.765225 0.421459
vt 0.760188 0.414831
vt 0.247707 0.605798
vt 0.211988 0.585182
vt 0.245656 0.631557
vt 0.243124 0.648416
vt 0.208531 0.645750
vt 0.677058 0.250314
vt 0.270206 0.607306
vt 0.270620 0.581695
vt 0.269276 0.635062
vt 0.269538 0.651884
vt 0.303972 0.652539
vt 0.305014 0.609525
vt 0.302792 0.582236
vt 0.304617 0.635880
vt 0.327075 0.632308
vt 0.338713 0.648549
vt 0.335555 0.608930
vt 0.320368 0.586282
vt 0.334069 0.625216
vt 0.692155 0.399657
vt 0.697488 0.411178
vt 0.699217 0.421459
vt 0.697488 0.431740
vt 0.350590 0.608416
vt 0.346056 0.588209
vt 0.346366 0.628180
vt 0.418514 0.590310
vt 0.733816 0.237087
vt 0.739409 0.262020
vt 0.720813 0.240875
vt 0.726525 0.264760
vt 0.709998 0.240245
vt 0.670884 0.244608
vt 0.676158 0.296033
vt 0.765590 0.464469
vt 0.763574 0.440182
vt 0.753578 0.436475
vt 0.760188 0.428086
vt 0.764209 0.501741
vt 0.749479 0.499482
vt 0.742776 0.462183
vt 0.752222 0.452781
vt 0.747309 0.548265
vt 0.733690 0.542490
vt 0.723293 0.532870
vt 0.728429 0.492043
vt 0.710734 0.480250
vt 0.726525 0.578157
vt 0.680986 0.553119
vt 0.993835 0.328723
vt 0.976304 0.328882
vt 0.993834 0.339138
vt 0.976648 0.341566
vt 0.993834 0.351539
vt 0.976622 0.354109
vt 0.976588 0.367795
vt 0.993834 0.370519
vt 0.976571 0.379909
vt 0.993834 0.381835
vt 0.972042 0.330845
vt 0.971865 0.342506
vt 0.971761 0.354717
vt 0.971699 0.367218
vt 0.971655 0.379335
vt 0.971613 0.391202
vt 0.976544 0.391560
vt 0.993834 0.392578
vt 0.812983 0.331630
vt 0.812851 0.343244
vt 0.812768 0.355056
vt 0.812743 0.366860
vt 0.812739 0.378541
vt 0.812759 0.390213
vt 0.971569 0.403037
vt 0.810424 0.331065
vt 0.810247 0.343228
vt 0.810151 0.355069
vt 0.810148 0.366853
vt 0.810152 0.378533
vt 0.810171 0.390209
vt 0.798711 0.331106
vt 0.798711 0.343274
vt 0.798711 0.355173
vt 0.798711 0.366868
vt 0.798711 0.378506
vt 0.798711 0.390199
vt 0.810207 0.401983
vt 0.812801 0.401996
vt 0.971525 0.414799
vt 0.976512 0.403242
vt 0.798711 0.401948
vt 0.798711 0.413787
vt 0.810274 0.413813
vt 0.812872 0.413781
vt 0.971478 0.426322
vt 0.976315 0.427642
vt 0.976471 0.415087
vt 0.798711 0.425883
vt 0.810453 0.425956
vt 0.813000 0.425369
vt 0.993834 0.427374
vt 0.993834 0.415305
vt 0.993835 0.403671
vt 0.820416 0.171212
vt 0.819882 0.099057
vt 0.994392 0.170750
vt 0.994543 0.098593
vt 0.821329 0.076955
vt 0.992979 0.076500
vt 0.821615 0.008452
vt 0.993187 0.007364
vt 0.722476 0.986562
vt 0.722883 0.837031
vt 0.734370 0.837062
vt 0.733964 0.986593
vt 0.746284 0.837094
vt 0.745877 0.986625
vt 0.758153 0.837126
vt 0.757747 0.986657
vt 0.765916 0.837147
vt 0.765509 0.986678
vt 0.723963 0.826570
vt 0.723345 0.676561
vt 0.730008 0.676533
vt 0.730626 0.826543
vt 0.742626 0.676481
vt 0.743244 0.826491
vt 0.753497 0.676436
vt 0.754116 0.826446
vt 0.765940 0.676385
vt 0.766558 0.826395
vt 0.691774 0.929352
vt 0.690549 0.943440
vt 0.689930 0.931821
vt 0.688587 0.929503
vt 0.682903 0.931832
vt 0.687544 0.920171
vt 0.680915 0.920831
vt 0.687306 0.909697
vt 0.680386 0.909445
vt 0.688152 0.900374
vt 0.682149 0.899635
vt 0.676564 0.934505
vt 0.674658 0.922277
vt 0.673965 0.910159
vt 0.674444 0.899424
vt 0.680728 0.947607
vt 0.669563 0.937253
vt 0.668576 0.924228
vt 0.668638 0.911362
vt 0.668673 0.899823
vt 0.692619 0.956985
vt 0.685061 0.958899
vt 0.671112 0.952698
vt 0.661788 0.937874
vt 0.661308 0.925524
vt 0.661785 0.912118
vt 0.700503 0.956438
vt 0.700427 0.969083
vt 0.693527 0.970042
vt 0.686432 0.970725
vt 0.678445 0.960304
vt 0.701753 0.942707
vt 0.707436 0.955973
vt 0.707269 0.968979
vt 0.706464 0.981391
vt 0.699707 0.981438
vt 0.693404 0.982025
vt 0.697424 0.930277
vt 0.702891 0.930991
vt 0.708344 0.942944
vt 0.714813 0.944273
vt 0.714726 0.956650
vt 0.692806 0.928538
vt 0.703381 0.908963
vt 0.708384 0.930834
vt 0.713195 0.929553
vt 0.714658 0.969685
vt 0.714200 0.982158
vt 0.705134 0.992959
vt 0.698484 0.993086
vt 0.693154 0.993470
vt 0.686652 0.982582
vt 0.713220 0.993284
vt 0.686511 0.993663
vt 0.679862 0.983377
vt 0.679475 0.971441
vt 0.671866 0.971139
vt 0.672824 0.960069
vt 0.679864 0.993810
vt 0.672815 0.993647
vt 0.672399 0.983913
vt 0.670937 0.959948
vt 0.669824 0.972656
vt 0.665036 0.971309
vt 0.660489 0.954351
vt 0.653491 0.938151
vt 0.660687 0.996354
vt 0.659251 0.970946
vt 0.652822 0.953999
vt 0.645656 0.953321
vt 0.645235 0.937014
vt 0.654304 0.925517
vt 0.654804 0.912147
vt 0.653609 0.972049
vt 0.648903 0.974439
vt 0.645335 0.924574
vt 0.645917 0.910811
vt 0.653597 0.900042
vt 0.661193 0.899676
vt 0.646906 0.900585
vt 0.556611 0.890081
vt 0.565941 0.890081
vt 0.565941 0.906403
vt 0.556518 0.917713
vt 0.549131 0.890081
vt 0.549111 0.917788
vt 0.541762 0.907565
vt 0.541761 0.890081
vt 0.565941 0.919119
vt 0.557751 0.927157
vt 0.548206 0.927303
vt 0.541761 0.918736
vt 0.575417 0.918661
vt 0.575417 0.929776
vt 0.565941 0.930737
vt 0.565941 0.950809
vt 0.558141 0.954640
vt 0.548356 0.953769
vt 0.575417 0.906403
vt 0.575417 0.951003
vt 0.565941 0.966032
vt 0.556930 0.968589
vt 0.549325 0.968134
vt 0.541761 0.965586
vt 0.541762 0.949787
vt 0.575417 0.966051
vt 0.575417 0.977555
vt 0.565941 0.977555
vt 0.557024 0.994938
vt 0.549391 0.994938
vt 0.541761 0.975994
vt 0.565941 0.994938
vt 0.541761 0.994938
vt 0.541761 0.930013
vt 0.828099 0.174292
vt 0.828099 0.211921
vt 0.801991 0.174292
vt 0.801991 0.211921
vt 0.744642 0.174292
vt 0.801991 0.158950
vt 0.744642 0.159203
vt 0.794184 0.149562
vt 0.801991 0.131517
vt 0.794184 0.125363
vt 0.744642 0.211921
vt 0.715512 0.174292
vt 0.715512 0.211921
vt 0.801991 0.227264
vt 0.744642 0.227011
vt 0.794184 0.236651
vt 0.753329 0.236640
vt 0.744642 0.252459
vt 0.753546 0.260851
vt 0.794184 0.260851
vt 0.801991 0.254697
vt 0.937540 0.985450
vt 0.924559 0.985450
vt 0.937540 0.932454
vt 0.924041 0.931816
vt 0.922644 0.920626
vt 0.937540 0.920075
vt 0.923022 0.909555
vt 0.937540 0.908710
vt 0.922424 0.898719
vt 0.937540 0.898080
vt 0.911917 0.985450
vt 0.911956 0.931173
vt 0.911790 0.919576
vt 0.911470 0.909375
vt 0.911351 0.899432
vt 0.911643 0.885400
vt 0.924496 0.885143
vt 0.937540 0.885761
vt 0.899897 0.932328
vt 0.900702 0.919403
vt 0.900299 0.908897
vt 0.900479 0.898838
vt 0.898314 0.985450
vt 0.886006 0.932903
vt 0.886006 0.920724
vt 0.886006 0.909110
vt 0.886006 0.898274
vt 0.898930 0.885697
vt 0.886006 0.985450
vt 0.886006 0.885274
vt 0.886005 0.805571
vt 0.899034 0.804658
vt 0.911776 0.803940
vt 0.924692 0.805154
vt 0.937540 0.806033
vt 0.900353 0.719665
vt 0.912234 0.717417
vt 0.924999 0.716780
vt 0.937540 0.719205
vt 0.886005 0.718465
vt 0.900829 0.708293
vt 0.913403 0.708758
vt 0.925296 0.708577
vt 0.937540 0.708090
vt 0.886006 0.708075
vt 0.886006 0.690407
vt 0.899267 0.689615
vt 0.912282 0.689901
vt 0.924887 0.690956
vt 0.937540 0.690603
vt 0.937540 0.677993
vt 0.886006 0.678200
vt 0.900654 0.677917
vt 0.911983 0.678352
vt 0.923368 0.679066
vt 0.924980 0.673189
vt 0.937540 0.670393
vt 0.925898 0.636741
vt 0.937540 0.636741
vt 0.886006 0.670990
vt 0.901120 0.671472
vt 0.912299 0.674053
vt 0.898854 0.636741
vt 0.911779 0.636741
vt 0.886006 0.636741
vt 0.993543 0.983693
vt 0.983308 0.983693
vt 0.993542 0.941083
vt 0.982398 0.941083
vt 0.993543 0.931390
vt 0.980989 0.931390
vt 0.993543 0.904483
vt 0.982750 0.904483
vt 0.982461 0.896186
vt 0.993543 0.896186
vt 0.970538 0.983693
vt 0.971030 0.941083
vt 0.970826 0.931390
vt 0.972112 0.904483
vt 0.970944 0.896186
vt 0.970598 0.829370
vt 0.982208 0.828813
vt 0.993542 0.828636
vt 0.961122 0.941083
vt 0.960761 0.931390
vt 0.960920 0.904483
vt 0.960660 0.896185
vt 0.959460 0.983693
vt 0.947610 0.941083
vt 0.947610 0.931390
vt 0.947610 0.904483
vt 0.947610 0.896186
vt 0.959120 0.829010
vt 0.947610 0.983693
vt 0.947610 0.828889
vt 0.947610 0.747445
vt 0.959096 0.747445
vt 0.970394 0.747445
vt 0.981731 0.747445
vt 0.993543 0.747445
vt 0.993544 0.728974
vt 0.947610 0.728974
vt 0.960478 0.728974
vt 0.970161 0.728974
vt 0.980031 0.728974
vt 0.993543 0.716376
vt 0.980556 0.716376
vt 0.993543 0.700302
vt 0.960298 0.716376
vt 0.970267 0.716377
vt 0.970538 0.700302
vt 0.980207 0.700302
vt 0.993542 0.684524
vt 0.947610 0.716376
vt 0.960724 0.700302
vt 0.970516 0.684524
vt 0.981412 0.684524
vt 0.981710 0.635277
vt 0.993543 0.635276
vt 0.947610 0.700302
vt 0.960109 0.684524
vt 0.970385 0.635277
vt 0.947610 0.684524
vt 0.958920 0.635276
vt 0.947610 0.635276
vt 0.753329 0.149573
vt 0.744642 0.133753
vt 0.753546 0.125363
vt 0.793921 0.283548
vt 0.775448 0.283521
vt 0.788241 0.296985
vt 0.775448 0.302627
vt 0.761335 0.297179
vt 0.755677 0.283618
vt 0.761470 0.269819
vt 0.775448 0.264369
vt 0.788465 0.269987
vt 0.824878 0.289032
vt 0.811880 0.302634
vt 0.830521 0.302477
vt 0.825105 0.316016
vt 0.811880 0.321664
vt 0.798587 0.316172
vt 0.793007 0.302786
vt 0.798364 0.289310
vt 0.811880 0.283603
vt 0.751564 0.622369
vt 0.745449 0.627981
vt 0.757095 0.636478
vt 0.749544 0.636509
vt 0.745527 0.645052
vt 0.751698 0.650622
vt 0.736934 0.650097
vt 0.738736 0.658378
vt 0.623330 0.658105
vt 0.738551 0.614692
vt 0.736910 0.622930
vt 0.623672 0.623005
vt 0.623708 0.650200
vt 0.623264 0.615101
vt 0.609046 0.621806
vt 0.615981 0.627973
vt 0.615981 0.645240
vt 0.611873 0.636609
vt 0.609081 0.651413
vt 0.602628 0.636611
vt 0.778795 0.918420
vt 0.793672 0.923514
vt 0.778296 0.986142
vt 0.793007 0.988871
vt 0.795335 0.913105
vt 0.779307 0.904004
vt 0.811552 0.926059
vt 0.811847 0.990221
vt 0.813694 0.913794
vt 0.792759 0.903021
vt 0.828336 0.927053
vt 0.829025 0.990745
vt 0.777112 0.656952
vt 0.789214 0.656811
vt 0.801322 0.656703
vt 0.811017 0.900595
vt 0.828246 0.914022
vt 0.775675 0.652725
vt 0.788980 0.652488
vt 0.801308 0.652409
vt 0.813440 0.656617
vt 0.828131 0.899387
vt 0.845255 0.900535
vt 0.842650 0.913748
vt 0.775985 0.638619
vt 0.788935 0.638619
vt 0.801348 0.638619
vt 0.813449 0.652361
vt 0.825667 0.656532
vt 0.837894 0.656437
vt 0.850015 0.656349
vt 0.862125 0.656292
vt 0.863569 0.902561
vt 0.813453 0.638618
vt 0.825638 0.652286
vt 0.837819 0.652170
vt 0.849946 0.652045
vt 0.862255 0.651964
vt 0.875539 0.652029
vt 0.874227 0.656271
vt 0.825522 0.638619
vt 0.837578 0.638619
vt 0.849656 0.638618
vt 0.862031 0.638618
vt 0.874945 0.638619
vt 0.876780 0.917704
vt 0.861321 0.912584
vt 0.844995 0.926053
vt 0.845068 0.990206
vt 0.863483 0.923505
vt 0.863524 0.988841
vt 0.876674 0.985708
vt 0.863570 0.923769
vt 0.877045 0.903291
vt 0.964561 0.599049
vt 0.973639 0.620103
vt 0.809687 0.620097
vt 0.818752 0.599169
vt 0.977382 0.532713
vt 0.974111 0.588715
vt 0.996236 0.595684
vt 0.809282 0.588921
vt 0.806041 0.533301
vt 0.975948 0.475637
vt 0.996236 0.533159
vt 0.787316 0.595904
vt 0.787316 0.533892
vt 0.807324 0.476632
vt 0.816750 0.465877
vt 0.966377 0.464900
vt 0.976254 0.443107
vt 0.996236 0.468978
vt 0.787316 0.470239
vt 0.806803 0.444422
vt 0.853567 0.182757
vt 0.846155 0.171799
vt 0.981154 0.172377
vt 0.973948 0.183008
vt 0.862989 0.200551
vt 0.844222 0.192979
vt 0.834765 0.184537
vt 0.992138 0.184647
vt 0.983030 0.192943
vt 0.964760 0.200435
vt 0.967662 0.236239
vt 0.860291 0.237068
vt 0.842270 0.236964
vt 0.834470 0.236881
vt 0.992961 0.235676
vt 0.985328 0.235871
vt 0.984717 0.279511
vt 0.965894 0.272465
vt 0.862669 0.273959
vt 0.843473 0.281660
vt 0.833644 0.290207
vt 0.994343 0.287626
vt 0.975775 0.289946
vt 0.852949 0.292139
vt 0.845308 0.303502
vt 0.983468 0.300703
vt 0.637467 0.963614
vt 0.628478 0.955837
vt 0.637467 0.958489
vt 0.637467 0.948390
vt 0.628337 0.948390
vt 0.628264 0.941528
vt 0.620025 0.948389
vt 0.620025 0.953641
vt 0.620025 0.960054
vt 0.628503 0.975796
vt 0.637467 0.975796
vt 0.628466 0.991534
vt 0.620025 0.975796
vt 0.017528 0.352002
vt 0.017528 0.334805
vt 0.031814 0.326233
vt 0.048613 0.337275
vt 0.080248 0.351425
vt 0.017528 0.378647
vt 0.079920 0.379891
vt 0.017528 0.394485
vt 0.080367 0.401548
vt 0.017528 0.423361
vt 0.017528 0.468075
vt 0.017528 0.452237
vt 0.079920 0.466831
vt 0.681050 0.320381
vt 0.676265 0.308900
vt 0.081537 0.423361
vt 0.662096 0.570226
vt 0.659415 0.536603
vt 0.676265 0.534017
vt 0.681050 0.522536
vt 0.213095 0.570513
vt 0.248493 0.566673
vt 0.249525 0.581921
vt 0.269670 0.566524
vt 0.080248 0.495296
vt 0.017528 0.494719
vt 0.665604 0.360186
vt 0.662009 0.340775
vt 0.679298 0.372557
vt 0.655776 0.379374
vt 0.662636 0.385468
vt 0.681408 0.403415
vt 0.662282 0.407825
vt 0.673766 0.421459
vt 0.655069 0.421459
vt 0.681408 0.439502
vt 0.662282 0.435092
vt 0.617552 0.273034
vt 0.611884 0.301086
vt 0.579783 0.279274
vt 0.180333 0.580958
vt 0.180301 0.572803
vt 0.617552 0.573688
vt 0.579783 0.567447
vt 0.611884 0.545635
vt 0.648211 0.435592
vt 0.654015 0.447088
vt 0.653139 0.569293
vt 0.648026 0.539356
vt 0.651057 0.593990
vt 0.659999 0.595754
vt 0.648211 0.407325
vt 0.654015 0.395829
vt 0.659415 0.306314
vt 0.644090 0.333778
vt 0.648026 0.303561
vt 0.641277 0.370079
vt 0.421068 0.573067
vt 0.421035 0.581082
vt 0.389706 0.573080
vt 0.662009 0.502142
vt 0.665604 0.482731
vt 0.641277 0.472839
vt 0.655776 0.463543
vt 0.679298 0.470360
vt 0.662636 0.457449
vt 0.644090 0.509140
vt 0.357664 0.573743
vt 0.357948 0.587677
vt 0.048613 0.509446
vt 0.031814 0.520489
vt 0.017528 0.511917
vt 0.331627 0.591928
vt 0.339273 0.573626
vt 0.303668 0.566520
vt 0.080367 0.445174
vt 0.647354 0.393788
vt 0.653139 0.273624
vt 0.662096 0.272691
vt 0.651057 0.248927
vt 0.659999 0.247163
vt 0.647354 0.449129
vt 0.046125 0.306939
vt 0.062458 0.321257
vt 0.091137 0.333891
vt 0.119010 0.340809
vt 0.617126 0.464196
vt 0.629742 0.448848
vt 0.062104 0.292479
vt 0.077297 0.299994
vt 0.098448 0.314503
vt 0.046125 0.539783
vt 0.062458 0.525465
vt 0.062104 0.554243
vt 0.595062 0.492815
vt 0.606114 0.512326
vt 0.591420 0.517060
vt 0.577663 0.543726
vt 0.537893 0.569494
vt 0.557897 0.589422
vt 0.577601 0.303016
vt 0.591356 0.329681
vt 0.606114 0.334396
vt 0.595062 0.353906
vt 0.537893 0.277227
vt 0.557897 0.257300
vt 0.550057 0.324195
vt 0.566230 0.357238
vt 0.567319 0.391130
vt 0.098448 0.532218
vt 0.077297 0.546728
vt 0.091137 0.512831
vt 0.638214 0.421459
vt 0.634211 0.517312
vt 0.605086 0.469247
vt 0.606729 0.421459
vt 0.624551 0.421459
vt 0.566299 0.489505
vt 0.567319 0.455592
vt 0.550466 0.522650
vt 0.595022 0.421459
vt 0.634824 0.326135
vt 0.617126 0.378721
vt 0.605086 0.373671
vt 0.629742 0.394069
vt 0.566789 0.869953
vt 0.576975 0.851474
vt 0.462224 0.357406
vt 0.436847 0.387479
vt 0.469812 0.394089
vt 0.438709 0.423361
vt 0.420454 0.423361
vt 0.468734 0.280352
vt 0.481454 0.308404
vt 0.485563 0.347331
vt 0.485231 0.374926
vt 0.500898 0.399944
vt 0.475565 0.423361
vt 0.490398 0.278170
vt 0.498905 0.303275
vt 0.504842 0.331511
vt 0.508210 0.355771
vt 0.510528 0.380075
vt 0.499127 0.222987
vt 0.507623 0.253766
vt 0.517321 0.290632
vt 0.522122 0.319307
vt 0.524034 0.352802
vt 0.519938 0.381298
vt 0.515207 0.408023
vt 0.530681 0.250269
vt 0.546761 0.396286
vt 0.514266 0.209135
vt 0.550000 0.221875
vt 0.557597 0.423361
vt 0.540128 0.423361
vt 0.093082 0.564803
vt 0.209026 0.381272
vt 0.203421 0.403915
vt 0.200917 0.423361
vt 0.078305 0.580019
vt 0.131649 0.443615
vt 0.132290 0.423361
vt 0.131649 0.403107
vt 0.115157 0.551421
vt 0.119010 0.505913
vt 0.124466 0.474110
vt 0.255148 0.440433
vt 0.230426 0.441480
vt 0.179168 0.512175
vt 0.189670 0.483633
vt 0.209026 0.465450
vt 0.203421 0.442806
vt 0.160581 0.444034
vt 0.158115 0.423361
vt 0.185845 0.526475
vt 0.150662 0.521248
vt 0.155610 0.506580
vt 0.169955 0.465509
vt 0.390637 0.423361
vt 0.096256 0.893534
vt 0.096717 0.904572
vt 0.099834 0.907279
vt 0.095040 0.910957
vt 0.098041 0.922523
vt 0.093542 0.922967
vt 0.095779 0.925424
vt 0.224499 0.991792
vt 0.218610 0.996733
vt 0.218733 0.990697
vt 0.196097 0.996095
vt 0.224541 0.971322
vt 0.219692 0.968329
vt 0.215921 0.945362
vt 0.219754 0.948710
vt 0.436847 0.459243
vt 0.124466 0.372612
vt 0.469812 0.452633
vt 0.462224 0.489315
vt 0.453704 0.540829
vt 0.500898 0.446778
vt 0.485231 0.471796
vt 0.485563 0.499391
vt 0.481454 0.538318
vt 0.468734 0.566370
vt 0.435078 0.572959
vt 0.504915 0.423361
vt 0.515207 0.438699
vt 0.510528 0.466647
vt 0.508210 0.490951
vt 0.504842 0.515211
vt 0.513321 0.423361
vt 0.546758 0.450435
vt 0.519266 0.465297
vt 0.524034 0.493919
vt 0.523290 0.527765
vt 0.498905 0.543446
vt 0.155610 0.340142
vt 0.093082 0.281919
vt 0.078305 0.266703
vt 0.189670 0.363089
vt 0.169955 0.381213
vt 0.160581 0.402688
vt 0.398850 0.411872
vt 0.399789 0.423361
vt 0.398850 0.434850
vt 0.219507 0.966039
vt 0.530681 0.596453
vt 0.507623 0.592956
vt 0.517321 0.556089
vt 0.490398 0.568552
vt 0.481196 0.593408
vt 0.453328 0.589715
vt 0.100343 0.931941
vt 0.098807 0.927168
vt 0.095281 0.927384
vt 0.101167 0.882999
vt 0.098155 0.884187
vt 0.097273 0.889847
vt 0.096740 0.933473
vt 0.471664 0.612410
vt 0.499127 0.623735
vt 0.514266 0.637587
vt 0.550000 0.624847
s 0
g off
g Braum_Material
usemtl Material
f 7/1/1 6/2/2 4/3/3
f 4/3/3 6/2/2 3/4/4
f 4/3/5 3/4/4 2/5/6
f 4/3/3 2/5/6 1/6/7
f 5/7/8 4/3/3 1/6/7
f 10/8/9 9/9/10 8/10/11
f 14/11/12 17/12/13 15/13/14
f 15/13/14 12/14/15 14/11/12
f 12/14/15 11/15/16 14/11/12
f 13/16/17 14/11/18 11/15/16
f 16/17/19 14/11/12 13/16/20
f 21/18/21 20/19/22 19/20/23
f 20/19/22 18/21/24 19/20/23
f 27/22/25 28/23/26 26/24/27
f 27/22/25 26/24/27 25/25/28
f 25/25/28 26/24/27 24/26/29
f 26/24/27 23/27/30 24/26/29
f 24/26/29 23/27/30 22/28/31
f 30/29/32 31/30/33 29/31/34
f 31/30/33 32/32/35 29/31/34
f 34/33/36 35/34/37 33/35/38
f 35/34/39 36/36/40 33/35/38
f 40/15/16 41/14/41 38/29/32
f 37/31/34 40/15/42 38/29/32
f 37/31/43 39/37/44 40/15/16
f 39/37/45 42/16/46 40/15/47
f 52/38/48 51/39/49 48/40/50
f 46/41/51 48/40/50 51/39/49
f 46/41/51 44/42/52 48/40/50
f 48/40/50 44/42/52 43/43/53
f 47/44/54 48/40/50 43/43/53
f 47/44/54 49/45/55 48/40/50
f 49/45/55 47/44/54 45/46/56
f 50/47/57 49/45/55 45/46/56
f 53/48/58 56/8/59 54/49/60
f 56/8/59 53/48/58 55/50/61
f 56/8/59 55/50/61 58/51/62
f 55/50/61 57/52/63 58/51/62
f 57/52/63 59/53/64 58/51/62
f 69/23/26 66/54/65 68/55/66
f 69/23/26 68/55/66 65/56/67
f 67/24/27 69/23/26 65/56/67
f 67/24/27 65/56/67 64/57/68
f 63/27/30 67/24/27 64/57/68
f 63/27/30 64/57/68 62/58/69
f 61/59/70 63/27/30 62/58/69
f 63/27/30 61/59/70 60/28/31
f 74/20/71 75/21/72 72/19/73
f 71/18/74 74/20/71 72/19/73
f 71/18/74 70/60/75 74/20/71
f 74/20/71 70/60/75 73/61/76
f 81/55/66 76/49/77 77/48/78
f 80/62/79 81/55/66 77/48/80
f 81/55/66 80/62/79 79/63/81
f 78/56/67 81/55/66 79/63/81
f 84/18/74 82/64/82 83/60/75
f 89/48/80 88/49/77 86/8/9
f 89/48/78 86/8/9 87/50/83
f 92/62/79 89/48/80 87/50/83
f 92/62/79 87/50/83 91/63/81
f 87/50/83 85/52/84 91/63/81
f 90/56/67 91/63/81 85/52/84
f 94/65/85 93/66/86 95/67/87
f 96/68/88 94/65/85 95/67/89
f 97/23/90 101/24/91 103/56/92
f 98/55/93 97/23/94 103/56/92
f 98/55/95 103/56/92 102/63/96
f 100/62/97 98/55/93 102/63/96
f 104/25/98 101/24/91 99/22/99
f 101/24/91 104/25/98 105/26/100
f 107/27/101 101/24/91 105/26/100
f 101/24/91 107/27/101 106/57/102
f 103/56/92 101/24/103 106/57/102
f 107/27/101 105/26/100 108/28/104
f 109/59/70 107/27/101 108/28/105
f 107/27/101 109/59/70 111/58/69
f 106/57/102 107/27/101 111/58/69
f 106/57/102 111/58/69 110/53/106
f 111/58/69 112/57/68 110/53/106
s 80
f 116/35/38 114/69/107 117/33/36
f 114/69/107 113/70/108 117/33/36
f 117/33/36 113/70/108 115/71/109
s 0
f 121/72/98 119/73/110 120/68/111
f 122/74/100 121/72/98 120/68/88
f 124/75/112 122/74/100 120/68/88
f 125/76/31 122/74/100 124/75/112
f 120/68/88 118/67/87 124/75/112
f 118/67/87 123/77/113 124/75/112
f 126/78/114 124/75/112 123/77/113
f 126/78/114 125/76/105 124/75/112
f 126/78/114 128/75/115 125/76/31
f 128/75/115 130/74/29 125/76/31
f 130/74/29 128/75/115 132/68/116
f 131/72/28 130/74/29 132/68/116
f 133/73/25 131/72/28 132/68/116
f 127/79/117 126/78/114 123/77/113
f 127/79/117 129/77/118 126/78/114
f 129/77/119 128/75/115 126/78/114
f 128/75/115 129/77/119 134/67/120
f 132/68/116 128/75/115 134/67/120
f 135/65/121 132/68/116 134/67/120
f 135/65/121 133/73/25 132/68/116
f 140/69/122 138/12/13 139/70/108
f 139/70/108 138/12/13 136/11/12
f 137/17/19 139/70/108 136/11/12
f 139/70/108 137/17/123 141/71/109
f 144/66/124 143/65/121 142/67/120
f 149/48/58 150/49/125 145/55/93
f 146/62/97 149/48/58 145/55/93
f 149/48/58 146/62/97 151/50/61
f 146/62/97 147/63/96 151/50/61
f 147/63/96 152/52/63 151/50/61
f 147/63/96 148/56/92 152/52/63
f 148/56/92 153/57/102 152/52/63
f 152/52/63 153/57/102 154/53/126
f 155/8/59 157/10/11 156/9/127
f 157/10/11 155/8/59 158/51/62
f 162/8/9 157/10/11 158/51/62
f 163/50/83 162/8/9 158/51/62
f 163/50/83 158/51/62 161/52/84
f 158/51/128 159/53/106 161/52/84
f 160/57/68 161/52/84 159/53/126
f 160/57/68 164/56/67 161/52/84
f 166/39/129 165/38/130 170/40/131
f 166/39/129 170/40/131 173/41/132
f 170/40/131 176/42/133 173/41/132
f 177/43/134 176/42/133 170/40/131
f 170/40/131 172/44/135 177/43/134
f 170/40/131 169/45/136 172/44/135
f 174/46/137 172/44/135 169/45/136
f 174/46/137 169/45/136 167/47/138
f 171/80/139 174/46/137 167/47/138
f 171/80/139 167/47/138 168/81/140
f 175/82/141 171/80/139 168/81/140
f 180/83/142 179/32/143 178/30/33
f 227/84/144 233/38/145 230/85/124
f 237/86/146 233/38/130 227/84/144
f 233/38/130 237/86/146 242/40/131
f 242/40/131 237/86/146 241/45/136
f 237/86/147 236/87/148 241/45/136
f 241/45/136 236/87/148 239/47/138
f 236/87/148 234/88/149 239/47/138
f 239/47/138 234/88/150 240/81/140
f 234/88/151 235/89/152 240/81/140
f 240/81/140 235/89/152 238/90/153
f 230/85/154 223/91/120 227/84/144
f 223/91/120 218/92/119 227/84/144
f 218/92/119 216/93/155 227/84/144
f 231/94/156 227/84/144 216/93/155
f 231/94/157 237/86/146 227/84/144
f 237/86/146 231/94/156 236/87/148
f 231/94/158 232/95/159 236/87/148
f 236/87/148 232/95/159 234/88/149
f 234/88/149 232/95/159 225/96/160
f 234/88/150 225/96/160 228/97/161
f 235/89/152 234/88/149 228/97/162
f 218/92/119 208/98/117 216/93/155
f 210/99/163 216/93/155 208/98/117
f 216/93/155 210/99/164 217/100/165
f 217/100/165 231/94/166 216/93/155
f 217/100/165 222/101/167 231/94/166
f 232/95/159 231/94/166 222/101/167
f 224/102/168 232/95/159 222/101/169
f 225/96/160 232/95/159 224/102/168
f 225/96/160 224/102/168 228/97/170
f 224/102/168 226/103/171 228/97/162
f 228/97/162 226/103/171 229/104/172
f 229/104/172 235/89/152 228/97/162
f 210/99/163 215/105/173 217/100/165
f 215/105/174 219/106/175 217/100/165
f 219/106/175 222/101/167 217/100/165
f 222/101/167 219/106/175 221/107/176
f 221/107/176 226/103/171 222/101/167
f 226/103/171 224/102/168 222/101/167
f 210/99/163 209/108/177 215/105/173
f 209/108/177 211/109/178 215/105/179
f 211/109/178 219/106/175 215/105/180
f 211/109/178 212/110/181 219/106/175
f 219/106/175 212/110/181 221/107/176
f 221/107/176 212/110/181 214/111/182
f 220/112/183 221/107/176 214/111/182
f 221/107/176 220/112/183 226/103/171
f 220/112/183 229/104/172 226/103/171
f 207/105/184 209/108/177 210/99/163
f 209/108/177 207/105/184 211/109/178
f 207/105/184 203/106/185 211/109/178
f 203/106/185 212/110/181 211/109/178
f 200/107/186 212/110/181 203/106/185
f 212/110/181 200/107/186 214/111/182
f 200/107/186 201/112/187 214/111/182
f 214/111/182 201/112/187 213/113/188
f 220/112/183 214/111/182 213/113/188
f 205/100/189 207/105/184 210/99/190
f 205/100/191 203/106/185 207/105/184
f 205/100/192 199/101/193 203/106/185
f 200/107/186 203/106/185 199/101/193
f 194/103/194 200/107/186 199/101/193
f 194/103/194 201/112/187 200/107/186
f 194/103/194 191/104/195 201/112/187
f 191/104/195 198/114/196 201/112/187
f 201/112/187 198/114/197 202/115/198
f 201/112/187 202/115/198 213/113/188
f 205/100/199 210/99/163 206/93/200
f 189/94/201 205/100/191 206/93/200
f 189/94/201 199/101/193 205/100/191
f 189/94/201 188/95/202 199/101/193
f 188/95/202 196/102/203 199/101/193
f 196/102/203 194/103/194 199/101/193
f 194/103/194 196/102/203 192/97/204
f 191/104/195 194/103/194 192/97/204
f 208/98/117 206/93/200 210/99/163
f 206/93/200 208/98/117 204/92/113
f 206/93/200 204/92/113 193/84/205
f 193/84/205 189/94/201 206/93/200
f 184/86/206 189/94/201 193/84/205
f 184/86/206 185/87/207 189/94/201
f 185/87/207 188/95/202 189/94/201
f 186/88/208 188/95/202 185/87/207
f 195/96/209 188/95/202 186/88/208
f 196/102/203 188/95/202 195/96/209
f 196/102/203 195/96/209 192/97/204
f 204/92/210 197/91/87 193/84/205
f 193/84/205 197/91/87 190/85/86
f 190/85/86 187/38/48 193/84/205
f 187/38/48 184/86/206 193/84/205
f 184/86/206 187/38/48 181/40/50
f 181/40/50 182/45/55 184/86/206
f 182/45/55 185/87/207 184/86/206
f 185/87/207 182/45/55 183/47/57
f 186/88/208 185/87/207 183/47/57
f 321/116/76 267/117/211 290/118/212
f 290/118/213 267/117/211 272/119/214
f 267/117/211 255/120/215 272/119/214
f 255/120/215 268/121/216 272/119/217
f 268/121/216 255/120/215 260/122/218
f 260/122/219 255/120/215 244/123/220
f 247/124/221 260/122/219 244/123/220
f 260/122/219 247/124/221 258/125/222
f 271/126/223 260/122/219 258/125/222
f 282/80/224 260/122/219 271/126/223
f 299/127/75 267/117/211 321/116/76
f 286/128/225 267/117/211 299/127/226
f 252/129/227 267/117/211 286/128/82
f 267/117/211 252/129/227 255/120/215
f 252/129/227 244/123/220 255/120/215
f 252/129/227 243/130/228 244/123/229
f 247/124/221 244/123/220 243/130/230
f 246/131/231 247/124/221 243/130/230
f 254/132/232 247/124/221 246/131/231
f 258/125/222 247/124/221 254/132/232
f 259/133/233 258/125/222 254/132/232
f 271/126/223 258/125/222 259/133/233
f 281/134/234 252/129/227 286/128/82
f 264/135/235 252/129/227 281/134/234
f 252/129/227 264/135/235 249/136/236
f 249/136/236 243/130/230 252/129/227
f 243/130/230 249/136/236 245/137/237
f 246/131/231 243/130/230 245/137/237
f 248/138/238 246/131/239 245/137/237
f 248/138/238 253/139/240 246/131/239
f 253/139/241 256/140/242 246/131/231
f 256/140/242 254/132/232 246/131/231
f 259/133/233 254/132/232 256/140/242
f 281/134/234 288/141/243 264/135/235
f 288/141/244 266/142/245 264/135/235
f 264/135/235 266/142/245 257/143/246
f 264/135/235 257/143/246 249/136/236
f 257/143/246 251/144/247 249/136/236
f 249/136/236 251/144/247 245/137/237
f 245/137/237 251/144/247 250/145/248
f 248/138/238 245/137/237 250/145/249
f 253/139/250 248/138/238 250/145/251
f 287/146/252 266/142/245 288/141/244
f 300/147/253 287/146/252 288/141/254
f 300/147/253 315/148/255 287/146/252
f 251/144/247 253/149/240 250/145/256
f 257/143/246 253/149/250 251/144/247
f 266/142/245 263/150/257 257/143/246
f 263/150/257 253/151/240 257/143/246
f 365/97/204 369/96/209 347/88/208
f 347/88/208 345/89/258 365/97/204
f 345/89/258 363/104/195 365/97/204
f 363/104/195 345/89/258 350/152/259
f 350/152/259 362/153/260 363/104/195
f 372/114/197 363/104/195 362/153/260
f 322/81/261 345/89/258 347/88/208
f 334/90/262 345/89/258 322/81/261
f 334/90/262 350/152/259 345/89/258
f 338/154/263 350/152/259 334/90/262
f 338/154/263 340/155/264 350/152/259
f 340/155/264 351/156/265 350/152/259
f 350/152/259 351/156/265 362/153/260
f 329/47/57 322/81/261 347/88/266
f 329/47/57 282/80/267 322/81/261
f 282/80/224 277/82/268 322/81/261
f 277/82/268 291/157/269 322/81/261
f 291/157/269 334/90/262 322/81/261
f 338/154/263 334/90/270 291/157/269
f 313/158/271 338/154/263 291/157/269
f 313/158/271 326/159/272 338/154/263
f 326/159/272 340/155/264 338/154/263
f 341/160/273 340/155/264 326/159/272
f 341/160/273 352/161/274 340/155/264
f 352/161/274 351/156/265 340/155/264
f 277/82/268 282/80/275 271/126/276
f 276/162/277 277/82/268 271/126/223
f 291/157/269 277/82/268 276/162/277
f 292/163/278 291/157/269 276/162/279
f 292/163/278 301/164/280 291/157/269
f 301/164/280 313/158/271 291/157/269
f 284/165/281 313/158/282 301/164/280
f 284/165/281 316/166/283 313/158/271
f 313/158/271 316/166/283 326/159/272
f 327/167/284 326/159/272 316/166/283
f 327/167/284 341/160/273 326/159/272
f 276/162/277 271/126/223 279/168/285
f 283/169/286 276/162/277 279/168/285
f 276/162/277 283/169/286 292/163/278
f 292/163/278 283/169/286 297/170/287
f 297/170/287 301/164/280 292/163/278
f 293/171/288 301/164/280 297/170/287
f 301/164/289 293/171/290 284/165/281
f 293/171/290 274/172/291 284/165/281
f 274/172/291 295/173/292 284/165/281
f 284/165/281 295/173/292 316/166/283
f 271/126/223 265/174/293 279/168/285
f 279/168/285 265/174/293 296/175/294
f 279/168/285 296/175/294 283/169/286
f 296/175/294 298/176/295 283/169/286
f 283/169/286 298/176/295 297/170/287
f 298/176/295 314/177/296 297/170/287
f 314/177/296 309/178/297 297/170/287
f 293/171/288 297/170/287 309/178/297
f 265/174/293 271/126/223 259/133/233
f 265/174/298 259/133/233 256/140/242
f 261/179/299 265/174/293 256/140/242
f 266/180/245 265/174/293 261/179/299
f 278/181/300 265/174/293 266/180/245
f 265/174/293 278/181/300 296/175/294
f 296/175/294 278/181/301 294/182/302
f 319/183/303 296/175/294 294/182/302
f 319/183/304 294/182/302 328/184/305
f 328/184/305 294/182/302 324/185/306
f 261/179/299 256/140/242 253/139/307
f 263/186/308 261/179/299 253/139/250
f 263/186/257 266/180/309 261/179/299
f 324/185/310 294/182/302 320/187/311
f 320/187/311 294/182/302 315/188/255
f 294/182/302 278/181/300 315/188/255
f 278/181/300 287/189/252 315/188/255
f 287/189/252 278/181/300 266/180/245
f 296/175/294 319/190/304 298/176/295
f 308/191/312 298/176/295 319/190/303
f 308/191/312 314/177/296 298/176/295
f 314/177/296 308/191/312 325/192/313
f 337/193/314 314/177/315 325/192/313
f 309/178/297 314/177/296 337/193/314
f 308/191/312 319/190/303 328/194/305
f 304/195/316 308/191/312 328/194/305
f 308/191/312 304/195/316 325/192/313
f 330/196/317 325/192/313 304/195/316
f 330/196/317 348/197/318 325/192/313
f 348/197/318 337/193/314 325/192/313
f 337/193/314 348/197/318 361/198/319
f 337/193/314 361/198/319 343/199/320
f 343/199/320 309/178/297 337/193/314
f 343/199/320 307/200/321 309/178/297
f 293/171/288 309/178/297 307/200/321
f 328/194/305 280/201/322 304/195/316
f 280/201/323 330/196/317 304/195/316
f 312/202/324 330/196/317 280/201/322
f 312/202/324 344/203/325 330/196/317
f 344/203/325 348/197/318 330/196/317
f 344/203/325 360/204/326 348/197/318
f 360/204/326 366/205/327 348/197/318
f 348/197/318 366/205/327 361/198/319
f 328/194/305 324/206/306 280/201/328
f 324/206/306 269/207/329 280/201/323
f 269/207/330 312/202/324 280/201/323
f 305/208/331 312/202/324 269/207/332
f 312/202/324 305/208/331 339/209/333
f 344/203/325 312/202/324 339/209/333
f 339/209/333 360/204/334 344/203/325
f 339/209/333 354/210/335 360/204/326
f 360/204/326 354/210/335 381/211/336
f 384/212/337 360/204/326 381/211/336
f 360/204/326 384/212/337 366/205/327
f 269/207/332 324/206/306 273/213/338
f 273/213/338 305/208/331 269/207/332
f 273/213/338 289/214/339 305/208/331
f 289/214/340 310/215/341 305/208/331
f 339/209/333 305/208/331 310/215/342
f 332/216/343 339/209/333 310/215/341
f 354/210/335 339/209/333 332/216/343
f 355/217/344 354/210/335 332/216/343
f 354/210/335 355/217/344 379/218/345
f 381/211/336 354/210/335 379/218/345
f 273/213/338 324/206/306 320/219/311
f 320/219/311 289/214/340 273/213/346
f 315/220/255 289/214/340 320/219/311
f 311/221/347 289/214/340 315/220/255
f 311/221/347 310/215/341 289/214/340
f 311/221/347 332/216/348 310/215/341
f 335/222/349 332/216/343 311/221/347
f 355/217/344 332/216/343 335/222/349
f 356/223/350 355/217/344 335/222/349
f 355/217/344 356/223/350 379/218/345
f 356/223/350 375/224/351 379/218/345
f 311/221/347 315/220/255 300/225/253
f 306/226/352 311/221/347 300/225/253
f 306/226/352 335/222/349 311/221/347
f 335/222/349 306/226/352 323/227/353
f 359/228/354 335/222/349 323/227/353
f 359/228/354 356/223/350 335/222/349
f 288/229/243 306/226/352 300/225/253
f 323/227/353 306/226/352 288/229/244
f 323/227/353 288/229/243 281/230/234
f 336/231/355 323/227/353 281/230/234
f 303/232/356 336/231/355 281/230/234
f 336/231/355 303/232/356 331/233/357
f 342/234/358 336/231/355 331/233/357
f 303/232/356 281/230/359 286/235/82
f 302/236/74 303/232/356 286/235/82
f 331/233/357 303/232/356 302/236/74
f 317/237/73 331/233/357 302/236/74
f 384/212/360 385/238/361 366/205/327
f 361/198/319 366/205/327 385/238/361
f 383/239/362 361/198/319 385/238/361
f 361/198/319 383/239/362 367/240/363
f 361/198/319 367/240/363 343/199/320
f 343/199/320 367/240/363 353/241/364
f 343/199/320 353/241/364 333/242/365
f 307/200/321 343/199/320 333/242/365
f 383/239/362 382/243/366 367/240/363
f 380/244/367 367/240/363 382/243/366
f 353/241/364 367/240/363 380/244/367
f 370/245/368 353/241/364 380/244/367
f 370/245/368 349/246/369 353/241/364
f 349/246/369 333/242/365 353/241/364
f 349/246/369 346/247/370 333/242/365
f 346/247/370 318/248/371 333/242/365
f 307/200/321 333/242/365 318/248/371
f 382/243/366 383/239/362 393/240/372
f 382/243/366 393/240/372 380/244/367
f 380/244/367 393/240/372 399/241/373
f 399/241/373 391/245/374 380/244/367
f 391/245/374 378/249/375 380/244/367
f 378/249/375 370/245/368 380/244/367
f 378/249/375 377/250/376 370/245/368
f 377/250/376 374/251/377 370/245/368
f 349/246/369 370/245/368 374/251/377
f 364/252/378 349/246/369 374/251/377
f 364/252/378 358/253/379 349/246/369
f 358/253/379 346/247/370 349/246/369
f 391/245/374 399/241/373 403/246/380
f 391/245/374 403/246/380 386/251/381
f 386/251/381 377/250/376 391/245/374
f 377/250/376 378/249/375 391/245/374
f 399/241/373 410/242/382 403/246/380
f 404/247/383 403/246/380 410/242/382
f 404/247/384 397/253/385 403/246/380
f 397/253/385 394/252/386 403/246/380
f 403/246/380 394/252/386 386/251/381
f 394/252/386 390/254/387 386/251/381
f 386/251/381 390/254/387 387/115/388
f 386/251/381 387/115/388 376/113/188
f 377/250/376 386/251/381 376/113/188
f 413/248/389 404/247/390 410/242/382
f 404/247/383 413/248/391 411/167/392
f 406/160/393 404/247/384 411/167/392
f 406/160/393 400/161/394 404/247/383
f 400/161/394 397/253/385 404/247/383
f 413/248/389 410/242/382 416/200/395
f 416/200/395 418/255/396 413/248/397
f 418/255/396 419/256/398 413/248/389
f 413/248/389 419/256/399 417/173/400
f 413/248/389 417/173/400 414/166/401
f 411/167/392 413/248/389 414/166/401
f 414/166/401 412/159/402 411/167/392
f 411/167/392 412/159/402 406/160/393
f 412/159/402 407/155/403 406/160/393
f 406/160/393 407/155/403 400/161/394
f 418/255/396 416/200/395 421/257/404
f 419/256/398 418/255/396 421/257/405
f 422/258/406 419/256/407 421/257/408
f 419/256/398 422/258/406 420/172/409
f 417/173/400 419/256/398 420/172/409
f 422/258/406 421/257/410 420/172/411
f 412/159/402 414/166/401 415/158/412
f 412/159/402 415/158/412 408/154/413
f 407/155/403 412/159/402 408/154/413
f 407/155/403 408/154/413 402/152/414
f 401/156/415 407/155/403 402/152/414
f 407/155/403 401/156/415 400/161/394
f 398/259/416 400/161/394 401/156/415
f 400/161/394 398/259/416 397/253/385
f 409/90/153 402/152/414 408/154/413
f 405/89/152 402/152/414 409/90/153
f 402/152/414 405/89/152 395/104/172
f 395/104/172 396/153/417 402/152/414
f 401/156/415 402/152/414 396/153/417
f 398/259/416 401/156/415 396/153/417
f 396/153/417 392/260/418 398/259/416
f 398/259/416 392/260/418 397/253/385
f 397/253/385 392/260/418 390/254/387
f 397/253/385 390/254/387 394/252/386
f 396/153/417 395/104/172 389/114/419
f 396/153/417 389/114/419 392/260/418
f 390/254/387 392/260/418 389/114/419
f 390/254/387 389/114/419 387/115/388
f 387/115/388 389/114/419 388/112/183
f 387/115/388 388/112/183 376/113/188
f 388/112/183 389/114/419 395/104/172
f 374/251/377 377/250/376 376/113/188
f 373/115/198 374/251/377 376/113/188
f 374/251/377 373/115/198 371/254/420
f 374/251/377 371/254/420 364/252/378
f 364/252/378 371/254/420 358/253/379
f 371/254/420 368/260/421 358/253/379
f 358/253/379 368/260/421 357/259/422
f 352/161/274 358/253/379 357/259/423
f 358/253/379 352/161/274 346/247/370
f 373/115/198 372/114/197 371/254/420
f 372/114/196 368/260/421 371/254/420
f 368/260/421 372/114/197 362/153/260
f 357/259/423 368/260/421 362/153/260
f 351/156/265 357/259/423 362/153/260
f 351/156/265 352/161/274 357/259/423
f 352/161/274 341/160/273 346/247/370
f 341/160/273 327/167/284 346/247/370
f 327/167/284 318/248/371 346/247/370
f 327/167/284 316/166/283 318/248/371
f 316/166/283 295/173/292 318/248/371
f 295/173/292 275/256/424 318/248/371
f 318/248/371 275/256/424 285/255/425
f 318/248/371 285/255/425 307/200/321
f 270/257/426 307/200/321 285/255/425
f 293/171/427 307/200/428 270/257/429
f 293/171/430 270/257/431 274/172/291
f 274/172/291 275/256/424 295/173/292
f 274/172/291 262/258/432 275/256/424
f 262/258/432 270/257/429 275/256/433
f 270/257/429 285/255/425 275/256/424
f 270/257/434 262/258/435 274/172/291
f 429/41/51 432/118/212 427/119/214
f 425/42/436 429/41/51 427/119/214
f 427/119/217 426/121/216 425/42/436
f 426/121/437 424/43/53 425/42/436
f 426/121/216 430/44/54 424/43/53
f 428/46/56 430/44/54 426/121/216
f 426/121/216 423/122/219 428/46/56
f 423/122/219 431/80/224 428/46/56
f 431/80/224 433/47/57 428/46/56
f 439/119/438 434/118/439 437/41/132
f 441/42/133 439/119/438 437/41/132
f 439/119/438 441/42/133 440/121/440
f 441/42/441 442/43/134 440/121/442
f 436/44/135 440/121/440 442/43/134
f 440/121/440 436/44/135 438/46/137
f 438/46/137 443/122/443 440/121/440
f 438/46/137 435/80/139 443/122/443
f 493/237/22 508/236/21 483/233/444
f 508/236/21 507/232/445 483/233/444
f 507/232/445 478/231/446 483/233/444
f 478/231/446 474/234/447 483/233/444
f 474/234/447 478/231/446 463/261/448
f 478/231/446 464/262/449 463/261/448
f 463/261/448 464/262/449 453/263/450
f 508/236/21 524/235/451 507/232/445
f 524/235/451 528/230/452 507/232/445
f 507/232/445 528/230/452 478/231/446
f 528/230/452 488/227/453 478/231/446
f 464/262/449 478/231/446 488/227/453
f 466/228/454 464/262/449 488/227/453
f 464/262/449 466/228/454 452/264/455
f 464/262/449 452/264/455 453/263/450
f 453/263/450 452/264/455 449/262/456
f 450/261/457 453/263/450 449/262/456
f 450/261/457 449/262/456 445/231/355
f 446/234/358 450/261/457 445/231/355
f 528/230/452 522/229/458 488/227/453
f 522/229/458 504/226/459 488/227/453
f 488/227/453 504/226/459 479/222/460
f 488/227/453 479/222/460 466/228/454
f 479/222/460 467/223/461 466/228/454
f 466/228/454 467/223/461 454/265/462
f 466/228/454 454/265/462 452/264/455
f 452/264/455 454/265/462 448/228/354
f 449/262/456 452/264/455 448/228/354
f 449/262/456 448/228/354 444/227/353
f 445/231/355 449/262/456 444/227/353
f 504/226/459 522/229/458 510/225/463
f 499/221/464 504/226/459 510/225/463
f 504/226/459 499/221/464 479/222/460
f 499/221/464 482/216/465 479/222/460
f 479/222/460 482/216/465 468/217/466
f 467/223/461 479/222/460 468/217/466
f 467/223/461 468/217/466 455/218/345
f 451/224/351 467/223/461 455/218/345
f 467/223/461 451/224/351 454/265/462
f 454/265/462 451/224/351 447/223/350
f 448/228/354 454/265/462 447/223/350
f 510/225/463 495/220/467 499/221/464
f 495/220/467 521/214/468 499/221/464
f 521/214/468 500/215/469 499/221/464
f 500/215/469 482/216/465 499/221/464
f 475/209/470 482/216/465 500/215/469
f 475/209/470 469/210/471 482/216/465
f 469/210/471 468/217/466 482/216/465
f 455/218/345 468/217/466 469/210/471
f 491/219/472 521/214/468 495/220/467
f 535/213/473 521/214/468 491/219/472
f 521/214/474 535/213/473 505/208/475
f 500/215/476 521/214/468 505/208/477
f 505/208/475 475/209/470 500/215/478
f 505/208/475 498/202/479 475/209/470
f 498/202/479 472/203/480 475/209/470
f 472/203/480 465/204/481 475/209/470
f 465/204/481 469/210/471 475/209/470
f 456/211/336 469/210/471 465/204/481
f 456/211/336 455/218/345 469/210/471
f 491/219/472 487/206/482 535/213/473
f 535/213/473 487/206/482 539/207/483
f 535/213/473 539/207/483 505/208/475
f 539/207/484 498/202/479 505/208/475
f 539/207/484 529/201/485 498/202/479
f 529/201/486 484/196/487 498/202/479
f 472/203/480 498/202/479 484/196/487
f 471/197/488 472/203/480 484/196/487
f 465/204/481 472/203/480 471/197/488
f 461/205/489 465/204/481 471/197/488
f 465/204/481 461/205/489 458/212/337
f 458/212/337 456/211/336 465/204/481
f 529/201/486 539/207/483 487/206/490
f 485/194/491 529/201/486 487/206/482
f 506/195/492 529/201/485 485/194/491
f 529/201/493 506/195/494 484/196/487
f 506/195/492 486/192/495 484/196/487
f 471/197/488 484/196/487 486/192/495
f 477/193/496 471/197/488 486/192/495
f 477/193/496 462/198/497 471/197/488
f 462/198/497 461/205/489 471/197/488
f 459/238/361 461/205/489 462/198/497
f 461/205/489 459/238/361 458/212/337
f 502/191/498 506/195/499 485/194/491
f 506/195/492 502/191/498 486/192/495
f 502/191/498 496/177/500 486/192/495
f 486/192/495 496/177/500 477/193/496
f 477/193/496 496/177/500 501/178/501
f 473/199/502 477/193/496 501/178/501
f 462/198/497 477/193/496 473/199/502
f 460/240/372 462/198/497 473/199/502
f 457/239/362 462/198/497 460/240/372
f 457/239/362 459/238/361 462/198/497
f 492/190/503 502/191/498 485/194/491
f 492/190/503 512/176/504 502/191/498
f 512/176/504 496/177/500 502/191/498
f 496/177/500 512/176/504 513/170/505
f 501/178/501 496/177/500 513/170/505
f 501/178/501 513/170/505 517/171/506
f 503/200/395 501/178/501 517/171/506
f 501/178/501 503/200/395 473/199/502
f 503/200/395 481/242/382 473/199/502
f 481/242/382 470/241/373 473/199/502
f 470/241/373 460/240/372 473/199/502
f 512/176/504 492/190/503 514/175/507
f 512/176/504 514/175/507 526/169/508
f 513/170/505 512/176/504 526/169/508
f 518/163/509 513/170/505 526/169/508
f 518/163/509 509/164/510 513/170/505
f 513/170/505 509/164/510 517/171/506
f 517/171/506 509/164/510 525/165/511
f 534/172/409 517/171/506 525/165/511
f 538/257/405 517/171/506 534/172/411
f 538/257/410 503/200/395 517/171/512
f 514/175/507 530/168/513 526/169/508
f 526/169/508 530/168/513 533/162/514
f 518/163/509 526/169/508 533/162/514
f 519/157/515 518/163/509 533/162/514
f 518/163/509 519/157/515 509/164/510
f 519/157/515 497/158/412 509/164/510
f 509/164/510 497/158/412 525/165/511
f 497/158/412 494/166/401 525/165/511
f 494/166/401 515/173/400 525/165/511
f 525/165/511 515/173/400 534/172/411
f 530/168/513 514/175/507 543/174/516
f 530/168/513 543/174/516 537/126/517
f 530/168/513 537/126/518 533/162/514
f 532/82/141 533/162/514 537/126/518
f 532/82/141 519/157/515 533/162/514
f 532/82/141 489/81/140 519/157/515
f 489/81/140 480/90/153 519/157/515
f 480/90/153 476/154/413 519/157/515
f 476/154/413 497/158/412 519/157/515
f 514/175/507 531/181/519 543/174/516
f 542/180/520 543/174/516 531/181/519
f 546/179/521 543/174/516 542/180/520
f 543/174/516 546/179/521 551/140/522
f 548/133/523 543/174/516 551/140/522
f 548/133/523 537/126/517 543/174/516
f 516/182/524 531/181/519 514/175/507
f 531/181/519 516/182/524 495/188/467
f 523/189/525 531/181/519 495/188/467
f 523/189/525 542/180/520 531/181/519
f 492/183/503 516/182/524 514/175/507
f 485/184/491 516/182/524 492/183/503
f 487/185/482 516/182/524 485/184/491
f 491/187/472 516/182/524 487/185/526
f 495/188/467 516/182/524 491/187/472
f 545/186/527 546/179/521 542/180/520
f 554/139/528 546/179/521 545/186/527
f 554/139/528 551/140/522 546/179/521
f 561/131/529 551/140/522 554/139/528
f 551/140/522 561/131/529 553/132/530
f 551/140/522 553/132/530 548/133/523
f 553/132/530 549/125/531 548/133/523
f 548/133/523 549/125/531 537/126/517
f 559/138/532 561/131/529 554/139/533
f 559/138/532 562/137/534 561/131/535
f 562/137/534 564/130/536 561/131/529
f 561/131/529 564/130/536 560/124/537
f 561/131/529 560/124/538 553/132/530
f 553/132/530 560/124/538 549/125/531
f 549/125/531 560/124/538 547/122/443
f 549/125/531 547/122/443 537/126/518
f 537/126/517 547/122/443 527/80/139
f 527/80/139 532/82/141 537/126/518
f 557/145/539 559/138/532 554/139/528
f 557/145/539 562/137/534 559/138/532
f 557/145/540 556/144/541 562/137/534
f 556/144/541 558/136/542 562/137/534
f 558/136/542 564/130/536 562/137/534
f 555/129/543 564/130/536 558/136/542
f 563/123/544 564/130/536 555/129/543
f 564/130/536 563/123/544 560/124/538
f 560/124/538 563/123/544 547/122/443
f 557/145/539 554/149/528 556/144/545
f 556/144/541 554/149/546 550/143/547
f 558/136/548 556/144/541 550/143/547
f 558/136/542 550/143/547 544/135/549
f 555/129/543 558/136/550 544/135/549
f 528/134/452 555/129/543 544/135/549
f 524/128/451 555/129/543 528/134/452
f 524/128/451 541/117/551 555/129/543
f 555/129/543 541/117/551 552/120/552
f 563/123/544 555/129/543 552/120/552
f 563/123/544 552/120/552 547/122/443
f 550/143/547 542/142/520 544/135/549
f 544/135/549 542/142/520 522/141/458
f 544/135/549 522/141/458 528/134/452
f 550/143/547 545/150/527 542/142/520
f 550/143/547 554/151/546 545/150/527
f 542/142/520 523/146/525 522/141/458
f 523/146/525 510/147/463 522/141/458
f 523/146/525 495/148/467 510/147/463
f 511/127/553 541/117/551 524/128/554
f 490/116/555 541/117/551 511/127/553
f 520/118/439 541/117/551 490/116/555
f 541/117/551 520/118/439 536/119/438
f 552/120/552 541/117/551 536/119/438
f 536/119/438 540/121/440 552/120/552
f 547/122/443 552/120/552 540/121/440
f 566/20/71 565/61/76 567/266/556
f 570/267/557 568/268/558 569/269/559
f 569/269/559 571/270/560 570/267/557
f 571/270/561 569/269/559 572/66/86
f 572/66/86 573/271/562 571/270/560
f 578/272/563 571/270/564 573/271/562
f 576/273/565 578/272/563 573/271/562
f 576/273/565 580/274/566 578/272/563
f 578/272/563 580/274/566 582/275/567
f 572/66/86 574/65/85 573/271/562
f 575/73/110 573/271/562 574/65/85
f 575/73/110 577/73/568 573/271/569
f 577/73/568 579/276/570 573/271/562
f 579/276/570 576/273/565 573/271/562
f 576/273/565 579/276/570 580/274/571
f 579/276/570 581/277/572 580/274/566
f 580/274/566 581/277/572 583/278/573
f 580/274/571 583/278/573 582/275/567
f 585/73/574 584/65/85 586/68/88
f 594/271/575 592/73/25 593/65/121
f 594/271/575 591/73/576 592/73/25
f 594/271/577 590/276/578 591/73/576
f 591/73/576 590/276/578 589/72/579
f 588/277/580 589/72/579 590/276/578
f 587/279/581 589/72/579 588/277/580
f 612/271/575 611/65/121 613/66/124
f 614/270/582 612/271/575 613/66/124
f 612/271/575 614/270/583 608/272/584
f 612/271/577 608/272/584 610/273/585
f 612/271/575 610/273/585 607/276/578
f 607/276/578 610/273/585 606/274/586
f 605/277/580 607/276/578 606/274/586
f 605/277/580 606/274/586 601/278/573
f 602/280/587 605/277/580 601/278/573
f 602/280/587 603/281/588 605/277/580
f 603/281/588 604/279/589 605/277/580
f 608/272/584 614/270/583 609/282/590
f 600/275/567 608/272/584 609/282/590
f 608/272/584 600/275/567 606/274/586
f 608/272/584 606/274/586 610/273/585
f 600/275/567 601/278/573 606/274/586
f 598/277/572 602/280/591 601/278/573
f 602/280/592 598/277/572 603/281/588
f 598/277/572 599/279/593 603/281/588
f 598/277/572 597/72/594 599/279/593
f 596/276/570 597/72/595 598/277/572
f 597/72/595 596/276/570 595/73/568
f 618/283/579 619/54/65 620/22/596
f 615/284/597 619/54/65 618/283/579
f 619/54/65 615/284/597 616/9/10
f 617/49/77 619/54/65 616/9/10
f 619/54/65 617/49/77 621/55/66
f 623/284/598 626/285/599 627/286/588
f 624/287/600 626/285/599 623/284/598
f 622/9/127 624/287/600 623/284/598
f 625/10/11 624/287/600 622/9/127
f 634/288/589 632/284/597 635/283/579
f 634/288/589 631/286/588 632/284/597
f 631/286/588 630/285/599 632/284/597
f 632/284/597 630/285/599 628/287/600
f 633/9/10 632/284/597 628/287/600
f 633/9/10 628/287/600 629/10/11
f 638/49/77 636/9/10 637/8/9
f 640/22/110 639/23/94 641/22/601
f 642/24/91 639/23/94 640/22/574
f 645/22/602 646/54/603 647/283/595
f 643/23/90 646/54/603 645/22/601
f 646/54/603 643/23/90 644/55/93
f 648/49/60 646/54/603 644/55/93
f 652/288/593 655/284/598 656/286/588
f 655/284/598 652/288/593 650/283/595
f 649/54/603 655/284/598 650/283/594
f 654/9/127 655/284/598 649/54/603
f 651/49/60 654/9/127 649/54/603
f 653/8/59 654/9/127 651/49/60
f 659/39/49 661/289/558 660/290/556
f 659/39/49 660/290/556 658/118/212
f 659/39/49 658/118/212 657/41/51
f 664/290/556 663/116/76 662/118/212
f 669/85/86 668/291/559 667/38/48
f 667/38/48 668/291/559 666/289/604
f 665/39/49 667/38/48 666/289/558
f 673/266/605 675/61/555 674/20/23
f 671/292/606 673/266/607 674/20/23
f 673/266/607 671/292/606 670/293/608
f 672/268/609 673/266/605 670/293/608
f 676/294/610 677/292/606 678/20/23
f 682/289/611 680/291/612 681/38/130
f 681/38/613 680/291/612 679/85/124
f 684/22/614 683/54/65 685/23/26
f 688/290/607 687/289/609 689/39/129
f 689/39/129 687/289/609 686/38/130
f 722/295/615 727/292/606 720/296/616
f 726/293/608 727/292/606 722/295/615
f 726/293/608 722/295/615 723/297/617
f 723/297/617 724/267/618 726/293/608
f 724/267/618 728/268/609 726/293/608
f 725/269/612 728/268/609 724/267/618
f 724/267/618 719/270/583 725/269/612
f 718/66/124 725/269/612 719/270/583
f 722/295/615 720/296/616 713/298/619
f 715/299/620 722/295/615 713/298/619
f 721/300/621 722/295/615 715/299/620
f 722/295/615 721/300/621 723/297/617
f 712/301/622 723/297/617 721/300/621
f 716/302/623 723/297/617 712/301/622
f 716/302/623 724/267/618 723/297/617
f 714/282/590 724/267/618 716/302/623
f 719/270/582 724/267/618 714/282/590
f 715/299/620 713/298/624 711/303/625
f 705/304/626 715/299/620 711/303/625
f 715/299/620 705/304/626 717/305/627
f 717/305/627 721/300/621 715/299/620
f 717/305/627 712/301/622 721/300/621
f 717/305/627 706/306/628 712/301/622
f 706/306/628 707/307/629 712/301/622
f 707/307/629 708/308/630 712/301/622
f 708/308/630 716/302/623 712/301/622
f 716/302/623 708/308/630 709/309/631
f 714/282/590 716/302/623 709/309/631
f 700/299/632 705/304/626 711/303/625
f 705/304/626 700/299/632 698/305/633
f 706/306/628 705/304/626 698/305/634
f 705/304/626 706/306/628 717/305/627
f 703/298/635 700/299/632 711/303/625
f 694/295/636 700/299/632 703/298/635
f 694/295/636 695/300/637 700/299/632
f 695/300/637 698/305/638 700/299/632
f 695/300/637 704/301/639 698/305/634
f 698/305/633 704/301/639 706/306/628
f 704/301/639 707/307/629 706/306/628
f 707/307/629 704/301/639 708/308/630
f 704/301/639 699/302/640 708/308/630
f 708/308/630 699/302/640 709/309/631
f 699/302/640 701/282/641 709/309/631
f 709/309/631 701/282/641 710/275/567
f 709/309/631 710/275/567 714/282/590
f 696/296/642 694/295/636 703/298/635
f 690/292/643 694/295/636 696/296/642
f 694/295/636 690/292/643 691/293/644
f 691/293/645 693/297/646 694/295/636
f 693/297/646 695/300/637 694/295/636
f 695/300/637 693/297/646 704/301/639
f 704/301/639 693/297/646 699/302/640
f 693/297/646 692/267/557 699/302/640
f 699/302/640 692/267/557 701/282/641
f 701/282/641 692/267/557 697/270/564
f 701/282/641 697/270/560 702/272/563
f 701/282/641 702/272/563 710/275/567
f 732/118/439 731/116/555 729/290/607
f 732/118/439 729/290/607 730/39/129
f 733/41/132 732/118/439 730/39/647
f 737/292/643 738/294/648 734/20/71
f 737/292/649 734/20/71 735/266/556
f 739/293/644 737/292/643 735/266/556
f 736/268/558 739/293/645 735/266/556
f 739/293/645 736/268/558 740/267/557
f 741/297/646 739/293/644 740/267/557
f 742/22/576 744/23/26 743/22/25
f 747/310/650 746/311/651 745/312/652
f 748/313/651 749/314/650 750/315/653
f 749/314/650 751/316/654 750/315/655
f 753/317/656 750/315/653 751/316/657
f 752/318/658 750/315/653 753/317/656
f 754/319/659 752/318/660 753/317/656
f 755/320/661 757/311/651 756/321/662
f 763/322/663 764/323/664 760/324/665
f 760/324/665 759/325/666 763/322/663
f 759/325/666 762/326/667 763/322/663
f 759/325/666 758/327/668 762/326/667
f 758/327/668 761/328/669 762/326/667
f 768/322/663 773/329/670 769/323/664
f 768/322/663 771/330/671 773/329/670
f 768/322/663 767/326/667 771/330/672
f 767/326/667 766/328/669 771/330/672
f 766/328/669 770/331/673 771/330/674
f 765/332/675 770/331/673 766/328/669
f 765/332/675 772/333/676 770/331/673
f 774/327/668 775/334/662 778/328/669
f 775/334/662 777/332/675 778/328/669
f 775/334/662 776/313/651 777/332/675
f 776/313/651 779/315/653 777/332/675
f 777/332/675 779/315/653 780/318/658
f 781/333/677 777/332/675 780/318/658
f 781/333/676 780/318/660 782/319/678
f 783/335/679 785/336/668 786/337/666
f 784/338/680 783/335/679 786/337/666
f 787/314/650 788/339/681 789/316/654
f 788/339/681 790/340/682 789/316/654
f 792/341/683 789/316/654 790/340/682
f 791/317/656 789/316/654 792/341/683
f 792/341/683 793/342/684 791/317/656
f 795/343/685 797/344/686 799/345/687
f 798/346/681 795/343/685 799/345/688
f 798/346/681 796/310/650 795/343/685
f 796/310/650 794/312/652 795/343/685
f 803/347/665 801/338/689 802/337/666
f 801/338/689 803/347/665 800/348/690
f 805/330/672 810/349/691 808/329/670
f 805/330/672 807/350/692 810/349/691
f 805/330/672 804/331/673 807/350/692
f 804/331/673 806/333/676 807/350/692
f 806/333/676 809/351/693 807/350/692
f 813/349/691 814/352/694 816/353/695
f 813/349/691 811/350/696 814/352/697
f 814/352/697 811/350/698 815/354/699
f 811/350/700 812/351/693 815/354/699
f 817/339/681 818/355/687 819/340/682
f 818/355/687 820/356/701 819/340/682
f 823/357/702 822/341/683 821/340/682
f 834/358/703 836/359/704 835/360/705
f 833/361/706 834/358/703 835/360/707
f 834/358/703 833/361/706 829/362/708
f 832/363/709 834/358/703 829/362/708
f 832/363/709 829/362/708 826/364/710
f 827/365/711 832/363/709 826/364/710
f 827/365/711 826/364/710 824/366/712
f 825/367/713 827/365/711 824/366/712
f 827/365/711 825/367/713 828/368/714
f 830/369/715 827/365/711 828/368/714
f 830/369/715 828/368/714 831/370/716
f 839/371/717 837/372/718 838/373/719
f 840/374/720 839/371/717 838/373/719
f 839/371/717 840/374/720 843/375/721
f 841/376/722 839/371/717 843/375/721
f 841/376/723 843/375/721 845/377/724
f 844/378/725 841/376/723 845/377/724
f 845/377/724 847/379/726 844/378/725
f 844/378/725 847/379/726 851/380/727
f 842/381/728 840/374/720 838/373/719
f 842/381/728 846/382/729 840/374/720
f 846/382/729 843/375/721 840/374/720
f 843/375/721 846/382/729 849/383/730
f 845/377/724 843/375/721 849/383/730
f 849/383/730 850/384/731 845/377/724
f 850/384/731 848/385/732 845/377/724
f 845/377/724 848/385/732 847/379/726
f 852/372/718 854/371/717 853/366/712
f 854/371/717 856/376/722 853/366/712
f 856/376/723 855/367/713 853/366/712
f 856/376/723 857/378/725 855/367/713
f 857/378/725 858/368/714 855/367/713
f 858/368/714 857/378/725 859/380/727
f 860/370/716 858/368/714 859/380/727
f 872/386/733 871/387/734 873/388/735
f 864/380/727 861/379/726 866/389/736
f 866/389/736 861/379/726 867/390/737
f 861/379/726 862/385/732 867/390/737
f 867/390/737 862/385/738 865/391/739
f 869/392/740 867/390/737 865/391/739
f 870/393/741 869/392/740 865/391/739
f 868/394/742 870/393/741 865/391/739
f 870/393/741 868/394/742 871/387/734
f 872/386/733 870/393/741 871/387/734
f 865/391/739 862/385/732 863/384/731
f 868/394/742 865/391/739 863/384/731
f 868/394/742 863/384/731 871/387/734
f 877/395/743 878/396/744 879/397/745
f 878/396/744 877/395/743 875/398/746
f 876/399/747 878/396/748 875/398/746
f 875/398/746 874/400/749 876/399/747
f 881/401/750 880/402/707 882/403/704
f 883/404/751 881/401/750 882/403/704
f 883/404/751 882/403/704 884/405/752
f 882/403/704 885/406/753 884/405/752
f 884/405/752 885/406/753 886/407/754
f 889/408/755 887/409/756 888/401/750
f 893/404/751 889/408/755 888/401/750
f 889/408/755 893/404/751 895/405/752
f 890/410/757 889/408/755 895/405/752
f 890/410/757 895/405/752 897/407/754
f 896/411/758 890/410/757 897/407/754
f 891/412/759 890/410/757 896/411/758
f 891/412/759 896/411/758 894/413/760
f 894/413/760 892/388/761 891/412/759
f 898/414/762 900/409/756 901/415/763
f 900/409/756 905/408/755 901/415/763
f 905/408/755 906/410/757 901/415/763
f 906/410/757 902/416/764 901/415/763
f 902/416/764 906/410/757 907/412/759
f 902/416/764 907/412/759 904/417/765
f 908/388/735 904/417/765 907/412/759
f 903/387/734 904/417/765 908/388/735
f 899/384/731 904/417/765 903/387/734
f 916/395/743 918/397/753 917/359/704
f 914/358/703 916/395/743 917/359/704
f 916/395/743 914/358/703 912/363/709
f 915/398/746 916/395/743 912/363/709
f 912/363/709 909/365/711 915/398/746
f 909/365/711 910/369/715 915/398/746
f 910/369/715 913/400/766 915/398/746
f 913/400/766 910/369/715 911/370/716
f 919/381/728 921/414/762 920/382/729
f 921/414/762 924/415/763 920/382/729
f 922/383/730 920/382/729 924/415/763
f 925/416/764 922/383/730 924/415/763
f 922/383/730 925/416/764 926/417/765
f 923/384/731 922/383/767 926/417/765
f 927/418/768 928/419/769 929/420/770
f 938/421/771 941/422/772 937/423/773
f 941/422/774 939/424/775 937/423/773
f 937/423/773 939/424/775 933/425/776
f 939/424/775 935/426/777 933/425/776
f 935/426/778 936/427/779 933/425/776
f 936/427/779 934/428/780 933/425/776
f 933/425/776 934/428/780 932/429/781
f 931/430/782 933/425/776 932/429/781
f 931/430/782 932/429/781 930/431/783
f 939/424/775 941/422/774 942/432/784
f 942/432/784 940/433/785 939/424/775
f 955/434/786 961/435/787 958/436/788
f 958/436/788 953/437/789 955/434/786
f 955/434/786 953/437/790 951/438/791
f 953/437/789 950/439/792 951/438/791
f 951/438/791 950/439/792 946/440/793
f 948/441/794 951/438/791 946/440/793
f 948/441/794 946/440/793 945/442/795
f 948/441/794 945/442/795 947/443/796
f 958/436/788 961/435/787 964/444/797
f 964/444/797 963/421/771 958/436/788
f 963/421/771 959/445/798 958/436/788
f 958/436/788 959/445/798 956/446/799
f 956/446/799 953/437/789 958/436/788
f 952/447/800 953/437/789 956/446/799
f 953/437/789 952/447/800 950/439/792
f 952/447/800 949/448/801 950/439/792
f 950/439/792 949/448/801 944/420/770
f 946/440/793 950/439/792 944/420/770
f 943/419/769 946/440/793 944/420/770
f 945/442/795 946/440/793 943/419/769
f 959/445/798 963/421/771 962/423/773
f 959/445/798 962/423/773 960/425/776
f 957/430/782 959/445/802 960/425/776
f 959/445/798 957/430/782 956/446/799
f 956/446/799 957/430/782 954/431/783
f 954/431/783 952/447/800 956/446/799
f 967/449/803 966/441/794 965/443/796
f 970/435/787 968/434/786 969/450/804
f 976/451/805 978/452/771 979/453/797
f 978/452/771 976/451/805 981/454/772
f 976/451/805 977/455/806 981/454/772
f 977/455/806 980/456/807 981/454/774
f 980/456/807 982/457/784 981/454/774
f 976/451/805 974/458/808 977/455/806
f 974/458/809 975/459/810 977/455/806
f 977/455/806 975/459/810 973/460/811
f 980/456/807 977/455/806 973/460/811
f 972/461/812 975/459/810 974/458/809
f 973/460/811 975/459/810 972/461/812
f 971/462/813 973/460/811 972/461/812
f 988/463/813 994/464/807 989/465/814
f 995/466/784 994/464/807 988/463/813
f 987/467/815 995/466/784 988/463/813
f 995/466/784 987/467/816 985/468/817
f 993/469/818 995/466/784 985/468/817
f 993/469/818 985/468/819 986/470/820
f 992/471/775 993/469/818 986/470/821
f 992/471/822 986/470/823 990/472/778
f 986/470/820 984/473/824 990/472/777
f 990/472/778 984/473/825 991/474/826
f 984/473/824 983/475/827 991/474/826
f 999/476/828 997/477/820 998/478/816
f 998/478/816 1000/462/813 999/476/828
f 1000/462/813 1001/461/812 999/476/828
f 999/476/828 1001/461/812 1003/479/829
f 1003/479/830 1001/461/812 1004/458/809
f 1003/479/830 1004/458/809 1002/480/831
f 1006/481/832 1002/480/831 1004/458/809
f 1007/451/833 1006/481/832 1004/458/809
f 1006/481/832 1007/451/834 1009/453/797
f 1005/482/835 1006/481/832 1009/453/797
f 996/483/817 998/478/816 997/477/820
f 1008/484/787 1005/482/835 1009/453/797
f 1013/418/768 1012/485/836 1016/486/837
f 1017/419/769 1013/418/768 1016/486/837
f 1016/486/837 1022/487/838 1017/419/769
f 1022/487/838 1020/442/795 1017/419/769
f 1010/488/839 1014/489/824 1011/490/840
f 1014/489/824 1015/491/841 1011/490/840
f 1011/490/840 1015/491/841 1012/485/836
f 1015/491/841 1016/486/837 1012/485/836
f 1016/486/837 1015/491/841 1019/492/842
f 1022/487/838 1016/486/837 1019/492/842
f 1025/493/843 1022/487/838 1019/492/842
f 1020/442/795 1022/487/838 1025/493/843
f 1023/494/844 1020/442/795 1025/493/843
f 1020/442/795 1023/494/844 1024/443/796
f 1024/443/796 1023/494/844 1027/495/845
f 1026/496/846 1024/443/796 1027/495/845
f 1015/491/841 1014/489/824 1018/477/820
f 1019/492/842 1015/491/841 1018/477/820
f 1019/492/842 1018/477/820 1021/476/828
f 1021/476/828 1025/493/843 1019/492/842
f 1025/493/847 1021/476/828 1029/479/848
f 1025/493/843 1029/479/830 1023/494/844
f 1029/479/849 1028/480/831 1023/494/844
f 1023/494/844 1028/480/831 1027/495/845
f 1028/480/831 1031/481/832 1027/495/845
f 1031/481/832 1030/482/835 1027/495/845
f 1032/497/850 1033/498/851 1034/499/852
f 1038/500/853 1039/501/854 1036/502/855
f 1037/503/856 1039/501/854 1038/500/853
f 1037/503/856 1035/504/857 1039/501/854
f 1040/505/858 1042/506/859 1044/507/860
f 1044/507/860 1042/506/859 1045/508/861
f 1043/509/862 1044/507/863 1045/508/861
f 1043/509/862 1045/508/861 1041/510/864
f 1049/511/865 1046/512/866 1050/513/867
f 1046/512/866 1047/514/868 1050/513/867
f 1050/513/867 1047/514/868 1048/497/850
f 1050/513/867 1048/497/850 1051/499/852
f 1051/499/852 1053/515/869 1050/513/867
f 1052/516/870 1053/515/869 1051/499/852
f 1052/516/870 1054/517/871 1053/515/869
f 1052/516/870 1055/518/872 1054/517/871
f 1056/519/873 1057/520/874 1058/509/862
f 1060/521/875 1061/520/874 1059/522/876
f 1060/521/875 1059/522/876 1062/523/877
f 1064/524/878 1065/525/879 1066/526/880
f 1064/524/881 1063/527/882 1065/525/883
f 1068/528/884 1067/529/885 1070/530/886
f 1067/529/885 1069/531/887 1070/530/886
f 1072/532/888 1073/533/889 1071/531/887
f 1075/534/890 1077/535/891 1078/536/892
f 1074/537/893 1075/534/890 1078/536/892
f 1074/537/893 1078/536/892 1076/499/852
f 1078/536/892 1079/516/870 1076/499/852
f 1087/538/894 1088/539/895 1085/532/888
f 1083/531/887 1082/529/885 1080/540/896
f 1081/541/897 1083/531/887 1080/540/896
f 1081/541/897 1084/542/898 1083/531/887
f 1085/532/888 1083/531/887 1084/542/898
f 1087/538/894 1085/532/888 1084/542/898
f 1084/542/898 1086/543/899 1087/538/894
f 1089/544/900 1092/540/896 1094/529/885
f 1090/511/865 1092/540/896 1089/544/900
f 1093/541/897 1092/540/896 1090/511/865
f 1091/513/867 1093/541/897 1090/511/865
f 1095/515/869 1093/541/897 1091/513/867
f 1093/541/897 1095/515/869 1097/542/898
f 1096/517/871 1097/542/898 1095/515/869
f 1098/543/899 1097/542/898 1096/517/871
f 1100/545/901 1101/537/893 1102/499/852
f 1102/499/852 1099/498/902 1100/545/901
f 1108/546/903 1109/547/904 1110/548/905
f 1109/547/904 1108/546/903 1105/502/855
f 1104/549/906 1109/547/907 1105/502/855
f 1107/501/854 1104/549/906 1105/502/855
f 1103/504/857 1104/549/908 1107/501/854
f 1103/504/857 1106/550/909 1104/549/906
f 1117/524/881 1118/526/880 1116/551/910
f 1116/551/910 1114/552/911 1117/524/912
f 1114/552/911 1115/527/882 1117/524/881
f 1115/527/913 1114/552/911 1113/553/914
f 1115/527/882 1113/553/914 1111/554/915
f 1115/527/916 1111/554/917 1112/555/918
f 1120/556/919 1119/552/911 1121/551/920
f 1122/557/921 1123/558/922 1124/559/923
f 1124/559/923 1123/558/922 1126/560/924
f 1123/558/922 1125/561/925 1126/560/924
f 1130/559/926 1128/535/891 1127/557/927
f 1128/535/891 1130/559/923 1129/536/892
f 1129/536/892 1130/559/926 1131/516/870
f 1130/559/923 1132/560/928 1131/516/870
f 1132/560/929 1133/518/872 1131/516/870
f 1134/562/861 1136/498/930 1135/563/931
f 1146/564/884 1144/565/932 1145/566/933
f 1144/565/934 1143/567/935 1145/566/885
f 1141/568/936 1145/566/885 1143/567/935
f 1141/568/936 1142/569/900 1145/566/885
f 1142/569/900 1141/568/936 1138/570/937
f 1142/569/900 1138/570/937 1140/571/938
f 1138/570/937 1137/572/939 1140/571/938
f 1140/571/938 1137/572/939 1139/573/940
f 1148/574/941 1147/523/877 1149/575/942
f 1161/554/917 1162/567/943 1160/576/944
f 1158/577/945 1162/567/935 1161/554/917
f 1162/567/935 1158/577/945 1159/568/936
f 1158/577/945 1155/578/946 1159/568/936
f 1155/578/946 1153/579/947 1159/568/936
f 1153/579/947 1156/570/937 1159/568/936
f 1156/570/937 1153/579/947 1151/580/948
f 1154/572/939 1156/570/937 1151/580/948
f 1154/572/939 1151/580/948 1150/581/949
f 1152/582/950 1154/572/939 1150/581/949
f 1154/572/939 1152/582/950 1157/573/940
f 1165/534/890 1164/537/893 1163/583/951
f 1175/584/952 1174/577/945 1176/554/915
f 1174/577/945 1175/584/952 1173/585/953
f 1172/578/954 1174/577/945 1173/585/953
f 1169/586/955 1172/578/946 1173/585/953
f 1171/579/947 1172/578/946 1169/586/955
f 1170/580/948 1171/579/947 1169/586/955
f 1166/587/956 1170/580/948 1169/586/955
f 1168/581/949 1170/580/948 1166/587/956
f 1167/588/957 1168/581/949 1166/587/956
f 1178/589/938 1180/511/865 1179/544/900
f 1180/511/865 1178/589/938 1177/590/940
f 1196/591/922 1193/592/958 1197/593/925
f 1188/594/959 1193/592/958 1196/591/922
f 1188/594/959 1190/595/960 1193/592/961
f 1190/595/960 1195/552/911 1193/592/958
f 1195/552/911 1190/595/960 1187/596/962
f 1191/597/963 1195/552/911 1187/596/964
f 1195/552/911 1191/597/963 1194/553/914
f 1192/598/921 1188/594/959 1196/591/922
f 1188/594/959 1192/598/921 1186/548/905
f 1184/547/904 1188/594/959 1186/548/905
f 1188/594/959 1184/547/904 1190/595/960
f 1184/547/907 1187/596/964 1190/595/960
f 1187/596/965 1184/547/904 1181/549/906
f 1182/550/909 1187/596/964 1181/549/906
f 1191/597/963 1187/596/964 1182/550/909
f 1183/585/953 1191/597/963 1182/550/909
f 1194/553/914 1191/597/963 1183/585/953
f 1185/584/952 1194/553/914 1183/585/953
f 1194/553/914 1185/584/952 1189/554/917
f 1200/593/925 1198/592/958 1201/556/919
f 1198/592/958 1199/552/911 1201/556/919
f 1206/586/955 1211/585/953 1210/599/966
f 1206/586/955 1210/599/966 1204/600/967
f 1203/601/968 1206/586/955 1204/600/967
f 1202/587/956 1206/586/955 1203/601/968
f 1202/587/956 1203/601/968 1207/602/969
f 1208/603/970 1202/587/956 1207/602/969
f 1205/588/957 1202/587/956 1208/603/970
f 1209/574/941 1205/588/957 1208/603/970
f 1214/545/901 1213/498/971 1212/562/861
f 1228/599/966 1238/585/953 1236/550/909
f 1236/550/909 1232/504/857 1228/599/966
f 1232/504/857 1219/604/972 1228/599/966
f 1219/604/972 1217/600/967 1228/599/966
f 1217/600/973 1219/604/972 1229/605/974
f 1220/520/874 1217/600/967 1229/605/974
f 1217/600/967 1220/520/874 1215/601/968
f 1220/520/874 1216/521/875 1215/601/968
f 1215/601/968 1216/521/875 1224/602/969
f 1216/521/875 1223/523/877 1224/602/969
f 1224/602/969 1223/523/877 1225/603/970
f 1223/523/877 1226/574/975 1225/603/970
f 1219/604/972 1232/504/857 1233/606/976
f 1221/607/977 1219/604/972 1233/606/978
f 1219/604/972 1221/607/979 1230/608/980
f 1219/604/981 1230/608/980 1229/605/982
f 1230/608/980 1231/507/860 1229/605/974
f 1231/507/860 1227/509/862 1229/605/974
f 1227/509/862 1220/520/874 1229/605/974
f 1233/606/976 1232/504/857 1235/503/856
f 1234/609/983 1233/606/976 1235/503/856
f 1233/606/976 1234/609/983 1222/610/984
f 1221/607/985 1233/606/976 1222/610/984
f 1218/505/858 1221/607/977 1222/610/986
f 1221/607/979 1218/505/858 1231/507/860
f 1221/607/977 1231/507/860 1230/608/980
f 1234/609/983 1235/503/856 1237/500/853
f 1234/609/983 1237/500/853 1239/611/951
f 1240/526/880 1242/612/987 1241/613/894
f 1244/614/988 1245/381/728 1243/373/719
f 1244/614/988 1246/414/762 1245/381/728
f 1256/361/706 1257/360/705 1254/615/989
f 1253/616/990 1256/361/706 1254/615/989
f 1255/362/708 1256/361/706 1253/616/990
f 1252/617/991 1255/362/708 1253/616/990
f 1252/617/991 1250/618/992 1255/362/708
f 1250/618/992 1251/364/710 1255/362/708
f 1248/619/993 1251/364/710 1250/618/994
f 1251/364/710 1248/619/995 1249/366/712
f 1248/619/995 1247/372/718 1249/366/712
f 1265/620/996 1269/621/997 1271/622/879
f 1269/621/997 1276/623/998 1271/622/879
f 1271/622/879 1276/623/998 1277/624/987
f 1276/623/998 1283/625/999 1277/624/987
f 1277/624/987 1283/625/999 1279/626/895
f 1283/625/999 1285/627/1000 1279/626/895
f 1279/626/895 1285/627/1000 1278/628/889
f 1269/621/997 1272/629/994 1276/623/998
f 1272/629/992 1281/630/991 1276/623/998
f 1276/623/998 1281/630/991 1283/625/999
f 1281/630/991 1286/631/990 1283/625/999
f 1283/625/999 1286/631/990 1285/627/1000
f 1286/631/990 1288/632/989 1285/627/1000
f 1285/627/1000 1288/632/989 1287/633/1001
f 1284/634/1002 1285/627/1000 1287/633/1001
f 1285/627/1000 1284/634/1002 1278/628/889
f 1278/628/889 1284/634/1002 1273/635/886
f 1284/634/1002 1280/636/1003 1273/635/886
f 1273/635/886 1280/636/1003 1267/637/884
f 1280/636/1003 1270/638/1004 1267/637/884
f 1267/637/884 1270/638/1004 1261/639/932
f 1284/634/1002 1287/633/1001 1282/640/1005
f 1280/636/1003 1284/634/1002 1282/640/1005
f 1280/636/1003 1282/640/1005 1270/638/1004
f 1282/640/1005 1274/641/988 1270/638/1004
f 1270/638/1004 1274/641/988 1264/642/1006
f 1270/638/1004 1264/642/1006 1261/639/932
f 1261/639/932 1264/642/1006 1258/643/944
f 1264/642/1006 1260/644/1007 1258/643/944
f 1258/643/944 1260/644/1008 1262/645/1009
f 1259/646/918 1258/643/944 1262/645/1009
f 1259/646/918 1262/645/1009 1265/647/996
f 1262/645/1009 1269/648/997 1265/647/996
f 1274/641/988 1268/649/1010 1264/642/1006
f 1264/642/1006 1268/649/719 1260/644/1007
f 1268/649/719 1263/650/718 1260/644/1007
f 1260/644/1007 1263/650/718 1262/645/1009
f 1263/650/1011 1266/651/995 1262/645/1009
f 1266/651/995 1272/652/1012 1262/645/1009
f 1272/652/994 1269/648/997 1262/645/1009
f 1277/612/987 1279/653/895 1275/613/894
f 1290/654/1005 1291/414/762 1289/614/988
f 1291/414/762 1290/654/1005 1292/409/756
f 1293/525/879 1295/612/987 1294/526/880
f 1298/555/918 1297/554/917 1296/576/944
f 1301/401/750 1299/655/1001 1300/402/705
f 1303/655/1001 1304/409/756 1302/654/1005
f 1305/401/750 1304/409/756 1303/655/1001
f 1307/527/882 1308/656/996 1309/525/879
f 1308/656/996 1307/527/882 1306/555/918
f 1310/655/1001 1311/657/989 1312/402/707
f 1315/565/932 1313/576/944 1314/567/1013
f 1318/533/889 1317/530/886 1316/531/887
f 1321/539/895 1320/533/889 1319/532/888
f 1324/658/1014 1323/659/1015 1322/660/1016
f 1322/660/1016 1325/661/1017 1324/658/1014
f 1325/661/1017 1326/662/1018 1324/658/1014
f 1326/662/1018 1325/661/1017 1327/663/1019
f 1332/664/1020 1336/665/1021 1338/666/1022
f 1337/667/1023 1332/664/1024 1338/666/1022
f 1331/668/1025 1332/664/1024 1337/667/1023
f 1334/669/1026 1331/668/1025 1337/667/1023
f 1331/668/1025 1334/669/1026 1329/670/1027
f 1331/668/1025 1329/670/1027 1330/671/1028
f 1329/670/1027 1328/672/1029 1330/671/1028
f 1330/671/1028 1328/672/1029 1335/673/1030
f 1328/672/1029 1333/674/1031 1335/673/1030
f 1335/673/1030 1333/674/1031 1339/675/1032
f 1342/660/1016 1341/676/1033 1340/677/1034
f 1343/659/1015 1341/676/1033 1342/660/1016
f 1347/678/1035 1349/679/1036 1348/680/1037
f 1349/679/1036 1347/678/1035 1351/681/1038
f 1347/678/1035 1350/682/1039 1351/681/1038
f 1352/683/1040 1351/681/1038 1350/682/1039
f 1350/682/1041 1354/684/1042 1352/683/1040
f 1356/685/1043 1352/683/1040 1354/684/1042
f 1356/685/1043 1355/686/1044 1352/683/1040
f 1346/687/1045 1347/678/1035 1348/680/1046
f 1346/687/1047 1344/688/1048 1347/678/1035
f 1347/678/1035 1344/688/1048 1345/689/1049
f 1345/689/1049 1350/682/1039 1347/678/1035
f 1350/682/1039 1345/689/1049 1353/690/1050
f 1354/684/1042 1350/682/1039 1353/690/1050
f 1354/684/1042 1353/690/1050 1357/691/1051
f 1358/692/1052 1354/684/1042 1357/691/1051
f 1358/692/1052 1356/685/1043 1354/684/1042
f 1359/693/1053 1356/685/1043 1358/692/1052
f 1361/694/1054 1360/695/1055 1362/677/1034
f 1364/696/1056 1363/670/1027 1365/695/1055
f 1373/665/1021 1369/664/1024 1372/687/1057
f 1369/664/1024 1368/688/1048 1372/687/1057
f 1369/664/1024 1367/668/1025 1368/688/1048
f 1367/668/1025 1366/671/1028 1368/688/1048
f 1368/688/1048 1366/671/1028 1371/689/1049
f 1366/671/1028 1370/673/1030 1371/689/1049
f 1371/689/1049 1370/673/1030 1375/690/1050
f 1370/673/1030 1374/675/1032 1375/690/1050
f 1376/691/1051 1375/690/1050 1374/675/1032
f 1380/697/1058 1377/679/1036 1378/681/1038
f 1381/698/1059 1380/697/1058 1378/681/1038
f 1381/698/1059 1378/681/1038 1379/683/1040
f 1382/686/1044 1381/698/1059 1379/683/1040
f 1385/699/1060 1381/698/1059 1382/686/1044
f 1385/699/1060 1382/686/1044 1383/685/1043
f 1384/693/1053 1385/699/1060 1383/685/1043
f 1386/672/1029 1388/700/1061 1389/674/1031
f 1388/700/1061 1386/672/1029 1387/670/1027
f 1390/700/1061 1392/701/1062 1391/674/1031
f 1396/702/1063 1395/663/1019 1394/703/1064
f 1393/661/1017 1394/703/1064 1395/663/1019
f 1397/674/1031 1400/704/1065 1401/675/1032
f 1397/674/1031 1398/701/1062 1400/704/1065
f 1398/701/1062 1399/705/1066 1400/704/1067
f 1406/703/1064 1404/706/1068 1407/707/1069
f 1404/706/1068 1406/703/1064 1402/708/1070
f 1406/703/1064 1405/661/1017 1402/708/1070
f 1403/660/1016 1402/708/1070 1405/661/1017
f 1413/709/1071 1414/691/1051 1410/675/1032
f 1413/709/1071 1410/675/1032 1409/704/1065
f 1412/710/1072 1413/709/1071 1409/704/1065
f 1412/710/1072 1409/704/1065 1408/705/1066
f 1411/711/1073 1412/710/1072 1408/705/1066
f 1421/712/1018 1422/713/1019 1420/692/1052
f 1419/691/1051 1421/712/1018 1420/692/1052
f 1421/712/1018 1419/691/1051 1417/709/1071
f 1418/714/1014 1421/712/1018 1417/709/1071
f 1418/714/1014 1417/709/1071 1415/710/1072
f 1416/715/1015 1418/714/1014 1415/710/1072
f 1425/716/1074 1423/692/1052 1424/713/1019
f 1434/717/1075 1430/666/1022 1435/718/1076
f 1433/719/1077 1430/666/1078 1434/717/1075
f 1429/667/1023 1430/666/1022 1433/719/1077
f 1429/667/1023 1433/719/1077 1436/720/1079
f 1428/669/1026 1429/667/1023 1436/720/1079
f 1432/721/1080 1428/669/1026 1436/720/1079
f 1428/669/1026 1432/721/1080 1427/695/1055
f 1428/669/1026 1427/695/1055 1426/670/1027
f 1434/717/1081 1435/718/1076 1441/722/1082
f 1438/723/1083 1434/717/1075 1441/722/1084
f 1433/719/1077 1434/717/1075 1438/723/1083
f 1437/724/1085 1433/719/1077 1438/723/1086
f 1436/720/1079 1433/719/1077 1437/724/1085
f 1436/720/1079 1437/724/1085 1442/706/1068
f 1439/708/1070 1436/720/1079 1442/706/1068
f 1439/708/1070 1432/721/1080 1436/720/1079
f 1432/721/1080 1439/708/1070 1440/660/1016
f 1432/721/1080 1440/660/1016 1431/677/1034
f 1432/721/1080 1431/677/1034 1427/695/1055
f 1438/723/1083 1441/722/1082 1443/725/1087
f 1437/724/1085 1438/723/1083 1443/725/1087
f 1442/706/1068 1437/724/1085 1443/725/1088
f 1443/725/1087 1444/726/1089 1442/706/1068
f 1447/535/891 1445/727/1090 1446/557/921
f 1448/728/1091 1449/729/1092 1450/730/1093
f 1453/583/1094 1452/731/1095 1455/732/1096
f 1455/732/1096 1452/731/1093 1451/733/1092
f 1454/734/1097 1455/732/1096 1451/733/1092
f 1461/735/1098 1457/736/1099 1456/737/1100
f 1460/738/1101 1461/735/1098 1456/737/1100
f 1460/738/1101 1456/737/1100 1462/546/903
f 1456/737/1100 1458/502/855 1462/546/903
f 1458/502/855 1456/737/1100 1459/500/853
f 1464/739/1102 1463/740/1103 1465/727/1090
f 1466/535/891 1464/739/1102 1465/727/1090
f 1469/736/1099 1468/728/1104 1471/730/1093
f 1471/730/1093 1472/611/951 1469/736/1099
f 1472/611/1105 1470/500/853 1469/736/1099
f 1467/737/1100 1469/736/1099 1470/500/853
f 1475/739/1102 1473/732/1096 1474/741/1106
f 1477/742/1103 1476/735/1098 1478/743/1090
f 1482/534/890 1479/583/1107 1480/732/1096
f 1480/732/1096 1481/739/1102 1482/534/890
f 1481/739/1102 1483/535/891 1482/534/890
f 1489/598/921 1488/743/1090 1487/548/905
f 1485/735/1098 1487/548/905 1488/743/1090
f 1487/548/905 1485/735/1098 1484/738/1101
f 1486/546/903 1487/548/905 1484/738/1108
f 1493/739/1102 1492/741/1106 1490/744/1109
f 1491/740/1103 1493/739/1102 1490/744/1109
f 1495/732/1096 1494/734/1097 1496/741/1110
f 1500/745/1111 1504/746/1112 1503/747/1113
f 1501/748/1114 1500/745/1111 1503/747/1113
f 1500/745/1111 1501/748/1114 1497/749/1115
f 1497/749/1115 1498/728/1091 1500/745/1111
f 1497/749/1115 1499/750/1116 1498/728/1091
f 1499/750/1116 1502/729/1092 1498/728/1117
f 1507/735/1098 1508/742/1103 1506/751/1118
f 1507/735/1098 1506/751/1118 1505/736/1099
f 1515/752/1119 1513/748/1120 1516/747/1113
f 1515/752/1121 1514/753/1122 1513/748/1120
f 1514/753/1122 1510/754/1123 1513/748/1124
f 1513/748/1125 1510/754/1123 1509/749/1126
f 1509/749/1115 1510/754/1123 1511/755/1127
f 1512/750/1116 1509/749/1126 1511/755/1128
f 1510/754/1123 1514/753/1122 1511/755/1127
f 1523/742/1103 1522/756/1109 1520/751/1118
f 1520/751/1118 1522/756/1109 1521/746/1112
f 1519/745/1111 1520/751/1118 1521/746/1112
f 1517/728/1117 1520/751/1118 1519/745/1111
f 1520/751/1118 1517/728/1091 1518/736/1099
f 1531/757/1129 1535/734/1097 1527/733/1092
f 1535/734/1097 1531/757/1129 1538/758/1130
f 1539/741/1110 1535/734/1097 1538/758/1130
f 1539/741/1106 1538/758/1130 1536/744/1109
f 1538/758/1130 1533/759/1112 1536/744/1109
f 1532/760/1113 1533/759/1112 1538/758/1130
f 1537/761/1131 1532/760/1113 1538/758/1130
f 1537/761/1131 1534/762/1132 1532/760/1113
f 1534/762/1132 1528/763/1133 1532/760/1113
f 1525/764/1134 1531/757/1129 1527/733/1092
f 1525/764/1116 1524/765/1127 1531/757/1129
f 1524/765/1128 1530/766/1135 1531/757/1129
f 1531/757/1129 1530/766/1136 1538/758/1130
f 1530/766/1136 1537/761/1131 1538/758/1130
f 1534/762/1132 1537/761/1131 1530/766/1136
f 1529/767/1137 1534/762/1132 1530/766/1136
f 1529/767/1137 1526/768/1122 1534/762/1132
f 1526/768/1122 1528/763/1121 1534/762/1132
f 1529/767/1137 1530/766/1138 1524/765/1128
f 1526/768/1122 1529/767/1137 1524/765/1127
f 1553/769/1139 1552/482/835 1557/484/787
f 1552/482/835 1553/769/1140 1548/770/1141
f 1553/769/1139 1555/771/1142 1548/770/1141
f 1555/771/1142 1547/772/1143 1548/770/1141
f 1555/771/1142 1549/773/1144 1547/772/1143
f 1544/774/1145 1547/772/1143 1549/773/1144
f 1558/775/1146 1553/769/1147 1557/484/787
f 1555/771/1142 1553/769/1147 1558/775/1146
f 1560/776/1148 1555/771/1142 1558/775/1146
f 1555/771/1142 1560/776/1148 1559/777/1149
f 1559/777/1149 1549/773/1144 1555/771/1142
f 1549/773/1144 1559/777/1149 1550/778/1150
f 1544/774/1151 1549/773/1144 1550/778/1150
f 1543/779/1152 1544/774/1145 1550/778/1150
f 1542/780/1153 1543/779/1152 1550/778/1150
f 1542/780/1153 1540/781/1154 1543/779/1152
f 1542/780/1153 1545/782/1155 1540/781/1154
f 1545/782/1155 1541/783/1156 1540/781/1154
f 1560/776/1148 1562/784/1157 1559/777/1149
f 1562/784/1157 1567/785/1158 1559/777/1149
f 1567/785/1158 1561/786/1159 1559/777/1149
f 1559/777/1149 1561/786/1159 1550/778/1150
f 1551/787/1160 1550/778/1150 1561/786/1159
f 1551/787/1161 1542/780/1153 1550/778/1150
f 1545/782/1155 1542/780/1153 1551/787/1161
f 1554/788/1162 1545/782/1155 1551/787/1161
f 1545/782/1155 1554/788/1162 1546/789/1163
f 1545/782/1155 1546/789/1163 1541/783/1156
f 1565/790/1164 1561/786/1159 1567/785/1158
f 1565/790/1164 1551/787/1160 1561/786/1159
f 1554/788/1162 1551/787/1161 1565/790/1164
f 1566/791/1165 1554/788/1162 1565/790/1164
f 1556/792/1166 1554/788/1162 1566/791/1165
f 1554/788/1162 1556/792/1166 1546/789/1163
f 1569/793/1167 1565/790/1164 1567/785/1158
f 1566/791/1165 1565/790/1164 1569/793/1167
f 1568/794/1168 1566/791/1165 1569/793/1167
f 1568/794/1168 1564/795/1169 1566/791/1165
f 1564/795/1169 1563/796/1170 1566/791/1165
f 1563/796/1170 1556/792/1166 1566/791/1165
f 1599/797/1169 1601/798/1168 1598/799/1171
f 1601/798/1168 1596/800/1172 1598/799/1173
f 1593/801/1174 1598/799/1173 1596/800/1172
f 1593/801/1174 1596/800/1172 1587/802/1175
f 1588/803/1176 1593/801/1174 1587/802/1175
f 1588/803/1177 1587/802/1175 1582/804/1178
f 1587/802/1175 1577/805/1179 1582/804/1178
f 1582/804/1178 1577/805/1179 1576/806/1180
f 1596/800/1172 1601/798/1168 1602/807/1167
f 1596/800/1172 1602/807/1167 1594/808/1181
f 1596/800/1172 1594/808/1181 1586/809/1182
f 1587/802/1175 1596/800/1172 1586/809/1182
f 1587/802/1175 1586/809/1182 1575/810/1183
f 1577/805/1179 1587/802/1175 1575/810/1183
f 1571/781/1154 1577/805/1179 1575/810/1183
f 1573/783/1156 1577/805/1179 1571/781/1154
f 1573/783/1156 1576/806/1180 1577/805/1179
f 1583/789/1163 1576/806/1180 1573/783/1156
f 1600/811/1158 1594/808/1181 1602/807/1167
f 1597/812/1157 1594/808/1181 1600/811/1158
f 1592/813/1184 1594/808/1181 1597/812/1157
f 1586/809/1182 1594/808/1181 1592/813/1184
f 1585/814/1185 1586/809/1182 1592/813/1184
f 1585/814/1185 1579/815/1186 1586/809/1182
f 1579/815/1186 1575/810/1183 1586/809/1182
f 1575/810/1183 1579/815/1187 1572/816/1188
f 1575/810/1183 1572/816/1188 1570/817/1189
f 1571/781/1154 1575/810/1183 1570/817/1189
f 1592/813/1184 1597/812/1157 1595/818/1148
f 1589/450/804 1592/813/1184 1595/818/1148
f 1585/814/1185 1592/813/1184 1589/450/804
f 1584/819/1190 1585/814/1185 1589/450/804
f 1585/814/1185 1584/819/1190 1579/815/1186
f 1584/819/1190 1580/449/803 1579/815/1187
f 1579/815/1186 1580/449/803 1574/820/1191
f 1572/816/1188 1579/815/1186 1574/820/1191
f 1581/774/1145 1572/816/1188 1574/820/1191
f 1581/774/1145 1578/779/1152 1572/816/1188
f 1578/779/1152 1570/817/1189 1572/816/1188
f 1571/781/1154 1570/817/1189 1578/779/1152
f 1591/821/1146 1589/450/804 1595/818/1148
f 1591/821/1146 1590/435/787 1589/450/804
f 1631/822/1192 1622/823/1193 1634/824/1194
f 1622/823/1193 1621/825/1195 1634/824/1196
f 1634/824/1194 1621/825/1195 1635/826/1197
f 1635/826/1197 1621/825/1195 1620/827/1198
f 1629/828/1199 1635/826/1197 1620/827/1198
f 1616/829/1200 1629/828/1199 1620/827/1198
f 1616/829/1200 1620/827/1198 1608/830/1201
f 1624/831/1202 1622/823/1193 1631/822/1192
f 1624/831/1202 1613/832/1203 1622/823/1193
f 1622/823/1193 1613/832/1203 1605/833/1204
f 1621/825/1195 1622/823/1193 1605/833/1205
f 1603/834/1206 1621/825/1195 1605/833/1204
f 1620/827/1198 1621/825/1195 1603/834/1206
f 1608/830/1201 1620/827/1198 1603/834/1207
f 1623/835/1208 1624/836/1209 1631/837/1192
f 1630/838/1210 1623/835/1208 1631/837/1192
f 1623/835/1208 1630/838/1210 1619/839/1211
f 1623/835/1208 1619/839/1211 1612/840/1212
f 1623/835/1208 1612/840/1212 1624/836/1202
f 1612/840/1212 1613/841/1203 1624/836/1202
f 1612/840/1212 1606/842/1213 1613/841/1214
f 1606/842/1213 1605/843/1215 1613/841/1214
f 1605/843/1215 1606/842/1213 1603/844/1206
f 1630/838/1210 1631/837/1192 1634/845/1216
f 1632/846/1217 1630/838/1210 1634/845/1216
f 1630/838/1210 1632/846/1217 1627/847/1218
f 1627/847/1218 1619/839/1211 1630/838/1210
f 1627/847/1218 1618/848/1219 1619/839/1211
f 1618/848/1219 1611/849/1220 1619/839/1211
f 1619/839/1211 1611/849/1220 1612/840/1212
f 1611/849/1220 1606/842/1213 1612/840/1212
f 1611/849/1220 1609/850/1221 1606/842/1213
f 1609/850/1221 1604/851/1222 1606/842/1213
f 1606/842/1213 1604/851/1222 1603/844/1223
f 1632/846/1217 1634/845/1216 1635/852/1224
f 1633/853/1225 1632/846/1217 1635/852/1197
f 1632/846/1217 1633/853/1225 1626/854/1226
f 1627/847/1218 1632/846/1217 1626/854/1226
f 1627/847/1218 1626/854/1226 1617/855/1227
f 1618/848/1219 1627/847/1218 1617/855/1227
f 1618/848/1219 1617/855/1227 1611/849/1220
f 1617/855/1227 1609/850/1221 1611/849/1220
f 1617/855/1227 1615/856/1228 1609/850/1221
f 1615/856/1228 1610/857/1229 1609/850/1221
f 1604/851/1222 1609/850/1221 1610/857/1229
f 1607/858/1230 1604/851/1222 1610/857/1229
f 1603/844/1207 1604/851/1222 1607/858/1230
f 1635/852/1231 1629/859/1199 1633/853/1225
f 1629/859/1199 1628/860/1232 1633/853/1225
f 1633/853/1225 1628/860/1232 1625/861/1233
f 1626/854/1226 1633/853/1225 1625/861/1233
f 1626/854/1226 1625/861/1233 1615/856/1228
f 1617/855/1227 1626/854/1226 1615/856/1228
f 1628/860/1232 1629/859/1199 1616/862/1200
f 1614/863/1234 1628/860/1232 1616/862/1200
f 1628/860/1232 1614/863/1234 1615/856/1228
f 1625/861/1233 1628/860/1232 1615/856/1228
f 1614/863/1234 1616/862/1200 1608/864/1201
f 1607/858/1230 1614/863/1234 1608/864/1201
f 1607/858/1235 1610/857/1229 1614/863/1234
f 1610/857/1229 1615/856/1228 1614/863/1234
f 1608/864/1201 1603/844/1207 1607/858/1230
f 1637/865/1236 1638/866/1237 1639/867/1238
f 1637/865/1236 1639/867/1238 1636/868/1239
f 1642/869/1240 1643/870/1241 1645/865/1236
f 1642/869/1242 1645/865/1236 1644/868/1239
f 1641/871/1243 1642/869/1240 1644/868/1239
f 1640/872/1176 1641/871/1243 1644/868/1239
f 1646/873/1174 1640/872/1176 1644/868/1239
f 1644/868/1239 1647/874/1173 1646/873/1174
f 1644/868/1239 1648/867/1238 1647/874/1173
f 1653/694/1054 1656/869/1240 1652/875/1244
f 1651/876/1245 1652/875/1244 1656/869/1240
f 1655/871/1243 1651/876/1245 1656/869/1240
f 1655/871/1243 1654/872/1176 1651/876/1245
f 1654/872/1176 1650/877/1178 1651/876/1245
f 1650/877/1178 1649/878/1180 1651/876/1245
f 1658/700/1061 1661/696/1056 1659/879/1246
f 1661/696/1056 1663/875/1244 1659/879/1246
f 1660/876/1245 1659/879/1246 1663/875/1244
f 1660/876/1245 1657/878/1180 1659/879/1246
f 1659/879/1246 1657/878/1180 1662/880/1163
f 1664/881/1247 1659/879/1246 1662/880/1163
f 1664/881/1247 1662/880/1163 1665/882/1166
f 1666/700/1061 1667/879/1246 1669/701/1062
f 1667/879/1246 1668/881/1247 1669/701/1248
f 1669/701/1062 1668/881/1247 1671/883/1249
f 1671/883/1249 1668/881/1247 1670/882/1166
f 1670/882/1166 1672/884/1170 1671/883/1249
f 1675/705/1250 1673/701/1062 1674/883/1249
f 1675/705/1066 1674/883/1249 1677/885/1251
f 1676/884/1170 1677/885/1252 1674/883/1253
f 1676/884/1170 1679/886/1169 1677/885/1251
f 1679/886/1169 1678/887/1254 1677/885/1252
f 1684/711/1255 1680/705/1066 1682/885/1252
f 1685/887/1254 1684/711/1256 1682/885/1257
f 1687/888/1258 1684/711/1255 1685/887/1254
f 1683/889/1238 1687/888/1258 1685/887/1254
f 1681/890/1171 1683/889/1238 1685/887/1254
f 1686/886/1169 1681/890/1173 1685/887/1254
f 1693/450/804 1692/434/786 1690/438/791
f 1691/819/1190 1693/450/804 1690/438/791
f 1689/449/803 1691/819/1190 1690/438/791
f 1688/441/1259 1689/449/803 1690/438/791
f 1697/496/846 1696/449/803 1695/443/796
f 1696/449/803 1697/496/846 1694/820/1191
f 1699/772/1143 1694/820/1191 1697/496/846
f 1699/772/1143 1698/774/1145 1694/820/1191
f 1701/495/845 1704/482/835 1703/770/1141
f 1703/770/1141 1700/496/846 1701/495/845
f 1703/770/1141 1702/772/1143 1700/496/846
f 1708/694/1054 1705/696/1056 1707/695/1055
f 1705/696/1056 1708/694/1054 1706/875/1244
f 1711/870/1241 1709/694/1054 1712/677/1034
f 1711/870/1241 1710/869/1240 1709/694/1054
f 1715/696/1056 1714/700/1061 1713/670/1027
f 1716/870/1241 1717/677/1034 1720/676/1033
f 1719/866/1237 1716/870/1241 1720/676/1260
f 1716/870/1241 1719/866/1237 1718/865/1236
f 1724/715/1015 1723/710/1072 1721/711/1255
f 1722/888/1258 1724/715/1015 1721/711/1255
f 1725/866/1237 1727/676/1260 1729/659/1015
f 1728/891/1258 1725/866/1237 1729/659/1015
f 1725/866/1261 1728/891/1258 1726/867/1238
f 1732/892/1262 1730/893/1263 1734/894/1264
f 1730/893/1263 1731/895/1265 1734/894/1264
f 1734/894/1264 1731/895/1265 1733/583/951
f 1735/537/1266 1734/894/1264 1733/583/1105
f 1738/562/861 1737/896/1267 1739/897/1268
f 1737/896/1267 1736/898/1269 1739/897/1268
f 1742/899/1265 1741/900/1270 1743/611/1105
f 1741/900/1270 1742/899/1265 1740/901/1271
f 1745/897/1268 1744/902/1272 1746/894/1264
f 1750/545/901 1747/562/861 1748/897/1268
f 1748/897/1273 1749/894/1264 1750/545/901
f 1749/894/1264 1751/537/893 1750/545/901
f 1753/506/859 1755/900/1270 1752/903/1274
f 1756/904/1267 1753/506/859 1752/903/1274
f 1753/506/859 1756/904/1267 1758/508/1275
f 1759/899/1265 1757/905/1263 1754/901/1276
f 1763/900/1270 1764/609/983 1765/611/951
f 1764/609/983 1763/900/1270 1762/610/984
f 1762/610/984 1763/900/1270 1760/505/858
f 1763/900/1277 1761/506/859 1760/505/858
f 1778/902/1272 1769/898/1269 1767/906/1278
f 1776/907/1279 1778/902/1272 1767/906/1278
f 1778/902/1272 1776/907/1279 1781/892/1262
f 1776/907/1279 1780/908/1280 1781/892/1262
f 1781/892/1262 1780/908/1280 1772/909/1281
f 1774/893/1263 1781/892/1262 1772/909/1281
f 1776/907/1279 1767/906/1278 1766/910/1282
f 1775/911/1283 1776/907/1279 1766/910/1282
f 1780/908/1280 1776/907/1279 1775/911/1283
f 1779/912/1284 1780/908/1280 1775/911/1283
f 1780/908/1280 1779/912/1284 1771/913/1285
f 1772/909/1281 1780/908/1280 1771/913/1285
f 1773/914/1286 1775/911/1283 1766/910/1282
f 1779/912/1284 1775/911/1283 1773/914/1286
f 1777/915/1287 1779/912/1284 1773/914/1286
f 1771/913/1285 1779/912/1284 1777/915/1287
f 1770/916/1288 1771/913/1285 1777/915/1287
f 1777/915/1287 1773/914/1289 1770/916/1288
f 1773/914/1286 1768/917/1290 1770/916/1288
f 1768/917/1291 1773/914/1286 1766/910/1282
f 1784/900/1270 1783/901/1271 1782/903/1274
f 1785/898/1269 1786/902/1272 1787/897/1268
f 1793/901/1271 1802/905/1263 1801/918/1281
f 1791/919/1292 1793/901/1271 1801/918/1281
f 1789/903/1274 1793/901/1271 1791/919/1292
f 1788/920/1293 1789/903/1274 1791/919/1292
f 1788/920/1293 1795/921/1278 1789/903/1274
f 1795/921/1278 1797/922/1269 1789/903/1274
f 1797/922/1269 1798/904/1267 1789/903/1274
f 1801/918/1281 1800/923/1285 1791/919/1292
f 1800/923/1285 1792/924/1294 1791/919/1292
f 1788/920/1293 1791/919/1292 1792/924/1295
f 1790/925/1296 1788/920/1293 1792/924/1294
f 1790/925/1296 1794/926/1282 1788/920/1293
f 1794/926/1282 1795/921/1278 1788/920/1293
f 1800/923/1285 1799/927/1288 1792/924/1294
f 1792/924/1294 1799/927/1288 1796/928/1291
f 1790/925/1296 1792/924/1297 1796/928/1290
f 1790/925/1296 1796/928/1290 1794/926/1282
f 1803/902/1272 1804/892/1262 1805/894/1298
f 1808/573/940 1806/582/950 1807/929/1299
f 1810/512/866 1811/511/865 1809/590/940
f 1816/581/1300 1814/588/957 1812/930/1301
f 1813/931/1302 1816/581/949 1812/930/1301
f 1817/582/950 1816/581/949 1813/931/1302
f 1815/932/1303 1817/582/950 1813/931/1302
f 1817/582/950 1815/932/1303 1818/929/1299
f 1820/588/957 1821/574/941 1819/930/1301
f 1824/590/940 1822/933/1299 1827/512/866
f 1822/933/1304 1826/934/1305 1827/512/866
f 1826/934/1305 1825/935/1306 1827/512/866
f 1825/935/1306 1828/514/868 1827/512/866
f 1828/514/868 1825/935/1306 1823/936/1307
f 1833/574/941 1834/575/942 1831/937/1308
f 1833/574/941 1831/937/1308 1829/930/1301
f 1829/930/1301 1831/937/1308 1830/931/1302
f 1831/937/1308 1832/932/1303 1830/931/1302
f 1838/575/942 1837/938/1309 1835/937/1308
f 1835/937/1308 1837/938/1309 1836/939/1310
f 1840/940/1309 1842/935/1306 1839/941/1311
f 1842/935/1306 1840/940/1309 1841/936/942
f 1844/932/1303 1843/937/1308 1845/942/1312
f 1847/929/1299 1844/932/1303 1845/942/1312
f 1846/943/1313 1847/929/1299 1845/942/1312
f 1850/937/1308 1851/939/1310 1854/942/1312
f 1854/942/1312 1851/939/1314 1848/944/1315
f 1849/945/1316 1854/942/1312 1848/944/1315
f 1849/945/1316 1860/946/1317 1854/942/1312
f 1860/946/1317 1862/943/1313 1854/942/1312
f 1863/938/1309 1861/947/1311 1851/939/1310
f 1851/939/1310 1861/947/1311 1859/948/1318
f 1848/944/1315 1851/939/1310 1859/948/1318
f 1859/948/1318 1857/949/1319 1848/944/1315
f 1852/950/1320 1848/944/1315 1857/949/1319
f 1848/944/1315 1852/950/1320 1853/951/1321
f 1849/945/1316 1848/944/1315 1853/951/1321
f 1853/951/1321 1858/952/1322 1849/945/1316
f 1858/952/1322 1860/946/1317 1849/945/1316
f 1852/950/1320 1857/949/1319 1855/953/1323
f 1852/950/1320 1855/953/1324 1853/951/1321
f 1855/953/1325 1856/954/1326 1853/951/1321
f 1856/954/1326 1858/952/1322 1853/951/1321
f 1866/933/1299 1865/955/1313 1870/934/1305
f 1865/955/1313 1868/956/1327 1870/934/1305
f 1870/934/1305 1868/956/1327 1869/935/1306
f 1868/956/1327 1867/957/1328 1869/935/1306
f 1869/935/1306 1867/957/1328 1864/941/1311
f 1884/958/1329 1886/956/1327 1878/955/1313
f 1885/957/1330 1886/956/1327 1884/958/1329
f 1883/959/1331 1885/957/1332 1884/958/1329
f 1877/941/1311 1885/957/1328 1883/959/1331
f 1875/960/1318 1877/941/1311 1883/959/1331
f 1875/960/1318 1883/959/1331 1873/961/1319
f 1883/959/1331 1881/962/1333 1873/961/1319
f 1873/961/1319 1881/962/1333 1879/963/1334
f 1871/964/1325 1873/961/1319 1879/963/1334
f 1876/965/1317 1884/958/1329 1878/955/1313
f 1876/965/1317 1874/966/1322 1884/958/1329
f 1874/966/1322 1882/967/1335 1884/958/1329
f 1884/958/1329 1882/967/1335 1883/959/1331
f 1882/967/1335 1881/962/1333 1883/959/1336
f 1881/962/1333 1882/967/1335 1880/968/1337
f 1879/963/1334 1881/962/1333 1880/968/1338
f 1871/964/1339 1879/963/1340 1880/968/1341
f 1872/969/1326 1871/964/1339 1880/968/1337
f 1874/966/1322 1872/969/1326 1880/968/1337
f 1882/967/1335 1874/966/1322 1880/968/1337
f 1888/510/864 1887/519/873 1889/509/862
f 1894/497/1342 1893/514/868 1890/936/942
f 1894/497/1343 1890/936/1307 1891/970/1344
f 1894/497/850 1891/970/1344 1892/563/931
f 1895/498/971 1894/497/850 1892/563/931
f 1897/971/1345 1896/972/1346 1898/973/1347
f 1903/974/1348 1900/975/1349 1901/976/1350
f 1903/974/1348 1904/575/942 1900/975/1351
f 1904/575/1352 1902/523/877 1900/975/1349
f 1899/522/876 1900/975/1351 1902/523/877
f 1912/508/861 1911/973/1347 1908/510/864
f 1910/972/1346 1908/510/864 1911/973/1347
f 1908/510/864 1910/972/1346 1906/975/1351
f 1908/510/864 1906/975/1349 1907/519/873
f 1906/975/1349 1905/522/876 1907/519/873
f 1909/520/874 1907/519/873 1905/522/876
f 1914/977/1353 1915/974/1348 1913/976/1354
f 1921/936/942 1917/978/1348 1922/970/1344
f 1922/970/1344 1917/978/1348 1916/979/1353
f 1920/980/1355 1922/970/1344 1916/979/1353
f 1922/970/1344 1920/980/1355 1925/563/931
f 1920/980/1355 1924/981/1356 1925/563/1357
f 1925/563/931 1924/981/1356 1918/982/1345
f 1919/983/1347 1925/563/931 1918/982/1345
f 1919/983/1347 1923/562/1358 1925/563/931
f 1931/971/1345 1930/984/1359 1929/972/1346
f 1930/984/1359 1928/985/1360 1929/972/1346
f 1929/972/1346 1928/985/1360 1927/976/1350
f 1929/972/1346 1927/976/1361 1926/975/1349
f 1939/984/1359 1938/986/1362 1934/985/1360
f 1934/985/1360 1938/986/1362 1935/987/1363
f 1932/988/1364 1934/985/1360 1935/987/1363
f 1934/985/1360 1932/988/1364 1933/976/1350
f 1933/976/1350 1932/988/1364 1936/989/1365
f 1937/977/1353 1933/976/1350 1936/989/1365
f 1953/980/1355 1943/979/1353 1951/990/1366
f 1953/980/1355 1951/990/1366 1955/981/1356
f 1951/990/1366 1954/991/1367 1955/981/1356
f 1948/982/1345 1955/981/1356 1954/991/1367
f 1946/992/1359 1948/982/1345 1954/991/1367
f 1945/993/1362 1946/992/1359 1954/991/1367
f 1952/994/1368 1945/993/1362 1954/991/1367
f 1952/994/1368 1949/995/1369 1945/993/1362
f 1949/995/1369 1944/996/1370 1945/993/1362
f 1943/979/1353 1942/997/1365 1951/990/1366
f 1942/997/1365 1941/998/1371 1951/990/1366
f 1941/998/1371 1950/999/1372 1951/990/1366
f 1954/991/1367 1951/990/1366 1950/999/1372
f 1952/994/1368 1954/991/1367 1950/999/1372
f 1950/999/1372 1947/1000/1373 1952/994/1368
f 1947/1000/1373 1949/995/1369 1952/994/1368
f 1944/996/1370 1949/995/1369 1947/1000/1373
f 1940/1001/1374 1944/996/1370 1947/1000/1373
f 1941/998/1371 1940/1001/1375 1947/1000/1373
f 1950/999/1372 1941/998/1371 1947/1000/1373
f 1958/987/1363 1963/986/1362 1962/1002/1370
f 1958/987/1363 1962/1002/1370 1959/1003/1375
f 1957/1004/1376 1958/987/1363 1959/1003/1375
f 1957/1004/1376 1956/988/1364 1958/987/1363
f 1957/1004/1376 1960/1005/1371 1956/988/1364
f 1956/988/1364 1960/1005/1371 1961/989/1365
f 1957/1004/1376 1959/1003/1375 1960/1005/1371
f 1965/400/766 1964/370/716 1967/1006/1377
f 1964/370/716 1966/1007/1378 1967/1006/1377
f 1975/411/758 1979/1008/1379 1974/1009/1380
f 1974/1009/1380 1979/1008/1379 1976/1010/1381
f 1974/1009/1380 1976/1010/1381 1971/1011/1382
f 1974/1009/1380 1971/1011/1382 1969/388/735
f 1972/413/760 1974/1009/1380 1969/388/761
f 1972/413/760 1975/411/758 1974/1009/1380
f 1979/1008/1379 1984/1012/1383 1976/1010/1381
f 1984/1012/1383 1983/1013/1384 1976/1010/1381
f 1976/1010/1381 1983/1013/1384 1977/1014/1385
f 1973/1015/1386 1976/1010/1381 1977/1014/1385
f 1976/1010/1381 1973/1015/1386 1970/1016/1387
f 1971/1011/1382 1976/1010/1381 1970/1016/1387
f 1968/1017/1388 1971/1011/1382 1970/1016/1387
f 1969/388/1389 1971/1011/1382 1968/1017/1388
f 1982/1018/1390 1984/1012/1383 1979/1008/1379
f 1982/1018/1390 1991/1019/1391 1984/1012/1383
f 1991/1019/1391 1989/1020/1392 1984/1012/1383
f 1989/1020/1392 1983/1013/1384 1984/1012/1383
f 1989/1020/1392 1987/1021/1393 1983/1013/1384
f 1983/1013/1384 1987/1021/1394 1980/1022/1395
f 1983/1013/1384 1980/1022/1395 1977/1014/1385
f 1981/1023/1396 1982/1018/1390 1979/1008/1379
f 1981/1023/1396 1978/1024/1397 1982/1018/1390
f 1978/1024/1397 1985/1025/1398 1982/1018/1390
f 1982/1018/1390 1985/1025/1398 1991/1019/1391
f 1985/1025/1398 1990/1026/1399 1991/1019/1391
f 1994/1027/1400 1991/1019/1391 1990/1026/1399
f 1994/1027/1400 1993/1028/1401 1991/1019/1391
f 1993/1028/1401 1989/1020/1392 1991/1019/1391
f 1989/1020/1392 1993/1028/1401 1992/1029/1402
f 1987/1021/1393 1989/1020/1392 1992/1029/1402
f 1987/1021/1394 1992/1029/1402 1988/1030/1403
f 1986/1031/1404 1987/1021/1394 1988/1030/1405
f 1987/1021/1393 1986/1031/1404 1980/1022/1395
f 1995/1032/1406 1994/1027/1400 1990/1026/1399
f 1995/1032/1406 1996/1033/1407 1994/1027/1400
f 2001/399/747 1997/400/766 1999/1006/1377
f 1999/1006/1377 2002/1034/1408 2001/399/747
f 1999/1006/1377 1998/1007/1378 2002/1034/1408
f 1998/1007/1378 2000/1035/1409 2002/1034/1408
f 2002/1034/1408 2000/1035/1409 2003/1036/1410
f 2007/1024/1397 2006/407/754 2004/406/753
f 2009/1023/1396 2006/407/754 2007/1024/1397
f 2006/407/754 2009/1023/1396 2008/1008/1379
f 2005/411/758 2006/407/754 2008/1008/1379
f 2035/1037/1411 2031/1038/1406 2028/1039/1412
f 2032/1040/1413 2035/1037/1414 2028/1039/1412
f 2026/1041/1415 2032/1040/1416 2028/1039/1412
f 2032/1040/1416 2026/1041/1415 2030/1042/1417
f 2032/1040/1416 2030/1042/1417 2033/1043/1418
f 2030/1042/1417 2034/1044/1419 2033/1043/1418
f 2031/1038/1406 2027/1045/1399 2028/1039/1412
f 2027/1045/1399 2024/1046/1420 2028/1039/1412
f 2023/1047/1421 2028/1039/1412 2024/1046/1420
f 2023/1047/1421 2026/1041/1415 2028/1039/1412
f 2021/1048/1422 2026/1041/1415 2023/1047/1421
f 2026/1041/1415 2021/1048/1422 2025/1049/1423
f 2026/1041/1415 2025/1049/1423 2030/1042/1417
f 2030/1042/1417 2025/1049/1423 2029/348/690
f 2034/1044/1419 2030/1042/1417 2029/348/1424
f 2036/347/665 2034/1044/1419 2029/348/1424
f 2024/1046/1420 2027/1045/1399 2018/1050/1425
f 2024/1046/1420 2018/1050/1426 2014/1051/1427
f 2019/1052/1428 2024/1046/1420 2014/1051/1427
f 2019/1052/1428 2023/1047/1421 2024/1046/1420
f 2023/1047/1421 2019/1052/1428 2021/1048/1422
f 2019/1052/1428 2015/1036/1410 2021/1048/1422
f 2021/1048/1422 2015/1036/1410 2016/1053/1429
f 2021/1048/1422 2016/1053/1429 2020/1054/1430
f 2021/1048/1422 2020/1054/1430 2025/1049/1423
f 2025/1049/1423 2020/1054/1430 2029/348/690
f 2027/1045/1399 2022/1055/1398 2018/1050/1426
f 2018/1050/1425 2022/1055/1398 2012/396/744
f 2018/1050/1425 2012/396/744 2010/399/1431
f 2014/1051/1427 2018/1050/1426 2010/399/1431
f 2011/1034/1408 2014/1051/1427 2010/399/747
f 2011/1034/1408 2015/1036/1410 2014/1051/1427
f 2015/1036/1410 2019/1052/1428 2014/1051/1427
f 2022/1055/1398 2017/1056/1432 2012/396/744
f 2012/396/1433 2017/1056/1434 2013/397/753
f 2039/1007/1378 2038/370/716 2037/380/727
f 2068/338/689 2067/348/690 2066/1057/1435
f 2065/1054/1430 2066/1057/1435 2067/348/1436
f 2061/1036/1410 2060/1058/1437 2064/1053/1429
f 2054/1035/1409 2060/1058/1437 2061/1036/1410
f 2052/1059/1438 2060/1058/1437 2054/1035/1409
f 2052/1059/1438 2054/1035/1409 2047/1007/1378
f 2049/1060/1439 2052/1059/1438 2047/1007/1378
f 2049/1060/1439 2056/1061/1440 2052/1059/1438
f 2055/1062/1441 2056/1061/1440 2049/1060/1439
f 2055/1062/1441 2062/1063/1442 2056/1061/1440
f 2063/1014/1443 2062/1063/1442 2055/1062/1441
f 2055/1062/1441 2059/1015/1386 2063/1014/1385
f 2059/1015/1386 2055/1062/1441 2058/1016/1387
f 2049/1060/1439 2047/1007/1378 2040/380/727
f 2044/1064/1444 2049/1060/1439 2040/380/727
f 2055/1062/1441 2049/1060/1439 2044/1064/1445
f 2055/1062/1441 2044/1064/1446 2048/1065/1447
f 2055/1062/1441 2048/1065/1447 2058/1016/1387
f 2058/1016/1387 2048/1065/1447 2046/1066/1448
f 2051/1067/1449 2058/1016/1387 2046/1066/1448
f 2051/1067/1449 2053/1017/1388 2058/1016/1387
f 2040/380/727 2041/389/736 2044/1064/1445
f 2041/389/736 2042/390/737 2044/1064/1444
f 2042/390/737 2048/1065/1447 2044/1064/1446
f 2046/1066/1448 2048/1065/1447 2042/390/737
f 2043/392/740 2046/1066/1448 2042/390/737
f 2046/1066/1448 2043/392/740 2045/393/741
f 2051/1067/1449 2046/1066/1448 2045/393/741
f 2051/1067/1449 2045/393/741 2053/1017/1388
f 2045/393/741 2050/386/733 2053/1017/1388
f 2050/386/733 2057/388/735 2053/1017/1388
f 2073/1057/1435 2071/1054/1430 2072/1068/1450
f 2071/1054/1430 2070/1069/1451 2072/1068/1450
f 2071/1054/1430 2069/1053/1429 2070/1069/1451
f 2081/1070/1452 2082/1071/1453 2083/1068/1450
f 2080/1069/1451 2081/1070/1452 2083/1068/1450
f 2081/1070/1452 2080/1069/1451 2078/1072/1454
f 2080/1069/1451 2079/1053/1429 2078/1072/1454
f 2076/1058/1437 2078/1072/1454 2079/1053/1429
f 2078/1072/1454 2076/1058/1437 2077/1073/1455
f 2077/1073/1455 2076/1058/1437 2074/1059/1438
f 2075/1061/1440 2077/1073/1455 2074/1059/1438
f 2090/1074/1456 2089/1071/1453 2088/1075/1457
f 2089/1071/1453 2086/1070/1452 2088/1075/1457
f 2088/1075/1457 2086/1070/1452 2087/1076/1458
f 2086/1070/1452 2085/1072/1454 2087/1076/1458
f 2087/1076/1458 2085/1072/1454 2084/1073/1455
f 2097/1077/1459 2096/1078/1460 2098/1079/1461
f 2094/1080/1462 2096/1078/1460 2097/1077/1459
f 2095/1081/1463 2094/1080/1462 2097/1077/1459
f 2095/1081/1463 2093/1074/1456 2094/1080/1462
f 2093/1074/1456 2092/1075/1457 2094/1080/1462
f 2094/1080/1462 2092/1075/1457 2091/1076/1458
f 2108/1079/1464 2106/1078/1460 2107/1082/1465
f 2104/1083/1466 2107/1082/1465 2106/1078/1460
f 2104/1083/1466 2106/1078/1460 2105/1080/1462
f 2104/1083/1466 2105/1080/1462 2103/1076/1458
f 2102/1084/1467 2104/1083/1466 2103/1076/1458
f 2100/1073/1455 2102/1084/1467 2103/1076/1458
f 2099/1061/1440 2102/1084/1467 2100/1073/1455
f 2101/1063/1442 2102/1084/1467 2099/1061/1440
f 2119/1027/1400 2121/1085/1468 2118/1028/1401
f 2121/1085/1468 2122/1086/1469 2118/1028/1470
f 2118/1028/1401 2122/1086/1471 2117/1029/1402
f 2122/1086/1469 2120/1087/1472 2117/1029/1402
f 2120/1087/1472 2116/1082/1465 2117/1029/1402
f 2116/1082/1465 2115/1030/1403 2117/1029/1402
f 2115/1030/1403 2116/1082/1465 2114/1083/1466
f 2115/1030/1403 2114/1083/1466 2113/1031/1404
f 2114/1083/1466 2111/1084/1467 2113/1031/1404
f 2112/1022/1395 2113/1031/1404 2111/1084/1467
f 2109/1063/1442 2112/1022/1395 2111/1084/1467
f 2112/1022/1395 2109/1063/1442 2110/1014/1385
f 2125/312/652 2123/1081/1473 2126/343/685
f 2123/1081/1463 2124/1077/1459 2126/343/685
f 2131/311/651 2129/320/661 2130/312/652
f 2129/320/661 2127/1074/1456 2130/312/652
f 2127/1074/1456 2128/1081/1463 2130/312/652
f 2134/1088/1474 2135/320/661 2136/321/662
f 2135/320/661 2134/1088/1474 2132/1071/1453
f 2135/320/661 2132/1071/1453 2133/1074/1456
f 2141/336/668 2139/1088/1474 2142/321/662
f 2140/335/679 2139/1088/1474 2141/336/668
f 2139/1088/1474 2140/335/679 2138/1068/1450
f 2138/1068/1450 2137/1071/1453 2139/1088/1474
f 2145/335/679 2146/338/689 2144/1057/1435
f 2143/1068/1450 2145/335/679 2144/1057/1435
f 2150/1089/1475 2147/1082/1465 2149/1087/1472
f 2147/1082/1476 2150/1089/1477 2148/1079/1464
f 2154/1090/1478 2153/1091/1475 2151/1092/1472
f 2151/1092/1472 2152/1093/1469 2154/1090/1478
f 2159/344/686 2156/1079/1464 2157/1089/1475
f 2156/1079/1464 2159/344/686 2158/343/685
f 2156/1079/1464 2158/343/685 2155/1077/1459
f 2161/560/929 2160/561/925 2163/1094/1479
f 2162/1095/1480 2161/560/929 2163/1094/1479
f 2162/1095/1480 2164/1096/1481 2161/560/928
f 2169/1097/1482 2170/1098/1483 2168/1099/1484
f 2170/1098/1483 2167/1100/1485 2168/1099/1486
f 2166/551/920 2168/1099/1486 2167/1100/1485
f 2165/556/919 2166/551/920 2167/1100/1485
f 2175/1101/1487 2173/543/899 2171/517/871
f 2172/518/872 2175/1101/1487 2171/517/871
f 2175/1101/1487 2172/518/872 2174/1102/1488
f 2183/1103/1487 2185/1098/1483 2184/1097/1482
f 2185/1098/1483 2183/1103/1487 2181/1104/1488
f 2182/1105/1489 2185/1098/1483 2181/1104/1488
f 2185/1098/1483 2182/1105/1489 2180/1100/1485
f 2182/1105/1489 2179/1106/1490 2180/1100/1485
f 2180/1100/1485 2179/1106/1490 2177/556/919
f 2179/1106/1490 2178/1107/1491 2177/556/919
f 2177/556/919 2178/1107/1491 2176/593/925
f 2192/1105/1489 2191/1108/1492 2190/1106/1490
f 2191/1108/1493 2189/1109/1494 2190/1106/1490
f 2190/1106/1490 2189/1109/1494 2188/1107/1491
f 2188/1107/1491 2189/1109/1494 2187/1110/1479
f 2188/1107/1491 2187/1110/1479 2186/593/925
f 2195/1109/1494 2193/1111/1495 2194/1110/1479
f 2197/526/880 2199/613/894 2200/1097/1482
f 2198/1099/1486 2197/526/880 2200/1097/1482
f 2196/551/910 2197/526/1496 2198/1099/1486
f 2203/1096/1481 2202/518/872 2201/560/928
f 2202/518/872 2203/1096/1481 2204/1102/1488
f 2207/1095/1497 2208/1094/1479 2205/1112/1495
f 2206/1113/1498 2207/1095/1480 2205/1112/1495
f 2209/543/899 2212/1114/1482 2210/538/894
f 2209/543/899 2211/1101/1487 2212/1114/1482
f 2214/1108/1492 2215/1105/1489 2213/1104/1488
f 2219/1115/1499 2222/1108/1493 2220/1104/1488
f 2222/1108/1500 2219/1115/1501 2221/1116/1502
f 2222/1108/1493 2221/1116/1503 2217/1117/1504
f 2218/1109/1494 2222/1108/1492 2217/1117/1504
f 2218/1109/1494 2217/1117/1504 2216/1111/1495
f 2237/1115/1501 2236/1118/1505 2238/1116/1506
f 2235/1119/1507 2238/1116/1503 2236/1118/1505
f 2238/1116/1506 2235/1119/1507 2228/1120/1508
f 2229/1117/1504 2238/1116/1503 2228/1120/1508
f 2224/1121/1509 2229/1117/1504 2228/1120/1508
f 2229/1117/1504 2224/1121/1509 2223/1111/1495
f 2234/1122/1510 2235/1119/1507 2236/1118/1505
f 2233/1123/1511 2235/1119/1507 2234/1122/1510
f 2232/1124/1512 2235/1119/1507 2233/1123/1511
f 2235/1119/1507 2232/1124/1512 2228/1120/1508
f 2232/1124/1512 2230/1125/1513 2228/1120/1508
f 2226/1126/1514 2228/1120/1508 2230/1125/1513
f 2225/1127/1515 2228/1120/1508 2226/1126/1514
f 2225/1127/1515 2224/1121/1509 2228/1120/1508
f 2231/1128/1516 2232/1124/1512 2233/1123/1511
f 2232/1124/1512 2231/1128/1516 2230/1125/1513
f 2231/1128/1516 2227/1129/1517 2230/1125/1513
f 2227/1129/1517 2226/1126/1514 2230/1125/1513
f 2241/1096/1481 2239/1095/1480 2240/1130/1518
f 2240/1130/1518 2242/1131/1499 2241/1096/1481
f 2242/1131/1501 2243/1102/1488 2241/1096/1481
f 2247/1095/1480 2246/1113/1519 2254/1130/1520
f 2253/1132/1521 2254/1130/1518 2246/1113/1498
f 2253/1132/1521 2257/1133/1510 2254/1130/1518
f 2257/1133/1510 2258/1134/1505 2254/1130/1518
f 2258/1134/1505 2259/1131/1501 2254/1130/1518
f 2248/1135/1509 2246/1113/1498 2244/1112/1495
f 2248/1135/1509 2249/1136/1515 2246/1113/1498
f 2249/1136/1515 2245/1137/1522 2246/1113/1498
f 2245/1137/1523 2253/1132/1521 2246/1113/1498
f 2253/1132/1521 2245/1137/1524 2252/1138/1525
f 2253/1132/1521 2252/1138/1525 2255/1139/1516
f 2256/1140/1511 2253/1132/1521 2255/1139/1516
f 2257/1133/1510 2253/1132/1521 2256/1140/1511
f 2250/1141/1514 2245/1137/1526 2249/1136/1515
f 2245/1137/1524 2250/1141/1514 2251/1142/1517
f 2252/1138/1525 2245/1137/1526 2251/1142/1517
f 2251/1142/1517 2255/1139/1516 2252/1138/1525
f 2264/447/800 2265/431/783 2263/1143/1527
f 2264/447/800 2263/1143/1527 2261/1144/1528
f 2262/448/1529 2264/447/800 2261/1144/1528
f 2260/420/770 2262/448/1529 2261/1144/1528
f 2268/1145/1530 2266/1146/1531 2267/1147/1532
f 2266/1146/1531 2271/488/1533 2267/1147/1532
f 2271/488/827 2272/490/840 2267/1147/1532
f 2269/1148/1534 2267/1147/1532 2272/490/840
f 2273/485/836 2269/1148/1535 2272/490/840
f 2269/1148/1534 2273/485/836 2270/1149/1536
f 2273/485/1537 2274/418/768 2270/1149/1536
f 2282/474/779 2277/475/839 2283/1150/1538
f 2277/475/827 2275/1151/1531 2283/1150/1538
f 2283/1150/1538 2275/1151/1531 2276/1152/1539
f 2281/1153/1540 2283/1150/1538 2276/1152/1541
f 2280/1154/1542 2281/1153/1540 2276/1152/1530
f 2278/1155/1543 2280/1154/1544 2276/1152/1530
f 2278/1155/1545 2279/1156/1546 2280/1154/1542
f 2321/427/779 2322/1157/1538 2320/428/780
f 2322/1157/1538 2319/1158/1547 2320/428/1548
f 2320/428/780 2319/1158/1547 2317/1159/1549
f 2318/429/781 2320/428/780 2317/1159/1549
f 2318/429/781 2317/1159/1549 2315/431/783
f 2317/1159/1549 2313/1160/1550 2315/431/783
f 2315/431/783 2313/1160/1550 2310/1143/1551
f 2319/1158/1547 2322/1157/1538 2316/1161/1540
f 2314/1162/1552 2319/1158/1547 2316/1161/1540
f 2317/1159/1549 2319/1158/1547 2314/1162/1553
f 2312/1163/1554 2317/1159/1549 2314/1162/1555
f 2317/1159/1549 2312/1163/1554 2313/1160/1550
f 2312/1163/1554 2311/1164/1556 2313/1160/1550
f 2313/1160/1550 2311/1164/1556 2310/1143/1527
f 2311/1164/1556 2307/1165/1557 2310/1143/1527
f 2310/1143/1527 2307/1165/1557 2304/1144/1528
f 2314/1162/1558 2316/1161/1540 2309/1166/1559
f 2308/1167/1560 2314/1162/1553 2309/1166/1542
f 2312/1163/1554 2314/1162/1553 2308/1167/1560
f 2306/1168/1561 2312/1163/1554 2308/1167/1560
f 2306/1168/1561 2305/1169/1562 2312/1163/1554
f 2305/1169/1562 2311/1164/1556 2312/1163/1554
f 2305/1169/1562 2307/1165/1557 2311/1164/1556
f 2307/1165/1557 2305/1169/1562 2303/1170/1563
f 2307/1165/1557 2303/1170/1563 2304/1144/1528
f 2297/1171/1564 2304/1144/1528 2303/1170/1563
f 2297/1171/1564 2298/420/770 2304/1144/1528
f 2308/1167/1560 2309/1166/1542 2301/1172/1565
f 2308/1167/1560 2301/1172/1565 2306/1168/1561
f 2301/1172/1565 2302/1173/1566 2306/1168/1561
f 2306/1168/1561 2302/1173/1566 2305/1169/1562
f 2302/1173/1566 2300/1174/1567 2305/1169/1562
f 2305/1169/1562 2300/1174/1568 2303/1170/1563
f 2303/1170/1563 2300/1174/1567 2293/1175/1569
f 2296/1176/1570 2303/1170/1563 2293/1175/1569
f 2296/1176/1570 2297/1171/1564 2303/1170/1563
f 2309/1166/1571 2299/1177/1572 2301/1172/1565
f 2299/1177/1573 2291/1178/1543 2301/1172/1565
f 2291/1178/1543 2292/1179/1574 2301/1172/1565
f 2302/1173/1566 2301/1172/1565 2292/1179/1574
f 2295/1180/1575 2302/1173/1566 2292/1179/1574
f 2302/1173/1566 2295/1180/1575 2300/1174/1567
f 2295/1180/1576 2293/1175/1569 2300/1174/1568
f 2295/1180/1575 2288/1181/1577 2293/1175/1569
f 2288/1181/1577 2290/1182/1578 2293/1175/1569
f 2293/1175/1569 2290/1182/1578 2296/1176/1570
f 2296/1176/1570 2290/1182/1578 2297/1171/1564
f 2291/1178/1543 2285/1145/1530 2292/1179/1574
f 2285/1145/1530 2286/1183/1579 2292/1179/1574
f 2292/1179/1574 2286/1183/1579 2288/1181/1577
f 2295/1180/1575 2292/1179/1574 2288/1181/1577
f 2286/1183/1579 2285/1145/1530 2284/1147/1532
f 2284/1147/1532 2287/1148/1534 2286/1183/1579
f 2287/1148/1535 2288/1181/1580 2286/1183/1579
f 2287/1148/1534 2289/1149/1536 2288/1181/1577
f 2289/1149/1536 2290/1182/1578 2288/1181/1577
f 2290/1182/1578 2289/1149/1536 2297/1171/1564
f 2297/1171/1564 2289/1149/1536 2294/418/768
f 2298/420/770 2297/1171/1564 2294/418/768
f 2326/60/553 2327/64/451 2325/18/21
f 2323/20/23 2326/60/553 2325/18/21
f 2324/61/555 2326/60/1581 2323/20/23
f 2328/1184/1582 2329/1185/1583 2330/1186/1584
f 2330/1186/1584 2329/1185/1583 2333/1187/1585
f 2330/1186/1584 2333/1187/1585 2334/1188/1586
f 2333/1187/1585 2331/1189/1587 2334/1188/1586
f 2331/1189/1588 2332/1190/1589 2334/1188/1590
f 2335/32/35 2336/83/142 2338/1191/1591
f 2340/1192/1592 2335/32/35 2338/1191/1591
f 2340/1192/1592 2338/1191/1591 2343/1193/1593
f 2342/1194/1594 2343/1193/1593 2338/1191/1591
f 2343/1193/1593 2342/1194/1594 2344/1195/1595
f 2342/1194/1594 2345/1196/1596 2344/1195/1595
f 2342/1194/1594 2341/1197/1597 2345/1196/1596
f 2341/1197/1597 2346/1198/1598 2345/1196/1599
f 2346/1198/1598 2347/1199/1600 2345/1196/1599
f 2347/1199/1600 2346/1198/1598 2348/1200/1601
f 2336/83/142 2337/1201/1602 2338/1191/1591
f 2338/1191/1591 2337/1201/1602 2339/1202/1603
f 2339/1202/1603 2342/1194/1594 2338/1191/1591
f 2341/1197/1597 2342/1194/1594 2339/1202/1603
f 2337/1201/1602 2341/1197/1597 2339/1202/1603
f 2355/1203/1604 2356/353/1605 2350/352/697
f 2351/354/699 2355/1203/1604 2350/352/697
f 2355/1203/1604 2351/354/699 2354/1204/648
f 2354/1204/648 2351/354/699 2353/1205/72
f 2353/1205/72 2351/354/699 2349/351/693
f 2352/1206/73 2353/1205/72 2349/351/693
f 2358/1207/1606 2357/342/684 2359/4/4
f 2360/1208/1607 2358/1207/1606 2359/4/4
f 2359/4/4 2363/1209/1608 2360/1208/1607
f 2363/1209/1608 2362/1210/448 2360/1208/1607
f 2362/1210/448 2361/1211/450 2360/1208/1607
f 2366/1212/1609 2365/351/693 2364/333/676
f 2366/1212/1609 2368/1213/357 2365/351/693
f 2365/351/693 2368/1213/357 2367/1206/73
f 2370/319/1610 2369/317/656 2371/342/684
f 2373/1207/1606 2370/319/678 2371/342/684
f 2372/1214/358 2370/319/678 2373/1207/1606
f 2374/1215/457 2372/1214/358 2373/1207/1606
f 2374/1215/457 2373/1207/1606 2375/1208/1607
f 2376/1211/450 2374/1215/457 2375/1208/1607
f 2377/1185/1583 2378/1216/1611 2381/1187/1585
f 2381/1187/1585 2378/1216/1611 2380/1189/1588
f 2378/1216/1611 2379/1217/1612 2380/1189/1588
f 2383/1218/1613 2382/1219/1614 2385/1220/1615
f 2385/1220/1615 2382/1219/1614 2384/1221/1616
f 2388/33/36 2386/71/109 2387/1222/1617
f 2388/33/36 2387/1222/1617 2389/34/39
f 2392/1223/1611 2390/1224/1583 2391/1225/1618
f 2393/1226/1619 2392/1223/1611 2391/1225/1618
f 2392/1223/1611 2393/1226/1620 2394/1227/1612
f 2393/1226/1619 2395/1228/1621 2394/1227/1612
f 2397/1186/1584 2398/1229/1622 2396/1230/1623
f 2398/1229/1622 2397/1186/1584 2400/1188/1624
f 2391/1225/1625 2398/1229/1622 2400/1188/1626
f 2393/1226/1619 2391/1225/1618 2400/1188/1586
f 2393/1226/1619 2400/1188/1586 2399/1190/1589
f 2395/1228/1621 2393/1226/1619 2399/1190/1627
f 2404/36/40 2403/34/39 2402/1200/1601
f 2401/1198/1598 2404/36/40 2402/1200/1601
f 2405/17/19 2406/1231/1628 2407/71/109
f 2407/71/109 2406/1231/1629 2408/1222/1617
f 2408/1222/1617 2406/1231/1628 2409/1232/1630
f 2408/1222/1617 2409/1232/1630 2410/1200/1601
f 2411/34/39 2408/1222/1617 2410/1200/1601
f 2413/1233/1631 2415/1219/1614 2414/1234/1632
f 2415/1219/1614 2413/1233/1631 2417/1221/1616
f 2417/1221/1616 2413/1233/1633 2412/1235/1634
f 2416/1236/1635 2417/1221/1616 2412/1235/1636
f 2419/1237/1637 2420/17/19 2418/16/46
f 2420/17/19 2419/1237/1637 2421/1238/1638
f 2422/1231/1628 2420/17/19 2421/1238/1638
f 2422/1231/1628 2421/1238/1638 2424/1232/1639
f 2423/1239/1640 2424/1232/1630 2421/1238/1638
f 2424/1232/1630 2423/1239/1640 2425/1200/1601
f 2426/37/1641 2427/1240/1642 2428/16/46
f 2427/1240/1643 2429/1237/1637 2428/16/46
f 2427/1240/1642 2430/1241/1644 2429/1237/1637
f 2430/1241/1644 2431/1238/1638 2429/1237/1637
f 2430/1241/1644 2432/1239/1640 2431/1238/1638
f 2439/1242/1615 2440/1243/1645 2441/1244/1646
f 2439/1242/1615 2437/1245/1647 2440/1243/1645
f 2437/1245/1616 2438/1246/1648 2440/1243/1645
f 2436/1247/1649 2438/1246/1650 2437/1245/1616
f 2434/1248/1651 2438/1246/1650 2436/1247/1652
f 2433/1249/1653 2434/1248/1651 2436/1247/1649
f 2435/1250/1635 2436/1247/1649 2437/1245/1616
f 2442/31/34 2443/32/35 2444/37/1641
f 2444/37/1641 2443/32/35 2446/1192/1592
f 2445/1240/1654 2444/37/1655 2446/1192/1592
f 2448/1241/1656 2445/1240/1643 2446/1192/1592
f 2447/1193/1593 2448/1241/1644 2446/1192/1592
f 2447/1193/1593 2449/1195/1595 2448/1241/1644
f 2449/1195/1595 2451/1239/1640 2448/1241/1644
f 2449/1195/1595 2450/1196/1599 2451/1239/1640
f 2450/1196/1596 2452/1199/1600 2451/1239/1640
f 2451/1239/1640 2452/1199/1600 2453/1200/1601
f 2458/1234/1657 2460/1243/1645 2459/1246/1658
f 2457/1248/1659 2458/1234/1657 2459/1246/1650
f 2457/1248/1660 2456/1233/1631 2458/1234/1632
f 2456/1233/1631 2457/1248/1661 2454/1235/1662
f 2457/1248/1660 2455/1249/1653 2454/1235/1662
f 2462/1212/1609 2461/333/676 2463/319/678
f 2462/1212/1663 2463/319/678 2465/1214/358
f 2464/1213/357 2462/1212/1664 2465/1214/358
f 2470/1251/1665 2471/1252/1666 2469/1253/1667
f 2468/2/2 2470/1251/1665 2469/1253/1667
f 2468/2/2 2469/1253/1667 2467/1209/1608
f 2466/4/4 2468/2/2 2467/1209/1608
f 2477/1252/1666 2476/1254/1668 2474/1253/1667
f 2476/1254/1668 2475/1255/1669 2474/1253/1667
f 2474/1253/1667 2475/1255/1670 2473/1256/447
f 2474/1253/1667 2473/1256/447 2472/1209/1608
f 2480/1256/447 2478/1210/448 2479/1209/1608
f 2483/294/648 2482/21/72 2481/20/71
f 2485/294/648 2484/292/649 2486/296/642
f 2489/292/606 2488/294/610 2487/296/616
f 2491/21/24 2490/294/610 2492/20/23
f 2497/1254/1668 2496/1257/1671 2495/1255/1670
f 2496/1257/1672 2494/1258/444 2495/1255/1669
f 2495/1255/1670 2494/1258/444 2493/1256/447
f 2498/1259/1673 2499/1260/1674 2501/1261/1675
f 2499/1260/1674 2500/1262/1676 2501/1261/1675
f 2514/1263/22 2512/1258/444 2516/1257/1672
f 2513/1264/24 2514/1263/22 2516/1257/1672
f 2515/1262/1676 2513/1264/24 2516/1257/1672
f 2513/1264/24 2515/1262/1676 2511/1265/610
f 2511/1265/610 2515/1262/1676 2510/1260/1674
f 2509/1266/616 2511/1265/610 2510/1260/1674
f 2508/1267/619 2509/1266/616 2510/1260/1674
f 2506/1268/1677 2508/1267/619 2510/1260/1674
f 2507/1269/625 2508/1267/619 2506/1268/1677
f 2506/1268/1677 2505/1270/635 2507/1269/625
f 2506/1268/1677 2503/1203/1604 2505/1270/635
f 2503/1203/1604 2504/1271/642 2505/1270/635
f 2503/1203/1604 2502/1204/648 2504/1271/642
f 2521/1272/1678 2518/1273/1679 2520/1274/1680
f 2518/1273/1681 2517/1218/1613 2520/1274/1682
f 2520/1274/1680 2517/1218/1613 2519/1220/1615
f 2523/1275/1683 2522/1276/1684 2524/1277/1685
f 2523/1275/1683 2524/1277/1685 2526/1278/1686
f 2525/1279/1582 2523/1275/1683 2526/1278/1687
f 2528/1280/1688 2527/1281/1689 2533/1282/1690
f 2533/1282/1690 2527/1281/1691 2530/1283/1692
f 2533/1282/1690 2530/1283/1692 2531/1230/1623
f 2532/1284/1693 2533/1282/1690 2531/1230/1694
f 2532/1284/1695 2529/1285/1696 2533/1282/1690
f 2538/1286/1697 2539/1273/1679 2540/1287/1698
f 2537/1218/1613 2539/1273/1679 2538/1286/1699
f 2536/1288/1700 2537/1218/1613 2538/1286/1701
f 2535/1219/1614 2537/1218/1613 2536/1288/1700
f 2534/1234/1632 2535/1219/1614 2536/1288/1700
f 2543/1289/1682 2542/1244/1702 2544/1290/1703
f 2543/1289/1682 2541/1242/1704 2542/1244/1702
f 2545/1281/1683 2546/1184/1582 2547/1283/1692
f 2549/1283/1692 2551/1186/1584 2550/1230/1623
f 2549/1283/1692 2548/1184/1582 2551/1186/1584
f 2555/1291/1705 2559/1284/1706 2552/1277/1685
f 2552/1277/1707 2559/1284/1693 2558/1230/1708
f 2554/1278/1709 2552/1277/1685 2558/1230/1623
f 2554/1278/1709 2558/1230/1623 2560/1229/1710
f 2557/1225/1625 2554/1278/1686 2560/1229/1622
f 2553/1279/1582 2554/1278/1687 2557/1225/1618
f 2556/1224/1711 2553/1279/1582 2557/1225/1618
f 2563/1286/1697 2566/1290/1703 2565/1244/1702
f 2562/1288/1700 2563/1286/1697 2565/1244/1702
f 2562/1288/1712 2565/1244/1702 2564/1243/1713
f 2561/1234/1632 2562/1288/1712 2564/1243/1645
f 2569/706/1714 2567/707/1715 2568/726/1716
f 2574/703/1717 2572/1292/1718 2573/707/1719
f 2572/1292/1718 2570/703/1720 2573/707/1715
f 2572/1292/1718 2571/702/1721 2570/703/1064
f 2575/702/1063 2576/1292/1718 2577/703/1717
f 2578/716/1722 2580/692/1723 2579/693/1724
f 2582/725/1087 2581/722/1082 2584/1293/1725
f 2583/726/1089 2582/725/1087 2584/1293/1725
f 2583/726/1716 2584/1293/1726 2585/725/1727
f 2588/1294/1063 2589/716/1722 2587/713/1728
f 2589/716/1074 2588/1294/1063 2592/713/1729
f 2591/1295/1730 2590/1296/1731 2593/693/1724
f 2590/1296/1731 2591/1295/1732 2586/693/1733
f 2595/1297/1734 2596/1298/1735 2594/1299/1725
f 2600/1296/1731 2599/716/1722 2601/693/1724
f 2599/716/1722 2600/1296/1731 2598/693/1053
f 2597/692/1052 2599/716/1722 2598/693/1053
f 2602/1293/1725 2604/722/1735 2603/725/1727
f 2607/726/1089 2606/707/1715 2605/706/1736
f 2613/697/1737 2611/1300/1738 2609/1301/1739
f 2612/698/1740 2613/697/1737 2609/1301/1739
f 2608/1302/1741 2612/698/1740 2609/1301/1739
f 2612/698/1740 2608/1302/1741 2610/699/1742
f 2614/697/1058 2615/698/1059 2619/1301/1739
f 2615/698/1743 2618/1302/1741 2619/1301/1739
f 2616/699/1060 2618/1302/1741 2615/698/1059
f 2617/1295/1730 2618/1302/1741 2616/699/1060
f 2620/699/1742 2618/1302/1741 2617/1295/1730
f 2620/699/1742 2617/1295/1730 2621/693/1724
f 2624/1295/1732 2623/699/1060 2622/693/1053
f 2625/1303/1082 2626/1304/1744 2627/1299/1725
f 2640/1305/1745 2639/1306/1746 2637/1307/1747
f 2637/1307/1747 2639/1306/1746 2636/1308/1748
f 2634/1309/1749 2637/1307/1747 2636/1308/1748
f 2632/1310/1750 2634/1309/1749 2636/1308/1748
f 2632/1310/1750 2630/1311/1751 2634/1309/1749
f 2630/1311/1751 2633/1312/1752 2634/1309/1749
f 2629/1261/1675 2633/1312/1752 2630/1311/1751
f 2629/1261/1675 2628/1262/1676 2633/1312/1752
f 2628/1262/1676 2631/1257/1672 2633/1312/1752
f 2639/1306/1746 2638/1313/1753 2636/1308/1748
f 2635/1314/1754 2636/1308/1748 2638/1313/1753
f 2636/1308/1748 2635/1314/1754 2632/1310/1750
f 2647/1315/1755 2648/1305/1745 2646/1307/1747
f 2644/1309/1749 2647/1315/1755 2646/1307/1747
f 2644/1309/1749 2645/1316/1756 2647/1315/1755
f 2642/1312/1752 2645/1316/1756 2644/1309/1749
f 2643/1254/1668 2645/1316/1756 2642/1312/1752
f 2641/1257/1672 2643/1254/1668 2642/1312/1752
f 2650/1317/1757 2652/1318/1758 2651/1319/1759
f 2651/1319/1759 2649/1320/1760 2650/1317/1757
f 2654/1261/1675 2655/1311/1751 2653/1259/1761
f 2660/1318/1758 2661/1321/1762 2658/1319/1759
f 2658/1319/1759 2661/1321/1762 2659/1322/1763
f 2659/1322/1763 2657/1/1 2658/1319/1759
f 2657/1/1 2656/1320/1760 2658/1319/1759
f 2665/1315/1755 2664/1316/1756 2666/1323/1764
f 2664/1316/1756 2662/1254/1668 2666/1323/1764
f 2663/1252/1765 2666/1323/1764 2662/1254/1668
f 2672/1321/1762 2673/1324/1766 2670/1322/1763
f 2670/1322/1763 2673/1324/1766 2671/1325/1767
f 2670/1322/1763 2671/1325/1767 2669/1251/1665
f 2668/1/1 2670/1322/1763 2669/1251/1665
f 2669/1251/1665 2667/2/2 2668/1/1
f 2676/1325/1767 2678/1326/1768 2677/1323/1764
f 2675/1252/1666 2676/1325/1767 2677/1323/1764
f 2674/1251/1665 2676/1325/1767 2675/1252/1666
f 2682/1327/1769 2681/1318/1758 2680/1328/1770
f 2681/1318/1758 2679/1317/1757 2680/1328/1770
f 2685/1329/1769 2686/1330/1771 2683/1331/1758
f 2686/1330/1771 2684/1332/1762 2683/1331/1758
f 2687/1333/1772 2688/1313/1753 2689/1334/1773
f 2691/1333/1772 2690/1314/1754 2692/1313/1753
f 2694/1335/1746 2695/1336/1774 2693/1337/1753
f 2701/361/1775 2700/358/1776 2706/362/1777
f 2700/358/1776 2703/363/1778 2706/362/1777
f 2700/358/1776 2697/395/1779 2703/363/1778
f 2697/395/1779 2699/398/1780 2703/363/1778
f 2697/395/1779 2696/396/1781 2699/398/1780
f 2696/396/1781 2698/399/1782 2699/398/1780
f 2698/399/1782 2702/400/1783 2699/398/1780
f 2699/398/1780 2702/400/1783 2705/369/1784
f 2702/400/1785 2704/370/1786 2705/369/1784
f 2715/366/1787 2714/371/1788 2716/372/1789
f 2712/376/1790 2714/371/1788 2715/366/1787
f 2713/367/1791 2712/376/1790 2715/366/1787
f 2712/376/1790 2713/367/1791 2711/378/1792
f 2711/378/1792 2710/377/1793 2712/376/1790
f 2711/378/1792 2709/379/1794 2710/377/1793
f 2709/379/1794 2708/385/1795 2710/377/1793
f 2710/377/1793 2708/385/1795 2707/384/1796
f 2723/374/1797 2724/371/1788 2721/375/1798
f 2724/371/1788 2722/376/1790 2721/375/1798
f 2720/377/1793 2721/375/1798 2722/376/1790
f 2721/375/1798 2720/377/1793 2719/383/1799
f 2719/383/1799 2720/377/1793 2718/384/1796
f 2718/384/1796 2717/417/1800 2719/383/1799
f 2729/381/1801 2727/382/1802 2726/414/1803
f 2729/381/1801 2730/374/1797 2727/382/1802
f 2730/374/1797 2728/375/1798 2727/382/1802
f 2727/382/1802 2728/375/1798 2725/383/1799
f 2731/409/1804 2733/654/1805 2732/414/1803
f 2735/405/1806 2734/406/1807 2738/403/1808
f 2737/404/1809 2735/405/1806 2738/403/1808
f 2735/405/1806 2737/404/1809 2742/408/1810
f 2741/410/1811 2735/405/1806 2742/408/1810
f 2741/410/1811 2742/408/1810 2747/415/1812
f 2746/416/1813 2741/410/1811 2747/415/1812
f 2740/412/1814 2741/410/1811 2746/416/1813
f 2745/417/1800 2740/412/1814 2746/416/1813
f 2745/417/1800 2739/388/1815 2740/412/1814
f 2739/388/1815 2736/413/1816 2740/412/1814
f 2743/401/1817 2737/404/1809 2738/403/1808
f 2737/404/1809 2743/401/1817 2742/408/1810
f 2743/401/1817 2748/409/1804 2742/408/1810
f 2747/415/1812 2742/408/1810 2748/409/1804
f 2750/414/1803 2747/415/1812 2748/409/1804
f 2752/382/1802 2747/415/1812 2750/414/1803
f 2752/382/1802 2749/383/1799 2747/415/1812
f 2749/383/1799 2746/416/1813 2747/415/1812
f 2745/417/1800 2746/416/1813 2749/383/1799
f 2744/402/1818 2743/401/1817 2738/403/1808
f 2751/655/1819 2743/401/1817 2744/402/1818
f 2751/655/1819 2748/409/1804 2743/401/1817
f 2759/391/1820 2757/392/1821 2756/393/1822
f 2758/394/1823 2759/391/1824 2756/393/1822
f 2758/394/1823 2760/384/1796 2759/391/1825
f 2760/384/1796 2758/394/1823 2755/387/1826
f 2754/417/1800 2760/384/1796 2755/387/1826
f 2753/388/1815 2754/417/1800 2755/387/1826
f 2761/407/1827 2763/406/1807 2764/405/1806
f 2761/407/1827 2764/405/1806 2767/410/1811
f 2762/411/1828 2761/407/1827 2767/410/1811
f 2762/411/1828 2767/410/1811 2766/412/1814
f 2765/413/1816 2762/411/1828 2766/412/1814
f 2769/390/1829 2768/392/1830 2770/391/1825
f 2772/385/1795 2769/390/1829 2770/391/1824
f 2771/384/1796 2772/385/1795 2770/391/1820
f 2779/361/1775 2777/360/1818 2778/358/1776
f 2777/360/1818 2775/359/1808 2778/358/1831
f 2778/358/1776 2775/359/1808 2776/395/1779
f 2775/359/1808 2773/397/1807 2776/395/1779
f 2776/395/1779 2773/397/1807 2774/396/1781
f 2780/386/1832 2781/387/1826 2782/393/1822
f 2781/387/1826 2783/394/1823 2782/393/1822
f 2785/386/1832 2784/388/1815 2786/387/1826
f 2797/366/1787 2798/619/1833 2795/364/1834
f 2795/364/1834 2793/365/1835 2797/366/1787
f 2793/365/1835 2796/367/1791 2797/366/1787
f 2792/368/1836 2796/367/1791 2793/365/1835
f 2796/367/1791 2792/368/1836 2794/378/1792
f 2794/378/1792 2792/368/1836 2789/380/1837
f 2789/380/1837 2791/379/1794 2794/378/1792
f 2788/389/1838 2791/379/1794 2789/380/1837
f 2791/379/1794 2788/389/1838 2787/390/1829
f 2790/385/1795 2791/379/1794 2787/390/1829
f 2804/362/1777 2800/363/1778 2807/364/1834
f 2800/363/1778 2806/365/1835 2807/364/1834
f 2800/363/1839 2799/398/1780 2806/365/1835
f 2799/398/1780 2803/369/1784 2806/365/1835
f 2803/369/1784 2805/368/1836 2806/365/1835
f 2801/370/1786 2805/368/1836 2803/369/1784
f 2805/368/1836 2801/370/1786 2802/380/1837
f 2808/422/1840 2809/421/1841 2810/423/1842
f 2809/421/1841 2813/445/1843 2810/423/1842
f 2810/423/1842 2813/445/1843 2812/425/1844
f 2813/445/1843 2815/430/1845 2812/425/1844
f 2812/425/1844 2815/430/1845 2814/429/1846
f 2811/428/1847 2812/425/1844 2814/429/1848
f 2818/486/1849 2816/487/1850 2817/492/1851
f 2819/491/1852 2818/486/1853 2817/492/1851
f 2818/486/1853 2819/491/1852 2820/485/1854
f 2819/491/1852 2821/490/1855 2820/485/1854
f 2822/444/1856 2825/436/1857 2823/421/1841
f 2822/444/1856 2824/435/1858 2825/436/1857
f 2825/436/1857 2824/435/1858 2827/434/1859
f 2827/434/1859 2829/437/1860 2825/436/1857
f 2825/436/1857 2829/437/1860 2826/446/1861
f 2826/446/1861 2829/437/1860 2830/447/1862
f 2828/431/1863 2826/446/1861 2830/447/1864
f 2844/451/1865 2845/481/1866 2835/453/1856
f 2847/458/1867 2845/481/1866 2844/451/1868
f 2847/458/1869 2850/480/1870 2845/481/1866
f 2850/480/1870 2847/458/1869 2849/479/1871
f 2850/480/1870 2849/479/1872 2854/494/1873
f 2849/479/1872 2853/493/1874 2854/494/1873
f 2858/442/1875 2854/494/1873 2853/493/1874
f 2837/452/1876 2844/451/1868 2835/453/1856
f 2844/451/1877 2837/452/1876 2832/454/1840
f 2842/455/1878 2844/451/1865 2832/454/1840
f 2844/451/1868 2842/455/1878 2847/458/1869
f 2842/455/1878 2846/459/1879 2847/458/1880
f 2846/459/1879 2851/461/1881 2847/458/1880
f 2851/461/1882 2849/479/1883 2847/458/1880
f 2851/461/1884 2856/476/1885 2849/479/1883
f 2856/476/1885 2853/493/1874 2849/479/1872
f 2856/476/1885 2859/492/1851 2853/493/1874
f 2859/492/1851 2855/487/1850 2853/493/1874
f 2855/487/1850 2858/442/1875 2853/493/1874
f 2833/456/1886 2842/455/1878 2832/454/1840
f 2842/455/1878 2833/456/1886 2848/460/1887
f 2846/459/1879 2842/455/1888 2848/460/1887
f 2851/461/1884 2846/459/1879 2848/460/1887
f 2852/462/1889 2851/461/1884 2848/460/1887
f 2856/476/1885 2851/461/1881 2852/462/1889
f 2857/478/1890 2856/476/1885 2852/462/1889
f 2857/478/1891 2860/477/1892 2856/476/1885
f 2856/476/1885 2860/477/1892 2859/492/1893
f 2831/457/1894 2833/456/1886 2832/454/1840
f 2860/477/1892 2857/478/1891 2861/483/1895
f 2836/424/1896 2834/433/1897 2831/432/1898
f 2831/432/1894 2832/422/1840 2836/424/1896
f 2838/423/1899 2836/424/1896 2832/422/1840
f 2838/423/1842 2843/425/1844 2836/424/1896
f 2843/425/1844 2840/426/1900 2836/424/1896
f 2840/426/1900 2843/425/1844 2839/427/1901
f 2843/425/1844 2841/428/1847 2839/427/1902
f 2864/491/1852 2862/492/1903 2863/477/1892
f 2865/489/1904 2864/491/1852 2863/477/1892
f 2866/490/1855 2864/491/1852 2865/489/1905
f 2867/488/1906 2866/490/1855 2865/489/1905
f 2874/465/1887 2869/464/1886 2875/463/1889
f 2869/464/1886 2868/466/1894 2875/463/1889
f 2868/466/1894 2876/467/1907 2875/463/1889
f 2878/468/1895 2876/467/1891 2868/466/1894
f 2870/469/1908 2878/468/1895 2868/466/1894
f 2877/470/1909 2878/468/1895 2870/469/1908
f 2871/471/1896 2877/470/1892 2870/469/1908
f 2871/471/1910 2873/472/1900 2877/470/1911
f 2873/472/1900 2879/473/1912 2877/470/1892
f 2879/473/1913 2873/472/1900 2872/474/1901
f 2880/475/1914 2879/473/1904 2872/474/1902
f 2881/495/1915 2883/443/1916 2882/496/1917
f 2886/434/1859 2884/435/1858 2885/450/1918
f 2889/436/1857 2888/445/1843 2887/421/1841
f 2889/436/1857 2892/446/1861 2888/445/1843
f 2892/446/1861 2891/430/1919 2888/445/1843
f 2891/430/1845 2892/446/1861 2893/431/1863
f 2890/429/1920 2891/430/1845 2893/431/1863
f 2895/442/1875 2894/487/1850 2896/419/1921
f 2894/487/1850 2897/486/1922 2896/419/1921
f 2898/418/1923 2896/419/1921 2897/486/1853
f 2899/485/1854 2898/418/1923 2897/486/1853
f 2901/439/1924 2900/438/1925 2903/440/1926
f 2903/440/1926 2904/420/1927 2901/439/1924
f 2904/420/1928 2902/448/1929 2901/439/1924
f 2906/437/1860 2905/434/1859 2908/438/1930
f 2909/439/1924 2906/437/1860 2908/438/1925
f 2906/437/1860 2909/439/1924 2907/447/1862
f 2909/439/1924 2910/448/1929 2907/447/1862
f 2912/484/1858 2911/453/1856 2914/482/1931
f 2911/453/1856 2913/481/1866 2914/482/1931
f 2914/482/1931 2913/481/1866 2916/495/1915
f 2913/481/1866 2915/480/1870 2916/495/1915
f 2915/480/1870 2920/494/1873 2916/495/1915
f 2920/494/1873 2919/443/1916 2916/495/1915
f 2919/443/1916 2920/494/1873 2921/442/1875
f 2919/443/1916 2921/442/1875 2918/441/1932
f 2919/443/1916 2918/441/1932 2917/449/1933
f 2922/438/1925 2923/441/1932 2924/440/1926
f 2925/442/1875 2924/440/1926 2923/441/1932
f 2927/419/1921 2924/440/1926 2925/442/1875
f 2926/420/1928 2924/440/1926 2927/419/1921
f 2928/418/1923 2926/420/1927 2927/419/1921
f 2934/546/1934 2933/547/1935 2935/502/1936
f 2933/547/1935 2934/546/1934 2932/548/1937
f 2930/594/1938 2933/547/1935 2932/548/1937
f 2930/594/1938 2929/595/1939 2933/547/1935
f 2929/595/1939 2931/596/1940 2933/547/1935
f 2937/611/1941 2940/500/1942 2943/609/1943
f 2943/609/1943 2940/500/1942 2941/503/1944
f 2940/500/1942 2939/501/1945 2941/503/1944
f 2939/501/1945 2940/500/1942 2942/502/1936
f 2944/549/1946 2939/501/1945 2942/502/1936
f 2938/547/1935 2944/549/1947 2942/502/1936
f 2944/549/1947 2938/547/1935 2936/596/1940
f 2945/498/1948 2947/562/1949 2946/563/1950
f 2956/548/1937 2953/743/1951 2952/598/1952
f 2955/594/1938 2956/548/1937 2952/598/1952
f 2952/598/1952 2950/591/1953 2955/594/1938
f 2950/591/1953 2951/592/1954 2955/594/1938
f 2951/592/1954 2954/595/1939 2955/594/1938
f 2949/593/1955 2951/592/1954 2950/591/1953
f 2948/556/1956 2951/592/1954 2949/593/1955
f 2966/520/1957 2970/519/1958 2963/509/1959
f 2963/509/1959 2962/605/1960 2966/520/1957
f 2962/605/1960 2969/600/1961 2966/520/1962
f 2967/604/1963 2969/600/1961 2962/605/1964
f 2957/508/1949 2960/507/1965 2963/509/1959
f 2962/605/1960 2963/509/1959 2960/507/1965
f 2961/608/1966 2962/605/1960 2960/507/1967
f 2961/608/1966 2967/604/1963 2962/605/1960
f 2964/607/1968 2967/604/1963 2961/608/1966
f 2967/604/1963 2964/607/1968 2958/606/1969
f 2959/504/1970 2967/604/1963 2958/606/1969
f 2960/507/1965 2957/508/1971 2965/506/1972
f 2960/507/1965 2965/506/1972 2968/505/1973
f 2964/607/1968 2960/507/1965 2968/505/1973
f 2960/507/1965 2964/607/1968 2961/608/1966
f 2971/612/1974 2973/526/1975 2972/613/1976
f 2976/562/1977 2975/498/1978 2974/545/1979
f 2980/521/1980 2977/523/1981 2982/522/1982
f 2980/521/1980 2982/522/1982 2978/520/1957
f 2981/601/1983 2980/521/1980 2978/520/1957
f 2979/600/1961 2981/601/1983 2978/520/1957
f 2987/576/1984 2985/567/1985 2986/554/1986
f 2986/554/1986 2985/567/1985 2990/577/1987
f 2989/584/1988 2986/554/1986 2990/577/1987
f 2989/584/1988 2983/553/1989 2986/554/1986
f 2989/584/1988 2991/585/1990 2983/553/1991
f 2991/585/1990 2984/597/1992 2983/553/1989
f 2992/550/1993 2984/597/1992 2991/585/1990
f 2992/550/1993 2988/596/1940 2984/597/1992
f 2993/574/1994 2994/603/1995 2997/588/1996
f 2994/603/1995 2993/574/1997 2996/523/1981
f 2995/602/1998 2994/603/1995 2996/523/1981
f 2996/523/1981 2998/521/1980 2995/602/1998
f 2998/521/1980 2999/601/1999 2995/602/1998
f 3003/529/2000 3002/528/2001 3000/530/2002
f 3001/531/2003 3003/529/2000 3000/530/2002
f 3004/540/2004 3003/529/2000 3001/531/2005
f 3003/529/2000 3004/540/2004 3006/544/2006
f 3006/544/2006 3004/540/2004 3005/511/2007
f 3007/589/2008 3006/544/2006 3005/511/2007
f 3007/589/2008 3005/511/2007 3008/590/2009
f 3010/557/1952 3011/727/1951 3009/535/2010
f 3019/607/1968 3020/505/1973 3018/610/2011
f 3016/606/1969 3019/607/1968 3018/610/2011
f 3016/606/1969 3018/610/2011 3014/609/1943
f 3014/609/1943 3013/503/1944 3016/606/1969
f 3013/503/1944 3017/504/1970 3016/606/1969
f 3013/503/1944 3012/501/1945 3017/504/1970
f 3012/501/1945 3015/549/2012 3017/504/1970
f 3021/508/1949 3022/509/1959 3023/510/2013
f 3024/575/2014 3026/523/1981 3025/574/1994
f 3029/583/2015 3028/537/2016 3027/534/2017
f 3033/567/1985 3032/565/2018 3031/566/2000
f 3033/567/1985 3031/566/2000 3037/568/2019
f 3039/577/2020 3033/567/1985 3037/568/2021
f 3043/578/2022 3039/577/1987 3037/568/2023
f 3043/578/2024 3042/585/1990 3039/577/1987
f 3042/585/1990 3036/584/1988 3039/577/2020
f 3032/565/2018 3030/564/2001 3031/566/2000
f 3031/566/2000 3034/569/2006 3037/568/2019
f 3041/570/2025 3037/568/2019 3034/569/2006
f 3041/570/2026 3047/579/2027 3037/568/2019
f 3047/579/2027 3043/578/2024 3037/568/2019
f 3054/586/2028 3043/578/2024 3047/579/2027
f 3042/585/1990 3043/578/2024 3054/586/2028
f 3050/599/2029 3042/585/1990 3054/586/2028
f 3044/550/1993 3042/585/1990 3050/599/2029
f 3044/550/1993 3050/599/2029 3049/504/1970
f 3046/549/1947 3044/550/1993 3049/504/1970
f 3044/550/1993 3046/549/1947 3035/596/1940
f 3041/570/2026 3034/569/2006 3038/571/2008
f 3045/572/2030 3041/570/2026 3038/571/2008
f 3041/570/2026 3045/572/2030 3052/580/2031
f 3047/579/2027 3041/570/2026 3052/580/2031
f 3054/586/2028 3047/579/2027 3052/580/2031
f 3060/587/2032 3054/586/2028 3052/580/2031
f 3059/601/1983 3054/586/2028 3060/587/2032
f 3054/586/2028 3059/601/1983 3058/600/1961
f 3050/599/2029 3054/586/2028 3058/600/1961
f 3050/599/2029 3058/600/1961 3056/604/1963
f 3050/599/2029 3056/604/1963 3049/504/1970
f 3045/572/2030 3038/571/2008 3040/573/2009
f 3048/582/2033 3045/572/2030 3040/573/2009
f 3045/572/2030 3048/582/2033 3055/581/2034
f 3052/580/2031 3045/572/2030 3055/581/2034
f 3060/587/2032 3052/580/2031 3055/581/2034
f 3057/588/1996 3060/587/2032 3055/581/2034
f 3051/603/1995 3060/587/2032 3057/588/2035
f 3051/603/1995 3053/602/1998 3060/587/2036
f 3053/602/1998 3059/601/1983 3060/587/2032
f 3062/532/2037 3064/531/2003 3061/533/2038
f 3063/542/2039 3064/531/2005 3062/532/2037
f 3064/531/2005 3063/542/2039 3065/541/2040
f 3066/540/2004 3064/531/2005 3065/541/2040
f 3066/540/2004 3065/541/2040 3068/511/2007
f 3065/541/2040 3067/513/2041 3068/511/2007
f 3068/511/2007 3067/513/2041 3069/512/2042
f 3068/511/2007 3069/512/2043 3070/590/2009
f 3075/527/2044 3072/524/2045 3071/525/2046
f 3072/524/2045 3075/527/2044 3076/552/2047
f 3072/524/2045 3076/552/2047 3073/551/2048
f 3073/551/2048 3076/552/2047 3074/556/1956
f 3078/538/1976 3080/532/2037 3077/539/2049
f 3081/542/2039 3080/532/2037 3078/538/2050
f 3078/538/1976 3079/543/2051 3081/542/2039
f 3082/517/2052 3081/542/2039 3079/543/2053
f 3083/515/2054 3081/542/2039 3082/517/2052
f 3081/542/2039 3083/515/2054 3084/541/2040
f 3084/541/2040 3083/515/2054 3086/513/2041
f 3083/515/2054 3085/499/2055 3086/513/2041
f 3086/513/2041 3085/499/2055 3087/497/2056
f 3087/497/2056 3088/514/2057 3086/513/2041
f 3086/513/2041 3088/514/2057 3089/512/2042
f 3092/524/2045 3090/526/1975 3091/525/2058
f 3093/551/2048 3090/526/1975 3092/524/2045
f 3095/517/2052 3094/518/2059 3097/516/2060
f 3096/515/2054 3095/517/2052 3097/516/2060
f 3099/499/2055 3096/515/2054 3097/516/2060
f 3098/536/2061 3099/499/2055 3097/516/2060
f 3099/499/2062 3098/536/2061 3100/537/2016
f 3101/545/1979 3099/499/2063 3100/537/2016
f 3101/545/2064 3102/498/1978 3099/499/2063
f 3099/499/2063 3102/498/1978 3103/497/2056
f 3109/555/2065 3112/554/1986 3105/527/2044
f 3107/553/1989 3105/527/2044 3112/554/1986
f 3106/552/2047 3105/527/2044 3107/553/1989
f 3110/597/1992 3106/552/2047 3107/553/1989
f 3106/552/2047 3110/597/2066 3113/596/1940
f 3111/595/1939 3106/552/2047 3113/596/1940
f 3108/592/1954 3106/552/2047 3111/595/1939
f 3104/556/1956 3106/552/2047 3108/592/1954
f 3116/516/2060 3114/518/2059 3115/560/2067
f 3116/516/2060 3115/560/2068 3117/559/2069
f 3116/516/2060 3117/559/2069 3118/536/2061
f 3118/536/2061 3117/559/2069 3119/535/2010
f 3120/534/2017 3118/536/2061 3119/535/2010
f 3118/536/2061 3120/534/2017 3121/537/2016
f 3122/560/2067 3123/561/1955 3125/558/1953
f 3122/560/2067 3125/558/1953 3124/559/2069
f 3124/559/2069 3125/558/1953 3127/557/1952
f 3124/559/2069 3127/557/1952 3126/535/2010
f 3131/614/2070 3128/414/1803 3129/654/1805
f 3130/381/1801 3128/414/1803 3131/614/2070
f 3136/618/2071 3135/617/2072 3133/362/1777
f 3135/617/2072 3134/616/2073 3133/362/1777
f 3134/616/2073 3132/361/1775 3133/362/1777
f 3139/532/2074 3138/533/2075 3137/539/2076
f 3143/616/2073 3142/615/2077 3141/361/1775
f 3142/615/2077 3140/360/1818 3141/361/1775
f 3146/654/1805 3144/409/1804 3145/655/1819
f 3166/621/2078 3170/620/2079 3164/622/2080
f 3159/623/2081 3166/621/2078 3164/622/2080
f 3163/629/2071 3166/621/2078 3159/623/2081
f 3154/630/2072 3163/629/2071 3159/623/2081
f 3154/630/2072 3159/623/2081 3152/625/2082
f 3149/631/2073 3154/630/2072 3152/625/2082
f 3149/631/2073 3152/625/2082 3150/627/2083
f 3147/632/2077 3149/631/2073 3150/627/2083
f 3159/623/2081 3164/622/2080 3158/624/1974
f 3152/625/2082 3159/623/2081 3158/624/2084
f 3152/625/2082 3158/624/1974 3156/626/2076
f 3150/627/2083 3152/625/2082 3156/626/2076
f 3150/627/2083 3156/626/2076 3157/628/2075
f 3151/634/2085 3150/627/2083 3157/628/2075
f 3151/634/2085 3148/633/1819 3150/627/2083
f 3148/633/1819 3147/632/2086 3150/627/2083
f 3151/634/2085 3157/628/2075 3162/635/2002
f 3155/636/2087 3151/634/2085 3162/635/2002
f 3155/636/2087 3153/640/1805 3151/634/2085
f 3153/640/2088 3148/633/1819 3151/634/2085
f 3155/636/2087 3162/635/2002 3168/637/2001
f 3165/638/2089 3155/636/2087 3168/637/2001
f 3153/640/1805 3155/636/2087 3165/638/2089
f 3161/641/2070 3153/640/1805 3165/638/2089
f 3161/641/2070 3165/638/2089 3171/642/2090
f 3167/649/2091 3161/641/2070 3171/642/2090
f 3167/649/2091 3171/642/2090 3175/644/2092
f 3172/650/1789 3167/649/2091 3175/644/2092
f 3165/638/2089 3168/637/2001 3174/639/2018
f 3171/642/2090 3165/638/2089 3174/639/2018
f 3171/642/2090 3174/639/2018 3177/643/1984
f 3175/644/2092 3171/642/2090 3177/643/1984
f 3173/645/2093 3175/644/2092 3177/643/1984
f 3172/650/1789 3175/644/2092 3173/645/2093
f 3169/651/1833 3172/650/1789 3173/645/2093
f 3163/652/2071 3169/651/1833 3173/645/2093
f 3166/648/2078 3163/652/2071 3173/645/2093
f 3170/647/2094 3166/648/2078 3173/645/2093
f 3176/646/2065 3170/647/2079 3173/645/2093
f 3176/646/2065 3173/645/2093 3177/643/1984
f 3156/653/2076 3158/612/1974 3160/613/1976
f 3179/567/2095 3180/576/1984 3178/565/2018
f 3182/656/2079 3183/527/2044 3181/525/2080
f 3184/555/2065 3183/527/2044 3182/656/2079
f 3187/531/2096 3186/530/2002 3185/533/2075
f 3189/657/2097 3190/655/1819 3188/402/1818
f 3192/614/2070 3195/373/2091 3191/381/1801
f 3195/373/2091 3193/374/1797 3191/381/1801
f 3194/371/1788 3193/374/1797 3195/373/2091
f 3196/366/1787 3198/372/1789 3197/619/1833
f 3200/526/2098 3199/612/1974 3201/525/2080
f 3204/576/1984 3203/554/2099 3202/555/2065
f 3207/618/2071 3206/364/1834 3208/619/1833
f 3206/364/1834 3207/618/2071 3205/362/1777
f 3211/372/1789 3209/371/1788 3210/373/2091
f 3216/690/2100 3217/675/2101 3220/673/2102
f 3216/690/2103 3212/691/2104 3217/675/2101
f 3212/691/2104 3213/709/2105 3217/675/2101
f 3218/704/2106 3217/675/2107 3213/709/2105
f 3214/710/2108 3218/704/2106 3213/709/2105
f 3218/704/2106 3214/710/2108 3219/705/2109
f 3214/710/2108 3215/711/2110 3219/705/2109
f 3225/672/2111 3223/700/2112 3224/670/2113
f 3225/672/2111 3222/674/2114 3223/700/2112
f 3222/674/2114 3221/701/2115 3223/700/2112
f 3228/695/2116 3227/694/2117 3226/677/2118
f 3237/720/2119 3238/721/2120 3235/708/2121
f 3234/660/2122 3235/708/2121 3238/721/2120
f 3231/661/2123 3235/708/2121 3234/660/2122
f 3231/661/2123 3234/660/2122 3232/658/2124
f 3230/662/2125 3231/661/2123 3232/658/2124
f 3231/661/2123 3230/662/2125 3229/663/1729
f 3240/669/2126 3238/721/2120 3237/720/2119
f 3240/669/2126 3241/695/2127 3238/721/2120
f 3241/695/2128 3239/677/2118 3238/721/2120
f 3238/721/2120 3239/677/2118 3234/660/2122
f 3239/677/2118 3236/676/2129 3234/660/2122
f 3236/676/2129 3233/659/2130 3234/660/2122
f 3233/659/2130 3232/658/2124 3234/660/2122
f 3241/695/2128 3240/669/2126 3243/670/2113
f 3241/695/2128 3243/670/2113 3242/696/2131
f 3249/706/1714 3248/725/1727 3251/724/2132
f 3251/724/2133 3252/720/2119 3249/706/2134
f 3252/720/2119 3250/708/2121 3249/706/2135
f 3246/703/1717 3249/706/1714 3250/708/2121
f 3247/661/2123 3246/703/1717 3250/708/2121
f 3246/703/1717 3247/661/2123 3245/663/1729
f 3245/663/1729 3244/702/1063 3246/703/2136
f 3255/706/2137 3254/703/1717 3253/707/1715
f 3257/725/1727 3258/706/1714 3256/726/2138
f 3259/699/1742 3260/693/1724 3261/685/2139
f 3262/686/2140 3259/699/1742 3261/685/2141
f 3271/672/2111 3270/670/2113 3269/671/2142
f 3271/672/2111 3269/671/2142 3267/673/2143
f 3268/674/2114 3271/672/2111 3267/673/2102
f 3267/673/2102 3263/675/2101 3268/674/2114
f 3263/675/2101 3264/704/2106 3268/674/2114
f 3268/674/2114 3264/704/2106 3266/701/2115
f 3264/704/2106 3265/705/2109 3266/701/2115
f 3274/686/2140 3275/698/1740 3272/699/1742
f 3275/698/1740 3274/686/2140 3277/683/2144
f 3277/683/2144 3274/686/2140 3273/685/2139
f 3276/684/2145 3277/683/2144 3273/685/2141
f 3285/679/2146 3279/697/1737 3283/681/2147
f 3279/697/1737 3278/698/1740 3283/681/2147
f 3283/681/2147 3278/698/1740 3282/683/2148
f 3284/682/2149 3283/681/2147 3282/683/2144
f 3282/683/2144 3280/684/2145 3284/682/2150
f 3284/682/2149 3280/684/2145 3281/690/2103
f 3286/689/2151 3284/682/2149 3281/690/2152
f 3286/689/2151 3281/690/2103 3287/673/2102
f 3286/689/2151 3287/673/2143 3288/671/2142
f 3298/678/2153 3300/687/2154 3297/680/2155
f 3298/678/2153 3304/688/2156 3300/687/2154
f 3304/688/2156 3303/664/2157 3300/687/2154
f 3303/664/2157 3304/688/2156 3305/668/2158
f 3299/667/2159 3303/664/2157 3305/668/2158
f 3302/669/2126 3299/667/2159 3305/668/2158
f 3299/667/2159 3302/669/2126 3292/720/2119
f 3292/720/2119 3293/719/2160 3299/667/2159
f 3291/724/2133 3293/719/2161 3292/720/2119
f 3291/724/2133 3290/723/2162 3293/719/2161
f 3289/725/2163 3290/723/2164 3291/724/2133
f 3296/679/2146 3298/678/2153 3297/680/2155
f 3298/678/2153 3296/679/2146 3294/681/2147
f 3295/682/2149 3298/678/2153 3294/681/2147
f 3298/678/2153 3295/682/2149 3301/689/2151
f 3301/689/2151 3304/688/2156 3298/678/2153
f 3304/688/2156 3301/689/2151 3306/671/2142
f 3304/688/2156 3306/671/2142 3305/668/2158
f 3307/670/2113 3305/668/2158 3306/671/2142
f 3302/669/2126 3305/668/2158 3307/670/2113
f 3317/664/2157 3315/665/2165 3316/687/2154
f 3315/665/2165 3317/664/2157 3313/666/2166
f 3317/664/2157 3314/667/2159 3313/666/2167
f 3312/719/2161 3313/666/2167 3314/667/2159
f 3311/717/2168 3313/666/2166 3312/719/2161
f 3310/723/2162 3311/717/2168 3312/719/2161
f 3310/723/2164 3309/722/1735 3311/717/2168
f 3308/725/1727 3309/722/1735 3310/723/2164
f 3320/717/2168 3319/718/2169 3321/666/2170
f 3318/722/1735 3319/718/2169 3320/717/2168
f 3325/692/1723 3322/716/1722 3323/713/1729
f 3323/713/1729 3324/712/2125 3325/692/1723
f 3329/684/2145 3328/685/2139 3327/692/1723
f 3327/692/1723 3328/685/2141 3326/693/1724
f 3338/690/2152 3337/684/2145 3332/691/2104
f 3337/684/2145 3331/692/1723 3332/691/2104
f 3330/712/2125 3332/691/2104 3331/692/1723
f 3332/691/2104 3330/712/2125 3334/709/2105
f 3330/712/2125 3333/714/2124 3334/709/2171
f 3336/710/2108 3334/709/2105 3333/714/2124
f 3335/715/2130 3336/710/2108 3333/714/2124
f 3339/727/1951 3341/740/2172 3340/739/2173
f 3343/730/2174 3344/736/2175 3342/611/2176
f 3344/736/2175 3343/730/2174 3345/728/2177
f 3348/732/2178 3346/739/2173 3347/741/2179
f 3350/734/2180 3353/733/2181 3349/732/2178
f 3353/733/2181 3352/731/2174 3349/732/2178
f 3352/731/2174 3351/583/2182 3349/732/2178
f 3357/735/2183 3355/742/2172 3354/743/1951
f 3356/548/1937 3357/735/2183 3354/743/1951
f 3358/738/2184 3357/735/2183 3356/548/1937
f 3359/535/2010 3361/727/1951 3362/739/2173
f 3359/535/2010 3362/739/2173 3360/534/2017
f 3362/739/2173 3363/732/2178 3360/534/2017
f 3364/583/2015 3360/534/2017 3363/732/2178
f 3371/736/2175 3367/735/2183 3373/737/2185
f 3367/735/2183 3369/738/2184 3373/737/2185
f 3373/737/2185 3369/738/2184 3366/546/1934
f 3366/546/1934 3369/738/2184 3365/548/1937
f 3368/730/2174 3370/729/2181 3372/728/2177
f 3378/736/2175 3376/500/1942 3374/611/2186
f 3376/500/1942 3378/736/2175 3379/737/2185
f 3377/502/1936 3376/500/1942 3379/737/2185
f 3377/502/1936 3379/737/2185 3375/546/1934
f 3383/728/2177 3381/751/2187 3382/736/2175
f 3381/751/2187 3380/735/2183 3382/736/2175
f 3386/734/2180 3385/732/2178 3384/741/2179
f 3387/741/2179 3390/744/2188 3388/758/2189
f 3387/741/2179 3388/758/2189 3391/734/2180
f 3388/758/2189 3395/757/2190 3391/734/2180
f 3399/733/2181 3391/734/2180 3395/757/2190
f 3401/764/2191 3399/733/2181 3395/757/2190
f 3401/764/2191 3395/757/2190 3402/765/2192
f 3395/757/2190 3396/766/2193 3402/765/2192
f 3402/765/2192 3396/766/2193 3397/767/2194
f 3400/768/2195 3402/765/2192 3397/767/2194
f 3390/744/2188 3393/759/2196 3388/758/2189
f 3393/759/2197 3394/760/2198 3388/758/2189
f 3394/760/2198 3389/761/2199 3388/758/2189
f 3389/761/2199 3396/766/2193 3388/758/2189
f 3396/766/2193 3395/757/2190 3388/758/2189
f 3392/762/2200 3389/761/2199 3394/760/2198
f 3396/766/2193 3389/761/2199 3392/762/2200
f 3397/767/2194 3396/766/2193 3392/762/2200
f 3400/768/2195 3397/767/2194 3392/762/2201
f 3398/763/2202 3400/768/2195 3392/762/2200
f 3398/763/2202 3392/762/2203 3394/760/2198
f 3410/729/2181 3414/750/2191 3417/728/2177
f 3414/750/2191 3418/749/2204 3417/728/2177
f 3417/728/2177 3418/749/2204 3413/745/2205
f 3409/751/2187 3417/728/2177 3413/745/2205
f 3409/751/2187 3413/745/2205 3405/746/2197
f 3404/756/2188 3409/751/2187 3405/746/2197
f 3409/751/2187 3404/756/2188 3403/742/2172
f 3408/735/2183 3409/751/2187 3403/742/2172
f 3415/755/2192 3418/749/2204 3414/750/2191
f 3415/755/2192 3416/754/2206 3418/749/2204
f 3416/754/2206 3412/748/2207 3418/749/2204
f 3412/748/2207 3413/745/2205 3418/749/2204
f 3406/747/2198 3413/745/2205 3412/748/2207
f 3406/747/2198 3405/746/2197 3413/745/2205
f 3415/755/2192 3411/753/2195 3416/754/2206
f 3412/748/2207 3416/754/2206 3411/753/2195
f 3407/752/2202 3412/748/2207 3411/753/2195
f 3406/747/2198 3412/748/2207 3407/752/2202
f 3419/739/2173 3421/740/2172 3422/744/2188
f 3420/741/2179 3419/739/2173 3422/744/2188
f 3423/705/2208 3424/883/2209 3425/701/2115
f 3424/883/2210 3426/881/2211 3425/701/2115
f 3425/701/2212 3426/881/2211 3427/879/2213
f 3430/700/2112 3428/701/2115 3429/879/2214
f 3434/865/2215 3431/867/2216 3433/866/2217
f 3435/868/2218 3431/867/2216 3434/865/2215
f 3432/874/2219 3431/867/2216 3435/868/2218
f 3438/869/2220 3436/865/2215 3437/870/2221
f 3439/869/2220 3440/694/2222 3441/875/2223
f 3445/700/2112 3444/879/2214 3443/696/2131
f 3444/879/2214 3442/875/2223 3443/696/2131
f 3447/798/2224 3449/797/2225 3450/799/2219
f 3452/800/2226 3447/798/2224 3450/799/2219
f 3446/807/2227 3447/798/2224 3452/800/2226
f 3454/808/2228 3446/807/2227 3452/800/2226
f 3446/807/2229 3454/808/2228 3448/811/2230
f 3448/811/2230 3454/808/2228 3451/812/2231
f 3451/812/2231 3454/808/2228 3456/813/2232
f 3453/818/2233 3451/812/2231 3456/813/2232
f 3452/800/2226 3450/799/2219 3455/801/2234
f 3452/800/2226 3455/801/2234 3462/802/2235
f 3452/800/2236 3462/802/2235 3463/809/2237
f 3454/808/2228 3452/800/2226 3463/809/2237
f 3454/808/2228 3463/809/2237 3456/813/2232
f 3463/809/2237 3464/814/2238 3456/813/2232
f 3459/450/2239 3456/813/2232 3464/814/2238
f 3453/818/2233 3456/813/2232 3459/450/2240
f 3457/821/2241 3453/818/2233 3459/450/2239
f 3458/435/1858 3457/821/2241 3459/450/2239
f 3455/801/2234 3461/803/2242 3462/802/2235
f 3461/803/2242 3467/804/2243 3462/802/2235
f 3467/804/2243 3469/805/2244 3462/802/2235
f 3462/802/2235 3469/805/2244 3470/810/2245
f 3463/809/2237 3462/802/2235 3470/810/2245
f 3470/810/2245 3468/815/2246 3463/809/2237
f 3468/815/2246 3464/814/2238 3463/809/2237
f 3464/814/2238 3468/815/2246 3465/819/2247
f 3465/819/2247 3459/450/2239 3464/814/2238
f 3459/450/2239 3465/819/2247 3466/438/1925
f 3460/434/1859 3459/450/2239 3466/438/2248
f 3506/806/2249 3505/805/2244 3497/804/2243
f 3505/805/2244 3506/806/2249 3509/783/2250
f 3511/781/2251 3505/805/2244 3509/783/2250
f 3507/810/2245 3505/805/2244 3511/781/2252
f 3512/817/2253 3507/810/2245 3511/781/2251
f 3512/817/2253 3510/816/2254 3507/810/2245
f 3510/816/2255 3502/815/2246 3507/810/2245
f 3508/820/2256 3502/815/2246 3510/816/2254
f 3501/449/1933 3502/815/2246 3508/820/2256
f 3502/815/2246 3501/449/1933 3491/819/2247
f 3491/819/2247 3501/449/1933 3495/438/1925
f 3509/783/2250 3506/806/2249 3496/789/2257
f 3498/782/2258 3509/783/2250 3496/789/2257
f 3511/781/2251 3509/783/2250 3498/782/2258
f 3504/780/2259 3511/781/2251 3498/782/2258
f 3511/781/2251 3504/780/2259 3503/779/2260
f 3512/817/2253 3511/781/2251 3503/779/2260
f 3510/816/2255 3512/817/2253 3503/779/2260
f 3499/774/2261 3510/816/2254 3503/779/2260
f 3510/816/2255 3499/774/2261 3508/820/2256
f 3499/774/2261 3493/772/2262 3508/820/2256
f 3500/496/1917 3508/820/2256 3493/772/2262
f 3500/496/1917 3501/449/1933 3508/820/2256
f 3498/782/2258 3496/789/2257 3485/788/2263
f 3498/782/2258 3485/788/2263 3488/787/2264
f 3504/780/2259 3498/782/2258 3488/787/2264
f 3504/780/2259 3488/787/2264 3489/778/2265
f 3503/779/2260 3504/780/2259 3489/778/2265
f 3503/779/2260 3489/778/2265 3499/774/2261
f 3489/778/2265 3490/773/2266 3499/774/2261
f 3490/773/2266 3493/772/2262 3499/774/2261
f 3493/772/2262 3490/773/2266 3484/771/2267
f 3493/772/2262 3484/771/2267 3492/770/2268
f 3492/770/2268 3500/496/1917 3493/772/2262
f 3496/789/2257 3483/792/2269 3485/788/2263
f 3474/791/2270 3485/788/2263 3483/792/2269
f 3485/788/2263 3474/791/2270 3475/790/2271
f 3488/787/2264 3485/788/2263 3475/790/2271
f 3488/787/2264 3475/790/2271 3479/786/2272
f 3489/778/2265 3488/787/2264 3479/786/2272
f 3479/786/2272 3481/777/2273 3489/778/2265
f 3481/777/2273 3490/773/2266 3489/778/2265
f 3484/771/2267 3490/773/2266 3481/777/2273
f 3477/796/2274 3474/791/2270 3483/792/2269
f 3474/791/2270 3477/796/2274 3476/795/2225
f 3472/794/2224 3474/791/2270 3476/795/2225
f 3474/791/2270 3472/794/2224 3471/793/2229
f 3475/790/2271 3474/791/2275 3471/793/2227
f 3475/790/2271 3471/793/2229 3473/785/2230
f 3479/786/2272 3475/790/2271 3473/785/2230
f 3481/777/2273 3479/786/2272 3473/785/2230
f 3478/784/2231 3481/777/2273 3473/785/2230
f 3478/784/2231 3480/776/2233 3481/777/2273
f 3480/776/2233 3484/771/2267 3481/777/2273
f 3484/771/2267 3480/776/2233 3482/775/2241
f 3486/769/2276 3484/771/2267 3482/775/2241
f 3484/771/2267 3486/769/2276 3492/770/2268
f 3486/769/2276 3487/482/1931 3492/770/2268
f 3487/482/1931 3494/495/1915 3492/770/2268
f 3492/770/2268 3494/495/1915 3500/496/1917
f 3517/496/1917 3519/443/1916 3518/449/1933
f 3513/775/2241 3514/484/1858 3515/769/2276
f 3514/484/1858 3516/482/1931 3515/769/2276
f 3521/449/1933 3522/441/1932 3520/438/1925
f 3525/887/2277 3523/888/2278 3526/889/2216
f 3525/887/2277 3526/889/2216 3529/890/2219
f 3524/886/2225 3525/887/2277 3529/890/2219
f 3527/885/2279 3525/887/2277 3524/886/2225
f 3528/884/2274 3527/885/2279 3524/886/2225
f 3541/883/2210 3527/885/2279 3528/884/2274
f 3544/882/2269 3541/883/2210 3528/884/2274
f 3541/883/2210 3544/882/2269 3560/881/2211
f 3544/882/2269 3562/880/2257 3560/881/2280
f 3566/879/2214 3560/881/2211 3562/880/2257
f 3575/878/2249 3566/879/2214 3562/880/2257
f 3566/879/2214 3575/878/2249 3565/876/2281
f 3561/875/2223 3566/879/2214 3565/876/2281
f 3561/875/2223 3565/876/2281 3547/869/2220
f 3565/876/2281 3550/871/2282 3547/869/2220
f 3547/869/2220 3550/871/2282 3536/868/2218
f 3535/865/2215 3547/869/2220 3536/868/2218
f 3565/876/2281 3575/878/2249 3568/877/2243
f 3565/876/2281 3568/877/2243 3552/872/2242
f 3550/871/2282 3565/876/2281 3552/872/2242
f 3536/868/2218 3550/871/2282 3552/872/2242
f 3534/873/2234 3536/868/2218 3552/872/2242
f 3534/873/2234 3529/874/2219 3536/868/2218
s 3225
f 3537/822/2283 3531/824/2284 3549/823/2285
f 3531/824/2284 3551/825/2286 3549/823/2285
f 3549/823/2285 3551/825/2286 3574/833/2287
f 3563/832/2288 3549/823/2285 3574/833/2287
f 3549/823/2285 3563/832/2288 3546/831/2289
f 3537/822/2283 3549/823/2285 3546/831/2289
f 3530/826/2290 3551/825/2286 3531/824/2284
f 3553/827/2291 3551/825/2286 3530/826/2290
f 3551/825/2286 3553/827/2291 3577/834/2292
f 3574/833/2287 3551/825/2286 3577/834/2292
f 3539/828/2293 3553/827/2291 3530/826/2290
f 3553/827/2291 3539/828/2293 3557/829/2294
f 3571/830/2295 3553/827/2291 3557/829/2294
f 3553/827/2291 3571/830/2295 3577/834/2292
f 3546/836/2289 3548/835/2296 3537/837/2283
f 3548/835/2296 3538/838/2297 3537/837/2283
f 3531/845/2284 3537/837/2283 3538/838/2297
f 3533/846/2298 3531/845/2284 3538/838/2297
f 3531/845/2284 3533/846/2298 3530/852/2290
f 3533/846/2298 3532/853/2299 3530/852/2290
f 3539/859/2293 3530/852/2290 3532/853/2299
f 3564/840/2300 3548/835/2296 3546/836/2289
f 3564/840/2300 3554/839/2301 3548/835/2296
f 3554/839/2301 3538/838/2297 3548/835/2296
f 3538/838/2297 3554/839/2301 3542/847/2302
f 3542/847/2302 3533/846/2298 3538/838/2297
f 3533/846/2298 3542/847/2302 3543/854/2303
f 3532/853/2299 3533/846/2298 3543/854/2303
f 3543/854/2303 3545/861/2304 3532/853/2299
f 3545/861/2304 3540/860/2305 3532/853/2299
f 3540/860/2305 3539/859/2293 3532/853/2299
f 3539/859/2293 3540/860/2305 3557/862/2294
f 3563/841/2288 3564/840/2300 3546/836/2289
f 3573/842/2306 3564/840/2300 3563/841/2288
f 3564/840/2300 3573/842/2306 3567/849/2307
f 3564/840/2300 3567/849/2307 3554/839/2301
f 3554/839/2301 3567/849/2307 3555/848/2308
f 3554/839/2301 3555/848/2308 3542/847/2302
f 3555/848/2308 3556/855/2309 3542/847/2302
f 3556/855/2309 3543/854/2303 3542/847/2302
f 3543/854/2303 3556/855/2309 3558/856/2310
f 3545/861/2304 3543/854/2303 3558/856/2310
f 3545/861/2304 3558/856/2310 3540/860/2305
f 3558/856/2310 3559/863/2311 3540/860/2305
f 3540/860/2305 3559/863/2311 3557/862/2294
f 3557/862/2294 3559/863/2311 3571/864/2295
f 3574/843/2287 3573/842/2306 3563/841/2288
f 3574/843/2287 3577/844/2292 3573/842/2306
f 3577/844/2292 3576/851/2312 3573/842/2306
f 3576/851/2312 3570/850/2313 3573/842/2306
f 3570/850/2313 3567/849/2307 3573/842/2306
f 3567/849/2307 3570/850/2313 3556/855/2309
f 3555/848/2308 3567/849/2307 3556/855/2309
f 3576/851/2312 3577/844/2292 3572/858/2314
f 3576/851/2312 3572/858/2314 3569/857/2315
f 3570/850/2313 3576/851/2312 3569/857/2315
f 3569/857/2315 3558/856/2310 3570/850/2313
f 3558/856/2310 3556/855/2309 3570/850/2313
f 3577/844/2292 3571/864/2295 3572/858/2314
f 3559/863/2311 3572/858/2314 3571/864/2295
f 3569/857/2315 3572/858/2314 3559/863/2311
f 3558/856/2310 3569/857/2315 3559/863/2311
s 0
f 3579/887/2277 3580/711/2110 3578/888/2278
f 3581/885/2316 3580/711/2110 3579/887/2277
f 3584/705/2317 3582/711/2110 3583/885/2279
f 3585/883/2210 3584/705/2109 3583/885/2279
f 3587/710/2108 3586/715/2130 3589/711/2110
f 3586/715/2130 3588/888/2278 3589/711/2110
f 3591/865/2215 3590/866/2217 3592/870/2318
f 3595/694/2117 3594/869/2220 3593/870/2221
f 3596/694/2222 3598/696/2131 3597/875/2223
f 3606/694/2117 3605/870/2318 3604/677/2118
f 3601/676/2129 3604/677/2118 3605/870/2318
f 3603/866/2217 3601/676/2129 3605/870/2318
f 3599/659/2130 3601/676/2129 3603/866/2217
f 3600/891/2278 3599/659/2130 3603/866/2217
f 3602/867/2216 3600/891/2278 3603/866/2217
f 3608/700/2112 3607/696/2131 3609/670/2113
f 3610/694/2222 3611/695/2116 3612/696/2131
f 3613/508/2319 3614/904/2320 3617/506/2321
f 3618/903/2322 3617/506/2321 3614/904/2320
f 3617/506/2323 3618/903/2322 3615/900/2324
f 3619/505/1973 3617/506/2321 3615/900/2324
f 3616/610/2011 3619/505/1973 3615/900/2324
f 3622/896/2320 3620/897/2325 3623/898/2326
f 3622/896/2320 3621/562/1971 3620/897/2325
f 3627/902/2327 3626/897/2325 3625/894/2328
f 3625/894/2328 3626/897/2325 3624/545/2064
f 3628/562/1977 3624/545/1979 3626/897/2325
f 3630/583/1941 3632/895/2329 3629/894/2328
f 3632/895/2329 3633/893/2330 3629/894/2328
f 3633/893/2330 3631/892/2331 3629/894/2328
f 3635/899/2329 3637/900/2324 3638/901/2332
f 3637/900/2324 3635/899/2329 3634/611/1941
f 3636/609/1943 3637/900/2333 3634/611/2186
f 3639/610/2011 3637/900/2324 3636/609/1943
f 3641/905/2330 3640/899/2329 3642/901/2332
f 3643/537/2016 3646/583/2186 3645/894/2328
f 3643/537/2016 3645/894/2328 3644/545/1979
f 3648/922/2326 3653/903/2322 3647/904/2320
f 3648/922/2326 3649/921/2334 3653/903/2322
f 3649/921/2334 3654/920/2335 3653/903/2322
f 3653/903/2322 3654/920/2335 3652/919/2336
f 3651/901/2332 3653/903/2322 3652/919/2336
f 3653/903/2322 3651/901/2337 3650/900/2324
f 3661/909/2338 3662/913/2339 3655/908/2340
f 3662/913/2339 3656/912/2341 3655/908/2342
f 3655/908/2340 3656/912/2341 3659/911/2343
f 3658/907/2344 3655/908/2340 3659/911/2345
f 3658/907/2344 3659/911/2343 3666/910/2346
f 3665/906/2334 3658/907/2344 3666/910/2346
f 3656/912/2341 3662/913/2339 3657/915/2347
f 3656/912/2341 3657/915/2347 3660/914/2348
f 3659/911/2343 3656/912/2341 3660/914/2348
f 3659/911/2349 3660/914/2348 3666/910/2346
f 3660/914/2348 3664/917/2350 3666/910/2346
f 3663/916/2351 3664/917/2350 3660/914/2348
f 3657/915/2347 3663/916/2352 3660/914/2353
f 3662/913/2339 3663/916/2354 3657/915/2347
f 3672/893/2330 3673/909/2338 3667/892/2331
f 3673/909/2338 3668/908/2340 3667/892/2331
f 3668/908/2340 3671/907/2344 3667/892/2331
f 3671/907/2344 3670/902/2327 3667/892/2331
f 3670/902/2327 3671/907/2344 3675/906/2334
f 3674/898/2326 3670/902/2327 3675/906/2334
f 3669/897/2325 3670/902/2327 3674/898/2326
f 3677/892/2331 3678/902/2327 3676/894/2328
f 3688/920/2335 3682/921/2334 3683/926/2346
f 3688/920/2335 3683/926/2346 3687/925/2355
f 3688/920/2335 3687/925/2355 3685/924/2356
f 3686/919/2336 3688/920/2335 3685/924/2356
f 3686/919/2336 3685/924/2356 3681/923/2339
f 3686/919/2336 3681/923/2339 3680/918/2338
f 3684/901/2332 3686/919/2336 3680/918/2338
f 3679/905/2330 3684/901/2332 3680/918/2338
f 3692/926/2346 3691/928/2357 3694/925/2355
f 3694/925/2355 3691/928/2350 3693/924/2356
f 3691/928/2350 3690/927/2354 3693/924/2356
f 3693/924/2356 3690/927/2352 3689/923/2339
f 3698/937/2358 3697/939/2359 3696/938/2360
f 3698/937/2358 3696/938/2360 3695/575/2014
f 3700/935/2361 3699/514/2057 3701/936/2014
f 3702/940/2360 3700/935/2361 3701/936/2014
f 3700/935/2361 3702/940/2360 3703/941/2362
f 3706/932/2363 3707/937/2358 3708/931/2364
f 3707/937/2358 3709/930/2365 3708/931/2366
f 3707/937/2358 3705/574/1994 3709/930/2365
f 3705/574/1994 3707/937/2358 3704/575/2014
f 3712/933/2367 3711/590/2009 3710/512/2042
f 3714/934/2368 3715/933/2367 3713/512/2369
f 3718/934/2368 3717/512/2042 3719/935/2361
f 3717/512/2042 3716/514/2057 3719/935/2361
f 3722/582/2033 3720/573/2009 3721/929/2367
f 3725/932/2363 3722/582/2033 3721/929/2367
f 3722/582/2033 3725/932/2363 3727/931/2366
f 3724/581/2034 3722/582/2033 3727/931/2366
f 3724/581/2034 3727/931/2370 3728/930/2365
f 3726/588/1996 3724/581/2034 3728/930/2365
f 3723/574/1994 3726/588/1996 3728/930/2365
f 3732/957/2371 3730/935/2361 3733/941/2362
f 3732/957/2371 3731/956/2372 3730/935/2361
f 3731/956/2372 3729/934/2368 3730/935/2361
f 3745/945/2373 3736/946/2374 3738/952/2375
f 3745/945/2373 3738/952/2375 3742/951/2376
f 3745/945/2373 3742/951/2376 3746/944/2377
f 3742/951/2378 3743/950/2379 3746/944/2377
f 3739/949/2380 3746/944/2377 3743/950/2379
f 3746/944/2377 3739/949/2380 3737/948/2381
f 3744/939/2359 3746/944/2377 3737/948/2381
f 3735/947/2362 3744/939/2359 3737/948/2381
f 3744/939/2359 3735/947/2362 3734/938/2360
f 3742/951/2376 3738/952/2375 3740/954/2382
f 3740/954/2383 3741/953/2384 3742/951/2376
f 3741/953/2384 3743/950/2379 3742/951/2376
f 3741/953/2384 3739/949/2380 3743/950/2379
f 3748/943/2385 3750/942/2386 3747/929/2367
f 3748/943/2385 3749/946/2374 3750/942/2386
f 3749/946/2374 3753/945/2373 3750/942/2386
f 3750/942/2386 3753/945/2373 3754/944/2377
f 3751/939/2387 3750/942/2386 3754/944/2377
f 3751/939/2359 3752/937/2358 3750/942/2386
f 3756/942/2386 3757/932/2363 3755/929/2367
f 3758/937/2358 3757/932/2363 3756/942/2386
f 3766/941/2362 3768/960/2381 3760/959/2388
f 3768/960/2381 3770/961/2380 3760/959/2388
f 3770/961/2380 3762/962/2389 3760/959/2388
f 3762/962/2389 3761/967/2390 3760/959/2388
f 3761/967/2390 3759/958/2391 3760/959/2388
f 3759/958/2391 3761/967/2390 3769/966/2375
f 3767/965/2374 3759/958/2391 3769/966/2375
f 3767/965/2374 3765/955/2385 3759/958/2391
f 3762/962/2389 3770/961/2380 3764/963/2392
f 3762/962/2389 3764/963/2392 3763/968/2393
f 3761/967/2390 3762/962/2389 3763/968/2393
f 3769/966/2375 3761/967/2390 3763/968/2393
f 3771/969/2383 3769/966/2375 3763/968/2393
f 3771/969/2383 3763/968/2393 3772/964/2384
f 3763/968/2393 3764/963/2392 3772/964/2384
f 3770/961/2380 3772/964/2394 3764/963/2392
f 3775/957/2371 3780/941/2362 3777/959/2388
f 3775/957/2371 3777/959/2388 3776/958/2391
f 3774/956/2372 3775/957/2371 3776/958/2391
f 3779/955/2385 3774/956/2372 3776/958/2391
f 3773/934/2368 3774/956/2372 3779/955/2385
f 3778/933/2367 3773/934/2368 3779/955/2385
f 3783/972/2395 3782/971/2396 3781/973/2397
f 3784/510/2013 3783/972/2395 3781/973/2397
f 3789/980/2398 3791/979/2399 3787/970/2400
f 3791/979/2399 3790/978/2401 3787/970/2400
f 3790/978/2401 3788/936/2402 3787/970/2400
f 3788/936/2402 3785/497/2056 3787/970/2400
f 3788/936/2014 3786/514/2057 3785/497/2056
f 3793/973/2397 3792/508/1971 3794/510/2013
f 3799/562/1971 3802/983/2397 3797/563/1950
f 3797/563/1950 3802/983/2397 3803/982/2396
f 3798/981/2403 3797/563/1950 3803/982/2396
f 3798/981/2403 3801/980/2404 3797/563/1950
f 3801/980/2404 3800/970/2405 3797/563/1950
f 3800/970/2400 3796/497/2056 3797/563/1950
f 3796/497/2056 3795/498/1978 3797/563/1950
f 3806/972/2395 3808/510/2013 3811/975/2406
f 3811/975/2406 3808/510/2407 3810/519/1958
f 3812/522/1982 3811/975/2406 3810/519/1958
f 3812/522/1982 3810/519/1958 3807/520/1957
f 3805/977/2399 3809/976/2408 3804/974/2401
f 3815/975/2409 3814/523/1981 3813/575/2014
f 3814/523/1981 3815/975/2406 3816/522/1982
f 3819/519/1958 3818/510/2013 3817/509/1959
f 3821/974/2401 3823/975/2406 3820/575/2014
f 3822/976/2408 3823/975/2406 3821/974/2401
f 3824/981/2403 3828/982/2396 3825/991/2410
f 3825/991/2410 3827/990/2411 3824/981/2403
f 3827/990/2411 3826/980/2404 3824/981/2403
f 3826/980/2404 3827/990/2411 3829/979/2399
f 3832/977/2399 3833/989/2412 3836/976/2408
f 3833/989/2412 3837/988/2413 3836/976/2408
f 3837/988/2413 3835/985/2414 3836/976/2408
f 3835/985/2414 3834/972/2395 3836/976/2408
f 3834/972/2395 3835/985/2414 3831/984/2415
f 3830/971/2396 3834/972/2395 3831/984/2415
f 3839/976/2416 3838/972/2395 3840/975/2406
f 3844/989/2412 3845/1005/2417 3850/988/2413
f 3850/988/2413 3845/1005/2417 3849/1004/2418
f 3850/988/2413 3849/1004/2418 3847/987/2419
f 3848/985/2414 3850/988/2413 3847/987/2419
f 3847/987/2419 3842/986/2420 3848/985/2414
f 3848/985/2421 3842/986/2420 3841/984/2415
f 3845/1005/2417 3846/1003/2422 3849/1004/2418
f 3849/1004/2418 3846/1003/2422 3847/987/2419
f 3846/1003/2422 3843/1002/2423 3847/987/2419
f 3843/1002/2423 3842/986/2420 3847/987/2419
f 3856/982/2396 3858/992/2415 3851/991/2410
f 3851/991/2410 3858/992/2415 3859/993/2420
f 3852/994/2424 3851/991/2410 3859/993/2420
f 3851/991/2425 3852/994/2424 3854/999/2426
f 3853/990/2411 3851/991/2410 3854/999/2426
f 3854/999/2426 3863/998/2417 3853/990/2411
f 3863/998/2417 3862/997/2412 3853/990/2411
f 3853/990/2411 3862/997/2412 3861/979/2399
f 3852/994/2424 3859/993/2420 3855/995/2427
f 3855/995/2427 3857/1000/2428 3852/994/2424
f 3857/1000/2428 3854/999/2426 3852/994/2424
f 3854/999/2426 3857/1000/2428 3863/998/2417
f 3857/1000/2428 3864/1001/2429 3863/998/2417
f 3864/1001/2422 3857/1000/2428 3860/996/2423
f 3857/1000/2428 3855/995/2427 3860/996/2423
f 3859/993/2420 3860/996/2423 3855/995/2427
f 3868/1338/2430 3871/1339/2431 3869/1340/2432
f 3869/1340/2432 3871/1339/2431 3870/1341/2433
f 3869/1340/2432 3870/1341/2433 3866/1342/2434
f 3866/1342/2435 3870/1341/2433 3867/1343/2436
f 3865/1344/2437 3866/1342/2435 3867/1343/2436
f 3873/1345/2438 3874/1346/2439 3872/1347/2440
f 3891/397/1807 3887/1056/2441 3893/396/1781
f 3893/396/1781 3887/1056/2441 3883/1055/2442
f 3886/1050/2443 3893/396/1781 3883/1055/2442
f 3895/399/2444 3893/396/1781 3886/1050/2443
f 3890/1051/2445 3895/399/1782 3886/1050/2443
f 3890/1051/2445 3894/1034/2446 3895/399/1782
f 3894/1034/2446 3898/1006/2447 3895/399/2444
f 3898/1006/2447 3900/400/2448 3895/399/1782
f 3900/400/1783 3898/1006/2449 3901/370/2450
f 3898/1006/2449 3899/1007/2451 3901/370/2452
f 3901/370/1786 3899/1007/2451 3902/380/1837
f 3883/1055/2442 3879/1045/2453 3886/1050/2443
f 3879/1045/2453 3881/1046/2454 3886/1050/2443
f 3886/1050/2443 3881/1046/2454 3890/1051/2445
f 3881/1046/2454 3885/1052/2455 3890/1051/2445
f 3885/1052/2455 3889/1036/2456 3890/1051/2445
f 3889/1036/2456 3894/1034/2446 3890/1051/2445
f 3896/1035/2457 3894/1034/2446 3889/1036/2456
f 3896/1035/2457 3899/1007/2451 3894/1034/2446
f 3899/1007/2451 3898/1006/2449 3894/1034/2446
f 3878/1039/2458 3881/1046/2454 3879/1045/2453
f 3881/1046/2454 3878/1039/2458 3882/1047/2459
f 3885/1052/2455 3881/1046/2454 3882/1047/2459
f 3884/1048/2460 3885/1052/2455 3882/1047/2459
f 3884/1048/2460 3889/1036/2456 3885/1052/2455
f 3888/1053/2461 3889/1036/2456 3884/1048/2460
f 3892/1058/2462 3889/1036/2456 3888/1053/2461
f 3892/1058/2462 3896/1035/2457 3889/1036/2456
f 3896/1035/2457 3892/1058/2462 3897/1059/2463
f 3899/1007/2451 3896/1035/2457 3897/1059/2463
f 3877/1038/2464 3878/1039/2458 3879/1045/2453
f 3877/1038/2464 3875/1037/2465 3878/1039/2458
f 3875/1037/2465 3876/1040/2439 3878/1039/2458
f 3876/1040/2466 3880/1041/2467 3878/1039/2458
f 3880/1041/2467 3882/1047/2459 3878/1039/2458
f 3882/1047/2459 3880/1041/2467 3884/1048/2460
f 3906/1072/2431 3909/1058/2462 3905/1053/2461
f 3909/1058/2462 3906/1072/2431 3908/1073/2468
f 3912/1059/2463 3909/1058/2462 3908/1073/2468
f 3912/1059/2463 3908/1073/2468 3910/1061/2469
f 3912/1059/2463 3910/1061/2469 3913/1060/2470
f 3913/1060/2470 3915/1007/2451 3912/1059/2463
f 3915/1007/2451 3913/1060/2470 3921/380/1837
f 3921/380/1837 3913/1060/2470 3917/1064/2471
f 3917/1064/2471 3920/389/1838 3921/380/1837
f 3919/390/1829 3920/389/1838 3917/1064/2471
f 3906/1072/2431 3903/1076/2430 3908/1073/2468
f 3904/1084/2472 3908/1073/2468 3903/1076/2430
f 3908/1073/2468 3904/1084/2472 3910/1061/2469
f 3910/1061/2469 3904/1084/2472 3907/1063/2473
f 3910/1061/2469 3907/1063/2473 3911/1062/2474
f 3913/1060/2470 3910/1061/2469 3911/1062/2474
f 3917/1064/2471 3913/1060/2470 3911/1062/2474
f 3914/1065/2475 3917/1064/2471 3911/1062/2474
f 3914/1065/2475 3919/390/1829 3917/1064/2471
f 3919/390/1829 3914/1065/2475 3916/1066/2476
f 3918/392/1821 3919/390/1829 3916/1066/2476
f 3926/1062/2474 3923/1063/2473 3922/1014/2477
f 3922/1014/2477 3924/1015/2478 3926/1062/2474
f 3926/1062/2474 3924/1015/2478 3925/1016/2479
f 3928/1065/2475 3926/1062/2474 3925/1016/2479
f 3928/1065/2475 3925/1016/2479 3929/1066/2476
f 3925/1016/2479 3927/1067/2480 3929/1066/2476
f 3929/1066/2476 3927/1067/2480 3930/393/1822
f 3931/392/1821 3929/1066/2476 3930/393/1822
f 3934/1067/2480 3932/1016/2479 3933/1017/2481
f 3934/1067/2480 3933/1017/2481 3936/393/1822
f 3933/1017/2481 3935/386/1832 3936/393/1822
f 3938/1027/2482 3937/1032/2483 3942/1026/2453
f 3941/1019/2484 3938/1027/2482 3942/1026/2453
f 3939/1028/2485 3938/1027/2482 3941/1019/2486
f 3943/1020/2487 3939/1028/2485 3941/1019/2484
f 3939/1028/2485 3943/1020/2487 3940/1029/2488
f 3943/1020/2487 3945/1021/2489 3940/1029/2488
f 3940/1029/2488 3945/1021/2489 3944/1030/2490
f 3941/1019/2484 3942/1026/2453 3948/1025/2442
f 3951/1018/2491 3941/1019/2484 3948/1025/2492
f 3941/1019/2484 3951/1018/2491 3949/1012/2493
f 3943/1020/2487 3941/1019/2484 3949/1012/2493
f 3949/1012/2493 3950/1013/2494 3943/1020/2487
f 3950/1013/2494 3945/1021/2489 3943/1020/2487
f 3945/1021/2489 3950/1013/2494 3953/1022/2495
f 3947/1031/2496 3945/1021/2489 3953/1022/2495
f 3945/1021/2489 3947/1031/2496 3944/1030/2490
f 3946/1083/2497 3944/1030/2498 3947/1031/2499
f 3948/1025/2442 3957/1024/2441 3951/1018/2491
f 3957/1024/2441 3952/1023/2500 3951/1018/2491
f 3951/1018/2491 3952/1023/2501 3954/1008/2502
f 3949/1012/2493 3951/1018/2491 3954/1008/2503
f 3960/1010/2504 3949/1012/2493 3954/1008/2502
f 3960/1010/2505 3950/1013/2494 3949/1012/2493
f 3959/1014/2477 3950/1013/2494 3960/1010/2505
f 3959/1014/2477 3953/1022/2495 3950/1013/2494
f 3959/1014/2477 3961/1063/2473 3953/1022/2506
f 3953/1022/2507 3961/1063/2473 3956/1084/2472
f 3947/1031/2499 3953/1022/2506 3956/1084/2472
f 3956/1084/2472 3946/1083/2497 3947/1031/2499
f 3946/1083/2497 3956/1084/2472 3955/1076/2430
f 3957/1024/2441 3958/407/1827 3952/1023/2501
f 3954/1008/2502 3952/1023/2501 3958/407/1827
f 3962/411/1828 3954/1008/2502 3958/407/1827
f 3963/1009/2508 3954/1008/2502 3962/411/1828
f 3960/1010/2504 3954/1008/2503 3963/1009/2508
f 3966/1011/2509 3960/1010/2504 3963/1009/2508
f 3966/1011/2509 3967/1016/2479 3960/1010/2504
f 3967/1016/2479 3965/1015/2510 3960/1010/2504
f 3959/1014/2477 3960/1010/2504 3965/1015/2478
f 3964/406/1807 3958/407/1827 3957/1024/2441
f 3968/1348/2488 3971/1349/2490 3969/1350/2511
f 3972/1351/2497 3969/1350/2512 3971/1349/2498
f 3970/1352/2513 3969/1350/2514 3972/1351/2497
f 3977/1353/2464 3978/1354/2482 3974/1355/2515
f 3978/1354/2516 3975/1356/2517 3974/1355/2515
f 3975/1356/2518 3978/1354/2482 3979/1357/2485
f 3973/1358/2519 3975/1356/2517 3979/1357/2520
f 3973/1358/2521 3979/1357/2485 3980/1348/2488
f 3976/1359/2522 3973/1358/2519 3980/1348/2523
f 3976/1359/2522 3980/1348/2488 3981/1350/2514
f 3983/1009/2508 3982/411/1828 3984/413/1816
f 3983/1009/2508 3984/413/1816 3987/388/1815
f 3985/1011/2509 3983/1009/2508 3987/388/1815
f 3985/1011/2509 3987/388/1815 3988/1017/2481
f 3986/1016/2479 3985/1011/2509 3988/1017/2481
f 3998/1339/2431 3997/1360/2461 3996/1341/2433
f 3996/1341/2433 3997/1360/2461 3995/1343/2436
f 3995/1343/2436 3997/1360/2524 3994/1361/2460
f 3992/1362/2525 3995/1343/2436 3994/1361/2460
f 3991/1363/2526 3995/1343/2436 3992/1362/2525
f 3991/1363/2527 3993/1344/2437 3995/1343/2528
f 3993/1344/2437 3991/1363/2527 3990/1336/2529
f 3991/1363/2527 3989/1337/1753 3990/1336/2530
f 4000/1364/2531 3999/1352/2513 4001/1351/2497
f 4002/1364/2531 4004/1351/2497 4006/1338/2430
f 4005/1365/2532 4002/1364/2531 4006/1338/2430
f 4002/1364/2531 4005/1365/2532 4003/1366/2533
f 4014/1362/2525 4015/1361/2460 4013/1367/2467
f 4011/1368/2534 4014/1362/2525 4013/1367/2467
f 4012/1363/2527 4014/1362/2535 4011/1368/2534
f 4012/1363/2527 4011/1368/2534 4008/1369/1773
f 4012/1363/2527 4008/1369/1773 4007/1337/1753
f 4010/1370/2439 4011/1368/2534 4013/1367/2467
f 4009/1371/2438 4011/1368/2534 4010/1370/2439
f 4009/1371/2438 4008/1369/1773 4011/1368/2534
f 4018/1365/2532 4019/1338/2430 4020/1340/2432
f 4020/1340/2432 4017/1372/2536 4018/1365/2532
f 4017/1372/2536 4020/1340/2432 4016/1342/2435
f 4021/388/1815 4023/386/1832 4022/1017/2481
f 4028/1344/2437 4027/1373/2537 4029/1342/2435
f 4027/1373/2537 4028/1344/2437 4026/1336/2538
f 4027/1373/2537 4026/1336/2538 4024/1335/1746
f 4025/1374/1745 4027/1373/2537 4024/1335/1746
f 4033/1375/2539 4035/1372/2536 4034/1342/2435
f 4034/1342/2435 4032/1373/2537 4033/1375/2539
f 4031/1374/1745 4033/1375/2539 4032/1373/2537
f 4030/1376/2540 4033/1375/2539 4031/1374/1745
f 4038/1326/1768 4039/1377/2540 4037/1323/1764
f 4037/1323/1764 4039/1377/2540 4036/1315/1755
f 4041/1324/1766 4042/1326/1768 4040/1325/1767
f 4044/1377/2540 4045/1305/1745 4043/1315/1755
f 4050/1378/2541 4051/1379/2542 4048/1330/2543
f 4051/1379/2542 4049/1380/2544 4048/1330/1771
f 4049/1380/2544 4047/1381/1766 4048/1330/1771
f 4047/1381/1766 4046/1332/1762 4048/1330/1771
f 4057/1379/2542 4056/1378/2541 4058/1364/2531
f 4057/1379/2542 4058/1364/2531 4059/1366/2533
f 4054/1380/2544 4057/1379/2542 4059/1366/2533
f 4055/1382/2545 4054/1380/2544 4059/1366/2533
f 4055/1382/2545 4053/1383/1768 4054/1380/2544
f 4053/1383/1768 4052/1381/1766 4054/1380/2544
f 4065/1372/2536 4064/1366/2533 4066/1365/2532
f 4064/1366/2533 4065/1372/2536 4062/1382/2545
f 4065/1372/2536 4063/1375/2539 4062/1382/2545
f 4062/1382/2545 4063/1375/2539 4061/1376/2540
f 4060/1383/1768 4062/1382/2545 4061/1376/2540
f 4070/1384/2519 4068/1385/2546 4071/1386/2517
f 4068/1385/2546 4070/1384/2519 4072/1387/2522
f 4072/1387/2522 4069/1388/2547 4068/1385/2546
f 4068/1385/2546 4069/1388/2547 4067/1389/2548
f 4076/1359/2522 4078/1350/2549 4075/1390/2547
f 4077/1391/2550 4075/1390/2547 4078/1350/2549
f 4075/1390/2547 4077/1391/2550 4073/1329/2551
f 4074/1330/1771 4073/1329/1769 4077/1391/2550
f 4082/1350/2549 4083/1352/2513 4080/1391/2550
f 4080/1391/2550 4083/1352/2513 4081/1378/2541
f 4081/1378/2541 4079/1330/1771 4080/1391/2552
f 4084/1378/2541 4085/1352/2513 4086/1364/2531
f 4091/551/2048 4092/556/1956 4089/1100/2553
f 4090/1106/2554 4089/1100/2553 4092/556/1956
f 4090/1106/2554 4087/1105/2555 4089/1100/2553
f 4090/1106/2554 4088/1108/2556 4087/1105/2555
f 4096/1099/2557 4098/526/1975 4099/551/2048
f 4096/1099/2557 4099/551/2048 4097/1100/2553
f 4096/1099/2557 4097/1100/2553 4093/1098/2558
f 4094/1105/2555 4093/1098/2558 4097/1100/2553
f 4093/1098/2558 4094/1105/2555 4095/1104/2559
f 4101/1097/2560 4103/613/1976 4106/526/2561
f 4105/1099/2557 4101/1097/2560 4106/526/1975
f 4101/1097/2560 4105/1099/2557 4100/1098/2558
f 4101/1097/2560 4100/1098/2558 4102/1103/2562
f 4102/1103/2562 4100/1098/2563 4104/1104/2559
f 4110/1107/2564 4111/556/1956 4112/593/1955
f 4110/1107/2564 4108/1106/2554 4111/556/1956
f 4110/1107/2564 4109/1109/2565 4108/1106/2554
f 4108/1106/2554 4109/1109/2565 4107/1108/2556
f 4115/1110/2566 4114/1107/2564 4117/593/1955
f 4114/1107/2564 4115/1110/2566 4113/1109/2565
f 4115/1110/2566 4116/1111/2567 4113/1109/2565
f 4120/1113/2568 4121/1112/2567 4119/1095/2569
f 4121/1112/2567 4118/1094/2566 4119/1095/2569
f 4124/1095/2569 4125/560/2067 4122/1096/2570
f 4125/560/2067 4124/1095/2569 4123/1094/2566
f 4126/561/1955 4125/560/2067 4123/1094/2566
f 4127/1101/2562 4128/1102/2559 4130/518/2059
f 4128/1102/2559 4129/1096/2570 4130/518/2059
f 4131/560/2067 4130/518/2059 4129/1096/2571
f 4134/538/1976 4132/1114/2560 4135/543/2053
f 4132/1114/2560 4133/1101/2562 4135/543/2053
f 4137/517/2052 4135/543/2053 4133/1101/2562
f 4136/518/2059 4137/517/2052 4133/1101/2562
f 4141/1109/2565 4142/1117/2572 4138/1108/2556
f 4142/1117/2572 4139/1116/2573 4138/1108/2574
f 4140/1115/2575 4138/1108/2574 4139/1116/2573
f 4152/1109/2565 4159/1111/2567 4153/1117/2572
f 4159/1111/2567 4158/1121/2576 4153/1117/2572
f 4154/1120/2577 4153/1117/2578 4158/1121/2576
f 4153/1117/2572 4154/1120/2577 4143/1116/2579
f 4154/1120/2580 4146/1119/2581 4143/1116/2573
f 4143/1116/2573 4146/1119/2581 4145/1118/2582
f 4145/1118/2582 4144/1115/2575 4143/1116/2583
f 4157/1127/2584 4154/1120/2585 4158/1121/2576
f 4156/1126/2586 4154/1120/2577 4157/1127/2584
f 4151/1125/2587 4154/1120/2585 4156/1126/2586
f 4151/1125/2587 4149/1124/2588 4154/1120/2577
f 4149/1124/2588 4146/1119/2581 4154/1120/2577
f 4148/1123/2589 4146/1119/2581 4149/1124/2588
f 4147/1122/2590 4146/1119/2581 4148/1123/2589
f 4146/1119/2581 4147/1122/2590 4145/1118/2582
f 4151/1125/2587 4156/1126/2586 4155/1129/2591
f 4155/1129/2591 4150/1128/2592 4151/1125/2587
f 4150/1128/2592 4149/1124/2588 4151/1125/2587
f 4148/1123/2589 4149/1124/2588 4150/1128/2592
f 4161/1140/2589 4163/1132/2593 4160/1133/2590
f 4162/1139/2592 4163/1132/2593 4161/1140/2589
f 4162/1139/2592 4164/1138/2594 4163/1132/2593
f 4164/1138/2594 4170/1137/2595 4163/1132/2593
f 4170/1137/2595 4169/1113/2596 4163/1132/2593
f 4170/1137/2595 4167/1136/2584 4169/1113/2596
f 4167/1136/2584 4168/1135/2576 4169/1113/2596
f 4171/1112/2567 4169/1113/2568 4168/1135/2576
f 4164/1138/2594 4162/1139/2592 4165/1142/2591
f 4165/1142/2591 4170/1137/2595 4164/1138/2594
f 4165/1142/2591 4166/1141/2586 4170/1137/2595
f 4167/1136/2584 4170/1137/2595 4166/1141/2586
f 4172/1102/2559 4173/1131/2575 4174/1096/2570
f 4173/1131/2575 4175/1130/2597 4174/1096/2570
f 4176/1095/2569 4174/1096/2570 4175/1130/2597
f 4180/1130/2597 4177/1131/2575 4178/1134/2582
f 4178/1134/2582 4179/1133/2590 4180/1130/2597
f 4179/1133/2590 4181/1132/2593 4180/1130/2597
f 4183/1113/2598 4180/1130/2597 4181/1132/2599
f 4183/1113/2596 4182/1095/2569 4180/1130/2597
f 4184/1105/2555 4185/1108/2574 4186/1104/2559
f 4185/1108/2574 4187/1115/2575 4186/1104/2559
f 4207/1147/2600 4203/490/1855 4204/488/2601
f 4208/1146/2602 4207/1147/2600 4204/488/2601
f 4207/1147/2600 4208/1146/2602 4206/1145/2603
f 4205/1183/2604 4207/1147/2600 4206/1145/2605
f 4201/1179/2606 4205/1183/2604 4206/1145/2607
f 4202/1178/2608 4201/1179/2606 4206/1145/2609
f 4196/1172/2610 4201/1179/2606 4202/1178/2608
f 4201/1179/2606 4196/1172/2610 4195/1173/2611
f 4199/1180/2612 4201/1179/2606 4195/1173/2611
f 4199/1180/2613 4195/1173/2611 4197/1174/2614
f 4200/1175/2615 4199/1180/2612 4197/1174/2614
f 4197/1174/2614 4194/1170/2616 4200/1175/2615
f 4197/1174/2614 4193/1169/2617 4194/1170/2616
f 4198/1177/2618 4196/1172/2610 4202/1178/2608
f 4198/1177/2618 4190/1166/2619 4196/1172/2610
f 4190/1166/2619 4191/1167/2620 4196/1172/2610
f 4196/1172/2610 4191/1167/2620 4192/1168/2621
f 4195/1173/2611 4196/1172/2610 4192/1168/2622
f 4195/1173/2611 4192/1168/2621 4193/1169/2617
f 4197/1174/2614 4195/1173/2611 4193/1169/2617
f 4188/1162/2623 4191/1167/2620 4190/1166/2619
f 4188/1162/2623 4189/1163/2624 4191/1167/2620
f 4189/1163/2624 4192/1168/2621 4191/1167/2620
f 4193/1169/2617 4192/1168/2621 4189/1163/2624
f 4215/475/2601 4210/474/1901 4209/1150/2625
f 4217/1151/2602 4215/475/1906 4209/1150/2625
f 4216/1152/2609 4217/1151/2602 4209/1150/2625
f 4211/1153/2626 4216/1152/2609 4209/1150/2625
f 4211/1153/2626 4212/1154/2619 4216/1152/2605
f 4212/1154/2619 4214/1155/2608 4216/1152/2603
f 4212/1154/2619 4213/1156/2618 4214/1155/2627
f 4224/1148/2628 4220/485/1854 4222/490/1855
f 4226/1147/2600 4224/1148/2628 4222/490/1855
f 4226/1147/2600 4225/1183/2604 4224/1148/2628
f 4225/1183/2604 4223/1181/2629 4224/1148/2628
f 4225/1183/2604 4221/1179/2606 4223/1181/2630
f 4221/1179/2606 4218/1180/2612 4223/1181/2629
f 4223/1181/2629 4218/1180/2631 4219/1175/2615
f 4230/1144/2632 4229/448/1929 4232/420/1927
f 4233/1171/2633 4230/1144/2632 4232/420/1927
f 4230/1144/2632 4233/1171/2633 4231/1170/2616
f 4230/1144/2632 4231/1170/2616 4227/1165/2634
f 4228/1169/2617 4227/1165/2634 4231/1170/2616
f 4240/1149/2635 4236/418/1923 4238/485/1854
f 4242/1148/2628 4240/1149/2635 4238/485/1854
f 4240/1149/2635 4242/1148/2628 4241/1181/2629
f 4239/1182/2636 4240/1149/2635 4241/1181/2629
f 4239/1182/2636 4241/1181/2637 4237/1175/2615
f 4235/1176/2638 4239/1182/2636 4237/1175/2615
f 4234/1170/2616 4235/1176/2639 4237/1175/2615
f 4245/447/1862 4249/448/1929 4250/1144/2632
f 4246/1143/2640 4245/447/1862 4250/1144/2632
f 4246/1143/2640 4250/1144/2632 4247/1165/2634
f 4246/1143/2640 4247/1165/2634 4244/1164/2641
f 4244/1164/2641 4247/1165/2634 4248/1169/2617
f 4244/1164/2641 4248/1169/2617 4243/1163/2624
f 4252/420/2642 4255/418/1923 4253/1171/2633
f 4255/418/1923 4257/1149/2635 4253/1171/2633
f 4253/1171/2633 4257/1149/2635 4256/1182/2636
f 4254/1176/2638 4253/1171/2633 4256/1182/2636
f 4253/1171/2633 4254/1176/2639 4251/1170/2616
f 4258/431/1863 4262/447/1862 4263/1143/2640
f 4259/1160/2643 4258/431/1863 4263/1143/2640
f 4259/1160/2643 4263/1143/2640 4261/1164/2641
f 4259/1160/2643 4261/1164/2641 4260/1163/2624
f 4266/1159/2644 4265/429/2645 4268/431/1863
f 4270/1160/2643 4266/1159/2644 4268/431/1863
f 4266/1159/2644 4270/1160/2643 4271/1163/2624
f 4266/1159/2644 4271/1163/2624 4269/1162/2623
f 4264/1158/2646 4266/1159/2644 4269/1162/2623
f 4264/1158/2646 4269/1162/2623 4267/1161/2626
f 4267/1161/2626 4269/1162/2623 4272/1166/2619
f 4274/428/1847 4276/429/1920 4277/1159/2644
f 4275/1158/2646 4274/428/1847 4277/1159/2644
f 4274/428/1847 4275/1158/2646 4273/1157/2647
f 4273/1157/2625 4275/1158/2646 4278/1161/2626
f 4280/427/2648 4281/428/1847 4279/1157/2625
f 4282/1392/2649 4284/1393/2650 4283/1394/2651
f 4287/687/2154 4286/1395/2652 4285/680/2155
f 4289/666/1022 4288/1396/2653 4290/718/1076
f 4293/679/2146 4294/680/2155 4292/1397/2654
f 4292/1397/2654 4291/697/1737 4293/679/2146
f 4295/1398/2655 4296/665/1021 4297/1395/2656
f 4295/1398/2655 4298/1396/2653 4296/665/2657
f 4298/1396/2653 4299/666/1022 4296/665/2658
f 4300/1300/1738 4301/697/1737 4302/1397/2654
f 4309/1399/2659 4311/1400/2660 4310/1401/2661
f 4307/1402/2655 4308/1403/2656 4304/1404/2662
f 4306/1405/2663 4305/1406/2664 4303/1407/2665
f 4315/680/1037 4314/1395/2656 4312/687/1047
f 4314/1395/2656 4313/665/1021 4312/687/1047
f 4319/1395/2652 4320/665/2165 4321/1398/2666
f 4321/1398/2666 4320/665/2165 4318/1396/2667
f 4320/665/2165 4317/666/2167 4318/1396/2667
f 4316/718/2169 4318/1396/2667 4317/666/2170
f 4327/1408/2668 4331/1409/2669 4326/1410/2670
f 4331/1409/2669 4327/1408/2668 4329/1411/2671
f 4327/1408/2668 4325/1412/2672 4329/1411/2671
f 4329/1411/2671 4325/1412/2672 4330/1413/2673
f 4325/1412/2672 4328/1414/1037 4330/1413/2674
f 4324/1415/2656 4328/1414/1037 4325/1412/2672
f 4322/1416/2662 4324/1415/2656 4325/1412/2672
f 4323/1417/2663 4322/1416/2662 4325/1412/2675
f 4336/1300/1738 4335/1418/2676 4334/1301/1739
f 4335/1418/2676 4333/1300/2677 4334/1301/1739
f 4333/1300/2677 4332/697/1058 4334/1301/1739
f 4340/1419/2169 4342/1420/2678 4345/1421/2667
f 4338/1422/2679 4342/1420/2678 4340/1419/2169
f 4338/1422/2679 4337/1423/2680 4342/1420/2678
f 4337/1423/2681 4341/1424/2682 4342/1420/2678
f 4341/1424/2682 4337/1423/2680 4339/1425/2683
f 4341/1424/2682 4339/1425/2683 4343/1426/2684
f 4346/1427/2685 4341/1424/2682 4343/1426/2684
f 4346/1427/2685 4343/1426/2684 4347/1428/2686
f 4343/1426/2684 4344/1429/2687 4347/1428/2686
f 4351/1298/1735 4354/1422/2679 4357/1419/2169
f 4350/1297/1734 4354/1422/2679 4351/1298/1735
f 4349/1430/2688 4354/1422/2679 4350/1297/1734
f 4354/1422/2679 4349/1430/2688 4352/1431/2689
f 4352/1431/2689 4353/1423/2680 4354/1422/2679
f 4353/1423/2680 4352/1431/2689 4348/1432/2690
f 4353/1423/2680 4348/1432/2690 4355/1433/2691
f 4353/1423/2680 4355/1433/2691 4356/1425/2683
f 4356/1425/2683 4355/1433/2691 4358/1434/2692
f 4359/1426/2684 4356/1425/2683 4358/1434/2692
f 4359/1426/2684 4358/1434/2692 4360/1429/2687
f 4363/1397/2673 4361/680/1037 4362/679/1036
f 4366/1400/2660 4364/1435/2693 4365/1436/2694
f 4364/1435/2693 4368/1437/2695 4365/1436/2694
f 4364/1435/2693 4367/1438/2696 4368/1437/2695
f 4367/1438/2696 4369/1392/2649 4368/1437/2695
f 4371/1407/2665 4370/1439/2697 4372/1440/2698
f 4374/1397/2699 4375/697/1058 4376/1300/2677
f 4373/679/1036 4375/697/1058 4374/1397/2673
f 4387/1441/2700 4386/1442/2701 4384/1443/2702
f 4386/1442/2701 4388/1444/2703 4384/1443/2702
f 4378/1420/2678 4383/1445/2704 4380/1421/2667
f 4383/1445/2705 4378/1420/2678 4379/1446/2706
f 4379/1446/2706 4378/1420/2678 4377/1424/2682
f 4382/1427/2685 4379/1446/2706 4377/1424/2682
f 4379/1446/2706 4382/1427/2685 4381/1447/2707
f 4382/1427/2708 4385/1428/2686 4381/1447/2707
f 4397/1448/2709 4398/1449/2710 4395/1450/2711
f 4397/1448/2709 4395/1450/2711 4396/1451/2712
f 4396/1451/2712 4395/1450/2711 4393/1452/2713
f 4395/1450/2711 4391/1453/2714 4393/1452/2713
f 4393/1452/2713 4391/1453/2714 4390/1393/2650
f 4391/1453/2714 4389/1394/2651 4390/1393/2650
f 4389/1394/2651 4391/1453/2714 4392/1454/2715
f 4391/1453/2714 4395/1450/2716 4392/1454/2715
f 4395/1450/2711 4394/1455/2717 4392/1454/2715
f 4403/1456/2718 4399/1457/2719 4402/1458/2720
f 4400/1459/2721 4402/1458/2720 4399/1457/2719
f 4400/1459/2721 4404/1460/2722 4402/1458/2720
f 4401/1461/2652 4404/1460/2722 4400/1459/2721
f 4408/1462/2723 4417/1297/1734 4407/1299/2724
f 4413/1463/2725 4417/1297/1734 4408/1462/2723
f 4413/1463/2725 4416/1430/2688 4417/1297/1734
f 4416/1430/2688 4413/1463/2725 4415/1464/2726
f 4416/1430/2688 4415/1464/2726 4419/1431/2727
f 4419/1431/2689 4415/1464/2726 4414/1432/2690
f 4414/1432/2690 4415/1464/2726 4410/1455/2717
f 4414/1432/2690 4410/1455/2717 4411/1450/2716
f 4418/1449/2728 4414/1432/2690 4411/1450/2711
f 4414/1432/2690 4418/1449/2729 4420/1433/2691
f 4405/1304/1744 4408/1462/2723 4407/1299/1725
f 4408/1462/2723 4405/1304/1744 4406/1465/2730
f 4409/1466/2731 4408/1462/2723 4406/1465/2730
f 4413/1463/2725 4408/1462/2723 4409/1466/2731
f 4412/1467/2732 4413/1463/2725 4409/1466/2731
f 4413/1463/2725 4412/1467/2732 4415/1464/2726
f 4415/1464/2726 4412/1467/2732 4410/1455/2717
f 4422/1468/2733 4425/1457/2719 4426/1469/2734
f 4422/1468/2733 4423/1470/2735 4425/1457/2719
f 4423/1470/2735 4427/1459/2721 4425/1457/2719
f 4423/1470/2735 4421/1471/2654 4427/1459/2721
f 4421/1471/2654 4424/1472/2155 4427/1459/2721
f 4424/1472/2155 4428/1461/2652 4427/1459/2721
f 4430/1444/2736 4429/1442/2701 4431/1473/2737
f 4434/1474/2738 4438/1468/2733 4435/1475/2739
f 4438/1468/2733 4434/1474/2738 4439/1470/2735
f 4434/1474/2738 4436/1476/2740 4439/1470/2735
f 4439/1470/2735 4436/1476/2740 4437/1471/2654
f 4436/1476/2740 4433/1477/1738 4437/1471/2654
f 4432/1478/2676 4433/1477/1738 4436/1476/2740
f 4442/1479/2741 4446/1474/2738 4444/1480/2742
f 4446/1474/2738 4442/1479/2741 4443/1481/2743
f 4447/1476/2740 4446/1474/2738 4443/1481/2743
f 4443/1481/2743 4445/1478/2676 4447/1476/2740
f 4443/1481/2743 4441/1482/2744 4445/1478/2676
f 4441/1482/2745 4440/1483/2677 4445/1478/2676
f 4448/1484/2746 4452/1479/2741 4451/1485/2747
f 4452/1479/2741 4448/1484/2746 4449/1486/2748
f 4449/1486/2748 4450/1482/2749 4452/1479/2741
f 4453/1481/2743 4452/1479/2741 4450/1482/2750
f 4463/1433/2691 4462/1487/2751 4464/1434/2692
f 4462/1487/2751 4463/1433/2691 4461/1449/2710
f 4462/1487/2751 4461/1449/2728 4459/1448/2709
f 4462/1487/2751 4459/1448/2709 4460/1488/2752
f 4460/1488/2752 4459/1448/2709 4457/1451/2712
f 4458/1489/2753 4460/1488/2752 4457/1451/2712
f 4455/1490/2754 4458/1489/2753 4457/1451/2712
f 4456/1452/2713 4455/1490/2754 4457/1451/2712
f 4455/1490/2754 4456/1452/2713 4454/1393/2650
f 4467/1409/2669 4468/1491/2755 4470/1492/2756
f 4469/1493/2757 4468/1491/2755 4467/1409/2669
f 4465/1411/2671 4469/1493/2757 4467/1409/2669
f 4469/1493/2758 4465/1411/2671 4466/1413/2673
f 4471/1483/2677 4469/1493/2757 4466/1413/2673
f 4475/1408/2668 4472/1494/2664 4473/1417/2663
f 4474/1412/2672 4475/1408/2668 4473/1417/2663
f 4478/687/2154 4477/665/2165 4476/1395/2652
f 4485/1495/2652 4486/1496/2666 4490/1497/2722
f 4486/1496/2666 4489/1498/2759 4490/1497/2722
f 4490/1497/2722 4489/1498/2759 4487/1499/2720
f 4487/1499/2720 4489/1498/2759 4483/1443/2760
f 4491/1444/2736 4487/1499/2720 4483/1443/2761
f 4488/1500/2718 4487/1499/2720 4491/1444/2736
f 4486/1496/2666 4480/1421/2667 4489/1498/2759
f 4480/1421/2667 4482/1445/2705 4489/1498/2759
f 4489/1498/2759 4482/1445/2705 4483/1443/2702
f 4483/1443/2702 4482/1445/2705 4479/1446/2706
f 4479/1446/2706 4481/1447/2707 4483/1443/2702
f 4483/1443/2702 4481/1447/2707 4484/1501/2762
f 4515/1303/1082 4512/1502/2763 4516/1304/1744
f 4516/1304/1744 4512/1502/2763 4517/1503/2764
f 4516/1304/1744 4517/1503/2764 4520/1465/2730
f 4520/1465/2730 4517/1503/2764 4518/1504/2765
f 4521/1505/2766 4520/1465/2730 4518/1504/2765
f 4521/1505/2766 4522/1466/2767 4520/1465/2730
f 4523/1455/2717 4522/1466/2731 4521/1505/2766
f 4524/1467/2732 4522/1466/2731 4523/1455/2717
f 4515/1303/1082 4509/1506/1076 4512/1502/2763
f 4509/1506/1076 4506/1507/2768 4512/1502/2763
f 4513/1508/2769 4512/1502/2763 4506/1507/2768
f 4512/1502/2763 4513/1508/2769 4514/1509/2770
f 4517/1503/2764 4512/1502/2771 4514/1509/2770
f 4518/1504/2765 4517/1503/2764 4514/1509/2770
f 4519/1454/2715 4518/1504/2765 4514/1509/2770
f 4519/1454/2715 4523/1455/2717 4518/1504/2765
f 4523/1455/2717 4521/1505/2766 4518/1504/2765
f 4509/1506/1076 4503/1510/2653 4506/1507/2768
f 4503/1510/2653 4500/1511/2772 4506/1507/2768
f 4504/1512/2773 4506/1507/2768 4500/1511/2774
f 4507/1513/2775 4506/1507/2768 4504/1512/2773
f 4507/1513/2775 4513/1508/2769 4506/1507/2768
f 4507/1513/2775 4510/1514/2776 4513/1508/2769
f 4510/1514/2776 4511/1394/2651 4513/1508/2769
f 4513/1508/2769 4511/1394/2651 4519/1454/2715
f 4513/1508/2769 4519/1454/2715 4514/1509/2777
f 4500/1511/2772 4503/1510/2653 4494/1515/2778
f 4499/1401/2779 4500/1511/2780 4494/1515/2778
f 4504/1512/2773 4500/1511/2772 4499/1401/2781
f 4499/1401/2779 4502/1400/2660 4504/1512/2773
f 4504/1512/2773 4502/1400/2660 4501/1436/2694
f 4507/1513/2775 4504/1512/2782 4501/1436/2694
f 4501/1436/2694 4505/1437/2695 4507/1513/2775
f 4505/1437/2695 4510/1514/2776 4507/1513/2775
f 4508/1392/2649 4510/1514/2776 4505/1437/2695
f 4508/1392/2649 4511/1394/2651 4510/1514/2776
f 4503/1510/2653 4498/1402/2655 4494/1515/2778
f 4494/1515/2778 4498/1402/2655 4493/1404/2662
f 4496/1405/2663 4494/1515/2778 4493/1404/2662
f 4499/1401/2661 4494/1515/2778 4496/1405/2663
f 4499/1401/2779 4496/1405/2783 4492/1407/2665
f 4497/1440/2784 4499/1401/2779 4492/1407/2665
f 4497/1440/2698 4495/1516/2785 4499/1401/2779
f 4525/1491/2755 4528/1484/2746 4527/1492/2756
f 4525/1491/2755 4526/1493/2757 4528/1484/2746
f 4526/1493/2757 4529/1486/2748 4528/1484/2746
f 4529/1486/2748 4526/1493/2757 4530/1483/2677
f 4531/1482/2744 4529/1486/2748 4530/1483/2677
f 5217/1517/2786 5216/1518/2787 5161/1519/2788
f 5216/1518/2787 5159/1520/2789 5161/1519/2788
f 5161/1519/2788 5159/1520/2789 5151/1521/2790
f 5159/1520/2789 5150/1522/2791 5151/1521/2790
f 5151/1521/2790 5150/1522/2791 5160/1523/2792
f 5162/1524/2793 5151/1521/2790 5160/1523/2792
f 5162/1524/2793 5160/1523/2792 5215/1525/2794
f 5218/1526/2795 5162/1524/2793 5215/1525/2796
f 5216/1518/2787 5213/1527/2797 5159/1520/2789
f 5213/1527/2797 5173/1528/2798 5159/1520/2789
f 5159/1520/2789 5173/1528/2798 5150/1522/2791
f 5173/1528/2798 5158/1529/2799 5150/1522/2791
f 5150/1522/2791 5158/1529/2799 5174/1530/2800
f 5160/1523/2792 5150/1522/2791 5174/1530/2801
f 5160/1523/2792 5174/1530/2802 5214/1531/2803
f 5215/1525/2794 5160/1523/2792 5214/1531/2803
f 5215/1525/2796 5214/1531/2803 5277/1532/2804
f 5304/1533/2805 5215/1525/2794 5277/1532/2804
f 5218/1526/2795 5215/1525/2794 5304/1533/2805
f 5302/1534/2806 5218/1526/2795 5304/1533/2805
f 5213/1527/2807 5210/1535/2808 5173/1528/2798
f 5210/1535/2808 5171/1536/2809 5173/1528/2798
f 5173/1528/2798 5171/1536/2809 5158/1529/2799
f 5171/1536/2809 5157/1537/2810 5158/1529/2799
f 5158/1529/2799 5157/1537/2810 5174/1530/2801
f 5157/1537/2810 5172/1538/2811 5174/1530/2800
f 5174/1530/2802 5172/1538/2811 5214/1531/2803
f 5172/1538/2811 5211/1539/2812 5214/1531/2803
f 5214/1531/2803 5211/1539/2812 5277/1532/2804
f 5211/1539/2812 5275/1540/2813 5277/1532/2804
f 5277/1532/2804 5275/1540/2813 5318/1541/2814
f 5304/1533/2805 5277/1532/2804 5318/1541/2814
f 5210/1535/2808 5209/1542/2815 5171/1536/2809
f 5209/1542/2815 5170/1543/2816 5171/1536/2809
f 5171/1536/2809 5170/1543/2816 5157/1537/2810
f 5170/1543/2816 5154/1544/2817 5157/1537/2810
f 5157/1537/2810 5154/1544/2817 5169/1545/2818
f 5172/1538/2811 5157/1537/2810 5169/1545/2818
f 5172/1538/2811 5169/1545/2818 5208/1546/2819
f 5211/1539/2812 5172/1538/2811 5208/1546/2819
f 5211/1539/2812 5208/1546/2820 5288/1547/2821
f 5275/1540/2813 5211/1539/2812 5288/1547/2821
f 5209/1542/2815 5212/1548/2822 5170/1543/2816
f 5212/1548/2822 5168/1549/2823 5170/1543/2816
f 5170/1543/2816 5168/1549/2823 5153/1550/2824
f 5154/1544/2817 5170/1543/2816 5153/1550/2824
f 5154/1544/2817 5153/1550/2824 5169/1545/2818
f 5153/1550/2824 5167/1551/2825 5169/1545/2818
f 5169/1545/2818 5167/1551/2825 5206/1552/2826
f 5208/1546/2820 5169/1545/2818 5206/1552/2826
f 5208/1546/2827 5206/1552/2826 5290/1553/2828
f 5288/1547/2821 5208/1546/2827 5290/1553/2828
f 5288/1547/2821 5290/1553/2828 5331/1554/2829
f 5275/1540/2813 5288/1547/2821 5331/1554/2829
f 5317/1555/2830 5275/1540/2813 5331/1554/2829
f 5275/1540/2813 5317/1555/2831 5318/1541/2814
f 5318/1541/2814 5317/1555/2831 5276/1556/2832
f 5346/1557/2833 5318/1541/2814 5276/1556/2832
f 5346/1557/2833 5304/1533/2805 5318/1541/2814
f 5290/1553/2828 5330/1558/2834 5331/1554/2829
f 5331/1554/2829 5330/1558/2835 5291/1559/2836
f 5289/1560/2837 5331/1554/2829 5291/1559/2836
f 5317/1555/2831 5331/1554/2829 5289/1560/2837
f 5274/1561/2838 5317/1555/2830 5289/1560/2837
f 5317/1555/2830 5274/1561/2838 5276/1556/2832
f 5276/1556/2832 5274/1561/2838 5213/1562/2839
f 5276/1556/2832 5213/1562/2839 5216/1563/2787
f 5306/1564/2840 5276/1556/2832 5216/1563/2787
f 5306/1564/2840 5346/1557/2841 5276/1556/2832
f 5289/1560/2837 5291/1559/2836 5212/1565/2822
f 5209/1566/2815 5289/1560/2837 5212/1565/2822
f 5289/1560/2837 5209/1566/2815 5210/1567/2808
f 5274/1561/2838 5289/1560/2837 5210/1567/2808
f 5274/1561/2838 5210/1567/2808 5213/1562/2839
f 5306/1564/2840 5216/1563/2787 5217/1568/2786
f 5301/1569/2842 5306/1564/2840 5217/1568/2786
f 5301/1569/2842 5345/1570/2843 5306/1564/2840
f 5345/1570/2843 5346/1557/2833 5306/1564/2840
f 5345/1570/2843 5302/1534/2844 5346/1557/2841
f 5302/1534/2844 5304/1533/2805 5346/1557/2833
s 4052
f 4709/1518/2845 4707/1517/2846 4764/1519/2847
f 4766/1520/2848 4709/1518/2845 4764/1519/2847
f 4711/1527/2849 4709/1518/2845 4766/1520/2848
f 4753/1528/2850 4711/1527/2849 4766/1520/2848
f 4711/1527/2849 4753/1528/2850 4714/1535/2851
f 4753/1528/2850 4755/1536/2852 4714/1535/2851
f 4717/1542/2853 4714/1535/2851 4755/1536/2852
f 4766/1520/2848 4764/1519/2847 4771/1521/2854
f 4772/1522/2855 4766/1520/2848 4771/1521/2854
f 4753/1528/2850 4766/1520/2848 4772/1522/2855
f 4767/1529/2856 4753/1528/2850 4772/1522/2855
f 4753/1528/2850 4767/1529/2856 4755/1536/2852
f 4767/1529/2856 4768/1537/2857 4755/1536/2852
f 4758/1543/2858 4755/1536/2852 4768/1537/2857
f 4758/1543/2858 4717/1542/2853 4755/1536/2852
f 4713/1548/2859 4717/1542/2853 4758/1543/2858
f 4759/1549/2860 4713/1548/2859 4758/1543/2858
f 4770/1550/2861 4759/1549/2860 4758/1543/2858
f 4765/1523/2862 4772/1522/2855 4771/1521/2854
f 4765/1523/2862 4754/1530/2863 4772/1522/2855
f 4754/1530/2863 4767/1529/2856 4772/1522/2855
f 4767/1529/2856 4754/1530/2863 4768/1537/2857
f 4754/1530/2863 4756/1538/2864 4768/1537/2857
f 4756/1538/2864 4757/1545/2865 4768/1537/2857
f 4757/1545/2865 4769/1544/2866 4768/1537/2857
f 4769/1544/2866 4758/1543/2858 4768/1537/2857
f 4769/1544/2866 4770/1550/2861 4758/1543/2858
f 4770/1550/2861 4769/1544/2866 4757/1545/2865
f 4760/1551/2867 4770/1550/2861 4757/1545/2865
f 4719/1552/2868 4760/1551/2867 4757/1545/2865
f 4763/1524/2869 4765/1523/2862 4771/1521/2854
f 4708/1525/2870 4765/1523/2862 4763/1524/2869
f 4708/1525/2870 4712/1531/2871 4765/1523/2862
f 4712/1531/2871 4754/1530/2863 4765/1523/2862
f 4754/1530/2863 4712/1531/2871 4756/1538/2864
f 4712/1531/2871 4715/1539/2872 4756/1538/2864
f 4715/1539/2872 4716/1546/2873 4756/1538/2864
f 4716/1546/2873 4757/1545/2865 4756/1538/2864
f 4716/1546/2873 4719/1552/2868 4757/1545/2865
f 4644/1553/2874 4719/1552/2868 4716/1546/2873
f 4706/1526/2875 4708/1525/2870 4763/1524/2869
f 4626/1533/2876 4708/1525/2870 4706/1526/2875
f 4626/1533/2876 4651/1532/2877 4708/1525/2870
f 4651/1532/2877 4712/1531/2871 4708/1525/2870
f 4712/1531/2871 4651/1532/2877 4715/1539/2872
f 4651/1532/2877 4653/1540/2878 4715/1539/2872
f 4653/1540/2878 4645/1547/2879 4715/1539/2872
f 4645/1547/2879 4716/1546/2873 4715/1539/2872
f 4645/1547/2879 4644/1553/2874 4716/1546/2873
f 4644/1553/2874 4645/1547/2879 4605/1554/2880
f 4607/1558/2881 4644/1553/2874 4605/1554/2880
f 4642/1559/2882 4607/1558/2881 4605/1554/2880
f 4628/1534/2883 4626/1533/2876 4706/1526/2875
f 4589/1557/2884 4626/1533/2876 4628/1534/2883
f 4589/1557/2884 4618/1541/2885 4626/1533/2876
f 4618/1541/2885 4651/1532/2877 4626/1533/2876
f 4651/1532/2877 4618/1541/2885 4653/1540/2878
f 4618/1541/2885 4619/1555/2886 4653/1540/2878
f 4619/1555/2886 4605/1554/2880 4653/1540/2878
f 4605/1554/2880 4645/1547/2879 4653/1540/2878
f 4592/1570/2887 4589/1557/2884 4628/1534/2883
f 4627/1564/2888 4589/1557/2884 4592/1570/2887
f 4627/1564/2888 4650/1556/2889 4589/1557/2884
f 4650/1556/2889 4618/1541/2885 4589/1557/2884
f 4618/1541/2885 4650/1556/2889 4619/1555/2886
f 4650/1556/2889 4652/1561/2890 4619/1555/2886
f 4652/1561/2890 4646/1560/2891 4619/1555/2886
f 4646/1560/2891 4605/1554/2880 4619/1555/2886
f 4646/1560/2891 4642/1559/2882 4605/1554/2880
f 4713/1565/2859 4642/1559/2882 4646/1560/2891
f 4717/1566/2853 4713/1565/2859 4646/1560/2891
f 4717/1566/2853 4646/1560/2891 4714/1567/2851
f 4629/1569/2892 4627/1564/2888 4592/1570/2887
f 4627/1564/2888 4629/1569/2892 4707/1568/2846
f 4709/1563/2845 4627/1564/2888 4707/1568/2846
f 4650/1556/2889 4627/1564/2888 4709/1563/2845
f 4711/1562/2849 4650/1556/2889 4709/1563/2845
f 4650/1556/2889 4711/1562/2849 4652/1561/2890
f 4711/1562/2849 4714/1567/2851 4652/1561/2890
f 4646/1560/2891 4652/1561/2890 4714/1567/2851
s 4053
f 4749/1571/2893 4747/1572/2894 5177/1573/2893
f 4747/1572/2894 5179/1574/2895 5177/1573/2893
f 4747/1572/2894 4748/1575/2896 5179/1574/2895
f 4748/1575/2896 5178/1576/2897 5179/1574/2895
f 4748/1575/2896 4750/1577/2898 5178/1576/2897
f 4750/1577/2898 5176/1578/2898 5178/1576/2897
s 4054
f 5219/1579/2899 4704/1580/2900 4705/1581/2901
f 5220/1582/2902 5219/1579/2899 4705/1581/2901
f 5220/1582/2902 4705/1581/2901 4703/1583/2903
f 5222/1584/2904 5220/1582/2902 4703/1583/2903
f 5222/1584/2904 4703/1583/2903 4702/1585/2905
f 5221/1586/2906 5222/1584/2904 4702/1585/2905
f 5221/1586/2906 4702/1585/2905 4704/1587/2900
f 5219/1588/2899 5221/1586/2906 4704/1587/2900
s 4055
f 5237/1589/2907 4690/1590/2908 4691/1591/2909
f 5238/1592/2910 5237/1589/2907 4691/1591/2909
f 5238/1592/2910 4691/1591/2909 4689/1593/2911
f 5240/1594/2912 5238/1592/2910 4689/1593/2911
f 5240/1594/2912 4689/1593/2911 4688/1595/2913
f 5239/1596/2914 5240/1594/2912 4688/1595/2913
f 5239/1596/2914 4688/1595/2913 4690/1597/2908
f 5237/1598/2907 5239/1596/2914 4690/1597/2908
s 4056
f 4685/1599/2915 4664/1600/2916 4669/1601/2917
f 4669/1601/2917 4664/1600/2916 4662/1602/2918
f 4664/1600/2916 4649/1603/2919 4662/1602/2918
f 4662/1602/2918 4649/1603/2919 4660/1604/2920
f 4649/1603/2919 4655/1605/2921 4660/1604/2920
f 4660/1604/2920 4655/1605/2921 4666/1606/2922
f 4655/1605/2921 4665/1607/2923 4666/1606/2922
f 4666/1606/2922 4665/1607/2923 4672/1608/2924
f 4665/1607/2923 4679/1609/2925 4672/1608/2924
f 4663/1610/2926 4649/1603/2919 4664/1600/2916
f 4663/1610/2926 4667/1611/2927 4649/1603/2919
f 4667/1611/2927 4655/1605/2921 4649/1603/2919
f 4667/1611/2927 4682/1612/2928 4655/1605/2921
f 4682/1612/2928 4665/1607/2923 4655/1605/2921
f 4682/1612/2928 4701/1613/2929 4665/1607/2923
f 4701/1613/2929 4679/1609/2925 4665/1607/2923
f 4676/1614/2930 4663/1610/2926 4664/1600/2916
f 4692/1615/2931 4663/1610/2926 4676/1614/2930
f 4692/1615/2931 4693/1616/2932 4663/1610/2926
f 4693/1616/2932 4667/1611/2927 4663/1610/2926
f 4693/1616/2932 4697/1617/2933 4667/1611/2927
f 4697/1617/2933 4682/1612/2928 4667/1611/2927
f 4697/1617/2933 4723/1618/2934 4682/1612/2928
f 4723/1618/2934 4701/1613/2929 4682/1612/2928
f 4676/1614/2930 4664/1600/2916 4684/1619/2935
f 4718/1620/2936 4676/1614/2930 4684/1619/2935
f 4699/1621/2937 4676/1614/2930 4718/1620/2936
f 4699/1621/2937 4692/1615/2931 4676/1614/2930
f 4680/1622/2938 4692/1615/2931 4699/1621/2937
f 4680/1622/2938 4696/1623/2939 4692/1615/2931
f 4696/1623/2939 4693/1616/2932 4692/1615/2931
f 4696/1623/2939 4726/1624/2940 4693/1616/2932
f 4726/1624/2940 4697/1617/2933 4693/1616/2932
f 4684/1619/2935 4664/1600/2916 4673/1625/2941
f 4684/1619/2935 4673/1625/2941 4698/1626/2942
f 4722/1627/2943 4684/1619/2935 4698/1626/2942
f 4718/1620/2936 4684/1619/2935 4722/1627/2943
f 4733/1628/2944 4718/1620/2936 4722/1627/2943
f 4730/1629/2945 4718/1620/2936 4733/1628/2944
f 4730/1629/2945 4699/1621/2937 4718/1620/2936
f 4664/1600/2916 4630/1630/2946 4673/1625/2941
f 4673/1625/2941 4630/1630/2946 4657/1631/2947
f 4673/1625/2941 4657/1631/2947 4678/1632/2948
f 4698/1626/2942 4673/1625/2941 4678/1632/2948
f 4698/1626/2942 4678/1632/2948 4694/1633/2949
f 4724/1634/2950 4698/1626/2942 4694/1633/2949
f 4722/1627/2943 4698/1626/2942 4724/1634/2950
f 4727/1635/2951 4722/1627/2943 4724/1634/2950
f 4733/1628/2944 4722/1627/2943 4727/1635/2951
f 4630/1630/2946 4664/1600/2916 4623/1636/2952
f 4602/1637/2953 4630/1630/2946 4623/1636/2952
f 4613/1638/2954 4630/1630/2946 4602/1637/2953
f 4630/1630/2946 4613/1638/2954 4657/1631/2947
f 4657/1631/2947 4613/1638/2954 4622/1639/2955
f 4656/1640/2956 4657/1631/2947 4622/1639/2955
f 4678/1632/2948 4657/1631/2947 4656/1640/2956
f 4623/1636/2952 4664/1600/2916 4635/1641/2957
f 4591/1642/2958 4623/1636/2952 4635/1641/2957
f 4591/1642/2958 4602/1637/2953 4623/1636/2952
f 4591/1642/2958 4588/1643/2959 4602/1637/2953
f 4588/1643/2959 4613/1638/2954 4602/1637/2953
f 4588/1643/2959 4599/1644/2960 4613/1638/2954
f 4599/1644/2960 4622/1639/2955 4613/1638/2954
f 4591/1642/2958 4599/1644/2960 4588/1643/2959
f 4671/1645/2961 4678/1632/2948 4656/1640/2956
f 4678/1632/2948 4671/1645/2961 4675/1646/2962
f 4694/1633/2949 4678/1632/2948 4675/1646/2962
f 4679/1647/2925 4694/1633/2949 4675/1646/2962
f 4724/1634/2950 4694/1633/2949 4679/1647/2925
f 4701/1648/2929 4724/1634/2950 4679/1647/2925
f 4727/1635/2951 4724/1634/2950 4701/1648/2929
f 4723/1649/2934 4727/1635/2951 4701/1648/2929
f 4739/1650/2963 4727/1635/2951 4723/1649/2934
f 4739/1650/2963 4733/1628/2944 4727/1635/2951
f 4672/1651/2924 4679/1647/2925 4675/1646/2962
f 4735/1652/2964 4739/1650/2963 4723/1649/2934
f 4751/1653/2965 4739/1650/2963 4735/1652/2964
f 4751/1653/2965 4743/1654/2966 4739/1650/2963
f 4743/1654/2966 4733/1628/2944 4739/1650/2963
f 4743/1654/2966 4730/1629/2945 4733/1628/2944
f 4743/1654/2966 4736/1655/2967 4730/1629/2945
f 4736/1655/2967 4729/1656/2968 4730/1629/2945
f 4730/1629/2945 4729/1656/2968 4699/1621/2937
f 4746/1657/2969 4751/1653/2965 4735/1652/2964
f 4746/1657/2969 4741/1658/2970 4751/1653/2965
f 4741/1658/2970 4742/1659/2971 4751/1653/2965
f 4751/1653/2965 4742/1659/2971 4743/1654/2966
f 4742/1659/2971 4736/1655/2967 4743/1654/2966
f 4729/1656/2968 4720/1660/2972 4699/1621/2937
f 4699/1621/2937 4720/1660/2972 4745/1661/2973
f 4744/1662/2974 4699/1621/2937 4745/1661/2973
f 4721/1663/2975 4699/1621/2937 4744/1662/2974
f 4721/1663/2975 4680/1622/2938 4699/1621/2937
f 4725/1664/2976 4680/1622/2938 4721/1663/2975
f 4680/1622/2938 4725/1664/2976 4696/1623/2939
f 4773/1665/2977 4744/1662/2974 4745/1661/2973
f 4773/1665/2977 4752/1666/2978 4744/1662/2974
f 4752/1666/2978 4721/1663/2975 4744/1662/2974
f 4734/1667/2979 4721/1663/2975 4752/1666/2978
f 4734/1667/2979 4725/1664/2976 4721/1663/2975
f 4734/1667/2979 4740/1668/2980 4725/1664/2976
f 4740/1668/2980 4731/1669/2981 4725/1664/2976
f 4725/1664/2976 4731/1669/2981 4728/1670/2982
f 4725/1664/2976 4728/1670/2982 4696/1623/2939
f 4728/1670/2982 4737/1671/2983 4696/1623/2939
f 4737/1671/2983 4726/1624/2940 4696/1623/2939
f 4773/1665/2977 4761/1672/2984 4752/1666/2978
f 4761/1672/2984 4734/1667/2979 4752/1666/2978
f 4740/1668/2980 4734/1667/2979 4761/1672/2984
f 4762/1673/2985 4740/1668/2980 4761/1672/2984
f 4773/1665/2977 4762/1673/2985 4761/1672/2984
f 4731/1669/2981 4732/1674/2986 4728/1670/2982
f 4728/1670/2982 4732/1674/2986 4737/1671/2983
f 4732/1674/2986 4738/1675/2987 4737/1671/2983
f 4737/1671/2983 4738/1675/2987 4746/1676/2969
f 4737/1671/2983 4746/1676/2969 4726/1624/2940
f 4746/1676/2969 4735/1677/2964 4726/1624/2940
f 4726/1624/2940 4735/1677/2964 4697/1617/2933
f 4735/1677/2964 4723/1618/2934 4697/1617/2933
f 4738/1675/2987 4741/1678/2970 4746/1676/2969
s 4057
f 4798/1599/2988 4797/1600/2989 4800/1601/2990
f 4800/1601/2990 4797/1600/2989 4803/1602/2991
f 4797/1600/2989 4809/1603/2992 4803/1602/2991
f 4803/1602/2991 4809/1603/2992 4806/1604/2993
f 4809/1603/2992 4812/1605/2994 4806/1604/2993
f 4806/1604/2993 4812/1605/2994 4802/1606/2995
f 4812/1605/2994 4810/1607/2996 4802/1606/2995
f 4802/1606/2995 4810/1607/2996 4790/1608/2997
f 4810/1607/2996 4796/1609/2998 4790/1608/2997
f 4826/1610/2999 4809/1603/2992 4797/1600/2989
f 4826/1610/2999 4834/1611/3000 4809/1603/2992
f 4834/1611/3000 4812/1605/2994 4809/1603/2992
f 4834/1611/3000 4829/1612/3001 4812/1605/2994
f 4829/1612/3001 4810/1607/2996 4812/1605/2994
f 4829/1612/3001 4813/1613/3002 4810/1607/2996
f 4813/1613/3002 4796/1609/2998 4810/1607/2996
f 4811/1614/3003 4826/1610/2999 4797/1600/2989
f 4841/1615/3004 4826/1610/2999 4811/1614/3003
f 4841/1615/3004 4845/1616/3005 4826/1610/2999
f 4845/1616/3005 4834/1611/3000 4826/1610/2999
f 4845/1616/3005 4839/1617/3006 4834/1611/3000
f 4839/1617/3006 4829/1612/3001 4834/1611/3000
f 4839/1617/3006 4825/1618/3007 4829/1612/3001
f 4825/1618/3007 4813/1613/3002 4829/1612/3001
f 4811/1614/3003 4797/1600/2989 4788/1619/3008
f 4805/1620/3009 4811/1614/3003 4788/1619/3008
f 4830/1621/3010 4811/1614/3003 4805/1620/3009
f 4830/1621/3010 4841/1615/3004 4811/1614/3003
f 4851/1622/3011 4841/1615/3004 4830/1621/3010
f 4851/1622/3011 4859/1623/3012 4841/1615/3004
f 4859/1623/3012 4845/1616/3005 4841/1615/3004
f 4859/1623/3012 4854/1624/3013 4845/1616/3005
f 4854/1624/3013 4839/1617/3006 4845/1616/3005
f 4788/1619/3008 4797/1600/2989 4779/1625/3014
f 4788/1619/3008 4779/1625/3014 4785/1626/3015
f 4791/1627/3016 4788/1619/3008 4785/1626/3015
f 4805/1620/3009 4788/1619/3008 4791/1627/3016
f 4807/1628/3017 4805/1620/3009 4791/1627/3016
f 4824/1629/3018 4805/1620/3009 4807/1628/3017
f 4824/1629/3018 4830/1621/3010 4805/1620/3009
f 4797/1600/2989 4782/1630/3019 4779/1625/3014
f 4779/1625/3014 4782/1630/3019 4774/1631/3020
f 4779/1625/3014 4774/1631/3020 4776/1632/3021
f 4785/1626/3015 4779/1625/3014 4776/1632/3021
f 4785/1626/3015 4776/1632/3021 4784/1633/3022
f 4789/1634/3023 4785/1626/3015 4784/1633/3022
f 4791/1627/3016 4785/1626/3015 4789/1634/3023
f 4808/1635/3024 4791/1627/3016 4789/1634/3023
f 4807/1628/3017 4791/1627/3016 4808/1635/3024
f 4782/1630/3019 4797/1600/2989 4799/1636/3025
f 4787/1637/3026 4782/1630/3019 4799/1636/3025
f 4775/1638/3027 4782/1630/3019 4787/1637/3026
f 4782/1630/3019 4775/1638/3027 4774/1631/3020
f 4774/1631/3020 4775/1638/3027 4778/1639/3028
f 4777/1640/3029 4774/1631/3020 4778/1639/3028
f 4776/1632/3021 4774/1631/3020 4777/1640/3029
f 4799/1636/3025 4797/1600/2989 4801/1641/3030
f 4804/1642/3031 4799/1636/3025 4801/1641/3030
f 4804/1642/3031 4787/1637/3026 4799/1636/3025
f 4804/1642/3031 4781/1643/3032 4787/1637/3026
f 4781/1643/3032 4775/1638/3027 4787/1637/3026
f 4781/1643/3032 4783/1644/3033 4775/1638/3027
f 4783/1644/3033 4778/1639/3028 4775/1638/3027
f 4804/1642/3031 4783/1644/3033 4781/1643/3032
f 4780/1645/3034 4776/1632/3021 4777/1640/3029
f 4776/1632/3021 4780/1645/3034 4786/1646/3035
f 4784/1633/3022 4776/1632/3021 4786/1646/3035
f 4796/1647/2998 4784/1633/3022 4786/1646/3035
f 4789/1634/3023 4784/1633/3022 4796/1647/2998
f 4813/1648/3002 4789/1634/3023 4796/1647/2998
f 4808/1635/3024 4789/1634/3023 4813/1648/3002
f 4825/1649/3007 4808/1635/3024 4813/1648/3002
f 4816/1650/3036 4808/1635/3024 4825/1649/3007
f 4816/1650/3036 4807/1628/3017 4808/1635/3024
f 4790/1651/2997 4796/1647/2998 4786/1646/3035
f 4842/1652/3037 4816/1650/3036 4825/1649/3007
f 4840/1653/3038 4816/1650/3036 4842/1652/3037
f 4840/1653/3038 4828/1654/3039 4816/1650/3036
f 4828/1654/3039 4807/1628/3017 4816/1650/3036
f 4828/1654/3039 4824/1629/3018 4807/1628/3017
f 4828/1654/3039 4835/1655/3040 4824/1629/3018
f 4835/1655/3040 4831/1656/3041 4824/1629/3018
f 4824/1629/3018 4831/1656/3041 4830/1621/3010
f 4852/1657/3042 4840/1653/3038 4842/1652/3037
f 4852/1657/3042 4849/1658/3043 4840/1653/3038
f 4849/1658/3043 4843/1659/3044 4840/1653/3038
f 4840/1653/3038 4843/1659/3044 4828/1654/3039
f 4843/1659/3044 4835/1655/3040 4828/1654/3039
f 4831/1656/3041 4833/1660/3045 4830/1621/3010
f 4830/1621/3010 4833/1660/3045 4827/1661/3046
f 4822/1662/3047 4830/1621/3010 4827/1661/3046
f 4837/1663/3048 4830/1621/3010 4822/1662/3047
f 4837/1663/3048 4851/1622/3011 4830/1621/3010
f 4868/1664/3049 4851/1622/3011 4837/1663/3048
f 4851/1622/3011 4868/1664/3049 4859/1623/3012
f 4832/1665/3050 4822/1662/3047 4827/1661/3046
f 4832/1665/3050 4836/1666/3051 4822/1662/3047
f 4836/1666/3051 4837/1663/3048 4822/1662/3047
f 4853/1667/3052 4837/1663/3048 4836/1666/3051
f 4853/1667/3052 4868/1664/3049 4837/1663/3048
f 4853/1667/3052 4857/1668/3053 4868/1664/3049
f 4857/1668/3053 4862/1669/3054 4868/1664/3049
f 4868/1664/3049 4862/1669/3054 4885/1670/3055
f 4868/1664/3049 4885/1670/3055 4859/1623/3012
f 4885/1670/3055 4867/1671/3056 4859/1623/3012
f 4867/1671/3056 4854/1624/3013 4859/1623/3012
f 4832/1665/3050 4847/1672/3057 4836/1666/3051
f 4847/1672/3057 4853/1667/3052 4836/1666/3051
f 4857/1668/3053 4853/1667/3052 4847/1672/3057
f 4848/1673/3058 4857/1668/3053 4847/1672/3057
f 4832/1665/3050 4848/1673/3058 4847/1672/3057
f 4862/1669/3054 4866/1674/3059 4885/1670/3055
f 4885/1670/3055 4866/1674/3059 4867/1671/3056
f 4866/1674/3059 4858/1675/3060 4867/1671/3056
f 4867/1671/3056 4858/1675/3060 4852/1676/3042
f 4867/1671/3056 4852/1676/3042 4854/1624/3013
f 4852/1676/3042 4842/1677/3037 4854/1624/3013
f 4854/1624/3013 4842/1677/3037 4839/1617/3006
f 4842/1677/3037 4825/1618/3007 4839/1617/3006
f 4858/1675/3060 4849/1678/3043 4852/1676/3042
s 4058
f 4905/1599/3061 4901/1600/3062 4900/1601/3063
f 4900/1601/3063 4901/1600/3062 4888/1602/3064
f 4901/1600/3062 4874/1603/3065 4888/1602/3064
f 4888/1602/3064 4874/1603/3065 4869/1604/3066
f 4874/1603/3065 4861/1605/3067 4869/1604/3066
f 4869/1604/3066 4861/1605/3067 4865/1606/3068
f 4861/1605/3067 4860/1607/3069 4865/1606/3068
f 4865/1606/3068 4860/1607/3069 4870/1608/3070
f 4860/1607/3069 4871/1609/3071 4870/1608/3070
f 4899/1610/3072 4874/1603/3065 4901/1600/3062
f 4899/1610/3072 4886/1611/3073 4874/1603/3065
f 4886/1611/3073 4861/1605/3067 4874/1603/3065
f 4886/1611/3073 4889/1612/3074 4861/1605/3067
f 4889/1612/3074 4860/1607/3069 4861/1605/3067
f 4889/1612/3074 4898/1613/3075 4860/1607/3069
f 4898/1613/3075 4871/1609/3071 4860/1607/3069
f 4911/1614/3076 4899/1610/3072 4901/1600/3062
f 4912/1615/3077 4899/1610/3072 4911/1614/3076
f 4912/1615/3077 4903/1616/3078 4899/1610/3072
f 4903/1616/3078 4886/1611/3073 4899/1610/3072
f 4903/1616/3078 4902/1617/3079 4886/1611/3073
f 4902/1617/3079 4889/1612/3074 4886/1611/3073
f 4902/1617/3079 4907/1618/3080 4889/1612/3074
f 4907/1618/3080 4898/1613/3075 4889/1612/3074
f 4911/1614/3076 4901/1600/3062 4909/1619/3081
f 4920/1620/3082 4911/1614/3076 4909/1619/3081
f 4919/1621/3083 4911/1614/3076 4920/1620/3082
f 4919/1621/3083 4912/1615/3077 4911/1614/3076
f 4915/1622/3084 4912/1615/3077 4919/1621/3083
f 4915/1622/3084 4910/1623/3085 4912/1615/3077
f 4910/1623/3085 4903/1616/3078 4912/1615/3077
f 4910/1623/3085 4913/1624/3086 4903/1616/3078
f 4913/1624/3086 4902/1617/3079 4903/1616/3078
f 4909/1619/3081 4901/1600/3062 4904/1625/3087
f 4909/1619/3081 4904/1625/3087 4908/1626/3088
f 4916/1627/3089 4909/1619/3081 4908/1626/3088
f 4920/1620/3082 4909/1619/3081 4916/1627/3089
f 4924/1628/3090 4920/1620/3082 4916/1627/3089
f 4931/1629/3091 4920/1620/3082 4924/1628/3090
f 4931/1629/3091 4919/1621/3083 4920/1620/3082
f 4901/1600/3062 4873/1630/3092 4904/1625/3087
f 4904/1625/3087 4873/1630/3092 4884/1631/3093
f 4904/1625/3087 4884/1631/3093 4891/1632/3094
f 4908/1626/3088 4904/1625/3087 4891/1632/3094
f 4908/1626/3088 4891/1632/3094 4890/1633/3095
f 4906/1634/3096 4908/1626/3088 4890/1633/3095
f 4916/1627/3089 4908/1626/3088 4906/1634/3096
f 4914/1635/3097 4916/1627/3089 4906/1634/3096
f 4924/1628/3090 4916/1627/3089 4914/1635/3097
f 4873/1630/3092 4901/1600/3062 4863/1636/3098
f 4850/1637/3099 4873/1630/3092 4863/1636/3098
f 4856/1638/3100 4873/1630/3092 4850/1637/3099
f 4873/1630/3092 4856/1638/3100 4884/1631/3093
f 4884/1631/3093 4856/1638/3100 4855/1639/3101
f 4872/1640/3102 4884/1631/3093 4855/1639/3101
f 4891/1632/3094 4884/1631/3093 4872/1640/3102
f 4863/1636/3098 4901/1600/3062 4864/1641/3103
f 4838/1642/3104 4863/1636/3098 4864/1641/3103
f 4838/1642/3104 4850/1637/3099 4863/1636/3098
f 4838/1642/3104 4844/1643/3105 4850/1637/3099
f 4844/1643/3105 4856/1638/3100 4850/1637/3099
f 4844/1643/3105 4846/1644/3106 4856/1638/3100
f 4846/1644/3106 4855/1639/3101 4856/1638/3100
f 4838/1642/3104 4846/1644/3106 4844/1643/3105
f 4887/1645/3107 4891/1632/3094 4872/1640/3102
f 4891/1632/3094 4887/1645/3107 4877/1646/3108
f 4890/1633/3095 4891/1632/3094 4877/1646/3108
f 4871/1647/3071 4890/1633/3095 4877/1646/3108
f 4906/1634/3096 4890/1633/3095 4871/1647/3071
f 4898/1648/3075 4906/1634/3096 4871/1647/3071
f 4914/1635/3097 4906/1634/3096 4898/1648/3075
f 4907/1649/3080 4914/1635/3097 4898/1648/3075
f 4923/1650/3109 4914/1635/3097 4907/1649/3080
f 4923/1650/3109 4924/1628/3090 4914/1635/3097
f 4870/1651/3070 4871/1647/3071 4877/1646/3108
f 4917/1652/3110 4923/1650/3109 4907/1649/3080
f 4936/1653/3111 4923/1650/3109 4917/1652/3110
f 4936/1653/3111 4943/1654/3112 4923/1650/3109
f 4943/1654/3112 4924/1628/3090 4923/1650/3109
f 4943/1654/3112 4931/1629/3091 4924/1628/3090
f 4943/1654/3112 4932/1655/3113 4931/1629/3091
f 4932/1655/3113 4925/1656/3114 4931/1629/3091
f 4931/1629/3091 4925/1656/3114 4919/1621/3083
f 4928/1657/3115 4936/1653/3111 4917/1652/3110
f 4928/1657/3115 4929/1658/3116 4936/1653/3111
f 4929/1658/3116 4933/1659/3117 4936/1653/3111
f 4936/1653/3111 4933/1659/3117 4943/1654/3112
f 4933/1659/3117 4932/1655/3113 4943/1654/3112
f 4925/1656/3114 4918/1660/3118 4919/1621/3083
f 4919/1621/3083 4918/1660/3118 4952/1661/3119
f 4954/1662/3120 4919/1621/3083 4952/1661/3119
f 4935/1663/3121 4919/1621/3083 4954/1662/3120
f 4935/1663/3121 4915/1622/3084 4919/1621/3083
f 4930/1664/3122 4915/1622/3084 4935/1663/3121
f 4915/1622/3084 4930/1664/3122 4910/1623/3085
f 4963/1665/3123 4954/1662/3120 4952/1661/3119
f 4963/1665/3123 4957/1666/3124 4954/1662/3120
f 4957/1666/3124 4935/1663/3121 4954/1662/3120
f 4955/1667/3125 4935/1663/3121 4957/1666/3124
f 4955/1667/3125 4930/1664/3122 4935/1663/3121
f 4955/1667/3125 4953/1668/3126 4930/1664/3122
f 4953/1668/3126 4934/1669/3127 4930/1664/3122
f 4930/1664/3122 4934/1669/3127 4921/1670/3128
f 4930/1664/3122 4921/1670/3128 4910/1623/3085
f 4921/1670/3128 4922/1671/3129 4910/1623/3085
f 4922/1671/3129 4913/1624/3086 4910/1623/3085
f 4963/1665/3123 4961/1672/3130 4957/1666/3124
f 4961/1672/3130 4955/1667/3125 4957/1666/3124
f 4953/1668/3126 4955/1667/3125 4961/1672/3130
f 4960/1673/3131 4953/1668/3126 4961/1672/3130
f 4963/1665/3123 4960/1673/3131 4961/1672/3130
f 4934/1669/3127 4927/1674/3132 4921/1670/3128
f 4921/1670/3128 4927/1674/3132 4922/1671/3129
f 4927/1674/3132 4926/1675/3133 4922/1671/3129
f 4922/1671/3129 4926/1675/3133 4928/1676/3115
f 4922/1671/3129 4928/1676/3115 4913/1624/3086
f 4928/1676/3115 4917/1677/3110 4913/1624/3086
f 4913/1624/3086 4917/1677/3110 4902/1617/3079
f 4917/1677/3110 4907/1618/3080 4902/1617/3079
f 4926/1675/3133 4929/1678/3116 4928/1676/3115
s 4059
f 5015/1599/3134 5016/1600/3135 5017/1601/3136
f 5017/1601/3136 5016/1600/3135 5023/1602/3137
f 5016/1600/3135 5027/1603/3138 5023/1602/3137
f 5023/1602/3137 5027/1603/3138 5025/1604/3139
f 5027/1603/3138 5033/1605/3140 5025/1604/3139
f 5025/1604/3139 5033/1605/3140 5020/1606/3141
f 5033/1605/3140 5029/1607/3142 5020/1606/3141
f 5020/1606/3141 5029/1607/3142 5013/1608/3143
f 5029/1607/3142 5014/1609/3144 5013/1608/3143
f 5042/1610/3145 5027/1603/3138 5016/1600/3135
f 5042/1610/3145 5061/1611/3146 5027/1603/3138
f 5061/1611/3146 5033/1605/3140 5027/1603/3138
f 5061/1611/3146 5048/1612/3147 5033/1605/3140
f 5048/1612/3147 5029/1607/3142 5033/1605/3140
f 5048/1612/3147 5031/1613/3148 5029/1607/3142
f 5031/1613/3148 5014/1609/3144 5029/1607/3142
f 5030/1614/3149 5042/1610/3145 5016/1600/3135
f 5069/1615/3150 5042/1610/3145 5030/1614/3149
f 5069/1615/3150 5074/1616/3151 5042/1610/3145
f 5074/1616/3151 5061/1611/3146 5042/1610/3145
f 5074/1616/3151 5065/1617/3152 5061/1611/3146
f 5065/1617/3152 5048/1612/3147 5061/1611/3146
f 5065/1617/3152 5040/1618/3153 5048/1612/3147
f 5040/1618/3153 5031/1613/3148 5048/1612/3147
f 5030/1614/3149 5016/1600/3135 5010/1619/3154
f 5019/1620/3155 5030/1614/3149 5010/1619/3154
f 5046/1621/3156 5030/1614/3149 5019/1620/3155
f 5046/1621/3156 5069/1615/3150 5030/1614/3149
f 5091/1622/3157 5069/1615/3150 5046/1621/3156
f 5091/1622/3157 5104/1623/3158 5069/1615/3150
f 5104/1623/3158 5074/1616/3151 5069/1615/3150
f 5104/1623/3158 5093/1624/3159 5074/1616/3151
f 5093/1624/3159 5065/1617/3152 5074/1616/3151
f 5010/1619/3154 5016/1600/3135 4986/1625/3160
f 5010/1619/3154 4986/1625/3160 4995/1626/3161
f 5012/1627/3162 5010/1619/3154 4995/1626/3161
f 5019/1620/3155 5010/1619/3154 5012/1627/3162
f 5022/1628/3163 5019/1620/3155 5012/1627/3162
f 5037/1629/3164 5019/1620/3155 5022/1628/3163
f 5037/1629/3164 5046/1621/3156 5019/1620/3155
f 5016/1600/3135 4997/1630/3165 4986/1625/3160
f 4986/1625/3160 4997/1630/3165 4982/1631/3166
f 4986/1625/3160 4982/1631/3166 4983/1632/3167
f 4995/1626/3161 4986/1625/3160 4983/1632/3167
f 4995/1626/3161 4983/1632/3167 4996/1633/3168
f 5011/1634/3169 4995/1626/3161 4996/1633/3168
f 5012/1627/3162 4995/1626/3161 5011/1634/3169
f 5024/1635/3170 5012/1627/3162 5011/1634/3169
f 5022/1628/3163 5012/1627/3162 5024/1635/3170
f 4997/1630/3165 5016/1600/3135 5018/1636/3171
f 5009/1637/3172 4997/1630/3165 5018/1636/3171
f 4984/1638/3173 4997/1630/3165 5009/1637/3172
f 4997/1630/3165 4984/1638/3173 4982/1631/3166
f 4982/1631/3166 4984/1638/3173 4994/1639/3174
f 4985/1640/3175 4982/1631/3166 4994/1639/3174
f 4983/1632/3167 4982/1631/3166 4985/1640/3175
f 5018/1636/3171 5016/1600/3135 5021/1641/3176
f 5026/1642/3177 5018/1636/3171 5021/1641/3176
f 5026/1642/3177 5009/1637/3172 5018/1636/3171
f 5026/1642/3177 4998/1643/3178 5009/1637/3172
f 4998/1643/3178 4984/1638/3173 5009/1637/3172
f 4998/1643/3178 4999/1644/3179 4984/1638/3173
f 4999/1644/3179 4994/1639/3174 4984/1638/3173
f 5026/1642/3177 4999/1644/3179 4998/1643/3178
f 4991/1645/3180 4983/1632/3167 4985/1640/3175
f 4983/1632/3167 4991/1645/3180 5000/1646/3181
f 4996/1633/3168 4983/1632/3167 5000/1646/3181
f 5014/1647/3144 4996/1633/3168 5000/1646/3181
f 5011/1634/3169 4996/1633/3168 5014/1647/3144
f 5031/1648/3148 5011/1634/3169 5014/1647/3144
f 5024/1635/3170 5011/1634/3169 5031/1648/3148
f 5040/1649/3153 5024/1635/3170 5031/1648/3148
f 5035/1650/3182 5024/1635/3170 5040/1649/3153
f 5035/1650/3182 5022/1628/3163 5024/1635/3170
f 5013/1651/3143 5014/1647/3144 5000/1646/3181
f 5067/1652/3183 5035/1650/3182 5040/1649/3153
f 5062/1653/3184 5035/1650/3182 5067/1652/3183
f 5062/1653/3184 5039/1654/3185 5035/1650/3182
f 5039/1654/3185 5022/1628/3163 5035/1650/3182
f 5039/1654/3185 5037/1629/3164 5022/1628/3163
f 5039/1654/3185 5053/1655/3186 5037/1629/3164
f 5053/1655/3186 5045/1656/3187 5037/1629/3164
f 5037/1629/3164 5045/1656/3187 5046/1621/3156
f 5089/1657/3188 5062/1653/3184 5067/1652/3183
f 5089/1657/3188 5085/1658/3189 5062/1653/3184
f 5085/1658/3189 5066/1659/3190 5062/1653/3184
f 5062/1653/3184 5066/1659/3190 5039/1654/3185
f 5066/1659/3190 5053/1655/3186 5039/1654/3185
f 5045/1656/3187 5056/1660/3191 5046/1621/3156
f 5046/1621/3156 5056/1660/3191 5038/1661/3192
f 5036/1662/3193 5046/1621/3156 5038/1661/3192
f 5060/1663/3194 5046/1621/3156 5036/1662/3193
f 5060/1663/3194 5091/1622/3157 5046/1621/3156
f 5111/1664/3195 5091/1622/3157 5060/1663/3194
f 5091/1622/3157 5111/1664/3195 5104/1623/3158
f 5041/1665/3196 5036/1662/3193 5038/1661/3192
f 5041/1665/3196 5047/1666/3197 5036/1662/3193
f 5047/1666/3197 5060/1663/3194 5036/1662/3193
f 5090/1667/3198 5060/1663/3194 5047/1666/3197
f 5090/1667/3198 5111/1664/3195 5060/1663/3194
f 5090/1667/3198 5092/1668/3199 5111/1664/3195
f 5092/1668/3199 5105/1669/3200 5111/1664/3195
f 5111/1664/3195 5105/1669/3200 5118/1670/3201
f 5111/1664/3195 5118/1670/3201 5104/1623/3158
f 5118/1670/3201 5110/1671/3202 5104/1623/3158
f 5110/1671/3202 5093/1624/3159 5104/1623/3158
f 5041/1665/3196 5072/1672/3203 5047/1666/3197
f 5072/1672/3203 5090/1667/3198 5047/1666/3197
f 5092/1668/3199 5090/1667/3198 5072/1672/3203
f 5080/1673/3204 5092/1668/3199 5072/1672/3203
f 5041/1665/3196 5080/1673/3204 5072/1672/3203
f 5105/1669/3200 5108/1674/3205 5118/1670/3201
f 5118/1670/3201 5108/1674/3205 5110/1671/3202
f 5108/1674/3205 5102/1675/3206 5110/1671/3202
f 5110/1671/3202 5102/1675/3206 5089/1676/3188
f 5110/1671/3202 5089/1676/3188 5093/1624/3159
f 5089/1676/3188 5067/1677/3183 5093/1624/3159
f 5093/1624/3159 5067/1677/3183 5065/1617/3152
f 5067/1677/3183 5040/1618/3153 5065/1617/3152
f 5102/1675/3206 5085/1678/3189 5089/1676/3188
s 4060
f 5112/1599/3207 5103/1600/3208 5100/1601/3209
f 5100/1601/3209 5103/1600/3208 5084/1602/3210
f 5103/1600/3208 5079/1603/3211 5084/1602/3210
f 5084/1602/3210 5079/1603/3211 5073/1604/3212
f 5079/1603/3211 5063/1605/3213 5073/1604/3212
f 5073/1604/3212 5063/1605/3213 5071/1606/3214
f 5063/1605/3213 5064/1607/3215 5071/1606/3214
f 5071/1606/3214 5064/1607/3215 5075/1608/3216
f 5064/1607/3215 5076/1609/3217 5075/1608/3216
f 5097/1610/3218 5079/1603/3211 5103/1600/3208
f 5097/1610/3218 5083/1611/3219 5079/1603/3211
f 5083/1611/3219 5063/1605/3213 5079/1603/3211
f 5083/1611/3219 5087/1612/3220 5063/1605/3213
f 5087/1612/3220 5064/1607/3215 5063/1605/3213
f 5087/1612/3220 5101/1613/3221 5064/1607/3215
f 5101/1613/3221 5076/1609/3217 5064/1607/3215
f 5119/1614/3222 5097/1610/3218 5103/1600/3208
f 5120/1615/3223 5097/1610/3218 5119/1614/3222
f 5120/1615/3223 5107/1616/3224 5097/1610/3218
f 5107/1616/3224 5083/1611/3219 5097/1610/3218
f 5107/1616/3224 5106/1617/3225 5083/1611/3219
f 5106/1617/3225 5087/1612/3220 5083/1611/3219
f 5106/1617/3225 5114/1618/3226 5087/1612/3220
f 5114/1618/3226 5101/1613/3221 5087/1612/3220
f 5119/1614/3222 5103/1600/3208 5115/1619/3227
f 5128/1620/3228 5119/1614/3222 5115/1619/3227
f 5127/1621/3229 5119/1614/3222 5128/1620/3228
f 5127/1621/3229 5120/1615/3223 5119/1614/3222
f 5122/1622/3230 5120/1615/3223 5127/1621/3229
f 5122/1622/3230 5117/1623/3231 5120/1615/3223
f 5117/1623/3231 5107/1616/3224 5120/1615/3223
f 5117/1623/3231 5121/1624/3232 5107/1616/3224
f 5121/1624/3232 5106/1617/3225 5107/1616/3224
f 5115/1619/3227 5103/1600/3208 5109/1625/3233
f 5115/1619/3227 5109/1625/3233 5116/1626/3234
f 5124/1627/3235 5115/1619/3227 5116/1626/3234
f 5128/1620/3228 5115/1619/3227 5124/1627/3235
f 5132/1628/3236 5128/1620/3228 5124/1627/3235
f 5139/1629/3237 5128/1620/3228 5132/1628/3236
f 5139/1629/3237 5127/1621/3229 5128/1620/3228
f 5103/1600/3208 5078/1630/3238 5109/1625/3233
f 5109/1625/3233 5078/1630/3238 5082/1631/3239
f 5109/1625/3233 5082/1631/3239 5094/1632/3240
f 5116/1626/3234 5109/1625/3233 5094/1632/3240
f 5116/1626/3234 5094/1632/3240 5088/1633/3241
f 5113/1634/3242 5116/1626/3234 5088/1633/3241
f 5124/1627/3235 5116/1626/3234 5113/1634/3242
f 5123/1635/3243 5124/1627/3235 5113/1634/3242
f 5132/1628/3236 5124/1627/3235 5123/1635/3243
f 5078/1630/3238 5103/1600/3208 5068/1636/3244
f 5043/1637/3245 5078/1630/3238 5068/1636/3244
f 5055/1638/3246 5078/1630/3238 5043/1637/3245
f 5078/1630/3238 5055/1638/3246 5082/1631/3239
f 5082/1631/3239 5055/1638/3246 5051/1639/3247
f 5077/1640/3248 5082/1631/3239 5051/1639/3247
f 5094/1632/3240 5082/1631/3239 5077/1640/3248
f 5068/1636/3244 5103/1600/3208 5070/1641/3249
f 5028/1642/3250 5068/1636/3244 5070/1641/3249
f 5028/1642/3250 5043/1637/3245 5068/1636/3244
f 5028/1642/3250 5032/1643/3251 5043/1637/3245
f 5032/1643/3251 5055/1638/3246 5043/1637/3245
f 5032/1643/3251 5034/1644/3252 5055/1638/3246
f 5034/1644/3252 5051/1639/3247 5055/1638/3246
f 5028/1642/3250 5034/1644/3252 5032/1643/3251
f 5086/1645/3253 5094/1632/3240 5077/1640/3248
f 5094/1632/3240 5086/1645/3253 5081/1646/3254
f 5088/1633/3241 5094/1632/3240 5081/1646/3254
f 5076/1647/3217 5088/1633/3241 5081/1646/3254
f 5113/1634/3242 5088/1633/3241 5076/1647/3217
f 5101/1648/3221 5113/1634/3242 5076/1647/3217
f 5123/1635/3243 5113/1634/3242 5101/1648/3221
f 5114/1649/3226 5123/1635/3243 5101/1648/3221
f 5131/1650/3255 5123/1635/3243 5114/1649/3226
f 5131/1650/3255 5132/1628/3236 5123/1635/3243
f 5075/1651/3216 5076/1647/3217 5081/1646/3254
f 5125/1652/3256 5131/1650/3255 5114/1649/3226
f 5144/1653/3257 5131/1650/3255 5125/1652/3256
f 5144/1653/3257 5145/1654/3258 5131/1650/3255
f 5145/1654/3258 5132/1628/3236 5131/1650/3255
f 5145/1654/3258 5139/1629/3237 5132/1628/3236
f 5145/1654/3258 5140/1655/3259 5139/1629/3237
f 5140/1655/3259 5133/1656/3260 5139/1629/3237
f 5139/1629/3237 5133/1656/3260 5127/1621/3229
f 5136/1657/3261 5144/1653/3257 5125/1652/3256
f 5136/1657/3261 5137/1658/3262 5144/1653/3257
f 5137/1658/3262 5141/1659/3263 5144/1653/3257
f 5144/1653/3257 5141/1659/3263 5145/1654/3258
f 5141/1659/3263 5140/1655/3259 5145/1654/3258
f 5133/1656/3260 5126/1660/3264 5127/1621/3229
f 5127/1621/3229 5126/1660/3264 5146/1661/3265
f 5149/1662/3266 5127/1621/3229 5146/1661/3265
f 5143/1663/3267 5127/1621/3229 5149/1662/3266
f 5143/1663/3267 5122/1622/3230 5127/1621/3229
f 5138/1664/3268 5122/1622/3230 5143/1663/3267
f 5122/1622/3230 5138/1664/3268 5117/1623/3231
f 5164/1665/3269 5149/1662/3266 5146/1661/3265
f 5164/1665/3269 5152/1666/3270 5149/1662/3266
f 5152/1666/3270 5143/1663/3267 5149/1662/3266
f 5148/1667/3271 5143/1663/3267 5152/1666/3270
f 5148/1667/3271 5138/1664/3268 5143/1663/3267
f 5148/1667/3271 5147/1668/3272 5138/1664/3268
f 5147/1668/3272 5142/1669/3273 5138/1664/3268
f 5138/1664/3268 5142/1669/3273 5129/1670/3274
f 5138/1664/3268 5129/1670/3274 5117/1623/3231
f 5129/1670/3274 5130/1671/3275 5117/1623/3231
f 5130/1671/3275 5121/1624/3232 5117/1623/3231
f 5164/1665/3269 5156/1672/3276 5152/1666/3270
f 5156/1672/3276 5148/1667/3271 5152/1666/3270
f 5147/1668/3272 5148/1667/3271 5156/1672/3276
f 5155/1673/3277 5147/1668/3272 5156/1672/3276
f 5164/1665/3269 5155/1673/3277 5156/1672/3276
f 5142/1669/3273 5135/1674/3278 5129/1670/3274
f 5129/1670/3274 5135/1674/3278 5130/1671/3275
f 5135/1674/3278 5134/1675/3279 5130/1671/3275
f 5130/1671/3275 5134/1675/3279 5136/1676/3261
f 5130/1671/3275 5136/1676/3261 5121/1624/3232
f 5136/1676/3261 5125/1677/3256 5121/1624/3232
f 5121/1624/3232 5125/1677/3256 5106/1617/3225
f 5125/1677/3256 5114/1618/3226 5106/1617/3225
f 5134/1675/3279 5137/1678/3262 5136/1676/3261
s 4061
f 5369/1599/3280 5380/1600/3281 5366/1601/3282
f 5366/1601/3282 5380/1600/3281 5353/1602/3283
f 5380/1600/3281 5356/1603/3284 5353/1602/3283
f 5353/1602/3283 5356/1603/3284 5332/1604/3285
f 5356/1603/3284 5320/1605/3286 5332/1604/3285
f 5332/1604/3285 5320/1605/3286 5300/1606/3287
f 5320/1605/3286 5267/1607/3288 5300/1606/3287
f 5300/1606/3287 5267/1607/3288 5299/1608/3289
f 5267/1607/3288 5264/1609/3290 5299/1608/3289
f 5362/1610/3291 5356/1603/3284 5380/1600/3281
f 5362/1610/3291 5314/1611/3292 5356/1603/3284
f 5314/1611/3292 5320/1605/3286 5356/1603/3284
f 5314/1611/3292 5257/1612/3293 5320/1605/3286
f 5257/1612/3293 5267/1607/3288 5320/1605/3286
f 5257/1612/3293 5256/1613/3294 5267/1607/3288
f 5256/1613/3294 5264/1609/3290 5267/1607/3288
f 5390/1614/3295 5362/1610/3291 5380/1600/3281
f 5360/1615/3296 5362/1610/3291 5390/1614/3295
f 5360/1615/3296 5328/1616/3297 5362/1610/3291
f 5328/1616/3297 5314/1611/3292 5362/1610/3291
f 5328/1616/3297 5280/1617/3298 5314/1611/3292
f 5280/1617/3298 5257/1612/3293 5314/1611/3292
f 5280/1617/3298 5273/1618/3299 5257/1612/3293
f 5273/1618/3299 5256/1613/3294 5257/1612/3293
f 5390/1614/3295 5380/1600/3281 5381/1619/3300
f 5391/1620/3301 5390/1614/3295 5381/1619/3300
f 5385/1621/3302 5390/1614/3295 5391/1620/3301
f 5385/1621/3302 5360/1615/3296 5390/1614/3295
f 5376/1622/3303 5360/1615/3296 5385/1621/3302
f 5376/1622/3303 5315/1623/3304 5360/1615/3296
f 5315/1623/3304 5328/1616/3297 5360/1615/3296
f 5315/1623/3304 5261/1624/3305 5328/1616/3297
f 5261/1624/3305 5280/1617/3298 5328/1616/3297
f 5381/1619/3300 5380/1600/3281 5393/1625/3306
f 5381/1619/3300 5393/1625/3306 5363/1626/3307
f 5358/1627/3308 5381/1619/3300 5363/1626/3307
f 5391/1620/3301 5381/1619/3300 5358/1627/3308
f 5367/1628/3309 5391/1620/3301 5358/1627/3308
f 5386/1629/3310 5391/1620/3301 5367/1628/3309
f 5386/1629/3310 5385/1621/3302 5391/1620/3301
f 5380/1600/3281 5394/1630/3311 5393/1625/3306
f 5393/1625/3306 5394/1630/3311 5383/1631/3312
f 5393/1625/3306 5383/1631/3312 5357/1632/3313
f 5363/1626/3307 5393/1625/3306 5357/1632/3313
f 5363/1626/3307 5357/1632/3313 5308/1633/3314
f 5307/1634/3315 5363/1626/3307 5308/1633/3314
f 5358/1627/3308 5363/1626/3307 5307/1634/3315
f 5324/1635/3316 5358/1627/3308 5307/1634/3315
f 5367/1628/3309 5358/1627/3308 5324/1635/3316
f 5394/1630/3311 5380/1600/3281 5379/1636/3317
f 5384/1637/3318 5394/1630/3311 5379/1636/3317
f 5387/1638/3319 5394/1630/3311 5384/1637/3318
f 5394/1630/3311 5387/1638/3319 5383/1631/3312
f 5383/1631/3312 5387/1638/3319 5377/1639/3320
f 5368/1640/3321 5383/1631/3312 5377/1639/3320
f 5357/1632/3313 5383/1631/3312 5368/1640/3321
f 5379/1636/3317 5380/1600/3281 5372/1641/3322
f 5342/1642/3323 5379/1636/3317 5372/1641/3322
f 5342/1642/3323 5384/1637/3318 5379/1636/3317
f 5342/1642/3323 5378/1643/3324 5384/1637/3318
f 5378/1643/3324 5387/1638/3319 5384/1637/3318
f 5378/1643/3324 5364/1644/3325 5387/1638/3319
f 5364/1644/3325 5377/1639/3320 5387/1638/3319
f 5342/1642/3323 5364/1644/3325 5378/1643/3324
f 5352/1645/3326 5357/1632/3313 5368/1640/3321
f 5357/1632/3313 5352/1645/3326 5327/1646/3327
f 5308/1633/3314 5357/1632/3313 5327/1646/3327
f 5264/1647/3290 5308/1633/3314 5327/1646/3327
f 5307/1634/3315 5308/1633/3314 5264/1647/3290
f 5256/1648/3294 5307/1634/3315 5264/1647/3290
f 5324/1635/3316 5307/1634/3315 5256/1648/3294
f 5273/1649/3299 5324/1635/3316 5256/1648/3294
f 5325/1650/3328 5324/1635/3316 5273/1649/3299
f 5325/1650/3328 5367/1628/3309 5324/1635/3316
f 5299/1651/3289 5264/1647/3290 5327/1646/3327
f 5263/1652/3329 5325/1650/3328 5273/1649/3299
f 5335/1653/3330 5325/1650/3328 5263/1652/3329
f 5335/1653/3330 5365/1654/3331 5325/1650/3328
f 5365/1654/3331 5367/1628/3309 5325/1650/3328
f 5365/1654/3331 5386/1629/3310 5367/1628/3309
f 5365/1654/3331 5355/1655/3332 5386/1629/3310
f 5355/1655/3332 5375/1656/3333 5386/1629/3310
f 5386/1629/3310 5375/1656/3333 5385/1621/3302
f 5292/1657/3334 5335/1653/3330 5263/1652/3329
f 5292/1657/3334 5323/1658/3335 5335/1653/3330
f 5323/1658/3335 5341/1659/3336 5335/1653/3330
f 5335/1653/3330 5341/1659/3336 5365/1654/3331
f 5341/1659/3336 5355/1655/3332 5365/1654/3331
f 5375/1656/3333 5374/1660/3337 5385/1621/3302
f 5385/1621/3302 5374/1660/3337 5389/1661/3338
f 5395/1662/3339 5385/1621/3302 5389/1661/3338
f 5399/1663/3340 5385/1621/3302 5395/1662/3339
f 5399/1663/3340 5376/1622/3303 5385/1621/3302
f 5371/1664/3341 5376/1622/3303 5399/1663/3340
f 5376/1622/3303 5371/1664/3341 5315/1623/3304
f 5382/1665/3342 5395/1662/3339 5389/1661/3338
f 5382/1665/3342 5398/1666/3343 5395/1662/3339
f 5398/1666/3343 5399/1663/3340 5395/1662/3339
f 5396/1667/3344 5399/1663/3340 5398/1666/3343
f 5396/1667/3344 5371/1664/3341 5399/1663/3340
f 5396/1667/3344 5388/1668/3345 5371/1664/3341
f 5388/1668/3345 5359/1669/3346 5371/1664/3341
f 5371/1664/3341 5359/1669/3346 5329/1670/3347
f 5371/1664/3341 5329/1670/3347 5315/1623/3304
f 5329/1670/3347 5286/1671/3348 5315/1623/3304
f 5286/1671/3348 5261/1624/3305 5315/1623/3304
f 5382/1665/3342 5397/1672/3349 5398/1666/3343
f 5397/1672/3349 5396/1667/3344 5398/1666/3343
f 5388/1668/3345 5396/1667/3344 5397/1672/3349
f 5392/1673/3350 5388/1668/3345 5397/1672/3349
f 5382/1665/3342 5392/1673/3350 5397/1672/3349
f 5359/1669/3346 5339/1674/3351 5329/1670/3347
f 5329/1670/3347 5339/1674/3351 5286/1671/3348
f 5339/1674/3351 5322/1675/3352 5286/1671/3348
f 5286/1671/3348 5322/1675/3352 5292/1676/3334
f 5286/1671/3348 5292/1676/3334 5261/1624/3305
f 5292/1676/3334 5263/1677/3329 5261/1624/3305
f 5261/1624/3305 5263/1677/3329 5280/1617/3298
f 5263/1677/3329 5273/1618/3299 5280/1617/3298
f 5322/1675/3352 5323/1678/3335 5292/1676/3334
s 4062
f 5227/1599/3353 5200/1600/3354 5203/1601/3355
f 5203/1601/3355 5200/1600/3354 5193/1602/3356
f 5200/1600/3354 5187/1603/3357 5193/1602/3356
f 5193/1602/3356 5187/1603/3357 5189/1604/3358
f 5187/1603/3357 5185/1605/3359 5189/1604/3358
f 5189/1604/3358 5185/1605/3359 5191/1606/3360
f 5185/1605/3359 5188/1607/3361 5191/1606/3360
f 5191/1606/3360 5188/1607/3361 5192/1608/3362
f 5188/1607/3361 5197/1609/3363 5192/1608/3362
f 5201/1610/3364 5187/1603/3357 5200/1600/3354
f 5201/1610/3364 5196/1611/3365 5187/1603/3357
f 5196/1611/3365 5185/1605/3359 5187/1603/3357
f 5196/1611/3365 5204/1612/3366 5185/1605/3359
f 5204/1612/3366 5188/1607/3361 5185/1605/3359
f 5204/1612/3366 5230/1613/3367 5188/1607/3361
f 5230/1613/3367 5197/1609/3363 5188/1607/3361
f 5231/1614/3368 5201/1610/3364 5200/1600/3354
f 5235/1615/3369 5201/1610/3364 5231/1614/3368
f 5235/1615/3369 5229/1616/3370 5201/1610/3364
f 5229/1616/3370 5196/1611/3365 5201/1610/3364
f 5229/1616/3370 5233/1617/3371 5196/1611/3365
f 5233/1617/3371 5204/1612/3366 5196/1611/3365
f 5233/1617/3371 5246/1618/3372 5204/1612/3366
f 5246/1618/3372 5230/1613/3367 5204/1612/3366
f 5231/1614/3368 5200/1600/3354 5232/1619/3373
f 5254/1620/3374 5231/1614/3368 5232/1619/3373
f 5251/1621/3375 5231/1614/3368 5254/1620/3374
f 5251/1621/3375 5235/1615/3369 5231/1614/3368
f 5241/1622/3376 5235/1615/3369 5251/1621/3375
f 5241/1622/3376 5243/1623/3377 5235/1615/3369
f 5243/1623/3377 5229/1616/3370 5235/1615/3369
f 5243/1623/3377 5250/1624/3378 5229/1616/3370
f 5250/1624/3378 5233/1617/3371 5229/1616/3370
f 5232/1619/3373 5200/1600/3354 5223/1625/3379
f 5232/1619/3373 5223/1625/3379 5236/1626/3380
f 5248/1627/3381 5232/1619/3373 5236/1626/3380
f 5254/1620/3374 5232/1619/3373 5248/1627/3381
f 5269/1628/3382 5254/1620/3374 5248/1627/3381
f 5270/1629/3383 5254/1620/3374 5269/1628/3382
f 5270/1629/3383 5251/1621/3375 5254/1620/3374
f 5200/1600/3354 5184/1630/3384 5223/1625/3379
f 5223/1625/3379 5184/1630/3384 5190/1631/3385
f 5223/1625/3379 5190/1631/3385 5202/1632/3386
f 5236/1626/3380 5223/1625/3379 5202/1632/3386
f 5236/1626/3380 5202/1632/3386 5205/1633/3387
f 5245/1634/3388 5236/1626/3380 5205/1633/3387
f 5248/1627/3381 5236/1626/3380 5245/1634/3388
f 5249/1635/3389 5248/1627/3381 5245/1634/3388
f 5269/1628/3382 5248/1627/3381 5249/1635/3389
f 5184/1630/3384 5200/1600/3354 5182/1636/3390
f 5175/1637/3391 5184/1630/3384 5182/1636/3390
f 5180/1638/3392 5184/1630/3384 5175/1637/3391
f 5184/1630/3384 5180/1638/3392 5190/1631/3385
f 5190/1631/3385 5180/1638/3392 5181/1639/3393
f 5186/1640/3394 5190/1631/3385 5181/1639/3393
f 5202/1632/3386 5190/1631/3385 5186/1640/3394
f 5182/1636/3390 5200/1600/3354 5183/1641/3395
f 5163/1642/3396 5182/1636/3390 5183/1641/3395
f 5163/1642/3396 5175/1637/3391 5182/1636/3390
f 5163/1642/3396 5165/1643/3397 5175/1637/3391
f 5165/1643/3397 5180/1638/3392 5175/1637/3391
f 5165/1643/3397 5166/1644/3398 5180/1638/3392
f 5166/1644/3398 5181/1639/3393 5180/1638/3392
f 5163/1642/3396 5166/1644/3398 5165/1643/3397
f 5194/1645/3399 5202/1632/3386 5186/1640/3394
f 5202/1632/3386 5194/1645/3399 5195/1646/3400
f 5205/1633/3387 5202/1632/3386 5195/1646/3400
f 5197/1647/3363 5205/1633/3387 5195/1646/3400
f 5245/1634/3388 5205/1633/3387 5197/1647/3363
f 5230/1648/3367 5245/1634/3388 5197/1647/3363
f 5249/1635/3389 5245/1634/3388 5230/1648/3367
f 5246/1649/3372 5249/1635/3389 5230/1648/3367
f 5279/1650/3401 5249/1635/3389 5246/1649/3372
f 5279/1650/3401 5269/1628/3382 5249/1635/3389
f 5192/1651/3362 5197/1647/3363 5195/1646/3400
f 5259/1652/3402 5279/1650/3401 5246/1649/3372
f 5305/1653/3403 5279/1650/3401 5259/1652/3402
f 5305/1653/3403 5298/1654/3404 5279/1650/3401
f 5298/1654/3404 5269/1628/3382 5279/1650/3401
f 5298/1654/3404 5270/1629/3383 5269/1628/3382
f 5298/1654/3404 5285/1655/3405 5270/1629/3383
f 5285/1655/3405 5262/1656/3406 5270/1629/3383
f 5270/1629/3383 5262/1656/3406 5251/1621/3375
f 5295/1657/3407 5305/1653/3403 5259/1652/3402
f 5295/1657/3407 5293/1658/3408 5305/1653/3403
f 5293/1658/3408 5294/1659/3409 5305/1653/3403
f 5305/1653/3403 5294/1659/3409 5298/1654/3404
f 5294/1659/3409 5285/1655/3405 5298/1654/3404
f 5262/1656/3406 5255/1660/3410 5251/1621/3375
f 5251/1621/3375 5255/1660/3410 5316/1661/3411
f 5321/1662/3412 5251/1621/3375 5316/1661/3411
f 5266/1663/3413 5251/1621/3375 5321/1662/3412
f 5266/1663/3413 5241/1622/3376 5251/1621/3375
f 5268/1664/3414 5241/1622/3376 5266/1663/3413
f 5241/1622/3376 5268/1664/3414 5243/1623/3377
f 5373/1665/3415 5321/1662/3412 5316/1661/3411
f 5373/1665/3415 5338/1666/3416 5321/1662/3412
f 5338/1666/3416 5266/1663/3413 5321/1662/3412
f 5312/1667/3417 5266/1663/3413 5338/1666/3416
f 5312/1667/3417 5268/1664/3414 5266/1663/3413
f 5312/1667/3417 5319/1668/3418 5268/1664/3414
f 5319/1668/3418 5287/1669/3419 5268/1664/3414
f 5268/1664/3414 5287/1669/3419 5260/1670/3420
f 5268/1664/3414 5260/1670/3420 5243/1623/3377
f 5260/1670/3420 5272/1671/3421 5243/1623/3377
f 5272/1671/3421 5250/1624/3378 5243/1623/3377
f 5373/1665/3415 5350/1672/3422 5338/1666/3416
f 5350/1672/3422 5312/1667/3417 5338/1666/3416
f 5319/1668/3418 5312/1667/3417 5350/1672/3422
f 5349/1673/3423 5319/1668/3418 5350/1672/3422
f 5373/1665/3415 5349/1673/3423 5350/1672/3422
f 5287/1669/3419 5281/1674/3424 5260/1670/3420
f 5260/1670/3420 5281/1674/3424 5272/1671/3421
f 5281/1674/3424 5284/1675/3425 5272/1671/3421
f 5272/1671/3421 5284/1675/3425 5295/1676/3407
f 5272/1671/3421 5295/1676/3407 5250/1624/3378
f 5295/1676/3407 5259/1677/3402 5250/1624/3378
f 5250/1624/3378 5259/1677/3402 5233/1617/3371
f 5259/1677/3402 5246/1618/3372 5233/1617/3371
f 5284/1675/3425 5293/1678/3408 5295/1676/3407
s 4063
f 4563/1599/3426 4543/1600/3427 4559/1601/3428
f 4559/1601/3428 4543/1600/3427 4566/1602/3429
f 4543/1600/3427 4554/1603/3430 4566/1602/3429
f 4566/1602/3429 4554/1603/3430 4577/1604/3431
f 4554/1603/3430 4580/1605/3432 4577/1604/3431
f 4577/1604/3431 4580/1605/3432 4600/1606/3433
f 4580/1605/3432 4615/1607/3434 4600/1606/3433
f 4600/1606/3433 4615/1607/3434 4603/1608/3435
f 4615/1607/3434 4636/1609/3436 4603/1608/3435
f 4553/1610/3437 4554/1603/3430 4543/1600/3427
f 4553/1610/3437 4585/1611/3438 4554/1603/3430
f 4585/1611/3438 4580/1605/3432 4554/1603/3430
f 4585/1611/3438 4633/1612/3439 4580/1605/3432
f 4633/1612/3439 4615/1607/3434 4580/1605/3432
f 4633/1612/3439 4654/1613/3440 4615/1607/3434
f 4654/1613/3440 4636/1609/3436 4615/1607/3434
f 4538/1614/3441 4553/1610/3437 4543/1600/3427
f 4560/1615/3442 4553/1610/3437 4538/1614/3441
f 4560/1615/3442 4586/1616/3443 4553/1610/3437
f 4586/1616/3443 4585/1611/3438 4553/1610/3437
f 4586/1616/3443 4624/1617/3444 4585/1611/3438
f 4624/1617/3444 4633/1612/3439 4585/1611/3438
f 4624/1617/3444 4641/1618/3445 4633/1612/3439
f 4641/1618/3445 4654/1613/3440 4633/1612/3439
f 4538/1614/3441 4543/1600/3427 4551/1619/3446
f 4549/1620/3447 4538/1614/3441 4551/1619/3446
f 4546/1621/3448 4538/1614/3441 4549/1620/3447
f 4546/1621/3448 4560/1615/3442 4538/1614/3441
f 4547/1622/3449 4560/1615/3442 4546/1621/3448
f 4547/1622/3449 4590/1623/3450 4560/1615/3442
f 4590/1623/3450 4586/1616/3443 4560/1615/3442
f 4590/1623/3450 4640/1624/3451 4586/1616/3443
f 4640/1624/3451 4624/1617/3444 4586/1616/3443
f 4551/1619/3446 4543/1600/3427 4539/1625/3452
f 4551/1619/3446 4539/1625/3452 4574/1626/3453
f 4578/1627/3454 4551/1619/3446 4574/1626/3453
f 4549/1620/3447 4551/1619/3446 4578/1627/3454
f 4579/1628/3455 4549/1620/3447 4578/1627/3454
f 4558/1629/3456 4549/1620/3447 4579/1628/3455
f 4558/1629/3456 4546/1621/3448 4549/1620/3447
f 4543/1600/3427 4532/1630/3457 4539/1625/3452
f 4539/1625/3452 4532/1630/3457 4545/1631/3458
f 4539/1625/3452 4545/1631/3458 4571/1632/3459
f 4574/1626/3453 4539/1625/3452 4571/1632/3459
f 4574/1626/3453 4571/1632/3459 4614/1633/3460
f 4632/1634/3461 4574/1626/3453 4614/1633/3460
f 4578/1627/3454 4574/1626/3453 4632/1634/3461
f 4616/1635/3462 4578/1627/3454 4632/1634/3461
f 4579/1628/3455 4578/1627/3454 4616/1635/3462
f 4532/1630/3457 4543/1600/3427 4537/1636/3463
f 4534/1637/3464 4532/1630/3457 4537/1636/3463
f 4536/1638/3465 4532/1630/3457 4534/1637/3464
f 4532/1630/3457 4536/1638/3465 4545/1631/3458
f 4545/1631/3458 4536/1638/3465 4544/1639/3466
f 4556/1640/3467 4545/1631/3458 4544/1639/3466
f 4571/1632/3459 4545/1631/3458 4556/1640/3467
f 4537/1636/3463 4543/1600/3427 4542/1641/3468
f 4550/1642/3469 4537/1636/3463 4542/1641/3468
f 4550/1642/3469 4534/1637/3464 4537/1636/3463
f 4550/1642/3469 4535/1643/3470 4534/1637/3464
f 4535/1643/3470 4536/1638/3465 4534/1637/3464
f 4535/1643/3470 4540/1644/3471 4536/1638/3465
f 4540/1644/3471 4544/1639/3466 4536/1638/3465
f 4550/1642/3469 4540/1644/3471 4535/1643/3470
f 4572/1645/3472 4571/1632/3459 4556/1640/3467
f 4571/1632/3459 4572/1645/3472 4601/1646/3473
f 4614/1633/3460 4571/1632/3459 4601/1646/3473
f 4636/1647/3436 4614/1633/3460 4601/1646/3473
f 4632/1634/3461 4614/1633/3460 4636/1647/3436
f 4654/1648/3440 4632/1634/3461 4636/1647/3436
f 4616/1635/3462 4632/1634/3461 4654/1648/3440
f 4641/1649/3445 4616/1635/3462 4654/1648/3440
f 4631/1650/3474 4616/1635/3462 4641/1649/3445
f 4631/1650/3474 4579/1628/3455 4616/1635/3462
f 4603/1651/3435 4636/1647/3436 4601/1646/3473
f 4658/1652/3475 4631/1650/3474 4641/1649/3445
f 4625/1653/3476 4631/1650/3474 4658/1652/3475
f 4625/1653/3476 4583/1654/3477 4631/1650/3474
f 4583/1654/3477 4579/1628/3455 4631/1650/3474
f 4583/1654/3477 4558/1629/3456 4579/1628/3455
f 4583/1654/3477 4584/1655/3478 4558/1629/3456
f 4584/1655/3478 4569/1656/3479 4558/1629/3456
f 4558/1629/3456 4569/1656/3479 4546/1621/3448
f 4648/1657/3480 4625/1653/3476 4658/1652/3475
f 4648/1657/3480 4621/1658/3481 4625/1653/3476
f 4621/1658/3481 4604/1659/3482 4625/1653/3476
f 4625/1653/3476 4604/1659/3482 4583/1654/3477
f 4604/1659/3482 4584/1655/3478 4583/1654/3477
f 4569/1656/3479 4565/1660/3483 4546/1621/3448
f 4546/1621/3448 4565/1660/3483 4564/1661/3484
f 4552/1662/3485 4546/1621/3448 4564/1661/3484
f 4533/1663/3486 4546/1621/3448 4552/1662/3485
f 4533/1663/3486 4547/1622/3449 4546/1621/3448
f 4561/1664/3487 4547/1622/3449 4533/1663/3486
f 4547/1622/3449 4561/1664/3487 4590/1623/3450
f 4598/1665/3488 4552/1662/3485 4564/1661/3484
f 4598/1665/3488 4548/1666/3489 4552/1662/3485
f 4548/1666/3489 4533/1663/3486 4552/1662/3485
f 4541/1667/3490 4533/1663/3486 4548/1666/3489
f 4541/1667/3490 4561/1664/3487 4533/1663/3486
f 4541/1667/3490 4557/1668/3491 4561/1664/3487
f 4557/1668/3491 4570/1669/3492 4561/1664/3487
f 4561/1664/3487 4570/1669/3492 4597/1670/3493
f 4561/1664/3487 4597/1670/3493 4590/1623/3450
f 4597/1670/3493 4638/1671/3494 4590/1623/3450
f 4638/1671/3494 4640/1624/3451 4590/1623/3450
f 4598/1665/3488 4555/1672/3495 4548/1666/3489
f 4555/1672/3495 4541/1667/3490 4548/1666/3489
f 4557/1668/3491 4541/1667/3490 4555/1672/3495
f 4567/1673/3496 4557/1668/3491 4555/1672/3495
f 4598/1665/3488 4567/1673/3496 4555/1672/3495
f 4570/1669/3492 4593/1674/3497 4597/1670/3493
f 4597/1670/3493 4593/1674/3497 4638/1671/3494
f 4593/1674/3497 4612/1675/3498 4638/1671/3494
f 4638/1671/3494 4612/1675/3498 4648/1676/3480
f 4638/1671/3494 4648/1676/3480 4640/1624/3451
f 4648/1676/3480 4658/1677/3475 4640/1624/3451
f 4640/1624/3451 4658/1677/3475 4624/1617/3444
f 4658/1677/3475 4641/1618/3445 4624/1617/3444
f 4612/1675/3498 4621/1678/3481 4648/1676/3480
s 4064
f 4987/1679/3499 5007/1680/3500 5005/1681/3501
f 4990/1682/3502 4987/1679/3499 5005/1681/3501
f 4980/1683/3503 4987/1679/3499 4990/1682/3502
f 4979/1684/3504 4980/1683/3503 4990/1682/3502
f 4980/1683/3503 4979/1684/3504 4968/1685/3505
f 4980/1683/3503 4968/1685/3505 4969/1686/3506
f 5002/1687/3507 4990/1682/3502 5005/1681/3501
f 4992/1688/3508 4990/1682/3502 5002/1687/3507
f 4979/1684/3504 4990/1682/3502 4992/1688/3508
f 4976/1689/3509 4979/1684/3504 4992/1688/3508
f 4979/1684/3504 4976/1689/3509 4974/1690/3510
f 4979/1684/3504 4974/1690/3510 4968/1685/3505
f 5002/1687/3507 5005/1681/3501 4974/1691/3510
f 5002/1687/3507 4974/1691/3510 4972/1692/3511
f 5003/1693/3512 5002/1687/3507 4972/1692/3511
f 5003/1693/3512 4992/1688/3508 5002/1687/3507
f 4992/1688/3508 5003/1693/3512 5004/1694/3513
f 4993/1695/3514 4992/1688/3508 5004/1694/3513
f 4993/1695/3514 4977/1696/3515 4992/1688/3508
f 4977/1696/3515 4976/1689/3509 4992/1688/3508
f 5005/1681/3501 4968/1697/3505 4974/1691/3510
f 5003/1693/3512 4972/1692/3511 4973/1698/3516
f 5004/1694/3513 5003/1693/3512 4973/1698/3516
f 5001/1699/3517 5004/1694/3513 4973/1698/3516
f 4993/1695/3514 5004/1694/3513 5001/1699/3517
f 4989/1700/3518 4993/1695/3514 5001/1699/3517
f 4993/1695/3514 4989/1700/3518 4977/1696/3515
f 4989/1700/3518 4978/1701/3519 4977/1696/3515
f 4977/1696/3515 4978/1701/3519 4975/1702/3520
f 4973/1703/3516 4977/1696/3515 4975/1702/3520
f 4976/1689/3509 4977/1696/3515 4973/1703/3516
f 4975/1704/3520 5001/1699/3517 4973/1698/3516
f 5001/1699/3517 4975/1704/3520 4970/1705/3521
f 5006/1706/3522 5001/1699/3517 4970/1705/3521
f 4989/1700/3518 5001/1699/3517 5006/1706/3522
f 4988/1707/3523 4989/1700/3518 5006/1706/3522
f 4978/1701/3519 4989/1700/3518 4988/1707/3523
f 4981/1708/3524 4978/1701/3519 4988/1707/3523
f 4978/1701/3519 4981/1708/3524 4970/1709/3521
f 4975/1702/3520 4978/1701/3519 4970/1709/3521
f 4988/1707/3523 5006/1706/3522 5008/1710/3525
f 4970/1709/3521 4981/1708/3524 4971/1711/3526
f 4972/1712/3511 4976/1689/3509 4973/1703/3516
f 4976/1689/3509 4972/1712/3511 4974/1690/3510
f 4971/1713/3526 4951/1714/3527 4970/1715/3521
f 4951/1714/3527 4950/1716/3528 4970/1715/3521
f 4970/1715/3521 4950/1716/3528 4968/1717/3505
f 5006/1718/3522 4970/1715/3521 4968/1717/3505
f 5005/1719/3501 5006/1718/3522 4968/1717/3505
f 5099/1720/3529 5006/1718/3522 5005/1719/3501
f 5006/1718/3522 5099/1720/3529 5008/1721/3525
f 5099/1720/3529 5096/1722/3530 5008/1721/3525
f 4950/1716/3528 4948/1723/3531 4968/1717/3505
f 4968/1717/3505 4948/1723/3531 4969/1724/3506
f 4948/1723/3531 4949/1725/3532 4969/1724/3506
f 4948/1723/3531 4950/1716/3528 4879/1726/3533
f 4878/1727/3534 4948/1723/3531 4879/1726/3533
f 4879/1726/3533 4793/1728/3535 4878/1727/3534
f 4793/1728/3535 4792/1729/3536 4878/1727/3534
f 4878/1727/3534 4792/1729/3536 4875/1730/3537
f 4875/1730/3537 4792/1729/3536 4794/1731/3538
f 4794/1731/3538 4792/1729/3536 4795/1732/3539
f 4792/1729/3536 4793/1728/3535 4795/1732/3539
f 4876/1733/3540 4795/1732/3539 4793/1728/3535
f 4876/1733/3540 4793/1728/3535 4879/1726/3533
f 4878/1681/3534 4875/1680/3537 4896/1679/3541
f 4878/1681/3534 4896/1679/3541 4894/1682/3542
f 4882/1687/3543 4878/1681/3534 4894/1682/3542
f 4882/1687/3543 4944/1691/3544 4878/1681/3534
f 4944/1691/3544 4948/1697/3531 4878/1681/3534
f 4894/1682/3542 4896/1679/3541 4937/1683/3545
f 4939/1684/3546 4894/1682/3542 4937/1683/3545
f 4894/1682/3542 4939/1684/3546 4893/1688/3547
f 4882/1687/3543 4894/1682/3542 4893/1688/3547
f 4880/1693/3548 4882/1687/3543 4893/1688/3547
f 4880/1693/3548 4946/1692/3549 4882/1687/3543
f 4946/1692/3549 4944/1691/3544 4882/1687/3543
f 4939/1684/3546 4937/1683/3545 4948/1685/3531
f 4944/1690/3544 4939/1684/3546 4948/1685/3531
f 4942/1689/3550 4939/1684/3546 4944/1690/3544
f 4939/1684/3546 4942/1689/3550 4893/1688/3547
f 4893/1688/3547 4942/1689/3550 4941/1696/3551
f 4892/1695/3552 4893/1688/3547 4941/1696/3551
f 4893/1688/3547 4892/1695/3552 4881/1694/3553
f 4880/1693/3548 4893/1688/3547 4881/1694/3553
f 4949/1686/3532 4948/1685/3531 4937/1683/3545
f 4946/1712/3549 4942/1689/3550 4944/1690/3544
f 4946/1712/3549 4947/1703/3554 4942/1689/3550
f 4947/1703/3554 4941/1696/3551 4942/1689/3550
f 4947/1703/3554 4945/1702/3555 4941/1696/3551
f 4945/1702/3555 4940/1701/3556 4941/1696/3551
f 4940/1701/3556 4895/1700/3557 4941/1696/3551
f 4895/1700/3557 4892/1695/3552 4941/1696/3551
f 4892/1695/3552 4895/1700/3557 4883/1699/3558
f 4881/1694/3553 4892/1695/3552 4883/1699/3558
f 4947/1698/3554 4881/1694/3553 4883/1699/3558
f 4881/1694/3553 4947/1698/3554 4880/1693/3548
f 4947/1698/3554 4946/1692/3549 4880/1693/3548
f 4945/1702/3555 4950/1709/3528 4940/1701/3556
f 4950/1709/3528 4938/1708/3559 4940/1701/3556
f 4938/1708/3559 4897/1707/3560 4940/1701/3556
f 4897/1707/3560 4895/1700/3557 4940/1701/3556
f 4895/1700/3557 4897/1707/3560 4879/1706/3533
f 4883/1699/3558 4895/1700/3557 4879/1706/3533
f 4879/1706/3533 4950/1705/3528 4883/1699/3558
f 4950/1705/3528 4945/1704/3555 4883/1699/3558
f 4945/1704/3555 4947/1698/3554 4883/1699/3558
f 4951/1711/3527 4938/1708/3559 4950/1709/3528
f 4876/1710/3540 4879/1706/3533 4897/1707/3560
s 4065
f 4818/1734/3561 4815/1735/3562 4683/1736/3563
f 4815/1735/3562 4674/1737/3564 4683/1736/3563
f 4683/1736/3563 4674/1737/3564 4594/1738/3565
f 4634/1739/3566 4683/1736/3563 4594/1738/3565
f 4594/1738/3565 4573/1740/3567 4634/1739/3566
f 4573/1740/3567 4606/1741/3568 4634/1739/3566
f 4606/1741/3568 4573/1740/3567 4596/1742/3569
f 4639/1743/3570 4606/1741/3568 4596/1742/3569
f 4815/1735/3562 4819/1744/3571 4674/1737/3564
f 4819/1744/3571 4681/1745/3572 4674/1737/3564
f 4674/1737/3564 4681/1745/3572 4594/1738/3565
f 4681/1745/3572 4575/1746/3573 4594/1738/3565
f 4594/1738/3565 4575/1746/3573 4573/1740/3567
f 4575/1746/3573 4562/1747/3574 4573/1740/3567
f 4573/1740/3567 4562/1747/3574 4596/1742/3569
f 4562/1747/3574 4576/1748/3575 4596/1742/3569
f 4596/1742/3569 4576/1748/3575 4687/1749/3576
f 4686/1750/3577 4596/1742/3569 4687/1749/3576
f 4639/1743/3570 4596/1742/3569 4686/1750/3577
f 4700/1751/3578 4639/1743/3570 4686/1750/3577
f 4695/1752/3579 4681/1745/3572 4819/1744/3571
f 4575/1746/3573 4681/1745/3572 4695/1752/3579
f 4609/1753/3580 4575/1746/3573 4695/1752/3579
f 4575/1746/3573 4609/1753/3580 4562/1747/3574
f 4609/1753/3580 4587/1754/3581 4562/1747/3574
f 4562/1747/3574 4587/1754/3581 4576/1748/3575
f 4587/1754/3581 4611/1755/3582 4576/1748/3575
f 4687/1749/3576 4576/1748/3575 4611/1755/3582
f 4821/1756/3583 4695/1752/3579 4819/1744/3571
f 4683/1757/3563 4695/1752/3579 4821/1756/3583
f 4695/1752/3579 4683/1757/3563 4634/1758/3566
f 4609/1753/3580 4695/1752/3579 4634/1758/3566
f 4634/1758/3566 4606/1759/3568 4609/1753/3580
f 4606/1759/3568 4587/1754/3581 4609/1753/3580
f 4587/1754/3581 4606/1759/3568 4611/1755/3582
f 4606/1759/3568 4639/1760/3570 4611/1755/3582
f 4710/1761/3584 4611/1755/3582 4639/1760/3570
f 4710/1761/3584 4687/1749/3576 4611/1755/3582
f 4818/1762/3561 4683/1757/3563 4821/1756/3583
f 4700/1763/3578 4710/1761/3584 4639/1760/3570
f 4710/1761/3584 4700/1763/3578 4959/1764/3585
f 4962/1765/3586 4710/1761/3584 4959/1764/3585
f 4687/1749/3576 4710/1761/3584 4962/1765/3586
f 4958/1766/3587 4687/1749/3576 4962/1765/3586
f 4958/1766/3587 4956/1767/3588 4687/1749/3576
f 4956/1767/3588 4686/1750/3577 4687/1749/3576
f 4956/1767/3588 4959/1768/3585 4686/1750/3577
f 4959/1768/3585 4700/1751/3578 4686/1750/3577
f 4962/1765/3586 4959/1764/3585 5247/1769/3589
f 4962/1765/3586 5247/1769/3589 4958/1766/3587
f 5247/1769/3589 5253/1770/3590 4958/1766/3587
f 4958/1766/3587 5253/1770/3590 5244/1771/3591
f 4956/1767/3588 4958/1766/3587 5244/1771/3591
f 4956/1767/3588 5244/1771/3591 5234/1772/3592
f 4959/1768/3585 4956/1767/3588 5234/1772/3592
f 4959/1764/3585 5234/1773/3592 5247/1769/3589
f 5247/1769/3589 5234/1773/3592 5310/1774/3593
f 5247/1769/3589 5310/1774/3593 5253/1770/3590
f 5310/1774/3593 5344/1775/3594 5253/1770/3590
f 5253/1770/3590 5344/1775/3594 5244/1771/3591
f 5344/1775/3594 5309/1776/3595 5244/1771/3591
f 5244/1771/3591 5309/1776/3595 5265/1777/3596
f 5234/1772/3592 5244/1771/3591 5265/1777/3596
f 5234/1773/3592 5265/1778/3596 5310/1774/3593
f 5265/1778/3596 5282/1779/3597 5310/1774/3593
f 5282/1779/3597 5337/1780/3598 5310/1774/3593
f 5337/1780/3598 5354/1781/3599 5310/1774/3593
f 5354/1781/3599 5344/1775/3594 5310/1774/3593
f 5354/1781/3599 5326/1782/3600 5344/1775/3594
f 5326/1782/3600 5309/1776/3595 5344/1775/3594
f 5309/1776/3595 5326/1782/3600 5265/1777/3596
f 5326/1782/3600 5282/1783/3597 5265/1777/3596
f 5296/1784/3601 5282/1783/3597 5326/1782/3600
f 5337/1780/3598 5282/1779/3597 5296/1785/3601
f 5343/1786/3602 5337/1780/3598 5296/1785/3601
f 5354/1781/3599 5337/1780/3598 5343/1786/3602
f 5361/1787/3603 5354/1781/3599 5343/1786/3602
f 5361/1787/3603 5334/1788/3604 5354/1781/3599
f 5334/1788/3604 5326/1782/3600 5354/1781/3599
f 5334/1788/3604 5296/1784/3601 5326/1782/3600
f 5296/1784/3601 5334/1788/3604 5258/1789/3605
f 5252/1790/3606 5296/1784/3601 5258/1789/3605
f 5258/1789/3605 5044/1791/3607 5252/1790/3606
f 5044/1791/3607 5050/1792/3608 5252/1790/3606
f 5343/1786/3602 5296/1785/3601 5252/1793/3606
f 5278/1794/3609 5343/1786/3602 5252/1793/3606
f 5278/1794/3609 5297/1795/3610 5343/1786/3602
f 5297/1795/3610 5361/1787/3603 5343/1786/3602
f 5297/1795/3610 5258/1789/3605 5361/1787/3603
f 5258/1789/3605 5334/1788/3604 5361/1787/3603
f 5278/1794/3609 5252/1793/3606 5058/1796/3611
f 5278/1794/3609 5058/1796/3611 5049/1797/3612
f 5297/1795/3610 5278/1794/3609 5049/1797/3612
f 5297/1795/3610 5049/1797/3612 5258/1789/3605
f 5049/1797/3612 5044/1791/3607 5258/1789/3605
f 5252/1793/3606 5050/1798/3608 5058/1796/3611
s 4066
f 4823/1799/3613 4820/1800/3614 4661/1801/3615
f 4820/1800/3614 4647/1802/3616 4661/1801/3615
f 4620/1803/3617 4661/1801/3615 4647/1802/3616
f 4595/1804/3618 4620/1803/3617 4647/1802/3616
f 4643/1805/3619 4620/1803/3617 4595/1804/3618
f 4610/1806/3620 4643/1805/3619 4595/1804/3618
f 4610/1806/3620 4670/1807/3621 4643/1805/3619
f 4670/1807/3621 4677/1808/3622 4643/1805/3619
f 4820/1800/3614 4814/1809/3623 4647/1802/3616
f 4814/1809/3623 4617/1810/3624 4647/1802/3616
f 4647/1802/3616 4617/1810/3624 4568/1811/3625
f 4595/1804/3618 4647/1802/3616 4568/1811/3625
f 4595/1804/3618 4568/1811/3625 4581/1812/3626
f 4610/1806/3620 4595/1804/3618 4581/1812/3626
f 4610/1806/3620 4581/1812/3626 4670/1807/3621
f 4581/1812/3626 4659/1813/3627 4670/1807/3621
f 4670/1807/3621 4659/1813/3627 4965/1814/3628
f 4967/1815/3629 4670/1807/3621 4965/1814/3628
f 4677/1808/3622 4670/1807/3621 4967/1815/3629
f 4966/1816/3630 4677/1808/3622 4967/1815/3629
f 4637/1817/3631 4617/1810/3624 4814/1809/3623
f 4617/1810/3624 4637/1817/3631 4582/1818/3632
f 4568/1811/3625 4617/1810/3624 4582/1818/3632
f 4568/1811/3625 4582/1818/3632 4608/1819/3633
f 4581/1812/3626 4568/1811/3625 4608/1819/3633
f 4581/1812/3626 4608/1819/3633 4659/1813/3627
f 4608/1819/3633 4668/1820/3634 4659/1813/3627
f 4965/1814/3628 4659/1813/3627 4668/1820/3634
f 4817/1821/3635 4637/1817/3631 4814/1809/3623
f 4661/1822/3615 4637/1817/3631 4817/1821/3635
f 4582/1818/3632 4637/1817/3631 4661/1822/3615
f 4620/1823/3617 4582/1818/3632 4661/1822/3615
f 4608/1819/3633 4582/1818/3632 4620/1823/3617
f 4643/1824/3619 4608/1819/3633 4620/1823/3617
f 4643/1824/3619 4677/1825/3622 4608/1819/3633
f 4677/1825/3622 4668/1820/3634 4608/1819/3633
f 4964/1826/3636 4668/1820/3634 4677/1825/3622
f 4964/1826/3636 4965/1814/3628 4668/1820/3634
f 4823/1827/3613 4661/1822/3615 4817/1821/3635
f 4966/1828/3630 4964/1826/3636 4677/1825/3622
f 4964/1826/3636 4966/1828/3630 5199/1829/3637
f 5198/1830/3638 4964/1826/3636 5199/1829/3637
f 5198/1830/3638 5224/1831/3639 4964/1826/3636
f 5224/1831/3639 4965/1814/3628 4964/1826/3636
f 5224/1831/3639 5225/1832/3640 4965/1814/3628
f 5225/1832/3640 4967/1815/3629 4965/1814/3628
f 4966/1816/3630 4967/1815/3629 5225/1832/3640
f 5199/1833/3637 4966/1816/3630 5225/1832/3640
f 5271/1834/3641 5199/1833/3637 5225/1832/3640
f 5198/1830/3638 5199/1829/3637 5271/1835/3641
f 5303/1836/3642 5198/1830/3638 5271/1835/3641
f 5224/1831/3639 5198/1830/3638 5303/1836/3642
f 5347/1837/3643 5224/1831/3639 5303/1836/3642
f 5347/1837/3643 5333/1838/3644 5224/1831/3639
f 5333/1838/3644 5225/1832/3640 5224/1831/3639
f 5333/1838/3644 5271/1834/3641 5225/1832/3640
f 5313/1839/3645 5271/1834/3641 5333/1838/3644
f 5351/1840/3646 5313/1839/3645 5333/1838/3644
f 5313/1839/3645 5351/1840/3646 5283/1841/3647
f 5340/1842/3648 5303/1836/3642 5271/1835/3641
f 5303/1836/3642 5340/1842/3648 5347/1837/3643
f 5340/1842/3648 5370/1843/3649 5347/1837/3643
f 5347/1837/3643 5370/1843/3649 5333/1838/3644
f 5370/1843/3649 5351/1840/3646 5333/1838/3644
f 5370/1843/3649 5348/1844/3650 5351/1840/3646
f 5348/1844/3650 5336/1845/3651 5351/1840/3646
f 5351/1840/3646 5336/1845/3651 5283/1841/3647
f 5226/1846/3652 5283/1841/3647 5336/1845/3651
f 5313/1847/3645 5340/1842/3648 5271/1835/3641
f 5340/1842/3648 5313/1847/3645 5311/1848/3653
f 5340/1842/3648 5311/1848/3653 5370/1843/3649
f 5311/1848/3653 5348/1844/3650 5370/1843/3649
f 5228/1849/3654 5348/1844/3650 5311/1848/3653
f 5348/1844/3650 5228/1849/3654 5336/1845/3651
f 5228/1849/3654 5242/1850/3655 5336/1845/3651
f 5242/1850/3655 5226/1846/3652 5336/1845/3651
f 5242/1850/3655 5059/1851/3656 5226/1846/3652
f 5059/1851/3656 5054/1852/3657 5226/1846/3652
f 5313/1847/3645 5283/1853/3647 5311/1848/3653
f 5207/1854/3658 5311/1848/3653 5283/1853/3647
f 5207/1854/3658 5228/1849/3654 5311/1848/3653
f 5228/1849/3654 5207/1854/3658 5057/1855/3659
f 5228/1849/3654 5057/1855/3659 5242/1850/3655
f 5057/1855/3659 5059/1851/3656 5242/1850/3655
f 5226/1856/3652 5207/1854/3658 5283/1853/3647
f 5207/1854/3658 5226/1856/3652 5052/1857/3660
f 5207/1854/3658 5052/1857/3660 5057/1855/3659
f 5226/1856/3652 5054/1858/3657 5052/1857/3660
s 4064
f 5096/1722/3530 5099/1720/3529 5098/1859/3661
f 5098/1859/3661 5099/1720/3529 5005/1719/3501
f 5007/1860/3500 5098/1859/3661 5005/1719/3501
f 5095/1861/3662 5098/1859/3661 5007/1860/3500
f 5095/1861/3662 5096/1722/3530 5098/1859/3661
s 0
f 5667/1862/2828 5648/1863/3663 5689/1864/2834
f 5689/1864/2834 5648/1863/3663 5668/1865/2836
f 5668/1865/2836 5648/1863/3663 5649/1866/2822
f 5649/1866/2822 5648/1863/3663 5634/1867/2823
f 5634/1867/2823 5648/1863/3663 5615/1868/2824
f 5615/1868/2824 5648/1863/3663 5633/1869/3664
f 5633/1869/3665 5648/1863/3663 5647/1870/2826
f 5647/1870/2826 5648/1863/3663 5667/1862/2828
f 5629/1871/3666 5659/1872/3667 5611/1873/2790
f 5611/1873/2790 5659/1872/3667 5627/1874/2788
f 5627/1874/2788 5659/1872/3667 5655/1875/2786
f 5655/1875/2786 5659/1872/3667 5670/1876/2842
f 5670/1876/2842 5659/1872/3667 5693/1877/2843
f 5693/1877/2843 5659/1872/3667 5672/1878/2806
f 5672/1878/2806 5659/1872/3667 5657/1879/2795
f 5657/1879/2795 5659/1872/3667 5629/1871/2793
s 4083
f 5678/1880/3668 5698/1881/3669 5675/1882/3670
f 5698/1881/3669 5695/1883/3671 5675/1882/3670
f 5695/1883/3671 5696/1884/3672 5675/1882/3670
f 5696/1884/3672 5676/1885/3673 5675/1882/3670
f 5676/1885/3673 5696/1884/3672 5697/1886/3674
f 5677/1887/3675 5676/1885/3673 5697/1886/3674
f 5680/1888/3676 5677/1887/3675 5697/1886/3674
f 5698/1881/3669 5678/1880/3668 5679/1889/3677
f 5699/1890/3678 5698/1881/3669 5679/1889/3677
f 5698/1881/3669 5699/1890/3678 5696/1884/3672
f 5698/1881/3669 5696/1884/3672 5695/1883/3671
f 5699/1890/3678 5679/1889/3677 5702/1891/3679
f 5699/1890/3678 5702/1891/3679 5700/1892/3680
f 5697/1886/3674 5699/1890/3678 5700/1892/3680
f 5699/1890/3678 5697/1886/3674 5696/1884/3672
f 5679/1889/3677 5682/1893/3681 5702/1891/3679
f 5682/1893/3681 5683/1894/3682 5702/1891/3679
f 5683/1894/3682 5703/1895/3683 5702/1891/3679
f 5700/1892/3680 5702/1891/3679 5703/1895/3683
f 5701/1896/3684 5700/1892/3680 5703/1895/3683
f 5700/1892/3680 5701/1896/3684 5680/1888/3676
f 5700/1892/3680 5680/1888/3676 5697/1886/3674
f 5703/1895/3683 5683/1894/3682 5704/1897/3685
f 5701/1896/3684 5703/1895/3683 5704/1897/3685
f 5681/1898/3686 5701/1896/3684 5704/1897/3685
f 5701/1896/3684 5681/1898/3686 5680/1888/3676
f 5683/1894/3682 5684/1899/3687 5704/1897/3685
f 5684/1899/3687 5681/1898/3686 5704/1897/3685
s 4084
f 5430/1864/2881 5474/1863/3688 5453/1862/2874
f 5453/1862/2874 5474/1863/3688 5475/1870/2868
f 5475/1870/2868 5474/1863/3688 5487/1869/2867
f 5487/1869/2867 5474/1863/3688 5501/1868/2861
f 5501/1868/2861 5474/1863/3688 5486/1867/2860
f 5486/1867/2860 5474/1863/3688 5473/1866/3689
f 5473/1866/3689 5474/1863/3688 5452/1865/2882
f 5452/1865/2882 5474/1863/3688 5430/1864/2881
s 4085
f 5506/1873/2854 5464/1872/3690 5489/1871/2869
f 5489/1871/2869 5464/1872/3690 5465/1879/2875
f 5465/1879/2875 5464/1872/3690 5448/1878/2883
f 5448/1878/2883 5464/1872/3690 5426/1877/2887
f 5426/1877/2887 5464/1872/3690 5449/1876/2892
f 5449/1876/2892 5464/1872/3690 5467/1875/2846
f 5467/1875/2846 5464/1872/3690 5491/1874/3691
f 5491/1874/3691 5464/1872/3690 5506/1873/2854
s 4086
f 5438/1880/3692 5435/1882/3670 5417/1881/3693
f 5435/1882/3670 5414/1883/3694 5417/1881/3693
f 5415/1884/3695 5417/1881/3693 5414/1883/3694
f 5415/1884/3695 5416/1886/3696 5417/1881/3693
f 5416/1886/3696 5418/1890/3697 5417/1881/3693
f 5418/1890/3697 5439/1889/3677 5417/1881/3693
f 5439/1889/3677 5438/1880/3692 5417/1881/3693
f 5414/1883/3694 5435/1882/3670 5415/1884/3695
f 5435/1882/3670 5436/1885/3698 5415/1884/3695
f 5416/1886/3696 5415/1884/3695 5436/1885/3698
f 5437/1887/3675 5416/1886/3696 5436/1885/3698
f 5416/1886/3696 5437/1887/3675 5440/1888/3676
f 5419/1892/3699 5416/1886/3696 5440/1888/3676
f 5416/1886/3696 5419/1892/3699 5421/1891/3700
f 5418/1890/3697 5416/1886/3696 5421/1891/3700
f 5418/1890/3697 5421/1891/3700 5439/1889/3677
f 5421/1891/3700 5442/1893/3681 5439/1889/3677
f 5442/1893/3681 5421/1891/3700 5443/1894/3682
f 5421/1891/3700 5422/1895/3701 5443/1894/3682
f 5422/1895/3701 5423/1897/3702 5443/1894/3682
f 5423/1897/3702 5444/1899/3687 5443/1894/3682
f 5419/1892/3699 5440/1888/3676 5420/1896/3703
f 5421/1891/3700 5419/1892/3699 5420/1896/3703
f 5422/1895/3701 5421/1891/3700 5420/1896/3703
f 5422/1895/3701 5420/1896/3703 5423/1897/3702
f 5423/1897/3702 5420/1896/3703 5441/1898/3686
f 5444/1899/3687 5423/1897/3702 5441/1898/3686
f 5440/1888/3676 5441/1898/3686 5420/1896/3703
s 4087
f 5505/1900/3704 5514/1901/3705 5557/1902/3706
f 5514/1901/3705 5559/1903/3707 5557/1902/3706
f 5557/1902/3706 5559/1903/3707 5600/1901/3708
f 5607/1900/3709 5557/1902/3706 5600/1901/3708
f 5607/1900/3709 5600/1901/3708 5622/1904/3710
f 5620/1905/3711 5607/1900/3709 5622/1904/3710
f 5496/1904/3712 5514/1901/3705 5505/1900/3704
f 5516/1906/3713 5514/1901/3705 5496/1904/3712
f 5514/1901/3705 5516/1906/3713 5559/1903/3707
f 5516/1906/3713 5561/1907/3714 5559/1903/3707
f 5559/1903/3707 5561/1907/3714 5598/1906/3715
f 5600/1901/3708 5559/1903/3707 5598/1906/3715
f 5600/1901/3708 5598/1906/3715 5622/1904/3710
f 5598/1906/3715 5644/1908/3716 5622/1904/3710
f 5635/1909/3717 5622/1904/3710 5644/1908/3716
f 5635/1909/3717 5620/1905/3711 5622/1904/3710
f 5496/1904/3712 5505/1900/3704 5483/1909/3718
f 5478/1908/3719 5496/1904/3712 5483/1909/3718
f 5478/1908/3719 5516/1906/3713 5496/1904/3712
f 5517/1910/3720 5516/1906/3713 5478/1908/3719
f 5516/1906/3713 5517/1910/3720 5561/1907/3714
f 5517/1910/3720 5562/1911/3721 5561/1907/3714
f 5561/1907/3714 5562/1911/3721 5597/1910/3722
f 5598/1906/3715 5561/1907/3714 5597/1910/3722
f 5598/1906/3715 5597/1910/3722 5644/1908/3716
f 5483/1909/3718 5505/1900/3704 5497/1912/3723
f 5482/1913/3724 5483/1909/3718 5497/1912/3723
f 5482/1913/3724 5472/1914/3725 5483/1909/3718
f 5472/1914/3725 5459/1915/3726 5483/1909/3718
f 5459/1915/3726 5478/1908/3719 5483/1909/3718
f 5462/1916/3727 5478/1908/3719 5459/1915/3726
f 5462/1916/3727 5517/1910/3720 5478/1908/3719
f 5482/1913/3724 5497/1912/3723 5508/1917/3728
f 5493/1918/3729 5482/1913/3724 5508/1917/3728
f 5472/1914/3725 5482/1913/3724 5493/1918/3729
f 5469/1919/3730 5472/1914/3725 5493/1918/3729
f 5456/1920/3731 5472/1914/3725 5469/1919/3730
f 5456/1920/3731 5459/1915/3726 5472/1914/3725
f 5456/1920/3731 5433/1921/3732 5459/1915/3726
f 5433/1921/3732 5462/1916/3727 5459/1915/3726
f 5462/1916/3727 5433/1921/3732 5460/1922/3733
f 5477/1923/3734 5462/1916/3727 5460/1922/3733
f 5462/1916/3727 5477/1923/3734 5517/1910/3720
f 5493/1918/3729 5508/1917/3728 5507/1924/3735
f 5490/1925/3736 5493/1918/3729 5507/1924/3735
f 5469/1919/3730 5493/1918/3729 5490/1925/3736
f 5466/1926/3737 5469/1919/3730 5490/1925/3736
f 5445/1927/3738 5469/1919/3730 5466/1926/3737
f 5445/1927/3738 5456/1920/3731 5469/1919/3730
f 5432/1928/3739 5456/1920/3731 5445/1927/3738
f 5432/1928/3739 5433/1921/3732 5456/1920/3731
f 5455/1929/3740 5433/1921/3732 5432/1928/3739
f 5455/1929/3740 5460/1922/3733 5433/1921/3732
f 5471/1930/3741 5460/1922/3733 5455/1929/3740
f 5471/1930/3741 5481/1931/3742 5460/1922/3733
f 5481/1931/3742 5484/1932/3743 5460/1922/3733
f 5477/1923/3734 5460/1922/3733 5484/1932/3743
f 5447/1933/3744 5445/1927/3738 5466/1926/3737
f 5424/1934/3745 5445/1927/3738 5447/1933/3744
f 5424/1934/3745 5432/1928/3739 5445/1927/3738
f 5455/1929/3740 5432/1928/3739 5424/1934/3745
f 5446/1935/3746 5455/1929/3740 5424/1934/3745
f 5455/1929/3740 5446/1935/3746 5470/1936/3747
f 5471/1930/3741 5455/1929/3740 5470/1936/3747
f 5471/1930/3741 5470/1936/3747 5494/1937/3748
f 5481/1931/3742 5471/1930/3741 5494/1937/3748
f 5481/1931/3742 5494/1937/3748 5508/1938/3728
f 5497/1939/3723 5481/1931/3742 5508/1938/3728
f 5481/1931/3742 5497/1939/3723 5484/1932/3743
f 5427/1940/3749 5424/1934/3745 5447/1933/3744
f 5446/1935/3746 5424/1934/3745 5427/1940/3749
f 5450/1941/3750 5446/1935/3746 5427/1940/3749
f 5446/1935/3746 5450/1941/3750 5468/1942/3751
f 5470/1936/3747 5446/1935/3746 5468/1942/3751
f 5470/1936/3747 5468/1942/3751 5492/1943/3752
f 5494/1937/3748 5470/1936/3747 5492/1943/3752
f 5494/1937/3748 5492/1943/3752 5507/1944/3735
f 5508/1938/3728 5494/1937/3748 5507/1944/3735
f 5497/1939/3723 5505/1945/3704 5484/1932/3743
f 5505/1945/3704 5495/1946/3753 5484/1932/3743
f 5495/1946/3753 5477/1923/3734 5484/1932/3743
f 5477/1923/3734 5495/1946/3753 5515/1947/3754
f 5477/1923/3734 5515/1947/3754 5517/1910/3720
f 5517/1910/3720 5515/1947/3754 5560/1948/3755
f 5562/1911/3721 5517/1910/3720 5560/1948/3755
f 5562/1911/3721 5560/1948/3755 5597/1910/3722
f 5495/1946/3753 5505/1945/3704 5513/1949/3756
f 5495/1946/3753 5513/1949/3756 5515/1947/3754
f 5515/1947/3754 5513/1949/3756 5558/1950/3757
f 5560/1948/3755 5515/1947/3754 5558/1950/3757
f 5560/1948/3755 5558/1950/3757 5599/1947/3758
f 5560/1948/3755 5599/1947/3758 5597/1910/3722
f 5597/1910/3722 5599/1947/3758 5645/1923/3759
f 5661/1916/3760 5597/1910/3722 5645/1923/3759
f 5597/1910/3722 5661/1916/3760 5644/1908/3716
f 5513/1949/3756 5505/1945/3704 5557/1951/3706
f 5558/1950/3757 5513/1949/3756 5557/1951/3706
f 5558/1950/3757 5557/1951/3706 5601/1952/3761
f 5558/1950/3757 5601/1952/3761 5599/1947/3758
f 5599/1947/3758 5601/1952/3761 5623/1946/3762
f 5645/1923/3759 5599/1947/3758 5623/1946/3762
f 5645/1923/3759 5623/1946/3762 5636/1932/3763
f 5662/1922/3764 5645/1923/3759 5636/1932/3763
f 5661/1916/3760 5645/1923/3759 5662/1922/3764
f 5685/1921/3765 5661/1916/3760 5662/1922/3764
f 5685/1921/3765 5663/1915/3766 5661/1916/3760
f 5663/1915/3766 5644/1908/3716 5661/1916/3760
f 5663/1915/3766 5635/1909/3717 5644/1908/3716
f 5557/1951/3706 5607/1945/3709 5601/1952/3761
f 5601/1952/3761 5607/1945/3709 5623/1946/3762
f 5623/1946/3762 5607/1945/3709 5620/1953/3711
f 5636/1932/3763 5623/1946/3762 5620/1953/3711
f 5636/1932/3763 5620/1953/3711 5621/1939/3767
f 5637/1931/3768 5636/1932/3763 5621/1939/3767
f 5662/1922/3764 5636/1932/3763 5637/1931/3768
f 5650/1930/3769 5662/1922/3764 5637/1931/3768
f 5665/1929/3770 5662/1922/3764 5650/1930/3769
f 5685/1921/3765 5662/1922/3764 5665/1929/3770
f 5687/1928/3771 5685/1921/3765 5665/1929/3770
f 5685/1921/3765 5687/1928/3771 5666/1920/3772
f 5663/1915/3766 5685/1921/3765 5666/1920/3772
f 5651/1914/3773 5663/1915/3766 5666/1920/3772
f 5635/1909/3717 5663/1915/3766 5651/1914/3773
f 5637/1931/3768 5621/1939/3767 5609/1938/3774
f 5624/1937/3775 5637/1931/3768 5609/1938/3774
f 5650/1930/3769 5637/1931/3768 5624/1937/3775
f 5652/1936/3776 5650/1930/3769 5624/1937/3775
f 5665/1929/3770 5650/1930/3769 5652/1936/3776
f 5674/1935/3777 5665/1929/3770 5652/1936/3776
f 5674/1935/3777 5694/1934/3778 5665/1929/3770
f 5694/1934/3778 5687/1928/3771 5665/1929/3770
f 5694/1934/3778 5673/1927/3779 5687/1928/3771
f 5673/1927/3779 5666/1920/3772 5687/1928/3771
f 5673/1927/3779 5653/1919/3780 5666/1920/3772
f 5653/1919/3780 5651/1914/3773 5666/1920/3772
f 5624/1937/3775 5609/1938/3774 5610/1944/3781
f 5626/1943/3782 5624/1937/3775 5610/1944/3781
f 5652/1936/3776 5624/1937/3775 5626/1943/3782
f 5654/1942/3783 5652/1936/3776 5626/1943/3782
f 5674/1935/3777 5652/1936/3776 5654/1942/3783
f 5669/1941/3784 5674/1935/3777 5654/1942/3783
f 5669/1941/3784 5692/1940/3785 5674/1935/3777
f 5692/1940/3785 5694/1934/3778 5674/1935/3777
f 5692/1940/3785 5671/1933/3786 5694/1934/3778
f 5671/1933/3786 5673/1927/3779 5694/1934/3778
f 5671/1933/3786 5656/1926/3787 5673/1927/3779
f 5656/1926/3787 5653/1919/3780 5673/1927/3779
f 5656/1926/3787 5628/1925/3788 5653/1919/3780
f 5628/1925/3788 5625/1918/3789 5653/1919/3780
f 5653/1919/3780 5625/1918/3789 5651/1914/3773
f 5625/1918/3789 5638/1913/3790 5651/1914/3773
f 5638/1913/3790 5635/1909/3717 5651/1914/3773
f 5620/1905/3711 5635/1909/3717 5638/1913/3790
f 5621/1912/3767 5620/1905/3711 5638/1913/3790
f 5609/1917/3774 5621/1912/3767 5638/1913/3790
f 5628/1925/3788 5610/1924/3781 5625/1918/3789
f 5610/1924/3781 5609/1917/3774 5625/1918/3789
f 5625/1918/3789 5609/1917/3774 5638/1913/3790
f 5628/1871/3788 5658/1872/3791 5610/1873/3781
f 5610/1873/3781 5658/1872/3791 5626/1874/3782
f 5626/1874/3782 5658/1872/3791 5654/1875/3783
f 5654/1875/3783 5658/1872/3791 5669/1876/3784
f 5669/1876/3784 5658/1872/3791 5692/1877/3785
f 5692/1877/3785 5658/1872/3791 5671/1878/3786
f 5671/1878/3786 5658/1872/3791 5656/1879/3787
f 5656/1879/3787 5658/1872/3791 5628/1871/3788
f 5507/1873/3735 5463/1872/3690 5490/1871/3736
f 5490/1871/3736 5463/1872/3690 5466/1879/3737
f 5466/1879/3737 5463/1872/3690 5447/1878/3744
f 5447/1878/3744 5463/1872/3690 5427/1877/3749
f 5427/1877/3749 5463/1872/3690 5450/1876/3750
f 5450/1876/3750 5463/1872/3690 5468/1875/3751
f 5468/1875/3751 5463/1872/3690 5492/1874/3752
f 5492/1874/3752 5463/1872/3690 5507/1873/3735
s 4088
f 5595/1954/3792 5593/1955/3793 5520/1956/3794
f 5518/1957/3795 5595/1954/3792 5520/1956/3794
f 5595/1954/3792 5518/1957/3795 5613/1958/3796
f 5612/1959/3797 5595/1954/3792 5613/1958/3796
f 5612/1959/3797 5618/1960/3798 5595/1954/3792
f 5618/1960/3798 5593/1955/3793 5595/1954/3792
f 5502/1961/3799 5518/1957/3795 5520/1956/3794
f 5518/1957/3795 5502/1961/3799 5613/1958/3796
f 5502/1961/3799 5503/1962/3800 5613/1958/3796
f 5614/1963/3801 5613/1958/3796 5503/1962/3800
f 5617/1964/3802 5613/1958/3796 5614/1963/3801
f 5617/1964/3802 5618/1960/3798 5613/1958/3796
f 5618/1960/3798 5612/1959/3797 5613/1958/3796
f 5498/1965/3803 5502/1961/3799 5520/1956/3794
f 5502/1961/3799 5498/1965/3803 5503/1962/3800
f 5498/1965/3803 5500/1966/3804 5503/1962/3800
f 5503/1962/3800 5500/1966/3804 5504/1967/3805
f 5519/1968/3806 5503/1962/3800 5504/1967/3805
f 5519/1968/3806 5596/1969/3807 5503/1962/3800
f 5596/1969/3807 5614/1963/3801 5503/1962/3800
f 5596/1969/3807 5594/1970/3808 5614/1963/3801
f 5594/1970/3808 5619/1971/3809 5614/1963/3801
f 5619/1971/3809 5617/1964/3802 5614/1963/3801
f 5500/1966/3804 5499/1972/3810 5504/1967/3805
f 5519/1968/3806 5504/1967/3805 5499/1972/3810
f 5521/1973/3811 5519/1968/3806 5499/1972/3810
f 5519/1968/3806 5521/1973/3811 5596/1969/3807
f 5521/1973/3811 5594/1970/3808 5596/1969/3807
f 5590/1974/3812 5594/1975/3808 5521/1976/3811
f 5524/1977/3813 5590/1974/3812 5521/1976/3811
f 5588/1978/3814 5590/1974/3812 5524/1977/3813
f 5590/1974/3812 5588/1978/3814 5604/1979/3815
f 5590/1974/3812 5604/1979/3815 5619/1980/3809
f 5594/1975/3808 5590/1974/3812 5619/1980/3809
f 5524/1977/3813 5521/1976/3811 5499/1981/3810
f 5510/1982/3816 5524/1977/3813 5499/1981/3810
f 5527/1983/3817 5524/1977/3813 5510/1982/3816
f 5527/1983/3817 5588/1978/3814 5524/1977/3813
f 5527/1983/3817 5522/1984/3818 5588/1978/3814
f 5522/1984/3818 5592/1985/3819 5588/1978/3814
f 5588/1978/3814 5592/1985/3819 5602/1986/3820
f 5604/1979/3815 5588/1978/3814 5602/1986/3820
f 5604/1979/3815 5602/1986/3820 5617/1987/3802
f 5619/1980/3809 5604/1979/3815 5617/1987/3802
f 5510/1982/3816 5499/1981/3810 5500/1988/3804
f 5512/1989/3821 5510/1982/3816 5500/1988/3804
f 5527/1983/3817 5510/1982/3816 5512/1989/3821
f 5522/1984/3818 5527/1983/3817 5512/1989/3821
f 5522/1984/3818 5512/1989/3821 5511/1990/3822
f 5528/1991/3823 5522/1984/3818 5511/1990/3822
f 5528/1991/3823 5587/1992/3824 5522/1984/3818
f 5587/1992/3824 5592/1985/3819 5522/1984/3818
f 5592/1985/3819 5587/1992/3824 5603/1993/3825
f 5602/1986/3820 5592/1985/3819 5603/1993/3825
f 5617/1987/3802 5602/1986/3820 5603/1993/3825
f 5618/1994/3798 5617/1987/3802 5603/1993/3825
f 5512/1989/3821 5500/1988/3804 5511/1990/3822
f 5500/1988/3804 5498/1995/3803 5511/1990/3822
f 5511/1990/3822 5498/1995/3803 5525/1996/3826
f 5528/1991/3823 5511/1990/3822 5525/1996/3826
f 5528/1991/3823 5525/1996/3826 5587/1992/3824
f 5525/1996/3826 5589/1997/3827 5587/1992/3824
f 5603/1993/3825 5587/1992/3824 5589/1997/3827
f 5603/1993/3825 5589/1997/3827 5618/1994/3798
f 5589/1997/3827 5593/1998/3793 5618/1994/3798
f 5520/1999/3794 5593/1998/3793 5589/1997/3827
f 5525/1996/3826 5520/1999/3794 5589/1997/3827
f 5498/1995/3803 5520/1999/3794 5525/1996/3826
s 4089
f 5461/2000/2915 5454/2001/3828 5458/2002/2916
f 5451/2003/2957 5458/2002/2916 5454/2001/3828
f 5431/2004/3829 5451/2003/2957 5454/2001/3828
f 5425/2005/2958 5451/2003/2957 5431/2004/3829
f 5425/2005/2958 5431/2004/3829 5429/2006/2960
f 5429/2006/2960 5431/2004/3829 5434/2007/2955
f 5457/2008/2956 5454/2001/3828 5461/2000/2915
f 5457/2008/2956 5434/2007/2955 5454/2001/3828
f 5431/2004/3829 5454/2001/3828 5434/2007/2955
s 4090
f 5485/2009/3830 5479/2000/2980 5488/2010/2985
f 5509/2011/3831 5485/2009/3830 5488/2010/2985
f 5509/2011/3831 5480/2012/2973 5485/2009/3830
f 5480/2012/2973 5476/2008/3832 5485/2009/3830
f 5485/2009/3830 5476/2008/3832 5479/2000/2980
s 4091
f 5533/2000/2988 5530/2001/3833 5532/2002/3834
f 5534/2003/3030 5532/2002/3834 5530/2001/3833
f 5531/2004/3835 5534/2003/3030 5530/2001/3833
f 5535/2005/3031 5534/2003/3030 5531/2004/3835
f 5535/2005/3031 5531/2004/3835 5529/2006/3033
f 5529/2006/3033 5531/2004/3835 5526/2007/3028
f 5523/2008/3029 5530/2001/3833 5533/2000/2988
f 5523/2008/3029 5526/2007/3028 5530/2001/3833
f 5531/2004/3835 5530/2001/3833 5526/2007/3028
s 4092
f 5540/2009/3836 5545/2000/3053 5542/2010/3058
f 5537/2011/3837 5540/2009/3836 5542/2010/3058
f 5537/2011/3837 5536/2012/3046 5540/2009/3836
f 5536/2012/3046 5538/2008/3838 5540/2009/3836
f 5540/2009/3836 5538/2008/3838 5545/2000/3053
s 4093
f 5550/2000/3839 5547/2001/3840 5549/2002/3062
f 5546/2003/3103 5549/2002/3062 5547/2001/3840
f 5543/2004/3841 5546/2003/3103 5547/2001/3840
f 5539/2005/3842 5546/2003/3103 5543/2004/3841
f 5539/2005/3842 5543/2004/3841 5541/2006/3106
f 5541/2006/3106 5543/2004/3841 5544/2007/3101
f 5548/2008/3102 5547/2001/3840 5550/2000/3839
f 5548/2008/3102 5544/2007/3101 5547/2001/3840
f 5543/2004/3841 5547/2001/3840 5544/2007/3101
s 4094
f 5554/2009/3843 5553/2000/3126 5555/2010/3131
f 5556/2011/3844 5554/2009/3843 5555/2010/3131
f 5556/2011/3844 5552/2012/3845 5554/2009/3843
f 5552/2012/3845 5551/2008/3846 5554/2009/3843
f 5554/2009/3843 5551/2008/3846 5553/2000/3126
s 4095
f 5568/2000/3134 5566/2001/3847 5569/2002/3135
f 5570/2003/3176 5569/2002/3135 5566/2001/3847
f 5567/2004/3848 5570/2003/3176 5566/2001/3847
f 5571/2005/3177 5570/2003/3176 5567/2004/3848
f 5571/2005/3177 5567/2004/3848 5565/2006/3179
f 5565/2006/3179 5567/2004/3848 5564/2007/3174
f 5563/2008/3175 5566/2001/3847 5568/2000/3134
f 5563/2008/3175 5564/2007/3174 5566/2001/3847
f 5567/2004/3848 5566/2001/3847 5564/2007/3174
s 4096
f 5579/2009/3849 5584/2000/3199 5583/2010/3204
f 5575/2011/3850 5579/2009/3849 5583/2010/3204
f 5575/2011/3850 5574/2012/3192 5579/2009/3849
f 5574/2012/3192 5578/2008/3851 5579/2009/3849
f 5579/2009/3849 5578/2008/3851 5584/2000/3199
s 4097
f 5586/2000/3207 5581/2001/3852 5585/2002/3208
f 5580/2003/3249 5585/2002/3208 5581/2001/3852
f 5576/2004/3853 5580/2003/3249 5581/2001/3852
f 5572/2005/3250 5580/2003/3249 5576/2004/3853
f 5572/2005/3250 5576/2004/3853 5573/2006/3252
f 5573/2006/3252 5576/2004/3853 5577/2007/3247
f 5582/2008/3248 5581/2001/3852 5586/2000/3207
f 5582/2008/3248 5577/2007/3247 5581/2001/3852
f 5576/2004/3853 5581/2001/3852 5577/2007/3247
s 4098
f 5608/2009/3854 5606/2000/3272 5616/2010/3277
f 5631/2011/3269 5608/2009/3854 5616/2010/3277
f 5631/2011/3269 5605/2012/3265 5608/2009/3854
f 5605/2012/3265 5591/2008/3855 5608/2009/3854
f 5608/2009/3854 5591/2008/3855 5606/2000/3272
s 4099
f 5710/2000/3856 5708/2001/3857 5715/2002/3858
f 5711/2003/3322 5715/2002/3858 5708/2001/3857
f 5706/2004/3859 5711/2003/3322 5708/2001/3857
f 5691/2005/3323 5711/2003/3322 5706/2004/3859
f 5691/2005/3323 5706/2004/3859 5707/2006/3325
f 5707/2006/3325 5706/2004/3859 5714/2007/3320
f 5709/2008/3321 5708/2001/3857 5710/2000/3856
f 5709/2008/3321 5714/2007/3320 5708/2001/3857
f 5706/2004/3859 5708/2001/3857 5714/2007/3320
s 4100
f 5717/2009/3860 5718/2000/3345 5720/2010/3350
f 5716/2011/3342 5717/2009/3860 5720/2010/3350
f 5716/2011/3342 5719/2012/3338 5717/2009/3860
f 5719/2012/3338 5713/2008/3861 5717/2009/3860
f 5717/2009/3860 5713/2008/3861 5718/2000/3345
s 4101
f 5660/2000/3353 5642/2001/3862 5646/2002/3354
f 5641/2003/3395 5646/2002/3354 5642/2001/3862
f 5639/2004/3863 5641/2003/3395 5642/2001/3862
f 5630/2005/3864 5641/2003/3395 5639/2004/3863
f 5630/2005/3864 5639/2004/3863 5632/2006/3865
f 5632/2006/3865 5639/2004/3863 5640/2007/3393
f 5643/2008/3394 5642/2001/3862 5660/2000/3353
f 5643/2008/3394 5640/2007/3393 5642/2001/3862
f 5639/2004/3863 5642/2001/3862 5640/2007/3393
s 4102
f 5690/2009/3866 5688/2000/3418 5705/2010/3423
f 5712/2011/3867 5690/2009/3866 5705/2010/3423
f 5712/2011/3867 5686/2012/3411 5690/2009/3866
f 5686/2012/3411 5664/2008/3868 5690/2009/3866
f 5690/2009/3866 5664/2008/3868 5688/2000/3418
s 4103
f 5409/2000/3426 5406/2001/3869 5402/2002/3427
f 5401/2003/3468 5402/2002/3427 5406/2001/3869
f 5404/2004/3870 5401/2003/3468 5406/2001/3869
f 5405/2005/3469 5401/2003/3468 5404/2004/3870
f 5405/2005/3469 5404/2004/3870 5400/2006/3471
f 5400/2006/3471 5404/2004/3870 5403/2007/3466
f 5407/2008/3871 5406/2001/3869 5409/2000/3426
f 5407/2008/3871 5403/2007/3466 5406/2001/3869
f 5404/2004/3870 5406/2001/3869 5403/2007/3466
s 4104
f 5413/2009/3872 5408/2000/3491 5412/2010/3496
f 5428/2011/3873 5413/2009/3872 5412/2010/3496
f 5428/2011/3873 5410/2012/3484 5413/2009/3872
f 5410/2012/3484 5411/2008/3874 5413/2009/3872
f 5413/2009/3872 5411/2008/3874 5408/2000/3491
s 0
f 5726/2013/3875 5729/2014/3876 5730/2015/3877
f 5728/2016/3878 5726/2013/3875 5730/2015/3877
f 5727/2017/3879 5726/2013/3875 5728/2016/3878
f 5724/2018/3880 5726/2013/3875 5727/2017/3879
f 5725/2019/3881 5724/2018/3880 5727/2017/3879
f 5723/2020/3882 5724/2018/3880 5725/2019/3881
f 5722/2021/3883 5723/2020/3882 5725/2019/3881
f 5721/2022/3884 5723/2020/3882 5722/2021/3883
f 5732/2023/3885 5733/2024/3886 5731/2025/3887
f 5736/1428/2686 5738/2026/3888 5734/1447/2707
f 5738/2026/3888 5735/2027/3889 5734/1447/2707
f 5734/1447/2707 5735/2027/3889 5737/1501/2762
f 5740/2028/3890 5739/2022/3884 5741/2021/3883
f 5742/1439/3891 5744/1516/2785 5747/1440/3892
f 5749/1399/2659 5744/1516/2785 5742/1439/3893
f 5745/1406/3894 5749/1399/3895 5742/1439/3893
f 5745/1406/2664 5743/2029/3896 5749/1399/3897
f 5743/2029/3898 5746/2030/3899 5749/1399/2659
f 5749/1399/2659 5746/2030/3899 5751/2031/3900
f 5749/1399/2659 5751/2031/3900 5752/1400/2660
f 5751/2031/3900 5748/2032/3901 5752/1400/2660
f 5748/2032/3902 5750/1435/2693 5752/1400/2660
f 5758/2033/3903 5755/2034/3904 5756/2035/3905
f 5755/2034/3904 5753/2036/3906 5756/2035/3905
f 5753/2036/3906 5754/1475/2739 5756/2035/3905
f 5757/1468/2733 5756/2035/3905 5754/1475/2739
f 5760/1501/2762 5761/1441/2700 5759/1443/2760
f 5762/2037/3907 5763/2038/3908 5764/2023/3909
f 5784/1473/2737 5782/1500/2718 5783/1444/2736
f 5780/1429/2687 5779/2039/3910 5781/2040/3911
f 5780/1429/2687 5778/1434/2692 5779/2039/3910
f 5778/1434/2692 5777/2041/3912 5779/2039/3910
f 5776/2042/3913 5779/2039/3910 5777/2041/3912
f 5775/2043/3914 5776/2042/3913 5777/2041/3912
f 5775/2043/3914 5777/2041/3912 5773/2044/3915
f 5775/2043/3914 5773/2044/3915 5772/2045/3916
f 5773/2044/3915 5769/2046/3917 5772/2045/3916
f 5769/2046/3917 5770/2047/3918 5772/2045/3916
f 5778/1434/2692 5774/1487/2751 5777/2041/3912
f 5774/1487/2751 5773/2044/3915 5777/2041/3912
f 5771/1488/2752 5773/2044/3915 5774/1487/2751
f 5769/2046/3917 5773/2044/3915 5771/1488/2752
f 5768/1489/2753 5769/2046/3917 5771/1488/2752
f 5768/1489/2753 5767/1490/2754 5769/2046/3917
f 5767/1490/2754 5765/2048/3919 5769/2046/3917
f 5769/2046/3917 5765/2048/3919 5766/2049/3920
f 5770/2047/3918 5769/2046/3917 5766/2049/3920
f 5788/1469/2734 5787/2033/3875 5785/2035/3905
f 5785/2035/3905 5786/1468/2733 5788/1469/2734
f 5790/2050/3876 5789/2051/3921 5791/2052/3877
f 5794/1406/2664 5792/1439/3893 5793/1407/2665
f 5795/1393/2650 5796/2048/3919 5797/1490/2754
f 5803/2053/3922 5802/2054/3876 5798/2033/3875
f 5800/1469/2734 5803/2053/3922 5798/2033/3875
f 5800/1469/2734 5801/1456/2718 5803/2053/3922
f 5800/1469/2734 5799/1457/2719 5801/1456/2718
f 5805/2055/3923 5804/2056/3924 5806/2057/3925
f 5816/2058/3926 5815/2049/3920 5814/2059/3927
f 5810/2060/3925 5813/2061/3928 5812/2030/3899
f 5807/2029/3898 5810/2060/3925 5812/2030/3899
f 5810/2060/3925 5807/2029/3898 5809/2062/3923
f 5807/2029/3898 5808/2063/3929 5809/2062/3923
f 5807/2029/3898 5811/1406/2664 5808/2063/3929
f 5819/2045/3916 5818/2064/3930 5820/2065/3931
f 5819/2045/3916 5817/2047/3918 5818/2064/3930
f 5827/2066/3932 5825/2067/3933 5826/2068/3934
f 5827/2066/3932 5824/2040/3911 5825/2067/3935
f 5824/2040/3911 5822/2069/3936 5825/2067/3935
f 5824/2040/3911 5823/2039/3910 5822/2069/3936
f 5823/2039/3910 5821/2042/3913 5822/2069/3936
f 5829/2070/3923 5828/2071/3929 5830/2072/3908
f 5831/2071/3929 5833/1410/3937 5835/2072/3908
f 5831/2071/3929 5832/1494/2664 5833/1410/2670
f 5833/1410/2670 5832/1494/2664 5834/1408/2668
f 5842/1438/2696 5838/1435/2693 5837/2032/3902
f 5841/2073/3938 5842/1438/2696 5837/2032/3902
f 5841/2073/3938 5843/2074/3939 5842/1438/2696
f 5845/2075/3940 5843/2074/3939 5841/2073/3938
f 5845/2075/3940 5846/2076/3941 5843/2074/3939
f 5843/2074/3939 5846/2076/3941 5844/2077/3942
f 5846/2076/3941 5847/2078/3943 5844/2077/3942
f 5849/2048/3919 5844/2077/3942 5847/2078/3943
f 5849/2048/3919 5848/1393/2650 5844/2077/3942
f 5839/2031/3900 5841/2073/3938 5837/2032/3902
f 5836/2030/3899 5841/2073/3938 5839/2031/3900
f 5840/2079/3944 5841/2073/3938 5836/2030/3899
f 5845/2075/3940 5841/2073/3938 5840/2079/3944
f 5854/2080/3945 5851/2072/3908 5852/2081/3946
f 5851/2072/3908 5850/1410/2670 5852/2081/3946
f 5853/1409/2669 5852/2081/3946 5850/1410/2670
f 5857/2047/3918 5855/2049/3920 5856/2058/3926
f 5861/2038/3908 5860/2082/3947 5858/2083/3924
f 5859/2084/3923 5861/2038/3908 5858/2083/3924
f 5862/1438/2696 5863/2074/3939 5864/1392/2649
f 5863/2074/3939 5865/2077/3942 5864/1392/2649
f 5866/1393/2650 5864/1392/2649 5865/2077/3942
f 5871/2085/3948 5872/2086/3949 5870/1492/2756
f 5872/2086/3886 5869/2080/3885 5870/1492/2756
f 5869/2080/3885 5867/2081/3946 5870/1492/2756
f 5867/2081/3946 5868/1409/2669 5870/1492/2756
f 5873/1516/2785 5874/1399/2659 5875/1401/2779
f 5881/2087/3950 5879/2086/3886 5880/1485/2747
f 5878/2085/3948 5880/1485/2747 5879/2086/3951
f 5878/2085/3952 5877/1484/2746 5880/1485/2747
f 5877/1484/2746 5878/2085/3948 5876/1492/2756
f 5883/2088/3953 5882/2024/3886 5884/2022/3884
f 5885/2028/3890 5883/2088/3953 5884/2022/3884
f 5889/2087/3884 5886/1485/2747 5888/1480/3954
f 5888/1480/2742 5886/1485/2747 5887/1479/2741
f 5893/2036/3906 5891/2087/3884 5894/1475/2739
f 5891/2087/3884 5890/1480/2742 5894/1475/2739
f 5892/1474/2738 5894/1475/2739 5890/1480/2742
f 5898/1428/2686 5895/1429/3955 5899/2026/3888
f 5895/1429/2687 5896/2040/3911 5899/2026/3956
f 5899/2026/3888 5896/2040/3911 5897/2027/3889
f 5904/2042/3913 5903/2043/3914 5901/2089/3957
f 5903/2043/3914 5902/2065/3958 5901/2089/3957
f 5902/2065/3958 5903/2043/3914 5900/2045/3916
f 5907/2068/3934 5912/2090/3921 5910/2066/3932
f 5912/2090/3921 5916/2091/3959 5910/2066/3932
f 5908/1501/2762 5910/2066/3932 5916/2091/3960
f 5906/2027/3889 5910/2066/3932 5908/1501/2762
f 5906/2027/3889 5905/2040/3911 5910/2066/3932
f 5916/2091/3959 5912/2090/3921 5913/2092/3876
f 5915/2093/3922 5916/2091/3959 5913/2092/3876
f 5915/2093/3922 5911/1500/2718 5916/2091/3959
f 5908/1501/2762 5916/2091/3959 5911/1500/3961
f 5908/1501/3962 5911/1500/2718 5917/1473/2737
f 5914/1441/2700 5908/1501/2762 5917/1473/2737
f 5909/1442/2701 5914/1441/2700 5917/1473/2737
f 5921/2076/3941 5924/2094/3963 5922/2078/3964
f 5924/2094/3965 5923/2059/3927 5922/2078/3964
f 5922/2078/3964 5923/2059/3927 5926/2049/3920
f 5925/2048/3919 5922/2078/3966 5926/2049/3920
f 5919/2061/3928 5920/2079/3944 5918/2030/3899
f 5929/2015/3877 5931/2095/3967 5928/2016/3878
f 5931/2095/3967 5933/2096/3968 5928/2016/3878
f 5928/2016/3878 5933/2096/3968 5927/2017/3879
f 5933/2096/3968 5932/2097/3969 5927/2017/3879
f 5932/2097/3969 5930/2098/3970 5927/2017/3879
f 5937/2099/3971 5935/2075/3940 5934/2079/3944
f 5937/2099/3971 5939/2100/3972 5935/2075/3940
f 5939/2100/3972 5938/2094/3973 5935/2075/3940
f 5938/2094/3973 5936/2076/3941 5935/2075/3940
f 5940/2095/3967 5943/2101/3974 5942/2096/3968
f 5943/2101/3974 5945/2102/3975 5942/2096/3968
f 5942/2096/3968 5945/2102/3975 5944/2103/3976
f 5942/2096/3968 5944/2103/3976 5941/2097/3969
f 5948/2104/3977 5947/2105/3978 5946/2106/3979
f 5950/2082/3947 5947/2105/3978 5948/2104/3977
f 5949/2083/3924 5950/2082/3947 5948/2104/3977
f 5952/2024/3886 5953/2088/3953 5951/2025/3887
f 5961/2107/3980 5960/2108/3928 5959/2109/3981
f 5960/2108/3928 5958/2057/3925 5959/2109/3981
f 5958/2057/3925 5955/2110/3982 5959/2109/3981
f 5957/2056/3924 5955/2110/3982 5958/2057/3925
f 5954/2111/3983 5955/2110/3982 5957/2056/3924
f 5956/2112/3977 5954/2111/3983 5957/2056/3924
f 5962/2037/3907 5964/2023/3885 5963/2025/3887
f 5968/2051/3921 5970/2113/3984 5969/2052/3877
f 5967/2114/3985 5970/2113/3984 5968/2051/3921
f 5967/2114/3985 5968/2051/3921 5966/2115/3934
f 5967/2114/3985 5966/2115/3934 5965/2116/3986
f 5979/2117/3987 5977/2118/3967 5976/2052/3877
f 5978/2113/3984 5979/2117/3987 5976/2052/3877
f 5978/2113/3984 5975/2119/3988 5979/2117/3987
f 5978/2113/3984 5974/2114/3985 5975/2119/3988
f 5975/2119/3988 5974/2114/3985 5972/2120/3989
f 5972/2120/3990 5974/2114/3985 5973/2116/3986
f 5971/2121/3991 5972/2120/3990 5973/2116/3986
f 5981/2122/3992 5980/2123/3993 5982/2105/3978
f 5983/2124/3994 5981/2122/3992 5982/2105/3978
f 5983/2124/3994 5982/2105/3978 5985/2037/3907
f 5982/2105/3978 5984/2082/3947 5985/2037/3995
f 5984/2082/3947 5986/2038/3908 5985/2037/3907
f 5988/2047/3918 5989/2125/3996 5990/2064/3930
f 5989/2125/3997 5988/2047/3918 5987/2058/3926
f 5993/2126/3980 5992/2079/3944 5991/2061/3928
f 5994/2099/3971 5992/2079/3944 5993/2126/3980
f 5995/2127/3998 5994/2099/3971 5993/2126/3980
f 6001/2128/3999 5994/2099/3971 5995/2127/3998
f 5994/2099/3971 6001/2128/3999 5998/2100/3972
f 6001/2128/3999 6000/2129/4000 5998/2100/3972
f 5998/2100/3972 6000/2129/4000 5999/2058/3926
f 5998/2100/3972 5999/2058/3926 5997/2094/3965
f 5997/2094/3973 5999/2058/3926 5996/2059/3927
f 6005/2107/3980 6006/2130/4001 6007/2131/3998
f 6005/2107/3980 6004/2109/3981 6006/2130/4001
f 6006/2130/4001 6004/2109/3981 6003/2132/4002
f 6003/2132/4003 6004/2109/3981 6002/2110/3982
f 6010/2133/4004 6009/2128/3999 6008/2127/3998
f 6013/2068/3934 6012/2067/3935 6011/2134/3986
f 6015/2042/3913 6014/2089/3957 6016/2069/3936
f 6026/2135/4005 6020/2128/3999 6025/2136/3991
f 6026/2135/4005 6022/2137/4006 6020/2128/3999
f 6022/2137/4006 6019/2129/4000 6020/2128/3999
f 6019/2129/4000 6022/2137/4006 6021/2064/3930
f 6018/2125/4007 6019/2129/4000 6021/2064/3930
f 6019/2129/4000 6018/2125/3996 6017/2058/3926
f 6026/2135/4005 6025/2136/3991 6028/2134/3986
f 6029/2067/3935 6026/2135/4005 6028/2134/3986
f 6027/2069/3936 6026/2135/4005 6029/2067/3935
f 6027/2069/3936 6022/2137/4006 6026/2135/4005
f 6023/2089/3957 6022/2137/4006 6027/2069/3936
f 6023/2089/3957 6021/2064/3930 6022/2137/4006
f 6021/2064/3930 6023/2089/3957 6024/2065/3931
f 6030/2138/4008 6031/1037/4009 6033/1038/4010
f 6033/1038/2464 6032/2139/2515 6030/2138/4008
f 6039/1314/1754 6040/1333/1772 6038/2140/4011
f 6039/1314/1754 6038/2140/4011 6037/2141/4012
f 6038/2140/4011 6036/2142/4013 6037/2141/4012
f 6034/2143/4014 6037/2141/4012 6036/2142/4013
f 6037/2141/4012 6034/2143/4014 6035/2144/4015
f 6043/1033/4016 6042/1085/1468 6041/1027/4017
f 6056/1333/1772 6059/1334/1773 6058/2145/4018
f 6058/2145/4018 6055/2146/4019 6056/1333/1772
f 6055/2146/4019 6052/2147/4020 6056/1333/1772
f 6052/2147/4020 6051/2140/4011 6056/1333/1772
f 6049/2148/4021 6051/2140/4011 6052/2147/4020
f 6047/2142/4013 6051/2140/4011 6049/2148/4021
f 6047/2142/4013 6049/2148/4021 6046/2149/4022
f 6044/2150/4023 6047/2142/4013 6046/2149/4022
f 6044/2150/4023 6045/2143/4014 6047/2142/4013
f 6058/2145/4018 6059/1334/1773 6061/1345/2438
f 6058/2145/4018 6061/1345/2438 6060/1347/2440
f 6058/2145/4018 6060/1347/2440 6057/2151/4024
f 6055/2146/4019 6058/2145/4018 6057/2151/4024
f 6054/2152/4025 6055/2146/4019 6057/2151/4024
f 6055/2146/4019 6054/2152/4025 6053/2153/4026
f 6052/2147/4020 6055/2146/4019 6053/2153/4026
f 6053/2153/4026 6050/2154/4027 6052/2147/4020
f 6052/2147/4020 6050/2154/4027 6049/2148/4021
f 6050/2154/4027 6048/2155/4028 6049/2148/4021
f 6048/2155/4028 6046/2149/4022 6049/2148/4021
f 6084/1346/4029 6082/2156/2465 6083/1347/2440
f 6082/2156/4009 6079/2157/4030 6083/1347/2440
f 6081/2151/4024 6083/1347/2440 6079/2157/4030
f 6074/2158/4031 6081/2151/4024 6079/2157/4030
f 6081/2151/4024 6074/2158/4031 6077/2152/4025
f 6077/2152/4025 6074/2158/4031 6071/2159/4032
f 6072/2153/4026 6077/2152/4025 6071/2159/4032
f 6071/2159/4032 6068/2160/4033 6072/2153/4026
f 6068/2160/4033 6069/2154/4027 6072/2153/4026
f 6068/2160/4033 6065/2161/4034 6069/2154/4027
f 6065/2161/4034 6066/2155/4028 6069/2154/4027
f 6065/2161/4034 6062/2162/4035 6066/2155/4028
f 6066/2155/4028 6062/2162/4035 6063/2149/4022
f 6079/2157/4030 6082/2156/4009 6078/2163/4036
f 6078/2163/4036 6075/2117/3987 6079/2157/4030
f 6075/2117/3987 6074/2158/4031 6079/2157/4030
f 6070/2119/3988 6074/2158/4031 6075/2117/3987
f 6071/2159/4032 6074/2158/4031 6070/2119/3988
f 6068/2160/4033 6071/2159/4032 6070/2119/3988
f 6067/2120/3990 6068/2160/4033 6070/2119/3988
f 6068/2160/4033 6067/2120/3990 6065/2161/4034
f 6067/2120/3990 6064/2164/4037 6065/2161/4034
f 6064/2164/4037 6062/2162/4035 6065/2161/4034
f 6082/2156/4009 6080/2165/4008 6078/2163/4036
f 6076/2166/3974 6078/2163/4036 6080/2165/4038
f 6078/2163/4036 6076/2166/3974 6073/2118/3967
f 6075/2117/3987 6078/2163/4036 6073/2118/3967
f 6088/2164/4037 6090/2120/3990 6089/2121/3991
f 6088/2164/4037 6089/2121/3991 6085/2167/4004
f 6086/2168/4039 6088/2164/4037 6085/2167/4004
f 6088/2164/4037 6086/2168/4039 6087/2162/4035
f 6091/2169/4016 6093/2106/3979 6092/2123/3993
f 6094/2105/3978 6092/2123/3993 6093/2106/3979
f 6101/1320/1760 6102/1/1 6097/3/3
f 6098/7/8 6101/1320/1760 6097/3/3
f 6100/2170/4040 6101/1320/1760 6098/7/8
f 6099/2171/4041 6100/2170/4040 6098/7/8
f 6099/2171/4041 6098/7/8 6096/6/7
f 6095/2172/4042 6099/2171/4041 6096/6/7
f 6104/2173/4043 6105/2106/3979 6103/2169/4016
f 6107/2174/4044 6106/2088/3953 6108/2028/3890
f 6109/2175/4045 6107/2174/4044 6108/2028/3890
f 6110/2176/4046 6109/2175/4045 6108/2028/3890
f 6114/1090/1478 6113/1093/1469 6111/2177/4047
f 6116/2122/3992 6114/1090/1478 6111/2177/1468
f 6116/2122/3992 6118/2178/4048 6114/1090/1478
f 6117/2124/3994 6118/2178/4048 6116/2122/3992
f 6117/2124/3994 6119/2037/3907 6118/2178/4048
f 6119/2037/3907 6120/2179/4049 6118/2178/4048
f 6119/2037/3907 6121/2025/3887 6120/2179/4049
f 6121/2025/3887 6122/2088/3953 6120/2179/4049
f 6122/2088/3953 6123/2174/4044 6120/2179/4049
f 6111/2177/4047 6112/2169/4016 6116/2122/3992
f 6112/2169/4016 6115/2123/3993 6116/2122/3992
f 6135/341/683 6136/357/702 6143/2180/4050
f 6136/357/702 6142/2181/4051 6143/2180/4052
f 6143/2180/4050 6142/2181/4051 6147/6/7
f 6148/5/6 6143/2180/4050 6147/6/7
f 6148/5/6 6149/4/4 6143/2180/4050
f 6132/356/4053 6128/355/687 6129/2182/4054
f 6133/2183/4055 6132/356/4053 6129/2182/4054
f 6138/2184/4056 6132/356/4057 6133/2183/4058
f 6138/2184/4056 6136/357/702 6132/356/4057
f 6142/2181/4051 6136/357/702 6138/2184/4056
f 6141/2185/4059 6142/2181/4051 6138/2184/4056
f 6147/6/7 6142/2181/4051 6141/2185/4059
f 6146/2172/4042 6147/6/7 6141/2185/4059
f 6146/2172/4042 6141/2185/4059 6139/2186/4060
f 6145/2187/4061 6146/2172/4042 6139/2186/4060
f 6129/2182/4054 6128/355/687 6126/2188/686
f 6126/2188/686 6124/1091/1475 6129/2182/4054
f 6129/2182/4054 6124/1091/1475 6127/2189/4062
f 6130/2190/4063 6129/2182/4054 6127/2189/4062
f 6133/2183/4058 6129/2182/4054 6130/2190/4063
f 6137/2191/4064 6133/2183/4058 6130/2190/4063
f 6138/2184/4056 6133/2183/4058 6137/2191/4064
f 6141/2185/4059 6138/2184/4056 6137/2191/4064
f 6139/2186/4060 6141/2185/4059 6137/2191/4064
f 6139/2186/4060 6137/2191/4064 6134/2179/4049
f 6140/2174/4044 6139/2186/4060 6134/2179/4049
f 6145/2187/4061 6139/2186/4060 6140/2174/4044
f 6144/2175/4045 6145/2187/4061 6140/2174/4044
f 6144/2175/4045 6150/2176/4046 6145/2187/4061
f 6127/2189/4062 6124/1091/1475 6125/1090/1478
f 6131/2178/4065 6127/2189/4062 6125/1090/1478
f 6131/2178/4048 6130/2190/4063 6127/2189/4062
f 6134/2179/4049 6130/2190/4063 6131/2178/4048
f 6137/2191/4064 6130/2190/4063 6134/2179/4049
f 6154/1268/1677 6156/1260/1674 6155/1259/4066
f 6153/2192/4067 6154/1268/1677 6155/1259/1673
f 6153/2192/4067 6152/353/1605 6154/1268/1677
f 6152/353/695 6151/1203/4068 6154/1268/1677
f 6158/2193/4069 6157/1280/4070 6160/2194/4071
f 6157/1280/4070 6163/2195/4072 6160/2194/4071
f 6157/1280/4070 6162/1282/1690 6163/2195/4072
f 6161/1285/4073 6163/2195/4072 6162/1282/4074
f 6160/2196/4071 6163/2195/4072 6161/1285/4073
f 6160/2196/4071 6161/1285/4073 6159/2197/4075
f 6158/2198/4076 6160/2196/4071 6159/2197/4075
f 6158/2198/4077 6159/2197/4075 6157/2199/4070
f 6168/2200/4078 6169/2201/4079 6167/2202/4080
f 6167/2202/4080 6169/2201/4079 6165/1290/1703
f 6169/2201/4079 6166/2203/4081 6165/1290/1703
f 6166/2203/4081 6164/1289/1682 6165/1290/1703
f 6172/2204/4082 6173/1287/4083 6170/2205/4084
f 6172/2204/4085 6176/2200/4078 6173/1287/4083
f 6176/2200/4078 6175/2202/4080 6173/1287/4083
f 6173/1287/4083 6175/2202/4080 6174/1290/1703
f 6171/1286/1697 6173/1287/4083 6174/1290/1703
f 6179/2180/4050 6178/342/684 6177/341/683
f 6180/4/4 6178/342/684 6179/2180/4050
f 6184/2206/4079 6183/2207/4078 6182/1272/4081
f 6183/2207/4086 6181/1273/1679 6182/1272/4081
f 6187/2208/4087 6186/329/670 6188/2144/4015
f 6186/329/670 6187/2208/4087 6185/323/664
f 6195/2098/3970 6193/2209/4088 6194/2017/3879
f 6193/2209/4088 6192/2019/3881 6194/2017/3879
f 6192/2019/3881 6193/2209/4088 6191/2021/3883
f 6193/2209/4088 6190/2176/4046 6191/2021/3883
f 6191/2021/3883 6190/2176/4046 6189/2028/3890
f 6202/2143/4014 6200/2208/4087 6203/2144/4015
f 6201/2210/4089 6200/2208/4087 6202/2143/4014
f 6200/2208/4087 6201/2210/4089 6199/2211/4090
f 6198/323/664 6200/2208/4087 6199/2211/4090
f 6199/2211/4090 6197/2212/4091 6198/323/664
f 6198/323/664 6197/2212/4091 6196/324/665
f 6230/2150/4023 6222/2210/4089 6231/2143/4014
f 6224/2213/4092 6222/2210/4089 6230/2150/4023
f 6224/2213/4092 6218/2214/4093 6222/2210/4089
f 6218/2214/4093 6214/2211/4090 6222/2210/4089
f 6213/2215/4094 6214/2211/4090 6218/2214/4093
f 6207/2212/4091 6214/2211/4090 6213/2215/4094
f 6207/2212/4091 6213/2215/4094 6208/2216/4095
f 6207/2212/4091 6208/2216/4095 6205/2217/4096
f 6205/2217/4096 6204/2218/1419 6207/2212/4091
f 6204/2218/1419 6206/324/665 6207/2212/4091
f 6229/2219/4097 6224/2213/4092 6230/2150/4023
f 6224/2213/4092 6229/2219/4097 6225/2220/4098
f 6224/2213/4092 6225/2220/4098 6219/2221/4099
f 6218/2214/4093 6224/2213/4092 6219/2221/4099
f 6218/2214/4093 6219/2221/4099 6215/2222/4100
f 6213/2215/4094 6218/2214/4093 6215/2222/4100
f 6213/2215/4094 6215/2222/4100 6210/2223/4101
f 6208/2216/4095 6213/2215/4094 6210/2223/4101
f 6229/2219/4097 6230/2150/4023 6233/2149/4022
f 6233/2149/4022 6232/2162/4035 6229/2219/4097
f 6232/2162/4035 6228/2224/4102 6229/2219/4097
f 6229/2219/4097 6228/2224/4102 6225/2220/4098
f 6228/2224/4102 6227/2168/4039 6225/2220/4098
f 6225/2220/4098 6227/2168/4039 6223/2225/4103
f 6220/2226/4104 6225/2220/4098 6223/2225/4103
f 6219/2221/4099 6225/2220/4098 6220/2226/4104
f 6215/2222/4100 6219/2221/4099 6220/2226/4104
f 6216/2227/4105 6215/2222/4100 6220/2226/4104
f 6210/2223/4101 6215/2222/4100 6216/2227/4105
f 6232/2162/4035 6227/2168/4039 6228/2224/4102
f 6227/2168/4039 6226/2167/4004 6223/2225/4103
f 6226/2167/4004 6221/2131/3998 6223/2225/4103
f 6221/2131/3998 6217/2130/4001 6223/2225/4106
f 6220/2226/4104 6223/2225/4103 6217/2130/4001
f 6216/2227/4105 6220/2226/4104 6217/2130/4001
f 6212/2132/4002 6216/2227/4105 6217/2130/4001
f 6212/2132/4002 6211/2228/4107 6216/2227/4105
f 6211/2228/4107 6210/2223/4101 6216/2227/4105
f 6209/2229/4108 6210/2223/4101 6211/2228/4107
f 6209/2229/4108 6208/2216/4095 6210/2223/4101
f 6240/2103/3976 6235/2098/3970 6237/2097/3969
f 6242/1385/2546 6235/2098/3970 6240/2103/3976
f 6242/1385/2546 6239/1389/2548 6235/2098/3970
f 6239/1389/2548 6236/2230/4109 6235/2098/3970
f 6235/2098/3970 6236/2230/4109 6234/2209/4088
f 6241/2102/3975 6238/2101/3974 6243/2231/2515
f 6240/2103/3976 6241/2102/3975 6243/2231/2515
f 6244/1386/2517 6240/2103/3976 6243/2231/2515
f 6242/1385/2546 6240/2103/3976 6244/1386/2517
f 6248/2138/4043 6246/2139/4016 6245/1038/1406
f 6245/1038/1406 6247/1037/1414 6248/2138/4043
f 6252/1389/2548 6255/1388/2547 6250/1328/4110
f 6252/1389/2548 6250/1328/1770 6249/2230/4109
f 6256/2231/2515 6251/2101/3974 6254/2232/4008
f 6250/1328/1770 6255/1388/2547 6253/1327/1769
f 6262/1317/1757 6261/2233/4111 6264/1328/1770
f 6264/1328/1770 6261/2233/4111 6263/2230/4109
f 6261/2233/4111 6259/2234/4112 6263/2230/4109
f 6260/2209/4088 6263/2230/4109 6259/2234/4112
f 6260/2209/4088 6259/2234/4112 6258/2235/4113
f 6257/2176/4046 6260/2209/4088 6258/2235/4113
f 6269/2192/4067 6271/1259/1673 6270/2236/4114
f 6268/2237/4115 6269/2192/4067 6270/2236/4114
f 6268/2237/4115 6267/2238/4116 6269/2192/4067
f 6267/2238/4116 6266/353/1605 6269/2192/4067
f 6267/2238/4116 6265/349/691 6266/353/1605
f 6276/2207/4078 6274/2239/4082 6273/1273/4117
f 6274/2239/4082 6272/2205/4084 6273/1273/4117
f 6273/1273/1679 6272/2205/4084 6275/1287/4083
f 6279/357/702 6277/340/682 6278/356/4053
f 6287/1320/1760 6285/2170/4040 6289/1317/1757
f 6288/2233/4111 6289/1317/1757 6285/2170/4040
f 6286/2234/4112 6288/2233/4111 6285/2170/4040
f 6286/2234/4112 6285/2170/4040 6282/2171/4041
f 6284/2235/4113 6286/2234/4112 6282/2171/4041
f 6282/2171/4041 6281/2172/4042 6284/2235/4113
f 6281/2172/4042 6280/2187/4061 6284/2235/4113
f 6283/2176/4046 6284/2235/4113 6280/2187/4061
f 6296/2240/4118 6297/2111/4119 6299/2112/3977
f 6295/2241/4120 6297/2111/3983 6296/2240/4118
f 6295/2241/4120 6298/2242/4121 6297/2111/3983
f 6295/2241/4120 6294/2243/4122 6298/2242/4121
f 6295/2241/4120 6291/2244/4123 6294/2243/4122
f 6294/2243/4122 6291/2244/4123 6293/2217/4096
f 6291/2244/4123 6290/2245/1418 6293/2217/4096
f 6290/2245/1418 6292/2218/1419 6293/2217/4096
f 6304/2111/3983 6308/2132/4002 6306/2110/3982
f 6304/2111/3983 6305/2242/4121 6308/2132/4002
f 6308/2132/4003 6305/2242/4121 6307/2228/4107
f 6305/2242/4121 6303/2229/4108 6307/2228/4107
f 6303/2229/4108 6305/2242/4121 6301/2243/4122
f 6303/2229/4108 6301/2243/4122 6302/2216/4095
f 6301/2243/4122 6300/2217/4096 6302/2216/4095
f 6309/2128/3999 6310/2133/4004 6311/2136/3991
f 6317/2236/4114 6315/2144/4015 6316/2237/4115
f 6316/2237/4115 6315/2144/4015 6314/2238/4116
f 6315/2144/4015 6312/329/670 6314/2238/4116
f 6312/329/670 6313/349/691 6314/2238/4116
f 6319/1277/1685 6318/2246/4124 6320/2247/4125
f 6319/1277/4126 6320/2247/4127 6321/1291/4128
f 6328/1314/1754 6326/2141/4012 6327/1310/1750
f 6327/1310/1750 6326/2141/4012 6322/2144/4015
f 6323/2236/4114 6327/1310/1750 6322/2144/4015
f 6323/2236/4114 6325/1311/1751 6327/1310/1750
f 6325/1311/1751 6323/2236/4114 6324/1259/1673
f 6340/1284/1695 6338/2197/4075 6339/1285/4073
f 6340/1284/1693 6337/1291/4128 6338/2197/4075
f 6338/2197/4075 6337/1291/4128 6336/2199/4070
f 6336/2199/4129 6337/1291/4128 6334/2247/4125
f 6335/2248/4130 6336/2199/4070 6334/2247/4127
f 6336/1280/4070 6329/2249/1684 6332/1281/1683
f 6330/2250/4131 6329/2249/1684 6336/1280/4070
f 6335/2251/4130 6330/2250/4132 6336/1280/4070
f 6335/2248/4130 6334/2247/4125 6330/2252/4131
f 6334/2247/4125 6331/2246/4124 6330/2252/4131
f 6330/2252/4131 6331/2246/4124 6329/1276/1684
f 6329/1276/1684 6331/2246/4124 6333/1277/4133
f 6343/2244/4123 6341/2253/1416 6342/2245/1418
f 6341/2253/1416 6343/2244/4123 6344/2254/1414
f 6343/2244/4123 6346/2241/4120 6344/2254/1414
f 6346/2241/4120 6347/2240/4134 6344/2254/1414
f 6347/2240/4118 6345/2255/4043 6344/2254/1414
f 6345/2255/4135 6347/2240/4118 6348/2256/3979
f 6348/2256/3979 6347/2240/4118 6349/2112/3977
