# Blender 3.6.0
# www.blender.org
mtllib Lulu.mtl
g Lulu_Mesh
v 20.017616 17.502598 3.962246
v -6.827931 46.513306 13.704829
v -6.510157 47.487885 14.505274
v 2.513700 42.216381 16.358303
v 10.994875 36.565449 18.178316
v 27.314657 16.247536 11.722142
v 5.239885 26.219503 -5.158882
v -0.178609 28.824055 -8.278179
v 2.513700 42.216381 16.358303
v 11.300566 28.529423 5.808033
v 5.239885 26.219503 -5.158882
v 9.603300 24.521852 -1.020801
v 2.213640 27.905167 -6.543999
v 5.556820 24.010584 -6.125947
v -11.789909 44.709068 0.486859
v 3.111650 43.483982 17.494328
v -11.211506 47.816208 6.654265
v -10.264304 43.833385 1.009783
v 27.930979 24.397079 23.523298
v 24.579020 22.165474 16.364494
v 8.479324 26.771143 -0.719978
v -7.585599 37.879856 -3.510228
v 3.111650 43.483982 17.494328
v -61.495884 39.220161 8.366184
v -61.495384 38.998863 7.656632
v -61.845009 39.540192 7.468481
v -49.770683 34.739525 9.812690
v 12.863071 26.420618 5.545286
v 15.149124 23.675009 4.948646
v 17.830750 27.477631 15.210888
v 17.812588 25.098169 10.691274
v -43.068516 36.605862 12.595513
v -45.156223 31.662615 5.777219
v -45.293034 36.270550 12.645768
v -45.221851 32.701633 4.291018
v -11.816003 49.102764 6.731513
v -6.145290 37.261356 -2.187555
v -60.327335 39.727188 8.328960
v -60.399803 39.380829 7.380510
v -52.622955 37.378151 4.572553
v -61.855961 38.259979 3.981914
v -53.778172 37.429016 9.682960
v -52.855679 36.680801 12.069157
v -48.646152 38.827991 11.399434
v -49.123795 35.236118 11.836484
v -43.114780 35.633492 11.103346
v -43.381195 38.349789 12.572256
v -45.293034 36.270550 12.645768
v -45.329891 37.971512 12.485913
v -0.178609 28.824055 -8.278179
v 10.454603 5.589385 -16.661310
v 19.575977 8.750459 -3.952603
v 14.331908 34.517807 19.642370
v 19.471979 30.680679 21.493982
v 12.202802 30.280798 10.376154
v -6.827931 46.513306 13.704829
v 12.022915 32.736652 14.246497
v 14.142252 30.607771 14.577928
v 11.300566 28.529423 5.808033
v 13.934582 28.351019 10.299809
v -7.585599 37.879856 -3.510228
v 12.202802 30.280798 10.376154
v 11.724513 13.483873 -8.653550
v -6.510157 47.487885 14.505274
v -10.264304 43.833385 1.009783
v -11.211506 47.816208 6.654265
v -43.460861 39.248417 6.845380
v -43.007973 40.277241 8.909604
v -43.017498 39.938522 11.076699
v -52.695374 38.521812 6.450424
v -48.346363 36.086094 12.578607
v -52.855679 36.680801 12.069157
v -48.346363 36.086094 12.578607
v -48.161205 37.685997 12.500847
v -44.296207 33.235237 6.724704
v -50.188400 36.840370 4.728393
v -61.332760 39.302299 11.394506
v -61.589630 37.619240 4.330213
v -61.820900 38.530762 4.718001
v -61.600426 37.854782 4.907111
v -61.146282 38.704399 11.410427
v 7.101956 21.002129 -6.929764
v 11.886512 20.672541 -1.844061
v -52.292435 39.041206 9.399712
v -48.454956 27.152515 4.258562
v -48.845284 27.815346 4.620105
v -61.002171 38.603638 12.100032
v -50.056786 38.574829 6.604362
v -61.838699 39.817535 8.304178
v -49.026348 27.880205 3.477118
v -46.095547 39.669842 9.009990
v -44.480518 35.065002 4.984803
v -49.408550 39.244072 9.255054
v -51.452904 38.322929 12.084509
v -46.831615 38.769016 6.692684
v 8.479324 26.771143 -0.719978
v -61.181648 39.229340 12.145902
v -49.110519 28.333744 4.043934
v -43.068516 36.605862 12.595513
v -45.787086 34.827385 11.803883
v -11.816003 49.102764 6.731513
v -45.549316 39.334435 11.164029
v -11.789909 44.709068 0.486859
v 40.068157 65.635437 31.314978
v 40.084129 70.528275 26.642483
v 42.199242 70.175209 21.409601
v 39.709133 66.829689 19.217068
v 42.210346 70.911270 21.675827
v 39.306530 66.583763 19.672192
v 44.611542 71.547073 29.232571
v 42.013134 72.399384 21.848244
v 42.289623 72.605453 31.279163
v 40.664967 72.826042 22.367264
v 40.119007 68.620049 19.445896
v 40.909500 70.878487 19.356712
v 9.272501 17.258308 -7.678946
v -10.689231 45.927883 -1.032291
v 8.472123 11.685179 -13.233346
v -9.466979 44.985847 -0.342983
v 11.724513 13.483873 -8.653550
v -5.831929 47.705391 12.597979
v 24.579020 22.165474 16.364494
v 23.272730 20.027552 11.434907
v 21.496843 24.246201 15.707573
v 4.217350 44.489826 15.875022
v 3.660675 43.280716 14.582992
v -5.131475 38.268490 -3.581050
v -6.471412 38.904778 -4.900687
v -5.378340 49.020741 13.446372
v -11.008430 50.514015 5.504347
v 40.914585 69.897827 19.681543
v 43.318317 70.982849 24.477102
v 39.646049 70.299141 23.042812
v 44.266247 69.302490 25.837641
v 40.291489 71.359024 19.456343
v 39.501270 68.736458 19.128273
v 18.254929 29.610332 19.273815
v 4.797569 18.878975 -11.257540
v 10.489941 35.483147 16.453049
v 0.499387 25.303886 -11.075838
v 39.914108 66.791222 19.530045
v 44.466522 67.713203 27.631191
v 39.505440 66.450401 19.901455
v 40.120895 65.888245 30.136593
v 10.994875 36.565449 18.178316
v 2.459550 24.848000 -8.814446
v 13.583362 33.302681 17.805964
v 23.047647 25.466480 19.871964
v 43.341908 70.283768 23.762964
v 39.538452 69.781128 21.094589
v 40.213245 69.778625 28.657940
v 39.318871 68.111816 19.964291
v 18.035526 22.299538 3.662380
v 16.779984 15.322196 -3.885702
v 9.862863 18.719749 -8.668159
v 9.417487 12.927888 -14.097730
v 39.601204 67.247398 19.123848
v 39.924358 68.960251 19.276875
v 41.652153 73.150894 26.353596
v 43.481579 72.381950 25.410227
v 2.970263 93.817955 -18.170321
v 4.963380 95.231995 -16.330791
v -0.469883 94.372360 -18.657261
v 3.121638 93.789536 -19.094610
v -0.429987 94.317474 -19.451450
v 0.522583 96.699966 -18.324533
v 3.355691 95.486778 -18.318171
v 4.494816 92.686783 -15.557509
v 0.469068 96.108330 -18.822205
v 2.342852 59.696537 23.003363
v 4.295412 27.269037 48.174706
v -1.663504 38.052967 44.059216
v -1.701927 43.215187 33.936352
v 4.978269 28.692686 33.099636
v 3.128775 95.534027 -17.344959
v -3.174626 42.379375 40.248394
v 2.203796 31.645908 40.612831
v 8.293404 62.167908 24.951118
v 4.608112 94.859344 -16.165791
v 4.439889 93.064941 -17.033361
v 2.970263 93.817955 -18.170321
v 0.400243 96.090828 -17.812603
v -0.469883 94.372360 -18.657261
v 5.155074 93.502411 -17.401031
v 24.025499 66.353081 -3.176628
v -3.065063 53.263424 31.904499
v 22.121483 67.020859 3.693453
v 3.920807 49.405846 33.277374
v 3.054998 45.773064 37.783535
v 19.454147 69.358170 -0.920736
v -3.121507 94.504562 -18.102520
v -4.829370 94.047394 -16.426041
v -2.944072 96.292862 -17.289553
v -5.432909 93.886093 -17.141220
v -3.265810 95.112823 -18.848742
v -3.281151 94.433281 -18.924002
v -5.196491 96.480263 -16.138905
v -5.343588 95.296021 -14.527600
v -4.750285 96.013306 -15.779970
v -20.171930 68.715729 1.103533
v -20.372293 69.933464 -0.447140
v 18.262596 71.591835 -7.377478
v 19.799955 66.808884 5.571689
v 18.003860 71.319427 -11.533413
v 16.713669 72.833855 4.463003
v -21.487328 61.650761 3.935204
v -22.447992 65.005852 1.829546
v 32.617916 40.366615 22.586277
v 30.578857 22.006439 31.534073
v -22.001513 55.801311 4.747899
v 33.932209 18.276073 38.912479
v -48.058338 30.383463 3.947982
v -48.454956 27.152515 4.258562
v -47.484650 29.479429 5.278893
v -43.381824 35.061840 8.554765
v -47.518101 34.237347 4.344070
v -49.110519 28.333744 4.043934
v -61.495884 39.220161 8.366184
v -59.483017 38.621567 7.479533
v -59.348957 38.926231 8.533610
v -18.110628 74.402481 -1.154432
v -21.328148 72.418907 -0.413080
v -19.402994 51.223888 -0.181310
v -59.348957 38.926231 8.533610
v -17.252129 72.304878 8.019975
v -61.495384 38.998863 7.656632
v -39.247761 40.486244 8.935233
v -39.379776 40.097855 10.979127
v -59.215687 38.354332 12.074718
v -39.409580 39.555817 6.939386
v -61.146282 38.704399 11.410427
v -59.526150 38.414299 11.059125
v -43.786278 36.670013 5.795392
v -60.116756 39.270294 12.185961
v -39.658077 37.093086 11.893424
v -39.524899 36.246494 10.289532
v -39.658077 37.093086 11.893424
v -48.845284 27.815346 4.620105
v -59.483017 38.621567 7.479533
v -59.526150 38.414299 11.059125
v -59.215687 38.354332 12.074718
v 30.906370 34.653214 19.560839
v 26.798183 37.835308 27.254423
v 33.940666 35.151875 21.574387
v 22.591303 39.039413 24.737616
v 31.475052 45.037022 22.274988
v 20.556595 24.591854 37.275032
v 27.050201 34.063721 18.299599
v 31.475052 45.037022 22.274988
v 24.281654 42.035286 18.401518
v 30.578857 22.006439 31.534073
v 26.570780 31.876455 24.138342
v 33.932209 18.276073 38.912479
v 26.798183 37.835308 27.254423
v 29.800253 31.020956 26.777098
v 32.895046 33.510460 25.359821
v 32.617916 40.366615 22.586277
v 23.963963 44.741467 24.896461
v 20.480497 44.876511 23.586950
v 21.168026 30.087627 20.767950
v 24.544804 29.729376 27.552416
v 25.462847 20.471304 33.233002
v 30.114178 18.591202 47.688236
v 18.701267 28.531870 39.625019
v 28.871334 18.285362 40.156467
v 24.650723 25.754128 25.800150
v -17.776075 75.288033 -4.525503
v -21.248440 72.667236 -3.239443
v -19.158663 65.397476 -15.079813
v 19.655031 68.270348 -12.776180
v -22.133892 59.056225 17.029026
v -14.118726 79.627243 -2.419695
v -13.000076 74.525490 10.537345
v -15.780396 76.259552 0.529290
v -22.510544 56.259125 14.588045
v 12.963161 31.813913 34.382442
v 9.207786 37.182400 30.273310
v 24.650723 25.754128 25.800150
v 4.079749 61.424744 -4.126621
v 11.072874 31.273514 26.221460
v 20.505922 23.937794 26.879049
v -20.048403 68.524391 -10.380370
v 24.025499 66.353081 -3.176628
v 10.896841 70.273087 -20.000723
v 7.250392 64.208580 -9.031846
v -11.745448 72.541977 -22.231737
v -15.983871 73.777161 -14.470161
v 17.665789 66.607681 -16.484320
v 19.655031 68.270348 -12.776180
v 3.847617 59.226704 -0.050936
v -5.280301 112.485092 -7.026988
v -5.397901 111.074394 -5.811518
v 3.275325 111.468498 -7.205853
v 2.986893 113.148781 -6.097393
v -5.712807 111.143486 -5.850816
v -5.166403 109.991699 -6.613431
v -3.301110 113.598198 -8.314040
v -2.939818 111.424698 -9.159174
v -0.708195 113.744583 -8.353279
v -0.594270 113.752693 -9.033158
v 1.965637 113.824196 -8.398209
v 2.102144 111.989296 -8.657743
v 3.275325 111.468498 -7.205853
v 3.204299 113.641197 -6.203616
v -0.735488 114.228493 -8.469513
v -0.385759 112.037498 -9.395525
v -0.708195 113.744583 -8.353279
v 3.555273 110.957596 -5.939339
v -3.235526 113.096893 -8.900241
v -3.057515 112.065094 -9.591820
v 3.427629 111.115196 -5.887012
v -2.939818 111.424698 -9.159174
v -4.785696 110.211487 -8.509170
v -3.209048 113.067894 -8.073237
v -5.827387 101.749886 -11.638185
v -5.123524 100.771790 -11.857743
v 4.375258 104.167702 -9.591567
v -5.412118 101.872597 -11.132125
v -5.661013 100.968285 -12.190613
v -4.778632 102.940895 -12.131605
v -1.252285 125.064285 -2.049891
v 0.824699 125.813576 -1.762496
v 2.519874 124.103180 1.174069
v 1.984253 124.776077 0.065981
v -5.786303 110.967194 -6.377790
v -1.310991 125.634674 -2.335891
v 3.187314 112.231598 -5.128479
v 3.705810 111.509003 -6.122634
v 3.550559 112.332199 -5.555611
v 4.087812 105.294281 -9.109690
v -2.743995 103.176369 -14.582693
v -2.466097 102.653191 -14.050623
v -2.466097 102.653191 -14.050623
v -3.074505 104.120010 -13.987606
v -2.476296 102.563469 -14.723582
v -5.238574 103.269890 -12.379864
v 4.406035 106.171188 -10.809496
v -4.778632 102.940895 -12.131605
v -3.227521 104.621284 -13.479086
v -4.825208 101.191589 -13.850462
v -4.524571 101.358589 -13.273151
v 25.029846 26.712221 18.198990
v 20.104212 31.084501 17.995916
v 4.185883 26.310484 -10.682302
v 21.102650 31.912971 19.948303
v 6.501224 20.021221 -13.420704
v 12.283707 37.877125 16.591097
v -1.477155 131.666489 3.093694
v 1.624236 131.229462 4.593438
v 0.092611 132.673172 4.658343
v -4.046795 131.699768 4.470257
v -5.368012 129.809265 6.272614
v -3.683944 130.749771 3.384608
v -4.463705 132.310776 4.090359
v -3.919372 131.102966 2.564286
v 0.667380 131.681671 3.610698
v -5.034222 130.591171 5.399004
v -5.666599 129.906387 5.556414
v -5.059827 129.570572 4.411100
v -5.583773 129.385666 5.090126
v 10.415183 12.476650 -15.296543
v 12.165185 6.635374 -18.310499
v -5.019209 128.954483 5.548797
v 21.468468 9.649622 -5.452929
v 1.562768 130.673660 5.837526
v 21.667717 18.695024 2.475635
v 29.351782 16.755884 10.291749
v 25.771828 20.438265 9.963042
v -4.046795 131.699768 4.470257
v -4.437179 132.230667 3.373691
v -4.037362 131.528564 2.772878
v 4.211413 104.381195 -11.040086
v -0.112238 104.251579 -14.365823
v -0.570653 105.206787 -13.834605
v 4.211413 104.381195 -11.040086
v 4.575551 104.280693 -11.348795
v 4.076218 106.634094 -10.489195
v -0.838948 105.677696 -13.337016
v -0.695323 105.161880 -13.063603
v 2.764524 104.440887 -12.900673
v 4.762204 104.098885 -9.508951
v -0.695323 105.161880 -13.063603
v -3.539227 124.529884 -1.485225
v -3.501612 125.069878 -1.751725
v 4.087812 105.294281 -9.109690
v -4.609502 123.582779 0.005344
v 4.342980 105.531876 -8.884037
v 3.815602 106.048584 -10.380826
v 4.375258 104.167702 -9.591567
v -5.485890 100.469795 -12.017121
v -5.412118 101.872597 -11.132125
v -5.123524 100.771790 -11.857743
v -1.295069 123.727592 -3.139344
v 1.129653 123.882080 -2.418617
v -1.252285 125.064285 -2.049891
v 2.333886 124.964981 -0.599444
v 1.937881 130.700470 5.794556
v 0.239853 132.474564 3.082674
v 0.613190 131.871170 3.040375
v -1.943143 132.268570 2.547396
v -0.047334 133.283966 3.631468
v -1.477155 131.666489 3.093694
v 1.813746 132.158264 4.102933
v 1.561767 132.822571 4.713268
v 1.624236 131.229462 4.593438
v -4.833920 122.675781 0.948730
v 1.287906 131.351273 6.569661
v 0.092611 132.673172 4.658343
v -1.682918 131.968567 2.413503
v -2.369635 133.338669 3.646697
v -0.026932 133.503586 4.206503
v 2.596069 124.085083 0.610953
v 2.327254 123.971977 1.021412
v 2.651218 123.297180 0.081214
v 2.373835 122.892876 0.299385
v -4.609502 123.582779 0.005344
v -5.344973 122.769180 -1.260729
v 4.650189 105.058083 -11.218546
v 2.691559 105.050186 -13.405313
v 25.451292 22.183268 49.991779
v 28.108080 45.373009 25.029667
v -10.063192 48.910549 5.565680
v -5.319703 122.630798 0.638891
v -5.444721 121.952492 0.100806
v -1.978431 132.626572 4.182472
v 2.404759 123.963295 -1.245043
v 2.179878 123.302887 -0.918662
v 0.939477 125.278183 -1.441266
v -5.080728 101.780785 -13.616632
v -1.302881 124.523087 -3.644949
v -5.287590 102.743980 -12.958084
v -5.206949 123.573883 -0.620233
v -4.772284 122.292084 -0.970021
v -4.972424 121.736481 0.224800
v -4.862180 112.025688 -6.726335
v -5.192738 110.845192 -8.338554
v -4.602814 110.370590 -7.907916
v -5.432215 109.761902 -6.800917
v -4.862180 112.025688 -6.726335
v 1.825382 113.751198 -7.610426
v 2.262013 112.040894 -9.342898
v -0.290485 112.010002 -9.932098
v -3.209048 113.067894 -8.073237
v -2.898533 111.386894 -9.763268
v -0.385759 112.037498 -9.395525
v -4.602814 110.370590 -7.907916
v -5.379377 111.896294 -7.623589
v 3.427629 111.115196 -5.887012
v 3.682395 111.370201 -7.731561
v 2.986893 113.148781 -6.097393
v 1.792160 114.304886 -7.840172
v 4.844386 104.637894 -9.661773
v 3.305889 112.367203 -4.970846
v 3.187314 112.231598 -5.128479
v -5.397901 111.074394 -5.811518
v 0.939477 125.278183 -1.441266
v -5.680775 110.172592 -6.935740
v -5.166403 109.991699 -6.613431
v -4.524571 101.358589 -13.273151
v -5.795499 101.861679 -11.058135
v 1.825382 113.751198 -7.610426
v 4.615444 105.477287 -9.307535
v -2.957474 104.184082 -13.103724
v 2.197112 106.059090 -12.056173
v -2.957474 104.184082 -13.103724
v 2.359160 106.088295 -12.904116
v 0.052028 103.723587 -14.000454
v 1.063151 123.865967 -3.022752
v 2.113844 125.252586 -0.021717
v 3.815602 106.048584 -10.380826
v 0.052028 103.723587 -14.000454
v 2.764524 104.440887 -12.900673
v 1.984253 124.776077 0.065981
v -4.891747 123.960175 -0.078016
v 2.805115 104.324791 -13.497044
v -4.833920 122.675781 0.948730
v 2.107652 106.599693 -12.504064
v 2.197112 106.059090 -12.056173
v 24.193205 33.229622 18.125696
v 36.326359 19.644344 5.175478
v 34.750870 16.149260 11.669199
v 22.834061 32.203667 19.244274
v 0.166529 103.594490 -14.473934
v -2.313650 133.151062 3.076251
v 1.562768 130.673660 5.837526
v -1.978431 132.626572 4.182472
v 1.593109 131.624268 6.749742
v 1.023645 132.096069 5.686275
v -5.023003 129.708466 6.243823
v -5.019209 128.954483 5.548797
v -5.808670 130.959763 4.392424
v -5.730033 131.031082 5.145136
v -5.034222 130.591171 5.399004
v -5.453792 129.685562 3.894339
v -3.683944 130.749771 3.384608
v 1.287906 131.351273 6.569661
v -5.023003 129.708466 6.243823
v 13.228024 14.982399 -10.162352
v 30.078024 25.157585 22.402824
v 15.419690 34.930809 16.157558
v 1.865916 131.820175 6.068970
v 16.022486 35.842281 18.098963
v 18.230007 14.685328 -4.695946
v 22.853109 25.557867 13.759657
v 2.153751 26.552835 -12.617972
v 11.804471 37.063660 14.838384
v 7.284299 25.698563 -7.875432
v 1.023645 132.096069 5.686275
v 1.354841 132.862473 5.487933
v 0.667380 131.681671 3.610698
v 4.439889 93.064941 -17.033361
v 3.128775 95.534027 -17.344959
v -2.977487 96.825455 -17.708353
v 4.608112 94.859344 -16.165791
v 0.400243 96.090828 -17.812603
v -0.230765 49.748905 28.777449
v 2.203796 31.645908 40.612831
v 5.791887 54.536186 29.994415
v 4.036998 36.815872 50.729313
v -0.898725 39.192745 38.390625
v 6.680828 31.855181 53.586681
v 4.957654 92.417862 -15.611620
v 3.302618 94.459068 -19.016340
v -0.068007 95.013046 -19.435631
v 5.153606 94.584145 -16.767021
v -2.944072 96.292862 -17.289553
v 4.295412 27.269037 48.174706
v 22.834061 32.203667 19.244274
v -4.069592 46.554226 36.168324
v -15.210424 32.197388 34.006977
v -3.121507 94.504562 -18.102520
v -5.476935 93.860550 -14.984761
v -5.938501 95.512947 -14.497122
v -6.101979 93.715202 -15.056761
v 20.346058 69.455559 -8.154217
v 16.018595 66.912750 15.367052
v 23.857229 66.477402 -1.555868
v 20.377190 62.785633 12.574572
v -3.107211 96.227837 -18.232252
v -5.644107 94.629929 -17.071022
v -21.487328 61.650761 3.935204
v -22.001513 55.801311 4.747899
v -22.447992 65.005852 1.829546
v 30.206442 39.473442 26.187344
v 29.358221 39.434216 19.904331
v 28.725090 43.431370 19.231049
v 21.452312 33.498592 31.711123
v 21.635210 33.078270 23.487108
v 24.801689 38.226719 19.292135
v 6.570154 24.487291 -7.387540
v 3.687145 29.114655 -8.112308
v -43.786278 36.670013 5.795392
v -39.556389 37.722977 6.269021
v 5.047719 18.919504 -15.906075
v 26.036951 23.259272 14.873626
v -39.543789 36.524059 8.098764
v -39.643135 38.565811 12.153525
v -17.755507 58.387001 1.543763
v 23.195404 57.206993 -8.144317
v 23.407923 61.594650 -7.756188
v -20.115396 52.910706 4.058365
v -18.121910 62.144798 19.587791
v -61.002171 38.603638 12.100032
v -60.384121 39.357109 11.138313
v -5.278813 128.848862 5.368576
v 14.596362 28.111443 3.803322
v -5.059827 129.570572 4.411100
v -5.571252 130.170761 3.834653
v 2.054769 131.261276 5.540226
v 10.790413 18.449511 -9.268618
v 19.151424 22.157721 2.966441
v -39.556389 37.722977 6.269021
v -11.004928 79.422829 -8.074824
v -14.424778 77.911583 -6.789006
v 33.940666 35.151875 21.574387
v 29.800253 31.020956 26.777098
v 33.275154 24.884396 40.157005
v 18.701267 28.531870 39.625019
v 23.833563 25.189837 50.735081
v 33.917522 18.973207 46.230923
v 17.371126 38.081062 28.057783
v 21.301046 26.420229 45.208332
v 26.570780 31.876455 24.138342
v 22.591303 39.039413 24.737616
v 14.624004 26.994699 31.176401
v 12.963161 31.813913 34.382442
v 9.207786 37.182400 30.273310
v 21.168026 30.087627 20.767950
v 15.746680 64.942162 -15.213706
v 3.513983 68.644127 -15.892006
v -11.384059 81.498840 -1.449500
v -11.322487 75.540550 -19.251900
v 16.080692 28.528616 22.677210
v 17.665789 66.607681 -16.484320
v 3.539300 113.209496 -6.821570
v 3.759043 112.125496 -7.563249
v -0.385395 112.728798 -9.773072
v 2.102144 111.989296 -8.657743
v 3.279817 96.081505 -17.820475
v 2.634782 42.050056 44.577618
v 5.175551 94.080139 -15.001611
v 4.669728 94.024879 -15.044510
v 4.814440 92.817284 -17.521259
v 2.179763 112.756584 -9.121960
v -5.192815 122.243294 -1.422593
v -4.772284 122.292084 -0.970021
v 23.592552 33.559498 21.307291
v 30.712837 27.613005 33.071991
v 16.206245 24.342789 4.042345
v 1.933595 131.584366 4.073167
v -20.366610 60.350395 18.028734
v -16.184671 77.124336 -3.536543
v 15.470634 31.226444 13.756930
v -25.611403 57.391636 5.299373
v -19.988899 69.624390 7.637539
v -11.797271 80.186356 3.938592
v -21.211767 66.938553 7.235921
v 18.881037 28.118261 14.450050
v 15.235703 28.985359 9.327137
v 18.890285 25.751509 9.851469
v 13.053743 29.893316 4.183114
v 19.246515 30.258068 18.279909
v 24.403629 20.671045 10.527833
v 14.141093 27.016102 4.521695
v -18.457474 72.030258 -0.547252
v -24.376472 66.800568 1.965692
v -18.838182 71.935127 1.199693
v 21.975035 25.412100 14.490993
v 15.130232 33.749008 17.038668
v 23.779303 26.137335 18.471987
v 14.331908 34.517807 19.642370
v 19.471979 30.680679 21.493982
v 44.282795 69.852837 26.735538
v 15.982325 14.137140 -2.911942
v 23.592552 33.559498 21.307291
v 26.037834 29.989805 37.249554
v 28.492270 27.190365 49.567917
v 1.129653 123.882080 -2.418617
v -1.295069 123.727592 -3.139344
v 4.494816 92.686783 -15.557509
v -5.434078 95.841309 -16.523241
v -3.851637 123.315796 -3.045146
v -3.830640 123.215179 -2.429050
v -5.152289 122.744873 1.107538
v -4.972424 121.736481 0.224800
v -5.323763 121.557869 0.179132
v 23.833563 25.189837 50.735081
v 27.636961 28.289740 43.599102
v 23.794237 23.186428 43.583118
v 33.917522 18.973207 46.230923
v 33.499390 24.306486 46.960518
v -3.830640 123.215179 -2.429050
v -3.748206 123.902283 -2.941665
v -3.643592 124.777687 -2.400102
v 21.301046 26.420229 45.208332
v -3.539227 124.529884 -1.485225
v 19.575977 8.750459 -3.952603
v 27.930979 24.397079 23.523298
v 3.359800 17.650019 -14.323256
v 20.017616 17.502598 3.962246
v 17.401466 20.884525 4.635663
v 40.225277 68.003159 30.168243
v 45.222549 65.116394 29.464025
v 40.290012 68.196922 19.489008
v 39.677235 68.592445 20.807949
v 44.863968 64.979630 28.239967
v 10.454603 5.589385 -16.661310
v 44.714119 67.787231 28.625439
v 39.433113 67.600807 20.416084
v 27.314657 16.247536 11.722142
v 4.669728 94.024879 -15.044510
v 2.179878 123.302887 -0.918662
v 0.897576 125.482582 -2.365646
v 2.560166 122.726677 0.256412
v -1.301553 125.392685 -3.037529
v -4.829370 94.047394 -16.426041
v 2.327254 123.971977 1.021412
v -5.476935 93.860550 -14.984761
v -5.343588 95.296021 -14.527600
v -1.329401 123.930695 -3.789990
v -4.750285 96.013306 -15.779970
v 0.981994 124.512680 -2.912203
v 2.318650 123.215385 -1.343527
v -6.305995 94.268265 -15.356992
v 5.274668 92.923996 -15.883471
v 2.373835 122.892876 0.299385
v -6.162505 95.297539 -15.016563
v 5.284860 93.853241 -15.492049
v 11.383231 26.315964 -2.772268
v 10.164242 28.047594 -2.272135
v 1.266527 29.942451 -9.657769
v 6.814284 27.431004 -6.661046
v 3.713348 24.979315 -10.146992
v 15.667502 32.294998 12.788018
v -50.238220 34.924259 4.776969
v -47.299164 28.204750 4.448211
v -47.299164 28.204750 4.448211
v -47.086460 32.550262 6.687164
v -47.958023 29.006451 3.482806
v -48.058338 30.383463 3.947982
v 5.944389 19.636915 -12.178702
v 12.901692 21.301348 -2.813308
v 15.443523 29.989033 8.506795
v 8.050767 21.602737 -7.971412
v 10.790551 25.060236 -2.096786
v 13.684491 34.107025 12.690797
v -50.390995 34.066578 7.038788
v -47.518101 34.237347 4.344070
v -47.306999 36.807144 4.920911
v 13.931483 31.629765 8.750221
v 24.991465 25.393997 58.441319
v 32.480412 20.611715 51.580681
v 24.537481 25.042156 54.911556
v 28.773388 26.726261 53.719254
v -6.705400 46.237225 14.929978
v -2.155484 46.399029 16.180593
v 34.140144 19.380424 67.401619
v 16.551670 21.895863 60.121788
v 17.862692 22.257519 52.404831
v 21.132509 19.929560 58.392967
v 22.095800 21.817980 53.292671
v 16.605335 21.538273 55.788357
v 16.974327 20.506990 51.890400
v 17.036531 19.478281 61.459961
v 16.650841 19.448689 55.810925
v -54.053501 36.816067 6.812078
v -56.966091 38.904251 11.859159
v -19.102381 39.114105 36.073093
v 33.390671 18.611948 68.713654
v 37.493435 19.509771 5.444066
v 33.827316 18.436703 71.602386
v 38.508682 20.476559 5.261677
v 37.912251 16.591629 12.796598
v 36.030884 15.304582 12.550485
v 20.275623 39.487362 16.738245
v 36.439045 16.089834 67.062477
v 19.789324 34.960468 20.118341
v 37.248745 15.241717 68.589096
v 22.359114 41.314243 17.948664
v 37.413620 15.385887 63.901482
v -57.186859 39.423485 8.326598
v -59.117229 38.396431 5.038362
v -61.600426 37.854782 4.907111
v -59.695843 37.346268 4.411864
v -56.150974 37.750225 4.353212
v -59.147301 37.998077 4.087528
v -56.146309 38.310642 5.490035
v -54.053501 36.816067 6.812078
v -61.589630 37.619240 4.330213
v 39.162220 14.572117 64.834137
v 37.621635 16.274384 63.389347
v 38.691257 15.725305 69.128548
v 38.390781 17.706686 67.068687
v 39.162220 14.572117 64.834137
v 34.686752 19.430668 73.137688
v 36.840202 17.116127 66.471085
v 34.686752 19.430668 73.137688
v 30.118458 25.214849 68.636528
v 24.971483 27.586489 67.163361
v 28.566353 24.802582 69.699341
v 35.704014 20.481016 68.503716
v 38.691257 15.725305 69.128548
v 39.338951 15.423759 64.518723
v 27.225103 29.364298 65.196541
v 24.786362 27.105423 62.592518
v 37.816879 15.709940 61.363720
v 38.204372 14.489212 64.671844
v 22.258776 36.782917 18.133947
v 39.399143 16.958893 68.562225
v 35.851833 20.481161 72.524124
v 27.869469 28.817362 61.213284
v -60.431866 38.508453 4.901729
v -56.673874 37.986412 7.374406
v -46.736458 30.501478 3.573277
v -60.457539 38.135056 3.957923
v -59.695843 37.346268 4.411864
v -46.035900 29.684572 4.804975
v 14.041883 38.185272 17.628500
v 22.580681 45.886074 16.943342
v 14.187422 33.750240 20.553135
v 16.387938 21.957869 48.026054
v 28.587563 27.135340 57.456207
v 30.995735 22.271524 55.614746
v 2.287553 75.465767 -24.767208
v 6.347609 71.773598 -24.941257
v -0.002730 13.794608 -10.484093
v -1.860211 34.287956 47.267609
v 4.724990 74.091385 -24.954546
v -17.333477 52.081127 13.418655
v -0.002333 10.259591 -10.511438
v 3.674776 10.312933 -10.283050
v -23.560997 48.426086 12.182337
v -36.405224 41.319576 32.170773
v -26.067926 46.941296 24.166407
v -37.946110 32.428692 22.690332
v -29.496077 49.465820 27.290667
v -21.704636 46.276379 10.873887
v -33.407757 45.148792 29.662933
v -35.210213 39.968113 32.033207
v -27.867128 50.057911 23.326735
v -26.906116 45.921532 -0.906651
v -23.084938 44.748959 1.139855
v -1.332279 65.825340 -22.934767
v -21.069210 51.060616 -5.042868
v -24.008371 52.671158 -6.456095
v -30.132610 45.044270 10.942341
v -24.180195 43.337437 18.453815
v -25.433897 46.058304 19.577053
v -31.144468 50.260006 15.859186
v 3.709015 39.891209 21.412077
v 1.500615 71.641212 -21.749557
v -5.654071 74.782135 -24.138508
v -3.494899 73.582222 -22.748745
v -12.086369 70.081810 -19.189947
v 6.347609 71.773598 -24.941257
v -25.433897 46.058304 19.577053
v -29.491056 51.030022 6.809653
v 1.630504 77.568672 -21.545208
v -12.523518 56.632622 6.914923
v 7.989637 71.165779 -21.327824
v 7.933797 72.942253 -23.037886
v 10.060621 73.261475 -21.147703
v 10.896841 70.273087 -20.000723
v 3.641740 69.962097 -22.718407
v 5.933448 69.793236 -23.672033
v -32.237621 42.802769 29.355331
v -27.180273 47.183277 27.652836
v -30.132610 45.044270 10.942341
v -31.565216 48.188900 13.334842
v -37.085297 31.860388 23.034765
v -7.467962 57.816120 3.181503
v 14.357991 72.567856 -16.874344
v 7.933797 72.942253 -23.037886
v -35.908100 31.573721 22.236769
v -35.908100 31.573721 22.236769
v -37.085297 31.860388 23.034765
v -36.428879 36.664967 29.913830
v -1.347824 73.569672 -23.065994
v -27.609129 57.072842 1.013696
v -24.410490 42.450974 15.318913
v -23.758398 64.659126 -4.574798
v -26.639038 51.608246 11.079521
v -26.906116 45.921532 -0.906651
v -25.216513 66.968277 -0.601656
v -35.157600 42.954708 22.434872
v -28.636730 48.252800 1.772247
v -21.353415 44.708668 6.180712
v -0.694565 65.234108 -23.170376
v -26.311504 42.900436 11.673840
v -27.548193 49.589134 18.389263
v -23.560997 48.426086 12.182337
v -35.262230 35.997715 28.345064
v -38.039433 33.845222 20.110271
v 1.427590 71.090523 -22.445627
v -2.834423 74.503029 -24.225605
v -33.806614 45.259308 20.554193
v -33.126102 48.291157 22.694023
v -24.008371 52.671158 -6.456095
v -22.520170 61.681873 -7.648816
v -11.745448 72.541977 -22.231737
v -4.146145 72.026299 -19.684906
v -25.669455 54.701332 -3.602254
v -0.504959 72.968178 -23.183666
v -0.780198 66.542633 -23.985346
v -1.686273 65.080093 -22.453646
v 0.078799 65.806519 -24.311226
v 0.427954 65.512703 -23.839596
v -1.332279 65.825340 -22.934767
v -1.686273 65.080093 -22.453646
v -0.694565 65.234108 -23.170376
v -0.875514 65.490028 -22.697987
v -0.730223 65.324234 -22.945536
v 0.427954 65.512703 -23.839596
v 11.585521 43.426056 29.108379
v 11.923802 23.033091 36.113850
v 15.450964 28.536129 34.863190
v -14.960457 31.181883 51.167278
v -15.490905 25.983952 38.690041
v -8.420858 31.993954 50.845573
v -15.210424 32.197388 34.006977
v -13.320354 32.046665 45.539188
v -16.202284 28.073347 51.416683
v -14.770416 29.847006 39.577435
v -1.546643 25.164284 56.057476
v -4.585496 30.233404 56.316467
v -1.952633 28.073816 55.746407
v -3.107376 32.004498 50.805534
v -7.150774 33.302761 46.050861
v -0.930707 66.859818 -23.469826
v -1.307220 65.913895 -22.535324
v -1.085760 65.752640 -22.505047
v -36.555939 37.746231 21.587227
v -37.610664 38.276924 24.699800
v -32.698856 40.003902 23.314762
v -35.157600 42.954708 22.434872
v -39.116875 38.690788 28.101837
v -31.439463 41.567146 20.767168
v -36.132946 32.686398 19.185577
v -33.806614 45.259308 20.554193
v -36.132946 32.686398 19.185577
v -35.535061 31.898512 20.305262
v -37.393147 33.584427 19.191566
v -34.952888 36.565105 21.796688
v -34.488148 35.889164 24.715252
v -33.900806 37.921341 27.114964
v -35.535061 31.898512 20.305262
v -15.813005 28.286640 31.880575
v -14.558895 32.676888 26.315174
v -6.578320 37.966129 19.204042
v -1.461821 38.852905 20.127613
v -38.188900 42.359119 30.222073
v -35.112762 45.450802 24.765934
v -36.114178 40.472519 23.065674
v -32.526962 49.806622 24.885490
v -39.568226 26.985519 17.101629
v -38.525406 33.460876 21.516737
v -36.555939 37.746231 21.587227
v -34.107483 38.411171 23.286028
v -32.191410 39.843754 26.327843
v -29.402130 41.559338 23.167864
v 0.166868 29.743599 24.772028
v -12.587678 38.288017 19.467196
v -37.603500 42.022202 26.960098
v -35.206528 46.237850 27.030045
v -2.834423 74.503029 -24.225605
v -4.012455 78.325371 -16.440407
v -22.520170 61.681873 -7.648816
v -19.158663 65.397476 -15.079813
v -10.657782 44.066391 34.008602
v -15.634675 43.190365 32.557526
v -37.393147 33.584427 19.191566
v -36.114178 40.472519 23.065674
v -10.063168 52.621773 29.774305
v -15.920099 51.662212 27.940771
v -11.345142 31.434425 24.994026
v -6.016403 28.956659 24.403484
v -31.723803 40.707340 28.594894
v -1.111536 76.360519 -22.293240
v -18.345236 63.416157 -12.209164
v -1.308464 73.705658 -22.682697
v -1.308464 73.705658 -22.682697
v 14.975309 63.272179 -7.799845
v 20.572420 54.526489 -5.431635
v -16.934950 41.765553 30.854719
v -14.632689 39.105064 37.355900
v -17.652277 49.673958 25.789213
v -7.543503 22.563799 29.146589
v 0.105931 74.609749 -24.590136
v -5.654071 74.782135 -24.138508
v -35.210213 39.968113 32.033207
v -34.310387 38.691151 30.720474
v -27.180273 47.183277 27.652836
v -19.871592 59.232727 -6.374851
v -9.411817 39.608212 38.327347
v -32.237621 42.802769 29.355331
v -27.246279 44.010616 26.318584
v -13.719182 24.884457 30.656916
v -2.573616 26.215900 61.430965
v -5.245087 27.723484 62.070118
v 10.890085 35.462578 28.705935
v 12.908202 31.380577 32.154423
v 7.069016 33.012875 25.319654
v 8.665852 28.796509 29.108946
v -2.573616 26.215900 61.430965
v 6.828701 36.917168 22.498699
v -1.576232 23.892469 62.032261
v -0.591605 68.859528 -23.979656
v 1.176600 66.644989 -22.966125
v 1.913311 66.309479 -23.764986
v 2.345452 68.562950 -23.049168
v 10.395909 25.403578 33.409683
v -23.704252 33.968407 31.654949
v -24.451393 29.160313 27.715773
v 9.999395 39.670738 25.296312
v -23.704252 33.968407 31.654949
v -24.370380 31.432671 29.078213
v -9.013592 28.176462 63.925964
v -11.819349 26.989946 65.559959
v -3.828134 23.047472 58.029686
v -8.078955 20.566959 60.189411
v -2.649388 23.851292 50.602085
v -12.219172 21.266953 60.246807
v -11.371933 25.208134 66.135246
v -10.387294 23.396187 66.921455
v -0.061726 22.711111 43.444832
v -7.372839 22.906300 51.691921
v -2.608016 22.517441 63.700264
v -11.686927 24.031811 52.292400
v 4.829877 24.686384 38.155411
v -6.822389 22.227146 43.495495
v -11.371933 25.208134 66.135246
v -4.999441 21.191307 65.544479
v -8.164186 21.701906 66.756081
v 1.432560 67.452011 -25.575615
v -0.511848 68.557541 -22.823957
v 0.174490 67.722939 -22.731987
v 0.953361 69.508591 -22.654705
v 2.104029 66.519485 -24.993507
v 4.303586 68.927750 -25.897156
v -0.268484 71.050430 -22.909876
v 1.861207 71.612228 -26.088787
v 3.229754 70.474838 -26.149517
v 4.090011 67.845619 -24.036085
v 4.303586 68.927750 -25.897156
v -22.243517 27.756994 28.170773
v 0.378066 65.560249 -23.363245
v -0.477400 66.464432 -22.667187
v -0.902654 66.895042 -22.750866
v -0.378961 66.145645 -24.439327
v -0.591605 68.859528 -23.979656
v 2.104029 66.519485 -24.993507
v 0.074344 65.759445 -22.896267
v 0.072147 68.474442 -24.809336
v 0.516780 71.828697 -25.284428
v 0.613943 67.917145 -25.629616
v -0.603075 71.907394 -24.354395
v -0.603075 71.907394 -24.354395
v -12.018585 23.378340 44.750244
v -15.057068 28.648937 45.182926
v -7.157612 20.609333 35.675262
v -13.513446 22.659197 37.597523
v 1.630043 21.592220 36.347153
v -16.450783 26.172907 59.666706
v -14.865480 28.686836 58.883644
v -14.770416 29.847006 39.577435
v -15.118570 23.804300 59.711147
v -14.771519 25.777124 51.862103
v -15.057068 28.648937 45.182926
v -14.646380 25.542446 45.331345
v -9.659591 30.269058 57.449196
v -16.450783 26.172907 59.666706
v -16.202284 28.073347 51.416683
v 8.420979 41.972488 37.167152
v 8.756900 39.424683 43.068245
v -14.328194 36.048080 37.965225
v 31.498524 16.308037 18.769855
v 28.803696 24.478823 21.179041
v -0.849876 65.281731 -23.357695
v 17.904869 26.022810 36.749084
v 5.928638 29.246902 30.784243
v 17.339584 31.170023 41.568333
v 6.591360 27.114672 35.481304
v 12.058663 39.750854 33.531498
v 12.908202 31.380577 32.154423
v 10.890085 35.462578 28.705935
v 17.904869 26.022810 36.749084
v 9.999395 39.670738 25.296312
v 12.810061 37.016518 37.547817
v -13.799039 61.769699 20.753513
v -22.869812 45.960823 21.664415
v -30.787785 26.365873 40.174858
v 0.184619 63.607479 27.872787
v -7.108715 63.692272 24.371834
v -22.621439 40.724415 28.860229
v -0.330890 26.802057 73.616760
v 4.156671 28.077635 73.112350
v -22.529440 37.531574 34.299183
v -16.010513 39.005756 37.042488
v 6.940088 29.352982 69.548248
v 6.741412 30.675072 64.836670
v 6.579391 29.961908 64.570549
v 6.741412 30.675072 64.836670
v -31.087370 27.141083 53.897877
v -29.837746 24.995394 39.801163
v -30.935799 24.564520 54.799580
v -31.706758 27.296240 48.872250
v -31.470901 27.029650 41.556862
v -35.976795 22.591516 53.342510
v -17.002865 40.107841 16.905409
v -36.245903 20.139013 54.163185
v -20.355156 41.987057 17.995247
v -23.151539 37.611591 26.306189
v -20.458179 48.889690 24.918921
v -24.677528 32.775166 51.201569
v -19.517420 33.572330 52.806313
v -18.152550 29.198257 51.572678
v -22.346851 29.387045 52.736645
v -28.767174 30.005314 49.635899
v -28.767174 30.005314 49.635899
v -18.349194 29.258318 30.412966
v -19.517420 33.572330 52.806313
v -24.677528 32.775166 51.201569
v -14.328194 36.048080 37.965225
v 6.320787 31.458055 65.094803
v 12.800014 25.976191 57.531860
v 8.334992 26.655626 55.878448
v 12.036540 25.522745 56.711571
v 11.398348 24.788866 56.632519
v 14.275141 23.194553 58.423119
v 13.502843 22.077860 58.596508
v 13.502843 22.077860 58.596508
v 11.398348 24.788866 56.632519
v 11.239736 24.226648 57.335388
v 11.239736 24.226648 57.335388
v 11.234402 24.390041 58.305027
v 12.668319 20.764790 60.283485
v -27.528965 27.978436 50.322807
v -15.970428 35.082153 45.170666
v -15.970428 35.082153 45.170666
v 3.730797 31.520075 67.811958
v 5.296566 31.266090 65.296257
v -3.198289 28.571758 73.763214
v -3.198289 28.571758 73.763214
v 3.400646 29.222282 72.803856
v 14.218790 23.099722 61.346378
v 12.715187 26.130428 58.600864
v 14.695577 23.628780 59.856468
v -26.395016 28.875639 35.514820
v -29.416267 28.470081 37.841572
v -29.655527 29.876886 38.752495
v -29.655527 29.876886 38.752495
v -27.747671 25.798290 38.933716
v -23.444262 25.432005 42.056252
v -15.720599 31.521170 42.235668
v -24.697966 24.661942 47.672668
v -27.565039 28.105108 37.009380
v -23.177990 26.300358 38.839149
v -22.801428 26.307457 34.980690
v -20.750391 25.353001 48.411049
v -25.183844 24.482967 43.673740
v -24.642195 28.890205 33.090729
v -18.708977 26.497025 39.495758
v -19.365444 25.659967 44.949486
v 4.321524 31.355803 64.799431
v 4.922479 31.259504 69.138672
v -8.982639 26.953838 73.034279
v -8.982639 26.953838 73.034279
v 6.291246 30.581612 69.814758
v 3.400646 29.222282 72.803856
v 6.291246 30.581612 69.814758
v 6.320787 31.458055 65.094803
v -28.460459 30.616623 36.768364
v -25.538393 32.698463 38.044861
v -24.377800 31.050478 34.028511
v -24.098473 33.471447 36.060760
v -5.381033 28.852369 68.925186
v 4.131783 29.947548 63.986820
v 2.077762 30.780741 69.958588
v -8.038708 29.023861 71.665306
v -2.552749 30.192636 72.921913
v 3.958161 30.618145 64.317047
v -1.351284 30.111174 70.349609
v 2.656146 30.531113 71.894333
v -27.711449 31.689102 38.400665
v -26.421581 30.950964 36.010101
v -27.711449 31.689102 38.400665
v -24.098473 33.471447 36.060760
v 37.912251 16.591629 12.796598
v 38.508682 20.476559 5.261677
v -50.238220 34.924259 4.776969
v -53.575443 36.027782 4.845883
v 9.952767 37.082390 46.356377
v -53.575443 36.027782 4.845883
v 12.529916 33.513336 47.536777
v -57.109108 39.040894 10.750684
v -53.360096 38.356842 11.869642
v 19.613333 28.346659 42.203552
v 20.419477 24.170420 38.519402
v 22.291384 22.805096 41.619099
v 22.828522 26.268063 43.930538
v 12.082291 15.379867 -6.220041
v 7.906887 30.736107 -1.298067
v 12.602002 25.549940 0.930641
v 8.537939 25.496996 -1.570872
v 22.970963 21.256687 46.399788
v 33.777431 23.615286 23.838409
v 32.797523 14.284269 20.041895
v 34.813965 15.599367 20.420069
v 30.998041 23.257755 22.762663
v -32.602013 45.552799 16.938400
v -37.670513 37.231533 30.020235
v 7.051714 10.694825 -9.584087
v 6.274801 13.850611 -9.883892
v 35.275009 22.930838 3.760736
v 33.423641 21.184635 9.708620
v 35.248081 20.818935 4.448390
v 35.578625 24.416986 3.114781
v 8.508912 48.253929 6.708030
v 11.431208 43.980465 1.467774
v 8.299677 48.458279 6.738440
v 7.655471 50.053318 6.229637
v 34.780151 24.313665 15.095661
v 33.457249 28.538157 19.257668
v 7.281599 50.601711 8.175004
v 7.417193 49.942650 6.109187
v 7.551443 49.221123 8.633355
v 7.429983 49.920006 8.434027
v 7.938117 49.495110 6.289354
v 10.614966 48.485241 9.127515
v 8.006027 48.311607 8.906644
v 11.403370 48.191814 5.812567
v 10.773235 40.738235 1.510479
v 11.865310 43.160870 2.359357
v 7.793111 48.511524 8.902039
v 11.058056 47.005356 3.453250
v 33.810753 23.203068 9.018669
v 38.082829 24.277002 3.592036
v 33.561264 18.051598 10.497174
v 35.856792 28.936823 19.671124
v 10.773235 40.738235 1.510479
v 38.135109 23.244671 9.984393
v 36.712540 24.786400 2.939499
v 11.865310 43.160870 2.359357
v 28.696487 28.056437 18.442154
v 32.667309 24.836002 15.022053
v 31.720978 23.703785 15.780742
v 30.666063 28.610828 18.170448
v 35.578972 23.663067 9.010326
v 35.856792 28.936823 19.671124
v 12.817419 40.594803 2.764037
v 13.316489 42.733009 3.053100
v 38.040337 23.694622 -2.265761
v 27.885038 26.670065 19.061666
v 37.032017 24.262333 15.996847
v 10.450486 39.019142 1.255005
v 9.826937 39.218479 -0.002387
v 10.524729 36.375610 1.379878
v 10.149545 41.188583 0.128205
v 29.866381 55.269062 16.706823
v 35.580288 26.560127 22.315706
v 8.129560 48.953377 6.544001
v 27.911570 62.482567 7.164638
v 27.268585 60.064472 5.881463
v 28.698954 52.337982 12.011689
v 30.895227 21.274454 16.742346
v 10.023406 44.513386 1.199006
v 29.103384 47.735306 17.716152
v 16.323910 23.500498 7.536907
v 6.603625 77.916023 -16.826387
v 15.621593 20.223778 0.760017
v 10.325420 14.259447 -8.403908
v 14.352926 22.475883 0.714071
v 13.792589 24.176617 0.497859
v 15.465792 24.950315 3.871532
v 14.292642 26.158398 3.933869
v 17.506264 19.822727 2.081642
v 13.399364 27.419079 3.722833
v 13.663321 27.712090 5.897763
v 14.507173 26.110638 5.876916
v 15.997031 23.358896 4.109502
v 13.607065 11.789514 -6.503365
v 38.040337 23.694622 -2.265761
v 33.777431 23.615286 23.838409
v 38.135109 23.244671 9.984393
v 38.468571 19.849611 11.673867
v 25.699415 51.002827 11.808915
v 37.075157 20.840425 18.946329
v 18.064459 20.200085 6.080770
v 12.085777 31.830290 5.253521
v 23.164341 51.181572 14.188601
v 37.032017 24.262333 15.996847
v -26.067926 46.941296 24.166407
v 27.911570 62.482567 7.164638
v -32.603046 48.807655 18.882971
v -26.203459 43.379219 22.093416
v 23.829586 63.299370 12.127969
v 26.714634 50.516937 22.981045
v 22.905674 52.823315 6.813306
v 19.996107 49.673973 22.123308
v -31.487835 50.819725 21.285242
v -27.454975 41.693939 19.198181
v 30.400410 49.551273 21.099390
v 22.990503 50.577381 23.185596
v -29.602081 42.661980 17.139042
v 26.913467 56.857895 18.883701
v 20.331520 55.428638 18.834900
v 24.866764 46.332443 16.632471
v 29.866381 55.269062 16.706823
v 23.605978 56.605423 19.453594
v 10.060621 73.261475 -21.147703
v 5.358433 76.024925 -21.744509
v 15.692730 25.009720 6.846158
v 25.453175 55.471581 6.264301
v 30.400410 49.551273 21.099390
v 11.707775 31.662134 2.788424
v -36.428879 36.664967 29.913830
v -1.363519 58.452229 0.727003
v 1.599738 80.337761 -15.067700
v 26.529228 64.105865 10.088231
v 5.667139 18.780821 -6.486408
v 10.558091 31.442535 0.595489
v 12.926847 14.592986 -6.991063
v 34.813965 15.599367 20.420069
v 38.082829 24.277002 3.592036
v 38.312248 22.386904 4.616635
v -32.602013 45.552799 16.938400
v -56.888878 37.403908 5.723212
v -55.827892 39.227444 8.420977
v -54.314518 37.534775 4.513393
v 26.646814 23.694220 65.946045
v 24.786362 27.105423 62.592518
v 26.156820 23.237932 62.275009
v 24.971483 27.586489 67.163361
v 31.764816 21.860195 71.784966
v 32.940773 22.729155 70.550583
v -54.368843 38.225040 5.840459
v -56.888878 37.403908 5.723212
v 29.808947 21.528477 67.078880
v 31.281185 20.773722 70.490761
v 29.090429 22.105768 64.380516
v 31.764816 21.860195 71.784966
v 29.023510 22.596628 68.371620
v 28.566353 24.802582 69.699341
v -56.866776 36.922760 4.655142
v -56.866776 36.922760 4.655142
v -55.974628 38.943298 7.177937
v -54.202785 38.657249 7.059877
v -57.540592 38.341873 5.248254
v 31.403067 21.795458 65.965332
v 30.391098 23.154366 59.789860
v 32.391830 20.880541 67.071022
v 31.403067 21.795458 65.965332
v 31.006371 25.073967 63.835583
v 32.485348 23.650454 66.287910
v 32.391830 20.880541 67.071022
v 30.591215 22.679131 63.452255
v 31.058552 20.513962 68.735703
v 30.591215 22.679131 63.452255
v 30.918242 25.738327 60.466354
v 28.882229 22.173750 60.784554
v 30.391098 23.154366 59.789860
v -53.778172 37.429016 9.682960
v -54.088371 39.010132 8.704000
v -43.381824 35.061840 8.554765
v -44.296207 33.235237 6.724704
v -58.800667 39.151642 11.946588
v -45.156223 31.662615 5.777219
v -46.035900 29.684572 4.804975
v -57.593575 37.861008 4.220798
v -56.239681 38.003105 11.905472
v -59.030266 39.247307 10.967528
v -56.239681 38.003105 11.905472
v 8.600495 47.794933 16.703680
v 17.798027 24.166946 49.341072
v 9.959057 42.489204 22.442043
v 10.832500 29.195093 51.796406
v 9.650222 46.168068 19.772842
v 7.942511 25.504070 48.093254
v 19.402138 27.155960 46.859753
v 15.265410 26.638479 48.424606
v 16.041149 30.520636 46.930012
v 23.791960 23.923544 47.901398
v 13.007576 23.835531 46.700123
v 11.197913 68.774712 13.463226
v 7.500718 41.487057 -0.699628
v 0.000000 34.880104 -2.199136
v 2.072130 34.971027 -2.147488
v 0.000000 44.142471 -1.084866
v 4.470813 44.061886 -0.999875
v 7.254615 41.670811 -0.949382
v 4.430932 39.425434 -1.801727
v -34.711071 40.665977 10.950206
v -34.930092 38.528206 6.319301
v -34.936054 37.297112 7.925949
v -34.579327 41.161827 8.859933
v 12.428967 20.907469 -1.849651
v 11.152876 18.995535 -3.892600
v 13.269316 19.148308 -2.078918
v 1.942937 39.686150 -2.058557
v 0.000000 39.723911 -2.100527
v 3.343205 45.368942 -0.563220
v 8.918134 41.392651 -0.429540
v 0.000000 44.849262 -1.146122
v 8.796558 39.351509 -0.743419
v 9.313303 36.227669 -0.254067
v 7.862654 45.356491 1.243461
v 8.086960 45.075714 1.382743
v 6.951852 48.977844 4.192048
v 6.314450 46.337509 1.254791
v 8.347898 47.736904 4.094090
v 8.120647 48.103897 4.076278
v -0.000177 29.573009 -2.338472
v 2.323015 29.730572 -2.297969
v 5.470060 24.439974 -3.241621
v 4.868860 30.116394 -2.058973
v -0.001740 18.211966 -6.721279
v 8.763795 43.027233 17.599592
v 9.650222 46.168068 19.772842
v 14.429642 43.810631 14.442995
v 11.037632 47.837654 12.424953
v 15.438590 48.707901 20.993816
v 20.708353 45.030033 14.443636
v 17.285929 41.719921 25.180605
v 8.006427 44.596893 23.908239
v 9.507418 35.809849 23.067062
v 8.481784 42.107082 27.174105
v 2.802787 14.512654 -9.387772
v 16.537809 51.655045 18.867979
v 12.813554 59.651844 22.686150
v 16.170547 49.945015 11.350352
v 15.635943 45.761513 23.411293
v 8.594213 39.409737 20.217073
v -0.002723 14.421707 -9.642751
v 10.590495 51.816628 27.475904
v 16.335722 55.849228 18.593979
v 12.545923 47.456772 25.192703
v 9.959057 42.489204 22.442043
v 20.643213 50.402531 12.112596
v 8.426367 47.087879 21.062672
v 8.426367 47.087879 21.062672
v 9.301014 49.220409 19.206194
v 8.006427 44.596893 23.908239
v 8.481784 42.107082 27.174105
v 3.226814 13.820924 -10.266782
v 2.675049 18.466106 -6.570971
v 5.336708 46.880093 1.587999
v 0.000000 44.878380 -0.878889
v 5.500151 46.891079 1.495987
v 3.220623 45.452145 -0.418075
v 7.688489 48.553913 4.071850
v 7.203596 48.962090 4.080559
v 2.684466 24.045002 -3.714973
v 8.513311 47.506340 4.090956
v -0.000808 23.824154 -3.908734
v 7.216812 45.747547 1.145322
v 6.059191 42.238789 -1.044795
v 7.157238 35.753929 -1.308950
v 4.493167 35.330338 -1.878385
v 6.840319 40.185036 -1.547823
v 14.264593 52.356255 21.850685
v 2.653525 46.133476 18.062183
v 8.600495 47.794933 16.703680
v 4.507043 70.740974 16.409910
v 9.301014 49.220409 19.206194
v 11.628054 25.329901 58.983761
v 11.234402 24.390041 58.305027
v 12.392320 20.434767 61.990570
v 6.004037 29.540447 64.254646
v -1.144892 24.459284 67.818886
v 6.579391 29.961908 64.570549
v 4.571653 26.421473 71.141907
v 4.648198 26.983692 72.493668
v 7.224082 23.928459 39.807098
v 0.814039 26.407238 71.899963
v -2.714307 23.969233 70.690613
v 26.304871 21.744005 54.714714
v -5.790299 74.981712 15.352334
v 26.565062 22.428743 58.426811
v 31.586946 25.403257 56.484909
v 2.741024 69.308624 16.990519
v 24.537481 25.042156 54.911556
v 30.995735 22.271524 55.614746
v 24.991465 25.393997 58.441319
v 0.894904 82.378052 9.394389
v -22.510544 56.259125 14.588045
v -5.822466 82.063385 7.630537
v -36.316219 21.293974 36.758110
v -37.998737 20.610313 37.521931
v -39.651840 20.001348 37.438087
v -35.976795 22.591516 53.342510
v -35.880936 19.543112 36.423634
v -37.166515 21.002964 37.074345
v -32.386028 21.995171 41.573963
v -35.929562 20.402845 36.597214
v -35.880936 19.543112 36.423634
v -39.462856 20.972239 42.986786
v -39.651840 20.001348 37.438087
v -33.157791 22.223379 42.674191
v -31.881634 21.299253 41.263359
v -39.696873 20.247780 42.891953
v -40.616692 19.465063 37.257206
v -38.005260 21.558006 42.761341
v -39.462856 20.972239 42.986786
v -35.626659 21.061691 41.510117
v -36.911404 21.570213 41.951725
v -35.037132 20.097702 41.168846
v -35.062748 19.002604 40.478195
v 15.869786 18.024332 59.775471
v 20.051949 18.619146 51.991795
v 20.775330 16.450947 57.947205
v 21.908520 17.790255 58.852894
v 14.429497 21.628750 42.745163
v 17.036531 19.478281 61.459961
v 9.706078 22.794621 41.434036
v 13.007576 23.835531 46.700123
v 7.942511 25.504070 48.093254
v 22.197680 19.662987 52.828491
v 16.387938 21.957869 48.026054
v -37.918922 18.680975 36.813858
v -32.386028 21.995171 41.573963
v -36.415684 18.915646 36.492340
v -38.114647 18.618345 42.035046
v -37.918922 18.680975 36.813858
v -33.889156 19.634954 46.341042
v 14.646358 21.888887 37.865036
v 17.581839 20.301088 46.076878
v -36.415684 18.915646 36.492340
v -36.231483 18.684448 41.228466
v -35.037132 20.097702 41.168846
v -36.456917 18.658792 30.034063
v -35.929562 20.402845 36.597214
v -32.205460 19.940325 41.830833
v -35.047855 24.566605 49.935757
v -19.564529 41.365429 29.931948
v -21.532253 44.091145 19.853603
v -22.736916 34.613560 23.930391
v -16.217552 31.333544 22.979750
v -22.869812 45.960823 21.664415
v -20.864815 54.118435 13.094150
v -23.151539 37.611591 26.306189
v -23.173077 48.574589 24.204422
v -19.857660 30.852419 20.808426
v -22.729057 32.332211 21.430054
v 16.974327 20.506990 51.890400
v 1.163340 26.287998 69.437836
v 16.650841 19.448689 55.810925
v 18.065704 19.023436 51.616241
v 19.021069 16.632061 56.786926
v 15.374504 19.805555 58.759960
v 6.047695 27.781269 67.795700
v 6.693811 28.290129 68.801422
v 6.004037 29.540447 64.254646
v 3.828214 30.701542 60.471645
v 16.368113 18.257610 60.699604
v -39.477139 19.045938 42.422844
v -35.724468 19.408840 51.174770
v -33.804867 22.751953 45.588963
v -40.020649 18.782991 36.931000
v 2.831448 27.508036 67.530319
v 3.722555 26.852093 68.997757
v -40.616692 19.465063 37.257206
v 3.329600 30.485937 66.775650
v 2.188487 28.526936 67.367279
v -0.559015 28.960291 68.610863
v -1.415217 26.426840 65.301514
v 3.647307 29.267853 66.143967
v 3.647307 29.267853 66.143967
v 0.183387 27.763561 67.322762
v -1.415217 26.426840 65.301514
v 2.188487 28.526936 67.367279
v 0.183387 27.763561 67.322762
v 1.826233 29.962280 68.318253
v 4.131783 29.947548 63.986820
v -27.430590 33.299126 41.430580
v -27.098282 33.967396 45.776939
v -18.023987 37.040760 45.671829
v -23.382462 35.542633 46.373409
v -29.724344 30.929504 41.010952
v -25.538393 32.698463 38.044861
v -23.812487 36.357773 39.662560
v -22.052422 35.869648 50.536137
v -29.855820 30.812641 46.980862
v -27.057726 34.353485 48.996037
v -25.174818 35.094475 41.523510
v -29.692480 30.790401 44.437366
v -3.168406 27.766699 66.441666
v 5.204151 29.505219 64.002686
v 4.570388 29.597178 63.859638
v -0.700226 25.047791 65.841934
v 5.204151 29.505219 64.002686
v 0.849498 26.778593 67.578178
v 5.090046 28.054787 66.781548
v 4.259190 28.480444 66.109077
v -29.265987 22.845196 49.489159
v -28.834312 22.886871 44.125935
v -29.250975 23.258110 40.657623
v -21.068319 36.642010 43.788574
v -30.787785 26.365873 40.174858
v -31.192820 26.065176 44.377491
v -40.020649 18.782991 36.931000
v -31.087370 27.141083 53.897877
v 36.840202 17.116127 66.471085
v 37.621635 16.274384 63.389347
v 34.140144 19.380424 67.401619
v 37.816879 15.709940 61.363720
v 38.549511 16.329666 63.862110
v 34.016132 22.318920 67.736893
v 18.758198 21.339293 56.875858
v 15.590049 21.694155 58.667927
v 15.374504 19.805555 58.759960
v 32.477364 24.910166 52.265694
v 29.269936 21.231066 56.869812
v 32.480412 20.611715 51.580681
v 29.813520 19.683046 53.053802
v -59.676773 37.749405 5.266131
v -59.676773 37.749405 5.266131
v -56.500591 38.123840 10.609045
v -52.855679 36.680801 12.069157
v -56.500591 38.123840 10.609045
v -34.927273 39.155895 12.086381
v 22.970963 21.256687 46.399788
v 20.927773 24.749781 49.107975
v 22.291384 22.805096 41.619099
v -55.659721 38.923862 10.574287
v -56.464340 38.392868 8.650992
v -55.442341 38.715870 11.757412
v -56.673874 37.986412 7.374406
v 10.525324 24.344767 -1.135320
v 8.904517 20.417440 -4.396931
v -34.930092 38.528206 6.319301
v -35.011456 37.702251 11.762167
v -34.660168 40.176479 6.792802
v -57.372517 39.116341 7.253351
v 5.836867 14.656707 -8.940200
v -56.464340 38.392868 8.650992
v -46.597385 33.746590 9.726799
v -53.777103 38.868053 10.165987
v -58.989174 39.271454 7.312174
v -58.873348 39.637383 8.329406
v 10.923697 11.377529 -8.072240
v -35.011456 37.702251 11.762167
v -34.924473 36.963776 10.027422
v 9.768384 15.183162 -7.507426
v 2.319728 42.766289 -1.390405
v 5.059403 40.539654 -1.536810
v 2.658627 43.285965 -1.498134
v 18.143116 20.941090 40.733837
v 19.932425 19.974030 45.353493
v 20.419477 24.170420 38.519402
v 5.493096 40.857964 -1.676289
v 10.829288 22.053293 -2.654166
v 6.916693 39.429504 -1.298638
v 11.732344 26.853832 0.869807
v -2.199743 27.658215 74.475449
v 9.014909 46.402935 31.382719
v -7.917825 25.319016 73.538513
v -5.328403 24.326061 72.822647
v 22.197680 19.662987 52.828491
v 20.429253 22.491913 52.977623
v 21.908520 17.790255 58.852894
v 13.128094 21.757608 62.247662
v 17.297215 20.981524 61.412613
v 13.128094 21.757608 62.247662
v 11.628054 25.329901 58.983761
v 4.570388 29.597178 63.859638
v -6.654385 63.483490 -7.985367
v 2.778908 70.856979 -20.394636
v 1.653184 29.767332 45.793808
v 0.458054 25.711113 49.918705
v 1.653184 29.767332 45.793808
v -0.930707 66.859818 -23.469826
v -13.344844 34.106762 40.547764
v -8.008844 35.478539 42.071201
v 14.549191 34.179688 40.489502
v 15.450964 28.536129 34.863190
v -1.952633 28.073816 55.746407
v -0.230648 29.157431 50.097065
v 4.991643 25.799452 31.622789
v 6.698371 70.891983 -22.313206
v 4.101624 70.496033 -21.835976
v 4.392475 31.213276 26.919605
v -1.261467 65.644485 -23.242205
v 3.331262 25.015182 44.578983
v -0.230648 29.157431 50.097065
v 0.883994 23.397446 29.984268
v -1.064691 65.432678 -23.413315
v 43.602768 66.396935 30.360233
v 38.348621 60.998005 30.134809
v 44.783627 61.905300 24.465822
v 45.186386 60.545837 23.745377
v 42.815582 67.689857 29.478312
v 41.237644 66.820816 30.825714
v 42.043770 68.023117 29.545296
v 40.967121 69.518181 26.191528
v 39.639736 64.743553 30.621820
v 42.842907 66.596405 30.640177
v 40.961388 64.880501 30.831625
v 42.768486 67.279732 30.737112
v 40.833733 69.431122 19.885925
v 40.074322 67.712830 29.166224
v 40.265057 69.279335 23.033224
v 42.919662 69.943756 23.943531
v 42.077206 66.726349 30.779224
v 42.194378 67.405853 30.761179
v 39.453156 63.134064 31.461342
v 38.647511 62.520714 29.896664
v 2.889910 49.748123 14.739720
v -2.173075 51.008373 13.722973
v -2.854043 54.245865 9.488935
v -8.369434 53.295612 10.468864
v 40.994423 68.374367 28.718033
v 40.298553 68.901749 27.722733
v -6.907018 50.335522 13.106719
v -13.447428 49.400211 13.572998
v 43.299992 62.388607 26.702606
v 42.309841 63.623505 27.916637
v 31.661642 60.884876 23.853703
v 37.160835 60.685017 27.447571
v 38.221260 61.683170 14.801750
v 34.643833 62.205067 21.620684
v 43.668320 64.385971 29.585114
v 40.094467 62.522076 29.656548
v 42.781525 65.321457 29.892630
v 35.426407 59.876659 27.911514
v 35.764442 61.010975 28.063038
v 38.694912 61.988739 26.148705
v 41.019814 63.595142 28.835499
v 41.794201 65.439110 30.213152
v -5.413260 82.993279 1.272186
v -4.817467 82.035446 -5.506512
v 45.769951 62.178463 28.573107
v 45.151730 63.344482 28.159082
v 4.819435 80.705727 8.411180
v 1.949962 82.914597 -5.498814
v -10.471052 47.584763 14.612593
v -13.593843 61.843765 -4.057192
v 41.971088 69.809486 21.691454
v 40.942299 69.086105 27.378403
v 30.587015 61.259369 25.149752
v 30.266264 60.244743 25.120745
v 2.012147 82.800781 2.652421
v 10.580618 79.866112 6.627789
v 18.561758 75.585022 8.078244
v 18.946299 70.822433 7.139041
v 18.455898 71.164131 2.602802
v 19.252178 77.162666 -4.723344
v 21.647518 72.677994 -3.231275
v -39.894958 67.023979 19.660641
v 43.201866 60.922009 19.809195
v 41.707989 61.619629 21.899410
v 16.462847 76.295174 3.883407
v 17.607738 75.647636 6.716177
v -39.791954 68.265106 19.658794
v -39.768017 71.400406 20.250134
v 40.752148 63.175903 24.176836
v -40.320168 72.520477 23.176409
v 36.970150 62.579498 18.382202
v 39.249454 59.704742 9.578085
v 19.724728 73.125885 8.633966
v 19.741447 74.439720 8.250771
v 24.478819 69.973427 3.774343
v 16.964539 74.412819 2.484425
v 17.506290 58.872826 2.704033
v 15.093588 54.565716 6.777272
v 18.863850 55.266052 8.508817
v 5.971189 53.965889 8.534856
v 23.572689 70.746788 5.819953
v -40.677124 72.552956 27.832302
v 14.357991 72.567856 -16.874344
v 8.978521 79.825691 -9.344235
v 19.540428 78.584145 7.876859
v 18.857899 71.447777 12.215891
v 4.794553 87.837021 -18.294687
v 7.894074 76.895554 -24.536831
v 9.657458 64.196091 23.233208
v 9.657458 64.196091 23.233208
v 15.675139 79.444260 -13.559292
v 17.482508 79.832138 0.766052
v 18.351458 78.578621 6.091477
v 16.437868 86.405014 -0.025899
v 13.583557 87.344360 9.419724
v 8.879169 66.630341 22.603245
v 16.417107 78.147659 11.841754
v 16.890167 72.871254 6.244853
v 12.222721 60.623558 -0.660787
v 14.517565 58.503620 5.043376
v 20.670689 76.270203 8.435607
v 22.252977 71.980141 -6.408653
v 9.495734 58.514023 3.089701
v 16.068577 75.278961 -5.966583
v 10.026484 80.656158 -1.676694
v 43.350441 59.723415 18.820190
v 39.335346 60.939022 10.906395
v 22.082838 73.323380 8.657797
v 11.195930 87.610916 -11.770948
v -0.644048 142.975662 21.070669
v 28.919447 60.694515 -8.907185
v 28.919447 60.694515 -8.907185
v 33.346420 58.895596 -2.231503
v -1.675166 142.717377 21.540989
v -3.262926 142.737808 18.575119
v 20.602901 61.433601 23.285534
v 20.602901 61.433601 23.285534
v -2.185569 140.698074 13.312414
v 0.361453 137.119186 8.945138
v 29.472269 62.287766 -5.400400
v -0.263614 140.236786 15.034875
v 21.414993 63.569775 22.192568
v 16.181721 65.271584 22.392252
v 25.949434 62.223724 22.777943
v 25.163506 60.282627 23.610485
v -1.702577 138.489685 7.660986
v -2.442843 142.522156 17.767075
v -2.185569 140.698074 13.312414
v -2.442843 142.522156 17.767075
v -3.262926 142.737808 18.575119
v 15.922045 62.590927 23.026430
v 0.045561 118.337273 -5.294037
v 1.035928 130.790359 4.539564
v 24.566448 64.596260 -13.919443
v 24.566448 64.596260 -13.919443
v 1.438969 86.503479 -22.081697
v 1.130772 100.083595 -15.890053
v 2.192802 117.384979 -3.417962
v 33.628769 60.477612 0.936263
v 3.808525 99.680702 -12.987301
v 17.964420 71.137054 -16.403208
v 25.989647 65.324478 -9.167410
v 16.057400 70.068130 -22.002159
v 33.346420 58.895596 -2.231503
v -1.702577 138.489685 7.660986
v -1.108535 132.140060 3.251049
v -1.108535 132.140060 3.251049
v 15.922045 62.590927 23.026430
v 25.163506 60.282627 23.610485
v 0.045561 118.337273 -5.294037
v 16.057400 70.068130 -22.002159
v 20.206264 119.573120 50.374447
v 19.175940 120.136551 50.985226
v 19.499830 120.403961 45.333759
v 19.611029 120.717590 49.012306
v 19.812962 119.766136 50.722759
v 19.982607 65.973930 -8.956877
v 16.534906 64.924843 15.824821
v 9.175025 67.609650 17.018080
v 20.367329 119.314278 50.080032
v 28.085306 60.231396 15.788510
v 20.842056 119.117393 44.124035
v 3.996052 74.806053 -28.734310
v 3.996052 74.806053 -28.734310
v 9.861432 72.792572 0.259951
v 1.130772 100.083595 -15.890053
v 1.438969 86.503479 -22.081697
v 18.541622 120.446175 51.232582
v 22.706120 62.363934 14.536443
v 20.818892 119.425758 48.871147
v 20.705256 118.757370 48.850842
v 26.292036 63.276955 -2.853603
v 31.677622 60.659817 4.450226
v 21.206953 118.458542 47.982288
v 20.876575 117.804237 48.200039
v 20.283800 116.086479 48.586220
v 21.014256 116.543350 48.279270
v 16.522949 111.473549 54.960045
v 12.612691 110.949379 57.860062
v 21.284351 117.515350 47.797634
v 20.412449 119.827141 46.075108
v 20.746132 116.918091 48.145027
v 21.868864 117.164925 44.264282
v 21.961624 117.258041 45.547104
v 16.214476 109.584930 54.670063
v 20.549427 120.056435 49.045635
v 18.529572 121.165588 48.807545
v 21.602081 118.126068 46.925049
v 21.376295 118.730553 45.231171
v 6.334325 70.201805 -15.247298
v 12.971980 69.290924 -19.765038
v 21.484600 119.231094 47.259609
v 21.669968 116.880234 47.404335
v 18.522736 113.174187 51.949455
v 17.714735 114.405304 51.799385
v 17.064083 114.657516 51.523117
v 10.845553 113.688721 60.072357
v 19.949039 113.949249 50.484241
v 20.267248 111.452980 49.900898
v 21.698549 114.269066 47.752563
v 14.714828 115.710533 54.541149
v 12.061995 115.832054 58.471561
v 14.265605 115.874428 52.902050
v 12.756420 113.568375 58.549633
v 14.527171 114.497971 56.716038
v 13.528884 112.591187 57.612343
v 16.001150 114.826248 53.357300
v 16.334116 113.622757 54.601845
v 15.588879 114.968628 52.311600
v 19.073709 110.167191 51.467133
v 20.167690 115.601631 49.423615
v 18.022047 114.625267 50.681328
v 18.841059 114.679794 50.767914
v 21.628929 113.327187 46.919807
v 21.214888 115.444550 48.786407
v 8.891075 119.964378 51.662178
v 10.519565 120.268082 52.778362
v 9.247780 124.559639 52.394474
v 6.738291 135.180634 50.973240
v 6.555349 132.474731 49.641582
v 5.203096 129.555679 49.073441
v 8.892773 120.240791 59.642948
v 13.420135 115.803658 56.841049
v 1.975089 135.248016 57.659866
v 10.284805 122.028038 57.706001
v 4.681076 136.015701 54.902428
v 7.397987 123.398216 51.377151
v 19.294210 115.262573 49.516487
v 11.815340 111.724197 59.594013
v 11.852504 118.722855 54.667992
v 12.269201 117.111397 52.651077
v 19.857937 109.407417 49.622879
v 19.127686 107.776062 51.031113
v 10.595212 124.373329 54.635174
v 13.241892 117.149910 54.363506
v 0.181394 137.837082 8.637814
v -1.501103 138.201965 7.896349
v 7.160317 134.084564 15.659348
v 2.601200 139.701370 17.236135
v 26.207241 67.377800 2.883716
v -0.062150 140.718887 14.755515
v 29.723745 63.546173 -2.474922
v 29.591963 61.592323 -8.531631
v 34.200100 59.575653 -2.337287
v 30.053001 62.716469 -7.017293
v 3.354094 108.224899 19.483149
v 5.271461 96.534744 16.582552
v 7.292458 80.342201 16.280180
v 8.955485 109.661789 13.922640
v -5.954581 87.840652 -16.576481
v -17.401857 80.467903 8.230925
v -8.905883 77.021065 -22.996462
v 6.240048 128.808075 19.133738
v 7.368089 77.268166 -25.908300
v 0.924157 118.594383 -4.829472
v 2.597734 118.227386 -4.127064
v 11.984598 96.668579 10.047366
v 25.600309 66.215912 -11.544586
v 2.271733 87.505852 -20.595436
v -42.597374 72.370178 22.058666
v -40.320168 72.520477 23.176409
v -14.645538 88.337151 11.448646
v -16.832390 87.467834 2.874950
v -39.894958 67.023979 19.660641
v -17.943598 79.926521 1.158730
v -24.075048 72.616302 -6.045668
v -19.989117 74.871170 11.070711
v -17.754166 79.682472 -12.000245
v -17.490568 76.005615 9.474387
v -20.839148 76.875328 -4.456799
v -16.898500 79.868980 5.963960
v -16.614428 76.369576 3.362128
v -16.279058 76.723824 6.365513
v -16.306108 73.274216 7.039492
v -18.326794 71.230263 8.503560
v -18.100729 78.060463 9.757479
v -15.006849 80.556770 12.571560
v 1.903459 100.502686 -14.910142
v 4.694963 88.168663 -19.175278
v -0.471983 132.014175 3.611108
v 0.996081 131.543671 4.166494
v -23.093660 73.465500 -2.081621
v -16.471949 77.074501 8.618678
v -17.547197 74.311867 2.650343
v -19.003897 71.544167 3.841268
v 4.078295 100.430984 -13.928540
v 7.478574 122.150093 16.744984
v 16.614700 71.018951 -21.206017
v -22.486345 72.124336 8.154584
v 29.029621 65.055885 3.108575
v 33.798412 62.440094 3.793355
v -1.626062 140.595459 13.849783
v 9.878224 111.602280 5.426681
v 24.924023 65.427467 -13.350986
v -41.178875 64.280708 33.888237
v -41.686703 67.222275 32.882729
v 8.765697 97.872810 -8.331589
v -41.604233 71.936081 31.558140
v -41.178875 64.280708 33.888237
v -43.825764 69.609436 26.403549
v -45.199848 71.464005 29.441238
v -39.791954 68.265106 19.658794
v 20.825968 62.483955 23.728718
v 21.202934 64.233215 23.261496
v 16.741352 67.410713 20.748404
v 21.931221 65.289070 20.047890
v 15.754736 63.802963 23.431662
v 26.560684 62.928867 20.963518
v 16.072073 65.696106 23.208736
v 25.235226 61.407539 24.296240
v 1.380097 84.975342 -21.355967
v 8.646087 65.479240 23.689810
v 4.383663 74.418198 -26.999599
v 8.797031 67.175987 23.479115
v -0.977959 130.228760 4.063989
v 1.151395 83.500664 -18.681755
v 4.886993 144.516220 45.564812
v -1.451710 143.283783 23.876862
v -0.934406 143.543167 21.038700
v 29.579906 65.022598 15.022056
v -0.794541 129.414566 4.385544
v -1.920483 136.430359 7.248785
v 2.621893 71.935265 -19.626991
v 0.877136 98.410652 -15.184882
v -0.337544 116.845779 -3.190293
v 0.549950 97.531258 -14.596581
v 3.794032 136.822357 31.240385
v 3.958075 144.042114 37.154633
v -0.686794 148.282822 49.632927
v 5.265104 142.153503 28.683369
v 0.229792 146.535477 38.360229
v 1.861486 142.889389 24.834639
v -2.110932 143.063660 19.156610
v -2.008481 143.725571 21.214930
v 9.417631 68.351257 21.025736
v 9.435256 70.874107 17.360384
v 25.522923 66.379257 11.722866
v 21.041121 68.261185 12.355844
v -4.101420 148.252426 39.695759
v -4.048074 150.453506 52.596413
v 8.390486 74.649658 16.091890
v 25.649990 63.083332 23.866877
v -2.848030 143.238174 19.764112
v -0.051954 116.317490 -2.757994
v -2.110196 136.063080 7.499237
v 0.659061 131.757324 32.886524
v 3.923831 139.331253 44.272774
v -2.485973 139.261261 13.300314
v -2.589816 138.853058 13.642202
v 0.372586 136.190918 38.818306
v -2.729308 141.038086 18.955902
v 1.901148 136.225952 44.233646
v -2.406070 141.294189 18.555799
v 3.101309 135.736069 10.678468
v 6.662686 139.465973 21.162506
v 27.349403 65.966324 -4.932594
v 32.470783 64.190170 9.185856
v 34.525459 60.791050 -0.962196
v 3.204724 118.940987 20.554789
v 6.297518 87.387459 16.343756
v 5.536796 134.112045 24.056345
v -12.557068 87.751640 -8.541112
v 7.912471 125.892075 11.184583
v 4.010633 128.998047 7.080036
v 6.628797 115.169495 -0.492475
v -41.475193 70.845337 19.602699
v -40.189133 67.222755 19.350700
v -16.484800 73.871544 14.437768
v -40.677124 72.552956 27.832302
v 5.344600 76.001083 -27.832178
v 17.715130 72.275955 -18.999849
v -17.878347 74.571365 10.680103
v -23.655367 71.621140 7.330660
v 13.073890 96.215103 -0.203084
v 2.255696 124.342209 21.056564
v -40.481697 68.922279 19.480356
v -41.686703 67.222275 32.882729
v -41.604233 71.936081 31.558140
v 1.628008 127.989746 25.999825
v -39.768017 71.400406 20.250134
v 3.113829 139.419647 37.740601
v -44.075813 72.314819 25.603937
v -41.224087 66.891556 30.592474
v 11.227694 35.305832 4.799759
v 12.632978 46.395943 3.510152
v 12.886957 45.710419 3.982239
v 13.503933 47.317722 6.089033
v 13.093221 47.829247 5.793009
v 12.886957 45.710419 3.982239
v 12.528590 37.865250 3.733909
v 10.869049 37.319721 2.001455
v 11.488751 36.255486 4.749062
v 12.531343 39.090866 3.052439
v 11.488751 36.255486 4.749062
v 10.450486 39.019142 1.255005
v 12.434737 36.869610 5.090458
v 10.869049 37.319721 2.001455
v 14.125146 45.254696 4.405401
v -44.852879 69.777061 26.979534
v -41.498806 69.862022 19.890987
v -40.810993 69.737541 28.862652
v 3.511957 49.198185 -11.003217
v 1.418770 48.774921 -11.002986
v 3.512084 52.030468 -11.015285
v -3.335373 71.853500 -19.036581
v -5.102210 74.366814 -26.719980
v -42.785610 70.142075 21.618641
v -40.238201 70.268730 23.249371
v -43.906670 70.943451 24.685692
v -42.797970 70.878876 21.881809
v -0.442072 97.489929 -14.089432
v -1.495960 75.129906 4.322039
v -40.129711 69.753525 21.300207
v -40.823261 67.959572 30.426569
v -43.937080 70.245201 23.956522
v -39.900322 68.085480 20.187437
v -13.835659 69.225075 -18.967291
v -45.280731 67.675552 28.891304
v -40.679756 70.490440 26.847996
v -7.046109 70.271683 -15.094370
v -1.470288 70.993256 -13.868191
v -9.510263 67.631813 17.779593
v -0.792274 83.486328 -18.851416
v -1.930530 100.205376 -15.202612
v -1.930530 100.205376 -15.202612
v -19.461994 71.454414 -15.035020
v -23.261618 62.377590 15.530347
v -32.307449 60.692749 5.684954
v -28.504192 60.266933 16.740627
v -1.383843 68.421028 17.852863
v -2.307253 86.578583 -21.412811
v -17.219927 69.744850 -20.600273
v -4.825175 74.809303 -28.383320
v -25.892273 64.027931 -12.557364
v -25.892273 64.027931 -12.557364
v -27.391783 62.953098 -1.537251
v -44.702744 59.143948 26.724525
v -42.063660 58.856026 29.819323
v -1.864733 88.031487 18.736794
v -44.854259 69.252426 26.058086
v -40.681984 65.842735 30.493141
v -10.368561 122.958977 11.214003
v -4.669487 130.254578 4.183698
v -26.145634 65.160141 -11.845488
v -7.392147 126.687378 7.280518
v -3.380104 131.276276 3.650861
v -4.676219 117.906281 -4.011119
v -12.602156 96.711304 1.916967
v -2.967432 118.406784 -4.780534
v -10.149110 111.509689 5.365771
v -26.026926 67.087814 -9.669562
v -9.421553 98.388054 -6.622867
v -4.925831 100.586189 -12.998693
v -2.705181 100.601997 -14.303423
v -5.774033 88.156082 -17.632698
v -17.860516 70.873123 -19.344131
v 3.512029 50.084949 -10.198962
v 1.418802 49.893925 -10.198834
v 5.256949 50.204853 -10.193019
v 5.256949 50.204853 -10.193019
v -6.232778 76.002304 -27.242691
v -45.055397 67.626076 27.856428
v -45.451351 64.828720 28.494295
v -1.856857 75.383728 18.269911
v 3.512029 50.084949 -10.198962
v -8.348816 77.372673 -24.751961
v -9.160171 75.047760 17.383821
v 1.418802 49.893925 -10.198834
v 1.418853 52.022400 -11.025030
v 6.968630 50.555336 -11.410094
v 5.256993 52.032997 -11.001288
v 6.968915 51.013062 -13.234901
v 5.258080 48.337616 -13.244571
v 3.512105 53.045021 -13.260861
v -16.798725 65.753174 24.900757
v -16.440832 63.846973 25.051258
v 1.418857 53.030262 -13.270500
v 5.257014 53.049686 -13.246819
v -19.801765 69.719215 15.128197
v 5.257323 52.007137 -15.618267
v -22.394844 64.889069 22.237503
v -9.303697 65.472420 24.328981
v -17.418236 67.195251 22.598709
v -9.964516 71.127708 19.028553
v -1.460881 66.477837 24.391031
v -1.724384 71.400742 19.304340
v -45.785545 64.960327 29.746162
v -10.540050 72.731102 0.645406
v -37.536076 58.907379 15.578427
v -34.885170 58.303955 20.702248
v -46.000153 67.112083 32.443287
v -39.326405 58.147167 25.140671
v -2.307253 86.578583 -21.412811
v -46.014832 60.365761 33.596928
v -43.248642 67.071449 33.390373
v -17.219927 69.744850 -20.600273
v -25.563375 60.300167 24.374281
v -31.095921 59.129593 25.547602
v -36.461742 58.892803 28.380629
v -26.461861 67.600388 -7.430165
v -4.825175 74.809303 -28.383320
v -41.898270 58.578228 21.619217
v -40.115742 68.724236 19.315495
v -40.481697 68.922279 19.480356
v -21.048811 65.766617 -7.989834
v -17.224699 64.878021 16.899164
v -40.655346 65.588539 31.641043
v -9.992167 68.550529 22.009041
v -9.467432 67.195061 24.131441
v -1.572826 68.817688 21.831423
v -43.379585 62.950603 34.623985
v -43.792698 60.066811 35.324558
v -44.773220 72.080170 31.018002
v -45.772453 62.978821 33.331669
v -42.255657 73.119118 26.536459
v -42.882568 72.590096 31.485962
v -36.816181 60.648563 28.457563
v -31.377041 60.510262 25.447573
v -26.350060 62.325069 23.919817
v -42.597374 72.370178 22.058666
v 19.027264 118.473442 49.604034
v 20.128302 119.025154 49.809101
v -40.818604 71.346642 19.804209
v -45.199848 71.464005 29.441238
v 17.467335 119.562302 50.384300
v 18.048107 119.128876 50.196342
v 17.806791 119.974236 50.894718
v 19.744364 118.842667 49.542789
v 19.675518 117.668617 52.563625
v -41.475193 70.845337 19.602699
v 18.779474 120.136787 44.777275
v 18.243837 119.482010 44.349033
v 17.010061 119.704208 47.735428
v 18.160097 117.794540 47.585999
v 19.350012 118.114777 43.149761
v 18.534050 116.007973 44.804199
v 17.738411 120.799408 48.290291
v 18.256599 116.902237 45.326263
v -5.203506 137.987488 15.079944
v 17.475351 118.638390 47.612411
v 19.020920 117.125580 43.779812
v -4.985103 135.849167 8.866227
v -4.038487 140.001663 13.320089
v 18.065247 118.300362 44.597439
v -43.344334 60.503841 21.172682
v -39.205299 60.552151 13.379654
v -3.827133 138.006760 7.707786
v 6.713475 51.566967 -11.173995
v 5.256993 52.032997 -11.001288
v 3.512084 52.030468 -11.015285
v 3.513946 47.849323 -13.254153
v 6.969610 49.970509 -15.605916
v 3.512296 52.002548 -15.632123
v 1.420447 47.073151 -13.253817
v 6.713538 52.194973 -13.226862
v -21.433336 62.522480 25.112276
v -1.457739 68.066887 24.146173
v -21.810362 64.256325 24.891676
v -25.504118 67.396118 15.260832
v -3.531200 142.975311 19.773636
v -3.501235 143.069504 21.159403
v -4.244679 142.670853 19.747990
v 6.191083 51.680134 -15.605225
v 1.425155 48.682777 -16.894905
v 5.259854 48.791973 -15.616210
v 1.418859 51.987915 -15.641382
v 1.427681 49.272224 -18.546167
v 3.516945 48.303158 -15.626758
v 6.194719 50.216824 -17.124172
v 6.716182 50.392502 -16.808186
v -41.215172 72.800743 22.663637
v -5.983346 141.859634 20.677025
v -40.510059 66.769997 19.720139
v -40.021469 67.579330 20.628956
v -40.885147 68.173737 19.680387
v -40.089985 66.430977 20.114304
v -4.787600 142.055267 19.129263
v 6.713817 51.152508 -15.597982
v 3.518298 49.008312 -16.899935
v -5.029844 142.462128 21.177835
v -40.267399 68.564827 21.016874
v 5.262332 49.952030 -17.284328
v -41.525127 69.047157 27.618935
v 5.259459 50.231525 -17.683367
v -42.559307 69.780792 21.899796
v -41.557880 69.480392 26.414568
v -40.853584 69.252388 23.252682
v -40.672615 67.668098 29.420839
v -44.075813 72.314819 25.603937
v 18.599417 118.593468 49.977146
v 20.557331 118.487709 48.354771
v -40.189133 67.222755 19.350700
v 19.039646 117.628693 47.805500
v 19.656666 117.569260 48.029507
v -43.434967 66.529236 30.895302
v -41.847946 66.775787 31.079412
v -42.636150 67.981094 29.797022
v 6.192034 50.734856 -16.325834
v -43.405518 67.646553 29.720367
v 1.419023 50.505043 -17.920658
v 6.193505 50.399986 -17.122921
v -43.363728 67.228455 30.992792
v -41.585850 68.327942 28.966169
v -41.580112 64.827324 31.107206
v -40.633530 62.460911 30.097183
v -40.222015 64.689934 30.978645
v -43.508251 69.913628 24.151892
v 6.193505 50.399986 -17.122921
v 3.513631 49.903816 -18.578773
v 6.194719 50.216824 -17.124172
v 5.259459 50.231525 -17.683367
v 5.258283 50.750854 -16.886560
v 3.519759 49.619232 -18.032766
v 3.513631 49.903816 -18.578773
v 5.262332 49.952030 -17.284328
v 1.419272 49.579498 -19.087816
v 11.290480 59.665161 -12.951205
v 12.988800 59.816628 -14.732266
v 3.512952 50.749111 -17.495714
v 3.519759 49.619232 -18.032766
v 9.311220 59.405079 -13.523517
v 11.751090 58.634373 -15.739985
v 8.308314 57.848648 -14.527184
v -41.418156 69.406097 20.106937
v -40.892426 68.860229 27.952715
v -44.198147 66.324120 30.613125
v -39.983532 63.086445 31.909332
v -25.563375 60.300167 24.374281
v -31.095921 59.129593 25.547602
v -43.649044 58.842560 19.239473
v -4.038487 140.001663 13.320089
v -3.827133 138.006760 7.707786
v -5.864193 140.794922 20.667530
v -46.382980 61.522564 30.462915
v -40.822376 64.828270 31.025879
v -39.788769 62.422234 30.320631
v -40.663517 61.296154 34.056881
v -39.303715 59.531414 31.499447
v -40.663517 61.296154 34.056881
v -39.303715 59.531414 31.499447
v -45.208488 63.762573 28.982033
v -46.382980 61.522564 30.462915
v -44.903503 61.534744 25.634233
v -8.304970 114.837486 0.005139
v -19.057476 72.215683 -16.846033
v -3.193133 87.543640 -19.593960
v 5.256949 50.204853 -10.193019
v 5.256870 49.463985 -10.996821
v 1.418853 52.022400 -11.025030
v 6.190813 52.722637 -13.233957
v 1.423206 47.526859 -15.627190
v 6.193059 49.897995 -16.326963
v 5.260931 49.213821 -16.640799
v 6.714417 50.514191 -16.010756
v 1.419272 49.579498 -19.087816
v 1.427681 49.272224 -18.546167
v 10.833240 61.153568 -13.389417
v 10.863390 62.529160 -17.181763
v 14.092490 62.977596 -16.687065
v 7.486321 59.635540 -15.031755
v 8.541062 58.058060 -17.416384
v 9.863269 58.207130 -17.578613
v 6.735435 60.000183 -16.881145
v 8.538468 60.628811 -15.293937
v 12.463820 58.322495 -17.285074
v 8.236388 61.854950 -17.511061
v 7.173124 58.861641 -14.798594
v 14.468041 59.481010 -16.289946
v 6.431914 58.754295 -16.303715
v 9.971092 61.169746 -14.793526
v 5.091711 49.615009 -17.872961
v 5.156881 49.873737 -18.075649
v 4.553823 48.356522 -17.182295
v 7.057177 49.358318 -16.665798
v 5.836349 48.838566 -16.824833
v 8.024882 48.226158 -15.186433
v 1.365269 45.552345 -11.262858
v 0.732409 45.021877 -12.596175
v 3.556436 46.125893 -8.047133
v 2.196771 45.961597 -9.845579
v 7.291901 47.002357 -13.181747
v 4.776286 46.471313 -14.272525
v 1.745536 46.767517 -16.743557
v -45.584824 67.021881 30.729511
v -9.507824 66.688202 23.343792
v -45.646553 63.723492 31.185019
v -1.503056 67.457848 23.446293
v -44.958851 66.166328 29.810085
v -45.646553 63.723492 31.185019
v -44.167732 67.936615 28.387568
v -45.584824 67.021881 30.729511
v -1.492961 65.281555 23.843094
v -10.284852 64.196693 23.932076
v -21.983616 63.541924 23.972960
v -21.172913 61.478741 24.551613
v -16.927021 65.351601 24.168056
v -1.492961 65.281555 23.843094
v -16.588097 62.615192 24.512703
v -10.284852 64.196693 23.932076
v -21.172913 61.478741 24.551613
v -3.599469 142.615128 18.578684
v -4.205157 141.899185 17.744745
v -3.441582 142.712219 18.653666
v -16.588097 62.615192 24.512703
v -2.196941 84.924385 -20.906368
v -2.226843 116.636688 -3.426635
v -1.298523 97.633171 -14.058142
v -5.377360 138.754883 14.754530
v -43.905052 59.649986 19.181566
v -41.345379 63.113335 24.500015
v -39.904152 66.562561 19.855122
v -40.300922 66.807518 19.408377
v -40.693687 68.576965 19.644070
v -2.162415 129.961472 4.081997
v -1.634423 98.601852 -14.402460
v -2.140939 129.130173 4.366383
v -1.899477 83.573364 -18.397936
v -2.618846 116.184387 -2.896983
v -3.318617 138.962158 13.301631
v -2.988681 138.719070 13.639853
v -2.953206 136.201569 7.285336
v -2.600975 135.955582 7.522251
v 17.948776 113.936852 48.447380
v 18.969643 111.633675 45.253922
v 13.350201 115.017776 51.816208
v 9.143668 109.288574 54.674896
v -4.684143 99.879578 -11.859654
v 10.745433 112.542892 50.780865
v 17.126173 108.146950 47.158684
v 17.692942 113.357948 47.308483
v 12.002822 109.602127 50.626705
v -4.393145 129.617889 4.610412
v -4.459535 117.105995 -3.306224
v -2.166632 118.224892 -5.335852
v 19.699228 115.576523 48.345665
v -2.914380 131.668762 3.273659
v 9.578930 110.589569 52.221256
v 11.998015 114.101532 50.779278
v 15.998111 106.999619 48.566063
v -4.606092 117.838684 21.457703
v -28.650270 66.657951 7.897906
v -7.429271 87.916138 17.304111
v -0.631271 117.930489 23.053274
v -1.991901 81.023598 18.342859
v -8.286086 80.915459 17.061836
v -9.374087 119.575600 16.821886
v -9.612654 109.680092 13.639227
v -5.517017 108.315498 19.553085
v -1.182392 97.019127 18.464491
v -6.175859 96.886734 16.971912
v -1.311533 108.199196 21.362898
v -34.909370 60.341259 0.298860
v -31.221703 64.333450 -3.798592
v -30.924568 62.434677 -6.240648
v -30.502338 65.273140 1.786494
v -34.197674 63.209873 6.997468
v -1.301068 72.091156 -18.526442
v -1.445833 129.139969 4.517151
v -1.358371 116.073479 -2.594620
v -39.794807 60.925961 12.090413
v -2.332786 135.857391 7.601236
v -2.785464 138.685867 13.616568
v -39.710857 59.759739 10.575255
v -28.478531 69.522881 -0.054409
v -25.446760 69.601440 7.888754
v -5.216171 125.793144 27.034279
v -10.027881 132.511612 21.207657
v -10.055330 128.769257 15.631079
v -1.847048 126.209846 27.827888
v -2.864331 135.360214 39.809719
v 1.024614 126.671036 49.658524
v -1.223828 122.854324 23.195562
v -9.715279 132.482880 31.637096
v 0.962577 118.349052 54.960865
v -5.561659 130.073563 33.733742
v -3.786270 130.640350 55.764469
v -3.074192 140.908386 18.953190
v 3.241633 127.776535 49.227455
v -3.474073 140.896072 18.535635
v 3.315862 120.760162 51.554958
v -2.916905 141.024292 19.107145
v -1.787442 127.256485 50.750065
v 18.568382 114.717216 49.240330
v 14.582907 109.440811 48.331043
v 16.000542 110.288704 47.080578
v 20.977903 112.229301 46.006302
v 12.590649 112.110352 50.170063
v 15.191516 108.234756 53.728447
v 17.838877 112.402740 45.796894
v 19.947966 111.518471 45.344776
v -30.608276 64.091560 -1.974121
v -2.914380 131.668762 3.273659
v -2.166632 118.224892 -5.335852
v 21.213751 116.618469 43.341675
v -30.274395 61.152195 -6.978167
v 14.019803 107.284210 52.449402
v 9.858734 108.936043 56.332077
v 14.764235 114.392548 51.368382
v 16.487415 113.335060 49.418621
v 17.140772 114.243477 50.170444
v 18.903774 108.085457 48.881905
v -3.907992 128.591263 52.201199
v 1.543874 119.706993 52.826626
v 5.418808 121.903557 51.330463
v 6.791545 118.439827 51.658401
v 18.343666 106.527168 50.198345
v 18.023008 107.265457 47.926270
v 17.326443 105.971207 49.296856
v 13.600004 113.413666 50.482521
v 15.937899 112.178902 48.333458
v 15.117715 112.944122 49.783508
v -34.095661 59.478321 0.019334
v 20.520735 115.907852 43.025867
v 19.432129 115.215965 43.715584
v 11.206632 109.709442 57.464855
v 12.855942 107.703094 51.546959
v 10.196683 110.405182 59.372688
v 6.137305 111.717117 56.366737
v 7.525277 109.845634 56.261223
v 16.119680 114.140182 50.718681
v 19.512142 115.112442 47.622765
v 19.083588 114.883446 46.487759
v 8.641759 109.479546 58.272522
v 14.613374 111.616516 49.014305
v 3.898690 113.720032 54.722729
v 19.112467 115.853058 46.152615
v 19.265820 116.664253 46.418655
v 19.882483 118.749016 43.399517
v 19.708715 116.020622 47.262016
v 18.371920 114.730881 44.827248
v 20.198618 116.399147 47.935509
v 20.012058 116.882118 47.277668
v 20.455503 117.326866 47.933285
v -38.996418 59.035423 10.566206
v -30.274395 61.152195 -6.978167
v -37.507637 62.483582 19.216927
v -42.287762 61.372540 22.257633
v -38.751740 61.598225 15.791971
v -6.849401 133.096466 12.292227
v -4.757264 122.727791 21.925035
v -9.347423 135.432831 38.167351
v -3.850381 137.663757 7.959671
v -5.149147 136.593170 8.509475
v -2.171483 132.516174 58.129147
v 4.605477 117.224342 51.738388
v -0.203283 133.958191 58.449963
v 2.786702 117.307846 57.807251
v 4.859195 117.672165 59.673256
v -26.948971 63.034775 22.406353
v -3.507135 142.606094 24.143122
v -10.951468 136.218018 28.771759
v -11.114496 140.379745 46.180176
v -9.112419 128.541016 24.449560
v -5.969893 134.371536 39.580086
v -11.526532 139.025620 37.296722
v -9.084529 124.860687 19.242943
v -7.511574 136.194321 44.935200
v -1.196163 135.333527 45.240379
v 3.535351 115.853584 52.871742
v 9.725646 115.190567 50.947777
v 6.842159 119.040192 59.952759
v -32.044449 60.913605 24.669546
v -35.948540 59.834297 28.463486
v -42.383739 65.369362 30.507330
v -8.683238 147.402496 39.678814
v -9.149165 148.823074 52.670174
v -35.117077 62.234451 22.428972
v -29.928989 64.988411 17.538532
v -39.278481 61.957943 26.481750
v -30.643084 60.236507 25.902250
v -25.639101 61.436287 25.110531
v -37.667149 60.628956 27.959293
v -26.047934 63.164700 24.869875
v -30.953180 61.273624 25.986567
v -43.367588 65.248077 30.181408
v -42.902588 63.564751 28.198900
v 7.541943 111.423279 52.954857
v 11.271546 116.015678 51.811031
v 7.426239 111.270004 58.656868
v 8.650772 113.650261 51.071590
v -42.781807 67.366600 31.029526
v -42.681301 66.673759 31.025215
v -43.889881 62.262188 26.988930
v -44.268303 64.322800 29.835041
v -36.286316 60.978992 28.615751
v -46.370419 62.032280 28.806234
v 6.716182 50.392502 -16.808186
v -45.765270 60.455173 24.051134
v -45.735775 63.149902 28.434237
v -45.356899 61.539036 24.787329
v -41.606853 63.520504 29.167028
v 11.137151 60.629112 -12.736886
v 13.176750 61.537590 -14.557106
v -5.439926 141.601654 23.879387
v -6.575465 148.407196 40.287823
v -6.968257 150.536133 53.539051
v 12.593441 62.480377 -15.282308
v 9.122836 57.819637 -14.455965
v 7.850317 57.756683 -16.079214
v -11.765701 144.135773 49.877285
v 9.938245 58.183559 -16.285694
v 8.844418 57.860519 -16.229704
v 7.345984 58.219116 -14.656304
v 9.094588 112.294510 59.877338
v -38.882259 60.948685 30.618809
v -39.204990 62.471760 30.336510
v -34.237373 61.328506 3.386937
v -34.095661 59.478321 0.019334
v -43.649044 58.842560 19.239473
v -38.996418 59.035423 10.566206
v -4.886167 141.402481 21.493483
v -3.217589 142.012924 21.494240
v -3.441582 142.712219 18.653666
v -3.599469 142.615128 18.578684
v -4.205157 141.899185 17.744745
v -36.461742 58.892803 28.380629
v -46.163063 59.872643 24.930593
v -46.163063 59.872643 24.930593
v -11.736651 97.262291 11.680103
v -35.127563 61.727039 1.981517
v -32.874531 64.293449 12.069698
v -43.768219 60.726707 20.180454
v -4.242260 139.611572 13.849369
v -6.814180 135.554184 17.500013
v -3.869189 133.660187 45.188564
v -2.311864 130.350662 34.259579
v -10.950882 144.143387 38.279011
v -8.217354 139.056824 24.836266
v 10.865220 58.692261 -13.688865
v 9.918043 58.029053 -14.274664
v 6.637058 57.994289 -16.095064
v 7.480181 57.931572 -17.085924
v 14.587678 62.174950 -15.603921
v 6.298463 57.952080 -16.791874
v 11.670450 63.090584 -18.673203
v 8.371534 62.450054 -18.883404
v 6.082628 58.839550 -17.080084
v 5.264268 50.015907 -18.303762
v 6.571057 60.429070 -18.146456
v 5.972304 49.568287 -17.205832
v 6.751639 49.924564 -17.036015
v 6.133380 50.216194 -17.669540
v 4.985695 49.179401 -17.655659
v 6.005332 49.929245 -17.383450
v 6.066102 50.151501 -17.565338
v 6.514500 50.277718 -17.272005
v 3.959400 47.248817 -16.327318
v 6.620985 50.191948 -17.154829
v 5.457034 47.711880 -15.835135
v 5.567399 46.245098 -10.524815
v 3.547543 45.707554 -11.866057
v 1.429425 49.335533 -19.716478
v 3.355654 45.976921 -14.955931
v 3.411352 48.916401 -18.622173
v 3.528546 49.266220 -19.003925
v 2.536759 45.240997 -12.848269
v 1.741647 48.002220 -19.304184
v 3.521731 49.682423 -19.203350
v 6.194282 50.293488 -17.739208
v 5.260119 50.125061 -18.299622
v 1.689824 48.566967 -19.691929
v 8.252247 50.097885 -17.277594
v 3.513913 49.829567 -19.194801
v 1.419450 49.505253 -19.703876
v 3.149704 48.473869 -18.216949
v 7.034332 50.423157 -17.420376
v 1.566192 47.957165 -18.677912
v 7.424776 50.332245 -17.473942
v 4.036606 46.309101 11.110486
v 5.631217 44.575058 7.462395
v 5.229668 45.418854 9.824875
v 6.717160 50.392132 -17.424652
v 3.359800 17.650019 -14.323256
v 0.499387 25.303886 -11.075838
v 2.213640 27.905167 -6.543999
v 12.022915 32.736652 14.246497
v 10.489941 35.483147 16.453049
v -6.145290 37.261356 -2.187555
v 14.647006 49.737400 -12.122862
v 5.517732 50.791771 -19.231924
v 2.072424 47.809521 -17.514978
v 6.697672 50.632824 -18.388651
v 15.565943 49.810032 -2.710644
v 18.308378 50.636459 -5.845025
v 15.442987 53.450836 3.532210
v 13.901949 54.943554 6.772251
v 1.534545 45.593388 -15.723558
v 3.179733 77.963013 9.627287
v 19.418348 51.890221 -8.819105
v 5.775794 75.710861 10.896390
v 5.508675 50.107494 -18.803083
v 7.210806 77.941605 7.616859
v 7.512724 50.732742 -18.092310
v 6.836043 51.299522 -18.784109
v 11.339499 72.037346 11.425410
v 7.143204 80.353249 1.064939
v 18.524448 59.080994 6.104194
v 16.035633 59.412197 8.212606
v 20.866838 58.814468 3.020694
v 12.473377 67.969269 12.155923
v 19.317175 53.869625 0.733808
v 19.317175 53.869625 0.733808
v 13.593525 48.801369 -9.989792
v 6.462543 50.285275 -18.062889
v 7.257710 48.845703 2.653326
v 4.429275 46.580124 -0.684526
v 7.082179 59.455280 12.492142
v 7.518878 64.017731 13.279403
v 3.549193 79.304703 7.286491
v 10.905609 76.394691 7.879029
v 7.268432 52.003288 -19.166994
v 12.774945 59.653225 10.424862
v 1.230386 50.955338 -20.904701
v 3.098534 50.818905 -20.333317
v 3.603194 50.047604 -20.032330
v 10.413149 78.282944 5.034607
v 0.904231 52.241791 -21.098183
v 3.270367 81.591721 0.834683
v 1.626191 49.783337 -20.786385
v 3.539550 80.700676 4.248056
v 9.933174 74.674881 10.325721
v 7.272120 79.559265 4.443854
v 8.435367 50.894726 -18.233013
v 13.035428 63.880569 11.127421
v 13.901949 54.943554 6.772251
v 8.387192 52.429512 8.263984
v 10.896665 49.686615 -0.114501
v 6.144519 47.096470 -4.184365
v 6.288560 55.434975 11.024415
v 10.283205 51.155338 4.277524
v 21.243000 54.229771 -2.752318
v 6.335509 48.764412 8.679163
v 7.115099 50.478397 -17.914616
v 6.480445 47.798634 5.946242
v 4.445064 49.483128 10.362129
v 21.578098 54.331497 -6.183311
v 7.274192 68.292786 13.579031
v 6.853850 50.360653 -17.765873
v 5.230143 52.779949 9.855281
v 4.066679 43.622551 3.831626
v 9.544923 51.752930 6.267398
v 6.288560 55.434975 11.024415
v 15.442987 53.450836 3.532210
v 4.057190 45.218712 1.974095
v 11.201956 55.402664 9.088634
v 6.601494 72.079079 12.833760
v 10.956663 47.749294 -7.214692
v 1.202306 47.996628 -18.091148
v 1.259806 44.768074 -13.924622
v 11.201956 55.402664 9.088634
v 10.362580 49.690746 -16.446447
v 19.916849 54.060722 -10.838202
v 15.503148 51.103077 -14.109411
v 21.893528 57.138237 -6.885780
v 16.518137 63.748341 9.149446
v 20.974928 76.912292 7.946374
v 22.605299 80.729393 8.281560
v 18.124237 74.489182 7.835230
v 18.124237 74.489182 7.835230
v 14.634958 73.833649 8.424355
v 6.396034 78.968719 -11.868298
v 0.691480 52.788956 -21.841953
v 1.333899 53.131599 -22.241528
v 10.341650 77.643120 -10.231547
v 18.700138 79.196312 -1.806873
v 2.769670 80.382050 -11.740800
v 24.762442 83.530998 8.703937
v 24.117929 84.729424 5.496778
v 23.765335 85.393425 5.239301
v 23.742367 87.564827 10.049463
v 25.466585 87.745972 12.293932
v 25.276289 87.642372 11.250583
v 21.143097 83.201759 3.516363
v 21.697588 73.223747 1.122915
v 19.356737 68.972252 -3.406341
v 21.854197 81.630997 1.160876
v 21.398094 82.404160 0.755642
v 20.979826 75.060280 4.245470
v 24.352659 73.029671 7.612828
v 20.004251 69.422897 8.289732
v 25.466408 78.918991 7.443815
v 25.723280 78.662994 8.432312
v 24.661137 83.090965 10.475185
v 26.046928 83.164307 9.464854
v 23.765335 85.393425 5.239301
v 22.789347 85.780930 6.960986
v 25.638367 86.118042 9.813732
v 25.138506 86.694847 8.989776
v 24.890875 88.101456 11.811743
v 24.890875 88.101456 11.811743
v 15.636659 77.954094 3.124969
v 15.162199 75.973122 -5.652336
v 18.605118 73.885246 -1.467981
v 21.398094 82.404160 0.755642
v 15.636659 77.954094 3.124969
v 16.417730 72.843155 -6.723001
v 16.417730 72.843155 -6.723001
v 11.932889 78.142059 2.734394
v 21.351219 82.739441 6.467051
v 15.162199 75.973122 -5.652336
v 21.991938 71.200020 3.525531
v 19.176769 76.844780 1.730086
v 23.085428 74.018944 9.402532
v 21.569710 68.568863 3.720978
v 24.352659 73.029671 7.612828
v 20.004251 69.422897 8.289732
v 24.611116 79.120041 9.444003
v 23.258095 80.070320 6.973522
v 25.421135 86.459351 11.716364
v 25.793686 86.447128 10.761595
v 24.033590 83.934349 7.506837
v 26.057383 83.497780 8.705851
v 25.152224 87.900566 12.941231
v 25.414394 85.711754 8.831891
v 24.309206 88.269958 12.121002
v 24.771797 87.228615 9.179950
v 14.813250 78.299728 -1.084591
v 6.675659 80.585793 -4.249214
v 15.162199 75.973122 -5.652336
v 14.813250 78.299728 -1.084591
v 2.769670 80.382050 -11.740800
v 18.726667 80.005814 3.747701
v 19.457527 78.342438 -0.976750
v 17.805059 75.816238 -2.118042
v 9.219223 75.707489 -15.599378
v 10.341650 77.643120 -10.231547
v 23.784378 73.821152 6.169711
v 20.641108 63.552628 3.400932
v 21.104597 81.376961 4.183223
v 21.569710 68.568863 3.720978
v 26.046928 83.164307 9.464854
v 19.013290 63.833809 6.825363
v 25.723280 78.662994 8.432312
v 21.569710 68.568863 3.720978
v 22.535513 85.093513 9.021925
v 23.522148 87.040855 11.341562
v 24.771797 87.228615 9.179950
v 25.421135 86.459351 11.716364
v 23.392527 84.065193 9.815811
v 25.152224 87.900566 12.941231
v 23.337948 86.203346 11.462193
v 24.218645 87.959709 12.869632
v 6.396034 78.968719 -11.868298
v 6.337821 75.289963 -18.255096
v 2.977872 75.405624 -19.377668
v 22.138948 58.474442 -1.306095
v 21.101809 63.285431 -1.839932
v 2.806900 81.736534 -4.463469
v 15.162199 75.973122 -5.652336
v 18.379768 80.338821 0.806226
v 18.700138 79.196312 -1.806873
v 10.949180 78.974762 -3.283234
v 1.403611 53.038147 -21.592762
v 2.182683 52.590237 -20.339705
v 0.521769 52.978668 -23.615612
v 0.839181 53.013481 -22.820713
v 16.380749 68.154800 10.247362
v 5.013672 51.947811 -19.515560
v 24.170637 86.306793 12.356913
v 4.928130 53.059242 -19.690458
v 17.562920 57.914360 -13.456273
v 10.178661 57.906361 -18.117014
v 15.826980 58.958351 -14.437285
v 11.366441 54.439655 -18.120975
v 6.519526 56.321068 -18.621126
v 7.176230 57.720943 -17.674623
v 5.736551 59.016495 -17.784279
v 8.116280 64.963181 -19.583712
v 1.241417 56.583080 -22.300665
v 3.328982 66.447159 -22.376394
v 6.446033 60.735989 -18.982132
v 1.404780 53.341450 -22.678543
v 17.685570 68.060730 -10.922776
v 1.229300 55.132607 -23.011414
v 15.593810 64.763916 -16.025961
v 16.234711 66.658562 -14.441726
v -5.257225 50.204391 -10.195133
v 1.378759 58.060112 -21.840965
v -3.512309 50.084568 -10.200736
v 2.098531 61.012211 -21.653456
v 4.005090 59.424782 -19.008320
v -5.257066 52.032814 -11.002116
v 8.438167 54.626125 -19.043812
v 5.781145 57.746300 -17.345045
v 10.773976 56.467213 -17.785088
v 15.106891 59.464630 -16.106466
v 4.676748 64.801559 -21.416866
v 2.131584 54.160954 -20.888647
v 8.427473 63.036079 -19.890203
v 2.567600 54.953358 -20.687883
v 4.036079 57.141663 -19.210947
v 1.200779 55.783913 -22.635244
v 1.151666 54.377098 -23.588844
v 7.855350 69.409874 -21.099035
v -1.418990 49.893749 -10.199615
v -0.000058 49.816578 -10.204054
v -5.257225 50.204391 -10.195133
v 1.590113 63.194420 -22.491064
v -3.512309 50.084568 -10.200736
v -1.418990 49.893749 -10.199615
v -0.000058 49.816578 -10.204054
v -3.512139 52.030342 -11.015849
v 5.377214 62.306572 -19.429035
v -5.257225 50.204391 -10.195133
v 19.232771 56.447941 -12.438083
v 20.315268 61.834949 -8.896255
v 14.866001 55.363560 -16.149122
v 15.034589 63.369728 -16.727932
v 8.487447 56.318363 -18.330282
v 19.356737 68.972252 -3.406341
v 1.649006 53.756157 -22.065948
v 0.843192 53.462410 -23.874823
v 13.077660 71.397858 -15.801388
v 5.313521 54.074127 -19.746290
v 15.605545 53.163090 -15.658019
v 3.075679 70.646248 -22.078716
v 10.806832 51.618736 -18.173027
v 16.671179 62.333241 -14.019555
v 18.071299 62.385056 -12.399549
v 7.967607 53.069016 -19.378103
v 5.889141 55.175537 -19.364166
v 6.819028 72.048340 -20.602396
v 10.903690 74.093178 -15.520297
v 3.098777 55.838390 -20.256655
v 11.980070 65.360428 -18.569473
v 11.866980 64.065872 -19.242203
v 8.476724 57.846951 -18.019764
v 13.658051 57.002129 -16.354784
v 12.998641 57.948929 -17.400484
v 15.469939 62.267284 -15.137020
v 12.192270 68.554901 -17.937815
v 8.151863 67.568512 -20.780905
v -0.000053 45.728146 -10.701659
v -8.371531 62.450050 -18.883406
v -5.958233 49.564362 -17.222002
v -6.739613 49.920540 -17.052578
v -6.709889 50.389748 -16.818951
v -5.251091 49.949074 -17.296276
v -3.505979 49.006470 -16.907803
v -6.711803 50.512474 -16.017250
v -3.511614 50.749195 -17.495733
v -6.188092 50.398491 -17.129286
v -7.345981 58.219116 -14.656305
v 0.000125 49.361210 -19.311209
v -13.176749 61.537590 -14.557109
v -9.918041 58.029053 -14.274666
v -7.850314 57.756683 -16.079216
v -7.486319 59.635540 -15.031755
v 0.004275 47.212368 -15.633262
v -5.256978 53.049576 -13.247282
v -3.507535 48.301594 -15.633729
v -1.418854 53.030254 -13.270522
v -3.512079 53.044998 -13.260956
v 0.000001 52.874149 -13.275630
v -1.418871 52.022369 -11.025167
v -0.000072 48.603523 -11.008211
v -0.000003 51.937271 -11.030177
v -1.418983 48.774551 -11.004592
v -3.512139 52.030342 -11.015849
v -0.000003 51.937271 -11.030177
v -1.418871 52.022369 -11.025167
v -6.713569 51.566677 -11.175282
v -5.255983 48.336319 -13.250139
v -6.190749 52.722408 -13.234907
v -1.418651 50.504997 -17.920822
v -3.504272 49.617107 -18.041616
v -6.190368 51.679680 -15.607013
v -5.256835 52.007126 -15.618469
v -3.512048 52.002666 -15.631786
v -1.414411 47.526123 -15.630246
v -6.712747 51.151585 -15.601466
v -1.418849 51.987911 -15.641398
v -6.968733 50.554752 -11.412604
v -8.538466 60.628811 -15.293939
v -5.257173 49.463261 -10.999934
v -6.735432 60.000183 -16.881145
v -3.512278 49.197487 -11.006218
v -8.236384 61.854950 -17.511057
v -5.257066 52.032814 -11.002116
v -6.637055 57.994289 -16.095066
v -11.137149 60.629112 -12.736889
v -3.510618 47.848537 -13.257858
v 0.001870 45.015987 -12.621374
v 0.001315 46.759071 -13.258297
v -1.417394 47.072865 -13.255152
v -6.968370 51.012249 -13.238323
v -6.713394 52.194523 -13.228705
v -6.967208 49.969002 -15.611806
v -5.253717 48.789742 -15.625237
v -3.510903 49.903713 -18.579567
v 0.000058 49.937572 -18.144257
v -6.188092 50.398491 -17.129286
v -1.418439 49.579460 -19.087976
v -6.189462 50.733906 -16.329731
v -1.412412 48.681911 -16.898546
v 0.006822 48.550613 -17.120750
v 0.000002 51.831787 -15.646508
v -6.187848 49.895760 -16.335773
v -14.092486 62.977596 -16.687071
v -8.541059 58.058060 -17.416388
v -14.587678 62.174953 -15.603929
v -7.480178 57.931572 -17.085928
v -9.863265 58.207130 -17.578615
v -6.298460 57.952080 -16.791878
v -10.863387 62.529160 -17.181765
v -9.971090 61.169746 -14.793528
v -9.122834 57.819637 -14.455966
v -9.938244 58.183559 -16.285696
v -12.988797 59.816620 -14.732266
v -9.311218 59.405079 -13.523519
v -11.290478 59.665161 -12.951207
v 0.007768 46.894627 -16.778656
v -5.251091 49.949074 -17.296276
v -5.255038 50.230938 -17.686342
v -3.504272 49.617107 -18.041616
v -1.409781 49.271832 -18.550739
v 0.000125 49.361210 -19.311209
v -6.186068 50.213825 -17.136078
v -5.256112 50.750622 -16.887930
v -5.255038 50.230938 -17.686342
v -1.409781 49.271832 -18.550739
v 0.010335 49.116657 -19.326488
v -6.186068 50.213825 -17.136078
v -5.252419 49.211224 -16.651165
v -6.571054 60.429070 -18.146458
v -12.463819 58.322495 -17.285076
v -6.082624 58.839550 -17.080093
v -14.468038 59.481003 -16.289946
v -11.670446 63.090584 -18.673208
v -5.248865 50.012405 -18.317759
v -6.431911 58.754292 -16.303719
v -7.173122 58.861641 -14.798596
v -8.308312 57.848648 -14.527184
v -8.844417 57.860519 -16.229706
v -11.751088 58.634373 -15.739987
v -10.833238 61.153568 -13.389419
v -10.865218 58.692261 -13.688867
v -12.593437 62.480377 -15.282313
v -3.510903 49.903713 -18.579567
v -1.418439 49.579460 -19.087976
v 0.010335 49.116657 -19.326488
v -6.709889 50.389748 -16.818951
v 39.765892 72.545685 22.890516
v 39.924358 68.960251 19.276875
v 40.133812 72.585960 27.542635
v 39.299656 67.051620 19.456223
v 39.601204 67.247398 19.123848
v 39.206554 71.422775 19.977806
v 39.198429 68.284889 19.449501
v 39.299656 67.051620 19.456223
v 40.909500 70.878487 19.356712
v 39.765892 72.545685 22.890516
v 43.481579 72.381950 25.410227
v 42.013134 72.399384 21.848244
v 39.198429 68.284889 19.449501
v 40.133812 72.585960 27.542635
v 41.009750 71.971870 31.352196
v 41.009750 71.971870 31.352196
v 44.611542 71.547073 29.232571
v 43.234131 69.662575 26.198105
v 40.626217 66.941628 30.314318
v 41.971088 69.809486 21.691454
v 39.206554 71.422775 19.977806
v 41.114101 67.262634 32.579075
v 40.613941 64.328323 33.537460
v 41.114101 67.262634 32.579075
v 40.613941 64.328323 33.537460
v 40.221565 64.876015 30.710016
v 45.112465 63.850002 30.859041
v 45.039955 67.155449 30.436638
v 45.039955 67.155449 30.436638
v 45.112465 63.850002 30.859041
v 43.573147 67.992111 28.179947
v 44.361858 66.254524 29.578568
v 40.117321 61.344406 33.647991
v 39.222530 62.470558 29.898540
v -7.046600 49.354397 -16.681875
v -6.505674 50.274475 -17.284769
v -4.538417 48.353504 -17.194872
v -6.612754 50.188789 -17.167227
v -6.121704 50.212749 -17.683353
v -4.969298 49.176056 -17.669582
v -5.075190 49.611645 -17.887217
v -8.018959 48.222694 -15.200561
v -3.558244 46.125362 -8.049393
v -3.545919 45.705822 -11.873213
v -0.000909 46.308384 -9.001482
v -5.823354 48.834827 -16.840179
v -5.142366 49.870464 -18.088821
v -3.946129 47.246227 -16.338034
v -5.446670 47.708496 -15.848887
v -0.728739 45.021454 -12.597878
v -5.991396 49.925381 -17.399372
v -6.054964 50.148170 -17.578680
v -7.289146 46.999477 -13.193539
v -1.364482 45.551746 -11.265369
v -2.532719 45.239548 -12.854162
v -4.769690 46.468449 -14.284046
v -2.197790 45.960987 -9.848207
v -3.502220 49.680134 -19.212847
v -5.567773 46.243362 -10.532292
v -1.730159 46.766399 -16.748268
v -0.001105 46.491276 -7.133135
v -3.346197 45.974735 -14.964758
v 0.011383 49.116322 -19.942675
v -1.408135 49.334770 -19.720581
v 35.878574 58.933964 27.911158
v 38.832726 59.578888 30.933104
v 40.117321 61.344406 33.647991
v 44.644501 63.933823 28.673988
v 45.814892 61.488243 30.192535
v 36.303101 60.685421 27.904175
v 30.701794 59.143955 24.801756
v 43.080761 58.863293 18.913374
v 38.514709 58.984592 9.643331
v 38.664753 58.191772 24.900127
v 38.832726 59.578888 30.933104
v 44.344513 61.811596 25.279602
v 45.526028 59.795330 24.759920
v 31.008181 60.497921 24.595631
v 38.514709 58.984592 9.643331
v 43.080761 58.863293 18.913374
v 41.317226 58.622524 21.344013
v 42.769180 62.971039 34.357643
v 45.241459 62.982338 33.011337
v 45.814892 61.488243 30.192535
v 35.878574 58.933964 27.911158
v 42.779652 60.719910 20.799423
v 34.377304 58.320072 20.146248
v 44.126614 59.196835 26.467457
v 41.561569 58.903309 29.304632
v 42.692009 67.082199 33.083866
v 43.168518 60.114243 35.071114
v 45.526028 59.795330 24.759920
v 30.701794 59.143955 24.801756
v 38.748863 60.565182 12.058417
v 37.026554 58.902458 15.081309
v 45.470913 60.401318 33.288147
v 44.186600 72.096619 30.808941
v 45.454830 67.110718 32.159271
v 0.009968 47.949104 -18.844736
v -3.131003 48.471783 -18.225714
v -3.508448 49.263859 -19.013771
v -1.546122 47.956200 -18.682060
v 0.011119 47.864807 -19.552568
v -6.186774 50.291245 -17.748171
v -1.418268 49.505207 -19.704075
v -3.391821 48.914143 -18.631695
v -7.414808 50.327953 -17.490557
v 0.011584 48.594486 -19.909573
v 0.000203 49.287014 -19.927185
v -3.510436 49.829285 -19.196173
v -5.631742 44.574856 7.463290
v -8.243404 50.093769 -17.293736
v -5.233503 45.418766 9.823655
v -7.025347 50.419651 -17.434156
v -5.254025 50.123989 -18.304300
v -1.667444 48.565865 -19.696590
v -0.000275 46.360828 12.782820
v -0.000022 49.914474 11.766434
v -6.335932 48.763828 8.682302
v -4.036622 46.308197 11.114312
v -0.000763 42.879822 3.761611
v -4.445052 49.482460 10.365032
v -6.708427 50.388599 -17.438204
v -0.005952 43.707394 8.391301
v -1.719991 48.001129 -19.308832
v 0.001850 45.045685 11.611119
v -6.482141 47.800056 5.944957
v -4.065236 43.622559 3.833086
v -19.916849 54.060722 -10.838205
v -10.903688 74.093170 -15.520299
v 13.274175 11.042686 3.960043
v 11.338257 12.977796 5.295512
v 12.667747 13.413684 3.462946
v 0.000002 75.541428 -19.826939
v -22.140213 58.474987 -1.307402
v -15.502877 51.102585 -14.111494
v -2.769668 80.382050 -11.740801
v -6.337818 75.289963 -18.255096
v 0.000001 80.756317 -12.363929
v 14.493706 13.964774 2.997446
v 11.462517 14.759751 14.566726
v 15.521672 15.396404 14.130911
v 17.231688 12.454839 5.866158
v 10.623184 14.108275 9.500650
v 18.409451 12.790418 10.349608
v 11.264977 14.072142 5.023657
v 16.281523 14.617622 14.064410
v 16.876522 14.708627 10.327971
v 14.766674 14.382812 14.994576
v 16.188334 12.360917 14.329750
v 12.988969 14.097192 15.055969
v 17.796944 12.586897 13.126175
v 14.137761 11.982330 14.031083
v 0.000000 82.107880 -5.074188
v -2.769668 80.382050 -11.740801
v 0.000001 80.756317 -12.363929
v -6.396032 78.968719 -11.868299
v -24.611118 79.120041 9.444001
v -18.379768 80.338821 0.806222
v -2.806899 81.736534 -4.463469
v -25.723282 78.662994 8.432310
v -6.396032 78.968719 -11.868299
v 12.554243 9.385422 12.288412
v -10.341648 77.643120 -10.231549
v -11.932889 78.142059 2.734392
v -15.636660 77.954094 3.124966
v 13.563216 13.642632 2.835114
v 15.511941 11.680636 3.399636
v 12.110838 9.027878 9.844544
v 13.571692 8.092525 12.077270
v 17.116339 10.523912 13.486253
v -16.417728 72.843155 -6.723003
v 18.606216 10.750284 12.653923
v -21.143099 83.201752 3.516360
v 15.662558 8.690159 13.269187
v -23.784378 73.821152 6.169707
v -21.104637 81.376968 4.183188
v 19.171091 10.974179 10.205007
v -24.352659 73.029671 7.612824
v -21.569735 68.568871 3.720949
v 9.484994 62.032753 -20.630613
v -23.085428 74.018951 9.402529
v -20.004250 69.422897 8.289727
v -23.258141 80.070343 6.973480
v -6.596954 64.120193 -13.818909
v -23.765339 85.393433 5.239298
v -24.118267 84.729500 5.496496
v 7.185989 60.272392 -19.170994
v 19.385202 9.448496 10.446969
v 15.140488 10.101407 13.246694
v 13.072709 7.801499 9.864419
v 14.320454 11.252315 3.140883
v 15.857063 14.514037 5.473584
v -10.356960 49.687531 -16.459679
v -24.171387 86.307014 12.356308
v -26.047016 83.164284 9.464841
v -24.040623 83.936302 7.500982
v -23.765339 85.393433 5.239298
v 6.081943 58.668449 -17.590599
v -13.523528 64.096176 -13.803918
v 14.928967 9.537566 4.147062
v 15.662558 8.690159 13.269187
v 16.108751 62.608433 -16.669836
v 14.403106 8.458930 13.014769
v 13.559638 9.772155 13.135494
v -25.793688 86.447128 10.761590
v -25.421173 86.459381 11.716338
v -24.661139 83.090981 10.475172
v -25.638430 86.118057 9.813679
v -24.771799 87.228615 9.179946
v -25.421173 86.459381 11.716338
v 0.000004 52.487511 -21.597795
v 0.000011 51.881458 -20.990046
v -4.925789 53.059006 -19.691681
v -5.009319 51.947048 -19.518702
v 0.000223 49.529812 -21.044987
v -3.599406 50.047199 -20.034027
v 0.000126 50.471710 -20.866016
v -3.539551 80.700676 4.248056
v -20.869850 58.816719 3.017323
v -0.000000 81.045288 4.170373
v -18.528605 59.083317 6.099698
v -10.072387 64.978775 -15.848436
v -0.003322 52.934887 10.717375
v -6.289620 55.418846 11.034242
v -8.393531 52.434395 8.256175
v -7.260862 48.847919 2.646727
v -6.844534 50.356735 -17.780575
v -5.228251 52.769604 9.862999
v -26.057476 83.497749 8.705835
v -22.789511 85.780975 6.960846
v -24.766994 83.532166 8.700259
v -26.047016 83.164284 9.464841
v -0.000195 45.829296 -1.443783
v -0.001098 46.681904 -4.212281
v -10.283379 51.155331 4.276765
v -4.431221 46.581581 -0.688144
v -7.106021 50.474491 -17.929222
v 0.000203 55.438618 11.493542
v -4.057374 45.218868 1.974209
v -11.203691 55.401882 9.087468
v -9.545607 51.753166 6.266629
v -0.000038 44.237713 1.304392
v -10.072798 65.556244 -13.803918
v -9.949094 60.653557 -13.852558
v -13.907047 54.947762 6.765700
v -9.912660 55.838730 -13.866746
v -6.390688 57.246010 -13.942006
v -6.146241 47.096222 -4.185940
v -15.446154 53.452568 3.528958
v -10.898901 49.687992 -0.118806
v -0.000001 63.931618 13.716242
v -7.082263 59.454247 12.492476
v -0.000001 59.203590 12.848042
v -7.519875 64.018517 13.278263
v -0.000001 68.391602 13.931782
v 0.000203 55.438618 11.493542
v -11.203691 55.401882 9.087468
v -0.000001 75.493797 12.050350
v -7.274506 68.293015 13.578685
v -6.601496 72.079079 12.833759
v -0.000001 72.201469 13.314390
v -6.289620 55.418846 11.034242
v -19.319958 53.871201 0.730623
v -13.907047 54.947762 6.765700
v -19.319958 53.871201 0.730623
v -15.446154 53.452568 3.528958
v -13.260858 63.567108 -15.848351
v -14.952868 60.695499 -13.803918
v -13.516228 57.244793 -13.806057
v -9.809040 56.215538 -15.898295
v 10.900147 13.487009 12.998539
v 14.137761 11.982330 14.031083
v 10.681567 13.035217 9.544654
v 11.673306 13.807675 14.331039
v 12.988969 14.097192 15.055969
v 16.585367 0.894491 14.264649
v 11.537585 11.123272 12.616268
v 21.163795 -0.007292 7.597867
v 16.327448 2.194748 13.886424
v 11.151805 10.624976 9.694139
v 14.116489 15.026480 2.831112
v 15.285667 15.379857 5.241102
v 16.009748 15.599437 10.478803
v -15.510140 7.486166 6.840357
v 20.039539 2.933655 9.997373
v -16.361416 7.839780 6.656151
v 19.344992 2.411959 12.353065
v -17.749535 6.173671 8.160917
v -17.890829 7.971087 6.613189
v 17.616030 63.288960 -17.263193
v -5.065202 60.611610 -13.900977
v -6.542302 57.496140 -15.943227
v -3.095760 50.818699 -20.334253
v -1.403528 53.038166 -21.592728
v -0.904113 52.241829 -21.098097
v 0.000002 52.696709 -22.467653
v -1.333892 53.131599 -22.241524
v -1.624803 49.783337 -20.786495
v -16.045246 59.418232 8.201968
v -7.272121 79.559265 4.443851
v -12.509906 62.568058 -17.602150
v -14.581388 60.617298 -15.848350
v -9.762882 57.245869 -17.606836
v -13.209369 57.506569 -15.855748
v -10.045545 63.673714 -17.602537
v -7.143204 80.353249 1.064937
v -1.229577 50.955425 -20.904541
v -2.181966 52.590343 -20.339525
v -7.875998 60.526260 -18.633156
v -0.000000 81.964256 0.679690
v -3.270367 81.591721 0.834683
v 22.679832 1.817182 5.407327
v 12.084392 10.765553 6.192708
v 18.433865 1.657373 6.213871
v 22.952139 0.285647 3.948947
v 17.974590 1.043507 14.775268
v 17.857771 2.458335 14.422902
v 15.140488 10.101407 13.246694
v 17.280405 9.001033 13.225159
v 18.364494 3.551640 7.872780
v 19.653887 3.545551 8.424200
v 16.667130 5.088234 13.090556
v 19.521318 4.929843 12.865935
v 17.463684 5.258039 13.052128
v 15.634504 4.565379 12.348956
v 17.170177 7.319697 13.179738
v 19.234423 7.719502 10.844795
v 18.281969 7.464821 12.450914
v 16.112303 7.158843 13.292975
v 15.606565 8.429153 4.879380
v 16.862123 8.911277 5.262323
v 14.454850 6.824008 10.528860
v 15.677326 4.605286 10.742462
v 16.082491 10.090908 4.566527
v 16.108751 62.608433 -16.669836
v 14.614919 62.182297 -15.653010
v 13.151711 62.245880 -19.815533
v -6.817015 63.812141 -15.867126
v -5.358835 60.569450 -15.918757
v -12.396097 58.223328 -17.603537
v -10.413149 78.282944 5.034602
v -7.252663 58.206898 -17.609766
v -8.537147 61.749439 -18.644917
v -6.359341 60.559990 -17.608206
v -9.979916 62.123550 -18.654058
v -7.511812 62.932491 -17.604548
v -11.377228 61.510590 -18.657406
v -13.508937 60.429630 -17.602266
v -9.792612 58.686020 -18.637196
v -8.384188 59.235809 -18.628986
v -6.197288 60.700653 -18.523096
v 9.912662 55.838730 -13.866745
v 5.358838 60.569450 -15.918756
v 6.390691 57.246010 -13.942005
v 14.952870 60.695499 -13.803915
v 10.072391 64.978783 -15.848429
v 14.581390 60.617298 -15.848346
v 13.260859 63.567108 -15.848348
v 6.817019 63.812141 -15.867116
v 10.045550 63.673710 -17.602530
v 12.396100 58.223328 -17.603535
v 16.292391 63.078472 -16.601536
v 12.353681 62.843304 -19.139786
v 11.981041 62.771744 -18.418455
v 12.613899 63.351242 -19.292463
v 5.968079 58.542801 -16.997601
v 6.332890 60.365768 -17.995295
v 5.823236 58.825863 -16.775192
v 11.981041 62.771744 -18.418455
v 19.073973 -0.047845 6.545664
v 19.343952 1.787586 3.439801
v 5.815279 58.626629 -17.231819
v 11.269941 59.161400 -18.648905
v 11.920711 60.324577 -18.655905
v 11.267861 64.228012 -18.837664
v 6.813582 60.212925 -18.635391
v 9.105965 61.998993 -19.570974
v 6.698795 60.451061 -19.061314
v 8.684240 62.427925 -20.097258
v 8.961516 62.534473 -19.084835
v 14.614919 62.182297 -15.653010
v 15.138098 63.126823 -15.868712
v 5.594482 58.966183 -17.067951
v 17.366592 -0.106439 12.465757
v 19.930443 -0.056003 10.372829
v 19.797718 0.020008 2.249488
v 17.607004 1.691864 8.538586
v -19.099478 6.100624 9.794627
v -16.113691 7.160754 13.290267
v -14.695626 7.107309 7.980483
v 21.217936 4.799990 1.652028
v 22.952139 0.285647 3.948947
v 20.666786 3.804964 1.138852
v 21.033083 2.753242 0.315575
v 20.263103 -0.038614 4.454470
v 22.144247 0.069439 2.927804
v 22.287209 6.935953 -0.498717
v 14.688881 6.843987 12.415930
v 19.304451 1.237671 12.716976
v 18.614491 3.097174 7.520423
v 21.706669 5.521186 -0.886819
v 21.189680 0.017986 4.943117
v 18.221077 -0.040514 9.587643
v 23.464165 2.971469 1.524063
v 16.112303 7.158843 13.292975
v 15.995159 4.831138 12.959267
v 17.942165 10.731215 6.522064
v 12.754693 8.950758 6.420209
v 13.549083 7.802197 6.658244
v 16.667130 5.088234 13.090556
v 5.065205 60.611610 -13.900975
v 13.523530 64.096176 -13.803916
v 18.525953 6.294343 8.662331
v 19.211456 8.108237 8.300078
v 6.596957 64.120193 -13.818907
v 9.949096 60.653557 -13.852556
v 18.624472 9.212028 12.416808
v 18.554436 9.480278 7.160811
v 14.571589 8.151885 5.253688
v 15.197040 6.944590 13.072222
v 20.943274 -0.043442 2.342218
v 18.896227 -0.005760 13.070595
v 13.876926 9.072358 4.374678
v 19.073973 -0.047845 6.545664
v 21.163795 -0.007292 7.597867
v 16.724287 1.082265 11.729647
v 18.004324 0.129402 14.644844
v 16.984224 0.062321 14.258324
v 18.896227 -0.005760 13.070595
v 18.004324 0.129402 14.644844
v 19.797718 0.020008 2.249488
v 16.984224 0.062321 14.258324
v 21.409853 3.091497 4.965395
v 17.366592 -0.106439 12.465757
v 15.508960 7.486073 6.843129
v -18.700138 79.196312 -1.806874
v -15.162118 75.972908 -5.652238
v -6.675658 80.585793 -4.249215
v -14.813251 78.299728 -1.084592
v -15.162118 75.972908 -5.652238
v -15.162118 75.972908 -5.652238
v -15.162118 75.972908 -5.652238
v -18.605118 73.885254 -1.467984
v -21.398096 82.404160 0.755638
v -19.356737 68.972252 -3.406345
v -20.642063 63.553070 3.399959
v -19.014515 63.834438 6.824082
v -15.636660 77.954094 3.124966
v -14.813251 78.299728 -1.084592
v -25.466589 87.745972 12.293927
v -19.457527 78.342438 -0.976753
v -10.949180 78.974762 -3.283236
v -18.700138 79.196312 -1.806874
v -18.726667 80.005814 3.747697
v -25.152227 87.900566 12.941227
v -17.805058 75.816238 -2.118045
v -10.341648 77.643120 -10.231549
v -16.417728 72.843155 -6.723003
v -19.176769 76.844780 1.730083
v -21.351280 82.739464 6.466993
v -21.991938 71.200020 3.525527
v -21.854198 81.630997 1.160873
v -21.569735 68.568871 3.720949
v -21.398096 82.404160 0.755638
v -20.979826 75.060280 4.245467
v -21.697590 73.223747 1.122913
v -20.004250 69.422897 8.289727
v -21.569735 68.568871 3.720949
v -24.352659 73.029671 7.612824
v -25.466410 78.918999 7.443813
v -25.723282 78.662994 8.432310
v -9.219221 75.707489 -15.599380
v 18.143906 5.403404 12.529831
v 19.097900 6.102847 9.796089
v -16.668358 5.090201 13.088227
v -16.916204 5.907324 8.128489
v 20.342052 1.528508 9.689677
v 19.820755 3.053759 8.035880
v 21.385921 1.552227 7.824139
v 19.175987 2.884201 6.383977
v 23.299801 3.912868 2.486328
v 20.425655 2.839969 7.056333
v 19.930443 -0.056003 10.372829
v 18.221077 -0.040514 9.587643
v 20.042269 3.132268 4.130795
v -17.583696 4.417746 11.325077
v -20.783119 3.491889 9.846013
v -21.715841 5.483541 -0.895971
v -20.141251 3.054052 13.147406
v -22.016487 6.053123 -1.067008
v -22.971264 5.660172 -0.306671
v -16.304146 3.842551 13.274848
v -17.583696 4.417746 11.325077
v -17.583696 4.417746 11.325077
v -16.903965 4.352970 9.676709
v -18.808378 4.657266 11.561477
v -19.131298 5.015129 10.338903
v -14.138710 11.983723 14.028938
v -12.989268 14.097606 15.055326
v -16.189240 12.362501 14.327356
v -14.138710 11.983723 14.028938
v -14.116599 15.026436 2.830794
v -15.285769 15.379854 5.240808
v -14.169296 15.178579 15.168355
v -16.009932 15.599582 10.478312
v -12.603234 14.962366 15.220028
v -13.090141 14.926783 9.220393
v -17.043934 4.527682 9.127461
v -17.689735 2.759017 15.618552
v -22.476208 6.129763 -0.882308
v -16.828665 4.075558 13.291285
v -16.301470 3.732966 11.160291
v -18.792053 5.221225 9.518314
v -12.506180 11.549413 13.571054
v -16.281868 14.618034 14.063597
v -11.538525 11.124624 12.614216
v -15.521816 15.396726 14.130404
v -11.462632 14.759914 14.566472
v -16.322582 4.367463 8.365338
v -15.881996 2.455038 14.863688
v -18.392399 3.869673 7.025464
v -18.196541 4.437352 12.690670
v -16.037069 3.616271 12.587622
v -18.356438 5.119814 9.002992
v -11.673631 13.808127 14.330338
v -17.798063 12.587028 13.124458
v -10.900484 13.487452 12.997799
v -13.090141 14.926783 9.220393
v -13.090141 14.926783 9.220393
v -16.424540 2.926530 7.898553
v -15.457473 2.405339 11.379971
v -17.577272 4.290976 13.318887
v -16.828665 4.075558 13.291285
v -17.666042 4.724710 9.098121
v -12.989268 14.097606 15.055326
v -11.152642 10.625813 9.692256
v -11.264989 14.072142 5.023630
v -12.603234 14.962366 15.220028
v -10.623211 14.108293 9.500593
v 58.745255 39.234535 11.941705
v 45.132076 31.691029 5.802011
v 57.486595 38.421745 5.243472
v 57.540279 37.940758 4.216111
v 56.185860 38.082474 11.900696
v 58.974770 39.330322 10.962638
v 56.185860 38.082474 11.900696
v 56.446655 38.203316 10.604257
v -14.766998 14.383248 14.993845
v -10.682094 13.035641 9.543484
v -12.359903 14.431877 2.943867
v -13.241156 14.735546 2.501319
v -10.815303 14.506389 13.112218
v 19.130035 5.015130 10.341152
v -7.965327 53.068527 -19.380367
v -7.855346 69.409874 -21.099037
v 16.300438 3.731638 11.162207
v -21.102257 63.285603 -1.840377
v -5.312544 54.074078 -19.746687
v -19.356737 68.972252 -3.406345
v -2.977868 75.405624 -19.377668
v 18.790754 5.221264 9.520826
v 18.355194 5.119668 9.005606
v 13.090136 14.926773 9.220414
v 12.603108 14.962182 15.220317
v 17.664886 4.724379 9.100540
v 16.302999 3.841211 13.276408
v 10.815214 14.506266 13.112428
v 12.359830 14.431900 2.944083
v 13.090136 14.926773 9.220414
v -20.315268 61.834969 -8.896265
v 0.000002 66.381866 -22.582638
v -8.116277 64.963196 -19.583721
v -15.593808 64.763916 -16.025965
v -1.404776 53.341450 -22.678543
v -2.567588 54.953362 -20.687881
v -2.131531 54.160961 -20.888638
v -1.229296 55.132607 -23.011414
v -15.106889 59.464630 -16.106468
v -10.178658 57.906361 -18.117016
v 16.902830 4.352338 9.678978
v -8.476720 57.846951 -18.019768
v 17.582546 4.416719 11.327228
v 16.035973 3.615285 12.589006
v 17.582546 4.416719 11.327228
v 18.195374 4.435733 12.692902
v 17.576115 4.289047 13.321015
v 20.065533 4.165496 7.582356
v -8.151859 67.568512 -20.780905
v -8.427470 63.036083 -19.890209
v 16.827530 4.073591 13.293281
v 17.582546 4.416719 11.327228
v -1.648998 53.756161 -22.065943
v -1.200775 55.783913 -22.635244
v -1.241413 56.583080 -22.300665
v 0.000002 54.232460 -24.141844
v 0.000002 56.897812 -23.012873
v -1.590109 63.194420 -22.491066
v -1.151662 54.377098 -23.588844
v 0.000002 54.912338 -23.794973
v 0.000002 63.134880 -22.496016
v -4.676744 64.801559 -21.416866
v -1.378755 58.060112 -21.840965
v 0.000002 55.842880 -23.416822
v 0.000002 60.694855 -22.424921
v -4.005087 59.424786 -19.008324
v 18.391464 3.870305 7.027567
v 16.423767 2.926417 7.900212
v 20.782177 3.491803 9.848031
v 21.706669 5.521186 -0.886819
v -25.416029 85.712219 8.830524
v -25.276281 87.642380 11.250590
v -5.377210 62.306576 -19.429041
v -2.098528 61.012211 -21.653456
v -17.616026 63.288960 -17.263199
v 22.961575 5.699829 -0.297027
v -4.036075 57.141663 -19.210947
v -13.151707 62.245880 -19.815538
v 15.456678 2.403695 11.381397
v 18.809433 5.014779 12.332549
v -25.139868 86.695221 8.988652
v -24.890881 88.101456 11.811729
v -23.742369 87.564835 10.049448
v -24.771799 87.228615 9.179946
v -0.839177 53.013481 -22.820713
v -0.521765 52.978668 -23.615612
v -18.124237 74.489182 7.835227
v 0.000002 52.947388 -23.776392
v -22.538897 85.094620 9.019016
v -20.974928 76.912292 7.946371
v -23.522461 87.040932 11.341309
v -18.124237 74.489182 7.835227
v -16.292385 63.078468 -16.601540
v -16.108747 62.608433 -16.669842
v -6.453869 50.282181 -18.074606
v -1.252521 44.767284 -13.927817
v 0.009137 48.178444 -18.017460
v -18.308769 50.636623 -5.845520
v -1.522020 45.592422 -15.727573
v -13.594026 48.800049 -9.995791
v 0.000002 58.398689 -22.644003
v -3.328978 66.447159 -22.376396
v -24.309294 88.269981 12.120933
v -24.890881 88.101456 11.811729
v -8.428280 50.891689 -18.244749
v -7.503910 50.728901 -18.106733
v -6.689269 50.629726 -18.400232
v -14.646887 49.736145 -12.128178
v 0.004223 44.630970 -14.292407
v -21.240194 54.215183 -2.745359
v 0.006684 45.595516 -15.964504
v -15.568341 49.811398 -2.713511
v -21.578272 54.331573 -6.183490
v -2.055272 47.808170 -17.520693
v -6.081941 58.668453 -17.590607
v -9.484990 62.032749 -20.630617
v -10.957984 47.748814 -7.218613
v 52.821522 36.729698 12.065174
v 56.446655 38.203316 10.604257
v -12.613895 63.351242 -19.292469
v -12.353677 62.843304 -19.139791
v 0.008282 47.936661 -17.293657
v -1.183708 47.995869 -18.094393
v -19.418369 51.890224 -8.819155
v -7.210807 77.941605 7.616858
v -7.263264 52.001766 -19.173071
v -0.000001 78.011902 9.895229
v -5.511465 50.790329 -19.237534
v -6.828918 51.297161 -18.793163
v -5.501650 50.105892 -18.809408
v -3.549195 79.304703 7.286491
v -0.000001 79.793350 7.217185
v -5.775796 75.710861 10.896388
v -12.796631 59.668690 10.400164
v -13.054471 63.893295 11.106489
v -3.179735 77.963013 9.627287
v -9.933176 74.674881 10.325728
v -11.339500 72.037346 11.425408
v -10.905610 76.394691 7.879027
v -12.474117 67.969749 12.155130
v -11.981037 62.771744 -18.418461
v -8.961513 62.534473 -19.084839
v -6.813580 60.212921 -18.635391
v -9.105961 61.998993 -19.570974
v 12.505219 11.548006 13.573136
v 13.241079 14.735579 2.501544
v 14.169149 15.178370 15.168706
v 18.807184 4.656345 11.563755
v -16.100906 5.287849 8.967225
v 12.603108 14.962182 15.220317
v -19.212631 8.108566 8.297032
v 16.827530 4.073591 13.293281
v 13.090136 14.926773 9.220414
v -18.527260 6.294233 8.659623
v -18.797295 5.667364 11.329056
v -19.235710 7.720384 10.841889
v -15.198432 6.946599 13.069532
v -7.185985 60.272388 -19.170996
v -5.968076 58.542801 -16.997604
v -6.698792 60.451057 -19.061317
v -23.338940 86.203621 11.461403
v -14.634960 73.833649 8.424353
v -16.380775 68.154823 10.247327
v -23.397524 84.069000 9.809853
v -22.605370 80.729431 8.281472
v -6.332887 60.365768 -17.995295
v -11.267858 64.228027 -18.837671
v -11.981037 62.771744 -18.418461
v -15.138097 63.126823 -15.868719
v -5.594480 58.966179 -17.067953
v -5.823234 58.825859 -16.775187
v -5.815277 58.626629 -17.231823
v -16.521269 63.750187 9.146097
v -14.614917 62.182297 -15.653017
v -0.691465 52.788960 -21.841944
v -17.464922 5.259887 13.049733
v -17.171545 7.321395 13.177022
v -18.145161 5.404963 12.527345
v -14.690258 6.845923 12.413237
v -15.635668 4.567222 12.346816
v -18.283300 7.466232 12.448127
v 16.321520 4.367177 8.367562
v 15.881082 2.452098 14.865148
v -15.607533 8.428720 4.877021
v -15.678455 4.606619 10.740239
v 21.783560 2.751063 0.520324
v 21.033083 2.753242 0.315575
v 17.748278 6.173625 8.163688
v 18.796022 5.666345 11.331672
v 17.042809 4.527226 9.129786
v 17.688745 2.756111 15.620186
v 20.140280 3.052559 13.149231
v 15.782731 4.140185 10.859199
v 22.465908 6.168738 -0.872706
v 22.006393 6.091352 -1.057591
v 13.508942 60.429630 -17.602264
v -16.108747 62.608433 -16.669842
v -14.614917 62.182297 -15.653017
v -8.684237 62.427925 -20.097263
v -8.376976 63.313087 -19.760548
v -6.332887 60.365768 -17.995295
v -9.878168 60.390339 -18.958477
v -11.920708 60.324577 -18.655907
v -11.269938 59.161400 -18.648907
v -8.961513 62.534473 -19.084839
v 12.509910 62.568058 -17.602146
v 6.542305 57.496140 -15.943226
v 13.516230 57.244793 -13.806054
v 13.209372 57.506569 -15.855745
v 9.809042 56.215538 -15.898294
v 7.511815 62.932491 -17.604546
v 9.762886 57.245869 -17.606834
v 6.359344 60.559990 -17.608206
v 11.377231 61.510590 -18.657406
v 8.537150 61.749439 -18.644917
v 9.979919 62.123550 -18.654060
v 8.376980 63.313087 -19.760544
v 9.878172 60.390339 -18.958475
v -15.141632 10.102866 13.244273
v -16.083721 10.090026 4.564147
v 7.252667 58.206898 -17.609764
v 9.792616 58.686020 -18.637194
v 6.197289 60.700653 -18.523092
v 7.875999 60.526260 -18.633156
v 8.384192 59.235809 -18.628984
v 6.332890 60.365768 -17.995295
v 8.961516 62.534473 -19.084835
v -14.456163 6.825430 10.526132
v -12.111910 9.028967 9.842225
v -19.172049 10.974600 10.202631
v -16.863422 8.910435 5.259573
v -16.113691 7.160754 13.290267
v -13.877724 9.072065 4.372755
v 21.815125 6.908847 -0.751618
v 22.006393 6.091352 -1.057591
v 22.881010 6.176689 0.053217
v 22.465908 6.168738 -0.872706
v 22.961575 5.699829 -0.297027
v 21.479086 6.087185 -0.642371
v -14.929710 9.537190 4.145242
v -15.663877 8.691845 13.266520
v -17.281696 9.002382 13.222573
v 22.277319 4.830310 2.209881
v 19.324602 5.227752 10.433891
v 16.914991 5.907160 8.131137
v 14.694377 7.106772 7.983260
v 17.975746 5.080690 8.514260
v 15.027063 4.032954 10.972707
v 18.964033 5.391273 9.073485
v 10.072801 65.556244 -13.803916
v 16.099739 5.287233 8.969684
v 17.889671 7.971198 6.616190
v 16.360224 7.839837 6.659008
v 18.024406 4.993601 7.678126
v 17.218899 2.660183 8.761492
v 19.762316 5.552731 8.220090
v 20.088860 5.314382 10.515583
v -16.668358 5.090201 13.088227
v 16.411200 2.115848 11.312347
v 17.069948 4.606938 14.046583
v 23.464165 2.971469 1.524063
v 22.634672 2.850164 0.918197
v -19.386251 9.448099 10.445090
v -14.572622 8.151590 5.251283
v -17.943037 10.731111 6.519825
v 15.401251 4.253084 14.402508
v -14.404465 8.460738 13.012088
v 17.107340 4.639410 15.152323
v -13.550187 7.802419 6.655735
v 15.377984 4.247415 13.540068
v -13.560847 9.773735 13.133071
v -19.232767 56.447941 -12.438086
v 0.000002 70.433662 -22.293835
v -15.034586 63.369736 -16.727940
v -21.893627 57.138268 -6.885883
v -17.562916 57.914352 -13.456275
v -13.658050 57.002129 -16.354786
v -12.998637 57.948929 -17.400486
v -5.888926 55.175549 -19.364199
v -12.192266 68.554901 -17.937817
v -6.446031 60.735989 -18.982136
v -0.843188 53.462410 -23.874823
v 0.000002 53.512428 -24.300865
v -10.803528 51.617413 -18.178745
v -15.605476 53.163040 -15.658257
v -6.819024 72.048340 -20.602396
v -3.075675 70.646248 -22.078716
v -17.685566 68.060730 -10.922779
v -16.234709 66.658562 -14.441729
v -24.218836 87.959747 12.869477
v -25.152227 87.900566 12.941227
v -13.077658 71.397858 -15.801391
v -16.671175 62.333244 -14.019565
v -18.071276 62.385021 -12.399519
v -15.469936 62.267277 -15.137027
v -15.826979 58.958351 -14.437290
v -14.865998 55.363560 -16.149126
v -8.437596 54.625988 -19.044455
v -3.098773 55.838390 -20.256655
v -6.519523 56.321068 -18.621126
v -5.781141 57.746300 -17.345049
v -7.176228 57.720951 -17.674627
v -5.736548 59.016491 -17.784283
v -11.980066 65.360413 -18.569477
v -8.487434 56.318367 -18.330280
v -11.866977 64.065872 -19.242210
v -10.773967 56.467216 -17.785086
v -11.366184 54.439629 -18.121216
v -15.996366 4.833164 12.957027
v -12.755635 8.950975 6.418034
v -18.555464 9.480280 7.158111
v -17.117435 10.525041 13.483976
v -15.663877 8.691845 13.266520
v -18.606915 10.748278 12.654138
v -18.625669 9.212476 12.414724
v -15.141632 10.102866 13.244273
v -13.073940 7.802712 9.861825
v -15.028171 4.034427 10.970647
v -20.066622 4.164498 7.580023
v -19.325882 5.228307 10.431243
v -15.783951 4.141302 10.857006
v -19.763659 5.552199 8.217223
v -20.090153 5.314849 10.512872
v -17.071249 4.609342 14.044219
v -19.522619 4.931333 12.863403
v -15.402472 4.255924 14.400358
v -18.810740 5.016182 12.329992
v -14.494090 13.964615 2.996322
v -17.232620 12.454526 5.864088
v -13.274774 11.042511 3.958527
v -14.320972 11.252036 3.139508
v -11.338697 12.977874 5.294379
v -12.085116 10.765736 6.190979
v -12.555417 9.386998 12.286006
v -13.573014 8.094253 12.074623
v -17.976980 5.080667 8.511671
v -17.219656 2.660481 8.759910
v -23.469582 2.932971 1.515289
v -15.379183 4.249908 13.537932
v -22.298903 6.897582 -0.508434
v -15.857466 14.514042 5.472411
v -13.563594 13.642490 2.833975
v -12.668168 13.413591 3.461765
v -22.971264 5.660172 -0.306671
v -18.025587 4.993262 7.675583
v -16.411942 2.117289 11.311003
v -22.639748 2.812408 0.909590
v -21.826694 6.871174 -0.761167
v -22.476208 6.129763 -0.882308
v -18.410833 12.790683 10.346808
v -15.512797 11.680023 3.397818
v -22.891602 6.137402 0.043499
v -22.286030 4.794059 2.201013
v -18.965355 5.391275 9.070719
v -17.108681 4.642245 15.149943
v -21.037798 2.717921 0.307563
v -23.306868 3.876160 2.477628
v -16.877476 13.159603 7.413138
v -21.037798 2.717921 0.307563
v -21.715841 5.483541 -0.895971
v -21.226469 4.765087 1.643467
v 44.279655 33.251575 6.746287
v 46.031376 29.684971 4.835824
v 53.743549 37.478218 9.678883
v 43.382877 35.054832 8.572802
v 54.167286 38.706245 7.055574
v 55.938854 38.993904 7.173689
v -21.788359 2.714398 0.511997
v -21.489294 6.050083 -0.651582
v -22.016487 6.053123 -1.067008
v -20.673443 3.771074 1.130808
v 17.184242 12.986958 -0.281436
v 19.233974 13.348659 3.021482
v 6.463409 10.783969 -7.077784
v 10.030679 11.475539 -5.682193
v 5.270813 12.915370 21.656027
v -0.000171 12.882844 21.859865
v 11.867944 13.708142 17.687481
v -0.001424 13.962113 3.745034
v 10.588502 12.389253 20.350065
v 32.758980 28.706371 7.853872
v 19.917379 13.282713 5.618924
v 19.808769 12.729403 10.451135
v 6.463409 10.783969 -7.077784
v 10.030679 11.475539 -5.682193
v 14.775950 12.008456 18.488287
v 3.373285 10.350716 -7.758795
v -0.002200 11.956096 -7.268951
v 14.562416 12.315995 -2.827801
v 14.562416 12.315995 -2.827801
v 17.184242 12.986958 -0.281436
v -17.029503 43.499207 13.809293
v -17.718695 45.891811 12.390069
v -21.226891 40.800831 5.070757
v -6.690998 24.889286 17.934280
v -9.881436 32.002972 12.969414
v -10.929132 16.147650 23.107859
v -15.510322 15.601566 20.814241
v -16.163980 39.733150 4.202936
v -15.509506 36.683964 6.245667
v -18.135132 46.765869 9.964817
v -18.048674 45.863949 7.123278
v -15.626170 36.360214 8.336511
v -15.509506 36.683964 6.245667
v 33.491135 29.934692 6.759588
v 38.753151 40.000179 6.290793
v 39.396530 41.789375 8.700714
v 37.073143 36.452259 5.469971
v 33.497410 29.141642 10.810880
v 32.758980 28.706371 7.853872
v 35.294983 32.851929 12.628021
v 31.983292 29.204411 8.612804
v 37.245438 37.410122 12.324606
v 32.758980 28.706371 7.853872
v 33.925247 32.987885 5.687266
v 33.497410 29.141642 10.810880
v 35.346306 33.351978 5.523872
v 34.395699 33.624878 11.887344
v 36.108360 36.987053 5.503873
v 37.245438 37.410122 12.324606
v 38.753151 40.000179 6.290793
v 38.543282 40.341896 10.769110
v 0.000000 44.878380 -0.878889
v 4.666590 50.419270 10.308179
v 6.074859 50.494049 9.331856
v 7.018979 50.476250 8.077215
v -0.000001 50.220577 11.906812
v 4.666590 50.419270 10.308179
v 5.336708 46.880093 1.587999
v 3.220623 45.452145 -0.418075
v 19.233974 13.348659 3.021482
v -33.984070 37.513630 3.770667
v -27.238119 39.263485 5.109146
v -26.215288 36.340240 4.952292
v -33.082130 37.746567 4.392612
v -31.585373 34.375854 4.436476
v -19.263105 35.446201 8.706244
v -19.430319 35.673927 7.104920
v -22.470747 44.842823 7.643579
v -22.704174 45.726803 10.220663
v -25.617422 34.858299 5.326489
v -30.628431 32.553822 4.872928
v -30.490318 30.369793 5.025079
v -20.080862 37.317398 5.351940
v -19.492008 35.735668 10.758118
v -31.364704 32.084995 4.270536
v -32.291962 27.492599 7.179281
v 6.951852 48.977844 4.192048
v -0.000001 50.220577 11.906812
v 6.074859 50.494049 9.331856
v -26.598879 36.730400 12.641576
v -28.761305 43.828876 7.542330
v 37.322708 37.906956 13.783696
v -28.868952 43.416382 11.723242
v 34.994137 32.694801 14.091814
v 32.241524 27.192675 9.341773
v 32.824890 28.205864 11.783202
v 37.858936 41.194496 9.627104
v 37.971504 40.946331 6.816021
v -12.058430 20.517715 -2.562865
v -7.551650 49.221771 8.630487
v -11.848643 43.165184 2.364030
v -11.402865 48.193027 5.812349
v -12.804707 40.598587 2.767283
v -11.848643 43.165184 2.364030
v -10.616811 48.485165 9.127154
v -13.303865 42.736713 3.056223
v -8.006030 48.312553 8.903417
v -7.430037 49.920410 8.431854
v -6.917600 39.429390 -1.297301
v -2.072130 34.971054 -2.147073
v -5.059455 40.539745 -1.534148
v -5.493173 40.858093 -1.673405
v 39.396530 41.789375 8.700714
v -12.824903 18.297070 -3.668692
v 32.719418 35.196041 8.482413
v -2.319728 42.766300 -1.390056
v -2.658627 43.286011 -1.497676
v -8.916782 41.393597 -0.426687
v -11.416822 43.984024 1.472712
v -11.617330 31.662260 2.788135
v -10.147701 41.189018 0.129206
v -8.300260 48.459435 6.733342
v -8.129752 48.954128 6.539503
v -7.417433 49.942951 6.108122
v -7.216627 45.747654 1.143284
v -7.860100 45.356934 1.244089
v -8.799093 39.350929 -0.743908
v -9.316298 36.226883 -0.254591
v -8.083689 45.076283 1.384159
v -8.120740 48.104401 4.071694
v -12.003401 31.831524 5.252687
v -6.952792 48.978741 4.190205
v -16.156301 22.826782 6.345744
v -2.678706 18.409779 -6.676054
v -5.460795 24.242022 -3.614352
v -7.688583 48.554348 4.067410
v -2.686181 23.908426 -3.972459
v -5.828043 14.666114 -8.918549
v -6.267714 13.867503 -9.847837
v -4.869096 30.129551 -2.033970
v -9.596810 15.154376 -7.555267
v -8.752378 20.032919 -5.091612
v -12.319150 25.479477 0.815108
v -10.307903 24.134556 -1.514813
v -15.075581 19.149427 -1.251532
v -13.917694 21.939049 -0.278496
v 39.785408 43.138271 8.987797
v 38.952538 40.621120 4.899745
v 38.806152 41.302589 11.908812
v 37.177933 36.566753 3.930268
v 32.291798 27.492403 7.179196
v 29.827477 29.966267 11.331910
v 32.944206 28.488054 9.109764
v -12.521011 39.093960 3.055174
v -10.451312 39.018929 1.254444
v -11.483208 36.255253 4.748899
v -11.212955 35.304050 4.799007
v -12.522254 37.867172 3.735650
v -12.620509 46.399033 3.514006
v -12.872322 45.714188 3.986229
v -14.828426 46.846931 6.485547
v -14.873006 47.448978 9.581613
v -13.499657 47.318806 6.089911
v -6.259099 50.659283 9.522270
v -11.782200 44.656170 13.101353
v -6.399760 23.123812 19.183329
v -13.088922 47.830181 5.794205
v -7.418789 47.731243 11.139843
v -14.115981 45.257343 4.407558
v -13.292682 47.936192 9.355071
v -3.343205 45.369259 -0.562372
v -7.501108 41.487171 -0.697402
v -4.470813 44.061924 -0.999088
v -7.158798 35.753719 -1.306103
v -9.829652 39.217796 -0.003426
v -13.183479 27.416220 3.728518
v -14.337223 26.289230 6.223413
v -2.323323 29.745369 -2.269917
v -5.336708 46.881634 1.585519
v -8.513153 47.506924 4.086958
v -5.500909 46.891762 1.493399
v -17.072737 19.913229 2.422830
v -5.647725 18.768471 -6.507053
v -3.232224 13.806294 -10.292242
v -3.679402 10.304802 -10.295927
v -7.035186 10.695575 -9.577915
v -10.741117 11.374988 -8.069705
v -8.429774 25.183313 -2.165449
v -11.728178 15.354918 -6.259120
v -10.572283 21.871710 -2.967882
v -13.426773 23.937763 0.069009
v -15.627604 22.733557 3.000803
v 39.525684 36.243725 10.293191
v 49.110111 28.328022 4.076267
v 43.382877 35.054832 8.572802
v 14.829167 46.846718 6.485620
v 13.284172 47.938164 9.357524
v 12.573072 48.469925 9.364614
v 39.544319 36.521309 8.103932
v 6.867902 48.909855 10.545437
v 39.558701 37.717804 6.278461
v 6.259097 50.659229 9.522505
v 14.867071 47.450447 9.583418
v 11.565948 47.179886 11.991499
v 9.089518 47.073795 12.018146
v 6.596399 49.878422 9.852932
v 12.406154 46.739471 11.803638
v 6.089391 47.362499 12.829637
v 6.140711 46.912083 12.696301
v 3.301439 45.135479 14.652461
v 3.419930 43.111294 15.274498
v 8.913172 44.531799 13.854156
v 3.255821 46.914803 14.241593
v 5.611753 48.565659 12.124419
v -0.000016 46.727585 14.772376
v 2.949631 48.322807 13.259081
v -37.177620 36.567070 3.930063
v -38.805691 41.303120 11.908455
v -3.220623 45.452469 -0.416864
v -39.784718 43.139042 8.987178
v -5.336708 46.881634 1.585519
v -38.952190 40.621460 4.899504
v -33.312290 29.100803 5.479376
v -32.241310 27.193008 9.341641
v -31.057617 34.875496 12.882545
v -31.814505 34.367542 13.619304
v -35.225864 43.274555 6.870153
v -34.679802 42.378891 11.185408
v -25.023779 33.655987 10.764775
v -35.710392 42.485336 11.595783
v -39.699333 42.598228 6.373844
v -7.019014 50.476494 8.076247
v -6.952792 48.978741 4.190205
v -6.074989 50.494301 9.331223
v -7.417433 49.942951 6.108122
v -32.824623 28.206215 11.783064
v -32.291962 27.492599 7.179281
v -34.993889 32.695129 14.091619
v -34.351639 31.078892 4.529896
v -37.322334 37.907379 13.783479
v -29.303972 30.995840 10.967670
v -35.350441 33.074726 3.993443
v -32.758713 28.706802 7.853644
v -11.004086 12.386529 20.352253
v -4.397307 12.189880 -6.835825
v -3.377380 10.335437 -7.785363
v -18.836765 13.343736 3.027953
v -19.740641 13.279418 5.632781
v -5.418941 12.914032 21.657108
v -14.155672 14.159321 -0.920976
v 34.662910 40.172024 6.796767
v -37.245071 37.410553 12.324355
v -37.971123 40.946735 6.815742
v -33.490871 29.935032 6.759417
v -38.540619 40.346485 10.764028
v -32.943935 28.488434 9.109584
v -33.497147 29.141991 10.810736
v -39.395771 41.790318 8.699921
v -32.758713 28.706802 7.853644
v -37.072838 36.452591 5.469763
v -35.346016 33.352295 5.523695
v -37.245071 37.410553 12.324355
v -35.294704 32.852295 12.627830
v -32.541180 30.453497 6.657715
v -31.983027 29.204784 8.612611
v -7.019014 50.476494 8.076247
v -2.451204 50.275761 11.418055
v -3.377380 10.335437 -7.785363
v -6.430346 10.743551 -7.149683
v -16.652912 12.993928 -0.351320
v -9.831658 11.430583 -5.760312
v -4.666735 50.419533 10.307714
v -19.836927 12.723190 10.452872
v -38.752789 40.000546 6.290544
v -39.368721 41.432915 7.171117
v -5.418941 12.914032 21.657108
v -32.943935 28.488434 9.109584
v -34.400810 31.596943 5.994489
v -5.127319 14.408033 19.599249
v 34.582081 41.157528 8.863688
v -37.858322 41.195278 9.626416
v -38.752789 40.000546 6.290544
v -33.924957 32.988190 5.687087
v -34.400810 31.596943 5.994489
v -35.346016 33.352295 5.523695
v -37.072838 36.452591 5.469763
v -39.368721 41.432915 7.171117
v -38.540619 40.346485 10.764028
v 34.713314 40.662037 10.953793
v -20.040388 2.933924 9.995595
v 34.928391 39.153530 12.088630
v -39.395771 41.790318 8.699921
v -33.497147 29.141991 10.810736
v -32.719105 35.196373 8.482203
v -34.395378 33.625248 11.887148
v 34.931026 38.526264 6.321323
v -18.221369 -0.040215 9.587131
v -35.294704 32.852295 12.627830
v -18.896641 -0.004221 13.070065
v -16.724859 1.083729 11.728742
v 35.011951 37.701191 11.763146
v -19.074141 -0.051076 6.545161
v -17.366968 -0.105127 12.465410
v -16.984688 0.064405 14.257934
v -21.413864 3.071975 4.960237
v -20.426819 2.836820 7.054228
v -21.163923 -0.010281 7.597517
v -19.930746 -0.055669 10.372248
v -20.342638 1.528538 9.688442
v 35.011951 37.701191 11.763146
v -16.328285 2.197217 13.885064
v -18.365395 3.551353 7.870803
v -21.163923 -0.010281 7.597517
v -19.345816 2.413282 12.351517
v -22.953501 0.258790 3.943138
v 46.031376 29.684971 4.835824
v 56.836132 37.482979 5.718582
v 56.814758 37.001587 4.650603
v 56.836132 37.482979 5.718582
v 46.731251 30.504181 3.604472
v 59.643269 37.428932 4.407372
v 56.814758 37.001587 4.650603
v 59.623566 37.832207 5.261559
v 59.063179 38.478424 5.033640
v 59.643269 37.428932 4.407372
v 61.547119 37.940155 4.902605
v 60.377647 38.592224 4.897043
v 61.536640 37.704483 4.325750
v 60.403881 38.218681 3.953311
v 56.410126 38.471916 8.646152
v 56.620285 38.065506 7.369653
v 57.317371 39.196365 7.248412
v 58.933811 39.353706 7.307277
v 56.911034 38.984604 11.854241
v 55.623692 38.974922 10.570019
v 53.324501 38.406132 11.865338
v 53.741177 38.917347 10.161605
v 53.542400 36.075752 4.842099
v 54.019608 36.864891 6.808153
v 50.252880 34.896351 4.815662
v 50.403366 34.038696 7.077646
v 48.454441 27.146595 4.290023
v 47.956966 29.002592 3.514883
v 39.558701 37.717804 6.278461
v 48.055458 30.382135 3.980299
v 39.659180 37.089397 11.898465
v 39.659180 37.089397 11.898465
v 47.482849 29.474850 5.311023
v 43.791550 36.659023 5.817179
v 59.161362 38.437813 12.070006
v 39.645077 38.560555 12.160986
v 60.061176 39.355034 12.181114
v 13.284172 47.938164 9.357524
v 13.503933 47.317722 6.089033
v 50.252880 34.896351 4.815662
v 14.553089 14.238876 -1.177457
v 18.039139 12.148946 15.796413
v 4.405420 12.213957 -6.793362
v 47.322586 36.780884 4.957150
v 48.055458 30.382135 3.980299
v -0.000171 12.882844 21.859865
v 14.775950 12.008456 18.488287
v 33.491135 29.934692 6.759588
v 5.270813 12.915370 21.656027
v -0.002066 10.278488 -7.978805
v 18.039139 12.148946 15.796413
v 12.400093 11.873822 -4.359075
v 6.458442 45.665329 13.645004
v 7.418784 47.730991 11.140643
v 10.588502 12.389253 20.350065
v 3.373285 10.350716 -7.758795
v 32.541458 30.453178 6.657887
v 39.369194 41.432400 7.171491
v 47.298359 28.199324 4.479808
v 47.532738 34.210930 4.380620
v 38.543282 40.341896 10.769110
v 35.346306 33.351978 5.523872
v 53.542400 36.075752 4.842099
v 55.406422 38.766991 11.753174
v 34.401093 31.596630 5.994656
v 39.369194 41.432400 7.171491
v 35.294983 32.851929 12.628021
v 37.073143 36.452259 5.469971
v -0.000001 42.837509 15.320115
v 3.174171 46.410725 14.083274
v -0.002066 10.278488 -7.978805
v 7.417193 49.942650 6.109187
v 2.451206 50.275639 11.418239
v -0.000000 47.262955 5.539938
v -10.767794 40.739605 1.512004
v -7.281612 50.601997 8.173275
v -11.049402 47.008106 3.455960
v 47.098236 32.524208 6.723448
v 46.607391 33.720970 9.762619
v 47.532738 34.210930 4.380620
v -10.872616 37.318779 1.999582
v -10.767794 40.739605 1.512004
v -7.793112 48.512302 8.899099
v 57.053905 39.121231 10.745747
v 56.620285 38.065506 7.369653
v -10.853548 18.479399 -4.845880
v -6.840923 40.185123 -1.546108
v -1.942938 39.686180 -2.057914
v -4.431001 39.425491 -1.800206
v 57.131252 39.503464 8.321591
v 58.817448 39.719673 8.324433
v -7.656000 50.054207 6.225568
v -7.938682 49.496136 6.284663
v -10.012339 44.516083 1.204475
v -13.512145 27.706844 5.894248
v 7.018979 50.476250 8.077215
v 39.699753 42.597809 6.374143
v 33.312439 29.100533 5.479460
v -0.000001 50.412838 12.154984
v 0.000001 49.563004 12.821594
v 2.742874 49.526287 12.339965
v 35.350723 33.074425 3.993618
v 2.451206 50.275639 11.418239
v 34.351898 31.078596 4.530056
v 47.298359 28.199324 4.479808
v 48.844692 27.809151 4.652081
v -12.431848 36.870461 5.091330
v -10.872616 37.318779 1.999582
v -11.483208 36.255253 4.748899
v -10.451312 39.018929 1.254444
v 43.791550 36.659023 5.817179
v 59.471802 38.498009 11.054417
v -13.499657 47.318806 6.089911
v -13.292682 47.936192 9.355071
v -12.580121 48.467976 9.363875
v -12.872322 45.714188 3.986229
v -3.220623 45.452469 -0.416864
v -7.255042 41.670860 -0.946942
v 56.410126 38.471916 8.646152
v 59.093826 38.079933 4.082884
v -4.493304 35.330528 -1.874474
v -6.059427 42.238861 -1.042962
v -15.502900 24.738804 6.344024
v 54.333797 38.273922 5.836261
v 59.623566 37.832207 5.261559
v -8.508840 48.255360 6.703135
v -10.529520 36.374268 1.378375
v -7.204825 48.963451 4.075667
v -6.314490 46.337601 1.252325
v -8.347939 47.737453 4.089725
v 56.111198 38.361038 5.485936
v -17.905140 19.843155 5.697529
v -14.027226 26.084705 3.807717
v -2.808189 14.497900 -9.413752
v -10.487852 31.442051 0.591269
v -10.158381 14.265700 -8.385201
v -11.515565 26.830650 0.836617
v -7.887690 30.738966 -1.293749
v -12.548746 14.593431 -6.981625
v -13.235220 11.787255 -6.498555
v -15.133656 24.706636 3.440616
v 10.178895 13.277781 -4.615105
v 18.063494 14.788384 4.982645
v 12.400093 11.873822 -4.359075
v -7.191231 20.428843 18.997465
v 17.134212 13.883802 12.698467
v 19.808769 12.729403 10.451135
v -20.263561 -0.051403 4.452351
v -4.587050 26.734028 18.036112
v -11.657459 25.104866 14.794955
v -10.051739 39.731556 13.763190
v -8.840244 39.604198 14.720037
v -11.076928 39.924610 13.130110
v 5.011912 14.409325 19.598232
v 19.917379 13.282713 5.618924
v -0.000740 14.384310 20.089359
v 32.944206 28.488054 9.109764
v -6.555228 39.331955 15.621693
v -3.495317 39.003803 15.905505
v -11.094755 27.595377 13.979511
v -8.987967 27.269793 15.840512
v -2.978573 23.297890 20.140675
v -19.798311 -0.005186 2.244360
v -20.943882 -0.071740 2.336122
v -23.469582 2.932971 1.515289
v -5.454784 18.867651 21.391394
v 34.401093 31.596630 5.994656
v -9.116545 24.900175 16.476919
v 15.626484 36.360046 8.336659
v 34.456589 41.291336 5.332104
v 15.512378 36.682858 6.245061
v 33.082344 37.746372 4.392877
v 25.615871 34.859375 5.326972
v 30.628654 32.553585 4.873137
v 17.473253 44.225796 5.407386
v 18.048420 45.864017 7.123663
v 3.721598 34.889729 16.232822
v -0.000001 34.725399 16.359289
v 22.469172 44.843433 7.644713
v 22.701538 45.727802 10.222062
v 19.429127 35.674438 7.105662
v 19.261221 35.446991 8.707218
v 25.201578 33.696812 6.027057
v 19.655275 36.274933 6.129731
v 20.436598 38.446381 13.287068
v 21.464258 42.525406 13.797131
v 29.165140 29.800713 6.769445
v 24.935598 33.019444 6.880476
v -15.980837 38.422894 4.667396
v -16.704065 41.881344 4.324255
v -16.347790 39.151001 13.041951
v -19.008066 15.794012 17.011694
v -4.023439 31.695942 16.677479
v -15.628785 37.377121 5.340030
v -17.472811 44.225967 5.407179
v -15.918578 36.641731 10.444590
v 19.666460 12.935102 17.447886
v 0.000118 16.125288 25.636675
v 11.773419 44.658165 13.103212
v 13.732248 44.188595 13.338531
v 12.871077 39.965431 12.759272
v 8.910704 35.679424 13.776608
v 10.932234 12.668036 24.038610
v 5.556664 12.912064 25.179241
v 15.633211 37.375423 5.338983
v 15.512378 36.682858 6.245061
v 35.226254 43.274220 6.870428
v 24.935598 33.019444 6.880476
v 28.762861 43.827858 7.542529
v 29.533363 28.818928 6.662645
v 28.891699 29.616901 8.815170
v 24.833824 32.693005 8.422939
v 33.137745 39.387302 12.945639
v 29.199051 44.424774 9.766128
v -22.044376 43.098549 6.056010
v -28.259203 42.107079 6.076359
v -20.377354 38.510227 4.935697
v -34.456242 41.291645 5.331842
v -25.202469 33.696220 6.026716
v -21.465269 42.525078 13.796532
v -29.838799 31.034018 5.513246
v -20.437044 38.446205 13.286879
v -35.685349 41.424294 4.761874
v -32.371544 34.042217 3.806442
v -19.655148 36.275028 6.129473
v -22.328957 44.770538 12.519169
v 29.304174 30.995592 10.967874
v 35.710789 42.484940 11.596060
v 25.022732 33.656643 10.765141
v -19.430319 35.673927 7.104920
v -24.833902 32.693016 8.422774
v 32.291798 27.492403 7.179196
v 31.814798 34.367207 13.619514
v 28.869795 43.415768 11.723496
v 36.544193 44.005413 8.977503
v 26.599062 36.730171 12.641870
v 34.204807 39.462528 13.509233
v 16.167936 39.731636 4.202104
v 16.347702 39.151047 13.042022
v -5.215455 49.663200 11.218349
v -6.458444 45.665482 13.644466
v -3.174173 46.410740 14.083224
v -2.949633 48.322857 13.258911
v -3.419938 43.111317 15.274432
v -3.255823 46.914822 14.241534
v -8.913246 44.531414 13.855076
v -6.504632 43.973347 14.590416
v -12.418827 46.736980 11.800595
v -12.418827 46.736980 11.800595
v -9.089735 47.073090 12.020784
v -6.596426 49.878632 9.851974
v -7.862747 31.777212 14.782422
v -6.140712 46.912369 12.695287
v -7.248745 47.984596 11.087248
v 39.251068 40.480389 8.942887
v 59.161362 38.437813 12.070006
v 39.413685 39.548725 6.950309
v 59.471802 38.498009 11.054417
v 14.359662 46.350533 12.080709
v 7.248738 47.984333 11.088102
v 10.842761 44.925770 13.494620
v 12.406154 46.739471 11.803638
v 0.000019 46.175705 14.279293
v 6.504645 43.973766 14.590257
v 15.362092 14.892897 -5.468237
v -0.000023 44.800209 14.802540
v 14.424185 15.578190 -4.773644
v 5.215438 49.662987 11.219159
v 4.786587 50.612633 10.527980
v -0.000001 48.292728 13.748699
v -29.533356 28.820093 6.661782
v -24.935848 33.019325 6.880265
v -6.074989 50.494301 9.331223
v -29.533356 28.820093 6.661782
v -29.165012 29.801537 6.768790
v -29.319878 28.641972 8.948487
v -24.935848 33.019325 6.880265
v -28.891527 29.617374 8.814789
v -29.165012 29.801537 6.768790
v -36.533928 43.622387 6.555038
v -2.451204 50.275761 11.418055
v -36.543781 44.005787 8.977218
v -4.666735 50.419533 10.307714
v -12.053470 11.867795 -4.362207
v -35.398315 43.677135 8.981105
v -34.204391 39.462944 13.509002
v -29.198433 44.425282 9.765782
v -27.989096 40.800034 13.050354
v -33.137348 39.387691 12.945393
v -29.827240 29.966555 11.331730
v -12.053470 11.867795 -4.362207
v -9.973583 13.222195 -4.531688
v -19.740641 13.279418 5.632781
v -17.851757 14.771888 4.963610
v 34.924854 36.963173 10.027903
v -19.305075 1.239125 12.715885
v -18.836765 13.343736 3.027953
v -15.276229 12.004386 18.490776
v -18.615326 3.096603 7.518597
v -18.336964 12.143785 15.798985
v -12.218473 13.704880 17.689474
v -22.953501 0.258790 3.943138
v -33.490871 29.935032 6.759417
v -32.758713 28.706802 7.853644
v -36.108047 36.987389 5.503654
v -14.108387 12.311916 -2.686623
v -18.336964 12.143785 15.798985
v -11.004086 12.386529 20.352253
v -15.276229 12.004386 18.490776
v -6.430346 10.743551 -7.149683
v -9.831658 11.430583 -5.760312
v -14.108387 12.311916 -2.686623
v -16.652912 12.993928 -0.351320
v -17.132034 13.878686 12.700396
v -19.836927 12.723190 10.452872
v 34.936367 37.296604 7.926428
v -17.858673 2.460741 14.421381
v -19.654839 3.545135 8.422154
v -18.434513 1.655092 6.212558
v -19.177031 2.881672 6.381985
v 34.931026 38.526264 6.321323
v -17.975250 1.045982 14.774316
v -16.585981 0.896933 14.263840
v -21.386557 1.549982 7.822853
v -19.821659 3.052887 8.033980
v -19.346573 1.767944 3.435242
v -19.074141 -0.051076 6.545161
v -18.004810 0.131708 14.644301
v -16.984688 0.064405 14.257934
v -17.366968 -0.105127 12.465410
v -18.896641 -0.004221 13.070065
v -19.930746 -0.055669 10.372248
v -18.004810 0.131708 14.644301
v -22.145201 0.040851 2.921259
v -18.221369 -0.040215 9.587131
v -19.798311 -0.005186 2.244360
v -22.682211 1.799722 5.403288
v -20.046688 3.111150 4.125332
v -17.607580 1.691961 8.537374
v -21.190237 0.005039 4.940927
v 60.947502 38.689575 12.095352
v 61.126129 39.315536 12.141109
v 61.766659 38.616402 4.713375
v 61.802120 38.345528 3.977341
v 61.547119 37.940155 4.902605
v 61.536640 37.704483 4.325750
v 60.344296 39.465027 7.375654
v 60.947502 38.689575 12.095352
v 61.091499 38.790405 11.405737
v 59.428547 38.704536 7.474782
v 39.382317 40.092495 10.986388
v 19.096649 12.916413 -1.973837
v 60.328461 39.442017 11.133462
v 26.213543 36.341419 4.952830
v 28.259359 42.106960 6.076665
v 20.082144 37.316738 5.351785
v 59.293999 39.009216 8.528795
v 60.271309 39.811470 8.324036
v 16.705935 41.880630 4.324048
v 15.918357 36.641747 10.444881
v 15.985589 38.421055 4.666294
v 18.135181 46.765800 9.965113
v 31.364960 32.084721 4.270730
v 22.327332 44.771107 12.520006
v 19.429127 35.674438 7.105662
v 18.912739 15.494005 -2.498303
v 20.931919 16.808699 4.493896
v 30.490419 30.369513 5.025393
v 19.491415 35.735870 10.758538
v 15.456316 12.619647 21.442892
v 11.070928 39.924408 13.132783
v 52.613953 37.387051 4.590728
v 61.091499 38.790405 11.405737
v 0.000591 12.780056 25.469982
v 7.096053 35.051662 15.543346
v 20.281912 16.560987 1.222152
v 17.597897 16.184532 -2.022207
v 29.320053 28.641350 8.948914
v 29.533363 28.818928 6.662645
v 29.165140 29.800713 6.769445
v 36.534309 43.622063 6.555313
v 34.680210 42.378502 11.185676
v 31.057917 34.875160 12.882761
v 2.523626 50.471107 11.655280
v 16.066498 12.194039 -4.729431
v 35.398701 43.676777 8.981386
v 27.989443 40.799725 13.050632
v 61.440548 39.306053 8.361410
v 61.440372 39.084618 7.651898
v 59.428547 38.704536 7.474782
v -6.089392 47.362736 12.828754
v -3.301441 45.135807 14.651534
v -2.742873 49.526363 12.339696
v -14.363598 46.354313 12.076968
v -10.851019 44.924847 13.492627
v -5.611756 48.565842 12.123729
v 59.293999 39.009216 8.528795
v -11.570042 47.178822 11.992014
v -6.867903 48.910168 10.544053
v 31.585629 34.375610 4.436693
v 21.226597 40.800926 5.071215
v 33.984310 37.513412 3.770921
v -18.211229 16.449419 16.435286
v 29.838886 31.033777 5.513589
v -12.871708 39.965378 12.758800
v 32.371815 34.041950 3.806646
v -16.129845 12.615685 21.446112
v -5.480366 16.531672 24.733414
v -15.139197 16.234659 19.960657
v -20.119692 12.930463 17.452579
v -5.541096 16.007437 25.292603
v 17.718763 45.891674 12.390388
v 22.043859 43.098724 6.056716
v 20.378284 38.509743 4.935644
v 17.029596 43.499100 13.809545
v 35.685692 41.423981 4.762132
v -8.909529 35.678703 13.779315
v -11.429022 12.665230 24.040861
v -5.701263 12.910654 25.180389
v -13.732577 44.188885 13.337961
v -11.782200 44.656170 13.101353
v -7.096252 35.050934 15.529409
v -3.721603 34.889137 16.221693
v -11.076928 39.924610 13.130110
v 27.237225 39.264069 5.109570
v -11.091235 15.624936 23.825611
v 54.280170 37.583324 4.509339
v 56.116432 37.800377 4.349236
v 54.019608 36.864891 6.808153
v 54.052425 39.059391 8.699614
v 55.791756 39.278183 8.416657
v -0.001052 18.904667 22.239614
v 9.878735 32.004932 12.972072
v 17.887537 16.466187 16.454746
v 14.593062 16.253582 19.986315
v -0.000157 16.652315 24.973553
v 10.481000 16.165180 23.133720
v 10.633741 15.628434 23.824860
v 14.915229 15.606953 20.814114
v -15.520992 12.164722 -4.774076
v -12.417894 36.876446 8.201075
v -14.783340 14.886061 -5.470944
v -18.395748 12.797428 -2.190700
v -2.523625 50.471169 11.655142
v -4.786629 50.612740 10.527665
v -20.607557 16.795645 4.497441
v -19.647232 16.549543 1.235274
v -0.001254 23.211485 20.003740
v 6.255647 23.191641 19.343485
v -0.000489 27.132448 18.430834
v 7.842326 31.782436 14.955734
v 3.495295 39.003796 15.905713
v 6.554024 39.332035 15.622580
v 2.928286 23.329590 20.198393
v 5.299599 19.050283 21.729856
v -17.545094 19.812164 10.731384
v -22.329821 13.386213 10.675020
v -12.431848 36.870461 5.091330
v -16.083841 22.395779 10.723445
v -11.323037 36.624908 8.168789
v -13.150422 28.071075 9.048557
v -11.483208 36.255253 4.748899
v -13.992440 26.411482 9.547081
v -13.662926 20.280382 16.150225
v -14.192290 18.913687 17.156401
v 6.577047 24.968889 18.113359
v 8.990648 25.024714 16.718821
v -13.075072 26.046986 12.513040
v -14.584710 23.947659 13.737088
v -22.281366 13.522880 4.786154
v -11.076149 32.139046 11.049971
v 11.055319 27.622904 14.032500
v -12.581659 37.448277 10.421551
v -16.383993 19.394068 14.331507
v -11.094656 37.317593 10.601016
v 13.839201 19.037958 17.382528
v 13.399650 20.505365 16.567001
v 12.581771 37.446983 10.422443
v 12.774849 23.177082 17.069420
v 21.619242 13.238315 1.304338
v 21.570395 15.777523 0.722205
v 15.247135 24.757290 10.697336
v 20.160614 16.892874 11.245012
v 16.099882 22.283615 10.505525
v 17.504168 19.788187 10.437766
v 11.773419 44.658165 13.103212
v 10.043952 39.732746 13.765156
v 9.541292 22.918375 18.484812
v 10.112642 18.469904 20.385771
v -21.414993 16.172785 10.900155
v -21.942448 16.049494 4.048631
v -11.094656 37.317593 10.601016
v 12.305508 28.024158 11.896419
v 15.365006 21.298700 13.762614
v 14.533026 24.112511 14.045898
v 11.093017 37.318012 10.600965
v -15.464270 21.175863 13.538767
v -10.227468 20.159822 18.017683
v 11.093017 37.318012 10.600965
v 22.300810 13.393503 10.673623
v -10.483453 18.316568 20.104006
v 21.385347 16.177399 10.894385
v 11.971181 31.895620 8.665071
v 11.331061 36.625183 8.168579
v 14.080389 26.497957 9.708355
v 10.899842 35.396030 8.268100
v 12.434737 36.869610 5.090458
v 46.846886 38.743107 6.728439
v 45.561298 39.309475 11.198722
v 43.026646 39.920677 11.101424
v 45.340057 37.946743 12.520495
v 43.388889 38.331573 12.597685
v 45.302124 36.245808 12.680406
v 43.471752 39.230968 6.869666
v 43.073441 36.592258 12.614559
v 45.302124 36.245808 12.680406
v 45.796040 34.802326 11.838994
v 44.466343 35.078373 5.007982
v 45.190758 32.740108 4.314252
v 49.422039 39.216850 9.292857
v 45.132076 31.691029 5.802011
v 48.355396 36.059635 12.615713
v 51.440456 38.332642 12.102038
v 53.743549 37.478218 9.678883
v 48.171185 37.659637 12.537723
v 52.821522 36.729698 12.065174
v 49.781208 34.712132 9.851011
v 61.440548 39.306053 8.361410
v 61.782536 39.903885 8.299302
v 48.454441 27.146595 4.290023
v 49.026131 27.874701 3.509183
v 61.277168 39.388550 11.389708
v 61.789268 39.626389 7.463658
v -0.000076 31.517834 16.828417
v 5.397139 16.009024 25.291906
v 18.636524 15.798741 17.007877
v 5.331952 16.545223 24.755339
v -13.885912 15.568163 -4.783015
v -18.120007 15.356030 -2.746314
v 50.204151 36.812481 4.766950
v 48.844692 27.809151 4.652081
v -16.886696 16.048693 -2.267037
v -10.882170 35.395107 8.267894
v 48.355396 36.059635 12.615713
v 48.657650 38.801308 11.436645
v 4.531143 26.744116 18.252296
v 6.988727 21.032349 20.130384
v 4.011694 31.704414 16.767450
v -0.000002 38.919182 15.868371
v 49.110111 28.328022 4.076267
v 61.440372 39.084618 7.651898
v -11.912133 31.897264 8.661247
v -20.190128 16.881857 11.247261
v -11.323037 36.624908 8.168789
v -15.187907 24.637722 10.473211
v 8.833602 39.604218 14.723775
v 11.561141 25.267649 15.101373
v 52.685360 38.530972 6.468479
v 44.279655 33.251575 6.746287
v 8.910022 27.308935 15.926148
v 11.070928 39.924408 13.132783
v -21.004686 13.233209 1.309133
v 52.821522 36.729698 12.065174
v 49.132942 35.209190 11.874260
v -20.838661 15.773458 0.728900
v -10.007490 36.073875 10.827155
v 16.259850 19.456987 14.415048
v 13.072984 26.139879 12.687622
v 9.935779 20.453592 18.565887
v 52.281033 39.050694 9.417517
v -12.284616 28.010696 11.870155
v -12.965310 22.984135 16.707451
v 10.016130 36.074272 10.825850
v 11.102836 32.137943 11.052548
v -9.757869 22.805893 18.274035
v 22.370922 16.054249 4.040543
v 22.596354 13.530930 4.785953
v 13.239270 28.076128 9.058385
v 12.418194 36.876289 8.200982
v 11.488751 36.255486 4.749062
v 11.331061 36.625183 8.168579
v 50.072029 38.547108 6.642725
v 43.119083 35.621902 11.119757
v 43.073441 36.592258 12.614559
v 46.109451 39.644466 9.045104
v 43.018230 40.259850 8.933658
vn -0.1062 -0.1004 -0.9893
vn -0.8836 -0.1812 -0.4317
vn -0.9666 -0.0266 -0.2549
vn -0.2922 0.0787 -0.9531
vn 0.3831 -0.0541 -0.9221
vn 0.0412 0.4719 -0.8807
vn 0.5692 0.2947 -0.7676
vn 0.0415 0.9542 -0.2963
vn 0.7148 0.5405 -0.4438
vn 0.7418 0.6323 -0.2235
vn -0.8758 0.3688 -0.3112
vn -0.8132 0.5815 0.0242
vn 0.0524 0.9984 0.0205
vn 0.8378 0.5386 -0.0891
vn 0.0378 0.9071 0.4193
vn 0.7448 0.5249 0.4120
vn 0.9929 0.0951 -0.0721
vn 0.9279 0.1577 0.3379
vn 0.9943 0.1045 0.0196
vn -0.8045 0.5731 0.1560
vn -0.7375 0.3418 0.5825
vn 0.0757 0.2934 0.9530
vn 0.8218 0.1745 0.5423
vn 0.9897 -0.1255 0.0684
vn 0.7736 -0.4416 0.4544
vn 0.4157 -0.9085 0.0432
vn 0.8343 -0.5453 -0.0813
vn -0.7077 0.2593 0.6572
vn -0.6324 0.2582 0.7303
vn 0.1207 0.2250 0.9669
vn -0.0141 -0.5298 0.8480
vn 0.0197 -0.9712 0.2373
vn 0.0408 -0.9975 0.0573
vn 0.1460 -0.9886 -0.0379
vn 0.6177 -0.7494 -0.2385
vn -0.6184 -0.2466 0.7462
vn -0.6487 -0.4045 0.6446
vn -0.3772 -0.7587 0.5312
vn -0.0938 -0.9951 -0.0325
vn -0.0676 -0.9939 -0.0866
vn 0.2563 -0.9556 -0.1455
vn -0.3151 -0.9487 -0.0270
vn 0.0872 -0.9699 -0.2275
vn -0.4383 -0.8988 0.0055
vn 0.1808 -0.8249 -0.5356
vn -0.3559 -0.7895 0.5000
vn -0.2416 -0.9643 -0.1082
vn -0.3389 -0.9298 -0.1433
vn -0.3753 -0.8958 -0.2382
vn -0.4252 -0.9044 -0.0371
vn 0.3393 -0.6065 -0.7190
vn -0.2207 -0.9330 -0.2843
vn 0.3036 -0.5176 -0.8000
vn -0.2928 -0.8462 0.4452
vn -0.2957 -0.8525 0.4311
vn -0.2151 -0.7782 0.5900
vn -0.2002 -0.8963 0.3957
vn -0.2275 -0.8872 -0.4015
vn -0.3258 -0.9454 -0.0115
vn -0.2204 -0.9749 -0.0321
vn -0.4027 -0.7901 -0.4622
vn -0.7000 -0.6660 -0.2577
vn -0.5957 -0.2946 -0.7472
vn 0.0220 -0.9385 0.3445
vn -0.0075 -0.8908 -0.4543
vn 0.0166 -0.9830 -0.1827
vn 0.0208 -0.9996 -0.0182
vn -0.0543 -0.4035 -0.9134
vn -0.6587 -0.0000 -0.7524
vn -0.9872 -0.0827 -0.1363
vn -0.4707 0.4016 -0.7856
vn 0.2250 -0.8882 -0.4005
vn 0.3441 -0.9388 -0.0132
vn 0.2325 -0.9722 -0.0267
vn 0.4119 -0.7941 -0.4469
vn 0.4937 0.0709 -0.8667
vn -0.2076 0.1772 -0.9620
vn 0.2542 -0.8974 0.3606
vn 0.3671 -0.9011 -0.2307
vn 0.3748 -0.9235 -0.0817
vn 0.1952 -0.9431 -0.2693
vn 0.8067 -0.5524 -0.2099
vn 0.2222 -0.8105 0.5420
vn 0.2588 -0.8741 0.4109
vn 0.3422 -0.9288 -0.1421
vn 0.4041 -0.9143 -0.0290
vn -0.3210 -0.7940 -0.5163
vn -0.5153 -0.4063 -0.7546
vn -0.3656 -0.5079 -0.7800
vn 0.4801 -0.4484 -0.7540
vn 0.2844 -0.8550 0.4337
vn 0.2469 -0.9621 -0.1157
vn 0.2945 -0.9545 -0.0471
vn -0.2437 -0.9241 -0.2945
vn 0.3348 -0.8038 0.4918
vn 0.0964 -0.9946 -0.0379
vn 0.0709 -0.9929 -0.0959
vn -0.3048 -0.9291 -0.2097
vn 0.3591 -0.7761 0.5184
vn -0.0416 -0.9977 0.0526
vn -0.1534 -0.9871 -0.0453
vn -0.6285 -0.7311 -0.2654
vn -0.0269 -0.9707 0.2388
vn -0.4310 -0.9015 0.0381
vn -0.8570 -0.5057 -0.0991
vn 0.6634 -0.3809 0.6441
vn 0.5878 -0.2354 0.7740
vn -0.0159 -0.5235 0.8519
vn -0.7750 -0.4371 0.4564
vn -0.9914 -0.1101 0.0709
vn -0.1404 0.2226 0.9647
vn -0.8191 0.1806 0.5445
vn -0.9931 0.1144 0.0245
vn -0.9302 0.1560 0.3323
vn -0.9937 0.0888 -0.0680
vn -0.7509 0.5274 0.3974
vn -0.8437 0.5281 -0.0963
vn 0.6178 0.2719 0.7378
vn -0.0773 0.3021 0.9501
vn -0.0359 0.9111 0.4107
vn -0.0653 0.9977 0.0172
vn -0.7480 0.6251 -0.2230
vn -0.0318 0.9544 -0.2967
vn -0.7088 0.5459 -0.4468
vn -0.5280 0.3304 -0.7823
vn 0.7128 0.2712 0.6468
vn 0.7395 0.3430 0.5792
vn 0.8097 0.5645 0.1600
vn 0.8184 0.5740 0.0267
vn 0.8744 0.3698 -0.3140
vn -0.0334 0.5047 -0.8626
vn -0.3807 -0.0285 -0.9243
vn 0.2519 0.0929 -0.9633
vn 0.1108 -0.0842 -0.9903
vn 0.9639 -0.0260 -0.2651
vn 0.8803 -0.1650 -0.4447
vn 0.0106 -0.6996 -0.7145
vn -0.1808 -0.7398 -0.6481
vn -0.2733 0.0427 -0.9610
vn -0.0279 0.1866 -0.9820
vn 0.0363 -0.7341 -0.6781
vn -0.0242 0.1432 -0.9894
vn 0.0001 -0.5907 -0.8069
vn 0.0003 0.2867 -0.9580
vn 0.0246 0.1434 -0.9894
vn -0.0361 -0.7338 -0.6784
vn 0.0282 0.1871 -0.9819
vn -0.0104 -0.6991 -0.7149
vn 0.2735 0.0433 -0.9609
vn 0.1809 -0.7393 -0.6486
vn 0.9739 -0.2271 -0.0059
vn 0.9145 -0.3980 0.0724
vn 0.4757 -0.2196 0.8517
vn 0.1715 -0.1229 0.9775
vn -0.2668 0.4128 0.8709
vn -0.4949 0.2740 0.8246
vn -0.7084 0.5312 0.4648
vn -0.2990 0.8592 0.4151
vn -0.5713 0.8141 -0.1040
vn -0.1087 0.9804 -0.1642
vn 0.9468 -0.2153 0.2394
vn 0.0665 -0.1185 0.9907
vn -0.6855 0.0019 0.7281
vn -0.9008 0.2285 0.3693
vn -0.6937 0.7139 -0.0952
vn 0.1587 0.6393 -0.7524
vn 0.2690 0.5293 -0.8047
vn 0.5728 0.6559 -0.4915
vn 0.9091 -0.1558 0.3865
vn -0.0510 -0.3856 0.9212
vn -0.7355 -0.3056 0.6046
vn -0.9571 0.1714 0.2338
vn -0.6594 0.7254 -0.1976
vn 0.3713 0.7278 -0.5766
vn 0.7276 -0.3221 0.6057
vn -0.3671 -0.3630 0.8564
vn -0.8486 -0.0982 0.5198
vn -0.9107 0.3175 0.2641
vn -0.5280 0.8246 -0.2030
vn 0.2905 0.8694 -0.3996
vn 0.5464 0.4433 0.7106
vn -0.6417 0.3562 0.6792
vn -0.3189 0.9449 0.0735
vn 0.3678 0.9132 -0.1753
vn -0.9145 -0.3980 0.0724
vn -0.9738 -0.2271 -0.0058
vn -0.4757 -0.2196 0.8517
vn -0.1715 -0.1229 0.9775
vn -0.9468 -0.2153 0.2394
vn -0.0665 -0.1185 0.9907
vn -0.9090 -0.1558 0.3865
vn 0.0528 -0.3849 0.9214
vn -0.7276 -0.3220 0.6057
vn 0.2668 0.4128 0.8709
vn 0.4949 0.2740 0.8246
vn 0.6856 0.0027 0.7280
vn 0.7361 -0.3054 0.6040
vn 0.3675 -0.3638 0.8559
vn -0.5462 0.4433 0.7107
vn 0.7084 0.5312 0.4648
vn 0.9005 0.2286 0.3699
vn 0.9570 0.1702 0.2348
vn 0.8486 -0.1001 0.5195
vn 0.9110 0.3169 0.2641
vn 0.6419 0.3581 0.6780
vn 0.2990 0.8592 0.4151
vn 0.5713 0.8141 -0.1040
vn 0.6937 0.7139 -0.0952
vn 0.6596 0.7253 -0.1972
vn 0.5284 0.8244 -0.2030
vn 0.1088 0.9804 -0.1642
vn -0.2690 0.5293 -0.8047
vn -0.1587 0.6393 -0.7524
vn -0.3710 0.7279 -0.5767
vn -0.2902 0.8696 -0.3996
vn -0.3678 0.9133 -0.1753
vn 0.3190 0.9449 0.0735
vn -0.5728 0.6559 -0.4916
vn 0.5905 -0.7269 0.3506
vn 0.2755 -0.5886 0.7600
vn -0.4125 -0.7457 0.5232
vn -0.4763 -0.8764 -0.0711
vn 0.6237 -0.7451 0.2363
vn -0.4703 -0.8677 -0.1611
vn 0.5981 -0.7522 0.2766
vn -0.5425 -0.8254 -0.1562
vn 0.0929 -0.9956 0.0143
vn 0.8104 -0.5798 0.0838
vn 0.3816 -0.8399 -0.3861
vn 0.8768 -0.3021 -0.3740
vn 0.4979 -0.4652 -0.7320
vn 0.9015 0.0016 -0.4328
vn 0.6081 0.0749 -0.7903
vn 0.0204 -0.9998 0.0039
vn 0.1515 -0.8428 -0.5165
vn 0.3444 -0.4933 -0.7988
vn -0.0548 -0.0497 -0.9973
vn -0.4512 -0.2126 -0.8667
vn -0.4724 -0.3108 -0.8248
vn -0.5340 -0.7396 -0.4097
vn 0.4125 -0.7454 0.5237
vn -0.2755 -0.5882 0.7603
vn -0.5904 -0.7268 0.3509
vn 0.4764 -0.8764 -0.0707
vn -0.6234 -0.7452 0.2368
vn 0.4705 -0.8677 -0.1605
vn -0.5964 -0.7530 0.2780
vn 0.5428 -0.8257 -0.1538
vn -0.0891 -0.9958 0.0187
vn -0.0192 -0.9998 0.0091
vn 0.5363 -0.7397 -0.4065
vn -0.1490 -0.8451 -0.5134
vn 0.4737 -0.3105 -0.8241
vn -0.3433 -0.4948 -0.7983
vn 0.4518 -0.2121 -0.8666
vn -0.8085 -0.5821 0.0864
vn -0.3795 -0.8423 -0.3828
vn -0.4969 -0.4669 -0.7315
vn -0.6079 0.0735 -0.7906
vn 0.0552 -0.0500 -0.9972
vn -0.8764 -0.3040 -0.3735
vn -0.9013 -0.0002 -0.4332
vn -0.0090 -0.0603 -0.9981
vn -0.0989 -0.2870 -0.9528
vn -0.1432 -0.8843 -0.4445
vn -0.2180 -0.9145 -0.3409
vn -0.1615 -0.9861 0.0385
vn -0.2154 -0.9513 0.2207
vn -0.1080 -0.6068 0.7874
vn -0.1956 -0.6344 0.7479
vn -0.2650 -0.8509 0.4536
vn -0.1293 -0.3182 0.9392
vn -0.4780 -0.0480 -0.8770
vn -0.4845 -0.8741 0.0357
vn -0.1797 -0.7812 0.5978
vn -0.0951 -0.3063 0.9472
vn -0.0251 -0.9209 0.3891
vn 0.2054 -0.7963 0.5690
vn 0.0850 -0.2590 0.9621
vn -0.8155 -0.5725 0.0852
vn 0.4313 -0.7308 0.5292
vn 0.4582 -0.8885 0.0251
vn 0.4114 -0.8784 0.2433
vn 0.3267 -0.5584 0.7625
vn -0.7593 -0.5700 0.3139
vn 0.2370 -0.2456 0.9399
vn 0.7942 0.3280 -0.5116
vn 0.3034 -0.1663 -0.9382
vn -0.8124 -0.5757 -0.0923
vn -0.6689 -0.7367 0.0992
vn 0.5701 -0.3985 0.7185
vn 0.9455 0.3256 -0.0086
vn 0.0966 -0.9787 0.1813
vn 0.1230 -0.3458 -0.9302
vn 0.2850 -0.7139 -0.6396
vn 0.6712 -0.7000 0.2438
vn 0.7758 -0.6245 -0.0902
vn 0.1402 -0.5237 0.8403
vn 0.2446 -0.6261 -0.7404
vn 0.0102 -0.5893 0.8078
vn 0.1574 -0.9009 -0.4046
vn 0.2506 -0.0228 0.9678
vn 0.1758 -0.2336 0.9563
vn 0.0783 -0.8904 -0.4483
vn 0.4268 -0.4420 0.7890
vn 0.6147 -0.7243 -0.3123
vn 0.2019 -0.5929 -0.7796
vn 0.3836 -0.7117 0.5884
vn 0.7220 -0.4992 -0.4791
vn 0.2429 -0.2534 0.9364
vn 0.2520 -0.6940 -0.6745
vn 0.1016 -0.3479 0.9320
vn 0.1734 -0.7624 -0.6235
vn 0.4746 -0.5862 0.6565
vn 0.4392 -0.7461 -0.5004
vn -0.2909 -0.9182 -0.2688
vn -0.7809 -0.5890 -0.2079
vn -0.6476 -0.7352 0.2002
vn -0.0120 -0.9974 0.0715
vn 0.0788 -0.9331 -0.3508
vn 0.2114 -0.9771 0.0237
vn 0.3147 -0.8795 -0.3570
vn 0.3282 -0.9401 0.0921
vn 0.5286 -0.8452 0.0790
vn 0.4645 -0.7253 -0.5081
vn 0.0463 -0.8841 0.4650
vn 0.2409 -0.8872 0.3936
vn 0.2586 -0.8056 0.5331
vn 0.3086 -0.6812 0.6639
vn -0.4177 -0.7137 0.5623
vn 0.0190 -0.3680 0.9296
vn 0.1694 -0.5176 0.8387
vn 0.0837 -0.3778 0.9221
vn 0.0433 -0.2584 0.9651
vn 0.3266 -0.1109 0.9386
vn 0.6439 -0.3978 0.6535
vn -0.3795 -0.2999 0.8753
vn -0.2316 0.2009 0.9518
vn 0.0684 0.2811 0.9572
vn 0.0462 0.1466 0.9881
vn -0.0928 0.1726 0.9806
vn -0.0943 0.1742 0.9802
vn 0.2055 0.3474 0.9149
vn 0.4362 0.0316 0.8993
vn -0.2648 0.6486 0.7136
vn -0.0617 0.7312 0.6794
vn -0.1123 0.7417 0.6613
vn -0.1983 0.7049 0.6811
vn -0.1964 0.6753 0.7109
vn 0.0856 0.7475 0.6587
vn 0.1837 0.4323 0.8828
vn -0.4508 0.8801 0.1488
vn -0.2310 0.9685 0.0933
vn -0.2214 0.9746 0.0335
vn -0.2086 0.9762 0.0595
vn -0.1600 0.9780 0.1340
vn 0.1119 0.9681 0.2244
vn 0.1056 0.7719 0.6269
vn -0.3735 0.8188 -0.4361
vn -0.2814 0.8115 -0.5122
vn -0.1812 0.8089 -0.5593
vn -0.0738 0.8261 -0.5587
vn 0.1760 0.8815 -0.4382
vn 0.0168 0.9798 0.1993
vn -0.6051 0.6749 -0.4223
vn -0.4129 0.4932 -0.7657
vn -0.3041 0.4938 -0.8147
vn -0.1634 0.4972 -0.8521
vn -0.0229 0.4861 -0.8736
vn 0.2349 0.5151 -0.8243
vn -0.7394 0.2632 -0.6197
vn -0.4176 0.1686 -0.8928
vn -0.2834 0.1603 -0.9455
vn -0.1264 0.1904 -0.9735
vn 0.0069 0.1957 -0.9806
vn 0.2984 0.2589 -0.9187
vn -0.6579 0.0391 -0.7521
vn -0.4427 -0.0762 -0.8934
vn -0.2804 -0.1576 -0.9469
vn -0.0641 -0.1577 -0.9854
vn 0.0800 -0.0964 -0.9921
vn 0.3559 0.0729 -0.9317
vn -0.7605 -0.1118 -0.6397
vn -0.5151 -0.2658 -0.8149
vn -0.1790 -0.4454 -0.8772
vn 0.0656 -0.4251 -0.9028
vn 0.2015 -0.3584 -0.9116
vn 0.3978 -0.1383 -0.9070
vn -0.8082 -0.0522 -0.5866
vn -0.8295 -0.2797 -0.4834
vn -0.4778 -0.6119 -0.6303
vn -0.0911 -0.6978 -0.7104
vn 0.1739 -0.6739 -0.7181
vn 0.3255 -0.5477 -0.7708
vn -0.7811 -0.5884 -0.2091
vn -0.2908 -0.9180 -0.2697
vn 0.0788 -0.9330 -0.3510
vn 0.3148 -0.8794 -0.3571
vn 0.4645 -0.7254 -0.5080
vn 0.5124 -0.3529 -0.7829
vn 0.5259 -0.2763 -0.8044
vn 0.3399 -0.1464 -0.9290
vn 0.2876 0.0104 -0.9577
vn 0.7228 -0.5208 -0.4543
vn 0.6397 -0.6064 -0.4724
vn -0.4546 -0.6769 -0.5789
vn -0.6252 -0.5121 -0.5889
vn -0.6567 -0.3970 -0.6412
vn 0.2099 0.2005 -0.9569
vn 0.1353 0.4782 -0.8678
vn -0.2370 -0.9386 -0.2506
vn -0.9653 0.0265 0.2597
vn -0.8162 -0.0841 0.5716
vn -0.6851 -0.0993 0.7217
vn -0.6451 -0.2695 0.7150
vn -0.7673 -0.2849 -0.5745
vn -0.7585 0.0605 -0.6489
vn -0.0429 0.8574 -0.5128
vn -0.7802 0.6161 0.1085
vn -0.7047 0.2980 0.6438
vn -0.5999 -0.3847 0.7015
vn -0.6195 -0.5064 0.5998
vn -0.7645 -0.5930 0.2528
vn -0.9391 0.1859 -0.2891
vn -0.7532 -0.6578 0.0057
vn -0.7637 -0.5988 -0.2413
vn -0.6542 -0.1297 0.7451
vn -0.5797 -0.4663 0.6683
vn 0.6164 -0.4422 0.6516
vn 0.8467 -0.5102 0.1510
vn 0.7229 -0.5208 -0.4541
vn -0.8251 -0.4615 -0.3260
vn -0.8634 -0.3182 -0.3915
vn -0.9328 -0.1909 -0.3056
vn -0.4995 -0.7618 0.4125
vn -0.3259 -0.9349 0.1402
vn 0.6758 -0.7282 0.1143
vn -0.9850 -0.0444 -0.1670
vn 0.6398 -0.6063 -0.4723
vn 0.6507 -0.7322 0.2013
vn 0.7834 -0.5854 -0.2087
vn 0.2904 -0.9184 -0.2688
vn 0.0124 -0.9974 0.0714
vn -0.0464 -0.8841 0.4650
vn 0.4178 -0.7130 0.5632
vn -0.0190 -0.3681 0.9296
vn 0.3793 -0.2995 0.8754
vn 0.1966 0.2499 0.9481
vn -0.0787 -0.9332 -0.3506
vn -0.2113 -0.9771 0.0237
vn -0.2407 -0.8872 0.3936
vn -0.1693 -0.5176 0.8387
vn -0.0462 0.1465 0.9881
vn -0.0808 0.2107 0.9742
vn 0.0565 0.7035 0.7085
vn 0.3150 0.6700 0.6722
vn -0.3146 -0.8795 -0.3570
vn -0.3282 -0.9401 0.0921
vn -0.2586 -0.8056 0.5331
vn -0.0837 -0.3778 0.9221
vn 0.0928 0.1725 0.9806
vn 0.1122 0.7415 0.6615
vn -0.5286 -0.8452 0.0791
vn -0.3086 -0.6812 0.6639
vn -0.0433 -0.2584 0.9651
vn 0.0944 0.1742 0.9802
vn 0.1982 0.7048 0.6811
vn -0.4645 -0.7253 -0.5081
vn -0.7229 -0.5208 -0.4542
vn -0.8467 -0.5102 0.1511
vn -0.6439 -0.3978 0.6535
vn -0.3266 -0.1109 0.9386
vn -0.2055 0.3474 0.9149
vn 0.1964 0.6753 0.7109
vn -0.6397 -0.6064 -0.4722
vn -0.6757 -0.7282 0.1144
vn -0.6164 -0.4422 0.6516
vn -0.4362 0.0316 0.8993
vn -0.1837 0.4323 0.8828
vn -0.0856 0.7475 0.6587
vn 0.2369 -0.9387 -0.2506
vn 0.3259 -0.9349 0.1402
vn 0.4995 -0.7618 0.4124
vn 0.5796 -0.4663 0.6683
vn 0.6540 -0.1298 0.7453
vn 0.7042 0.2988 0.6441
vn -0.1056 0.7719 0.6269
vn 0.9654 0.0264 0.2596
vn 0.9849 -0.0444 -0.1671
vn 0.9328 -0.1909 -0.3056
vn 0.8634 -0.3182 -0.3914
vn 0.8250 -0.4618 -0.3258
vn 0.7651 -0.5974 -0.2403
vn 0.7535 -0.6575 0.0058
vn 0.7802 0.6161 0.1085
vn -0.0168 0.9798 0.1993
vn -0.1120 0.9680 0.2244
vn 0.1601 0.9780 0.1339
vn 0.9391 0.1859 -0.2891
vn 0.0429 0.8575 -0.5127
vn -0.1760 0.8815 -0.4382
vn 0.0738 0.8261 -0.5587
vn 0.2085 0.9762 0.0596
vn 0.7645 -0.5931 0.2526
vn 0.7585 0.0605 -0.6489
vn -0.1353 0.4783 -0.8677
vn -0.2349 0.5152 -0.8243
vn 0.0230 0.4861 -0.8736
vn 0.1813 0.8090 -0.5592
vn 0.2215 0.9746 0.0334
vn 0.6195 -0.5065 0.5997
vn 0.7673 -0.2849 -0.5745
vn -0.2099 0.2005 -0.9569
vn -0.2984 0.2589 -0.9187
vn -0.0068 0.1958 -0.9806
vn 0.1636 0.4970 -0.8522
vn 0.2815 0.8115 -0.5121
vn 0.5999 -0.3847 0.7015
vn 0.6451 -0.2695 0.7150
vn 0.6567 -0.3970 -0.6412
vn -0.2876 0.0104 -0.9577
vn -0.3559 0.0729 -0.9317
vn -0.0800 -0.0964 -0.9921
vn 0.1262 0.1905 -0.9735
vn 0.3045 0.4938 -0.8145
vn 0.6851 -0.0993 0.7217
vn 0.6252 -0.5121 -0.5890
vn -0.3399 -0.1463 -0.9290
vn -0.3978 -0.1383 -0.9070
vn -0.2015 -0.3584 -0.9116
vn -0.0655 -0.4253 -0.9027
vn 0.0643 -0.1578 -0.9854
vn 0.8162 -0.0842 0.5716
vn 0.4546 -0.6767 -0.5792
vn -0.5259 -0.2763 -0.8044
vn -0.5124 -0.3530 -0.7828
vn -0.3253 -0.5475 -0.7710
vn -0.1738 -0.6742 -0.7178
vn -0.7229 -0.5207 -0.4542
vn -0.3146 -0.8796 -0.3568
vn -0.0788 -0.9333 -0.3504
vn 0.0911 -0.6982 -0.7101
vn 0.1795 -0.4455 -0.8771
vn 0.2813 -0.1575 -0.9466
vn 0.2843 0.1604 -0.9452
vn 0.2907 -0.9184 -0.2684
vn 0.4763 -0.6134 -0.6300
vn 0.5136 -0.2679 -0.8151
vn 0.4426 -0.0772 -0.8934
vn 0.4192 0.1683 -0.8921
vn 0.4144 0.4933 -0.7648
vn 0.7830 -0.5855 -0.2101
vn 0.8275 -0.2804 -0.4863
vn 0.8060 -0.0553 -0.5893
vn 0.7585 -0.1144 -0.6416
vn 0.6583 0.0377 -0.7518
vn 0.7412 0.2634 -0.6175
vn 0.6060 0.6755 -0.4201
vn 0.3738 0.8190 -0.4353
vn 0.2308 0.9685 0.0938
vn 0.4508 0.8799 0.1505
vn 0.0102 -0.0602 -0.9981
vn 0.1433 -0.8843 -0.4443
vn 0.1008 -0.2870 -0.9526
vn 0.2181 -0.9145 -0.3406
vn 0.4803 -0.0478 -0.8758
vn 0.4824 -0.8752 0.0370
vn 0.1610 -0.9862 0.0387
vn 0.2139 -0.9514 0.2214
vn 0.2602 -0.8512 0.4559
vn 0.1765 -0.7814 0.5986
vn 0.0219 -0.9203 0.3905
vn 0.8097 -0.5795 0.0928
vn -0.4372 -0.7263 0.5304
vn 0.7556 -0.5699 0.3229
vn 0.1072 -0.6066 0.7877
vn 0.1930 -0.6341 0.7488
vn 0.1231 -0.3169 0.9404
vn 0.0903 -0.3064 0.9476
vn -0.0819 -0.2645 0.9609
vn -0.1950 -0.8011 0.5659
vn -0.4021 -0.8833 0.2410
vn -0.4488 -0.8933 0.0240
vn -0.3030 -0.1678 -0.9381
vn -0.7938 0.3294 -0.5112
vn -0.2386 -0.2450 0.9397
vn -0.3140 -0.5704 0.7589
vn -0.7664 -0.6356 -0.0927
vn -0.6597 -0.7101 0.2463
vn -0.2770 -0.7174 -0.6392
vn -0.1241 -0.3480 -0.9293
vn -0.1366 -0.5244 0.8405
vn -0.2399 -0.6253 -0.7426
vn -0.0094 -0.5895 0.8077
vn -0.2010 -0.5930 -0.7797
vn -0.3827 -0.7124 0.5883
vn -0.7213 -0.5001 -0.4792
vn -0.1516 -0.9015 -0.4054
vn -0.2490 -0.0220 0.9682
vn -0.1756 -0.2340 0.9563
vn -0.0770 -0.8905 -0.4485
vn -0.4262 -0.4427 0.7889
vn -0.6138 -0.7250 -0.3125
vn -0.2399 -0.2537 0.9371
vn -0.2464 -0.6936 -0.6769
vn -0.1012 -0.3482 0.9319
vn -0.1724 -0.7625 -0.6236
vn -0.4739 -0.5870 0.6564
vn -0.4381 -0.7466 -0.5006
vn 0.8129 -0.5752 -0.0917
vn 0.6686 -0.7369 0.1000
vn -0.5705 -0.3982 0.7183
vn -0.0968 -0.9786 0.1818
vn -0.9455 0.3255 -0.0090
vn 0.4742 -0.0589 -0.8785
vn 0.4806 -0.8759 0.0415
vn 0.8186 -0.5689 0.0791
vn 0.5583 0.0875 -0.8250
vn 0.0906 0.4207 -0.9027
vn -0.0243 0.8081 -0.5885
vn -0.0674 0.6937 -0.7171
vn 0.1019 -0.2890 -0.9519
vn -0.0648 0.6673 -0.7419
vn 0.0104 -0.0620 -0.9980
vn 0.5649 -0.0435 -0.8240
vn -0.2999 -0.1664 -0.9393
vn -0.1241 -0.3497 -0.9286
vn 0.0936 0.5012 -0.8603
vn -0.0145 0.8801 -0.4745
vn 0.7681 -0.5673 0.2969
vn 0.4564 -0.0702 -0.8870
vn -0.7901 0.3318 -0.5154
vn 0.8133 -0.5745 -0.0923
vn 0.0674 -0.0407 -0.9969
vn -0.9455 0.3255 -0.0093
vn -0.5347 -0.4646 -0.7059
vn -0.5704 -0.3982 0.7184
vn -0.0969 -0.9785 0.1818
vn 0.6686 -0.7369 0.0996
vn -0.1206 0.7536 -0.6462
vn -0.1091 0.9871 -0.1171
vn -0.1441 0.9838 -0.1063
vn -0.1140 0.9001 0.4206
vn -0.0633 0.8537 0.5169
vn -0.0340 0.3647 0.9305
vn 0.0622 0.2140 0.9749
vn 0.1068 -0.6060 0.7882
vn -0.1196 0.9891 -0.0864
vn -0.0780 0.8383 0.5396
vn -0.0428 0.4490 0.8925
vn 0.1235 -0.3173 0.9403
vn 0.1927 -0.6338 0.7491
vn -0.1543 0.9851 -0.0766
vn -0.1469 0.8464 0.5119
vn -0.0568 0.3306 0.9421
vn 0.0908 -0.3063 0.9476
vn -0.0385 0.4046 0.9137
vn -0.0820 -0.2638 0.9611
vn -0.0957 0.9954 -0.0083
vn -0.0791 0.8968 0.4352
vn -0.1312 0.9908 0.0346
vn -0.0785 0.6496 0.7562
vn -0.3142 -0.5662 0.7621
vn -0.0652 0.9257 -0.3726
vn -0.0802 0.8997 0.4290
vn -0.7676 -0.6347 -0.0896
vn -0.1108 0.9500 -0.2919
vn 0.0090 0.6615 0.7499
vn -0.3104 -0.5692 0.7614
vn -0.1382 -0.5266 0.8388
vn 0.0716 0.4411 -0.8946
vn -0.1151 0.9566 0.2678
vn -0.6603 -0.7102 0.2442
vn -0.0671 0.6407 -0.7648
vn 0.0838 0.9435 0.3207
vn -0.2417 -0.2577 0.9355
vn -0.2759 -0.7171 -0.6400
vn 0.0913 0.4003 -0.9118
vn 0.0159 0.9893 0.1453
vn -0.2506 -0.0264 0.9677
vn -0.1511 -0.9004 -0.4081
vn 0.1217 0.5213 -0.8446
vn -0.0150 0.9352 0.3537
vn 0.0419 0.9836 0.1756
vn -0.0082 0.9064 0.4223
vn 0.0961 0.3393 -0.9358
vn 0.1266 0.5246 -0.8419
vn 0.0546 0.3301 -0.9424
vn -0.7639 0.6119 0.2053
vn -0.6539 0.0950 -0.7506
vn -0.2467 -0.6942 -0.6762
vn 0.0680 0.6878 -0.7227
vn 0.0965 0.8695 0.4843
vn 0.0198 0.5118 -0.8589
vn 0.0875 0.9583 0.2721
vn 0.0462 0.9373 0.3455
vn -0.4738 -0.5870 0.6564
vn -0.6234 0.4352 0.6496
vn -0.7743 0.2425 -0.5845
vn -0.4382 -0.7466 -0.5006
vn 0.0189 0.6255 -0.7800
vn -0.0438 0.2705 -0.9617
vn 0.6185 0.0040 0.7858
vn 0.6992 -0.6441 0.3102
vn 0.7454 0.3499 0.5674
vn 0.7842 -0.6148 -0.0837
vn 0.3595 0.1513 0.9208
vn 0.4894 -0.8717 0.0235
vn 0.0054 -0.1157 0.9933
vn 0.1068 -0.9823 0.1541
vn -0.5419 -0.3270 0.7742
vn -0.1287 -0.9905 -0.0487
vn -0.3755 -0.9012 -0.2165
vn -0.9241 -0.0315 0.3808
vn -0.5862 -0.8099 0.0219
vn -0.4918 -0.4845 0.7235
vn 0.7485 -0.0971 0.6560
vn 0.7205 -0.6088 0.3321
vn 0.8739 0.0825 0.4791
vn 0.7120 -0.6930 -0.1134
vn 0.5966 -0.7878 0.1530
vn 0.5519 -0.0726 0.8307
vn 0.1480 -0.9571 0.2490
vn -0.0589 -0.0096 0.9982
vn -0.4105 -0.8198 0.3994
vn -0.6878 -0.0784 0.7217
vn -0.8038 -0.5809 0.1283
vn -0.8946 0.0438 0.4447
vn -0.8405 -0.4691 0.2712
vn -0.6658 -0.2583 0.7000
vn 0.3583 -0.0232 0.9333
vn 0.5526 -0.5613 0.6161
vn 0.6002 0.2864 0.7468
vn 0.7528 -0.5750 0.3204
vn 0.3906 -0.0236 0.9202
vn 0.5071 -0.7731 0.3809
vn 0.0602 -0.8648 0.4985
vn -0.0970 0.0370 0.9946
vn -0.5989 -0.1442 0.7877
vn -0.3835 -0.8931 0.2354
vn -0.7662 -0.6330 0.1108
vn -0.9210 0.0509 0.3861
vn -0.8750 -0.4440 0.1928
vn -0.7659 -0.3229 0.5560
vn 0.4957 0.0195 0.8683
vn 0.6529 -0.4788 0.5869
vn 0.5573 0.1796 0.8107
vn 0.7277 -0.6548 0.2040
vn 0.4912 -0.7432 0.4543
vn 0.0824 0.1669 0.9825
vn 0.1628 -0.7810 0.6029
vn -0.2135 -0.0486 0.9757
vn -0.2289 -0.8400 0.4919
vn -0.6264 -0.0105 0.7794
vn -0.5712 -0.7906 0.2208
vn -0.9045 0.0658 0.4214
vn -0.7406 -0.6151 0.2706
vn -0.7129 -0.2198 0.6659
vn 0.3375 -0.5797 0.7417
vn 0.6659 -0.6596 0.3485
vn 0.6754 0.0332 0.7367
vn 0.6038 0.4405 0.6644
vn 0.4408 0.0760 0.8944
vn 0.3202 -0.8665 0.3830
vn -0.0477 -0.8733 0.4849
vn 0.0017 0.2195 0.9756
vn -0.4881 -0.6843 0.5417
vn -0.3493 0.3000 0.8877
vn -0.6437 0.3189 0.6957
vn -0.8518 -0.5102 0.1189
vn -0.7712 0.2110 0.6006
vn -0.5865 -0.5116 0.6279
vn 0.1361 0.4208 0.8969
vn -0.3888 -0.9156 0.1022
vn -0.9610 0.2313 0.1517
vn -0.6990 0.4532 0.5532
vn -0.3868 0.5001 0.7748
vn -0.1572 0.8206 0.5494
vn 0.2881 0.9093 0.3003
vn 0.9058 0.2596 0.3350
vn 0.3129 0.4277 0.8480
vn -0.5823 0.7900 0.1921
vn -0.3839 0.6877 0.6162
vn -0.3560 0.5608 0.7475
vn -0.3421 0.5407 0.7685
vn -0.6150 0.4929 0.6155
vn -0.9763 0.2075 -0.0613
vn -0.6066 0.7899 0.0905
vn -0.0622 0.9705 0.2327
vn -0.2452 0.8556 0.4558
vn 0.3232 0.7009 0.6358
vn 0.2812 0.6866 0.6705
vn 0.1695 0.5619 0.8096
vn -0.9989 0.0145 -0.0447
vn -0.5495 0.7802 0.2988
vn -0.0156 0.9522 0.3050
vn 0.3428 0.8677 0.3599
vn 0.3178 0.8468 0.4266
vn 0.5046 0.6550 0.5625
vn -0.9575 -0.0633 0.2815
vn -0.6178 0.6905 0.3762
vn -0.0359 0.9914 0.1262
vn 0.3350 0.9363 0.1051
vn 0.8050 0.5870 0.0863
vn 0.8428 0.4350 0.3169
vn 0.8149 0.4004 0.4191
vn -0.8697 -0.0836 0.4864
vn -0.5446 0.7460 0.3833
vn -0.1222 0.9593 -0.2547
vn 0.1802 0.9036 -0.3886
vn 0.6742 0.6018 -0.4280
vn -0.7349 0.1445 0.6626
vn -0.1534 0.4756 0.8662
vn -0.1155 0.9035 0.4126
vn -0.1626 0.9528 -0.2563
vn -0.1538 0.8056 -0.5722
vn 0.2089 0.4571 -0.8645
vn 0.2180 0.5504 0.8059
vn 0.0618 0.9210 0.3846
vn -0.2975 0.9481 -0.1122
vn -0.5224 0.6299 -0.5748
vn -0.3634 0.0361 -0.9309
vn -0.8338 0.3560 -0.4219
vn -0.7726 -0.3227 -0.5468
vn 0.5587 0.6681 0.4914
vn 0.0684 0.9820 0.1762
vn -0.3666 0.9233 -0.1147
vn -0.5504 0.8249 -0.1288
vn -0.9866 0.0946 -0.1331
vn -0.8544 -0.4858 -0.1846
vn -0.0935 -0.1878 -0.9778
vn -0.4548 -0.8231 -0.3401
vn 0.4970 0.8669 -0.0382
vn 0.0189 0.9985 -0.0511
vn 0.9590 0.1419 -0.2452
vn 0.8367 -0.3992 -0.3750
vn 0.3954 -0.8024 -0.4469
vn 0.0323 -0.9120 -0.4090
vn 0.8732 0.3333 0.3556
vn 0.0956 0.0168 0.9953
vn 0.0817 0.7333 0.6750
vn 0.1560 0.7319 0.6634
vn -0.1841 0.7703 0.6105
vn -0.1175 0.7892 0.6028
vn -0.1855 0.6696 0.7192
vn 0.1807 0.5391 0.8226
vn 0.3347 0.3699 0.8667
vn -0.3669 0.4968 0.7865
vn -0.6390 0.3503 0.6848
vn 0.5503 0.6901 0.4701
vn 0.6117 0.7358 0.2906
vn 0.6248 0.6755 0.3916
vn 0.6979 0.4283 0.5741
vn 0.0135 0.5411 0.8409
vn -0.6835 -0.5757 0.4489
vn 0.1576 0.2299 0.9604
vn 0.6303 0.6092 0.4813
vn 0.8036 0.5951 -0.0049
vn 0.8596 0.5039 0.0844
vn 0.9413 0.3282 0.0790
vn 0.3109 -0.2057 0.9279
vn 0.6414 0.5351 0.5498
vn 0.7678 0.6342 -0.0909
vn 0.7135 0.0427 -0.6994
vn 0.8655 -0.0071 -0.5009
vn -0.2308 -0.8097 0.5396
vn 0.0678 -0.1183 0.9907
vn 0.3930 0.7110 0.5832
vn 0.7483 0.6356 -0.1901
vn 0.6298 0.0395 -0.7758
vn -0.3277 -0.7401 0.5873
vn -0.7905 -0.4559 0.4090
vn -0.4155 0.6007 0.6830
vn 0.1847 0.8075 0.5602
vn 0.8767 0.3935 0.2768
vn 0.8728 0.4669 -0.1424
vn 0.7953 -0.3322 -0.5071
vn 0.6609 -0.2155 -0.7188
vn -0.9997 0.0205 -0.0139
vn -0.4825 0.8449 0.2310
vn 0.0135 0.8986 0.4385
vn 0.6173 0.6595 0.4290
vn 0.9315 -0.3637 0.0049
vn 0.7959 -0.5697 -0.2049
vn -0.8064 0.5607 -0.1880
vn 0.1954 0.9620 0.1906
vn 0.7310 0.4765 0.4884
vn 0.7213 -0.3021 0.6233
vn 0.2908 -0.1951 0.9367
vn 0.5047 0.5530 0.6630
vn -0.2606 0.2328 0.9370
vn -0.8681 -0.4139 -0.2740
vn -0.7199 -0.2717 -0.6387
vn 0.1246 0.6632 -0.7380
vn 0.5160 0.8545 0.0604
vn -0.1424 -0.4510 -0.8811
vn 0.5842 0.0524 -0.8099
vn 0.7648 0.6399 -0.0743
vn 0.3011 0.6991 0.6486
vn -0.5111 0.4145 0.7530
vn 0.2650 0.8734 0.4085
vn -0.7214 0.3677 -0.5868
vn -0.9139 -0.2597 0.3119
vn 0.0758 -0.4665 -0.8813
vn 0.4470 0.1236 -0.8859
vn 0.6573 0.6164 -0.4335
vn -0.5632 -0.7220 -0.4020
vn 0.8640 -0.1497 -0.4807
vn 0.9999 0.0109 -0.0098
vn 0.9848 -0.1160 0.1296
vn 0.7205 0.2186 0.6581
vn 0.8575 -0.2797 -0.4318
vn 0.7569 -0.3519 -0.5507
vn 0.5760 -0.5405 -0.6133
vn 0.9566 -0.2578 0.1360
vn 0.6519 0.3647 0.6649
vn 0.2442 0.5960 0.7650
vn 0.2052 0.4747 0.8559
vn -0.4234 -0.6220 -0.6587
vn 0.4695 0.2688 0.8410
vn 0.5972 0.5705 0.5639
vn 0.3965 0.6540 0.6442
vn 0.1104 0.6069 0.7871
vn 0.1748 0.6067 0.7755
vn 0.4565 0.5053 0.7323
vn -0.4894 0.6387 0.5938
vn -0.2043 0.3896 0.8980
vn -0.2761 0.4806 0.8323
vn 0.1894 0.6983 0.6903
vn 0.5126 0.7805 0.3579
vn 0.7328 0.6268 0.2648
vn -0.2166 0.6312 0.7447
vn -0.3180 0.4585 0.8299
vn -0.2347 0.3864 0.8920
vn -0.0843 0.6261 0.7752
vn 0.0755 0.8343 0.5461
vn -0.7192 0.5382 0.4394
vn -0.0478 0.5806 0.8128
vn -0.1381 0.2545 0.9572
vn -0.2185 0.2219 0.9503
vn 0.1942 0.4468 0.8733
vn 0.3894 0.6242 0.6773
vn -0.8720 0.3890 0.2972
vn -0.5551 0.4317 0.7110
vn 0.3340 0.2946 0.8954
vn -0.3980 -0.1783 0.8999
vn -0.1517 0.0047 0.9884
vn 0.3078 0.3554 0.8826
vn 0.8407 0.3437 0.4184
vn 0.4072 0.6483 0.6433
vn 0.9229 0.3129 0.2242
vn -0.1902 -0.6783 0.7098
vn -0.6694 -0.4106 0.6191
vn -0.8089 0.0967 0.5799
vn -0.5945 0.2019 0.7783
vn 0.4437 0.8392 0.3143
vn 0.7756 0.5485 -0.3124
vn 0.5119 -0.5057 -0.6945
vn -0.3962 -0.5269 -0.7520
vn -0.5890 0.4518 0.6701
vn 0.3743 0.9157 0.1460
vn 0.7650 0.5290 -0.3674
vn 0.5616 -0.3406 -0.7541
vn 0.2045 0.9579 0.2014
vn 0.8820 0.4662 -0.0690
vn 0.6130 -0.5086 -0.6047
vn -0.8538 0.2627 0.4495
vn 0.1096 0.9827 0.1494
vn 0.8580 0.5031 0.1040
vn 0.7678 -0.6216 0.1553
vn 0.7201 -0.6430 -0.2608
vn -0.9171 0.2938 0.2696
vn 0.0499 0.9986 0.0153
vn 0.8647 0.4725 0.1705
vn 0.7882 -0.5008 0.3577
vn -0.9793 0.1751 0.1020
vn 0.0649 0.9844 -0.1636
vn 0.9059 0.4087 0.1107
vn 0.8187 -0.4689 0.3315
vn -0.9579 0.2582 -0.1254
vn 0.1216 0.9671 -0.2236
vn 0.9441 0.3296 -0.0033
vn 0.8335 -0.5404 0.1151
vn -0.9636 0.2620 -0.0534
vn 0.1193 0.9775 0.1739
vn 0.8777 0.4772 -0.0446
vn 0.7604 -0.5903 -0.2707
vn -0.6547 0.4425 0.6128
vn 0.4177 0.7869 0.4543
vn 0.8711 0.2673 -0.4119
vn 0.3203 -0.7896 -0.5233
vn 0.0089 -0.5940 -0.8044
vn 0.6882 0.3920 -0.6105
vn -0.1335 -0.1117 -0.9847
vn -0.5375 0.0401 0.8423
vn -0.3952 0.1861 0.8995
vn 0.5056 0.8091 0.2995
vn 0.5871 0.6943 -0.4164
vn -0.4263 0.5630 -0.7080
vn 0.5060 0.7607 -0.4066
vn 0.3583 0.8731 -0.3307
vn -0.6097 0.7303 -0.3080
vn 0.1357 -0.2362 -0.9622
vn 0.5818 0.5209 0.6247
vn 0.9545 0.2721 0.1221
vn 0.9359 0.2395 -0.2583
vn 0.6360 -0.7716 -0.0108
vn 0.4411 -0.6207 0.6482
vn -0.0607 -0.3051 0.9504
vn 0.9670 0.2365 0.0943
vn 0.5491 0.7782 0.3047
vn 0.3028 0.9162 0.2626
vn 0.6891 0.7133 0.1281
vn 0.9402 0.3106 -0.1396
vn 0.6121 0.7898 0.0398
vn 0.7188 0.6916 -0.0715
vn 0.7899 0.6130 -0.0157
vn 0.7447 0.6616 -0.0877
vn 0.5067 0.8620 -0.0169
vn 0.5043 0.7734 0.3840
vn 0.8806 0.4198 -0.2196
vn 0.8265 0.3994 -0.3967
vn 0.7553 0.6172 -0.2206
vn 0.6716 0.5441 -0.5030
vn 0.4463 0.8559 -0.2613
vn 0.1080 0.9851 -0.1340
vn 0.1667 0.9813 0.0959
vn 0.3911 0.7385 0.5493
vn 0.5963 -0.1629 -0.7860
vn 0.2722 -0.4635 -0.8433
vn 0.9777 0.1967 0.0735
vn 0.6335 0.2267 0.7398
vn 0.9367 0.1915 -0.2932
vn 0.8465 0.3364 -0.4126
vn 0.7140 0.1227 0.6893
vn 0.8670 0.4234 -0.2629
vn 0.8559 0.0317 0.5162
vn 0.8159 0.5520 -0.1718
vn -0.0103 -0.2628 0.9648
vn 0.3858 -0.2781 0.8797
vn 0.9301 -0.0694 0.3606
vn 0.9948 0.0456 0.0908
vn 0.7063 0.7075 0.0218
vn 0.9940 0.1094 0.0011
vn 0.6603 0.7480 0.0675
vn 0.1519 -0.1593 -0.9755
vn 0.9388 -0.3098 -0.1503
vn 0.5154 -0.5879 0.6235
vn 0.8485 -0.5292 -0.0042
vn -0.1808 0.3809 0.9068
vn 0.2899 0.4255 0.8573
vn -0.8551 -0.0062 0.5185
vn 0.8537 0.0654 0.5166
vn 0.4367 -0.8790 -0.1914
vn -0.6049 -0.5780 -0.5478
vn -0.9847 -0.0778 -0.1559
vn -0.9635 -0.1313 -0.2332
vn -0.8383 -0.1811 -0.5143
vn -0.9897 0.0610 -0.1294
vn 0.7370 0.4923 0.4632
vn 0.9531 -0.0551 0.2976
vn 0.7964 -0.6047 -0.0109
vn 0.9453 -0.3052 -0.1154
vn 0.8931 -0.2633 0.3647
vn 0.4188 -0.9079 -0.0168
vn -0.1119 -0.9737 -0.1984
vn 0.2705 -0.8991 -0.3441
vn 0.5171 -0.5205 -0.6795
vn 0.5385 -0.5388 -0.6478
vn 0.9101 0.3406 0.2358
vn 0.8183 -0.4819 0.3134
vn 0.2312 -0.9728 0.0129
vn -0.3483 -0.8881 -0.2998
vn -0.7073 -0.6479 -0.2828
vn -0.5602 -0.5741 -0.5972
vn -0.2727 -0.2471 -0.9298
vn 0.9704 0.1212 0.2091
vn 0.7633 -0.4404 0.4727
vn 0.4765 -0.8778 0.0486
vn -0.3388 -0.8110 -0.4770
vn -0.8865 -0.3128 -0.3410
vn 0.6773 0.2194 0.7022
vn 0.5576 -0.0395 0.8292
vn 0.7240 -0.5642 0.3970
vn 0.6690 -0.7425 -0.0329
vn 0.2419 -0.6994 -0.6725
vn -0.7147 -0.0663 -0.6963
vn -0.9210 0.0470 -0.3867
vn 0.6630 -0.4823 0.5725
vn 0.8367 -0.5409 0.0861
vn 0.7928 -0.1874 -0.5799
vn -0.4467 0.1953 -0.8731
vn 0.2321 -0.2990 0.9256
vn -0.0222 -0.7251 0.6883
vn 0.6264 -0.6597 0.4151
vn 0.9526 -0.3041 0.0093
vn 0.7565 0.1910 -0.6255
vn -0.2304 0.5351 -0.8127
vn -0.1214 -0.7755 0.6196
vn 0.6581 -0.6756 0.3325
vn 0.9323 -0.2806 -0.2281
vn 0.6014 0.1366 -0.7872
vn -0.1024 0.4613 -0.8813
vn -0.6853 -0.2145 -0.6960
vn 0.0669 -0.8532 -0.5173
vn 0.2059 -0.9015 -0.3806
vn -0.0490 -0.8847 -0.4635
vn -0.1202 -0.8514 -0.5105
vn -0.5999 -0.3654 -0.7118
vn 0.1726 -0.7897 -0.5888
vn 0.0395 -0.8683 -0.4945
vn -0.0213 -0.8790 -0.4764
vn -0.0150 -0.8205 -0.5715
vn -0.0787 -0.7146 -0.6951
vn -0.3471 -0.4866 -0.8017
vn -0.3299 -0.3580 -0.8735
vn -0.0071 -0.8525 -0.5226
vn -0.1006 -0.8565 -0.5062
vn 0.0432 -0.8709 -0.4896
vn 0.1085 -0.8658 -0.4885
vn -0.0662 -0.7858 -0.6149
vn -0.0978 -0.8355 -0.5407
vn -0.1777 -0.9541 -0.2409
vn 0.2873 -0.8528 -0.4361
vn -0.0141 -0.7949 -0.6066
vn -0.0671 -0.9132 -0.4019
vn -0.2108 0.4308 -0.8775
vn 0.4037 -0.0732 -0.9120
vn 0.1942 -0.4017 -0.8950
vn -0.4651 -0.8852 0.0058
vn -0.0583 -0.9227 0.3811
vn 0.6233 -0.7718 -0.1255
vn 0.7265 0.0070 -0.6871
vn 0.6270 0.2579 -0.7351
vn 0.6716 0.5440 -0.5030
vn 0.0064 0.5385 -0.8426
vn -0.6886 -0.3858 0.6140
vn -0.3317 -0.3884 0.8597
vn 0.0978 -0.5326 0.8407
vn 0.6455 -0.7406 0.1868
vn 0.7127 -0.1315 -0.6891
vn -0.9651 -0.1367 -0.2232
vn -0.7266 0.0267 0.6865
vn -0.0371 -0.0939 0.9949
vn 0.2884 -0.2793 0.9159
vn 0.5940 -0.7049 0.3875
vn 0.5010 -0.4469 -0.7411
vn -0.9524 0.0598 -0.2990
vn -0.7056 0.1386 0.6949
vn 0.0442 -0.0101 0.9990
vn 0.3786 -0.3182 0.8692
vn 0.5498 -0.7201 0.4233
vn 0.3406 -0.7892 -0.5110
vn -0.9661 0.2120 -0.1470
vn -0.6717 0.3038 0.6757
vn 0.1538 -0.0068 0.9881
vn 0.3514 -0.4943 0.7951
vn 0.4248 -0.7969 0.4295
vn 0.2427 -0.9467 -0.2119
vn -0.9371 0.3182 -0.1434
vn -0.5034 0.3596 0.7857
vn 0.2303 -0.0533 0.9717
vn 0.4050 -0.3948 0.8247
vn 0.3914 -0.7448 0.5404
vn 0.2340 -0.9687 0.0832
vn -0.4855 -0.8094 0.3304
vn 0.5964 -0.1628 -0.7860
vn 0.8619 -0.0540 -0.5042
vn 0.5486 -0.5881 -0.5944
vn -0.3840 -0.8020 -0.4575
vn -0.1121 -0.9298 -0.3507
vn 0.8265 0.3993 -0.3968
vn 0.8809 0.4193 -0.2195
vn 0.9304 -0.1273 -0.3436
vn 0.6693 -0.6208 -0.4082
vn -0.2298 -0.9211 -0.3143
vn -0.4099 -0.8562 -0.3146
vn -0.0455 -0.7440 -0.6666
vn 0.1544 -0.7758 -0.6118
vn 0.9402 0.3105 -0.1398
vn 0.8045 -0.3709 -0.4638
vn 0.1484 -0.7932 -0.5906
vn -0.0948 -0.9294 -0.3567
vn -0.0382 -0.7398 -0.6718
vn 0.0859 -0.6267 -0.7745
vn 0.9671 0.2364 0.0942
vn 0.7509 -0.3458 -0.5626
vn 0.0578 -0.5025 -0.8627
vn 0.2151 -0.7261 -0.6531
vn 0.2121 -0.6353 -0.7426
vn 0.1751 -0.5276 -0.8313
vn -0.2194 -0.7334 -0.6435
vn 0.8408 0.3438 0.4183
vn 0.9777 0.1970 0.0724
vn 0.5211 -0.1817 -0.8339
vn 0.2074 -0.2530 -0.9450
vn 0.4099 -0.3465 -0.8438
vn 0.5076 -0.3630 -0.7814
vn -0.2029 -0.4750 -0.8563
vn 0.9364 0.1917 -0.2939
vn 0.3664 0.0873 -0.9264
vn 0.2207 0.0413 -0.9745
vn 0.5252 -0.1691 -0.8340
vn 0.1894 -0.4353 -0.8802
vn 0.8460 0.3364 -0.4136
vn 0.3912 0.2084 -0.8964
vn 0.0945 0.1344 -0.9864
vn -0.1088 -0.0552 -0.9925
vn 0.0202 -0.1930 -0.9810
vn -0.2044 -0.4158 -0.8862
vn -0.2703 -0.5430 -0.7951
vn 0.2621 0.5254 -0.8095
vn -0.0321 0.3002 -0.9533
vn -0.2863 -0.0498 -0.9568
vn -0.3942 -0.5284 -0.7519
vn 0.8669 0.4234 -0.2632
vn 0.8158 0.5519 -0.1728
vn 0.1301 0.9344 -0.3316
vn -0.3972 0.6750 -0.6218
vn -0.7123 0.1971 -0.6736
vn -0.8221 -0.3712 -0.4316
vn -0.1885 -0.6805 0.7081
vn -0.8662 -0.4460 0.2252
vn -0.6691 -0.4119 0.6186
vn 0.7054 0.7085 0.0218
vn -0.0441 0.9965 0.0709
vn -0.6901 0.6908 -0.2158
vn -0.9450 0.0669 -0.3200
vn -0.9136 -0.2285 -0.3363
vn -0.8525 -0.5212 -0.0397
vn -0.5145 -0.4172 0.7492
vn 0.6598 0.7484 0.0676
vn 0.0014 1.0000 -0.0072
vn -0.6771 0.7142 -0.1774
vn -0.9390 -0.0091 -0.3437
vn -0.8065 -0.3923 -0.4424
vn -0.8048 -0.4712 -0.3610
vn -0.5333 -0.7486 -0.3938
vn 0.1516 -0.1594 -0.9755
vn -0.3104 -0.8073 -0.5020
vn 0.2902 -0.8498 -0.4401
vn 0.0713 -0.9681 -0.2403
vn -0.3851 -0.8145 0.4340
vn 0.9382 -0.3114 -0.1510
vn 0.8493 -0.5279 -0.0038
vn 0.5156 -0.5870 0.6242
vn 0.3816 -0.2798 0.8810
vn -0.0123 -0.2638 0.9645
vn -0.1526 0.0041 0.9883
vn -0.3978 -0.1784 0.9000
vn 0.5130 -0.5056 -0.6937
vn -0.4043 -0.6158 -0.6763
vn -0.3716 -0.5249 -0.7658
vn -0.8343 -0.4354 -0.3382
vn -0.8842 -0.3432 -0.3167
vn -0.8255 -0.2247 -0.5177
vn -0.2551 -0.8803 -0.4000
vn -0.6868 -0.7164 0.1225
vn -0.8184 -0.5506 -0.1643
vn -0.8089 0.0966 0.5800
vn -0.5548 0.4317 0.7112
vn -0.8724 0.3887 0.2965
vn 0.5615 -0.3407 -0.7541
vn -0.2789 -0.9291 -0.2430
vn -0.6606 -0.7275 0.1853
vn -0.5894 0.4510 0.6702
vn -0.5949 0.2011 0.7782
vn 0.6124 -0.5092 -0.6047
vn -0.2046 -0.9756 -0.0798
vn -0.6903 -0.7110 0.1336
vn -0.8543 0.2611 0.4495
vn 0.7197 -0.6435 -0.2609
vn 0.7679 -0.6214 0.1552
vn -0.1967 -0.9669 0.1625
vn -0.7298 -0.6769 0.0962
vn -0.9175 0.2920 0.2699
vn 0.7897 -0.4986 0.3575
vn 0.0308 -0.9546 0.2964
vn -0.6187 -0.7685 0.1629
vn -0.9791 0.1755 0.1024
vn 0.8204 -0.4666 0.3306
vn 0.1816 -0.9378 0.2960
vn -0.6312 -0.7596 0.1568
vn -0.9575 0.2596 -0.1257
vn -0.6976 -0.7080 0.1102
vn -0.9635 0.2623 -0.0537
vn -0.7401 -0.6243 0.2499
vn -0.6546 0.4427 0.6128
vn 0.8335 -0.5404 0.1152
vn 0.0935 -0.9924 0.0800
vn -0.1618 -0.9832 -0.0846
vn -0.4169 -0.8989 -0.1346
vn -0.7355 -0.5709 0.3648
vn -0.5375 0.0403 0.8423
vn 0.7604 -0.5904 -0.2706
vn 0.0090 -0.5940 -0.8044
vn -0.6076 -0.7887 -0.0937
vn -0.7225 -0.6048 0.3349
vn -0.3950 0.1864 0.8996
vn -0.6531 -0.7178 -0.2414
vn -0.5183 -0.7019 0.4885
vn -0.0607 -0.3050 0.9504
vn -0.3362 -0.9167 0.2159
vn 0.6359 -0.7717 -0.0108
vn -0.1335 -0.1116 -0.9847
vn -0.7860 -0.5006 -0.3628
vn -0.9475 -0.2306 -0.2216
vn -0.4165 -0.9035 -0.1009
vn 0.1358 -0.2363 -0.9621
vn -0.7196 0.5382 0.4388
vn -0.4236 -0.6219 -0.6587
vn -0.0688 -0.7586 -0.6479
vn -0.4903 0.6381 0.5937
vn -0.5111 0.4144 0.7530
vn -0.9139 -0.2598 0.3119
vn -0.6289 -0.5175 0.5802
vn 0.2906 -0.1951 0.9367
vn -0.1700 -0.8449 0.5072
vn 0.7212 -0.3014 0.6237
vn 0.3384 -0.9406 0.0274
vn 0.9318 -0.3630 0.0050
vn -0.6866 -0.6555 -0.3145
vn -0.6327 -0.7631 -0.1318
vn -0.3168 -0.9378 -0.1423
vn 0.2274 -0.9307 -0.2865
vn 0.7959 -0.5697 -0.2048
vn 0.1429 -0.9584 -0.2469
vn 0.7949 -0.3337 -0.5068
vn -0.1424 -0.4511 -0.8811
vn -0.7197 -0.2717 -0.6389
vn -0.8680 -0.4140 -0.2742
vn -0.5628 -0.8004 -0.2066
vn -0.4423 -0.8951 -0.0562
vn 0.1056 -0.9322 -0.3462
vn 0.6611 -0.2164 -0.7184
vn -0.9997 0.0197 -0.0142
vn -0.7910 -0.4551 0.4088
vn -0.3726 -0.9216 0.1087
vn 0.0413 -0.8647 -0.5006
vn 0.6302 0.0397 -0.7754
vn -0.0897 -0.7946 -0.6005
vn 0.7134 0.0425 -0.6995
vn 0.0364 -0.7450 -0.6661
vn 0.8656 -0.0068 -0.5007
vn -0.3274 -0.7384 0.5895
vn -0.3230 -0.9426 0.0851
vn -0.6081 -0.7876 -0.0999
vn -0.5904 -0.7520 -0.2930
vn -0.3837 -0.8538 -0.3519
vn 0.2691 -0.6669 -0.6949
vn 0.8638 -0.1498 -0.4811
vn -0.2301 -0.8091 0.5408
vn -0.6838 -0.5741 0.4504
vn 0.0984 0.0093 0.9951
vn 0.5808 -0.7946 -0.1771
vn 0.2252 -0.6746 -0.7030
vn 0.4777 -0.4876 -0.7308
vn 0.8564 -0.2807 -0.4333
vn 0.3324 -0.4668 -0.8195
vn 0.7558 -0.3533 -0.5513
vn 0.9257 -0.3444 0.1564
vn 0.8656 -0.4359 -0.2464
vn 0.3301 -0.7497 -0.5735
vn 0.3228 -0.4873 -0.8114
vn 0.2463 -0.4227 -0.8722
vn 0.9148 -0.2244 0.3358
vn 0.3433 -0.9072 0.2432
vn 0.4509 -0.8912 -0.0497
vn -0.0886 -0.9931 -0.0769
vn -0.1830 -0.7583 -0.6257
vn -0.0060 -0.5399 -0.8417
vn 0.8731 0.3332 0.3558
vn 0.8736 -0.2998 0.3834
vn 0.3859 -0.9157 0.1123
vn -0.0454 -0.9876 0.1502
vn 0.8157 0.3993 0.4185
vn 0.8426 0.4355 0.3167
vn 0.9383 -0.3287 0.1078
vn 0.5032 -0.8532 -0.1371
vn 0.0154 -0.9984 -0.0539
vn -0.4675 -0.8768 0.1127
vn -0.5410 -0.8403 0.0361
vn 0.8040 0.5884 0.0864
vn 0.9602 -0.2152 -0.1778
vn 0.6264 -0.7774 -0.0579
vn 0.0838 -0.9892 -0.1202
vn -0.4202 -0.8969 -0.1379
vn -0.8172 -0.5762 0.0132
vn -0.9626 -0.2670 0.0451
vn 0.6728 0.6025 -0.4293
vn 0.9084 -0.2327 -0.3474
vn 0.6751 -0.7370 0.0332
vn 0.3183 -0.9305 0.1811
vn -0.2009 -0.9121 0.3574
vn -0.4603 -0.8852 0.0671
vn 0.2078 0.4575 -0.8646
vn 0.5286 -0.4830 -0.6981
vn 0.3670 -0.9182 -0.1487
vn 0.3755 -0.8672 0.3271
vn 0.0944 -0.7637 0.6387
vn -0.4027 -0.3966 0.8249
vn -0.7289 -0.5299 0.4336
vn -0.0672 -0.7157 -0.6952
vn 0.1483 -0.9177 -0.3686
vn 0.3441 -0.9388 0.0139
vn 0.2343 -0.9351 0.2658
vn 0.2434 -0.6905 0.6812
vn 0.0644 -0.0123 0.9978
vn -0.2921 -0.7690 -0.5686
vn 0.0945 -0.8833 -0.4592
vn 0.4782 -0.8250 -0.3011
vn 0.8812 -0.4726 0.0137
vn 0.5480 -0.6480 0.5290
vn 0.4867 0.0561 0.8718
vn 0.0323 -0.9119 -0.4091
vn 0.3954 -0.8024 -0.4470
vn 0.8367 -0.3992 -0.3751
vn 0.9453 0.1028 0.3097
vn -0.8543 -0.4858 -0.1847
vn 0.5589 0.6679 0.4914
vn 0.2180 0.5503 0.8060
vn -0.1531 0.4755 0.8663
vn -0.7346 0.1466 0.6625
vn -0.8695 -0.0836 0.4868
vn -0.7666 -0.6272 0.1380
vn -0.7225 -0.6827 -0.1088
vn -0.9573 -0.0634 0.2819
vn -0.9989 0.0151 -0.0450
vn -0.9764 0.2073 -0.0612
vn -0.9611 0.2312 0.1514
vn -0.3876 -0.9162 0.1015
vn -0.9233 -0.2411 -0.2989
vn -0.6628 -0.6397 -0.3893
vn -0.4175 -0.5351 -0.7345
vn 0.0572 -0.8943 -0.4438
vn 0.5598 -0.8196 -0.1221
vn 0.5644 -0.7782 -0.2754
vn 0.1624 -0.5841 -0.7953
vn 0.0464 -0.5015 -0.8639
vn 0.2472 -0.4289 -0.8689
vn 0.5369 -0.8380 -0.0974
vn -0.2064 -0.9559 -0.2091
vn -0.1602 -0.9416 -0.2963
vn 0.0574 -0.6822 -0.7289
vn 0.9341 -0.3417 0.1035
vn 0.5203 -0.8538 -0.0149
vn -0.1141 -0.9692 -0.2184
vn -0.6587 -0.3418 -0.6703
vn -0.9070 -0.3398 -0.2486
vn 0.1310 0.4236 0.8963
vn 0.9062 0.2581 0.3349
vn 0.7575 -0.3936 0.5208
vn 0.2586 -0.9084 0.3286
vn 0.1995 -0.9458 -0.2562
vn -0.2809 -0.6531 -0.7033
vn 0.3139 0.4278 0.8476
vn -0.0901 -0.3796 0.9207
vn 0.2859 -0.8911 0.3525
vn 0.4099 -0.8882 -0.2075
vn 0.0741 -0.6805 -0.7290
vn -0.6399 -0.2344 -0.7319
vn -0.6633 0.2758 -0.6956
vn -0.4066 0.2784 0.8702
vn 0.2794 -0.0626 0.9581
vn 0.5911 -0.7331 0.3364
vn 0.5094 -0.8604 -0.0142
vn 0.3186 -0.6792 -0.6612
vn -0.3487 -0.3141 -0.8830
vn -0.5096 0.5309 0.6771
vn -0.2667 0.7514 0.6035
vn 0.4528 -0.2331 0.8606
vn 0.0783 -0.9555 0.2845
vn 0.2912 -0.9467 0.1380
vn 0.4789 -0.8234 -0.3044
vn -0.0269 -0.0776 -0.9966
vn -0.7465 0.4447 0.4949
vn -0.5257 -0.4874 0.6972
vn -0.9769 0.0379 0.2105
vn -0.5617 -0.7973 0.2210
vn -0.0776 -0.9901 0.1172
vn 0.1812 -0.9833 0.0187
vn 0.7426 -0.4830 -0.4640
vn -0.6902 0.7232 -0.0226
vn -0.5327 0.8267 -0.1810
vn -0.9860 0.0902 -0.1401
vn -0.4137 -0.9089 -0.0525
vn 0.0476 -0.9988 -0.0102
vn 0.4299 -0.9008 -0.0609
vn 0.9424 -0.3058 -0.1356
vn 0.9613 0.2228 -0.1622
vn 0.4232 0.5963 -0.6822
vn -0.5942 0.2276 -0.7714
vn -0.7929 -0.0066 -0.6093
vn -0.8584 0.3691 -0.3562
vn -0.5428 0.7628 -0.3515
vn -0.5551 0.5755 -0.6005
vn -0.8973 0.2835 -0.3383
vn -0.9869 0.1440 -0.0729
vn -0.9264 -0.2949 -0.2341
vn -0.6359 0.6774 -0.3699
vn -0.8599 0.4417 -0.2560
vn -0.9745 0.2238 0.0160
vn -0.9641 0.0916 -0.2491
vn -0.7130 -0.3292 -0.6191
vn -0.0816 -0.3492 -0.9335
vn -0.6862 -0.1187 -0.7177
vn -0.1184 -0.4171 -0.9011
vn 0.0459 -0.4455 -0.8941
vn 0.0777 -0.4390 -0.8951
vn 0.2263 -0.4845 -0.8450
vn 0.0551 -0.5747 -0.8165
vn 0.1229 -0.5943 -0.7948
vn 0.2077 -0.5942 -0.7771
vn 0.5751 -0.5410 -0.6137
vn -0.4836 -0.8745 0.0385
vn -0.4740 -0.0535 -0.8789
vn -0.8194 -0.5677 0.0801
vn -0.5563 0.0932 -0.8257
vn -0.5628 -0.0402 -0.8256
vn -0.7668 -0.5681 0.2989
vn -0.4547 -0.0728 -0.8877
vn -0.8123 -0.5757 -0.0934
vn -0.0668 -0.0404 -0.9969
vn -0.6690 -0.7367 0.0990
vn -0.0869 0.4215 -0.9026
vn 0.3048 -0.1656 -0.9379
vn 0.7916 0.3300 -0.5143
vn 0.9455 0.3255 -0.0087
vn 0.5348 -0.4643 -0.7059
vn 0.0967 -0.9787 0.1813
vn 0.5701 -0.3987 0.7183
vn 0.0272 0.8085 -0.5879
vn 0.0066 0.8798 -0.4752
vn -0.1007 0.4989 -0.8608
vn 0.1254 -0.3456 -0.9300
vn 0.0715 0.6943 -0.7161
vn 0.1559 0.9848 -0.0760
vn 0.0902 0.9959 -0.0094
vn 0.1178 0.9926 0.0305
vn 0.0473 0.9258 -0.3751
vn -0.0913 0.4399 -0.8934
vn 0.2822 -0.7116 -0.6435
vn -0.0995 -0.2879 -0.9525
vn 0.0678 0.6675 -0.7416
vn 0.1225 0.9887 -0.0860
vn 0.1470 0.8461 0.5123
vn 0.0756 0.8972 0.4352
vn 0.0769 0.6486 0.7572
vn -0.0089 -0.0604 -0.9981
vn 0.1219 0.7536 -0.6459
vn 0.1110 0.9868 -0.1178
vn 0.0634 0.8540 0.5165
vn 0.0785 0.8381 0.5399
vn 0.0396 0.4479 0.8932
vn 0.0543 0.3300 0.9424
vn 0.0395 0.4036 0.9141
vn 0.1445 0.9838 -0.1065
vn 0.1139 0.9001 0.4205
vn 0.0331 0.3643 0.9307
vn -0.0642 0.2135 0.9748
vn -0.1293 -0.3186 0.9390
vn -0.0952 -0.3064 0.9471
vn 0.0877 -0.2649 0.9603
vn 0.3292 -0.5667 0.7553
vn -0.1082 -0.6069 0.7874
vn -0.1955 -0.6347 0.7476
vn -0.0148 0.6657 0.7461
vn 0.3194 -0.5671 0.7592
vn -0.1058 0.7871 0.6077
vn 0.0980 0.9508 -0.2939
vn 0.7712 -0.6298 -0.0926
vn 0.0673 0.9030 0.4244
vn -0.1315 0.6982 0.7037
vn 0.0539 0.8240 -0.5640
vn 0.0006 0.7509 -0.6604
vn 0.2019 -0.5929 -0.7795
vn -0.1556 0.8083 0.5679
vn -0.0700 0.6623 0.7459
vn -0.0191 0.8522 -0.5228
vn 0.1542 0.7056 -0.6916
vn 0.7995 0.3921 -0.4550
vn 0.7032 0.4714 0.5323
vn 0.3836 -0.7118 0.5884
vn -0.0931 0.9426 0.3206
vn 0.0529 0.6421 -0.7648
vn 0.6646 -0.7058 0.2452
vn 0.1013 0.9593 0.2636
vn -0.1071 0.8701 0.4811
vn -0.0758 0.6817 -0.7277
vn 0.2520 -0.6939 -0.6745
vn -0.0888 0.9582 0.2719
vn -0.0266 0.5133 -0.8578
vn -0.0197 0.6253 -0.7802
vn 0.0435 0.2704 -0.9618
vn -0.0475 0.9373 0.3453
vn 0.6228 0.4362 0.6495
vn 0.7740 0.2434 -0.5845
vn 0.2505 -0.0228 0.9678
vn -0.0247 0.9890 0.1458
vn -0.1018 0.4020 -0.9100
vn 0.0045 0.9362 0.3515
vn -0.1271 0.5134 -0.8487
vn -0.1017 0.3412 -0.9345
vn -0.1273 0.5243 -0.8420
vn -0.0550 0.3298 -0.9424
vn 0.6148 -0.7242 -0.3123
vn 0.1759 -0.2336 0.9563
vn -0.0433 0.9835 0.1754
vn 0.0069 0.9065 0.4221
vn 0.7630 0.6129 0.2052
vn 0.6538 0.0957 -0.7506
vn 0.1189 0.7830 0.6106
vn -0.2843 0.8851 0.3685
vn -0.2160 0.6383 0.7389
vn -0.1637 0.9861 0.0287
vn -0.5831 0.7668 0.2683
vn -0.4807 0.6471 0.5918
vn -0.3644 0.5803 0.7283
vn -0.2932 0.6090 0.7370
vn -0.1981 0.9468 -0.2535
vn -0.3782 0.9221 -0.0822
vn -0.6644 0.7464 -0.0379
vn -0.7631 0.6053 0.2264
vn -0.7005 0.6391 0.3177
vn -0.5820 0.5242 0.6216
vn 0.0478 0.9420 -0.3322
vn -0.2261 0.9042 -0.3624
vn -0.3941 0.8668 -0.3056
vn -0.6132 0.7468 -0.2573
vn -0.7471 0.6644 0.0174
vn 0.4173 0.8232 -0.3850
vn 0.0429 0.8886 -0.4566
vn -0.1711 0.7082 -0.6850
vn -0.2108 0.4309 -0.8774
vn -0.4386 0.7955 -0.4181
vn -0.7254 0.5907 -0.3534
vn 0.4251 0.7558 -0.4980
vn 0.0147 0.6690 -0.7431
vn -0.5852 0.2760 -0.7625
vn 0.0063 0.5385 -0.8426
vn 0.3627 0.4549 -0.8133
vn -0.2807 0.1665 -0.9452
vn -0.6197 0.0216 -0.7845
vn -0.9652 -0.1366 -0.2232
vn 0.7127 -0.1316 -0.6891
vn 0.1054 0.0155 -0.9943
vn -0.4274 -0.1049 -0.8979
vn -0.7359 0.0513 -0.6751
vn -0.0598 -0.3998 -0.9147
vn -0.5193 -0.3681 -0.7712
vn -0.8297 0.0159 -0.5580
vn -0.9661 0.2121 -0.1470
vn -0.8804 0.0398 -0.4726
vn -0.4854 -0.8094 0.3304
vn -0.0990 -0.7055 -0.7018
vn -0.1723 -0.8465 -0.5038
vn -0.6378 -0.4115 -0.6510
vn -0.3301 -0.3578 -0.8735
vn -0.6005 -0.3642 -0.7119
vn -0.8535 0.3601 -0.3767
vn -0.7218 0.6756 -0.1502
vn -0.7032 0.6537 0.2796
vn -0.6862 -0.2139 -0.6952
vn -0.8750 0.2000 -0.4409
vn -0.7521 0.6319 -0.1872
vn -0.3626 0.5507 0.7518
vn -0.6370 0.4019 0.6578
vn -0.8589 0.5020 0.1015
vn -0.8756 0.0537 -0.4800
vn -0.9692 0.2357 -0.0718
vn -0.9113 0.4075 -0.0586
vn -0.3443 0.4077 0.8457
vn -0.3448 0.4547 0.8212
vn -0.2700 -0.2474 -0.9305
vn -0.5613 -0.5727 -0.5975
vn -0.9440 -0.0563 -0.3251
vn -0.8666 0.4980 0.0323
vn -0.3037 0.5472 0.7799
vn -0.7060 -0.6495 -0.2822
vn -0.9638 0.1149 -0.2404
vn -0.5230 0.8509 -0.0485
vn 0.0825 0.8786 0.4704
vn 0.2920 0.4263 0.8562
vn -0.1867 0.3785 0.9066
vn -0.8868 -0.3138 -0.3392
vn -0.9186 0.3604 -0.1624
vn -0.4034 0.9145 -0.0291
vn 0.4962 0.8571 0.1383
vn 0.7396 0.4907 0.4607
vn -0.9214 0.0490 -0.3855
vn -0.8852 0.4461 -0.1319
vn -0.5735 0.8106 0.1187
vn 0.5492 0.8215 0.1537
vn 0.9109 0.3380 0.2368
vn -0.8673 0.4298 -0.2512
vn -0.7042 0.6773 0.2131
vn -0.0051 0.7917 0.6108
vn 0.6786 0.2181 0.7014
vn 0.9705 0.1211 0.2087
vn -0.7171 -0.0648 -0.6940
vn -0.8770 0.3520 -0.3272
vn -0.8163 0.4134 0.4035
vn -0.0203 0.5038 0.8636
vn 0.5580 -0.0395 0.8289
vn -0.1076 0.1720 0.9792
vn 0.2326 -0.2985 0.9256
vn -0.4496 0.1948 -0.8717
vn -0.8642 0.3430 -0.3682
vn -0.9995 0.0320 0.0009
vn -0.5902 -0.4187 0.6902
vn -0.2314 0.5348 -0.8126
vn -0.8178 0.4026 -0.4112
vn -0.9877 0.1387 -0.0727
vn -0.7478 -0.4897 0.4483
vn -0.0213 -0.7248 0.6886
vn -0.1030 0.4609 -0.8814
vn -0.6266 -0.6774 -0.3854
vn -0.1210 -0.7752 0.6201
vn 0.6013 0.1362 -0.7873
vn 0.9324 -0.2805 -0.2279
vn 0.6585 -0.6749 0.3329
vn -0.5051 0.4459 0.7389
vn -0.6520 0.3592 0.6677
vn -0.5435 0.6537 0.5265
vn -0.6921 0.4575 0.5583
vn -0.3937 0.4844 0.7813
vn -0.3897 0.6849 0.6156
vn -0.3044 0.9094 0.2836
vn -0.2948 0.9361 0.1918
vn -0.8286 0.5150 0.2196
vn -0.9496 0.3009 0.0881
vn -0.8099 0.4056 0.4239
vn -0.8867 0.2606 0.3820
vn -0.8417 0.3661 0.3970
vn -0.7721 0.6167 0.1534
vn -0.8717 0.4035 0.2780
vn -0.8561 -0.0024 0.5168
vn -0.9848 -0.0766 -0.1559
vn -0.9632 -0.1318 -0.2342
vn -0.9897 0.0617 -0.1293
vn -0.9743 0.2247 0.0162
vn -0.8584 0.4443 -0.2566
vn -0.6946 0.7179 -0.0465
vn -0.5652 0.8219 -0.0712
vn -0.3277 0.9440 0.0382
vn -0.6354 0.6778 -0.3699
vn -0.6411 0.7393 -0.2059
vn -0.6287 0.7762 -0.0474
vn -0.6035 0.7126 0.3577
vn -0.2193 0.8481 0.4823
vn -0.4060 0.2791 0.8702
vn -0.5422 0.7631 -0.3517
vn -0.7967 0.5827 -0.1601
vn -0.8604 0.5093 0.0160
vn -0.8522 0.5156 0.0890
vn -0.5127 0.5270 0.6778
vn -0.8579 0.3685 -0.3580
vn -0.9389 0.2788 -0.2019
vn -0.9086 0.4127 -0.0644
vn -0.7652 0.6425 -0.0404
vn -0.2643 0.7508 0.6053
vn -0.5585 0.8232 -0.1020
vn -0.7460 0.4449 0.4955
vn -0.6902 0.7233 -0.0225
vn -0.7920 -0.0056 -0.6105
vn -0.5967 0.2335 -0.7677
vn -0.5076 0.6867 -0.5203
vn -0.4609 0.8293 -0.3160
vn -0.2187 0.9485 -0.2290
vn -0.3682 0.9079 -0.2002
vn -0.5326 0.8267 -0.1813
vn 0.1468 0.3661 -0.9189
vn -0.9861 0.0900 -0.1399
vn 0.4161 0.6010 -0.6824
vn 0.2673 0.8662 -0.4223
vn -0.0943 0.9594 -0.2657
vn -0.2941 0.9420 -0.1615
vn 0.5079 0.8434 -0.1752
vn 0.9612 0.2229 -0.1625
vn 0.9424 -0.3059 -0.1352
vn 0.4302 -0.9008 -0.0594
vn 0.0478 -0.9988 -0.0086
vn -0.4134 -0.9091 -0.0514
vn 0.0992 0.7875 0.6083
vn 0.1235 0.6966 0.7067
vn -0.0095 -0.5895 0.8077
vn 0.1545 0.8084 0.5680
vn 0.0691 0.6623 0.7460
vn -0.0617 0.8260 -0.5603
vn -0.0090 0.7498 -0.6616
vn 0.0180 0.8524 -0.5227
vn -0.1551 0.7055 -0.6915
vn -0.7038 0.4703 0.5324
vn -0.2402 -0.6274 -0.7407
vn -0.2010 -0.5931 -0.7797
vn -0.8001 0.3911 -0.4549
vn 0.9810 -0.0525 -0.1868
vn 0.4031 0.4380 -0.8036
vn 0.9896 0.0636 -0.1292
vn 0.6325 0.3467 -0.6926
vn 0.3331 0.4229 -0.8427
vn 0.9896 -0.0681 0.1270
vn 0.9252 0.2064 -0.3185
vn 0.0561 0.5017 -0.8632
vn -0.2274 0.4134 -0.8817
vn -0.7166 0.2581 -0.6480
vn 0.4352 0.4584 -0.7749
vn 0.9640 0.1679 -0.2060
vn 0.7538 0.3055 -0.5818
vn -0.1045 0.4453 -0.8893
vn -0.7613 0.3004 -0.5747
vn -0.9899 0.0262 -0.1392
vn -0.0955 0.5470 -0.8316
vn 0.7954 0.4704 -0.3821
vn 0.6428 0.6338 -0.4303
vn -0.1271 0.5750 -0.8082
vn -0.9007 0.0992 -0.4229
vn -0.9950 -0.0858 0.0514
vn 0.2204 0.7975 -0.5617
vn 0.7713 0.6006 -0.2106
vn 0.4193 0.8429 -0.3373
vn -0.2580 0.8801 -0.3986
vn -0.8807 0.3045 -0.3628
vn -0.9938 -0.0653 -0.0904
vn -0.1737 0.9131 -0.3688
vn 0.7665 0.4947 -0.4095
vn 0.3850 0.6831 -0.6206
vn -0.0965 0.2443 -0.9649
vn -0.7178 0.3638 -0.5937
vn -0.8280 0.5046 -0.2446
vn -0.1847 0.7979 -0.5738
vn 0.1503 0.6421 -0.7518
vn -0.1975 0.5165 -0.8332
vn -0.5333 0.4063 -0.7419
vn -0.9451 0.0323 -0.3253
vn -0.9705 0.1991 -0.1361
vn -0.9537 0.1292 -0.2715
vn -0.3752 0.7363 -0.5631
vn -0.3948 0.8512 -0.3459
vn -0.5365 0.6372 -0.5533
vn -0.2089 0.5189 -0.8289
vn -0.5135 0.4075 -0.7552
vn -0.3149 0.4095 -0.8562
vn -0.1060 -0.1004 -0.9893
vn 0.1719 -0.4023 -0.8992
vn -0.7652 -0.6097 -0.2068
vn -0.9665 -0.0427 0.2529
vn -0.9475 -0.1884 0.2584
vn -0.8758 0.3689 -0.3114
vn 0.5532 -0.0786 -0.8293
vn 0.9398 -0.2785 -0.1982
vn 0.7518 -0.6571 -0.0553
vn 0.0621 -0.9180 0.3916
vn -0.1313 -0.3442 0.9297
vn -0.0778 -0.8058 0.5871
vn 0.3839 -0.0547 -0.9217
vn 0.7301 -0.1873 -0.6572
vn 0.7688 -0.5179 -0.3752
vn 0.8733 0.1553 -0.4617
vn 0.8323 -0.2906 -0.4721
vn 0.5365 -0.8322 -0.1399
vn 0.8645 -0.2799 -0.4174
vn 0.2058 -0.9639 -0.1689
vn 0.9150 0.2431 -0.3221
vn 0.7418 0.6322 -0.2235
vn 0.9692 0.1223 -0.2138
vn 0.7099 -0.4949 -0.5010
vn -0.2718 -0.8776 -0.3949
vn -0.3171 -0.9347 -0.1605
vn -0.3816 -0.9046 0.1899
vn 0.5365 -0.8322 -0.1400
vn 0.8378 0.5386 -0.0890
vn 0.9763 0.0689 -0.2050
vn 0.1496 -0.6644 -0.7322
vn -0.5452 -0.6742 -0.4981
vn -0.4587 -0.7935 -0.3999
vn -0.0391 -0.9144 -0.4029
vn 0.9778 0.1496 -0.1464
vn 0.0989 0.0518 -0.9937
vn -0.7826 -0.2675 -0.5621
vn 0.9628 0.2379 -0.1285
vn 0.4551 0.6193 -0.6398
vn -0.4747 0.5378 -0.6967
vn -0.1254 0.5875 -0.7994
vn -0.5148 -0.0153 -0.8572
vn 0.9897 -0.1256 0.0684
vn 0.9304 0.1806 -0.3190
vn 0.2776 0.9153 -0.2918
vn -0.0425 0.9354 -0.3509
vn 0.2173 0.8719 -0.4388
vn 0.0318 0.8961 -0.4427
vn -0.0819 0.5928 -0.8012
vn 0.6175 -0.7496 -0.2384
vn 0.9168 0.1152 -0.3823
vn 0.3303 0.9212 -0.2055
vn 0.0481 0.9867 -0.1554
vn 0.3961 0.8774 -0.2707
vn 0.1295 0.9840 -0.1225
vn 0.9045 -0.1568 -0.3966
vn 0.3970 0.9014 -0.1728
vn 0.2039 0.9752 -0.0861
vn 0.4781 0.8616 -0.1703
vn 0.2665 0.9624 -0.0526
vn 0.2565 -0.9555 -0.1457
vn 0.8364 -0.2546 -0.4854
vn 0.5521 0.8205 -0.1486
vn 0.3848 0.9127 -0.1373
vn 0.6279 0.7382 -0.2467
vn 0.3966 0.9159 -0.0615
vn 0.0869 -0.9699 -0.2274
vn 0.7841 -0.0164 -0.6204
vn 0.6516 0.7490 -0.1200
vn 0.5463 0.8374 -0.0188
vn 0.7095 0.6678 -0.2251
vn 0.5156 0.8539 -0.0704
vn 0.1810 -0.8248 -0.5357
vn 0.7677 0.2056 -0.6069
vn 0.6771 0.7277 -0.1099
vn 0.6341 0.7728 -0.0268
vn 0.7946 0.5837 -0.1669
vn 0.6998 0.7078 0.0962
vn 0.3713 0.9200 0.1258
vn 0.3393 -0.6065 -0.7191
vn 0.6752 0.2808 -0.6821
vn 0.6093 0.7770 -0.1583
vn 0.6291 0.7742 -0.0697
vn 0.8049 0.5632 -0.1868
vn 0.8488 0.4836 0.2137
vn 0.5392 0.7406 0.4011
vn 0.3037 -0.5176 -0.7999
vn 0.4554 0.3892 -0.8007
vn 0.5822 0.5872 -0.5624
vn 0.7346 0.6541 -0.1802
vn 0.7687 0.5135 -0.3813
vn 0.8704 0.4810 0.1057
vn 0.6783 0.6992 0.2258
vn -0.5956 -0.2946 -0.7473
vn 0.5071 0.4527 -0.7334
vn 0.8342 0.3433 -0.4315
vn 0.8353 0.3693 -0.4073
vn 0.8129 0.3563 -0.4607
vn 0.9859 0.1561 -0.0595
vn 0.9093 0.2637 0.3220
vn -0.3150 0.4096 -0.8562
vn 0.4643 0.4115 -0.7843
vn 0.9052 0.2421 -0.3492
vn 0.9088 0.2429 -0.3392
vn 0.8160 0.3344 -0.4715
vn 0.9527 0.2781 -0.1222
vn 0.9612 0.2620 -0.0868
vn 0.3934 0.4950 -0.7747
vn 0.9600 0.2070 -0.1886
vn 0.9660 0.1930 -0.1723
vn 0.7776 0.3663 -0.5111
vn 0.9757 0.2024 -0.0833
vn -0.2088 0.5189 -0.8289
vn 0.4624 0.5354 -0.7068
vn 0.8259 0.3743 -0.4216
vn 0.9395 0.2460 -0.2385
vn 0.7445 0.3974 -0.5364
vn 0.9676 0.2106 -0.1390
vn 0.6159 0.6474 -0.4490
vn 0.6364 0.6295 -0.4457
vn 0.9496 0.2737 -0.1531
vn 0.6593 0.5849 -0.4725
vn 0.9327 0.2927 -0.2106
vn -0.3949 0.8512 -0.3458
vn 0.3019 0.8787 -0.3697
vn 0.8236 0.5394 -0.1753
vn 0.8668 0.4662 -0.1771
vn 0.5058 0.7703 -0.3883
vn 0.0735 0.9303 -0.3593
vn 0.5037 0.8117 0.2956
vn 0.5902 0.8070 0.0204
vn 0.3413 0.9118 -0.2283
vn 0.8263 0.5355 -0.1746
vn -0.5335 0.4063 -0.7418
vn -0.2477 0.9445 -0.2157
vn -0.0698 0.9441 0.3222
vn -0.1560 0.7704 0.6182
vn -0.0647 0.9734 -0.2200
vn 0.4023 0.9019 -0.1572
vn 0.8881 0.4586 0.0325
vn -0.3582 0.9155 -0.1834
vn -0.3459 0.8111 0.4718
vn -0.2916 0.7059 0.6455
vn -0.3214 0.9019 -0.2886
vn 0.1264 0.9637 -0.2353
vn -0.1976 0.5163 -0.8333
vn 0.1507 0.6418 -0.7519
vn -0.4585 0.8690 -0.1861
vn -0.4770 0.7278 0.4927
vn -0.5561 0.6976 0.4517
vn -0.5620 0.7827 -0.2675
vn -0.5989 0.7631 -0.2428
vn -0.2256 0.9480 -0.2245
vn -0.5976 0.7360 -0.3180
vn -0.8755 0.4116 0.2533
vn -0.9444 0.3280 -0.0231
vn -0.8140 0.4950 -0.3038
vn -0.9136 0.3577 -0.1935
vn -0.1841 0.7980 -0.5739
vn -0.8022 0.5350 -0.2649
vn -0.9688 0.1894 -0.1601
vn -0.9809 0.1489 -0.1253
vn -0.8650 0.4141 -0.2833
vn -0.9796 0.1423 -0.1419
vn -0.9931 0.0242 -0.1144
vn -0.1736 0.9131 -0.3688
vn -0.8918 0.3041 -0.3348
vn -0.8775 0.3479 -0.3300
vn -0.9989 -0.0439 -0.0191
vn -0.8805 0.3722 -0.2936
vn -0.9534 0.2474 -0.1729
vn -0.6697 0.3860 -0.6344
vn -0.9439 0.1485 -0.2951
vn -0.9914 0.0650 -0.1132
vn -0.8243 0.3561 -0.4401
vn -0.9943 0.0834 -0.0665
vn -0.9196 -0.2415 0.3099
vn -0.5264 0.4275 -0.7350
vn -0.9693 0.1268 -0.2108
vn -0.9653 0.1465 -0.2164
vn -0.8505 0.2697 -0.4515
vn -0.5324 0.3650 -0.7638
vn -0.9037 0.2059 -0.3754
vn -0.9193 0.2056 -0.3355
vn -0.8742 0.2681 -0.4048
vn -0.9873 0.1270 -0.0953
vn -0.5831 0.4422 -0.6815
vn -0.8493 0.3328 -0.4098
vn -0.8219 0.4026 -0.4029
vn -0.8311 0.3974 -0.3890
vn -0.9472 0.3058 -0.0969
vn 0.4031 0.4379 -0.8036
vn -0.5269 0.4257 -0.7356
vn -0.6242 0.5856 -0.5172
vn -0.7248 0.6529 -0.2198
vn -0.7522 0.5585 -0.3498
vn -0.9550 0.2385 0.1764
vn -0.9741 0.2219 -0.0423
vn 0.4800 -0.4484 -0.7540
vn -0.3656 -0.5078 -0.7800
vn -0.6948 0.3452 -0.6309
vn -0.6064 0.7786 -0.1613
vn -0.6721 0.7035 -0.2308
vn -0.7866 0.5942 -0.1675
vn -0.7975 0.5719 0.1919
vn -0.5157 -0.4058 -0.7546
vn -0.7835 0.2987 -0.5449
vn -0.7073 0.6531 -0.2706
vn -0.7284 0.6360 -0.2550
vn -0.7917 0.6109 -0.0080
vn -0.6234 0.7370 0.2612
vn -0.5415 0.7945 0.2750
vn -0.3214 -0.7937 -0.5165
vn -0.8362 0.1305 -0.5327
vn -0.7064 0.6800 -0.1965
vn -0.6236 0.7807 0.0407
vn -0.7866 0.6102 -0.0943
vn -0.6243 0.7740 0.1054
vn -0.6012 0.7445 0.2904
vn -0.2431 -0.9243 -0.2943
vn -0.8767 -0.1189 -0.4662
vn -0.5826 0.8085 -0.0830
vn -0.3909 0.9203 -0.0169
vn -0.6154 0.7710 -0.1636
vn -0.4318 0.9019 0.0107
vn -0.3997 0.8666 0.2988
vn -0.3046 -0.9291 -0.2097
vn -0.8975 -0.0817 -0.4334
vn -0.3897 0.9106 -0.1375
vn -0.2255 0.9724 -0.0606
vn -0.4756 0.8647 -0.1615
vn -0.2836 0.9571 -0.0594
vn -0.2634 0.9268 0.2678
vn -0.9007 0.1619 -0.4032
vn -0.3123 0.9318 -0.1849
vn -0.0752 0.9855 -0.1520
vn -0.4162 0.8618 -0.2899
vn -0.1552 0.9776 -0.1420
vn 0.0641 0.9392 0.3372
vn -0.9037 0.2618 -0.3389
vn -0.2710 0.9157 -0.2968
vn -0.0122 0.9247 -0.3804
vn -0.2729 0.8425 -0.4645
vn -0.0302 0.8958 -0.4434
vn 0.4333 0.8926 0.1243
vn -0.8570 -0.5056 -0.0991
vn -0.9491 0.2806 -0.1430
vn -0.4385 0.6187 -0.6518
vn 0.4433 0.5323 -0.7213
vn 0.1146 0.5797 -0.8068
vn 0.1008 0.5873 -0.8031
vn 0.5495 0.7363 -0.3948
vn -0.9914 -0.1102 0.0709
vn -0.9931 0.1144 0.0246
vn -0.9789 0.1538 -0.1347
vn -0.1097 0.0521 -0.9926
vn 0.7855 -0.2664 -0.5586
vn 0.5275 -0.0161 -0.8494
vn 0.1955 0.3210 -0.9267
vn 0.3262 0.4536 -0.8293
vn -0.9797 0.0709 -0.1876
vn -0.1525 -0.6674 -0.7289
vn 0.5589 -0.6688 -0.4902
vn 0.4709 -0.7895 -0.3937
vn 0.3822 -0.3238 -0.8655
vn 0.0747 0.1845 -0.9800
vn -0.8437 0.5281 -0.0962
vn -0.9712 0.1257 -0.2023
vn -0.7137 -0.4940 -0.4965
vn 0.2790 -0.8752 -0.3952
vn 0.0378 -0.9154 -0.4008
vn -0.0472 -0.8769 -0.4784
vn 0.0744 -0.6238 -0.7780
vn -0.9162 0.2472 -0.3155
vn -0.8624 -0.2861 -0.4177
vn -0.1963 -0.9658 -0.1697
vn 0.3181 -0.9343 -0.1612
vn 0.5387 -0.7094 -0.4545
vn -0.1686 -0.8142 -0.5556
vn -0.7087 0.5460 -0.4468
vn -0.8695 0.1626 -0.4664
vn -0.8292 -0.2973 -0.4734
vn -0.5318 -0.8351 -0.1405
vn 0.3835 -0.9042 0.1882
vn 0.9372 -0.3095 0.1608
vn 0.9742 -0.2250 -0.0173
vn -0.5280 0.3304 -0.7824
vn -0.7255 -0.1797 -0.6644
vn -0.7687 -0.5196 -0.3729
vn 0.0735 -0.8047 0.5891
vn 0.9467 -0.1901 0.2600
vn 0.8744 0.3699 -0.3140
vn -0.3807 -0.0284 -0.9243
vn -0.5224 -0.0607 -0.8505
vn -0.9394 -0.2710 -0.2099
vn 0.1420 -0.3489 0.9263
vn 0.9674 -0.0447 0.2491
vn 0.9639 -0.0260 -0.2650
vn 0.1108 -0.0841 -0.9903
vn -0.1365 -0.3707 -0.9187
vn -0.7527 -0.6566 -0.0484
vn -0.0554 -0.9227 0.3816
vn 0.7666 -0.6066 -0.2108
vn 0.8097 0.5645 0.1601
vn 0.9961 0.0299 0.0831
vn 0.5932 -0.5708 -0.5677
vn -0.4454 -0.4970 -0.7447
vn 0.7396 0.3430 0.5791
vn 0.9733 0.1219 0.1943
vn 0.5453 -0.2132 -0.8106
vn -0.1472 0.0121 -0.9890
vn 0.2947 0.2566 -0.9205
vn -0.1382 -0.2521 -0.9578
vn 0.9340 0.2638 0.2409
vn 0.7233 0.3113 -0.6163
vn 0.1093 0.5942 -0.7968
vn 0.4828 0.7288 -0.4856
vn 0.6178 0.2720 0.7378
vn 0.8983 0.2198 0.3804
vn 0.6414 0.7059 -0.3007
vn -0.0166 0.9118 -0.4103
vn 0.2607 0.9653 -0.0126
vn 0.7248 0.0937 0.6825
vn 0.3237 0.9305 0.1713
vn -0.2496 0.9380 -0.2407
vn -0.0092 0.9207 0.3901
vn 0.4832 -0.1602 0.8607
vn -0.0011 0.7585 0.6517
vn -0.3223 0.9441 0.0687
vn -0.1966 0.8521 0.4850
vn 0.3347 -0.8038 0.4918
vn 0.3180 -0.2713 0.9084
vn 0.1343 -0.2159 0.9671
vn -0.2368 0.8841 0.4028
vn -0.2900 0.9492 -0.1222
vn -0.3165 0.7709 0.5527
vn -0.4450 0.7569 0.4786
vn 0.2588 -0.8740 0.4112
vn 0.0459 -0.1628 0.9856
vn -0.2494 0.8619 0.4415
vn -0.2561 0.9243 0.2829
vn -0.2363 0.7536 0.6134
vn 0.2222 -0.8104 0.5422
vn 0.0911 -0.1650 0.9821
vn -0.1649 0.8618 0.4796
vn -0.1301 0.9770 0.1690
vn -0.0336 0.6665 0.7448
vn -0.1859 0.6483 0.7384
vn 0.0724 -0.1454 0.9867
vn -0.1074 0.9067 0.4079
vn -0.0157 0.9742 -0.2251
vn 0.0197 0.7067 0.7072
vn 0.0219 -0.9385 0.3445
vn 0.0320 -0.0522 0.9981
vn 0.0003 0.9388 0.3446
vn 0.1336 0.9043 0.4055
vn 0.1407 0.9803 0.1386
vn 0.1134 0.7100 0.6951
vn 0.0588 0.5164 0.8543
vn 0.0328 -0.1325 0.9906
vn -0.0265 -0.0952 0.9951
vn 0.2051 0.8589 0.4692
vn 0.2685 0.9160 0.2980
vn 0.2653 0.7799 0.5669
vn 0.2879 0.6481 0.7050
vn -0.2150 -0.7781 0.5902
vn -0.1042 -0.0435 0.9936
vn 0.2091 0.8783 0.4299
vn 0.3071 0.9507 0.0439
vn 0.3131 0.8141 0.4891
vn -0.2957 -0.8523 0.4315
vn -0.1774 -0.1378 0.9744
vn 0.2048 0.8992 0.3867
vn 0.3123 0.9484 -0.0544
vn 0.1699 0.8639 0.4741
vn 0.2310 0.9477 0.2203
vn -0.2928 -0.8460 0.4455
vn -0.3328 -0.2340 0.9135
vn -0.0049 0.7934 0.6087
vn 0.2469 0.9420 -0.2275
vn -0.0182 0.9326 0.3604
vn -0.1026 0.9437 0.3146
vn -0.3561 -0.7891 0.5006
vn -0.5223 -0.1145 0.8450
vn -0.3298 0.9267 0.1803
vn 0.0181 0.9169 -0.3987
vn -0.2798 0.9600 -0.0118
vn -0.3772 -0.7586 0.5312
vn -0.7214 0.0847 0.6873
vn -0.6427 0.7112 -0.2850
vn -0.0912 0.6103 -0.7869
vn -0.4859 0.7390 -0.4667
vn -0.4540 0.8829 0.1203
vn -0.6488 -0.4044 0.6446
vn -0.9008 0.1918 0.3896
vn -0.7128 0.3149 -0.6267
vn 0.2108 0.0289 -0.9771
vn -0.2716 0.2752 -0.9222
vn -0.5491 0.7360 -0.3960
vn -0.6324 0.2582 0.7304
vn -0.9377 0.2499 0.2413
vn -0.5046 -0.2245 -0.8336
vn 0.4826 -0.4873 -0.7278
vn 0.1461 -0.2526 -0.9565
vn -0.3234 0.4720 -0.8201
vn -0.9741 0.1119 0.1967
vn -0.5924 -0.5657 -0.5736
vn 0.1647 -0.8131 -0.5583
vn 0.0466 -0.8762 -0.4797
vn -0.0665 -0.6336 -0.7708
vn -0.0733 0.1856 -0.9799
vn -0.9960 0.0366 0.0819
vn -0.5426 -0.7054 -0.4561
vn -0.3739 -0.3349 -0.8649
vn -0.1967 0.3359 -0.9211
vn -0.9769 -0.2130 -0.0165
vn -0.8131 0.5816 0.0242
vn -0.9400 -0.3016 0.1597
vn -0.5747 0.4431 0.6880
vn -0.2437 0.9614 0.1281
vn -0.3527 0.8907 0.2869
vn -0.8218 0.3701 0.4333
vn -0.2820 0.2729 0.9198
vn -0.6794 0.2636 0.6848
vn -0.9509 0.2518 -0.1798
vn -0.6554 0.3617 -0.6630
vn -0.2750 0.8354 -0.4758
vn -0.9462 0.3118 -0.0868
vn 0.0329 0.0944 0.9950
vn -0.3874 0.0633 0.9197
vn -0.8331 0.2230 0.5061
vn -0.9989 0.0444 0.0122
vn -0.9042 -0.0443 -0.4249
vn -0.7655 -0.0421 -0.6421
vn 0.3166 0.2135 0.9242
vn 0.3868 0.0906 0.9177
vn 0.0109 -0.0207 0.9997
vn -0.4499 0.0624 0.8909
vn 0.6374 0.1691 0.7518
vn 0.5756 0.2965 0.7621
vn 0.8490 0.3267 0.4154
vn 0.4904 0.0326 0.8709
vn 0.0093 0.0047 0.9999
vn 0.5676 0.7946 0.2157
vn 0.4871 0.3927 -0.7801
vn 0.8754 0.3474 -0.3361
vn 0.9268 0.2917 -0.2366
vn 0.5468 0.8060 0.2266
vn 0.2753 0.7876 -0.5512
vn 0.3524 0.0940 -0.9311
vn 0.4161 0.0236 -0.9090
vn 0.5983 -0.0254 -0.8008
vn 0.9395 -0.0465 -0.3393
vn 0.8903 0.1996 -0.4093
vn 0.8203 -0.0396 -0.5706
vn 0.9775 -0.1583 -0.1393
vn 0.8904 0.1049 0.4430
vn 0.5050 -0.0390 0.8622
vn -0.0082 -0.1406 0.9900
vn -0.5261 -0.0048 0.8504
vn 0.8383 0.0041 0.5452
vn 0.5074 -0.1361 0.8509
vn -0.0899 -0.1996 0.9757
vn -0.5957 -0.1529 0.7885
vn -0.9279 -0.0260 0.3718
vn -0.8817 0.1638 0.4425
vn 0.8756 0.0147 0.4828
vn 0.6153 -0.0199 0.7880
vn 0.1614 -0.0941 0.9824
vn -0.4902 -0.1038 0.8654
vn -0.8440 -0.1164 0.5236
vn 0.8973 -0.1695 0.4076
vn 0.6514 -0.2562 0.7142
vn 0.2045 -0.4578 0.8652
vn -0.5638 -0.4847 0.6687
vn 0.9263 -0.2254 0.3018
vn 0.7012 -0.5339 0.4725
vn 0.2890 -0.7852 0.5476
vn -0.3826 -0.7957 0.4696
vn -0.8594 -0.4609 0.2212
vn 0.9087 -0.3111 0.2782
vn 0.7153 -0.5540 0.4260
vn 0.2766 -0.7558 0.5935
vn -0.2975 -0.8057 0.5123
vn -0.8070 -0.5361 0.2477
vn -0.9512 -0.2882 0.1104
vn 0.9801 0.1979 -0.0163
vn 0.9089 -0.4120 0.0640
vn 0.6790 -0.6994 0.2233
vn 0.3416 -0.9292 0.1411
vn -0.1733 -0.9215 0.3475
vn -0.6502 -0.6819 0.3350
vn 0.8836 0.4676 0.0260
vn 0.9062 -0.2856 -0.3118
vn 0.4853 -0.7092 -0.5114
vn 0.2329 -0.6739 -0.7011
vn -0.0577 -0.8700 -0.4897
vn -0.6754 -0.7337 -0.0746
vn 0.5979 0.7657 0.2371
vn 0.7393 0.4461 0.5044
vn 0.9699 0.2190 -0.1060
vn 0.7823 -0.0450 -0.6212
vn 0.3729 -0.2878 -0.8821
vn 0.3371 0.8589 0.3856
vn 0.4822 0.3996 0.7796
vn 0.7872 0.3353 0.5175
vn 0.9526 0.2692 -0.1419
vn 0.6753 0.0324 -0.7369
vn -0.2618 0.8095 0.5255
vn -0.0296 0.2068 0.9779
vn 0.3819 0.2286 0.8955
vn 0.7198 0.3344 0.6083
vn 0.8709 0.4736 0.1313
vn 0.7311 0.3146 -0.6054
vn -0.6971 0.5337 0.4787
vn -0.5111 -0.0670 0.8569
vn -0.0589 0.0317 0.9978
vn 0.3408 0.0728 0.9373
vn 0.7033 0.0754 0.7069
vn 0.6838 0.5468 0.4831
vn -0.9589 0.0753 0.2734
vn -0.8439 -0.3292 0.4236
vn -0.7298 -0.4082 0.5485
vn -0.4836 -0.2587 0.8362
vn -0.1472 -0.2158 0.9653
vn 0.4705 -0.2657 0.8415
vn -0.9281 -0.3663 0.0671
vn -0.8339 -0.5339 -0.1398
vn -0.8650 -0.4793 -0.1487
vn -0.7482 -0.6204 -0.2351
vn -0.7606 -0.6048 0.2359
vn -0.6144 -0.4779 0.6278
vn -0.5637 -0.5720 -0.5958
vn -0.5627 -0.3744 -0.7370
vn -0.6212 -0.4398 -0.6486
vn -0.3849 -0.3170 -0.8668
vn -0.6057 -0.6283 -0.4882
vn -0.6417 -0.7669 -0.0017
vn -0.1192 -0.4391 -0.8905
vn -0.1731 -0.2238 -0.9591
vn -0.2919 -0.1296 -0.9476
vn 0.0024 0.1973 -0.9803
vn -0.2974 -0.0798 -0.9514
vn -0.5356 -0.5129 -0.6709
vn 0.1359 -0.3363 -0.9319
vn 0.0557 -0.1890 -0.9804
vn 0.0303 0.0481 -0.9984
vn 0.2406 0.3696 -0.8975
vn 0.0360 0.3878 -0.9210
vn 0.3432 -0.0862 -0.9353
vn 0.2832 0.0980 -0.9540
vn 0.5084 0.4850 -0.7116
vn 0.1997 0.5954 -0.7782
vn -0.0898 0.5662 -0.8194
vn -0.3119 0.1694 -0.9349
vn 0.7273 0.6846 -0.0474
vn 0.4628 0.7881 -0.4060
vn 0.0029 0.7476 -0.6642
vn -0.3008 0.6798 -0.6689
vn -0.5220 0.3629 -0.7719
vn -0.5720 -0.2133 -0.7920
vn 0.6964 0.6832 0.2196
vn 0.5131 0.8461 0.1443
vn 0.1793 0.9183 -0.3530
vn -0.2252 0.8240 -0.5200
vn -0.4805 0.7423 -0.4671
vn -0.6065 0.5683 -0.5561
vn 0.7323 0.2896 0.6163
vn 0.7368 0.4558 0.4994
vn 0.4232 0.8131 0.3997
vn 0.0447 0.9917 -0.1203
vn -0.3888 0.8560 -0.3407
vn 0.6590 -0.1291 0.7410
vn 0.7271 -0.0367 0.6855
vn 0.7163 0.2421 0.6545
vn 0.1933 0.7878 0.5848
vn -0.1913 0.9803 0.0501
vn 0.5712 -0.4696 0.6732
vn 0.5833 -0.4073 0.7027
vn 0.8202 -0.0858 0.5656
vn 0.8651 -0.1340 0.4834
vn 0.6867 0.1950 0.7003
vn 0.1014 -0.6262 0.7731
vn 0.2832 -0.8181 0.5005
vn 0.2579 -0.7643 0.5911
vn 0.7881 -0.4777 0.3883
vn 0.9259 -0.3533 0.1340
vn -0.2426 -0.8543 0.4596
vn -0.1191 -0.9650 0.2338
vn -0.1903 -0.9637 0.1875
vn 0.5734 -0.8013 0.1710
vn 0.8127 -0.5311 -0.2398
vn -0.4889 -0.8427 -0.2256
vn -0.5596 -0.7237 -0.4038
vn -0.4124 -0.7272 -0.5487
vn 0.0235 -0.9689 -0.2463
vn 0.4053 -0.7021 -0.5855
vn -0.6457 -0.2166 -0.7322
vn -0.2526 -0.4768 -0.8420
vn -0.6134 0.0607 -0.7875
vn -0.3568 -0.2950 -0.8864
vn 0.3351 -0.5499 -0.7651
vn 0.8052 -0.4589 -0.3756
vn -0.7995 0.2841 -0.5292
vn -0.9722 0.0553 -0.2275
vn -0.5276 -0.2142 -0.8221
vn 0.0475 -0.2895 -0.9560
vn 0.6543 0.0004 -0.7562
vn 0.9644 -0.2591 -0.0527
vn -0.6875 0.6458 -0.3321
vn -0.8799 0.4510 0.1494
vn -0.8879 -0.0085 0.4599
vn -0.9704 -0.0954 -0.2217
vn -0.7502 -0.1783 -0.6368
vn -0.3605 0.0814 -0.9292
vn -0.6095 0.7590 -0.2291
vn -0.8099 0.5865 -0.0048
vn -0.8837 0.2761 0.3779
vn -0.6821 -0.4309 0.5909
vn -0.9069 -0.4156 0.0693
vn -0.8862 -0.1351 -0.4431
vn -0.5722 0.8004 -0.1787
vn -0.7649 0.6394 0.0780
vn -0.7627 0.4303 0.4828
vn -0.6786 -0.3219 0.6602
vn -0.2820 -0.8289 0.4830
vn -0.4446 -0.8176 0.3658
vn -0.4394 0.8821 0.1700
vn -0.4704 0.7486 0.4672
vn -0.1699 0.2915 0.9414
vn -0.4319 -0.1943 0.8808
vn 0.0446 -0.7486 0.6615
vn -0.0115 -0.9729 0.2309
vn 0.1105 0.7411 0.6623
vn 0.3483 0.4895 0.7995
vn 0.7195 0.0911 0.6885
vn 0.1293 -0.2689 0.9545
vn -0.0098 -0.6990 0.7151
vn 0.4548 -0.8686 0.1969
vn 0.7272 0.2541 0.6377
vn 0.8923 0.1631 0.4209
vn 0.9649 0.1463 0.2182
vn 0.8671 -0.0764 0.4923
vn 0.5439 -0.5845 0.6021
vn 0.4884 -0.8535 0.1818
vn 0.9461 -0.0701 0.3161
vn 0.9925 0.1175 0.0342
vn 0.8738 0.4689 -0.1288
vn 0.8877 0.4503 0.0957
vn 0.9188 0.0751 0.3874
vn 0.9106 -0.2677 0.3148
vn 0.9355 0.1417 -0.3236
vn 0.5815 0.6383 -0.5044
vn 0.5854 0.8009 -0.1259
vn 0.5138 0.8454 0.1458
vn 0.7535 0.5908 0.2884
vn 0.8425 0.3457 0.4130
vn 0.1081 0.5168 -0.8493
vn -0.2416 0.8187 -0.5209
vn 0.2027 0.9371 -0.2843
vn -0.0219 0.9981 0.0582
vn -0.7304 0.3178 -0.6046
vn -0.9945 0.0556 -0.0888
vn -0.6196 0.7839 -0.0396
vn -0.7374 0.4710 0.4841
vn 0.0640 0.8030 0.5925
vn -0.8958 -0.4394 0.0662
vn -0.6913 -0.7132 0.1163
vn -0.9465 -0.2029 0.2510
vn 0.3614 -0.6774 0.6407
vn 0.5552 0.6580 0.5087
vn 0.6183 0.6312 0.4684
vn -0.5166 -0.8392 0.1701
vn -0.9889 -0.1461 0.0268
vn -0.9934 0.1129 -0.0211
vn -0.6269 0.0981 -0.7729
vn -0.9606 0.0293 0.2765
vn -0.7456 -0.4620 -0.4803
vn -0.2733 0.0426 -0.9610
vn -0.8240 0.4083 -0.3928
vn -0.9851 0.1685 -0.0356
vn -0.3934 0.7954 -0.4611
vn -0.2733 0.0430 -0.9610
vn -0.0279 0.1872 -0.9819
vn -0.4762 -0.8793 0.0101
vn -0.8496 -0.5203 0.0863
vn -0.8330 -0.4004 0.3817
vn -0.8813 0.3673 0.2974
vn -0.4864 0.8616 -0.1449
vn -0.1379 0.7612 -0.6336
vn -0.0242 0.1437 -0.9893
vn -0.1321 -0.9866 -0.0954
vn -0.1837 -0.8171 0.5465
vn -0.5074 -0.6960 0.5081
vn -0.4018 -0.7322 0.5500
vn -0.8783 -0.1666 0.4481
vn 0.0106 -0.6997 -0.7144
vn 0.0045 -1.0000 -0.0043
vn -0.0307 -0.8603 0.5088
vn -0.2021 -0.7990 0.5664
vn 0.0363 -0.7342 -0.6780
vn 0.0475 -0.9953 0.0848
vn 0.0473 -0.8776 0.4770
vn -0.0978 -0.8153 0.5707
vn -0.0476 -0.9251 0.3767
vn -0.0871 -0.9564 0.2788
vn -0.9407 -0.1414 0.3084
vn -0.0000 -1.0000 0.0026
vn -0.0000 -0.8546 0.5193
vn 0.0744 -0.8033 0.5909
vn 0.0173 -0.9205 0.3904
vn -0.0000 -0.5909 -0.8067
vn -0.0362 -0.7342 -0.6780
vn -0.0475 -0.9953 0.0847
vn -0.0473 -0.8775 0.4772
vn -0.0744 -0.8033 0.5909
vn -0.0000 -0.8299 0.5579
vn 0.1085 -0.9307 0.3493
vn -0.0045 -1.0000 -0.0043
vn 0.0307 -0.8603 0.5088
vn 0.0977 -0.8154 0.5706
vn -0.0174 -0.9205 0.3903
vn -0.1086 -0.9307 0.3493
vn -0.0000 -0.9730 0.2307
vn -0.0104 -0.6996 -0.7145
vn 0.1322 -0.9866 -0.0954
vn 0.1834 -0.8173 0.5463
vn 0.2017 -0.7991 0.5663
vn 0.0473 -0.9253 0.3764
vn 0.1810 -0.7396 -0.6482
vn 0.4764 -0.8792 0.0102
vn 0.5071 -0.6962 0.5081
vn 0.4015 -0.7320 0.5504
vn 0.0873 -0.9564 0.2786
vn 0.7457 -0.4617 -0.4803
vn 0.8498 -0.5200 0.0866
vn 0.8329 -0.4003 0.3821
vn 0.8774 -0.1666 0.4499
vn 0.9401 -0.1385 0.3114
vn 0.2736 0.0434 -0.9609
vn 0.8241 0.4083 -0.3925
vn 0.9850 0.1689 -0.0352
vn 0.8811 0.3677 0.2975
vn 0.5959 0.6943 0.4035
vn 0.3406 0.9282 0.1500
vn 0.3316 0.8770 0.3478
vn 0.3936 0.7956 -0.4606
vn 0.4861 0.8619 -0.1444
vn 0.4042 0.8516 0.3339
vn 0.4123 0.7397 0.5318
vn 0.2023 0.8399 0.5036
vn 0.2230 0.9448 0.2400
vn 0.2735 0.0434 -0.9609
vn 0.0283 0.1877 -0.9818
vn 0.1382 0.7614 -0.6333
vn 0.2928 0.9376 -0.1878
vn 0.2572 0.8948 0.3649
vn 0.0248 0.1442 -0.9892
vn 0.1293 0.6999 -0.7024
vn 0.2398 0.9432 -0.2301
vn 0.2588 0.8626 0.4347
vn 0.1806 0.8503 0.4943
vn 0.1836 0.9666 0.1786
vn -0.0009 0.8691 0.4946
vn -0.0004 0.9950 0.1002
vn 0.0003 0.2874 -0.9578
vn 0.0003 0.7157 -0.6985
vn 0.0001 0.9686 -0.2488
vn -0.0005 0.9327 0.3607
vn -0.1288 0.6998 -0.7027
vn -0.2397 0.9431 -0.2304
vn -0.2600 0.8624 0.4343
vn -0.1823 0.8501 0.4940
vn -0.1847 0.9665 0.1781
vn -0.2928 0.9375 -0.1881
vn -0.2582 0.8946 0.3647
vn -0.2037 0.8396 0.5035
vn -0.2243 0.9446 0.2397
vn -0.4050 0.8513 0.3337
vn -0.4135 0.7393 0.5314
vn -0.3328 0.8766 0.3475
vn -0.5963 0.6939 0.4037
vn -0.3417 0.9277 0.1503
vn -0.9388 -0.1535 0.3082
vn 0.0219 -0.9807 -0.1944
vn -0.3422 0.9275 0.1507
vn 0.4527 0.3021 -0.8389
vn -0.3326 0.8765 0.3481
vn 0.5034 0.3413 -0.7938
vn -0.2244 0.9446 0.2396
vn 0.3163 0.4305 -0.8454
vn -0.1847 0.9665 0.1784
vn -0.0876 -0.9561 0.2796
vn 0.0923 -0.9851 0.1452
vn 0.2063 -0.9780 0.0314
vn -0.0299 -0.8979 -0.4392
vn 0.1565 -0.5940 -0.7891
vn 0.3823 -0.7726 -0.5070
vn -0.0480 -0.9248 0.3774
vn 0.1035 -0.9865 0.1265
vn 0.2614 -0.9531 -0.1526
vn 0.2463 -0.9089 -0.3365
vn -0.0750 -0.7706 -0.6329
vn 0.0891 -0.4590 -0.8839
vn 0.4935 -0.4856 -0.7215
vn 0.0171 -0.9203 0.3908
vn 0.1442 -0.9895 -0.0011
vn 0.3465 -0.8627 -0.3685
vn 0.4058 -0.6529 -0.6396
vn 0.1696 -0.7330 -0.6587
vn 0.0460 -0.7558 -0.6532
vn 0.1946 -0.6121 -0.7665
vn 0.1084 -0.9306 0.3495
vn 0.1656 -0.9850 -0.0489
vn 0.3615 -0.6887 -0.6285
vn 0.4422 -0.2862 -0.8500
vn 0.3217 -0.4634 -0.8257
vn 0.1650 -0.3894 -0.9062
vn 0.1430 -0.6293 -0.7639
vn -0.0000 -0.9730 0.2308
vn -0.0000 -0.9946 -0.1035
vn 0.2477 -0.5279 -0.8124
vn 0.3516 0.0107 -0.9361
vn 0.2769 -0.1332 -0.9516
vn -0.1657 -0.9850 -0.0489
vn -0.2476 -0.5278 -0.8125
vn -0.0000 -0.5482 -0.8364
vn -0.0000 -0.0001 -1.0000
vn 0.1815 -0.0332 -0.9828
vn 0.4530 -0.1483 -0.8791
vn -0.1085 -0.9307 0.3494
vn -0.1441 -0.9896 -0.0009
vn -0.3608 -0.6889 -0.6287
vn -0.3511 0.0107 -0.9363
vn -0.1815 -0.0331 -0.9828
vn -0.0172 -0.9203 0.3909
vn -0.1031 -0.9866 0.1266
vn -0.3451 -0.8631 -0.3688
vn -0.4406 -0.2859 -0.8510
vn -0.2758 -0.1322 -0.9521
vn -0.4529 -0.1484 -0.8791
vn 0.0480 -0.9247 0.3777
vn -0.0916 -0.9851 0.1453
vn -0.2600 -0.9534 -0.1531
vn -0.4036 -0.6521 -0.6417
vn -0.3200 -0.4609 -0.8278
vn -0.1645 -0.3864 -0.9075
vn -0.2535 -0.1409 -0.9570
vn 0.0887 -0.9559 0.2801
vn -0.0207 -0.9811 -0.1922
vn -0.2058 -0.9781 0.0310
vn -0.2448 -0.9087 -0.3381
vn -0.1697 -0.7307 -0.6612
vn 0.9346 -0.1736 0.3105
vn 0.3412 0.9278 0.1511
vn -0.4519 0.3022 -0.8393
vn -0.3816 -0.7729 -0.5069
vn -0.1515 -0.5904 -0.7928
vn 0.0341 -0.8965 -0.4418
vn 0.0760 -0.7699 -0.6337
vn 0.3315 0.8767 0.3486
vn -0.5018 0.3404 -0.7952
vn -0.4733 -0.7776 -0.4139
vn -0.4923 -0.4852 -0.7227
vn -0.0879 -0.4556 -0.8858
vn -0.1941 -0.6125 -0.7663
vn -0.0472 -0.7552 -0.6538
vn 0.2230 0.9448 0.2402
vn -0.3144 0.4301 -0.8463
vn -0.5031 -0.6659 -0.5508
vn -0.5291 -0.5510 -0.6453
vn -0.4359 -0.4452 -0.7822
vn 0.1836 0.9666 0.1789
vn -0.0130 0.7208 -0.6930
vn -0.3139 -0.3765 -0.8716
vn -0.5165 -0.5638 -0.6444
vn -0.5108 -0.6426 -0.5710
vn -0.4742 -0.5685 -0.6723
vn -0.4094 -0.5891 -0.6967
vn -0.0004 0.9949 0.1004
vn 0.0008 0.6849 -0.7287
vn 0.0015 -0.1677 -0.9858
vn 0.0009 -0.8753 -0.4836
vn -0.3672 -0.8169 -0.4448
vn 0.0145 0.7210 -0.6928
vn 0.3166 -0.3760 -0.8708
vn 0.3689 -0.8166 -0.4439
vn 0.0978 -0.9948 -0.0284
vn 0.0001 -0.9886 0.1507
vn -0.0970 -0.9949 -0.0287
vn 0.5188 -0.5632 -0.6431
vn 0.5129 -0.6422 -0.5697
vn 0.4082 -0.8228 -0.3954
vn 0.1159 -0.8616 -0.4941
vn -0.1136 -0.9925 -0.0457
vn 0.5061 -0.6647 -0.5496
vn 0.5314 -0.5501 -0.6442
vn 0.4764 -0.5680 -0.6711
vn 0.3668 -0.6930 -0.6207
vn 0.4742 -0.7776 -0.4128
vn 0.4376 -0.4450 -0.7814
vn 0.4110 -0.5888 -0.6960
vn 0.3688 -0.7413 -0.5607
vn 0.3506 -0.7207 -0.5980
vn 0.2817 -0.8227 -0.4938
vn 0.3289 -0.9093 -0.2551
vn 0.3924 -0.8792 -0.2702
vn 0.4002 -0.8226 -0.4039
vn 0.1344 -0.6206 -0.7725
vn 0.0011 -0.7963 -0.6049
vn 0.2820 -0.7739 -0.5671
vn 0.4288 -0.8571 -0.2856
vn 0.3965 -0.9083 -0.1334
vn 0.2805 -0.9560 0.0860
vn 0.2170 -0.9759 0.0210
vn 0.3866 -0.4255 -0.8182
vn 0.5712 -0.6481 -0.5037
vn 0.6581 -0.7177 -0.2275
vn 0.5997 -0.7988 0.0479
vn 0.4092 -0.8716 0.2701
vn 0.2334 -0.0903 -0.9682
vn 0.4024 0.0959 -0.9104
vn 0.6277 -0.1642 -0.7609
vn 0.8304 -0.3239 -0.4533
vn 0.8977 -0.4304 -0.0946
vn 0.8436 -0.4963 0.2051
vn 0.2417 0.0138 -0.9703
vn 0.2710 0.2979 -0.9153
vn 0.2192 0.2902 -0.9315
vn 0.3221 0.0245 -0.9464
vn 0.5806 -0.0883 -0.8094
vn 0.5420 0.1476 -0.8273
vn 0.2541 -0.1417 -0.9567
vn 0.5887 -0.0180 -0.8081
vn 0.5640 0.1477 -0.8124
vn 0.5828 0.2303 -0.7793
vn 0.1722 0.5238 -0.8343
vn 0.0622 0.2662 -0.9619
vn 0.7761 -0.1448 -0.6138
vn 0.7184 0.2104 -0.6631
vn 0.6903 0.1470 -0.7084
vn 0.6209 0.0731 -0.7805
vn 0.7032 -0.5833 -0.4066
vn 0.9468 -0.2102 -0.2436
vn 0.7509 0.2988 -0.5890
vn -0.0000 0.4191 -0.9079
vn -0.0000 0.3004 -0.9538
vn 0.3137 -0.5369 -0.7832
vn 0.3347 -0.8814 -0.3334
vn 0.6573 -0.7326 -0.1768
vn 0.8184 -0.4817 -0.3134
vn 0.7321 0.1834 -0.6560
vn -0.0000 0.4737 -0.8807
vn -0.0001 -0.3329 -0.9430
vn -0.0000 -0.8437 -0.5368
vn -0.0000 -0.9796 -0.2008
vn 0.4154 -0.8868 -0.2027
vn 0.5906 -0.4051 -0.6979
vn -0.0000 0.2800 -0.9600
vn -0.3138 -0.5370 -0.7830
vn -0.3347 -0.8814 -0.3334
vn -0.4154 -0.8868 -0.2027
vn -0.0000 -0.8912 -0.4537
vn 0.3980 -0.8355 -0.3790
vn -0.7032 -0.5834 -0.4064
vn -0.6573 -0.7326 -0.1768
vn -0.8184 -0.4817 -0.3134
vn -0.5906 -0.4051 -0.6979
vn -0.3980 -0.8354 -0.3790
vn -0.7761 -0.1449 -0.6138
vn -0.9468 -0.2102 -0.2436
vn -0.7321 0.1834 -0.6560
vn -0.0000 -0.2780 -0.9606
vn -0.5887 -0.0180 -0.8081
vn -0.7184 0.2104 -0.6631
vn -0.7509 0.2988 -0.5890
vn -0.2414 0.0145 -0.9703
vn -0.5640 0.1477 -0.8124
vn -0.6903 0.1470 -0.7084
vn -0.2336 -0.0884 -0.9683
vn -0.2709 0.2982 -0.9153
vn -0.5828 0.2303 -0.7793
vn -0.6209 0.0731 -0.7804
vn -0.0000 0.1669 -0.9860
vn -0.1446 -0.6267 -0.7657
vn -0.3873 -0.4238 -0.8188
vn -0.4025 0.0965 -0.9103
vn -0.2192 0.2906 -0.9314
vn -0.1721 0.5238 -0.8343
vn -0.2829 -0.7732 -0.5676
vn -0.5716 -0.6476 -0.5038
vn -0.6279 -0.1639 -0.7608
vn -0.5420 0.1476 -0.8273
vn -0.5806 -0.0882 -0.8094
vn -0.3221 0.0245 -0.9464
vn -0.2816 -0.8228 -0.4936
vn -0.4292 -0.8568 -0.2857
vn -0.6582 -0.7176 -0.2275
vn -0.8304 -0.3239 -0.4533
vn -0.7841 0.0492 -0.6186
vn -0.6180 0.0981 -0.7800
vn -0.3675 -0.7415 -0.5613
vn -0.3287 -0.9093 -0.2551
vn -0.3967 -0.9082 -0.1333
vn -0.5996 -0.7989 0.0472
vn -0.8976 -0.4304 -0.0950
vn -0.9801 0.0080 -0.1982
vn -0.3646 -0.6932 -0.6217
vn -0.3486 -0.7209 -0.5990
vn -0.3917 -0.8793 -0.2709
vn -0.2169 -0.9760 0.0210
vn -0.2806 -0.9559 0.0862
vn -0.4087 -0.8717 0.2704
vn -0.4065 -0.8231 -0.3965
vn -0.1139 -0.8617 -0.4945
vn -0.1318 -0.6207 -0.7729
vn -0.3986 -0.8228 -0.4050
vn -0.3005 -0.9501 0.0836
vn -0.2430 -0.9640 0.1083
vn 0.1143 -0.9924 -0.0454
vn 0.0013 -0.4876 -0.8731
vn 0.0012 -0.7025 -0.7117
vn -0.2330 -0.8095 -0.5389
vn -0.2059 -0.9778 -0.0380
vn 0.0003 -0.9997 -0.0252
vn 0.2350 -0.8094 -0.5382
vn 0.0006 -0.9725 -0.2329
vn -0.0001 -0.9588 0.2841
vn -0.0762 -0.9578 0.2771
vn -0.0738 -0.9506 0.3016
vn 0.2066 -0.9777 -0.0374
vn 0.0761 -0.9578 0.2773
vn 0.0736 -0.9505 0.3017
vn -0.0001 -0.9482 0.3177
vn 0.3009 -0.9499 0.0842
vn 0.2431 -0.9639 0.1087
vn 0.0173 -0.9828 0.1838
vn -0.0000 -0.9773 0.2120
vn -0.0173 -0.9828 0.1839
vn 0.0401 -0.9932 0.1095
vn 0.0001 -0.9949 0.1010
vn -0.0401 -0.9932 0.1096
vn -0.2455 -0.9609 0.1280
vn -0.3314 -0.8900 0.3131
vn 0.2455 -0.9609 0.1278
vn -0.0000 -0.9994 -0.0343
vn -0.3753 -0.9069 -0.1916
vn -0.6000 -0.7912 0.1185
vn -0.4410 -0.7999 0.4072
vn -0.4498 -0.7338 0.5092
vn 0.3313 -0.8900 0.3131
vn 0.6004 -0.7909 0.1183
vn 0.3755 -0.9067 -0.1919
vn -0.0000 -0.9122 -0.4098
vn -0.5690 -0.7324 -0.3738
vn 0.4498 -0.7338 0.5091
vn 0.4410 -0.7999 0.4071
vn 0.6209 -0.6667 0.4124
vn 0.8736 -0.4847 -0.0446
vn 0.5692 -0.7321 -0.3741
vn -0.0000 -0.8367 -0.5476
vn 0.6799 -0.5752 0.4548
vn 0.5048 -0.5979 0.6226
vn 0.4201 -0.5164 0.7462
vn 0.4947 -0.4493 0.7439
vn 0.7971 -0.2013 0.5693
vn 0.7571 -0.6367 0.1463
vn 0.4988 -0.8263 -0.2617
vn -0.0000 -0.9865 -0.1635
vn -0.4987 -0.8264 -0.2616
vn 0.2013 -0.4226 0.8837
vn 0.3176 -0.2235 0.9215
vn 0.4400 0.1338 0.8880
vn 0.4923 -0.1413 0.8589
vn 0.5481 -0.6276 0.5529
vn -0.0003 -0.9606 0.2778
vn 0.0012 -0.3540 0.9352
vn 0.0006 0.0458 0.9990
vn 0.0004 0.2645 0.9644
vn 0.0002 -0.2313 0.9729
vn 0.0005 -0.7711 0.6367
vn -0.5486 -0.6276 0.5524
vn -0.7571 -0.6368 0.1461
vn -0.3179 -0.2243 0.9212
vn -0.4396 0.1337 0.8882
vn -0.4921 -0.1423 0.8588
vn -0.7973 -0.2009 0.5692
vn -0.8735 -0.4848 -0.0446
vn -0.2022 -0.4225 0.8835
vn -0.4963 -0.4505 0.7421
vn -0.4218 -0.5154 0.7460
vn -0.6209 -0.6667 0.4123
vn -0.5049 -0.5972 0.6232
vn -0.6798 -0.5749 0.4553
vn -0.8433 -0.4969 0.2049
vn -0.9760 -0.1074 0.1894
vn -0.9885 0.1466 -0.0365
vn -0.9144 0.2167 -0.3420
vn -0.7891 0.1238 -0.6016
vn -0.6799 -0.5749 0.4553
vn -0.9142 -0.1315 0.3832
vn -0.9344 -0.1039 0.3408
vn -0.9739 -0.2270 -0.0059
vn -0.9056 0.2491 -0.3433
vn -0.8567 0.3433 -0.3850
vn -0.6867 -0.3633 0.6296
vn -0.7572 -0.2152 0.6167
vn -0.4757 -0.2196 0.8518
vn -0.5034 0.0339 0.8634
vn -0.2877 0.6010 0.7457
vn -0.4498 -0.7337 0.5092
vn -0.5050 -0.5974 0.6230
vn -0.5708 -0.3213 0.7556
vn -0.5699 -0.2001 0.7970
vn -0.4221 -0.1798 0.8885
vn -0.3556 0.0226 0.9344
vn -0.3549 0.3641 0.8611
vn -0.4432 -0.2976 0.8456
vn -0.2416 -0.1425 0.9599
vn -0.1638 0.0863 0.9827
vn -0.1642 0.3494 0.9225
vn -0.3037 0.6185 0.7247
vn -0.4213 -0.5158 0.7460
vn -0.2011 -0.2814 0.9383
vn -0.0000 -0.1170 0.9931
vn -0.0000 0.1051 0.9945
vn -0.0000 0.3372 0.9414
vn -0.2041 0.5757 0.7918
vn -0.2020 -0.4230 0.8833
vn 0.0004 -0.2913 0.9566
vn 0.1995 -0.2830 0.9381
vn 0.2404 -0.1419 0.9603
vn 0.1640 0.0862 0.9827
vn 0.1642 0.3494 0.9225
vn 0.0011 -0.3544 0.9351
vn 0.2013 -0.4223 0.8838
vn 0.4201 -0.5163 0.7463
vn 0.4424 -0.2983 0.8458
vn 0.4222 -0.1782 0.8888
vn 0.3551 0.0239 0.9345
vn 0.3549 0.3641 0.8611
vn 0.3037 0.6185 0.7247
vn 0.2041 0.5757 0.7918
vn 0.5047 -0.5979 0.6227
vn 0.5718 -0.3211 0.7550
vn 0.5712 -0.1995 0.7962
vn 0.5037 0.0345 0.8632
vn 0.2877 0.6010 0.7457
vn 0.4166 0.7582 0.5017
vn 0.2810 0.7947 0.5381
vn 0.6869 -0.3634 0.6294
vn 0.7573 -0.2152 0.6166
vn 0.4758 -0.2196 0.8517
vn 0.3033 0.9177 0.2565
vn 0.4497 -0.7339 0.5091
vn 0.6803 -0.5748 0.4547
vn 0.9142 -0.1316 0.3833
vn 0.9343 -0.1040 0.3409
vn 0.9760 -0.1077 0.1891
vn 0.9885 0.1465 -0.0363
vn 0.9056 0.2491 -0.3433
vn 0.9144 0.2167 -0.3419
vn 0.8567 0.3433 -0.3850
vn 0.8072 0.4375 -0.3963
vn 0.9801 0.0080 -0.1981
vn 0.7841 0.0492 -0.6186
vn 0.7891 0.1238 -0.6016
vn 0.8033 0.2041 -0.5595
vn 0.6955 0.4512 -0.5591
vn 0.6343 0.5548 -0.5383
vn 0.5728 0.6559 -0.4916
vn 0.6180 0.0980 -0.7800
vn 0.7245 -0.0415 -0.6880
vn 0.7582 0.0312 -0.6513
vn 0.6275 0.1920 -0.7546
vn 0.4713 0.2136 -0.8557
vn 0.6957 -0.0017 -0.7183
vn 0.7265 -0.1787 -0.6635
vn 0.5958 -0.3635 -0.7161
vn 0.4941 0.1337 -0.8591
vn 0.4347 -0.1792 -0.8826
vn 0.6174 0.0273 -0.7862
vn -0.0624 -0.3431 -0.9372
vn 0.2150 -0.8354 -0.5058
vn 0.4051 -0.1676 -0.8988
vn 0.2360 -0.0965 -0.9669
vn 0.3674 0.0896 -0.9257
vn -0.1323 0.5714 -0.8099
vn -0.6481 0.4246 -0.6322
vn -0.4427 -0.4276 -0.7882
vn 0.0460 -0.8753 -0.4814
vn 0.1100 0.4244 -0.8988
vn 0.0008 0.8114 -0.5845
vn -0.3296 0.9204 -0.2101
vn -0.2865 0.7533 -0.5921
vn -0.2649 0.4302 -0.8630
vn -0.1982 -0.2251 -0.9540
vn -0.1694 0.7643 -0.6222
vn -0.1230 0.9745 -0.1877
vn -0.2683 0.9618 0.0549
vn -0.1816 0.8905 -0.4172
vn 0.4209 -0.0076 -0.9071
vn 0.2892 -0.7601 -0.5819
vn -0.1087 0.7665 -0.6330
vn -0.0500 0.9927 -0.1098
vn -0.1176 0.9930 -0.0119
vn -0.1342 0.9880 0.0771
vn -0.0842 0.9247 -0.3713
vn 0.5379 0.4099 -0.7367
vn 0.5412 0.6848 -0.4879
vn 0.6407 0.6954 -0.3254
vn 0.0882 0.9961 0.0069
vn 0.1539 0.8821 -0.4452
vn 0.7177 -0.3466 -0.6040
vn 0.8491 -0.2497 -0.4654
vn 0.8901 -0.1549 -0.4286
vn 0.7803 -0.1441 -0.6086
vn 0.5385 0.5654 -0.6248
vn 0.5598 -0.2162 -0.7999
vn 0.4556 -0.5723 -0.6819
vn 0.7303 -0.5993 -0.3279
vn 0.7446 -0.5512 -0.3764
vn 0.6617 -0.5413 -0.5187
vn 0.5373 -0.2456 -0.8068
vn 0.2786 -0.2983 -0.9129
vn 0.1998 -0.4074 -0.8911
vn 0.4506 -0.8206 -0.3515
vn 0.5093 -0.7723 -0.3796
vn 0.5152 -0.6830 -0.5178
vn -0.0000 -0.0625 -0.9980
vn 0.2177 -0.1255 -0.9679
vn 0.4528 -0.3206 -0.8320
vn 0.2979 -0.7989 -0.5225
vn -0.5373 -0.2456 -0.8068
vn -0.2177 -0.1255 -0.9679
vn -0.0000 -0.0279 -0.9996
vn -0.0000 0.0156 -0.9999
vn 0.2190 -0.0439 -0.9747
vn -0.5598 -0.2162 -0.7999
vn -0.2786 -0.2983 -0.9129
vn -0.4528 -0.3206 -0.8320
vn -0.2190 -0.0439 -0.9747
vn -0.7177 -0.3466 -0.6040
vn -0.4556 -0.5723 -0.6819
vn -0.1998 -0.4074 -0.8911
vn -0.2360 -0.0965 -0.9669
vn -0.4347 -0.1792 -0.8826
vn -0.5379 0.4099 -0.7367
vn -0.8491 -0.2497 -0.4654
vn -0.7303 -0.5993 -0.3279
vn -0.4506 -0.8206 -0.3515
vn -0.2979 -0.7989 -0.5225
vn -0.4051 -0.1676 -0.8988
vn 0.1087 0.7665 -0.6330
vn -0.5412 0.6848 -0.4879
vn -0.8901 -0.1549 -0.4286
vn -0.7446 -0.5512 -0.3764
vn -0.5093 -0.7723 -0.3796
vn -0.2426 -0.9223 -0.3009
vn -0.0622 0.2663 -0.9619
vn 0.1694 0.7643 -0.6221
vn 0.0500 0.9927 -0.1098
vn -0.6407 0.6954 -0.3254
vn -0.7803 -0.1441 -0.6086
vn -0.6617 -0.5413 -0.5187
vn -0.1100 0.4244 -0.8988
vn 0.1230 0.9745 -0.1877
vn 0.1176 0.9930 -0.0119
vn -0.0882 0.9961 0.0069
vn -0.5383 0.5653 -0.6250
vn -0.4209 -0.0076 -0.9071
vn -0.3674 0.0896 -0.9257
vn -0.0008 0.8114 -0.5845
vn 0.3296 0.9204 -0.2101
vn 0.2683 0.9618 0.0549
vn 0.1342 0.9880 0.0771
vn -0.1539 0.8821 -0.4452
vn -0.6174 0.0273 -0.7862
vn 0.1323 0.5714 -0.8099
vn 0.6481 0.4246 -0.6322
vn 0.2865 0.7533 -0.5921
vn 0.1816 0.8905 -0.4172
vn 0.0842 0.9247 -0.3713
vn -0.6957 -0.0017 -0.7183
vn -0.7265 -0.1787 -0.6635
vn 0.0624 -0.3431 -0.9372
vn 0.4427 -0.4276 -0.7882
vn 0.1982 -0.2251 -0.9540
vn 0.2649 0.4303 -0.8630
vn -0.7245 -0.0415 -0.6880
vn -0.7582 0.0312 -0.6513
vn -0.5958 -0.3635 -0.7161
vn -0.2150 -0.8354 -0.5058
vn -0.0460 -0.8753 -0.4814
vn -0.2892 -0.7601 -0.5819
vn -0.8033 0.2041 -0.5595
vn -0.6275 0.1920 -0.7546
vn -0.4941 0.1337 -0.8591
vn -0.6955 0.4512 -0.5591
vn -0.4713 0.2136 -0.8557
vn -0.8072 0.4375 -0.3963
vn -0.6344 0.5548 -0.5383
vn -0.3838 0.4702 -0.7947
vn -0.1507 0.3145 -0.9372
vn -0.5001 0.8126 -0.2992
vn -0.4952 0.7210 -0.4847
vn -0.3800 0.6839 -0.6228
vn -0.2083 0.7117 -0.6709
vn -0.0000 0.5985 -0.8011
vn -0.0000 0.1967 -0.9805
vn -0.3336 0.8608 -0.3844
vn -0.2547 0.9183 -0.3031
vn -0.0000 0.8979 -0.4402
vn 0.2083 0.7117 -0.6709
vn 0.1507 0.3145 -0.9372
vn 0.2547 0.9183 -0.3031
vn 0.3336 0.8608 -0.3844
vn 0.3800 0.6839 -0.6228
vn 0.3838 0.4702 -0.7947
vn 0.4952 0.7210 -0.4847
vn 0.5000 0.8127 -0.2992
vn -0.4501 -0.7801 -0.4345
vn -0.5152 -0.6830 -0.5178
vn 0.2426 -0.9222 -0.3010
vn 0.4501 -0.7801 -0.4345
vn 0.3596 0.9271 -0.1058
vn 0.3298 0.9363 0.1204
vn 0.2958 0.9023 0.3137
vn 0.3897 0.8420 0.3730
vn 0.3380 0.9347 -0.1104
vn 0.1977 0.9721 0.1266
vn 0.1839 0.9312 0.3147
vn 0.2027 0.8659 0.4572
vn 0.3336 0.8607 -0.3845
vn 0.1976 0.9782 -0.0634
vn -0.0000 0.9950 0.0997
vn -0.0000 0.9557 0.2942
vn -0.0000 0.8844 0.4667
vn 0.1609 0.7568 0.6335
vn -0.0000 0.9935 -0.1140
vn -0.1976 0.9782 -0.0634
vn -0.1977 0.9721 0.1266
vn -0.1834 0.9313 0.3148
vn -0.3380 0.9347 -0.1104
vn -0.3298 0.9363 0.1204
vn -0.2961 0.9021 0.3139
vn -0.2027 0.8659 0.4572
vn -0.3336 0.8607 -0.3845
vn -0.5001 0.8127 -0.2992
vn -0.3596 0.9271 -0.1058
vn -0.3033 0.9177 0.2567
vn -0.3897 0.8420 0.3730
vn -0.2810 0.7947 0.5381
vn -0.1609 0.7568 0.6335
vn -0.0000 0.7486 0.6630
vn 0.1087 0.9804 -0.1642
vn -0.4166 0.7582 0.5017
vn -0.0000 0.5447 0.8387
vn 0.5464 0.4432 0.7106
vn 0.9100 0.3984 0.1147
vn 0.3677 0.9133 -0.1752
vn 0.7572 0.6002 -0.2577
vn 0.8441 0.3399 -0.4147
vn 0.9841 0.1774 0.0030
vn 0.8618 0.3017 -0.4077
vn 0.8617 0.0231 -0.5069
vn 0.8325 -0.1884 -0.5210
vn 0.9298 -0.2561 -0.2644
vn 0.9089 -0.2425 -0.3392
vn 0.1588 0.6393 -0.7524
vn 0.9090 -0.1558 0.3865
vn 0.7103 0.2711 -0.6496
vn 0.6539 0.0634 -0.7539
vn 0.5550 0.1190 -0.8233
vn 0.8785 -0.3490 -0.3264
vn 0.9474 -0.0195 -0.3196
vn 0.8042 -0.2422 -0.5428
vn 0.8151 0.0004 -0.5793
vn 0.9467 -0.2153 0.2394
vn 0.7575 0.0088 -0.6527
vn 0.8330 0.2228 -0.5065
vn 0.9030 0.2475 -0.3513
vn 0.7937 0.3373 -0.5063
vn 0.8628 0.0334 -0.5045
vn 0.9251 0.0060 -0.3797
vn 0.9056 0.2491 -0.3432
vn -0.9100 0.3984 0.1147
vn -0.5464 0.4432 0.7106
vn -0.3678 0.9132 -0.1753
vn -0.7571 0.6003 -0.2576
vn -0.9841 0.1774 0.0030
vn -0.7275 -0.3221 0.6058
vn -0.2889 0.8701 -0.3994
vn -0.8439 0.3409 -0.4142
vn -0.8624 0.3015 -0.4067
vn -0.7111 0.2704 -0.6490
vn -0.3706 0.7281 -0.5767
vn -0.9297 -0.2553 -0.2655
vn -0.8326 -0.1879 -0.5211
vn -0.8627 0.0240 -0.5052
vn -0.6555 0.0630 -0.7526
vn -0.5553 0.1180 -0.8233
vn -0.8151 0.0004 -0.5793
vn -0.9467 -0.2153 0.2394
vn -0.9089 -0.2424 -0.3392
vn -0.8783 -0.3493 -0.3265
vn -0.1588 0.6393 -0.7524
vn -0.8042 -0.2422 -0.5428
vn -0.9474 -0.0195 -0.3196
vn -0.8330 0.2228 -0.5065
vn -0.7575 0.0088 -0.6527
vn -0.9251 0.0060 -0.3797
vn -0.9738 -0.2271 -0.0059
vn -0.8628 0.0334 -0.5045
vn -0.7937 0.3373 -0.5063
vn -0.9030 0.2475 -0.3513
vn -0.7075 -0.2823 0.6479
vn -0.4008 -0.5270 -0.7494
vn -0.3676 -0.7696 0.5221
vn -0.0213 -0.9920 0.1243
vn -0.0140 -0.8340 0.5517
vn 0.3494 -0.5320 0.7713
vn -0.4321 -0.8155 0.3851
vn 0.0091 0.0527 0.9986
vn -0.5325 0.7593 0.3741
vn -0.2200 0.7691 -0.6001
vn -0.2081 -0.6189 -0.7574
vn -0.3636 -0.7738 -0.5186
vn -0.7963 -0.3179 0.5147
vn -0.2529 0.4499 0.8565
vn -0.1172 0.5352 0.8365
vn 0.2378 0.9463 0.2190
vn 0.2263 0.3016 -0.9262
vn 0.5995 -0.1490 -0.7864
vn -0.1926 -0.8938 -0.4050
vn -0.6339 -0.6352 0.4413
vn 0.5105 -0.2427 0.8249
vn -0.0140 -0.8340 0.5516
vn 0.0090 0.0527 0.9986
vn 0.6577 0.6795 -0.3252
vn 0.8910 0.4540 0.0033
vn 0.7770 -0.5601 -0.2874
vn 0.9286 0.1698 0.3299
vn 0.4007 -0.5270 -0.7494
vn 0.7075 -0.2823 0.6479
vn 0.3676 -0.7696 0.5221
vn 0.0213 -0.9920 0.1243
vn 0.2081 -0.6189 -0.7574
vn 0.2201 0.7690 -0.6001
vn 0.5325 0.7593 0.3741
vn 0.1172 0.5352 0.8365
vn 0.0140 -0.8340 0.5516
vn 0.0140 -0.8340 0.5517
vn -0.3494 -0.5320 0.7713
vn 0.4321 -0.8155 0.3851
vn 0.3636 -0.7738 -0.5186
vn -0.2263 0.3016 -0.9262
vn -0.2378 0.9463 0.2190
vn -0.0091 0.0527 0.9986
vn 0.7963 -0.3179 0.5147
vn 0.1926 -0.8938 -0.4050
vn -0.5995 -0.1491 -0.7864
vn -0.6577 0.6795 -0.3252
vn -0.0090 0.0527 0.9986
vn 0.2529 0.4499 0.8565
vn 0.6339 -0.6352 0.4412
vn -0.7770 -0.5601 -0.2874
vn -0.8910 0.4540 0.0033
vn -0.9286 0.1698 0.3299
vn -0.5105 -0.2427 0.8249
vn -0.0525 0.0591 0.9969
vn 0.0655 -0.4111 0.9092
vn 0.3361 -0.4101 0.8479
vn 0.3508 -0.9313 -0.0980
vn 0.7285 -0.4111 0.5480
vn 0.3999 0.1458 0.9049
vn 0.2981 -0.0193 0.9543
vn -0.0713 -0.0677 0.9952
vn -0.0753 -0.0489 0.9960
vn 0.3496 -0.0880 0.9328
vn 0.3070 -0.1353 0.9420
vn -0.0695 -0.2400 0.9683
vn 0.7424 0.0699 0.6663
vn 0.7270 -0.0714 0.6829
vn 0.7484 -0.0880 0.6574
vn 0.8525 0.1262 0.5073
vn 0.7755 0.2790 0.5664
vn 0.2818 -0.1988 0.9386
vn -0.0513 -0.3937 0.9178
vn 0.8577 -0.4403 0.2656
vn 0.9334 0.0102 0.3588
vn 0.9640 -0.0961 0.2478
vn 0.9946 0.0676 0.0785
vn 0.9591 0.2704 -0.0837
vn 0.8925 0.4504 -0.0248
vn 0.3509 -0.9313 -0.0980
vn 0.8605 -0.4961 -0.1161
vn 0.9732 -0.1479 -0.1763
vn 0.9304 -0.1450 -0.3367
vn 0.8799 0.0733 -0.4695
vn 0.8401 0.1832 -0.5106
vn 0.7013 -0.5628 -0.4374
vn 0.7184 -0.3612 -0.5945
vn 0.5268 -0.4883 -0.6957
vn 0.5765 -0.3517 -0.7376
vn 0.6156 -0.1685 -0.7698
vn 0.8418 0.2979 -0.4500
vn 0.5305 -0.6503 -0.5438
vn 0.2890 -0.5437 -0.7880
vn 0.1855 -0.7320 -0.6555
vn 0.2704 -0.6730 -0.6884
vn 0.1073 -0.4765 -0.8726
vn 0.6206 -0.0602 -0.7818
vn 0.1602 -0.7851 -0.5983
vn -0.0636 -0.6498 -0.7574
vn -0.0308 -0.8664 -0.4985
vn -0.2171 -0.7851 -0.5801
vn -0.0988 -0.8946 -0.4359
vn -0.4825 -0.6885 -0.5415
vn -0.4417 -0.8252 -0.3522
vn -0.4538 -0.8327 -0.3174
vn -0.7797 -0.5489 -0.3012
vn -0.4933 -0.5320 -0.6882
vn -0.7842 -0.5810 -0.2177
vn -0.7495 -0.6611 -0.0353
vn -0.6823 -0.7310 0.0046
vn -0.8109 -0.5788 0.0862
vn -0.9198 -0.3921 -0.0135
vn -0.8695 -0.3515 -0.3469
vn -0.3484 -0.9071 -0.2362
vn -0.8918 -0.4118 0.1874
vn -0.8079 -0.4301 0.4029
vn -0.6822 -0.5821 0.4424
vn -0.7087 -0.5363 0.4585
vn 0.3508 -0.9313 -0.0979
vn -0.5185 -0.8088 0.2774
vn -0.5418 -0.1154 0.8326
vn -0.4365 -0.1908 0.8792
vn -0.4142 -0.2465 0.8762
vn -0.3301 -0.3935 0.8580
vn -0.7840 -0.3897 0.4832
vn -0.0605 -0.7556 0.6522
vn 0.0652 -0.4116 0.9090
vn -0.0753 -0.0488 0.9960
vn -0.0695 -0.2399 0.9683
vn -0.0512 -0.3937 0.9178
vn -0.4308 -0.4206 0.7984
vn -0.9066 -0.2249 0.3570
vn -0.9807 -0.1920 -0.0380
vn -0.1147 -0.3369 0.9345
vn -0.6305 -0.3359 0.6997
vn -0.8937 0.3796 0.2392
vn -0.9437 0.3252 -0.0614
vn -0.8945 -0.2582 -0.3649
vn -0.5971 -0.3890 -0.7015
vn -0.3476 0.3785 0.8579
vn -0.6870 0.5408 0.4853
vn -0.2577 0.9658 -0.0292
vn -0.8810 0.3060 -0.3609
vn -0.6324 -0.3518 -0.6901
vn -0.1359 -0.3052 -0.9425
vn 0.5690 0.1240 -0.8130
vn 0.8019 0.4718 -0.3666
vn -0.6958 0.1707 -0.6977
vn -0.0797 -0.2609 -0.9621
vn 0.2836 0.5992 -0.7487
vn 0.5238 0.7992 -0.2949
vn 0.4853 0.8743 -0.0066
vn 0.7814 0.6237 -0.0212
vn -0.2390 0.5779 -0.7803
vn 0.3366 0.8297 0.4454
vn 0.7107 0.4530 0.5383
vn 0.2905 -0.0401 0.9560
vn 0.1121 0.5670 0.8161
vn -0.3476 0.3784 0.8579
vn -0.4729 -0.3105 -0.8246
vn -0.9348 0.2483 -0.2538
vn -0.9460 0.1143 -0.3035
vn -0.6313 0.7731 0.0616
vn -0.6619 0.6740 0.3281
vn -0.8831 0.2140 -0.4175
vn -0.3953 0.7118 -0.5805
vn -0.5347 -0.7394 -0.4091
vn -0.5418 -0.8259 -0.1560
vn -0.9126 0.2195 -0.3450
vn -0.2654 0.9523 -0.1506
vn 0.2199 0.8914 0.3964
vn 0.0860 0.8160 0.5716
vn 0.2950 0.9409 0.1664
vn -0.8835 -0.2549 -0.3931
vn -0.4074 0.6053 -0.6839
vn 0.6363 0.7670 -0.0826
vn 0.4267 0.8779 0.2171
vn 0.8347 0.3102 0.4551
vn 0.8609 0.3812 0.3369
vn -0.4701 -0.8678 -0.1611
vn -0.8902 -0.4191 -0.1787
vn -0.7411 -0.6368 -0.2128
vn -0.5115 -0.6214 -0.5935
vn 0.1562 -0.6427 -0.7500
vn 0.6865 -0.1796 -0.7046
vn -0.4762 -0.8765 -0.0710
vn -0.8199 -0.2014 0.5358
vn -0.6530 -0.7087 0.2671
vn -0.6552 -0.7518 -0.0741
vn -0.4475 -0.6463 -0.6181
vn -0.0647 -0.2161 -0.9742
vn 0.5394 -0.3169 -0.7801
vn -0.4125 -0.7457 0.5233
vn 0.3256 -0.0158 0.9454
vn 0.3402 -0.5504 0.7624
vn -0.4758 -0.6581 0.5835
vn -0.7798 0.5683 0.2625
vn -0.8323 0.5367 -0.1387
vn -0.5298 0.7770 -0.3400
vn 0.2755 -0.5886 0.7601
vn 0.8932 -0.0019 0.4497
vn 0.8561 -0.4175 0.3046
vn 0.8519 -0.3515 0.3882
vn 0.3997 -0.3235 0.8576
vn -0.1551 0.7110 0.6859
vn 0.9413 0.1074 0.3200
vn 0.9763 -0.2047 -0.0706
vn 0.9018 -0.4025 -0.1573
vn 0.4348 0.8858 0.1622
vn 0.4090 0.8158 0.4089
vn -0.1751 0.9845 0.0083
vn 0.5978 -0.7527 0.2758
vn 0.8215 0.3612 0.4411
vn 0.4448 0.8382 -0.3156
vn 0.8099 -0.5805 0.0842
vn 0.8770 -0.3018 -0.3738
vn 0.9015 0.0015 -0.4329
vn 0.8256 0.5580 0.0839
vn -0.2574 0.9628 0.0821
vn -0.2398 0.9637 0.1177
vn -0.1694 0.9828 0.0735
vn -0.2036 0.8060 -0.5558
vn -0.3611 0.9316 0.0419
vn -0.3411 0.9331 0.1135
vn -0.2110 0.9774 -0.0101
vn -0.2849 0.9581 -0.0306
vn -0.0658 -0.4106 0.9094
vn 0.0525 0.0593 0.9969
vn -0.3361 -0.4098 0.8480
vn -0.3999 0.1460 0.9048
vn -0.7284 -0.4111 0.5482
vn -0.3507 -0.9314 -0.0977
vn -0.2981 -0.0192 0.9543
vn -0.7424 0.0700 0.6662
vn -0.8575 -0.4403 0.2660
vn -0.3507 -0.9314 -0.0976
vn 0.0713 -0.0676 0.9952
vn 0.0753 -0.0490 0.9960
vn -0.3756 -0.0956 0.9218
vn -0.7270 -0.0714 0.6829
vn -0.9333 0.0102 0.3590
vn -0.8603 -0.4964 -0.1158
vn -0.2662 -0.1372 0.9541
vn -0.8164 0.0942 0.5697
vn -0.7911 -0.0865 0.6055
vn -0.9640 -0.0961 0.2479
vn -0.9732 -0.1478 -0.1762
vn -0.7012 -0.5631 -0.4374
vn 0.0695 -0.2401 0.9683
vn -0.2818 -0.1991 0.9386
vn -0.7472 0.1879 0.6375
vn -0.8422 0.5378 -0.0384
vn -0.9591 0.2703 -0.0836
vn -0.9946 0.0675 0.0784
vn -0.9304 -0.1449 -0.3367
vn 0.0511 -0.3941 0.9176
vn -0.2906 -0.0406 0.9560
vn -0.7527 0.4814 0.4490
vn -0.7777 0.6188 -0.1106
vn -0.8352 0.3413 -0.4313
vn -0.8400 0.1833 -0.5106
vn -0.8799 0.0735 -0.4695
vn 0.1146 -0.3374 0.9344
vn -0.1121 0.5668 0.8162
vn -0.3366 0.8296 0.4454
vn -0.5955 0.8031 -0.0217
vn -0.8340 0.4379 -0.3356
vn -0.6204 -0.0601 -0.7820
vn -0.6154 -0.1684 -0.7700
vn 0.3474 0.3783 0.8580
vn 0.2577 0.9658 -0.0292
vn -0.5236 0.7993 -0.2948
vn -0.5688 0.1244 -0.8130
vn 0.1361 -0.3051 -0.9425
vn -0.1070 -0.4764 -0.8727
vn -0.2702 -0.6730 -0.6885
vn -0.5764 -0.3518 -0.7376
vn -0.2835 0.5995 -0.7485
vn 0.0798 -0.2605 -0.9622
vn 0.6324 -0.3517 -0.6902
vn 0.5972 -0.3890 -0.7015
vn 0.4934 -0.5319 -0.6882
vn 0.2172 -0.7851 -0.5801
vn 0.2407 0.5775 -0.7801
vn 0.6959 0.1709 -0.6975
vn 0.8810 0.3061 -0.3608
vn 0.8945 -0.2583 -0.3649
vn 0.8695 -0.3516 -0.3469
vn 0.7798 -0.5489 -0.3011
vn 0.9437 0.3250 -0.0614
vn 0.9806 -0.1923 -0.0380
vn 0.9198 -0.3922 -0.0134
vn 0.8108 -0.5790 0.0863
vn 0.6823 -0.7311 0.0048
vn 0.4539 -0.8327 -0.3173
vn 0.8937 0.3794 0.2394
vn 0.9065 -0.2254 0.3571
vn 0.7838 -0.3900 0.4833
vn 0.7085 -0.5364 0.4585
vn 0.6822 -0.5822 0.4423
vn 0.7495 -0.6611 -0.0351
vn 0.4418 -0.8252 -0.3519
vn 0.6303 -0.3365 0.6996
vn 0.4306 -0.4211 0.7983
vn 0.3300 -0.3936 0.8580
vn 0.4142 -0.2466 0.8762
vn 0.8079 -0.4300 0.4030
vn 0.6870 0.5406 0.4855
vn 0.3477 0.3781 0.8580
vn 0.1145 -0.3374 0.9344
vn 0.0510 -0.3941 0.9177
vn 0.0754 -0.0490 0.9959
vn 0.4365 -0.1908 0.8793
vn 0.5418 -0.1150 0.8326
vn 0.8919 -0.4116 0.1876
vn 0.7843 -0.5810 -0.2175
vn -0.0657 -0.4106 0.9095
vn 0.0600 -0.7552 0.6528
vn 0.5187 -0.8086 0.2775
vn 0.3486 -0.9070 -0.2361
vn 0.0990 -0.8947 -0.4356
vn 0.4826 -0.6885 -0.5413
vn -0.5268 -0.4884 -0.6957
vn -0.7184 -0.3612 -0.5945
vn -0.5303 -0.6505 -0.5437
vn -0.1854 -0.7322 -0.6554
vn -0.2889 -0.5438 -0.7879
vn -0.1600 -0.7853 -0.5981
vn 0.0638 -0.6500 -0.7573
vn 0.0309 -0.8664 -0.4983
vn 0.4737 -0.3105 -0.8242
vn 0.4518 -0.2121 -0.8665
vn 0.9342 0.2500 -0.2545
vn 0.8828 0.2153 -0.4174
vn 0.6604 0.6761 0.3267
vn 0.6292 0.7752 0.0568
vn 0.9457 0.1153 -0.3039
vn 0.5366 -0.7394 -0.4066
vn 0.5431 -0.8255 -0.1538
vn 0.0553 -0.0499 -0.9972
vn 0.3942 0.7123 -0.5807
vn -0.2966 0.9405 0.1658
vn -0.0881 0.8171 0.5697
vn -0.2224 0.8930 0.3913
vn 0.2629 0.9524 -0.1543
vn 0.9121 0.2206 -0.3455
vn -0.6079 0.0736 -0.7906
vn -0.8266 0.5566 0.0832
vn -0.8620 0.3799 0.3355
vn -0.8354 0.3102 0.4538
vn -0.4284 0.8780 0.2136
vn -0.6367 0.7666 -0.0834
vn 0.4070 0.6048 -0.6845
vn -0.9013 -0.0002 -0.4331
vn -0.8764 -0.3039 -0.3735
vn -0.8087 -0.5818 0.0865
vn -0.5966 -0.7528 0.2782
vn -0.8217 0.3618 0.4403
vn -0.9413 0.1074 0.3199
vn -0.9762 -0.2050 -0.0705
vn -0.6864 -0.1801 -0.7045
vn -0.6235 -0.7451 0.2368
vn -0.8932 -0.0019 0.4496
vn -0.8561 -0.4175 0.3047
vn -0.9017 -0.4027 -0.1572
vn -0.5393 -0.3174 -0.7800
vn -0.1560 -0.6430 -0.7498
vn -0.3257 -0.0155 0.9453
vn -0.3402 -0.5502 0.7626
vn -0.8519 -0.3515 0.3883
vn -0.4349 0.8858 0.1618
vn -0.4450 0.8380 -0.3159
vn 0.4126 -0.7454 0.5237
vn 0.8199 -0.2010 0.5360
vn 0.6531 -0.7085 0.2674
vn 0.4759 -0.6578 0.5838
vn -0.3997 -0.3232 0.8578
vn -0.4091 0.8159 0.4086
vn 0.8903 -0.4190 -0.1785
vn 0.7412 -0.6368 -0.2125
vn 0.6553 -0.7517 -0.0738
vn 0.7797 0.5686 0.2623
vn 0.1549 0.7113 0.6856
vn 0.4705 -0.8677 -0.1606
vn 0.8836 -0.2548 -0.3929
vn 0.5116 -0.6215 -0.5932
vn 0.4477 -0.6465 -0.6178
vn 0.8321 0.5369 -0.1389
vn 0.2847 0.9581 -0.0310
vn 0.1749 0.9846 0.0079
vn 0.0648 -0.2164 -0.9742
vn 0.5296 0.7770 -0.3403
vn 0.2108 0.9775 -0.0104
vn 0.1692 0.9829 0.0731
vn 0.2034 0.8058 -0.5561
vn 0.3609 0.9317 0.0416
vn 0.3410 0.9332 0.1132
vn 0.2396 0.9638 0.1173
vn 0.2572 0.9629 0.0817
vn -0.5541 -0.7286 -0.4027
vn -0.7652 -0.5974 -0.2401
vn -0.7538 -0.6571 0.0067
vn -0.4306 -0.7437 0.5114
vn -0.9027 -0.4047 0.1461
vn -0.7314 -0.2275 -0.6428
vn -0.8252 -0.4615 -0.3257
vn -0.7645 -0.5929 0.2529
vn -0.3047 -0.2665 0.9144
vn -0.4196 -0.0267 0.9073
vn -0.5957 0.2519 0.7627
vn -0.9369 0.3161 -0.1491
vn -0.5999 -0.3846 0.7015
vn -0.6451 -0.2694 0.7150
vn -0.6850 -0.0993 0.7217
vn -0.8163 -0.0842 0.5715
vn -0.9653 0.0264 0.2596
vn 0.0705 -0.9723 -0.2230
vn 0.1017 -0.9151 -0.3901
vn 0.0085 -0.9562 -0.2926
vn -0.0031 -0.9218 -0.3877
vn -0.0719 -0.9508 -0.3012
vn -0.1216 -0.9353 -0.3323
vn -0.1435 -0.9638 -0.2246
vn -0.2069 -0.9302 -0.3033
vn -0.0970 -0.9850 -0.1426
vn 0.1381 -0.9653 -0.2216
vn 0.2019 -0.9343 -0.2939
vn 0.0010 -0.9974 0.0725
vn -0.2901 -0.9260 -0.2415
vn -0.0009 -0.9963 -0.0854
vn -0.2528 -0.9566 -0.1450
vn -0.3954 -0.9146 0.0846
vn -0.1821 -0.9829 -0.0262
vn 0.0947 -0.9861 -0.1367
vn 0.2825 -0.9329 -0.2235
vn -0.0024 -0.9964 -0.0849
vn 0.2426 -0.9608 -0.1341
vn 0.3898 -0.9147 0.1066
vn 0.1803 -0.9835 -0.0139
vn 0.2104 -0.9662 0.1487
vn 0.2172 -0.9226 0.3187
vn 0.2632 -0.8688 0.4194
vn 0.1861 -0.8729 0.4511
vn 0.2403 -0.7303 0.6394
vn 0.1124 -0.9081 0.4034
vn 0.0461 -0.9065 0.4198
vn 0.0310 -0.8491 0.5274
vn 0.0704 -0.7357 0.6736
vn -0.0008 -0.6686 0.7437
vn -0.0679 -0.7310 0.6790
vn -0.2014 -0.7242 0.6595
vn -0.3059 -0.8193 0.4850
vn -0.0018 -0.8780 0.4786
vn 0.0030 -0.8960 0.4440
vn -0.0035 -0.8278 0.5610
vn -0.0358 -0.8366 0.5466
vn -0.0566 -0.8942 0.4440
vn -0.1653 -0.8609 0.4812
vn -0.1242 -0.9091 0.3975
vn -0.2267 -0.9255 0.3034
vn -0.2058 -0.9691 0.1358
vn -0.1168 -0.7079 0.6966
vn 0.0010 -0.4822 0.8760
vn -0.1422 0.2967 0.9443
vn -0.3311 0.4649 0.8211
vn -0.2903 -0.6378 0.7134
vn -0.5306 -0.5235 0.6666
vn 0.1233 -0.7082 0.6952
vn 0.1493 0.2855 0.9467
vn 0.0002 0.5326 0.8464
vn -0.1300 0.7805 0.6115
vn -0.2858 0.8039 0.5215
vn -0.5030 0.5554 0.6622
vn 0.2985 -0.6410 0.7072
vn 0.3466 0.4487 0.8238
vn 0.1304 0.7580 0.6391
vn -0.0017 0.7774 0.6290
vn -0.0192 0.6155 0.7879
vn -0.2962 0.6181 0.7282
vn 0.5206 -0.5281 0.6709
vn 0.5121 0.5341 0.6727
vn 0.3136 0.7680 0.5584
vn 0.2038 0.6074 0.7678
vn 0.7642 -0.4509 0.4612
vn 0.6081 0.6265 0.4875
vn 0.4220 0.7461 0.5150
vn 0.3771 0.6512 0.6586
vn 0.3417 0.4139 0.8437
vn 0.1095 0.4218 0.9001
vn 0.6502 -0.7553 0.0825
vn 0.8049 0.5551 0.2095
vn 0.6411 0.7364 0.2161
vn 0.5441 0.7182 0.4337
vn 0.4934 0.6159 0.6141
vn 0.4679 0.3395 0.8160
vn -0.2528 -0.9566 -0.1451
vn -0.1821 -0.9829 -0.0261
vn 0.7697 -0.6382 -0.0153
vn 0.8349 0.5358 -0.1261
vn 0.6186 0.7837 -0.0558
vn 0.8205 0.5716 -0.0069
vn 0.8036 0.5422 0.2454
vn 0.6733 0.5915 0.4436
vn 0.6513 -0.7324 -0.1983
vn 0.8013 0.3547 -0.4818
vn 0.4885 0.8155 -0.3104
vn 0.6919 0.5866 -0.4210
vn 0.8807 0.4090 -0.2387
vn 0.9055 0.4148 0.0898
vn 0.5653 -0.7423 -0.3597
vn 0.5988 0.4589 -0.6564
vn 0.4101 0.7379 -0.5360
vn 0.5757 0.4747 -0.6657
vn 0.7406 0.3096 -0.5964
vn -0.1243 -0.9091 0.3976
vn 0.5144 -0.7341 -0.4433
vn 0.4819 0.4562 -0.7481
vn 0.3483 0.7249 -0.5943
vn 0.5241 0.5376 -0.6605
vn 0.6356 0.3208 -0.7023
vn 0.4541 -0.7209 -0.5235
vn 0.4158 0.4465 -0.7923
vn 0.3044 0.7038 -0.6418
vn 0.4830 0.4861 -0.7283
vn 0.4742 0.4339 -0.7661
vn 0.6229 0.4577 -0.6344
vn 0.4134 -0.7103 -0.5696
vn 0.3390 0.4131 -0.8452
vn 0.2749 0.6349 -0.7220
vn 0.3465 0.4775 -0.8074
vn 0.3969 0.3424 -0.8516
vn 0.4498 0.4851 -0.7499
vn 0.3042 -0.7149 -0.6296
vn 0.1904 0.4187 -0.8879
vn 0.0914 0.6697 -0.7370
vn 0.1356 0.5007 -0.8549
vn 0.2110 0.3647 -0.9069
vn 0.1266 -0.7117 -0.6910
vn 0.0758 0.4448 -0.8924
vn 0.0419 0.7013 -0.7117
vn 0.0109 0.5064 -0.8622
vn 0.0431 0.3633 -0.9307
vn 0.0029 -0.8960 0.4440
vn -0.0005 -0.5987 -0.8009
vn 0.0019 0.5881 -0.8088
vn 0.0013 0.7128 -0.7013
vn 0.0082 0.5468 -0.8372
vn 0.0279 0.3883 -0.9211
vn -0.1500 -0.5575 -0.8165
vn -0.0788 0.4440 -0.8926
vn -0.0397 0.6994 -0.7136
vn -0.0010 0.4986 -0.8668
vn -0.0143 0.3650 -0.9309
vn 0.0101 0.1849 -0.9827
vn -0.3126 -0.7079 -0.6334
vn -0.1990 0.4194 -0.8857
vn -0.0980 0.6670 -0.7386
vn -0.1149 0.4773 -0.8712
vn -0.1692 0.3786 -0.9100
vn -0.0480 0.1524 -0.9871
vn -0.4355 -0.7003 -0.5656
vn -0.3556 0.4139 -0.8380
vn -0.2753 0.6065 -0.7459
vn -0.3282 0.4726 -0.8179
vn -0.4229 0.3683 -0.8280
vn -0.1727 0.1386 -0.9752
vn 0.0460 -0.9065 0.4198
vn -0.4791 -0.7101 -0.5159
vn -0.4398 0.4507 -0.7768
vn -0.3704 0.6399 -0.6733
vn -0.4730 0.4704 -0.7450
vn -0.5091 0.4422 -0.7385
vn -0.5161 -0.7274 -0.4523
vn -0.4927 0.4617 -0.7376
vn -0.3617 0.7057 -0.6093
vn -0.4976 0.5007 -0.7083
vn -0.5350 0.4690 -0.7027
vn -0.5751 -0.7402 -0.3484
vn -0.5992 0.4593 -0.6558
vn -0.4349 0.7012 -0.5650
vn -0.5942 0.5322 -0.6031
vn -0.6712 0.4045 -0.6212
vn -0.6492 -0.7252 -0.2294
vn -0.7880 0.3623 -0.4977
vn -0.5212 0.7714 -0.3652
vn -0.7372 0.5757 -0.3537
vn -0.8518 0.4000 -0.3383
vn -0.6288 0.4615 -0.6258
vn 0.2105 -0.9662 0.1487
vn -0.7719 -0.6321 -0.0685
vn -0.8222 0.5365 -0.1900
vn -0.6143 0.7838 -0.0914
vn -0.8026 0.5935 -0.0604
vn -0.9142 0.4045 -0.0242
vn -0.8137 0.4899 -0.3129
vn -0.6545 -0.7547 0.0457
vn -0.8087 0.5654 0.1623
vn -0.6392 0.7473 0.1815
vn -0.8022 0.5632 0.1984
vn -0.7844 -0.4491 0.4278
vn -0.6095 0.6480 0.4567
vn -0.5284 0.7486 0.4006
vn -0.6428 0.6301 0.4356
vn -0.8065 0.3667 0.4637
vn -0.8915 0.3998 0.2131
vn -0.3964 0.7824 0.4803
vn -0.4445 0.6883 0.5733
vn -0.5933 0.3954 0.7011
vn -0.5719 0.3750 0.7296
vn -0.7462 0.5143 0.4227
vn -0.8464 0.5035 0.1736
vn -0.3019 0.7523 0.5855
vn -0.3991 0.3632 0.8419
vn -0.3470 0.3255 0.8796
vn -0.4190 0.5322 0.7356
vn -0.5335 0.5371 0.6533
vn -0.7125 0.5505 0.4351
vn -0.4005 0.3537 0.8453
vn -0.3893 0.3434 0.8547
vn -0.4001 0.4654 0.7895
vn -0.4876 0.3102 0.8161
vn -0.6785 0.3658 0.6371
vn -0.1156 0.4144 0.9027
vn -0.2889 0.3877 0.8754
vn -0.2100 0.1990 0.9572
vn -0.5855 0.1486 0.7969
vn -0.7812 0.2429 0.5750
vn -0.8221 0.4022 0.4030
vn -0.0116 0.4172 0.9087
vn -0.0163 0.3696 0.9290
vn -0.0111 0.2452 0.9694
vn -0.0049 0.1391 0.9903
vn -0.0879 0.0967 0.9914
vn -0.4576 0.0269 0.8887
vn 0.2775 0.3883 0.8788
vn 0.1967 0.2115 0.9574
vn 0.0861 0.1058 0.9907
vn -0.0005 0.1109 0.9938
vn -0.0267 0.1202 0.9924
vn -0.2824 0.0773 0.9562
vn 0.2919 0.4372 0.8507
vn 0.3916 0.4686 0.7919
vn 0.4794 0.3337 0.8117
vn 0.5910 0.1566 0.7913
vn 0.4540 0.0463 0.8898
vn 0.3489 0.4211 0.8372
vn 0.3881 0.5459 0.7425
vn 0.5101 0.5715 0.6428
vn 0.6700 0.3925 0.6301
vn 0.7847 0.2465 0.5688
vn 0.7355 -0.0523 0.6755
vn 0.5073 0.4189 0.7531
vn 0.7733 0.4446 0.4520
vn 0.6900 0.5789 0.4345
vn 0.8063 0.4224 0.4141
vn 0.8773 0.3065 0.3693
vn 0.9014 -0.1422 0.4089
vn 0.6641 0.3117 0.6796
vn 0.8166 0.3871 0.4282
vn 0.8958 0.3572 0.2644
vn 0.8352 0.5035 0.2212
vn 0.7871 0.5881 0.1859
vn 0.8918 0.4149 0.1802
vn 0.8460 0.5332 0.0025
vn 0.8004 0.5992 -0.0171
vn 0.9067 0.4199 -0.0400
vn 0.9338 0.3259 0.1474
vn 0.9758 0.0916 0.1984
vn 0.8266 0.4869 -0.2822
vn 0.7494 0.5904 -0.2998
vn 0.8486 0.3979 -0.3487
vn 0.9521 0.3000 -0.0587
vn 0.9944 -0.0542 -0.0902
vn 0.6489 -0.7338 0.2010
vn 0.6147 0.5036 -0.6071
vn 0.6680 0.2713 -0.6929
vn 0.9212 0.2104 -0.3272
vn 0.9007 0.0176 -0.4341
vn 0.8291 -0.2790 -0.4844
vn 0.7816 -0.5874 -0.2100
vn 0.4078 0.0626 -0.9109
vn 0.7534 0.0972 -0.6503
vn 0.6198 -0.0028 -0.7848
vn 0.7499 -0.0369 -0.6605
vn 0.8074 -0.0550 -0.5874
vn 0.1883 0.1079 -0.9762
vn 0.1711 0.0326 -0.9847
vn 0.2973 0.0141 -0.9547
vn 0.0530 0.1322 -0.9898
vn 0.0678 0.0267 -0.9973
vn 0.1558 0.0609 -0.9859
vn 0.3111 -0.0100 -0.9503
vn 0.4046 0.0583 -0.9126
vn -0.0021 0.0244 -0.9997
vn -0.0001 0.1190 -0.9929
vn 0.0762 0.1234 -0.9894
vn -0.0079 -0.0623 -0.9980
vn 0.3855 -0.0812 -0.9191
vn 0.5434 0.1793 -0.8201
vn -0.0685 0.0246 -0.9973
vn -0.0766 0.1234 -0.9894
vn 0.0371 0.0883 -0.9954
vn -0.0001 0.0174 -0.9998
vn -0.0375 0.0884 -0.9954
vn -0.1711 0.0304 -0.9848
vn -0.1560 0.0612 -0.9859
vn 0.0076 -0.0618 -0.9981
vn 0.0519 0.0855 -0.9950
vn -0.0001 0.6439 -0.7651
vn -0.0522 0.0855 -0.9950
vn -0.4169 0.0830 -0.9051
vn -0.2965 0.0134 -0.9549
vn -0.3105 -0.0098 -0.9505
vn -0.3852 -0.0806 -0.9193
vn -0.1166 0.1217 -0.9857
vn -0.6945 0.2734 -0.6656
vn -0.7593 0.0836 -0.6454
vn -0.6203 -0.0061 -0.7843
vn -0.4040 0.0591 -0.9128
vn -0.5433 0.1799 -0.8200
vn -0.5219 0.2859 -0.8037
vn -0.4856 0.4905 -0.7236
vn -0.6241 0.5326 -0.5717
vn -0.8546 0.3775 -0.3567
vn -0.9266 0.1896 -0.3247
vn -0.9016 0.0110 -0.4325
vn -0.7504 -0.0353 -0.6600
vn -0.7852 0.5569 -0.2708
vn -0.9067 0.4162 -0.0677
vn -0.9571 0.2822 -0.0658
vn -0.9938 -0.0660 -0.0894
vn -0.8288 -0.2806 -0.4842
vn -0.8084 -0.0527 -0.5863
vn -0.8549 0.5180 -0.0276
vn -0.8465 0.5317 -0.0260
vn -0.8960 0.4097 0.1715
vn -0.9389 0.3154 0.1376
vn -0.9772 0.0824 0.1955
vn -0.8188 0.5441 0.1830
vn -0.8829 0.3015 0.3601
vn -0.9021 -0.1457 0.4063
vn -0.6465 -0.7360 0.2009
vn -0.7811 -0.5885 -0.2087
vn -0.4153 -0.7150 0.5624
vn -0.6196 -0.2144 0.7550
vn -0.3786 -0.3004 0.8755
vn -0.2764 0.2609 0.9250
vn -0.2293 0.2011 0.9524
vn -0.2213 0.6906 0.6886
vn -0.2625 0.6497 0.7134
vn -0.7313 -0.0594 0.6795
vn -0.4533 0.0245 0.8910
vn -0.2475 0.3406 0.9070
vn -0.0659 0.7733 0.6306
vn 0.0381 0.9833 0.1780
vn -0.3244 0.9207 0.2169
vn -0.4492 0.8811 0.1479
vn -0.2046 0.3128 0.9275
vn -0.1893 0.5356 0.8230
vn -0.7610 -0.1119 -0.6390
vn -0.6302 0.0648 -0.7737
vn -0.3230 0.2479 -0.9134
vn -0.4102 0.4963 -0.7651
vn -0.6896 0.1561 -0.7072
vn -0.2530 0.4557 -0.8534
vn -0.1866 0.7185 -0.6700
vn -0.4245 0.7648 -0.4846
vn -0.5757 0.4543 -0.6799
vn -0.3224 0.3713 -0.8708
vn -0.6584 0.0388 -0.7516
vn -0.7397 0.2633 -0.6193
vn -0.5937 0.5375 -0.5989
vn -0.6578 0.6907 -0.3003
vn -0.1061 0.9473 -0.3023
vn -0.3801 0.9180 -0.1130
vn -0.7244 0.5786 -0.3748
vn -0.4456 0.5210 -0.7280
vn -0.2610 0.4043 -0.8766
vn -0.6040 0.6755 -0.4230
vn -0.4398 0.8624 0.2507
vn -0.8352 0.5485 0.0401
vn -0.7292 0.5449 -0.4139
vn -0.3329 0.6073 -0.7214
vn -0.0529 0.6870 -0.7247
vn -0.5526 0.6390 0.5351
vn -0.6649 0.5843 0.4653
vn -0.7831 0.5572 0.2763
vn -0.8756 0.3687 0.3122
vn -0.9249 0.3802 0.0045
vn -0.6203 0.5961 -0.5097
vn -0.4265 0.2934 0.8556
vn -0.5445 0.3569 0.7590
vn -0.4205 0.6165 0.6657
vn -0.6860 0.5493 0.4771
vn -0.6553 0.5156 0.5519
vn -0.8793 0.3646 0.3064
vn -0.2296 0.0258 0.9729
vn -0.2988 0.1620 0.9405
vn -0.2044 0.5945 0.7777
vn -0.2123 0.6214 0.7542
vn -0.4050 0.6391 0.6539
vn -0.0968 0.3786 0.9205
vn -0.0000 0.0393 0.9992
vn -0.0000 -0.1726 0.9850
vn -0.0000 0.5760 0.8174
vn -0.0000 0.6098 0.7925
vn -0.0606 0.2290 0.9715
vn -0.0001 0.3019 0.9533
vn 0.0967 0.3786 0.9205
vn 0.2295 0.0260 0.9730
vn 0.2986 0.1620 0.9405
vn 0.2043 0.5944 0.7778
vn -0.0000 0.1821 0.9833
vn 0.0605 0.2289 0.9716
vn 0.2047 0.3128 0.9275
vn 0.1896 0.5355 0.8229
vn 0.4266 0.2933 0.8556
vn 0.5444 0.3570 0.7590
vn 0.0265 0.1212 0.9923
vn 0.2825 0.0784 0.9561
vn 0.4536 0.0244 0.8909
vn 0.2473 0.3407 0.9071
vn 0.0657 0.7736 0.6303
vn 0.5528 0.6389 0.5350
vn 0.6199 -0.2136 0.7551
vn 0.2757 0.2614 0.9250
vn 0.2214 0.6907 0.6884
vn -0.0386 0.9833 0.1777
vn 0.4399 0.8623 0.2506
vn 0.6650 0.5842 0.4654
vn 0.4160 -0.7140 0.5631
vn 0.3780 -0.3006 0.8756
vn 0.1927 0.2498 0.9489
vn 0.3120 0.6717 0.6720
vn 0.3238 0.9209 0.2171
vn 0.4498 0.8807 0.1487
vn 0.6575 0.6917 -0.2987
vn 0.1055 0.9474 -0.3023
vn 0.3794 0.9183 -0.1132
vn 0.6043 0.6761 -0.4216
vn 0.7389 0.2656 -0.6192
vn 0.5928 0.5390 -0.5984
vn 0.1861 0.7191 -0.6695
vn 0.4239 0.7655 -0.4840
vn 0.7242 0.5792 -0.3743
vn 0.8351 0.5486 0.0403
vn 0.7831 0.5572 0.2763
vn 0.6889 0.1554 -0.7080
vn 0.2524 0.4556 -0.8536
vn 0.4085 0.4974 -0.7653
vn 0.5736 0.4562 -0.6803
vn 0.4442 0.5223 -0.7279
vn 0.7293 0.5450 -0.4136
vn 0.6564 0.0386 -0.7534
vn 0.7588 -0.1143 -0.6412
vn 0.6293 0.0627 -0.7746
vn 0.3229 0.2466 -0.9137
vn 0.5219 0.2857 -0.8037
vn 0.3223 0.3718 -0.8706
vn 0.1166 0.1216 -0.9857
vn 0.2610 0.4047 -0.8764
vn 0.3329 0.6078 -0.7209
vn 0.0527 0.6873 -0.7245
vn 0.0301 0.7827 -0.6216
vn 0.6198 0.5969 -0.5094
vn 0.9249 0.3801 0.0046
vn 0.8755 0.3688 0.3123
vn -0.1225 0.9134 -0.3881
vn -0.2292 0.8596 -0.4567
vn -0.2464 0.8544 -0.4574
vn 0.2560 0.8047 -0.5356
vn 0.8767 0.4584 -0.1457
vn 0.8792 0.3648 0.3065
vn -0.0000 0.9731 -0.2304
vn 0.1233 0.9136 -0.3876
vn 0.2279 0.8592 -0.4580
vn -0.0316 0.7819 -0.6226
vn 0.2507 0.8544 -0.4552
vn -0.2540 0.8055 -0.5354
vn 0.2457 0.8992 -0.3621
vn -0.4281 0.8641 -0.2649
vn 0.3272 0.8965 -0.2988
vn -0.8770 0.4579 -0.1455
vn -0.4037 0.9146 0.0252
vn -0.2167 0.9624 0.1640
vn 0.3449 0.8640 -0.3667
vn 0.0129 0.9999 0.0056
vn 0.3040 0.8512 -0.4278
vn 0.2252 0.8390 -0.4953
vn -0.0366 0.9932 0.1106
vn -0.0000 0.8345 -0.5511
vn 0.0002 0.9016 0.4326
vn 0.0366 0.9932 0.1105
vn -0.2252 0.8389 -0.4955
vn -0.0131 0.9999 0.0052
vn -0.3041 0.8511 -0.4280
vn 0.2122 0.6213 0.7543
vn 0.4048 0.6392 0.6539
vn 0.4205 0.6165 0.6657
vn 0.6859 0.5493 0.4772
vn 0.6551 0.5158 0.5520
vn 0.2162 0.9625 0.1636
vn -0.3452 0.8638 -0.3671
vn 0.4041 0.9144 0.0251
vn -0.3259 0.8969 -0.2989
vn 0.4303 0.8630 -0.2648
vn -0.2396 0.9002 -0.3636
vn 0.0001 0.9266 -0.3760
vn 0.3449 0.8640 -0.3668
vn 0.3038 0.8514 -0.4275
vn 0.2250 0.8393 -0.4949
vn -0.0000 0.8348 -0.5506
vn -0.2250 0.8392 -0.4951
vn -0.3039 0.8513 -0.4277
vn -0.3451 0.8638 -0.3670
vn -0.3269 0.8965 -0.2990
vn -0.2425 0.8997 -0.3629
vn -0.2492 0.8546 -0.4557
vn -0.2414 0.8603 -0.4490
vn -0.1238 0.9140 -0.3863
vn 0.1240 0.9139 -0.3865
vn 0.2401 0.8600 -0.4502
vn 0.2488 0.8546 -0.4558
vn 0.2433 0.8996 -0.3626
vn 0.3269 0.8965 -0.2989
vn 0.5540 -0.7286 -0.4028
vn 0.7314 -0.2276 -0.6428
vn 0.9027 -0.4047 0.1461
vn 0.4306 -0.7438 0.5113
vn 0.3047 -0.2665 0.9144
vn 0.8634 -0.3182 -0.3915
vn 0.9369 0.3161 -0.1491
vn 0.5957 0.2519 0.7627
vn 0.4196 -0.0267 0.9073
vn 0.9850 -0.0444 -0.1670
vn 0.8163 -0.0842 0.5715
vn 0.9144 0.3947 0.0896
vn 0.1913 -0.6694 0.7178
vn 0.0932 -0.4039 0.9101
vn 0.8013 0.5638 0.2002
vn -0.0169 0.4344 -0.9006
vn -0.0527 0.5919 -0.8043
vn 0.9710 0.0092 -0.2388
vn -0.1490 -0.9679 0.2025
vn 0.3794 -0.5433 -0.7490
vn -0.5571 -0.8122 0.1734
vn -0.1005 -0.1261 0.9869
vn 0.5587 0.8199 0.1250
vn 0.0306 0.6420 -0.7661
vn -0.8817 -0.4707 -0.0311
vn -0.8554 -0.4971 -0.1455
vn -0.9677 -0.2520 0.0108
vn -0.2669 0.9100 -0.3172
vn -0.6000 0.2689 0.7534
vn 0.4445 0.8493 -0.2849
vn 0.7537 0.4249 -0.5014
vn -0.0741 0.4701 -0.8795
vn -0.9785 -0.1929 -0.0725
vn 0.0858 0.9707 -0.2244
vn 0.8135 0.1559 -0.5602
vn 0.7136 -0.2111 -0.6680
vn 0.9442 0.0235 -0.3284
vn 0.9165 0.3955 0.0604
vn -0.8748 0.2427 0.4193
vn 0.0157 0.9576 -0.2878
vn 0.9206 0.0938 -0.3791
vn 0.8369 -0.0259 -0.5468
vn 0.7374 -0.0664 -0.6722
vn 0.6514 0.4929 -0.5768
vn 0.8595 0.4754 -0.1877
vn -0.9659 0.1101 0.2343
vn -0.0463 0.9085 -0.4154
vn 0.9460 0.2202 -0.2380
vn 0.9531 0.0012 -0.3025
vn 0.6414 0.5968 -0.4821
vn 0.6367 0.5249 -0.5650
vn -0.9982 -0.0295 0.0527
vn -0.1030 0.7466 -0.6572
vn 0.9322 0.3026 -0.1988
vn 0.9103 0.3210 -0.2613
vn 0.6352 0.6582 -0.4040
vn 0.4352 0.7642 -0.4760
vn -0.9511 -0.2858 -0.1169
vn -0.0463 0.4291 -0.9021
vn 0.7838 0.4113 -0.4652
vn 0.9397 0.3004 -0.1634
vn 0.6364 0.6679 -0.3858
vn 0.2555 0.8328 -0.4910
vn 0.1596 0.8600 -0.4847
vn -0.7589 -0.6389 -0.1258
vn 0.1595 0.0693 -0.9848
vn 0.5231 0.8522 0.0047
vn 0.5261 0.8367 0.1519
vn 0.2640 0.0841 -0.9609
vn 0.5940 -0.1484 -0.7907
vn 0.4617 0.3568 -0.8121
vn -0.5443 -0.8225 0.1648
vn 0.3603 0.9325 -0.0233
vn 0.5443 0.8204 0.1752
vn -0.2671 -0.0749 0.9608
vn -0.3295 0.1047 0.9383
vn -0.2555 0.0442 0.9658
vn 0.5638 0.8111 0.1560
vn 0.3856 0.6757 -0.6282
vn 0.0779 0.7007 -0.7092
vn -0.0742 -0.3598 0.9301
vn 0.9972 0.0338 -0.0674
vn 0.9528 0.2885 -0.0946
vn -0.0669 0.8365 -0.5438
vn -0.1099 -0.8811 0.4600
vn 0.1101 -0.8985 0.4250
vn 0.9801 0.0061 -0.1986
vn 0.4789 0.7312 -0.4858
vn 0.9130 -0.1324 -0.3860
vn 0.2459 0.8655 -0.4364
vn 0.3287 0.8356 -0.4402
vn 0.4957 0.6881 -0.5299
vn -0.3120 -0.8083 0.4993
vn 0.0105 -0.9728 0.2316
vn 0.8231 -0.1167 -0.5558
vn 0.5192 0.6729 -0.5269
vn 0.2563 0.8557 -0.4495
vn 0.5227 0.8003 -0.2937
vn 0.8055 -0.0686 -0.5886
vn 0.6004 0.6195 -0.5057
vn -0.3880 -0.7963 0.4641
vn -0.3528 -0.9265 0.1308
vn 0.6829 0.1274 -0.7193
vn 0.0088 0.2669 -0.9637
vn -0.9204 -0.3610 -0.1500
vn -0.0686 0.2621 0.9626
vn -0.5507 0.0397 0.8338
vn -0.9001 0.1538 0.4077
vn -0.9677 -0.2519 0.0111
vn -0.8554 -0.4972 -0.1454
vn 0.1914 -0.6694 0.7178
vn 0.0934 -0.4038 0.9101
vn -0.8817 -0.4708 -0.0310
vn -0.1004 -0.1261 0.9869
vn -0.6526 -0.4850 0.5821
vn -0.6708 -0.4314 0.6032
vn -0.6812 -0.4819 0.5511
vn -0.6878 -0.5703 0.4491
vn -0.9785 -0.1929 -0.0724
vn -0.6733 -0.4908 0.5530
vn -0.6482 -0.4927 0.5806
vn -0.6461 -0.5119 0.5661
vn -0.6399 -0.5986 0.4818
vn -0.6574 -0.6437 0.3918
vn -0.9982 -0.0295 0.0526
vn -0.6397 -0.5146 0.5709
vn -0.6338 -0.5104 0.5812
vn -0.6255 -0.5283 0.5742
vn -0.6323 -0.5715 0.5231
vn -0.6386 -0.6498 0.4121
vn -0.3529 -0.9265 0.1308
vn 0.0105 -0.9728 0.2315
vn -0.6256 -0.6370 0.4504
vn -0.6157 -0.6752 0.4063
vn -0.6325 -0.6711 0.3866
vn -0.6600 -0.6411 0.3916
vn -0.9512 -0.2856 -0.1170
vn -0.5698 -0.6519 0.5003
vn -0.6189 -0.6100 0.4949
vn -0.6349 -0.5954 0.4925
vn -0.7590 -0.6388 -0.1261
vn -0.2673 -0.0752 0.9607
vn -0.5444 -0.8225 0.1648
vn -0.0741 -0.3598 0.9301
vn -0.2556 0.0441 0.9658
vn -0.3294 0.1047 0.9384
vn -0.0688 0.2621 0.9626
vn -0.5506 0.0400 0.8338
vn -0.5571 -0.8121 0.1736
vn -0.9001 0.1535 0.4078
vn -0.1489 -0.9680 0.2022
vn 0.6992 -0.6441 0.3103
vn 0.6186 0.0040 0.7857
vn -0.4315 -0.0687 0.8995
vn -0.5030 0.5920 0.6297
vn -0.9612 -0.1691 0.2181
vn -0.4553 -0.8895 0.0388
vn -0.2513 -0.7704 -0.5859
vn -0.4503 0.8178 0.3584
vn -0.9590 0.2413 -0.1488
vn -0.9467 -0.3167 -0.0586
vn -0.8128 -0.0067 -0.5826
vn -0.2021 -0.2338 -0.9511
vn 0.2060 -0.3525 -0.9129
vn -0.2286 0.9386 0.2584
vn -0.6072 0.6213 -0.4953
vn 0.0055 -0.1157 0.9933
vn -0.0318 0.9070 0.4200
vn 0.2420 0.7885 -0.5654
vn -0.1738 0.7135 -0.6787
vn -0.4415 0.3483 -0.8269
vn -0.0305 0.4671 -0.8837
vn 0.0261 0.7609 0.6484
vn 0.7298 0.6591 -0.1815
vn 0.3752 0.5200 -0.7674
vn -0.9241 -0.0314 0.3808
vn 0.1411 0.2668 0.9534
vn 0.9135 0.2844 0.2910
vn 0.9922 0.1134 0.0516
vn 0.8004 0.3951 -0.4509
vn 0.3805 -0.4592 -0.8027
vn -0.4919 -0.4844 0.7234
vn 0.6795 -0.6960 0.2319
vn 0.6618 -0.5670 -0.4903
vn -0.1287 -0.9905 -0.0488
vn -0.5861 -0.8099 0.0218
vn -0.1063 0.0391 0.9936
vn -0.2158 0.7495 0.6258
vn -0.9546 0.1323 0.2670
vn -0.4658 -0.8604 0.2070
vn -0.3373 -0.8129 -0.4748
vn -0.2121 0.8576 0.4685
vn -0.8842 0.4486 -0.1301
vn -0.9961 -0.0867 0.0152
vn -0.9110 0.1335 -0.3901
vn -0.2862 -0.6181 -0.7322
vn -0.1485 0.9865 0.0686
vn -0.5111 0.6990 -0.5001
vn -0.5941 0.3645 -0.7171
vn -0.0072 0.9280 0.3724
vn 0.4637 0.6941 -0.5507
vn -0.0255 0.7477 -0.6635
vn -0.0302 0.4044 -0.9141
vn -0.0374 -0.3410 -0.9393
vn 0.0394 0.8025 0.5953
vn 0.8639 0.4644 -0.1952
vn 0.8778 0.1727 -0.4467
vn 0.4936 0.3825 -0.7810
vn 0.4100 -0.5083 -0.7573
vn 0.4183 0.1742 0.8914
vn 0.9653 0.2527 0.0656
vn 0.9982 -0.0228 -0.0561
vn 0.3139 -0.8863 -0.3404
vn -0.6657 -0.2583 0.7000
vn -0.0124 -0.9028 0.4299
vn -0.4105 -0.8197 0.3994
vn -0.5060 0.0234 0.8622
vn -0.4900 0.7432 0.4555
vn -0.9981 -0.0163 0.0593
vn -0.3357 -0.8974 0.2865
vn -0.0717 -0.9089 -0.4107
vn 0.3906 -0.0236 0.9203
vn -0.3584 0.8790 0.3144
vn -0.8415 0.3332 -0.4253
vn -0.9335 -0.2703 -0.2356
vn -0.7206 0.0660 -0.6902
vn -0.0337 -0.7267 -0.6861
vn -0.1982 0.9802 -0.0038
vn -0.3948 0.5640 -0.7253
vn 0.0824 0.9800 0.1810
vn 0.0103 0.6986 -0.7154
vn 0.0221 0.4645 -0.8853
vn -0.3284 0.2899 -0.8989
vn 0.1184 -0.2607 -0.9581
vn 0.3951 -0.6397 -0.6593
vn -0.3835 -0.8931 0.2353
vn -0.5989 -0.1441 0.7877
vn 0.0899 0.7601 0.6435
vn 0.8770 0.4641 -0.1241
vn 0.4483 0.6321 -0.6321
vn 0.4387 0.4006 -0.8044
vn -0.9211 0.0509 0.3861
vn -0.0698 0.1682 0.9833
vn 0.9439 0.1371 0.3005
vn 0.9918 -0.0422 0.1204
vn 0.8830 0.2463 -0.3994
vn 0.2018 -0.8255 0.5271
vn 0.4486 -0.8412 -0.3018
vn -0.7662 -0.6330 0.1107
vn -0.8750 -0.4441 0.1928
vn -0.3952 0.0870 0.9145
vn -0.6342 0.7463 0.2020
vn -0.9976 0.0222 -0.0651
vn -0.3894 -0.9102 0.1409
vn -0.1179 -0.8447 -0.5221
vn 0.0823 0.1669 0.9825
vn -0.4329 0.8880 -0.1553
vn -0.4010 0.5098 -0.7611
vn -0.8032 0.2970 -0.5164
vn -0.9342 -0.1725 -0.3121
vn -0.6824 0.0959 -0.7247
vn 0.0187 -0.3147 -0.9490
vn -0.3012 0.9480 0.1031
vn -0.0577 0.5872 -0.8074
vn 0.0635 0.3341 -0.9404
vn -0.3402 0.3008 -0.8909
vn -0.1153 0.9857 0.1226
vn 0.3498 0.5928 -0.7255
vn 0.4825 0.3368 -0.8085
vn 0.4360 -0.6970 -0.5693
vn 0.4099 -0.8131 -0.4133
vn -0.6264 -0.0104 0.7794
vn -0.0248 0.8840 0.4669
vn 0.7618 0.5460 -0.3485
vn 0.8923 0.2420 -0.3811
vn 0.6520 -0.6891 -0.3163
vn 0.1391 0.3306 0.9335
vn 0.9121 0.3589 0.1980
vn 0.9865 0.0102 0.1632
vn 0.2179 -0.8212 0.5273
vn -0.4296 0.3184 0.8450
vn 0.6038 0.4405 0.6643
vn -0.2619 0.9316 0.2521
vn -0.9285 0.3693 -0.0400
vn -0.9953 -0.0423 -0.0870
vn -0.3902 -0.8555 0.3404
vn -0.3663 -0.8666 -0.3388
vn -0.1185 0.9895 0.0830
vn -0.7487 0.4529 -0.4841
vn -0.7479 0.1673 -0.6424
vn 0.0692 0.9740 -0.2157
vn -0.3213 0.5662 -0.7591
vn -0.3555 0.2674 -0.8956
vn -0.3073 -0.7332 -0.6066
vn -0.0477 -0.8732 0.4850
vn 0.2528 0.9656 0.0617
vn 0.1269 0.5721 -0.8103
vn -0.0049 0.2772 -0.9608
vn -0.1298 -0.5299 -0.8380
vn 0.1495 -0.6500 -0.7451
vn -0.4881 -0.6844 0.5417
vn 0.5336 0.8007 0.2723
vn 0.5739 0.5073 -0.6428
vn 0.4094 0.2813 -0.8679
vn -0.6437 0.3189 0.6956
vn 0.4662 0.1417 0.8733
vn 0.9907 0.1100 0.0803
vn 0.9310 0.2584 -0.2578
vn 0.8317 0.0206 -0.5548
vn 0.1748 -0.9305 -0.3219
vn 0.1315 -0.9425 0.3072
vn 0.9711 -0.2367 0.0310
vn 0.0041 -0.0048 -1.0000
vn -0.4190 -0.0168 -0.9078
vn -0.2547 0.3231 -0.9114
vn -0.5571 0.4351 -0.7074
vn -0.0417 0.6966 -0.7163
vn -0.0269 0.3726 -0.9276
vn -0.2300 -0.3604 -0.9040
vn -0.4693 -0.5600 -0.6828
vn -0.7390 -0.0883 -0.6679
vn -0.9293 -0.0040 -0.3694
vn -0.6528 0.6306 -0.4197
vn 0.0179 -0.3904 -0.9205
vn 0.0545 -0.7142 -0.6978
vn 0.0122 -0.9366 -0.3503
vn -0.6331 -0.6846 -0.3612
vn -0.6894 -0.5434 0.4791
vn -0.8721 0.1296 0.4719
vn 0.2531 -0.3299 -0.9095
vn 0.5802 -0.4321 -0.6904
vn 0.5994 -0.7076 -0.3742
vn 0.6614 -0.6520 0.3708
vn -0.0981 -0.8758 0.4726
vn 0.0102 -0.0077 0.9999
vn 0.4269 0.0200 -0.9041
vn 0.7244 0.0345 -0.6886
vn 0.9319 -0.0288 -0.3615
vn 0.8604 0.1280 0.4933
vn 0.2152 0.3419 -0.9148
vn 0.5401 0.4749 -0.6948
vn 0.6312 0.6777 -0.3771
vn 0.5261 0.7144 0.4614
vn -0.0019 0.7632 0.6462
vn -0.5550 0.7167 0.4222
vn -0.0228 0.9253 -0.3785
vn 0.2547 0.3231 -0.9114
vn 0.4190 -0.0168 -0.9078
vn -0.0041 -0.0048 -1.0000
vn 0.2300 -0.3604 -0.9040
vn -0.0179 -0.3904 -0.9205
vn -0.2531 -0.3299 -0.9095
vn -0.4269 0.0200 -0.9041
vn -0.2152 0.3419 -0.9148
vn 0.0269 0.3726 -0.9276
vn 0.5571 0.4351 -0.7074
vn 0.7390 -0.0883 -0.6679
vn 0.4693 -0.5600 -0.6828
vn -0.0545 -0.7142 -0.6978
vn -0.5801 -0.4321 -0.6904
vn 0.0417 0.6966 -0.7163
vn 0.6528 0.6306 -0.4197
vn 0.9293 -0.0040 -0.3694
vn 0.6331 -0.6846 -0.3612
vn -0.0122 -0.9365 -0.3503
vn -0.5994 -0.7076 -0.3742
vn -0.5401 0.4749 -0.6948
vn -0.6312 0.6777 -0.3771
vn 0.0228 0.9253 -0.3785
vn 0.5550 0.7167 0.4222
vn 0.8721 0.1296 0.4719
vn -0.7244 0.0345 -0.6886
vn -0.9319 -0.0288 -0.3615
vn -0.8604 0.1280 0.4933
vn -0.5260 0.7144 0.4614
vn 0.0019 0.7632 0.6462
vn -0.0102 -0.0077 0.9999
vn -0.6614 -0.6520 0.3708
vn 0.0981 -0.8758 0.4726
vn 0.6894 -0.5434 0.4791
vt 0.842663 0.371570
vt 0.842674 0.370207
vt 0.841098 0.371132
vt 0.839076 0.370245
vt 0.837512 0.367780
vt 0.836830 0.369105
vt 0.831422 0.367491
vt 0.840831 0.368618
vt 0.838029 0.366774
vt 0.830935 0.366001
vt 0.828430 0.368131
vt 0.826921 0.365840
vt 0.827826 0.367080
vt 0.825431 0.369935
vt 0.824730 0.368950
vt 0.822789 0.372783
vt 0.830445 0.364500
vt 0.826486 0.364716
vt 0.823583 0.367112
vt 0.821612 0.371399
vt 0.819569 0.376874
vt 0.818861 0.374727
vt 0.814251 0.379933
vt 0.815594 0.382612
vt 0.822729 0.366084
vt 0.819506 0.367905
vt 0.820462 0.369362
vt 0.817037 0.372043
vt 0.812940 0.375823
vt 0.806701 0.381002
vt 0.808336 0.386892
vt 0.809209 0.390999
vt 0.816092 0.370062
vt 0.811633 0.372912
vt 0.805742 0.377065
vt 0.799024 0.387884
vt 0.799895 0.395588
vt 0.800679 0.401331
vt 0.790137 0.404963
vt 0.790393 0.412302
vt 0.777828 0.411433
vt 0.779282 0.422142
vt 0.798273 0.381852
vt 0.789997 0.394125
vt 0.780806 0.399528
vt 0.769590 0.399899
vt 0.763448 0.423553
vt 0.765774 0.429999
vt 0.749104 0.436097
vt 0.755422 0.443265
vt 0.790101 0.386613
vt 0.781845 0.389589
vt 0.773873 0.390433
vt 0.766594 0.388106
vt 0.759307 0.400360
vt 0.751602 0.414261
vt 0.739304 0.436040
vt 0.732710 0.448728
vt 0.742275 0.453125
vt 0.746615 0.454119
vt 0.761326 0.386648
vt 0.755265 0.397053
vt 0.743259 0.414986
vt 0.734126 0.431112
vt 0.726750 0.449235
vt 0.732104 0.468062
vt 0.738135 0.467740
vt 0.744160 0.469032
vt 0.725917 0.466252
vt 0.449281 0.698398
vt 0.449845 0.697615
vt 0.449434 0.697068
vt 0.541034 0.489346
vt 0.523429 0.508938
vt 0.541618 0.502155
vt 0.523965 0.523058
vt 0.542626 0.531921
vt 0.530715 0.543261
vt 0.545705 0.567753
vt 0.560122 0.558741
vt 0.556849 0.572499
vt 0.576572 0.565954
vt 0.503399 0.542599
vt 0.510285 0.549428
vt 0.516341 0.563648
vt 0.522140 0.579597
vt 0.533788 0.584670
vt 0.540665 0.592417
vt 0.566304 0.578531
vt 0.586217 0.571830
vt 0.490845 0.564054
vt 0.497561 0.570168
vt 0.500815 0.580035
vt 0.503554 0.589023
vt 0.510372 0.594557
vt 0.513711 0.601179
vt 0.475680 0.580151
vt 0.483522 0.585583
vt 0.488971 0.589041
vt 0.488025 0.594262
vt 0.491430 0.597303
vt 0.489538 0.603987
vt 0.470129 0.589785
vt 0.477733 0.593180
vt 0.480018 0.595448
vt 0.471437 0.599642
vt 0.148719 0.495492
vt 0.142102 0.496606
vt 0.137489 0.506501
vt 0.141842 0.510481
vt 0.157985 0.498026
vt 0.150828 0.515402
vt 0.168174 0.499594
vt 0.159455 0.521273
vt 0.170929 0.507683
vt 0.185255 0.503535
vt 0.182637 0.514924
vt 0.199600 0.516701
vt 0.196274 0.526197
vt 0.207721 0.533374
vt 0.207556 0.540806
vt 0.167035 0.517399
vt 0.177391 0.527221
vt 0.192473 0.534800
vt 0.205382 0.545266
vt 0.202039 0.546036
vt 0.189054 0.541727
vt 0.171883 0.536715
vt 0.327062 0.783704
vt 0.328009 0.761181
vt 0.319748 0.784168
vt 0.319679 0.761680
vt 0.310173 0.784070
vt 0.309694 0.761564
vt 0.302283 0.782874
vt 0.302403 0.760092
vt 0.306495 0.743914
vt 0.298679 0.743236
vt 0.327655 0.747693
vt 0.318170 0.743407
vt 0.303023 0.730947
vt 0.297673 0.732303
vt 0.313231 0.727967
vt 0.302290 0.714163
vt 0.296283 0.717144
vt 0.326716 0.740415
vt 0.327152 0.726798
vt 0.326063 0.709332
vt 0.313331 0.711528
vt 0.297729 0.698452
vt 0.330275 0.744200
vt 0.336785 0.734725
vt 0.342335 0.730106
vt 0.337894 0.723985
vt 0.334751 0.745536
vt 0.342325 0.748251
vt 0.347889 0.738932
vt 0.349623 0.735068
vt 0.351586 0.747050
vt 0.336343 0.709936
vt 0.336614 0.692592
vt 0.327732 0.689377
vt 0.314610 0.689869
vt 0.304018 0.677181
vt 0.310826 0.675790
vt 0.304623 0.661853
vt 0.338001 0.675747
vt 0.333138 0.675151
vt 0.335659 0.661132
vt 0.339554 0.661436
vt 0.337598 0.651549
vt 0.340224 0.651850
vt 0.309246 0.660469
vt 0.304736 0.652821
vt 0.307900 0.652159
vt 0.319733 0.676142
vt 0.325582 0.675573
vt 0.320721 0.661465
vt 0.325544 0.661169
vt 0.321822 0.650619
vt 0.325054 0.650882
vt 0.416391 0.964832
vt 0.419296 0.969154
vt 0.409626 0.971414
vt 0.408176 0.964831
vt 0.413960 0.944741
vt 0.407617 0.945247
vt 0.413860 0.917032
vt 0.407794 0.918485
vt 0.412737 0.873839
vt 0.418893 0.874209
vt 0.401638 0.965132
vt 0.401946 0.943896
vt 0.402182 0.917581
vt 0.404922 0.875053
vt 0.402806 0.974638
vt 0.392172 0.969992
vt 0.392220 0.947778
vt 0.391591 0.918601
vt 0.393358 0.872964
vt 0.395919 0.836608
vt 0.410014 0.837659
vt 0.393122 0.981771
vt 0.378642 0.990186
vt 0.378640 0.975941
vt 0.378282 0.955257
vt 0.378438 0.923049
vt 0.380087 0.874991
vt 0.381171 0.835314
vt 0.396391 0.827507
vt 0.370040 0.991825
vt 0.369769 0.977870
vt 0.368810 0.957452
vt 0.369186 0.923660
vt 0.369762 0.876528
vt 0.369654 0.833528
vt 0.381759 0.825786
vt 0.360386 0.989815
vt 0.360301 0.978496
vt 0.360346 0.955914
vt 0.360294 0.924033
vt 0.360196 0.879307
vt 0.360399 0.832778
vt 0.369559 0.824344
vt 0.349162 0.977252
vt 0.348624 0.954116
vt 0.348584 0.923202
vt 0.349195 0.880538
vt 0.350833 0.832869
vt 0.360740 0.823837
vt 0.349477 0.986938
vt 0.339584 0.977445
vt 0.339262 0.953311
vt 0.339093 0.921149
vt 0.339820 0.879022
vt 0.339178 0.832324
vt 0.339887 0.986568
vt 0.330578 0.975661
vt 0.331010 0.951725
vt 0.331028 0.920005
vt 0.330027 0.877651
vt 0.328404 0.831237
vt 0.330465 0.986076
vt 0.323709 0.972904
vt 0.324214 0.949173
vt 0.323617 0.919026
vt 0.320618 0.876025
vt 0.317541 0.831358
vt 0.321968 0.986249
vt 0.317399 0.970513
vt 0.318675 0.946661
vt 0.318324 0.917564
vt 0.314257 0.875673
vt 0.310006 0.832338
vt 0.314579 0.983503
vt 0.306940 0.976091
vt 0.310871 0.967077
vt 0.312471 0.945952
vt 0.312167 0.917326
vt 0.307689 0.875028
vt 0.302728 0.969154
vt 0.305598 0.964832
vt 0.307916 0.944741
vt 0.307873 0.917032
vt 0.302647 0.874209
vt 0.302110 0.833086
vt 0.300144 0.824546
vt 0.308583 0.823810
vt 0.316528 0.822890
vt 0.294887 0.835156
vt 0.291870 0.826215
vt 0.298380 0.803095
vt 0.307547 0.802054
vt 0.315546 0.801296
vt 0.327765 0.822315
vt 0.339239 0.822340
vt 0.289785 0.805004
vt 0.290811 0.797353
vt 0.298204 0.794205
vt 0.307272 0.793378
vt 0.315478 0.792855
vt 0.326951 0.799419
vt 0.339368 0.799380
vt 0.351216 0.822969
vt 0.360885 0.800082
vt 0.369734 0.800441
vt 0.327730 0.791655
vt 0.339892 0.790817
vt 0.351041 0.790842
vt 0.351071 0.800054
vt 0.361071 0.790854
vt 0.370615 0.791596
vt 0.382328 0.800699
vt 0.399025 0.801668
vt 0.412467 0.828696
vt 0.419055 0.836763
vt 0.426504 0.835156
vt 0.383041 0.791938
vt 0.399500 0.792211
vt 0.415753 0.794016
vt 0.415492 0.803825
vt 0.423775 0.805108
vt 0.421585 0.828601
vt 0.424686 0.796031
vt 0.431998 0.797353
vt 0.431494 0.805004
vt 0.429508 0.826215
vt 0.392133 0.676125
vt 0.397143 0.691068
vt 0.405970 0.684222
vt 0.402767 0.671526
vt 0.402827 0.660427
vt 0.394088 0.657765
vt 0.387066 0.673783
vt 0.390432 0.697893
vt 0.381973 0.694769
vt 0.391189 0.723715
vt 0.411668 0.671581
vt 0.409594 0.659103
vt 0.416535 0.650066
vt 0.410812 0.647474
vt 0.402553 0.642859
vt 0.415781 0.681167
vt 0.420132 0.665641
vt 0.417696 0.657040
vt 0.425321 0.670537
vt 0.425463 0.659642
vt 0.429284 0.644089
vt 0.430463 0.648586
vt 0.438258 0.646699
vt 0.436233 0.650078
vt 0.430053 0.663078
vt 0.381881 0.722324
vt 0.371519 0.691599
vt 0.370481 0.719595
vt 0.358526 0.716474
vt 0.360579 0.687485
vt 0.349585 0.714422
vt 0.351873 0.686518
vt 0.341461 0.714266
vt 0.376248 0.671351
vt 0.365031 0.667128
vt 0.354936 0.666051
vt 0.346821 0.665826
vt 0.343473 0.686102
vt 0.381527 0.655878
vt 0.368793 0.653886
vt 0.357283 0.652226
vt 0.348177 0.651460
vt 0.362068 0.636311
vt 0.352026 0.636245
vt 0.388577 0.639464
vt 0.374285 0.637657
vt 0.396686 0.625637
vt 0.373161 0.623790
vt 0.360311 0.619514
vt 0.411223 0.631316
vt 0.406013 0.619225
vt 0.401560 0.618600
vt 0.398239 0.616952
vt 0.388783 0.614871
vt 0.382975 0.616812
vt 0.392069 0.601000
vt 0.418916 0.636696
vt 0.419447 0.625771
vt 0.414951 0.626573
vt 0.413629 0.623160
vt 0.413754 0.612209
vt 0.413147 0.606182
vt 0.426953 0.637635
vt 0.424820 0.629628
vt 0.429938 0.617743
vt 0.429397 0.613376
vt 0.443163 0.625194
vt 0.435809 0.623050
vt 0.436253 0.613099
vt 0.443557 0.603399
vt 0.442785 0.608788
vt 0.448908 0.604944
vt 0.458486 0.599665
vt 0.441830 0.618044
vt 0.447955 0.612599
vt 0.454022 0.608922
vt 0.457075 0.602530
vt 0.463978 0.604482
vt 0.453669 0.614030
vt 0.460231 0.605048
vt 0.424809 0.614900
vt 0.419653 0.615160
vt 0.419476 0.606703
vt 0.428849 0.588796
vt 0.424725 0.609239
vt 0.429652 0.596609
vt 0.435882 0.591119
vt 0.447524 0.579718
vt 0.445236 0.583641
vt 0.448603 0.586786
vt 0.453183 0.585932
vt 0.439369 0.601582
vt 0.434297 0.599550
vt 0.440018 0.594224
vt 0.507623 0.445566
vt 0.509090 0.442188
vt 0.502570 0.444949
vt 0.505614 0.442038
vt 0.496827 0.445312
vt 0.498860 0.441563
vt 0.489290 0.441785
vt 0.491023 0.437595
vt 0.484420 0.435763
vt 0.485967 0.431167
vt 0.484996 0.427104
vt 0.483967 0.431505
vt 0.483554 0.423783
vt 0.481180 0.427318
vt 0.521325 0.425690
vt 0.523840 0.422394
vt 0.515333 0.428551
vt 0.518812 0.423986
vt 0.514162 0.425284
vt 0.510187 0.429491
vt 0.505685 0.421163
vt 0.502552 0.425704
vt 0.498137 0.415903
vt 0.495723 0.420883
vt 0.496118 0.411360
vt 0.493634 0.416541
vt 0.493702 0.407020
vt 0.491622 0.410609
vt 0.528629 0.410834
vt 0.531460 0.407422
vt 0.524393 0.412027
vt 0.528960 0.407057
vt 0.517068 0.410563
vt 0.521540 0.405564
vt 0.513114 0.400448
vt 0.508598 0.405775
vt 0.502034 0.399036
vt 0.506842 0.393689
vt 0.505310 0.389059
vt 0.500801 0.394236
vt 0.503373 0.384884
vt 0.500503 0.388453
vt 0.542593 0.394357
vt 0.545969 0.391222
vt 0.537658 0.394461
vt 0.542804 0.390472
vt 0.534482 0.386447
vt 0.529946 0.391091
vt 0.526119 0.380489
vt 0.522374 0.385769
vt 0.518654 0.373199
vt 0.513944 0.378259
vt 0.516250 0.368443
vt 0.511047 0.373037
vt 0.514307 0.364293
vt 0.510815 0.367438
vt 0.561971 0.365339
vt 0.556821 0.365902
vt 0.559466 0.370641
vt 0.553748 0.373298
vt 0.547114 0.372035
vt 0.550274 0.365443
vt 0.541306 0.361520
vt 0.538090 0.367788
vt 0.532454 0.355806
vt 0.529462 0.362146
vt 0.525315 0.357666
vt 0.528452 0.351039
vt 0.523334 0.352502
vt 0.525844 0.347624
vt 0.315259 0.212471
vt 0.328120 0.217349
vt 0.317184 0.230348
vt 0.298680 0.240084
vt 0.289341 0.214620
vt 0.311322 0.199764
vt 0.336260 0.195427
vt 0.332169 0.205632
vt 0.357648 0.201681
vt 0.309191 0.265581
vt 0.277309 0.257162
vt 0.269796 0.229876
vt 0.260485 0.198167
vt 0.279218 0.182708
vt 0.325806 0.255632
vt 0.323418 0.289825
vt 0.291095 0.302712
vt 0.280429 0.281272
vt 0.248862 0.274309
vt 0.240457 0.246696
vt 0.231691 0.214876
vt 0.338725 0.282859
vt 0.344257 0.324999
vt 0.308862 0.331501
vt 0.276986 0.336936
vt 0.265276 0.314009
vt 0.256128 0.296001
vt 0.361623 0.322836
vt 0.346636 0.365039
vt 0.317190 0.363260
vt 0.285472 0.363492
vt 0.267323 0.368711
vt 0.259917 0.344492
vt 0.247146 0.324014
vt 0.361327 0.368868
vt 0.326948 0.404236
vt 0.304457 0.399550
vt 0.284343 0.393283
vt 0.271237 0.392566
vt 0.342380 0.405892
vt 0.316053 0.437589
vt 0.305952 0.433271
vt 0.291874 0.426831
vt 0.281904 0.419191
vt 0.273418 0.412770
vt 0.280041 0.460400
vt 0.280456 0.451702
vt 0.277218 0.442256
vt 0.272950 0.432820
vt 0.267620 0.424414
vt 0.264324 0.436895
vt 0.261360 0.431258
vt 0.265469 0.462113
vt 0.267133 0.452950
vt 0.266259 0.443750
vt 0.252234 0.443562
vt 0.251723 0.439110
vt 0.249839 0.435663
vt 0.248085 0.441859
vt 0.246783 0.433821
vt 0.248149 0.451342
vt 0.250235 0.447829
vt 0.244392 0.447440
vt 0.242648 0.443565
vt 0.242250 0.439290
vt 0.242049 0.435258
vt 0.233491 0.310714
vt 0.220923 0.290223
vt 0.222091 0.257188
vt 0.213789 0.224209
vt 0.197907 0.267442
vt 0.191477 0.239693
vt 0.181868 0.212976
vt 0.195531 0.192094
vt 0.213885 0.181750
vt 0.237863 0.165257
vt 0.195268 0.292470
vt 0.176826 0.289912
vt 0.175223 0.268968
vt 0.168187 0.243484
vt 0.159972 0.218265
vt 0.170621 0.191186
vt 0.211631 0.306883
vt 0.192868 0.311400
vt 0.173526 0.310484
vt 0.152370 0.290002
vt 0.152547 0.264828
vt 0.149169 0.241007
vt 0.187582 0.323787
vt 0.166646 0.328582
vt 0.147267 0.311883
vt 0.124877 0.285349
vt 0.127200 0.261886
vt 0.205047 0.322024
vt 0.178395 0.342921
vt 0.157985 0.350709
vt 0.141946 0.330635
vt 0.121352 0.307133
vt 0.194410 0.340687
vt 0.186599 0.359826
vt 0.172513 0.365262
vt 0.155828 0.371523
vt 0.140993 0.374457
vt 0.138181 0.351516
vt 0.121473 0.350864
vt 0.119573 0.327128
vt 0.185197 0.381912
vt 0.174897 0.387015
vt 0.160611 0.395954
vt 0.151403 0.403079
vt 0.140053 0.410771
vt 0.125655 0.378803
vt 0.183971 0.405744
vt 0.173610 0.416869
vt 0.163837 0.431915
vt 0.158176 0.442266
vt 0.184842 0.445876
vt 0.186115 0.438322
vt 0.202402 0.439977
vt 0.193644 0.399766
vt 0.197634 0.414215
vt 0.192020 0.420819
vt 0.188867 0.429984
vt 0.206846 0.418081
vt 0.203034 0.423111
vt 0.201503 0.428924
vt 0.201264 0.435291
vt 0.221345 0.432038
vt 0.219716 0.430428
vt 0.222381 0.429513
vt 0.223698 0.429632
vt 0.220858 0.425987
vt 0.220168 0.427359
vt 0.219361 0.428764
vt 0.223046 0.426345
vt 0.130009 0.239756
vt 0.145101 0.220552
vt 0.139662 0.206633
vt 0.151799 0.198014
vt 0.131180 0.223245
vt 0.129039 0.215076
vt 0.126389 0.204754
vt 0.131066 0.193860
vt 0.139501 0.174778
vt 0.156426 0.163188
vt 0.174420 0.158766
vt 0.121555 0.201578
vt 0.117904 0.184523
vt 0.122578 0.147568
vt 0.147904 0.132069
vt 0.163200 0.129511
vt 0.174727 0.119883
vt 0.191040 0.147826
vt 0.117347 0.204354
vt 0.110341 0.196139
vt 0.102186 0.184356
vt 0.096890 0.154052
vt 0.088561 0.129811
vt 0.111113 0.115856
vt 0.108155 0.207791
vt 0.096342 0.205063
vt 0.087948 0.201412
vt 0.089984 0.180422
vt 0.081058 0.152341
vt 0.117769 0.209796
vt 0.103623 0.221943
vt 0.088202 0.223671
vt 0.078181 0.221046
vt 0.078308 0.196870
vt 0.078615 0.176379
vt 0.117516 0.222511
vt 0.112919 0.239904
vt 0.090308 0.244229
vt 0.069064 0.246162
vt 0.055490 0.245924
vt 0.070064 0.211733
vt 0.067334 0.190298
vt 0.089417 0.265091
vt 0.057567 0.281584
vt 0.053814 0.268122
vt 0.050098 0.259007
vt 0.111863 0.254841
vt 0.114651 0.293238
vt 0.089420 0.300530
vt 0.064788 0.302629
vt 0.042393 0.284585
vt 0.037666 0.273360
vt 0.107465 0.349761
vt 0.083396 0.353192
vt 0.060238 0.345862
vt 0.050714 0.302271
vt 0.076733 0.398410
vt 0.048274 0.394027
vt 0.042499 0.342399
vt 0.099217 0.396264
vt 0.072836 0.430556
vt 0.042233 0.426388
vt 0.019723 0.430828
vt 0.027926 0.393305
vt 0.100068 0.430291
vt 0.068985 0.448627
vt 0.042503 0.446383
vt 0.020028 0.453452
vt 0.099786 0.450090
vt 0.065389 0.463978
vt 0.042185 0.461929
vt 0.024249 0.465646
vt 0.098532 0.464543
vt 0.064415 0.478500
vt 0.042840 0.478295
vt 0.024868 0.478750
vt 0.102911 0.481780
vt 0.066437 0.492083
vt 0.042171 0.494421
vt 0.024183 0.496638
vt 0.092105 0.500655
vt 0.065108 0.509196
vt 0.040140 0.510926
vt 0.023848 0.512563
vt 0.024012 0.521619
vt 0.039876 0.522796
vt 0.024379 0.531357
vt 0.080724 0.512651
vt 0.073351 0.528108
vt 0.060823 0.524493
vt 0.038938 0.532598
vt 0.021722 0.542658
vt 0.031443 0.542660
vt 0.023017 0.556504
vt 0.017052 0.549125
vt 0.005371 0.580257
vt 0.055195 0.538178
vt 0.044306 0.552407
vt 0.028152 0.560225
vt 0.033136 0.566558
vt 0.049706 0.558225
vt 0.069164 0.539296
vt 0.065427 0.172216
vt 0.066219 0.146495
vt 0.074805 0.125915
vt 0.081875 0.109589
vt 0.050236 0.141822
vt 0.061518 0.115270
vt 0.069324 0.091736
vt 0.082439 0.089791
vt 0.103092 0.089052
vt 0.136511 0.089881
vt 0.142572 0.106929
vt 0.049335 0.106165
vt 0.062108 0.074811
vt 0.078426 0.077780
vt 0.089524 0.060075
vt 0.131198 0.072747
vt 0.154823 0.072993
vt 0.160464 0.089180
vt 0.157817 0.104505
vt 0.064308 0.066855
vt 0.089865 0.045854
vt 0.062090 0.199715
vt 0.055952 0.227230
vt 0.054326 0.206783
vt 0.043612 0.208334
vt 0.039763 0.231985
vt 0.031833 0.200289
vt 0.025952 0.219317
vt 0.023567 0.187869
vt 0.032017 0.258059
vt 0.014609 0.243158
vt 0.015700 0.210685
vt 0.013813 0.190568
vt 0.019387 0.180840
vt 0.012058 0.172887
vt 0.018813 0.170644
vt 0.009751 0.130436
vt 0.004386 0.175717
vt 0.003904 0.225769
vt 0.002853 0.200171
vt 0.423218 0.220070
vt 0.408731 0.226253
vt 0.407126 0.233790
vt 0.398988 0.229581
vt 0.405284 0.238099
vt 0.436231 0.217437
vt 0.435785 0.213897
vt 0.460818 0.192383
vt 0.461402 0.196456
vt 0.481462 0.177275
vt 0.425250 0.207290
vt 0.416950 0.209961
vt 0.395713 0.215287
vt 0.383519 0.232836
vt 0.420270 0.197769
vt 0.407501 0.201962
vt 0.388958 0.205619
vt 0.376963 0.217447
vt 0.369168 0.233326
vt 0.371899 0.243017
vt 0.427853 0.194648
vt 0.420688 0.189596
vt 0.411159 0.192800
vt 0.396349 0.196843
vt 0.375710 0.207151
vt 0.368162 0.218386
vt 0.358173 0.231265
vt 0.428336 0.186105
vt 0.422730 0.183080
vt 0.415964 0.185593
vt 0.404064 0.188883
vt 0.382572 0.198187
vt 0.429738 0.180215
vt 0.430696 0.174897
vt 0.425535 0.177593
vt 0.419125 0.180384
vt 0.409006 0.183478
vt 0.401385 0.185519
vt 0.394238 0.190996
vt 0.425129 0.174605
vt 0.419396 0.177538
vt 0.410805 0.180621
vt 0.403973 0.182824
vt 0.427707 0.172831
vt 0.423846 0.172874
vt 0.421397 0.174628
vt 0.416184 0.177487
vt 0.408844 0.180329
vt 0.402931 0.182180
vt 0.417333 0.173041
vt 0.414853 0.174778
vt 0.410986 0.176936
vt 0.403944 0.179573
vt 0.396918 0.181833
vt 0.358542 0.244447
vt 0.384074 0.267932
vt 0.405319 0.255802
vt 0.428438 0.254983
vt 0.427531 0.239778
vt 0.372811 0.272022
vt 0.405386 0.292001
vt 0.421353 0.293123
vt 0.438964 0.274257
vt 0.443764 0.257827
vt 0.441818 0.240967
vt 0.441861 0.219319
vt 0.391759 0.295688
vt 0.416685 0.327644
vt 0.434899 0.336103
vt 0.437469 0.308156
vt 0.445140 0.290618
vt 0.454379 0.283223
vt 0.405063 0.337183
vt 0.419252 0.356157
vt 0.434103 0.374992
vt 0.446579 0.367267
vt 0.453894 0.350523
vt 0.440778 0.331811
vt 0.385616 0.327112
vt 0.392304 0.353541
vt 0.399505 0.358412
vt 0.410641 0.369070
vt 0.417989 0.375170
vt 0.427345 0.382944
vt 0.433146 0.389368
vt 0.442636 0.384913
vt 0.458988 0.389147
vt 0.393922 0.373370
vt 0.398851 0.376477
vt 0.406736 0.381429
vt 0.414589 0.386429
vt 0.421977 0.391879
vt 0.426502 0.395050
vt 0.393840 0.388158
vt 0.397587 0.389580
vt 0.403767 0.392373
vt 0.410638 0.395422
vt 0.416637 0.398461
vt 0.420242 0.400534
vt 0.393227 0.398623
vt 0.396007 0.399240
vt 0.400806 0.400411
vt 0.406010 0.402014
vt 0.410658 0.403729
vt 0.413260 0.404869
vt 0.392653 0.405490
vt 0.394588 0.405648
vt 0.397686 0.405999
vt 0.401311 0.406676
vt 0.404205 0.407487
vt 0.405967 0.408077
vt 0.394423 0.408926
vt 0.396048 0.408995
vt 0.397725 0.409177
vt 0.399231 0.409487
vt 0.400014 0.409726
vt 0.394627 0.417049
vt 0.457670 0.373654
vt 0.476361 0.369733
vt 0.469673 0.359033
vt 0.453015 0.337545
vt 0.451541 0.320591
vt 0.464570 0.384356
vt 0.481887 0.374034
vt 0.484355 0.354135
vt 0.480911 0.347526
vt 0.465972 0.345892
vt 0.463165 0.330577
vt 0.461463 0.317383
vt 0.453334 0.303447
vt 0.486251 0.357310
vt 0.494539 0.340809
vt 0.491114 0.335413
vt 0.476924 0.338186
vt 0.472111 0.325731
vt 0.465565 0.308848
vt 0.496830 0.344138
vt 0.507938 0.334018
vt 0.503439 0.328000
vt 0.486941 0.328123
vt 0.481768 0.317864
vt 0.475370 0.303753
vt 0.471342 0.290403
vt 0.511216 0.337546
vt 0.521986 0.332796
vt 0.518524 0.331059
vt 0.513503 0.323971
vt 0.498312 0.319776
vt 0.492668 0.308593
vt 0.484838 0.294602
vt 0.527433 0.328347
vt 0.525954 0.323892
vt 0.521924 0.317963
vt 0.509581 0.313398
vt 0.506296 0.301736
vt 0.532100 0.324559
vt 0.531531 0.318765
vt 0.528435 0.313886
vt 0.528360 0.306097
vt 0.520139 0.308267
vt 0.523793 0.295210
vt 0.502570 0.288656
vt 0.537693 0.314759
vt 0.535558 0.310679
vt 0.535668 0.305093
vt 0.533113 0.296399
vt 0.538047 0.319945
vt 0.545215 0.321866
vt 0.549338 0.316140
vt 0.552434 0.310213
vt 0.555587 0.303811
vt 0.540692 0.297942
vt 0.542966 0.291175
vt 0.545456 0.294383
vt 0.547690 0.288670
vt 0.558090 0.327787
vt 0.562563 0.324508
vt 0.567395 0.318325
vt 0.570589 0.314841
vt 0.559227 0.297169
vt 0.562981 0.293764
vt 0.550522 0.290895
vt 0.574709 0.340371
vt 0.578238 0.336927
vt 0.582865 0.333091
vt 0.588351 0.328687
vt 0.592597 0.323389
vt 0.574075 0.310389
vt 0.576609 0.306187
vt 0.615685 0.340161
vt 0.597234 0.317950
vt 0.602550 0.312702
vt 0.580628 0.301466
vt 0.566817 0.289542
vt 0.607845 0.305920
vt 0.586260 0.298151
vt 0.570310 0.285055
vt 0.554762 0.288468
vt 0.554124 0.285534
vt 0.552560 0.283686
vt 0.549635 0.284926
vt 0.542463 0.283801
vt 0.546237 0.275341
vt 0.521512 0.283864
vt 0.522941 0.275962
vt 0.503425 0.279996
vt 0.488683 0.282761
vt 0.582624 0.271767
vt 0.587099 0.267451
vt 0.549613 0.270042
vt 0.552401 0.267364
vt 0.524543 0.272803
vt 0.504997 0.276280
vt 0.579302 0.276495
vt 0.627151 0.274420
vt 0.631371 0.269544
vt 0.635019 0.266566
vt 0.590734 0.265231
vt 0.624043 0.279099
vt 0.671266 0.273019
vt 0.675021 0.267905
vt 0.677897 0.265164
vt 0.668504 0.277563
vt 0.706641 0.274431
vt 0.708507 0.270369
vt 0.710908 0.265882
vt 0.712670 0.263429
vt 0.735418 0.271294
vt 0.736518 0.267777
vt 0.737735 0.263856
vt 0.738348 0.261568
vt 0.756263 0.268413
vt 0.757195 0.265265
vt 0.757752 0.261788
vt 0.758059 0.259619
vt 0.775810 0.260132
vt 0.776579 0.258145
vt 0.793699 0.259681
vt 0.795138 0.258249
vt 0.773501 0.266021
vt 0.774658 0.263194
vt 0.791326 0.262272
vt 0.805929 0.263003
vt 0.810461 0.260902
vt 0.813242 0.259983
vt 0.789407 0.264650
vt 0.802946 0.264682
vt 0.812759 0.266215
vt 0.816878 0.265227
vt 0.822899 0.264069
vt 0.827467 0.263846
vt 0.821620 0.268600
vt 0.827642 0.268415
vt 0.832309 0.268778
vt 0.827625 0.272828
vt 0.823344 0.272443
vt 0.816778 0.275568
vt 0.817136 0.269163
vt 0.818215 0.272259
vt 0.814139 0.272491
vt 0.811867 0.275069
vt 0.814525 0.275298
vt 0.808785 0.282391
vt 0.810016 0.275062
vt 0.489126 0.274425
vt 0.477306 0.278298
vt 0.463343 0.268290
vt 0.483401 0.271293
vt 0.745639 0.230999
vt 0.743207 0.231057
vt 0.751327 0.233156
vt 0.748456 0.233221
vt 0.755137 0.237881
vt 0.751833 0.237317
vt 0.744073 0.244671
vt 0.741046 0.243215
vt 0.721018 0.251557
vt 0.744163 0.233375
vt 0.746668 0.236800
vt 0.736727 0.241751
vt 0.718723 0.249479
vt 0.690000 0.256658
vt 0.689342 0.253444
vt 0.659654 0.259696
vt 0.739165 0.231654
vt 0.741020 0.233533
vt 0.742852 0.236770
vt 0.734362 0.241089
vt 0.716184 0.246622
vt 0.690025 0.249159
vt 0.660472 0.255149
vt 0.633948 0.260370
vt 0.735628 0.232554
vt 0.715182 0.244882
vt 0.691738 0.246366
vt 0.664757 0.248995
vt 0.636080 0.254868
vt 0.611039 0.259631
vt 0.613841 0.254108
vt 0.588213 0.258959
vt 0.590897 0.253915
vt 0.563926 0.260670
vt 0.669538 0.244950
vt 0.642975 0.247058
vt 0.622183 0.245535
vt 0.600208 0.246453
vt 0.573226 0.249214
vt 0.566179 0.256276
vt 0.539697 0.264420
vt 0.649666 0.241774
vt 0.631299 0.239850
vt 0.615305 0.238331
vt 0.579151 0.245500
vt 0.551461 0.249783
vt 0.542815 0.259046
vt 0.517786 0.267265
vt 0.518506 0.262406
vt 0.500136 0.265321
vt 0.613578 0.233961
vt 0.578624 0.242105
vt 0.569813 0.236159
vt 0.532266 0.239762
vt 0.506385 0.255730
vt 0.648517 0.223395
vt 0.646106 0.218105
vt 0.608089 0.227634
vt 0.602863 0.219242
vt 0.562922 0.226575
vt 0.520548 0.225240
vt 0.649701 0.226292
vt 0.681821 0.214092
vt 0.683449 0.208824
vt 0.643275 0.209770
vt 0.680543 0.216242
vt 0.710261 0.209884
vt 0.712693 0.206302
vt 0.717694 0.201661
vt 0.683597 0.200908
vt 0.640190 0.201608
vt 0.599850 0.210703
vt 0.735385 0.205340
vt 0.739184 0.201817
vt 0.747386 0.197723
vt 0.721655 0.194701
vt 0.682458 0.193153
vt 0.638256 0.196323
vt 0.599670 0.205027
vt 0.754057 0.203822
vt 0.758955 0.200786
vt 0.767620 0.198143
vt 0.755171 0.191705
vt 0.759627 0.185550
vt 0.722916 0.187995
vt 0.761160 0.204824
vt 0.768986 0.203017
vt 0.777342 0.201605
vt 0.777074 0.193614
vt 0.783361 0.188765
vt 0.784880 0.185106
vt 0.759264 0.181170
vt 0.762756 0.208330
vt 0.769535 0.207052
vt 0.775970 0.206862
vt 0.783783 0.205928
vt 0.786849 0.198814
vt 0.794249 0.195421
vt 0.800530 0.193841
vt 0.758528 0.210587
vt 0.763056 0.211182
vt 0.767582 0.211786
vt 0.773047 0.212169
vt 0.777538 0.212157
vt 0.790157 0.204402
vt 0.794029 0.203827
vt 0.756868 0.213719
vt 0.759565 0.214686
vt 0.763218 0.215619
vt 0.766324 0.216291
vt 0.769362 0.217387
vt 0.779497 0.212719
vt 0.753385 0.212982
vt 0.772168 0.218519
vt 0.781673 0.214214
vt 0.799185 0.202165
vt 0.806642 0.191487
vt 0.788487 0.181432
vt 0.757579 0.178948
vt 0.721003 0.183245
vt 0.679593 0.188271
vt 0.718320 0.181101
vt 0.677060 0.186212
vt 0.637232 0.194098
vt 0.601346 0.202175
vt 0.568601 0.203623
vt 0.563671 0.210398
vt 0.560058 0.216528
vt 0.520932 0.213216
vt 0.529578 0.208178
vt 0.540650 0.198336
vt 0.511410 0.201221
vt 0.489979 0.208930
vt 0.485980 0.224690
vt 0.491936 0.239284
vt 0.564748 0.192571
vt 0.549116 0.189275
vt 0.523322 0.192741
vt 0.495075 0.193181
vt 0.578976 0.192430
vt 0.583149 0.184653
vt 0.568372 0.183896
vt 0.554525 0.181289
vt 0.537072 0.185233
vt 0.584003 0.199268
vt 0.586645 0.191137
vt 0.592953 0.183168
vt 0.593564 0.175264
vt 0.579947 0.176595
vt 0.566434 0.175863
vt 0.600823 0.181889
vt 0.602234 0.172754
vt 0.602398 0.164993
vt 0.588941 0.167737
vt 0.575817 0.168816
vt 0.567587 0.168245
vt 0.557920 0.174298
vt 0.611346 0.171243
vt 0.610167 0.161945
vt 0.607866 0.154369
vt 0.596807 0.157521
vt 0.585100 0.159758
vt 0.577183 0.160539
vt 0.617412 0.159282
vt 0.621319 0.148769
vt 0.614081 0.151166
vt 0.603922 0.145216
vt 0.596200 0.148359
vt 0.588179 0.150870
vt 0.582934 0.152114
vt 0.614154 0.138278
vt 0.608828 0.142533
vt 0.595040 0.137791
vt 0.592298 0.139774
vt 0.587055 0.142752
vt 0.582398 0.145426
vt 0.579190 0.146863
vt 0.598786 0.134365
vt 0.583088 0.133401
vt 0.579902 0.136740
vt 0.579251 0.138113
vt 0.577542 0.140414
vt 0.575233 0.142981
vt 0.573817 0.144455
vt 0.568449 0.146307
vt 0.573318 0.148745
vt 0.575954 0.154113
vt 0.571067 0.160249
vt 0.560434 0.166648
vt 0.549652 0.171873
vt 0.547243 0.179256
vt 0.528185 0.180376
vt 0.506565 0.181012
vt 0.513303 0.187505
vt 0.540919 0.175420
vt 0.520347 0.175055
vt 0.498479 0.173009
vt 0.485511 0.181817
vt 0.489188 0.187919
vt 0.470406 0.203159
vt 0.462656 0.199418
vt 0.449448 0.220883
vt 0.459614 0.224302
vt 0.462494 0.234286
vt 0.467570 0.245442
vt 0.452416 0.239659
vt 0.455120 0.253321
vt 0.474660 0.255781
vt 0.481875 0.266324
vt 0.394748 0.605980
vt 0.398760 0.599493
vt 0.401464 0.608359
vt 0.409532 0.604207
vt 0.406707 0.601109
vt 0.421536 0.587765
vt 0.401957 0.582775
vt 0.405702 0.588094
vt 0.408517 0.581579
vt 0.414762 0.590909
vt 0.417196 0.584655
vt 0.425292 0.570175
vt 0.422275 0.573717
vt 0.416168 0.572317
vt 0.416269 0.568039
vt 0.167691 0.099951
vt 0.180116 0.087255
vt 0.188497 0.104707
vt 0.174988 0.075106
vt 0.192256 0.072284
vt 0.202344 0.085860
vt 0.228783 0.118124
vt 0.209087 0.132203
vt 0.169504 0.061632
vt 0.186898 0.061637
vt 0.193977 0.055307
vt 0.205438 0.058516
vt 0.218605 0.076574
vt 0.242407 0.111516
vt 0.147746 0.051547
vt 0.160591 0.037201
vt 0.183272 0.046282
vt 0.193581 0.043820
vt 0.201933 0.042865
vt 0.129912 0.052537
vt 0.141921 0.036069
vt 0.148136 0.028525
vt 0.160582 0.018698
vt 0.182834 0.027734
vt 0.198776 0.027972
vt 0.108576 0.043163
vt 0.129528 0.038762
vt 0.137023 0.029171
vt 0.142328 0.025006
vt 0.145235 0.020883
vt 0.151062 0.020375
vt 0.116769 0.035300
vt 0.127418 0.030017
vt 0.134243 0.021522
vt 0.140204 0.019960
vt 0.144197 0.017150
vt 0.118680 0.025921
vt 0.127101 0.020470
vt 0.134029 0.014414
vt 0.139624 0.013826
vt 0.143623 0.013271
vt 0.122236 0.016212
vt 0.130339 0.012255
vt 0.140003 0.007305
vt 0.142582 0.008755
vt 0.145120 0.010125
vt 0.148582 0.004704
vt 0.149805 0.005546
vt 0.154303 0.000550
vt 0.127735 0.007604
vt 0.137151 0.005415
vt 0.146013 0.002161
vt 0.146953 0.003706
vt 0.145020 0.000476
vt 0.135568 0.002708
vt 0.193169 0.013574
vt 0.225033 0.012074
vt 0.225306 0.021777
vt 0.207513 0.036955
vt 0.212547 0.042540
vt 0.260339 0.019477
vt 0.253369 0.027932
vt 0.228940 0.032381
vt 0.231529 0.043278
vt 0.219038 0.049707
vt 0.220676 0.057023
vt 0.279304 0.028416
vt 0.274237 0.040192
vt 0.249785 0.038776
vt 0.248254 0.047509
vt 0.233661 0.050371
vt 0.285820 0.019255
vt 0.301925 0.021362
vt 0.295770 0.031851
vt 0.290853 0.041719
vt 0.272250 0.052299
vt 0.317785 0.022380
vt 0.310896 0.035825
vt 0.307783 0.046382
vt 0.287826 0.052039
vt 0.266482 0.064457
vt 0.248684 0.055417
vt 0.328985 0.031414
vt 0.320273 0.044497
vt 0.316536 0.053474
vt 0.299693 0.060616
vt 0.281655 0.066333
vt 0.336364 0.037364
vt 0.326659 0.048942
vt 0.323391 0.055343
vt 0.310427 0.063401
vt 0.292347 0.072610
vt 0.342868 0.047884
vt 0.342029 0.054939
vt 0.319372 0.063167
vt 0.316197 0.069851
vt 0.305175 0.072207
vt 0.349162 0.035126
vt 0.356035 0.039812
vt 0.353229 0.049212
vt 0.342221 0.062941
vt 0.343598 0.068171
vt 0.356147 0.058635
vt 0.362051 0.062294
vt 0.360326 0.032648
vt 0.364960 0.038911
vt 0.365198 0.046107
vt 0.370235 0.051096
vt 0.368821 0.033137
vt 0.383632 0.035459
vt 0.382168 0.040888
vt 0.385659 0.044520
vt 0.375168 0.054205
vt 0.386574 0.032555
vt 0.387041 0.038390
vt 0.389452 0.044702
vt 0.389040 0.034039
vt 0.390407 0.036713
vt 0.390571 0.041175
vt 0.257557 0.151089
vt 0.269593 0.142427
vt 0.288089 0.171976
vt 0.251971 0.106411
vt 0.279644 0.134275
vt 0.297466 0.161192
vt 0.319173 0.179553
vt 0.337758 0.181597
vt 0.229418 0.074022
vt 0.238341 0.072975
vt 0.259292 0.102602
vt 0.288369 0.125941
vt 0.308953 0.147043
vt 0.323634 0.162072
vt 0.232561 0.059471
vt 0.249777 0.063165
vt 0.270754 0.095134
vt 0.301311 0.114302
vt 0.326126 0.124949
vt 0.339455 0.136504
vt 0.348812 0.137233
vt 0.342894 0.165419
vt 0.358882 0.159464
vt 0.362686 0.174991
vt 0.361926 0.132876
vt 0.372560 0.145537
vt 0.382146 0.156305
vt 0.389006 0.162615
vt 0.361746 0.188126
vt 0.388105 0.178794
vt 0.373111 0.123497
vt 0.388585 0.125779
vt 0.399644 0.135009
vt 0.407663 0.142838
vt 0.410009 0.156842
vt 0.383961 0.116554
vt 0.412098 0.110061
vt 0.426969 0.125035
vt 0.438343 0.144322
vt 0.444552 0.160644
vt 0.473138 0.157648
vt 0.483020 0.168687
vt 0.502426 0.149548
vt 0.405463 0.101335
vt 0.446174 0.111887
vt 0.455913 0.124982
vt 0.465796 0.143363
vt 0.497913 0.147711
vt 0.501760 0.144157
vt 0.505707 0.144985
vt 0.503661 0.138137
vt 0.510343 0.142870
vt 0.474537 0.128906
vt 0.482806 0.136457
vt 0.490206 0.142998
vt 0.498147 0.142302
vt 0.492932 0.138340
vt 0.495659 0.132715
vt 0.499698 0.130399
vt 0.507773 0.131469
vt 0.510061 0.135059
vt 0.511918 0.138852
vt 0.741470 0.487919
vt 0.734002 0.487182
vt 0.745079 0.487842
vt 0.745810 0.509073
vt 0.741020 0.509408
vt 0.737012 0.509705
vt 0.731007 0.487640
vt 0.749495 0.509112
vt 0.752780 0.530506
vt 0.748142 0.530886
vt 0.745789 0.531336
vt 0.755857 0.530175
vt 0.760248 0.548860
vt 0.757185 0.549851
vt 0.754983 0.550222
vt 0.762704 0.548577
vt 0.767439 0.563023
vt 0.765388 0.564221
vt 0.763945 0.564901
vt 0.768818 0.562810
vt 0.772169 0.571870
vt 0.772020 0.573509
vt 0.772177 0.575112
vt 0.773851 0.572481
vt 0.776095 0.577857
vt 0.776700 0.579747
vt 0.799885 0.303443
vt 0.799232 0.302347
vt 0.796727 0.305017
vt 0.796307 0.303801
vt 0.793127 0.303798
vt 0.792464 0.305089
vt 0.790661 0.302876
vt 0.790089 0.304342
vt 0.800194 0.297279
vt 0.796914 0.297844
vt 0.797396 0.300617
vt 0.796251 0.302545
vt 0.793306 0.302496
vt 0.790969 0.301566
vt 0.803288 0.296687
vt 0.798016 0.294717
vt 0.795509 0.295647
vt 0.801566 0.294368
vt 0.794639 0.291086
vt 0.793148 0.292178
vt 0.791916 0.293555
vt 0.779999 0.287228
vt 0.779810 0.289425
vt 0.796566 0.289301
vt 0.780762 0.284383
vt 0.781947 0.281501
vt 0.771392 0.284017
vt 0.771238 0.286190
vt 0.771262 0.288565
vt 0.780759 0.298832
vt 0.788025 0.300169
vt 0.771756 0.281358
vt 0.757144 0.285225
vt 0.758650 0.287204
vt 0.760653 0.289966
vt 0.761929 0.292319
vt 0.774173 0.296821
vt 0.754955 0.281720
vt 0.743269 0.287061
vt 0.744623 0.289562
vt 0.748170 0.292541
vt 0.740348 0.283730
vt 0.726152 0.290733
vt 0.729383 0.293759
vt 0.732884 0.296902
vt 0.737437 0.298764
vt 0.749472 0.295264
vt 0.722877 0.287161
vt 0.702044 0.291861
vt 0.704581 0.295908
vt 0.709268 0.299266
vt 0.715990 0.301976
vt 0.722215 0.304855
vt 0.729868 0.307868
vt 0.741307 0.301821
vt 0.676919 0.300951
vt 0.683704 0.304247
vt 0.688966 0.306114
vt 0.695634 0.308426
vt 0.705514 0.311080
vt 0.716803 0.315369
vt 0.658398 0.322465
vt 0.665352 0.323364
vt 0.671793 0.324211
vt 0.684175 0.324257
vt 0.700470 0.325982
vt 0.655442 0.319573
vt 0.623925 0.356740
vt 0.630604 0.357245
vt 0.637753 0.357478
vt 0.651372 0.354884
vt 0.671080 0.352288
vt 0.620451 0.353607
vt 0.598310 0.392870
vt 0.604734 0.393485
vt 0.611009 0.392265
vt 0.625865 0.386070
vt 0.649194 0.378994
vt 0.590614 0.387680
vt 0.575197 0.421246
vt 0.582464 0.423127
vt 0.588846 0.421479
vt 0.606233 0.413754
vt 0.634794 0.403420
vt 0.678155 0.376276
vt 0.569530 0.416212
vt 0.558472 0.447255
vt 0.565112 0.448925
vt 0.570500 0.448278
vt 0.590727 0.438689
vt 0.621211 0.421903
vt 0.671699 0.397051
vt 0.552838 0.444772
vt 0.554425 0.482917
vt 0.560666 0.481705
vt 0.564877 0.479948
vt 0.584497 0.468169
vt 0.597377 0.454921
vt 0.597996 0.439806
vt 0.549010 0.483984
vt 0.562667 0.508657
vt 0.567892 0.508758
vt 0.574734 0.507518
vt 0.577513 0.506560
vt 0.597067 0.496333
vt 0.610273 0.462007
vt 0.609134 0.448127
vt 0.586336 0.548706
vt 0.591849 0.547363
vt 0.598803 0.543717
vt 0.601936 0.540703
vt 0.618371 0.527325
vt 0.642594 0.509026
vt 0.628320 0.477884
vt 0.624226 0.598795
vt 0.629353 0.596466
vt 0.634621 0.591985
vt 0.636937 0.588679
vt 0.651188 0.574082
vt 0.668241 0.555331
vt 0.667878 0.647454
vt 0.670930 0.644331
vt 0.674268 0.638831
vt 0.675230 0.635677
vt 0.685140 0.621192
vt 0.697040 0.600261
vt 0.702271 0.675895
vt 0.705656 0.669875
vt 0.706207 0.666460
vt 0.712090 0.652711
vt 0.720151 0.629971
vt 0.700612 0.678458
vt 0.725504 0.698310
vt 0.728006 0.695929
vt 0.731627 0.691883
vt 0.731732 0.688374
vt 0.735767 0.676388
vt 0.742744 0.709625
vt 0.748398 0.709873
vt 0.754393 0.708408
vt 0.755891 0.705905
vt 0.763951 0.691240
vt 0.743954 0.651937
vt 0.746496 0.712481
vt 0.751391 0.713059
vt 0.756416 0.712524
vt 0.757654 0.710397
vt 0.764033 0.706914
vt 0.806071 0.687677
vt 0.771285 0.664692
vt 0.751674 0.714630
vt 0.756102 0.715520
vt 0.758397 0.715332
vt 0.764829 0.713913
vt 0.813167 0.702941
vt 0.746845 0.714415
vt 0.816094 0.710382
vt 0.728067 0.608445
vt 0.692278 0.355006
vt 0.713933 0.331773
vt 0.727286 0.320904
vt 0.736659 0.312107
vt 0.751569 0.297614
vt 0.746404 0.304139
vt 0.760095 0.295314
vt 0.753903 0.299067
vt 0.763434 0.296333
vt 0.760434 0.295956
vt 0.775013 0.299204
vt 0.766953 0.298880
vt 0.787413 0.301668
vt 0.780966 0.300611
vt 0.787014 0.303258
vt 0.780931 0.302352
vt 0.775875 0.301067
vt 0.769932 0.300737
vt 0.760879 0.302751
vt 0.776277 0.303356
vt 0.771207 0.302259
vt 0.764070 0.305403
vt 0.754402 0.309327
vt 0.750466 0.307340
vt 0.758284 0.300085
vt 0.771723 0.305066
vt 0.765154 0.306920
vt 0.756674 0.311671
vt 0.747065 0.319001
vt 0.742968 0.315658
vt 0.766114 0.310216
vt 0.758383 0.312881
vt 0.750117 0.321097
vt 0.739563 0.329879
vt 0.735620 0.326846
vt 0.762295 0.314966
vt 0.756293 0.326581
vt 0.751862 0.322999
vt 0.743501 0.332847
vt 0.729228 0.340618
vt 0.726044 0.338727
vt 0.750140 0.339183
vt 0.746787 0.335863
vt 0.733304 0.343684
vt 0.719420 0.359153
vt 0.713497 0.358350
vt 0.742282 0.347524
vt 0.737653 0.346749
vt 0.728749 0.361808
vt 0.724520 0.360013
vt 0.713391 0.372195
vt 0.707183 0.372395
vt 0.733452 0.364042
vt 0.731807 0.374371
vt 0.726393 0.373500
vt 0.719565 0.371915
vt 0.714866 0.382383
vt 0.707614 0.383699
vt 0.732678 0.382475
vt 0.727597 0.382446
vt 0.720834 0.381535
vt 0.718755 0.391986
vt 0.713408 0.393953
vt 0.703261 0.402889
vt 0.739659 0.389058
vt 0.732952 0.390015
vt 0.726336 0.390572
vt 0.729661 0.400399
vt 0.725685 0.401690
vt 0.745109 0.395224
vt 0.739198 0.397073
vt 0.734129 0.398605
vt 0.714832 0.408135
vt 0.663739 0.417011
vt 0.622371 0.425226
vt 0.609486 0.441613
vt 0.695986 0.414469
vt 0.661496 0.438563
vt 0.635775 0.442214
vt 0.634279 0.431849
vt 0.619823 0.436979
vt 0.617659 0.443135
vt 0.709915 0.417031
vt 0.692126 0.431495
vt 0.664898 0.465485
vt 0.634425 0.451668
vt 0.626907 0.446623
vt 0.629399 0.441438
vt 0.706518 0.431415
vt 0.692571 0.456188
vt 0.707576 0.453376
vt 0.629242 0.437418
vt 0.623697 0.456361
vt 0.619848 0.449855
vt 0.611678 0.451997
vt 0.673593 0.498799
vt 0.699095 0.489350
vt 0.714934 0.484995
vt 0.691180 0.541244
vt 0.714644 0.529525
vt 0.730960 0.524416
vt 0.711270 0.581908
vt 0.730677 0.565426
vt 0.746375 0.558841
vt 0.742147 0.586325
vt 0.754938 0.576246
vt 0.750639 0.628247
vt 0.760876 0.603173
vt 0.770331 0.589997
vt 0.777421 0.640508
vt 0.784849 0.617320
vt 0.791261 0.604543
vt 0.799579 0.663051
vt 0.801227 0.640020
vt 0.806261 0.623633
vt 0.808600 0.613267
vt 0.828605 0.647149
vt 0.826299 0.627188
vt 0.824921 0.614119
vt 0.818391 0.610015
vt 0.840141 0.664838
vt 0.868652 0.605738
vt 0.854620 0.601762
vt 0.847448 0.595183
vt 0.838546 0.589734
vt 0.852109 0.674756
vt 0.880214 0.606247
vt 0.873176 0.557547
vt 0.862484 0.565575
vt 0.853092 0.569324
vt 0.859233 0.678037
vt 0.887467 0.604660
vt 0.881037 0.552208
vt 0.862959 0.536442
vt 0.856883 0.547415
vt 0.850313 0.554736
vt 0.886313 0.548781
vt 0.865192 0.528511
vt 0.853028 0.527579
vt 0.848983 0.536161
vt 0.868982 0.522941
vt 0.854311 0.521203
vt 0.842259 0.544117
vt 0.842760 0.569830
vt 0.842028 0.557030
vt 0.835530 0.547855
vt 0.834755 0.537862
vt 0.839983 0.530650
vt 0.830289 0.587803
vt 0.832572 0.569333
vt 0.830876 0.556794
vt 0.828367 0.548358
vt 0.830384 0.542614
vt 0.825927 0.544851
vt 0.823481 0.539059
vt 0.824582 0.534372
vt 0.822177 0.542562
vt 0.816821 0.537594
vt 0.813623 0.533183
vt 0.824078 0.526792
vt 0.817933 0.541852
vt 0.812155 0.538759
vt 0.807240 0.534821
vt 0.814557 0.542232
vt 0.842636 0.523321
vt 0.819069 0.517943
vt 0.807548 0.526226
vt 0.842342 0.516955
vt 0.814540 0.511714
vt 0.797612 0.518522
vt 0.790381 0.523488
vt 0.798692 0.530199
vt 0.854877 0.513752
vt 0.839756 0.509054
vt 0.810971 0.505979
vt 0.791427 0.513125
vt 0.786159 0.518370
vt 0.787127 0.508892
vt 0.779980 0.515436
vt 0.783953 0.535958
vt 0.778513 0.534634
vt 0.772069 0.533521
vt 0.792245 0.538426
vt 0.790340 0.547294
vt 0.782478 0.549445
vt 0.777417 0.551615
vt 0.772020 0.552738
vt 0.800860 0.539839
vt 0.797602 0.545750
vt 0.797291 0.549520
vt 0.792075 0.552310
vt 0.786924 0.556906
vt 0.784106 0.560806
vt 0.806130 0.541236
vt 0.802531 0.545274
vt 0.801735 0.547652
vt 0.800244 0.552862
vt 0.797652 0.556760
vt 0.795407 0.561920
vt 0.809558 0.544209
vt 0.805500 0.546715
vt 0.804590 0.547436
vt 0.802922 0.550298
vt 0.807882 0.560940
vt 0.806176 0.563028
vt 0.804868 0.549130
vt 0.809088 0.559456
vt 0.819192 0.564781
vt 0.810599 0.558319
vt 0.819890 0.562819
vt 0.820867 0.561844
vt 0.804993 0.566656
vt 0.781294 0.564018
vt 0.792061 0.570721
vt 0.793582 0.566237
vt 0.804612 0.569694
vt 0.804666 0.572638
vt 0.819409 0.572749
vt 0.819210 0.571171
vt 0.819247 0.568961
vt 0.827905 0.566694
vt 0.819286 0.566795
vt 0.449881 0.697689
vt 0.450739 0.697550
vt 0.470072 0.700463
vt 0.466719 0.699013
vt 0.461760 0.698745
vt 0.453641 0.698428
vt 0.444776 0.697866
vt 0.471498 0.701218
vt 0.470666 0.699386
vt 0.467052 0.699718
vt 0.474626 0.700675
vt 0.472277 0.697844
vt 0.466739 0.697009
vt 0.468214 0.701939
vt 0.473714 0.703364
vt 0.480654 0.700181
vt 0.476574 0.694946
vt 0.454085 0.699823
vt 0.461878 0.703704
vt 0.469705 0.707093
vt 0.473485 0.712440
vt 0.479774 0.705680
vt 0.437350 0.696483
vt 0.445879 0.700428
vt 0.453132 0.706272
vt 0.462289 0.712311
vt 0.434548 0.698435
vt 0.437340 0.704499
vt 0.444105 0.706866
vt 0.451267 0.716795
vt 0.464055 0.719568
vt 0.470490 0.700215
vt 0.461220 0.696919
vt 0.461571 0.695130
vt 0.467734 0.694690
vt 0.446106 0.692588
vt 0.454129 0.695092
vt 0.454274 0.692757
vt 0.462186 0.692309
vt 0.469874 0.690350
vt 0.434588 0.692335
vt 0.434597 0.687460
vt 0.446668 0.688787
vt 0.446178 0.687424
vt 0.435863 0.686170
vt 0.454049 0.689985
vt 0.450118 0.684812
vt 0.445716 0.686119
vt 0.462687 0.687286
vt 0.473524 0.683555
vt 0.463622 0.679819
vt 0.489980 0.689731
vt 0.493073 0.680606
vt 0.475695 0.675220
vt 0.464515 0.670899
vt 0.450283 0.676872
vt 0.437798 0.683100
vt 0.496696 0.700405
vt 0.527350 0.697551
vt 0.527762 0.689843
vt 0.530406 0.674468
vt 0.501192 0.669272
vt 0.495169 0.713162
vt 0.526462 0.707759
vt 0.561727 0.712194
vt 0.568000 0.703339
vt 0.570567 0.690542
vt 0.479207 0.720095
vt 0.498270 0.729442
vt 0.523176 0.721740
vt 0.556964 0.726969
vt 0.581862 0.729443
vt 0.596066 0.729245
vt 0.466960 0.726277
vt 0.470122 0.733497
vt 0.482992 0.729928
vt 0.496292 0.739591
vt 0.512260 0.744612
vt 0.518475 0.735152
vt 0.454046 0.732039
vt 0.455940 0.737779
vt 0.460131 0.746852
vt 0.473984 0.740732
vt 0.484521 0.739165
vt 0.452021 0.727064
vt 0.444034 0.736790
vt 0.444322 0.741723
vt 0.445376 0.750933
vt 0.445875 0.719736
vt 0.448823 0.727720
vt 0.440932 0.732807
vt 0.437554 0.736880
vt 0.437602 0.743250
vt 0.442979 0.714369
vt 0.440731 0.719251
vt 0.444026 0.723237
vt 0.441673 0.724589
vt 0.438789 0.728264
vt 0.434157 0.731342
vt 0.437363 0.712484
vt 0.436169 0.716545
vt 0.432912 0.718380
vt 0.437888 0.721113
vt 0.435276 0.722933
vt 0.432653 0.727357
vt 0.430913 0.719947
vt 0.433621 0.720116
vt 0.430926 0.723219
vt 0.437423 0.752291
vt 0.548768 0.742994
vt 0.538097 0.752849
vt 0.580311 0.749694
vt 0.472336 0.664122
vt 0.485340 0.665940
vt 0.438377 0.676031
vt 0.438954 0.666311
vt 0.450465 0.667353
vt 0.455129 0.662089
vt 0.437530 0.684668
vt 0.443720 0.659119
vt 0.448159 0.651879
vt 0.452736 0.655554
vt 0.469360 0.652413
vt 0.463525 0.643544
vt 0.484316 0.650087
vt 0.483796 0.635983
vt 0.501479 0.647895
vt 0.502248 0.626680
vt 0.534152 0.654097
vt 0.572062 0.669922
vt 0.526741 0.623939
vt 0.543860 0.633479
vt 0.566918 0.647746
vt 0.588923 0.659258
vt 0.595916 0.689305
vt 0.536029 0.613238
vt 0.556727 0.620134
vt 0.600620 0.655742
vt 0.581727 0.634950
vt 0.546228 0.604415
vt 0.594486 0.703738
vt 0.613878 0.685592
vt 0.630934 0.681715
vt 0.610254 0.649273
vt 0.599431 0.632526
vt 0.583020 0.615940
vt 0.569520 0.607954
vt 0.559709 0.589181
vt 0.649082 0.664736
vt 0.624938 0.637862
vt 0.613033 0.626617
vt 0.607387 0.613035
vt 0.596779 0.615342
vt 0.578095 0.591911
vt 0.657641 0.653575
vt 0.635437 0.628557
vt 0.629734 0.614892
vt 0.607618 0.600900
vt 0.599406 0.595924
vt 0.607202 0.763784
vt 0.599046 0.802447
vt 0.565565 0.781985
vt 0.543538 0.782985
vt 0.615382 0.736298
vt 0.624333 0.767107
vt 0.627689 0.794381
vt 0.630124 0.823270
vt 0.579502 0.844621
vt 0.545290 0.821868
vt 0.644898 0.768070
vt 0.648311 0.796025
vt 0.655596 0.826170
vt 0.672314 0.820991
vt 0.667457 0.860059
vt 0.656659 0.859152
vt 0.636970 0.888195
vt 0.639491 0.729638
vt 0.661508 0.739144
vt 0.662045 0.769304
vt 0.665501 0.795583
vt 0.685690 0.796542
vt 0.692390 0.821619
vt 0.690817 0.851446
vt 0.683413 0.769878
vt 0.717959 0.797780
vt 0.720350 0.826167
vt 0.717576 0.856442
vt 0.691519 0.870467
vt 0.682913 0.740638
vt 0.716648 0.766540
vt 0.760344 0.797882
vt 0.761120 0.831511
vt 0.756041 0.864362
vt 0.713006 0.883955
vt 0.713924 0.736897
vt 0.757128 0.760896
vt 0.751756 0.730007
vt 0.676167 0.882297
vt 0.689717 0.901175
vt 0.644205 0.899443
vt 0.550080 0.864983
vt 0.529133 0.807659
vt 0.510386 0.834394
vt 0.499678 0.851462
vt 0.546519 0.888706
vt 0.532348 0.781535
vt 0.522263 0.795006
vt 0.501987 0.814946
vt 0.476430 0.813426
vt 0.527196 0.759501
vt 0.523765 0.780793
vt 0.518047 0.786838
vt 0.499864 0.798123
vt 0.478205 0.804651
vt 0.519712 0.760917
vt 0.516013 0.779351
vt 0.511757 0.783789
vt 0.499621 0.786776
vt 0.479457 0.792663
vt 0.507162 0.749538
vt 0.514074 0.761638
vt 0.509140 0.766138
vt 0.510136 0.776357
vt 0.507718 0.780374
vt 0.493036 0.746998
vt 0.504003 0.753506
vt 0.502752 0.758461
vt 0.501656 0.762268
vt 0.504308 0.768153
vt 0.503919 0.773628
vt 0.485017 0.747842
vt 0.492818 0.751466
vt 0.494935 0.754889
vt 0.497234 0.758519
vt 0.495552 0.767052
vt 0.501670 0.775822
vt 0.478805 0.749199
vt 0.482761 0.752548
vt 0.487267 0.751650
vt 0.490568 0.753764
vt 0.493874 0.757538
vt 0.471458 0.752085
vt 0.477229 0.754993
vt 0.480980 0.756809
vt 0.486492 0.754119
vt 0.490463 0.757861
vt 0.470569 0.760369
vt 0.475734 0.760626
vt 0.479759 0.761323
vt 0.485292 0.763640
vt 0.486230 0.760121
vt 0.459526 0.762264
vt 0.472723 0.768745
vt 0.476738 0.768123
vt 0.480390 0.767481
vt 0.486320 0.767512
vt 0.447799 0.768894
vt 0.466155 0.778525
vt 0.481014 0.780199
vt 0.483696 0.777355
vt 0.485781 0.775609
vt 0.490239 0.771872
vt 0.437236 0.765989
vt 0.445028 0.780377
vt 0.460636 0.789973
vt 0.497988 0.782778
vt 0.437254 0.780084
vt 0.437289 0.797969
vt 0.453517 0.797716
vt 0.497277 0.779697
vt 0.471853 0.829058
vt 0.452410 0.820349
vt 0.505985 0.887869
vt 0.490570 0.860900
vt 0.471663 0.852680
vt 0.453099 0.851507
vt 0.437366 0.851305
vt 0.437303 0.819807
vt 0.479601 0.892083
vt 0.456219 0.901318
vt 0.437544 0.900998
vt 0.496390 0.774850
vt 0.612683 0.898136
vt 0.605542 0.916609
vt 0.649079 0.930792
vt 0.671216 0.918012
vt 0.662782 0.899992
vt 0.581525 0.887039
vt 0.549927 0.913394
vt 0.607403 0.943731
vt 0.664373 0.953326
vt 0.687918 0.937070
vt 0.706472 0.919892
vt 0.534582 0.938661
vt 0.533773 0.968546
vt 0.617375 0.969866
vt 0.682949 0.970602
vt 0.709817 0.951908
vt 0.728455 0.933000
vt 0.720922 0.906189
vt 0.622620 0.990324
vt 0.522656 0.989637
vt 0.741888 0.912718
vt 0.751149 0.889952
vt 0.466920 0.584761
vt 0.466181 0.582136
vt 0.461999 0.581531
vt 0.462914 0.578105
vt 0.456407 0.569272
vt 0.458841 0.566832
vt 0.450334 0.547779
vt 0.470090 0.575315
vt 0.467542 0.572296
vt 0.465389 0.567773
vt 0.463319 0.562769
vt 0.465244 0.550159
vt 0.454884 0.546494
vt 0.454281 0.516886
vt 0.448917 0.517680
vt 0.481456 0.556965
vt 0.477360 0.555637
vt 0.472156 0.553479
vt 0.481670 0.531906
vt 0.464596 0.523709
vt 0.477517 0.495172
vt 0.461740 0.494009
vt 0.454601 0.492918
vt 0.490536 0.533323
vt 0.495037 0.535981
vt 0.507960 0.508081
vt 0.494897 0.499981
vt 0.493358 0.488108
vt 0.480996 0.476058
vt 0.469456 0.478801
vt 0.457874 0.462577
vt 0.470767 0.452944
vt 0.516244 0.511546
vt 0.510291 0.488609
vt 0.522875 0.481001
vt 0.500053 0.457808
vt 0.423415 0.765532
vt 0.421363 0.751839
vt 0.427509 0.763860
vt 0.424459 0.750837
vt 0.431450 0.759288
vt 0.426567 0.749187
vt 0.422803 0.736777
vt 0.424186 0.735999
vt 0.419295 0.766122
vt 0.418333 0.751337
vt 0.420128 0.737522
vt 0.419259 0.730696
vt 0.421275 0.730335
vt 0.422856 0.729380
vt 0.419990 0.768970
vt 0.417140 0.766315
vt 0.415642 0.751136
vt 0.417613 0.737456
vt 0.417594 0.730164
vt 0.419062 0.727566
vt 0.420369 0.726213
vt 0.418963 0.717593
vt 0.416013 0.767816
vt 0.413610 0.751053
vt 0.412755 0.738094
vt 0.414485 0.738120
vt 0.415656 0.729846
vt 0.417805 0.726920
vt 0.417185 0.725537
vt 0.414236 0.729601
vt 0.330471 0.607957
vt 0.339023 0.612970
vt 0.346056 0.603927
vt 0.355446 0.615183
vt 0.355197 0.593240
vt 0.338764 0.598822
vt 0.323766 0.589503
vt 0.315019 0.598762
vt 0.303160 0.592464
vt 0.312156 0.582138
vt 0.299846 0.576293
vt 0.293333 0.584908
vt 0.347574 0.588746
vt 0.334162 0.578698
vt 0.322494 0.570538
vt 0.309778 0.564403
vt 0.292620 0.556933
vt 0.281719 0.571609
vt 0.276357 0.579893
vt 0.361003 0.586200
vt 0.353763 0.580528
vt 0.343143 0.567620
vt 0.333071 0.555770
vt 0.322573 0.545271
vt 0.306875 0.535556
vt 0.386627 0.574461
vt 0.365781 0.576895
vt 0.359854 0.567772
vt 0.354300 0.546287
vt 0.349017 0.529676
vt 0.342124 0.517830
vt 0.367555 0.569575
vt 0.362849 0.557435
vt 0.360440 0.533274
vt 0.358269 0.518288
vt 0.352037 0.507315
vt 0.331947 0.503523
vt 0.377815 0.557086
vt 0.370930 0.546513
vt 0.369557 0.525785
vt 0.366379 0.512106
vt 0.361271 0.501725
vt 0.343351 0.493223
vt 0.392531 0.546101
vt 0.384326 0.536643
vt 0.380424 0.517637
vt 0.377648 0.505469
vt 0.403117 0.539591
vt 0.397929 0.530484
vt 0.395300 0.511097
vt 0.393599 0.497184
vt 0.389740 0.488764
vt 0.373607 0.495431
vt 0.406844 0.526291
vt 0.410514 0.506509
vt 0.411188 0.490484
vt 0.407622 0.480147
vt 0.403170 0.469172
vt 0.383593 0.475290
vt 0.411988 0.534686
vt 0.415721 0.521320
vt 0.420885 0.502210
vt 0.423811 0.488665
vt 0.421341 0.477158
vt 0.431341 0.541915
vt 0.418867 0.530155
vt 0.422761 0.518837
vt 0.433820 0.496685
vt 0.433985 0.482950
vt 0.430776 0.471514
vt 0.418810 0.462688
vt 0.426231 0.527705
vt 0.433804 0.527624
vt 0.429128 0.519291
vt 0.443760 0.492553
vt 0.444473 0.478837
vt 0.440149 0.467002
vt 0.440470 0.449011
vt 0.428724 0.456028
vt 0.415654 0.444301
vt 0.396254 0.452104
vt 0.441885 0.429151
vt 0.428243 0.436833
vt 0.414078 0.436557
vt 0.393321 0.444496
vt 0.371689 0.460690
vt 0.365432 0.480888
vt 0.440623 0.421907
vt 0.427586 0.429060
vt 0.425562 0.417341
vt 0.365307 0.430091
vt 0.366811 0.453392
vt 0.355529 0.463679
vt 0.352050 0.486888
vt 0.331241 0.477282
vt 0.317260 0.490073
vt 0.349052 0.457019
vt 0.338799 0.472742
vt 0.324502 0.470963
vt 0.311707 0.484187
vt 0.283582 0.519959
vt 0.289194 0.524935
vt 0.332170 0.465704
vt 0.278469 0.474912
vt 0.266171 0.546722
vt 0.272064 0.551129
vt 0.263895 0.564214
vt 0.257303 0.575351
vt 0.257637 0.560790
vt 0.250879 0.572026
vt 0.137242 0.473215
vt 0.140329 0.478165
vt 0.142899 0.476812
vt 0.172228 0.489774
vt 0.181103 0.487036
vt 0.147900 0.475223
vt 0.140376 0.474495
vt 0.139209 0.471572
vt 0.143956 0.473031
vt 0.139539 0.470283
vt 0.169818 0.491737
vt 0.192204 0.503655
vt 0.197414 0.501597
vt 0.202701 0.497233
vt 0.182790 0.483451
vt 0.148886 0.471414
vt 0.144421 0.471829
vt 0.212188 0.518702
vt 0.216558 0.503909
vt 0.218026 0.500039
vt 0.204555 0.493433
vt 0.178731 0.474992
vt 0.146733 0.466577
vt 0.208407 0.520968
vt 0.224880 0.534380
vt 0.228365 0.522861
vt 0.218693 0.514188
vt 0.220356 0.506727
vt 0.222423 0.503017
vt 0.221225 0.539674
vt 0.244265 0.534246
vt 0.239691 0.528011
vt 0.229089 0.521090
vt 0.220151 0.513571
vt 0.221795 0.507563
vt 0.223541 0.503898
vt 0.246441 0.540036
vt 0.257477 0.510465
vt 0.249679 0.509900
vt 0.239042 0.525717
vt 0.238462 0.520522
vt 0.230106 0.517605
vt 0.225521 0.514416
vt 0.263539 0.511106
vt 0.251735 0.490159
vt 0.247529 0.495436
vt 0.240528 0.502328
vt 0.239682 0.504178
vt 0.248093 0.510212
vt 0.243213 0.512276
vt 0.224457 0.484033
vt 0.225230 0.489262
vt 0.228373 0.498534
vt 0.228751 0.500026
vt 0.231989 0.504419
vt 0.237339 0.505785
vt 0.240655 0.512619
vt 0.203105 0.477917
vt 0.204275 0.482566
vt 0.226065 0.505408
vt 0.176958 0.470048
vt 0.143879 0.463652
vt 0.139092 0.467710
vt 0.143248 0.468552
vt 0.227376 0.506676
vt 0.231766 0.506310
vt 0.235727 0.508034
vt 0.224222 0.508703
vt 0.225854 0.509444
vt 0.227145 0.513531
vt 0.230827 0.515564
vt 0.237448 0.517672
vt 0.356289 0.779095
vt 0.360362 0.779297
vt 0.352050 0.782494
vt 0.346494 0.778718
vt 0.352300 0.767001
vt 0.364166 0.764980
vt 0.366615 0.773011
vt 0.345905 0.781785
vt 0.342365 0.778722
vt 0.341923 0.771315
vt 0.342562 0.763724
vt 0.345944 0.758913
vt 0.352756 0.756589
vt 0.360532 0.755243
vt 0.367835 0.763267
vt 0.339067 0.771067
vt 0.339284 0.764264
vt 0.341176 0.760427
vt 0.344251 0.756787
vt 0.348648 0.754071
vt 0.353696 0.753726
vt 0.069256 0.573845
vt 0.073109 0.573534
vt 0.068003 0.559857
vt 0.071490 0.560246
vt 0.073213 0.587582
vt 0.080115 0.591131
vt 0.076962 0.597743
vt 0.129943 0.566761
vt 0.096154 0.604591
vt 0.084740 0.605723
vt 0.103211 0.611373
vt 0.125631 0.609984
vt 0.120606 0.613595
vt 0.131558 0.613288
vt 0.146285 0.610613
vt 0.152222 0.605387
vt 0.158366 0.606309
vt 0.168258 0.597182
vt 0.166474 0.602333
vt 0.173971 0.597575
vt 0.181787 0.589532
vt 0.180520 0.584016
vt 0.184375 0.572828
vt 0.186392 0.581975
vt 0.188639 0.573303
vt 0.046704 0.618769
vt 0.004855 0.615144
vt 0.044477 0.632467
vt 0.003727 0.629852
vt 0.043117 0.661279
vt 0.074588 0.657678
vt 0.074809 0.630156
vt 0.077712 0.618137
vt 0.092377 0.629664
vt 0.095639 0.617426
vt 0.003671 0.662389
vt 0.044356 0.668125
vt 0.076636 0.664505
vt 0.093734 0.657412
vt 0.003881 0.670254
vt 0.004342 0.694000
vt 0.048345 0.693789
vt 0.108334 0.632515
vt 0.109353 0.659125
vt 0.096104 0.665260
vt 0.079757 0.688620
vt 0.061926 0.708286
vt 0.031240 0.727036
vt 0.111802 0.619626
vt 0.127671 0.636600
vt 0.127488 0.662512
vt 0.126906 0.671091
vt 0.110860 0.667186
vt 0.099782 0.694113
vt 0.081391 0.704872
vt 0.128433 0.623223
vt 0.142780 0.622539
vt 0.143888 0.637728
vt 0.146468 0.661201
vt 0.145929 0.670135
vt 0.144179 0.699916
vt 0.127455 0.700688
vt 0.114359 0.697797
vt 0.151163 0.619014
vt 0.155201 0.634931
vt 0.157407 0.658530
vt 0.156417 0.667722
vt 0.156229 0.699338
vt 0.158921 0.719867
vt 0.145201 0.721165
vt 0.164086 0.615558
vt 0.169884 0.630763
vt 0.172703 0.654535
vt 0.171903 0.662940
vt 0.173823 0.691314
vt 0.177314 0.711243
vt 0.177390 0.609147
vt 0.184270 0.624784
vt 0.188812 0.650063
vt 0.187559 0.658396
vt 0.188575 0.684038
vt 0.190649 0.699546
vt 0.188888 0.605022
vt 0.196307 0.621214
vt 0.200456 0.647272
vt 0.199628 0.656332
vt 0.199756 0.685726
vt 0.199764 0.710042
vt 0.180075 0.726917
vt 0.202782 0.600951
vt 0.210583 0.617331
vt 0.214415 0.644134
vt 0.213122 0.656343
vt 0.212025 0.697781
vt 0.207445 0.739139
vt 0.196501 0.728667
vt 0.226582 0.594489
vt 0.233578 0.610940
vt 0.239122 0.640287
vt 0.238380 0.651713
vt 0.234281 0.687319
vt 0.230455 0.732094
vt 0.251943 0.590472
vt 0.256940 0.607151
vt 0.260210 0.639523
vt 0.261333 0.647978
vt 0.258610 0.682943
vt 0.255153 0.728848
vt 0.283479 0.589907
vt 0.284611 0.603133
vt 0.284622 0.639380
vt 0.284298 0.648231
vt 0.283568 0.680498
vt 0.282874 0.727255
vt 0.282778 0.777650
vt 0.258389 0.779091
vt 0.235315 0.782534
vt 0.160772 0.734179
vt 0.115379 0.711679
vt 0.128742 0.718178
vt 0.100840 0.705788
vt 0.100163 0.722250
vt 0.115727 0.729281
vt 0.130080 0.734097
vt 0.080364 0.721613
vt 0.083863 0.738441
vt 0.102740 0.739582
vt 0.116681 0.746178
vt 0.056850 0.725113
vt 0.062644 0.738930
vt 0.084279 0.757382
vt 0.102437 0.759604
vt 0.046805 0.754025
vt 0.041475 0.797945
vt 0.075794 0.798216
vt 0.096303 0.800166
vt 0.115864 0.763082
vt 0.004733 0.726650
vt 0.004997 0.757627
vt 0.004900 0.796333
vt 0.004944 0.825642
vt 0.039540 0.827163
vt 0.066692 0.828636
vt 0.005230 0.864635
vt 0.038771 0.865422
vt 0.062947 0.868460
vt 0.086669 0.834401
vt 0.112782 0.801335
vt 0.114898 0.842265
vt 0.132094 0.748754
vt 0.132447 0.763435
vt 0.147347 0.734866
vt 0.148608 0.747445
vt 0.150486 0.759982
vt 0.131429 0.798984
vt 0.134744 0.836438
vt 0.161316 0.745421
vt 0.163579 0.757185
vt 0.156302 0.798237
vt 0.159532 0.835536
vt 0.135828 0.846841
vt 0.180497 0.739653
vt 0.183140 0.751918
vt 0.173591 0.796568
vt 0.183398 0.844440
vt 0.178686 0.852457
vt 0.159559 0.843580
vt 0.212478 0.787966
vt 0.190532 0.794437
vt 0.202251 0.838904
vt 0.193899 0.868434
vt 0.184483 0.866803
vt 0.240569 0.830492
vt 0.219401 0.834454
vt 0.262609 0.827137
vt 0.241333 0.868583
vt 0.222109 0.873216
vt 0.207802 0.867941
vt 0.283200 0.826289
vt 0.283249 0.871346
vt 0.264050 0.870996
vt 0.236072 0.883533
vt 0.224368 0.882521
vt 0.215040 0.891239
vt 0.259299 0.904251
vt 0.283171 0.915922
vt 0.256830 0.911367
vt 0.283847 0.925925
vt 0.234008 0.888775
vt 0.218571 0.896368
vt 0.118941 0.852790
vt 0.096579 0.873319
vt 0.103480 0.874926
vt 0.100944 0.917220
vt 0.105783 0.914953
vt 0.114272 0.930661
vt 0.117241 0.926930
vt 0.080710 0.870954
vt 0.086530 0.916745
vt 0.100758 0.939015
vt 0.127477 0.946876
vt 0.130063 0.935401
vt 0.130826 0.930915
vt 0.068581 0.911592
vt 0.074476 0.927292
vt 0.182032 0.881366
vt 0.192051 0.885112
vt 0.205409 0.886944
vt 0.197994 0.924714
vt 0.180547 0.908806
vt 0.190455 0.916062
vt 0.171011 0.939129
vt 0.173644 0.947463
vt 0.200791 0.930749
vt 0.226736 0.901646
vt 0.174252 0.901917
vt 0.162849 0.923542
vt 0.166042 0.929313
vt 0.151184 0.935022
vt 0.151687 0.945877
vt 0.148501 0.960420
vt 0.174755 0.953325
vt 0.205034 0.934379
vt 0.238498 0.918606
vt 0.149804 0.929123
vt 0.126802 0.958104
vt 0.149574 0.966244
vt 0.176274 0.960193
vt 0.209750 0.939871
vt 0.246339 0.930784
vt 0.101241 0.949248
vt 0.101311 0.955564
vt 0.126593 0.964802
vt 0.127743 0.973685
vt 0.151955 0.974139
vt 0.177194 0.964634
vt 0.080318 0.943423
vt 0.079343 0.949906
vt 0.081903 0.961068
vt 0.104775 0.964201
vt 0.110944 0.975394
vt 0.129531 0.982757
vt 0.045124 0.938820
vt 0.045531 0.945802
vt 0.048014 0.958857
vt 0.052071 0.970013
vt 0.087732 0.971236
vt 0.042598 0.922407
vt 0.007167 0.935497
vt 0.007339 0.944083
vt 0.008370 0.958599
vt 0.009616 0.970375
vt 0.040791 0.903605
vt 0.006053 0.919293
vt 0.005630 0.901059
vt 0.213536 0.945030
vt 0.247253 0.933133
vt 0.215311 0.947843
vt 0.180318 0.975146
vt 0.178934 0.970958
vt 0.153535 0.980798
vt 0.283630 0.928278
vt 0.156794 0.994329
vt 0.154502 0.989826
vt 0.132262 0.997446
vt 0.132238 0.993923
vt 0.113327 0.987028
vt 0.114843 0.991609
vt 0.092247 0.980040
vt 0.094011 0.982267
vt 0.056282 0.980978
vt 0.055045 0.978772
vt 0.011302 0.980488
vt 0.010788 0.978252
vt 0.146512 0.563964
vt 0.126635 0.536755
vt 0.120157 0.541827
vt 0.112512 0.550090
vt 0.108479 0.559725
vt 0.134563 0.533755
vt 0.146510 0.533448
vt 0.157763 0.536617
vt 0.172553 0.544910
vt 0.183639 0.554852
vt 0.184935 0.568247
vt 0.823573 0.491825
vt 0.825648 0.485790
vt 0.850554 0.484666
vt 0.851808 0.490522
vt 0.849735 0.497952
vt 0.820096 0.497040
vt 0.805038 0.475480
vt 0.808720 0.473267
vt 0.805905 0.443418
vt 0.810372 0.444854
vt 0.889367 0.476726
vt 0.894907 0.481386
vt 0.890955 0.492337
vt 0.893403 0.496910
vt 0.848720 0.502032
vt 0.816795 0.500592
vt 0.799479 0.478047
vt 0.896165 0.466135
vt 0.902295 0.468910
vt 0.906197 0.487940
vt 0.904858 0.499071
vt 0.908364 0.504341
vt 0.900356 0.446911
vt 0.907372 0.445306
vt 0.909052 0.471417
vt 0.910533 0.485912
vt 0.929579 0.490449
vt 0.894649 0.447076
vt 0.891922 0.419877
vt 0.899416 0.417061
vt 0.909961 0.444245
vt 0.912147 0.470609
vt 0.921028 0.469980
vt 0.928685 0.486981
vt 0.887402 0.423549
vt 0.883037 0.403805
vt 0.889946 0.400652
vt 0.901709 0.415988
vt 0.911419 0.412369
vt 0.922832 0.441784
vt 0.879568 0.409571
vt 0.871273 0.392522
vt 0.878927 0.387120
vt 0.892630 0.398792
vt 0.904616 0.387838
vt 0.919160 0.409295
vt 0.869283 0.399901
vt 0.857988 0.390871
vt 0.867463 0.377530
vt 0.882216 0.384846
vt 0.892683 0.373972
vt 0.903813 0.366993
vt 0.923151 0.373157
vt 0.858194 0.397684
vt 0.829567 0.412716
vt 0.854414 0.384315
vt 0.863588 0.370078
vt 0.882401 0.359940
vt 0.871765 0.375698
vt 0.884038 0.362089
vt 0.830986 0.416331
vt 0.802113 0.439590
vt 0.825657 0.407300
vt 0.854079 0.377985
vt 0.863505 0.363761
vt 0.880519 0.343216
vt 0.879337 0.351414
vt 0.901125 0.346628
vt 0.899641 0.350597
vt 0.909814 0.312717
vt 0.907692 0.320849
vt 0.915833 0.354137
vt 0.906334 0.365712
vt 0.920293 0.345856
vt 0.948039 0.353543
vt 0.943615 0.359516
vt 0.928917 0.369694
vt 0.936505 0.403012
vt 0.922993 0.407948
vt 0.943275 0.435679
vt 0.931808 0.466832
vt 0.942803 0.399738
vt 0.977736 0.427467
vt 0.969689 0.427858
vt 0.950632 0.433794
vt 0.935086 0.466834
vt 0.951603 0.484758
vt 0.948993 0.463309
vt 0.957614 0.486249
vt 0.957509 0.465030
vt 0.988739 0.495382
vt 0.979302 0.491042
vt 0.933320 0.501789
vt 0.939354 0.507271
vt 0.822109 0.402397
vt 0.798649 0.439554
vt 0.795747 0.480003
vt 0.981428 0.293765
vt 0.979207 0.266469
vt 0.976532 0.290659
vt 0.972824 0.265271
vt 0.970670 0.228947
vt 0.961067 0.226535
vt 0.965065 0.215494
vt 0.950607 0.221019
vt 0.951712 0.213881
vt 0.930995 0.218017
vt 0.933279 0.225196
vt 0.909175 0.228583
vt 0.912591 0.235874
vt 0.974710 0.215504
vt 0.964096 0.194744
vt 0.949417 0.203633
vt 0.926877 0.204855
vt 0.904665 0.218421
vt 0.896549 0.239066
vt 0.900759 0.245843
vt 0.974048 0.188886
vt 0.958773 0.170183
vt 0.945422 0.190967
vt 0.918645 0.182746
vt 0.899624 0.208611
vt 0.886015 0.227305
vt 0.960769 0.148076
vt 0.941227 0.177567
vt 0.911677 0.164033
vt 0.894420 0.196416
vt 0.870723 0.209846
vt 0.866241 0.228434
vt 0.876486 0.239742
vt 0.887068 0.250628
vt 0.893112 0.257730
vt 0.859966 0.196468
vt 0.857172 0.220819
vt 0.853656 0.235771
vt 0.866932 0.250435
vt 0.881741 0.262577
vt 0.892341 0.269414
vt 0.887513 0.274004
vt 0.912488 0.294760
vt 0.833887 0.232963
vt 0.859315 0.254909
vt 0.876097 0.267374
vt 0.908717 0.298818
vt 0.938811 0.315179
vt 0.941210 0.312003
vt 0.968492 0.313679
vt 0.967071 0.309760
vt 0.513572 0.432454
vt 0.513664 0.436153
vt 0.512869 0.435958
vt 0.509677 0.438307
vt 0.508271 0.436675
vt 0.511225 0.435091
vt 0.512830 0.432508
vt 0.509924 0.431069
vt 0.508697 0.432013
vt 0.504618 0.429494
vt 0.502852 0.438778
vt 0.502569 0.436415
vt 0.507336 0.435146
vt 0.511335 0.433288
vt 0.507867 0.432895
vt 0.503218 0.431160
vt 0.498239 0.429063
vt 0.499024 0.427503
vt 0.496009 0.433736
vt 0.502349 0.434570
vt 0.494237 0.435930
vt 0.489849 0.429163
vt 0.491724 0.428610
vt 0.496810 0.432387
vt 0.502749 0.432207
vt 0.487620 0.429490
vt 0.488989 0.423862
vt 0.490600 0.424260
vt 0.493936 0.426853
vt 0.486704 0.423319
vt 0.488167 0.420166
vt 0.489454 0.421120
vt 0.491024 0.420553
vt 0.492338 0.423424
vt 0.494651 0.425394
vt 0.491210 0.419222
vt 0.493048 0.422588
vt 0.495291 0.424221
vt 0.493528 0.421118
vt 0.524155 0.415408
vt 0.524968 0.418896
vt 0.524371 0.418687
vt 0.521351 0.421093
vt 0.520500 0.420062
vt 0.521507 0.413572
vt 0.520702 0.414697
vt 0.516689 0.413245
vt 0.514935 0.421270
vt 0.514145 0.419703
vt 0.520254 0.418423
vt 0.523486 0.416078
vt 0.520373 0.416036
vt 0.515752 0.414288
vt 0.510768 0.411449
vt 0.506662 0.419583
vt 0.507501 0.417864
vt 0.514255 0.417973
vt 0.515068 0.415552
vt 0.500877 0.414084
vt 0.502806 0.413202
vt 0.508376 0.416226
vt 0.509650 0.414002
vt 0.510273 0.412813
vt 0.499483 0.414344
vt 0.498668 0.409271
vt 0.499957 0.408878
vt 0.502021 0.407437
vt 0.504908 0.411299
vt 0.505691 0.410044
vt 0.497533 0.408950
vt 0.497383 0.405272
vt 0.498473 0.405755
vt 0.500174 0.404725
vt 0.502994 0.406207
vt 0.497071 0.405013
vt 0.500397 0.403629
vt 0.503135 0.405145
vt 0.505838 0.408716
vt 0.536099 0.398889
vt 0.534811 0.403150
vt 0.534323 0.402590
vt 0.529948 0.404153
vt 0.529624 0.402376
vt 0.533844 0.401364
vt 0.535312 0.398708
vt 0.533341 0.395297
vt 0.532045 0.396171
vt 0.527282 0.392333
vt 0.522279 0.401757
vt 0.522490 0.399966
vt 0.530302 0.400393
vt 0.534369 0.399246
vt 0.531360 0.397736
vt 0.526168 0.393526
vt 0.520651 0.388752
vt 0.513783 0.397105
vt 0.514686 0.395801
vt 0.523408 0.397981
vt 0.508101 0.389514
vt 0.516144 0.394097
vt 0.518539 0.391405
vt 0.525119 0.395066
vt 0.519814 0.389908
vt 0.514987 0.385936
vt 0.515854 0.384584
vt 0.506596 0.389817
vt 0.507219 0.384212
vt 0.509025 0.383897
vt 0.510414 0.388703
vt 0.513564 0.387034
vt 0.506075 0.383358
vt 0.507603 0.379360
vt 0.508656 0.380345
vt 0.510910 0.379866
vt 0.511751 0.382941
vt 0.511612 0.378666
vt 0.513172 0.382077
vt 0.513812 0.380880
vt 0.553441 0.381287
vt 0.551561 0.384849
vt 0.546411 0.385849
vt 0.546560 0.384143
vt 0.550929 0.383677
vt 0.552580 0.381276
vt 0.550345 0.377053
vt 0.549243 0.378228
vt 0.543684 0.372787
vt 0.538470 0.383165
vt 0.539147 0.381207
vt 0.540079 0.379189
vt 0.547199 0.382238
vt 0.551519 0.381663
vt 0.548419 0.379611
vt 0.542632 0.374470
vt 0.530965 0.377482
vt 0.532238 0.375471
vt 0.534105 0.372373
vt 0.541686 0.376177
vt 0.529837 0.379188
vt 0.522126 0.370320
vt 0.523987 0.369377
vt 0.526695 0.367652
vt 0.528084 0.366453
vt 0.535132 0.370459
vt 0.520339 0.371202
vt 0.518820 0.364738
vt 0.520347 0.364189
vt 0.522847 0.363160
vt 0.524326 0.362397
vt 0.528292 0.365028
vt 0.535752 0.369135
vt 0.517429 0.364614
vt 0.519159 0.359970
vt 0.521817 0.360254
vt 0.522455 0.359344
vt 0.524969 0.361538
vt 0.518772 0.359466
vt 0.564970 0.356475
vt 0.564155 0.360970
vt 0.563140 0.360208
vt 0.559777 0.362754
vt 0.559229 0.361023
vt 0.562348 0.359218
vt 0.562717 0.357142
vt 0.563831 0.356562
vt 0.562015 0.353530
vt 0.560446 0.354987
vt 0.555311 0.351361
vt 0.552140 0.361886
vt 0.552121 0.359876
vt 0.559250 0.359190
vt 0.559822 0.356440
vt 0.542880 0.359394
vt 0.543707 0.357053
vt 0.552515 0.357773
vt 0.553400 0.354795
vt 0.554047 0.353235
vt 0.547938 0.348702
vt 0.535262 0.352770
vt 0.544510 0.355064
vt 0.545935 0.352182
vt 0.546850 0.350524
vt 0.540019 0.347126
vt 0.540991 0.344843
vt 0.533652 0.353993
vt 0.531256 0.347670
vt 0.536830 0.350983
vt 0.539001 0.348487
vt 0.529839 0.347870
vt 0.529760 0.343587
vt 0.531141 0.343650
vt 0.532914 0.346421
vt 0.534995 0.344446
vt 0.535941 0.342947
vt 0.528671 0.343081
vt 0.532995 0.340586
vt 0.532986 0.342051
vt 0.536351 0.341376
vt 0.473688 0.950987
vt 0.484499 0.950987
vt 0.481333 0.958632
vt 0.487328 0.964627
vt 0.473688 0.970277
vt 0.473688 0.961799
vt 0.481333 0.943343
vt 0.487328 0.937348
vt 0.492977 0.950987
vt 0.501937 0.950987
vt 0.493663 0.970962
vt 0.473688 0.940176
vt 0.473688 0.931698
vt 0.473688 0.922738
vt 0.493663 0.931012
vt 0.498515 0.926161
vt 0.508798 0.950987
vt 0.466043 0.943343
vt 0.460048 0.937348
vt 0.453713 0.931012
vt 0.448861 0.926161
vt 0.473688 0.915877
vt 0.462877 0.950987
vt 0.454399 0.950987
vt 0.445439 0.950987
vt 0.438578 0.950987
vt 0.466043 0.958632
vt 0.460048 0.964627
vt 0.453713 0.970962
vt 0.448861 0.975814
vt 0.473688 0.986097
vt 0.498515 0.975814
vt 0.473688 0.979236
s 1
g off
g Lulu_Material
usemtl Material
f 157/1/1 2996/1/2 2995/2/3
f 136/3/4 157/1/1 2995/2/3
f 158/3/5 157/1/1 136/3/4
f 158/3/5 136/3/4 135/4/6
f 115/4/7 158/3/5 135/4/6
f 135/4/6 113/5/8 115/4/7
f 111/6/9 115/4/7 113/5/8
f 111/6/9 113/5/8 160/7/10
f 2995/2/3 2994/8/11 136/3/4
f 2994/8/11 135/4/6 136/3/4
f 113/5/8 135/4/6 2994/8/11
f 2989/9/12 113/5/8 2994/8/11
f 159/10/13 113/5/8 2989/9/12
f 113/5/8 159/10/13 160/7/10
f 110/11/14 160/7/10 159/10/13
f 112/12/15 110/11/14 159/10/13
f 112/12/15 3085/13/16 110/11/14
f 3017/14/17 110/11/14 3085/13/16
f 3086/15/18 3017/14/17 3085/13/16
f 3018/16/19 3017/14/17 3086/15/18
f 2991/17/20 159/10/13 2989/9/12
f 112/12/15 159/10/13 2991/17/20
f 3004/18/21 112/12/15 2991/17/20
f 112/12/15 3004/18/21 3078/19/22
f 3085/13/16 112/12/15 3078/19/22
f 3086/15/18 3085/13/16 3078/19/22
f 3086/15/18 3078/19/22 3071/20/23
f 3071/20/23 3018/16/19 3086/15/18
f 3057/21/24 3018/16/19 3071/20/23
f 3084/22/25 3057/21/24 3071/20/23
f 3057/21/24 3084/22/25 3076/23/26
f 3065/24/27 3057/21/24 3076/23/26
f 3004/18/21 3012/25/28 3078/19/22
f 3012/25/28 3013/26/29 3078/19/22
f 3013/26/29 3070/27/30 3078/19/22
f 3078/19/22 3070/27/30 3071/20/23
f 3071/20/23 3070/27/30 3084/22/25
f 3070/27/30 3079/28/31 3084/22/25
f 3079/28/31 3077/29/32 3084/22/25
f 3077/29/32 3076/23/26 3084/22/25
f 3077/29/32 3062/30/33 3076/23/26
f 3062/30/33 3069/31/34 3076/23/26
f 3065/24/27 3076/23/26 3069/31/34
f 3068/32/35 3065/24/27 3069/31/34
f 3013/26/29 3055/33/36 3070/27/30
f 3055/33/36 3079/28/31 3070/27/30
f 3079/28/31 3055/33/36 3077/29/32
f 3055/33/36 3054/34/37 3077/29/32
f 3054/34/37 3053/35/38 3077/29/32
f 3053/35/38 3062/30/33 3077/29/32
f 3062/30/33 3053/35/38 3075/36/39
f 3062/30/33 3075/36/39 3069/31/34
f 3075/36/39 3083/37/40 3069/31/34
f 3068/32/35 3069/31/34 3083/37/40
f 3067/38/41 3068/32/35 3083/37/40
f 3067/38/41 3083/37/40 1819/39/42
f 1759/40/43 3067/38/41 1819/39/42
f 1759/40/43 1819/39/42 1818/41/44
f 1758/42/45 1759/40/43 1818/41/44
f 3053/35/38 3059/43/46 3075/36/39
f 3075/36/39 3059/43/46 1807/44/47
f 3075/36/39 1807/44/47 3083/37/40
f 1807/44/47 1819/39/42 3083/37/40
f 1807/44/47 1815/45/48 1819/39/42
f 1815/45/48 1818/41/44 1819/39/42
f 1815/45/48 1804/46/49 1818/41/44
f 1804/46/49 1803/47/50 1818/41/44
f 1758/42/45 1818/41/44 1803/47/50
f 1780/48/51 1758/42/45 1803/47/50
f 1780/48/51 1803/47/50 1837/49/52
f 1789/50/53 1780/48/51 1837/49/52
f 3059/43/46 1795/51/54 1807/44/47
f 1807/44/47 1795/51/54 1815/45/48
f 1795/51/54 1762/52/55 1815/45/48
f 1815/45/48 1762/52/55 1804/46/49
f 1762/52/55 1794/53/56 1804/46/49
f 1794/53/56 1735/54/57 1804/46/49
f 1735/54/57 1805/55/58 1804/46/49
f 1805/55/58 1811/56/59 1804/46/49
f 1811/56/59 1803/47/50 1804/46/49
f 1811/56/59 1836/57/60 1803/47/50
f 1836/57/60 1837/49/52 1803/47/50
f 1836/57/60 1969/58/61 1837/49/52
f 1969/58/61 1959/59/62 1837/49/52
f 1789/50/53 1837/49/52 1959/59/62
f 1810/60/63 1789/50/53 1959/59/62
f 1735/54/57 2338/61/64 1805/55/58
f 2338/61/64 2076/62/65 1805/55/58
f 2076/62/65 2058/63/66 1805/55/58
f 2058/63/66 1811/56/59 1805/55/58
f 2058/63/66 2067/64/67 1811/56/59
f 2067/64/67 1836/57/60 1811/56/59
f 1969/58/61 1836/57/60 2067/64/67
f 2403/65/68 1969/58/61 2067/64/67
f 1962/66/69 1969/58/61 2403/65/68
f 1969/58/61 1962/66/69 1959/59/62
f 1962/66/69 1957/67/70 1959/59/62
f 1810/60/63 1959/59/62 1957/67/70
f 1813/68/71 1810/60/63 1957/67/70
f 2076/62/65 2338/61/64 2068/55/72
f 2076/62/65 2068/55/72 2058/63/66
f 2068/55/72 2134/56/73 2058/63/66
f 2067/64/67 2058/63/66 2134/56/73
f 2066/57/74 2067/64/67 2134/56/73
f 2067/64/67 2066/57/74 2051/58/75
f 2403/65/68 2067/64/67 2051/58/75
f 2403/65/68 2051/58/75 2363/66/76
f 2069/69/77 2403/65/68 2363/66/76
f 2069/69/77 1962/66/69 2403/65/68
f 2338/61/64 2339/54/78 2068/55/72
f 2068/55/72 2339/54/78 2152/46/79
f 2068/55/72 2152/46/79 2134/56/73
f 2152/46/79 2151/47/80 2134/56/73
f 2066/57/74 2134/56/73 2151/47/80
f 2063/49/81 2066/57/74 2151/47/80
f 2051/58/75 2066/57/74 2063/49/81
f 2052/59/82 2051/58/75 2063/49/81
f 2363/66/76 2051/58/75 2052/59/82
f 2339/54/78 2344/53/83 2152/46/79
f 2152/46/79 2344/53/83 2346/52/84
f 2073/45/85 2152/46/79 2346/52/84
f 2152/46/79 2073/45/85 2082/41/86
f 2151/47/80 2152/46/79 2082/41/86
f 2082/41/86 2441/42/87 2151/47/80
f 2441/42/87 2081/48/88 2151/47/80
f 2151/47/80 2081/48/88 2078/50/89
f 2063/49/81 2151/47/80 2078/50/89
f 2063/49/81 2078/50/89 2079/60/90
f 2052/59/82 2063/49/81 2079/60/90
f 2073/45/85 2346/52/84 2274/51/91
f 2075/44/92 2073/45/85 2274/51/91
f 2073/45/85 2075/44/92 2074/39/93
f 2082/41/86 2073/45/85 2074/39/93
f 2074/39/93 2458/40/94 2082/41/86
f 2458/40/94 2441/42/87 2082/41/86
f 2075/44/92 2274/51/91 2275/43/95
f 2136/36/96 2075/44/92 2275/43/95
f 2075/44/92 2136/36/96 2135/37/97
f 2074/39/93 2075/44/92 2135/37/97
f 2135/37/97 2556/38/98 2074/39/93
f 2556/38/98 2458/40/94 2074/39/93
f 2136/36/96 2275/43/95 2145/35/99
f 2138/30/100 2136/36/96 2145/35/99
f 2136/36/96 2138/30/100 2148/31/101
f 2135/37/97 2136/36/96 2148/31/101
f 2148/31/101 2555/32/102 2135/37/97
f 2555/32/102 2556/38/98 2135/37/97
f 2138/30/100 2145/35/99 2084/29/103
f 2138/30/100 2084/29/103 2083/23/104
f 2148/31/101 2138/30/100 2083/23/104
f 2083/23/104 2564/24/105 2148/31/101
f 2564/24/105 2555/32/102 2148/31/101
f 2145/35/99 2286/34/106 2084/29/103
f 2084/29/103 2286/34/106 2285/33/107
f 2158/28/108 2084/29/103 2285/33/107
f 2084/29/103 2158/28/108 2140/22/109
f 2083/23/104 2084/29/103 2140/22/109
f 2140/22/109 2280/21/110 2083/23/104
f 2280/21/110 2564/24/105 2083/23/104
f 2158/28/108 2285/33/107 2157/27/111
f 2140/22/109 2158/28/108 2157/27/111
f 2160/20/112 2140/22/109 2157/27/111
f 2140/22/109 2160/20/112 2280/21/110
f 2160/20/112 2332/16/113 2280/21/110
f 2332/16/113 2160/20/112 2137/15/114
f 2330/14/115 2332/16/113 2137/15/114
f 2330/14/115 2137/15/114 2159/13/116
f 2170/11/117 2330/14/115 2159/13/116
f 2285/33/107 1945/26/118 2157/27/111
f 2157/27/111 1945/26/118 2141/19/119
f 2157/27/111 2141/19/119 2160/20/112
f 2141/19/119 2137/15/114 2160/20/112
f 2137/15/114 2141/19/119 2159/13/116
f 2141/19/119 2162/12/120 2159/13/116
f 2170/11/117 2159/13/116 2162/12/120
f 2162/12/120 2161/10/121 2170/11/117
f 2161/10/121 2235/7/122 2170/11/117
f 2161/10/121 2217/5/123 2235/7/122
f 2217/5/123 2166/6/124 2235/7/122
f 2217/5/123 2176/4/125 2166/6/124
f 1945/26/118 2023/25/126 2141/19/119
f 2141/19/119 2023/25/126 1944/18/127
f 2162/12/120 2141/19/119 1944/18/127
f 2162/12/120 1944/18/127 1728/17/128
f 2161/10/121 2162/12/120 1728/17/128
f 2161/10/121 1728/17/128 1716/9/129
f 2217/5/123 2161/10/121 1716/9/129
f 2217/5/123 1716/9/129 1714/8/130
f 2169/4/131 2217/5/123 1714/8/130
f 2176/4/125 2217/5/123 2169/4/131
f 2150/3/132 2176/4/125 2169/4/131
f 2149/3/133 2150/3/132 2169/4/131
f 2149/3/133 2238/1/134 2150/3/132
f 2238/1/134 2149/3/133 1713/2/135
f 1708/1/136 2238/1/134 1713/2/135
f 2169/4/131 1714/8/130 2149/3/133
f 1714/8/130 1713/2/135 2149/3/133
s 2
f 2050/70/137 2117/70/138 2293/71/139
f 2111/70/140 2050/70/137 2293/71/139
f 2115/72/141 2050/70/137 2111/70/140
f 2114/72/142 2115/72/141 2111/70/140
f 2903/72/143 2115/72/141 2114/72/142
f 2842/72/144 2903/72/143 2114/72/142
f 2842/72/144 2841/72/145 2903/72/143
f 2841/72/145 2901/72/146 2903/72/143
f 2841/72/145 2825/70/147 2901/72/146
f 2825/70/147 2848/70/148 2901/72/146
f 2825/70/147 2843/71/149 2848/70/148
f 2843/71/149 2828/70/150 2848/70/148
s 3
f 2780/73/151 2751/74/152 2752/75/153
f 2751/74/152 2749/76/154 2752/75/153
f 2752/75/153 2749/76/154 2704/77/155
f 2749/76/154 2702/78/156 2704/77/155
f 2704/77/155 2702/78/156 2768/79/157
f 2737/80/158 2704/77/155 2768/79/157
f 2737/80/158 2768/79/157 2796/81/159
f 2766/82/160 2737/80/158 2796/81/159
f 2751/74/152 2779/83/161 2749/76/154
f 2779/83/161 2753/84/162 2749/76/154
f 2749/76/154 2753/84/162 2702/78/156
f 2753/84/162 2703/85/163 2702/78/156
f 2702/78/156 2703/85/163 2768/79/157
f 2703/85/163 2745/86/164 2768/79/157
f 2745/86/164 2719/87/165 2768/79/157
f 2719/87/165 2796/81/159 2768/79/157
f 2719/87/165 2740/88/166 2796/81/159
f 2740/88/166 2711/89/167 2796/81/159
f 2766/82/160 2796/81/159 2711/89/167
f 2765/90/168 2766/82/160 2711/89/167
f 2779/83/161 2730/91/169 2753/84/162
f 2730/91/169 2729/92/170 2753/84/162
f 2753/84/162 2729/92/170 2703/85/163
f 2729/92/170 2785/93/171 2703/85/163
f 2703/85/163 2785/93/171 2745/86/164
f 2785/93/171 2781/94/172 2745/86/164
f 2781/94/172 2732/95/173 2745/86/164
f 2732/95/173 2719/87/165 2745/86/164
f 2732/95/173 2731/96/174 2719/87/165
f 2731/96/174 2740/88/166 2719/87/165
f 2729/92/170 2730/91/169 2784/97/175
f 2805/98/176 2729/92/170 2784/97/175
f 2729/92/170 2805/98/176 2785/93/171
f 2805/98/176 2787/99/177 2785/93/171
f 2785/93/171 2787/99/177 2781/94/172
f 2787/99/177 2782/100/178 2781/94/172
f 2782/100/178 2716/101/179 2781/94/172
f 2716/101/179 2732/95/173 2781/94/172
f 2716/101/179 2783/102/180 2732/95/173
f 2783/102/180 2731/96/174 2732/95/173
f 2784/97/175 2786/103/181 2805/98/176
f 2786/103/181 2788/104/182 2805/98/176
f 2788/104/182 2782/100/178 2805/98/176
f 2782/100/178 2787/99/177 2805/98/176
f 2788/104/182 2786/103/181 2761/105/183
f 2782/100/178 2788/104/182 2761/105/183
f 2716/101/179 2782/100/178 2761/105/183
f 2761/105/183 2735/106/184 2716/101/179
f 2735/106/184 2783/102/180 2716/101/179
f 2786/103/181 2735/106/184 2761/105/183
s 4
f 3167/74/185 3457/73/186 3456/75/187
f 3170/76/188 3167/74/185 3456/75/187
f 3149/83/189 3167/74/185 3170/76/188
f 3146/84/190 3149/83/189 3170/76/188
f 3221/91/191 3149/83/189 3146/84/190
f 3196/92/192 3221/91/191 3146/84/190
f 3221/91/191 3196/92/192 3199/97/193
f 3170/76/188 3456/75/187 3620/77/194
f 3618/78/195 3170/76/188 3620/77/194
f 3146/84/190 3170/76/188 3618/78/195
f 3693/85/196 3146/84/190 3618/78/195
f 3196/92/192 3146/84/190 3693/85/196
f 3692/93/197 3196/92/192 3693/85/196
f 3196/92/192 3692/93/197 3183/98/198
f 3196/92/192 3183/98/198 3199/97/193
f 3819/103/199 3199/97/193 3183/98/198
f 3443/79/200 3618/78/195 3620/77/194
f 3693/85/196 3618/78/195 3443/79/200
f 3449/86/201 3693/85/196 3443/79/200
f 3692/93/197 3693/85/196 3449/86/201
f 3617/94/202 3692/93/197 3449/86/201
f 3689/99/203 3692/93/197 3617/94/202
f 3692/93/197 3689/99/203 3183/98/198
f 3689/99/203 3619/100/204 3183/98/198
f 3619/100/204 3818/104/205 3183/98/198
f 3818/104/205 3819/103/199 3183/98/198
f 3437/80/206 3443/79/200 3620/77/194
f 3443/79/200 3437/80/206 3147/81/207
f 3147/81/207 3162/87/208 3443/79/200
f 3162/87/208 3449/86/201 3443/79/200
f 3162/87/208 3219/95/209 3449/86/201
f 3219/95/209 3617/94/202 3449/86/201
f 3219/95/209 3611/101/210 3617/94/202
f 3611/101/210 3619/100/204 3617/94/202
f 3619/100/204 3689/99/203 3617/94/202
f 3437/80/206 3428/82/211 3147/81/207
f 3147/81/207 3428/82/211 3425/89/212
f 3425/89/212 3433/88/213 3147/81/207
f 3433/88/213 3162/87/208 3147/81/207
f 3433/88/213 3186/96/214 3162/87/208
f 3186/96/214 3219/95/209 3162/87/208
f 3186/96/214 3612/102/215 3219/95/209
f 3612/102/215 3611/101/210 3219/95/209
f 3612/102/215 3632/106/216 3611/101/210
f 3632/106/216 3631/105/217 3611/101/210
f 3619/100/204 3611/101/210 3631/105/217
f 3428/82/211 3426/90/218 3425/89/212
f 3818/104/205 3619/100/204 3631/105/217
f 3818/104/205 3631/105/217 3819/103/199
f 3631/105/217 3632/106/216 3819/103/199
s 5
f 3411/107/219 3416/108/220 3421/109/221
f 3373/110/222 3411/107/219 3421/109/221
f 3472/111/223 3411/107/219 3373/110/222
f 3392/112/224 3472/111/223 3373/110/222
f 3414/113/225 3472/111/223 3392/112/224
f 3413/114/226 3414/113/225 3392/112/224
f 3391/115/227 3414/113/225 3413/114/226
f 3381/116/228 3414/113/225 3391/115/227
f 3385/117/229 3381/116/228 3391/115/227
f 3381/116/228 3385/117/229 3789/118/230
f 3385/117/229 3790/119/231 3789/118/230
f 3604/120/232 3789/118/230 3790/119/231
f 3722/121/233 3604/120/232 3790/119/231
f 3384/122/234 3391/115/227 3413/114/226
f 3391/115/227 3384/122/234 3385/117/229
f 3384/122/234 3410/123/235 3385/117/229
f 3385/117/229 3410/123/235 3714/124/236
f 3790/119/231 3385/117/229 3714/124/236
f 3722/121/233 3790/119/231 3714/124/236
f 3723/125/237 3722/121/233 3714/124/236
f 3598/126/238 3723/125/237 3714/124/236
f 3715/127/239 3598/126/238 3714/124/236
f 3384/122/234 3413/114/226 3420/128/240
f 3410/123/235 3384/122/234 3420/128/240
f 3420/128/240 3715/127/239 3410/123/235
f 3715/127/239 3714/124/236 3410/123/235
s 6
f 4193/109/241 4537/108/242 4188/107/243
f 4192/110/244 4193/109/241 4188/107/243
f 4192/110/244 4188/107/243 4197/111/245
f 4539/112/246 4192/110/244 4197/111/245
f 4197/111/245 4196/113/247 4539/112/246
f 4196/113/247 4191/114/248 4539/112/246
f 4196/113/247 4544/115/249 4191/114/248
f 4544/115/249 4352/122/250 4191/114/248
f 4191/114/248 4352/122/250 4367/128/251
f 4352/122/250 4368/123/252 4367/128/251
f 3887/127/253 4367/128/251 4368/123/252
f 3896/124/254 3887/127/253 4368/123/252
f 3477/126/255 3887/127/253 3896/124/254
f 4196/113/247 4204/116/256 4544/115/249
f 4204/116/256 4538/117/257 4544/115/249
f 4352/122/250 4544/115/249 4538/117/257
f 4368/123/252 4352/122/250 4538/117/257
f 3896/124/254 4368/123/252 4538/117/257
f 3875/119/258 3896/124/254 4538/117/257
f 3875/119/258 3499/121/259 3896/124/254
f 3499/121/259 3479/125/260 3896/124/254
f 3479/125/260 3477/126/255 3896/124/254
f 4538/117/257 4204/116/256 3866/118/261
f 3875/119/258 4538/117/257 3866/118/261
f 3866/118/261 3480/120/262 3875/119/258
f 3480/120/262 3499/121/259 3875/119/258
s 7
f 4525/129/263 4233/130/264 4520/131/265
f 4233/130/264 4088/132/266 4520/131/265
f 4520/131/265 4088/132/266 4499/133/267
f 4088/132/266 4082/134/268 4499/133/267
f 4499/133/267 4082/134/268 4190/135/269
f 4082/134/268 4236/136/270 4190/135/269
f 4082/134/268 4787/137/271 4236/136/270
f 4787/137/271 4788/138/272 4236/136/270
f 4233/130/264 4315/139/273 4088/132/266
f 4315/139/273 4084/140/274 4088/132/266
f 4088/132/266 4084/140/274 4082/134/268
f 4084/140/274 4787/137/271 4082/134/268
f 4721/141/275 4787/137/271 4084/140/274
f 4721/141/275 4720/142/276 4787/137/271
f 4720/142/276 4788/138/272 4787/137/271
f 4283/143/277 4721/141/275 4084/140/274
f 4768/144/278 4721/141/275 4283/143/277
f 4768/144/278 4726/145/279 4721/141/275
f 4726/145/279 4720/142/276 4721/141/275
f 4084/140/274 3890/146/280 4283/143/277
f 3890/146/280 4282/147/281 4283/143/277
f 4283/143/277 4282/147/281 4230/148/282
f 4731/149/283 4283/143/277 4230/148/282
f 4731/149/283 4768/144/278 4283/143/277
f 4768/144/278 4731/149/283 4767/150/284
f 4726/145/279 4768/144/278 4767/150/284
f 4282/147/281 3890/146/280 3530/151/285
f 4282/147/281 3530/151/285 4237/152/286
f 4237/152/286 4234/153/287 4282/147/281
f 4234/153/287 4264/154/288 4282/147/281
f 4282/147/281 4264/154/288 4230/148/282
f 3530/151/285 3891/155/289 4237/152/286
f 4309/156/290 4237/152/286 3891/155/289
f 4310/157/291 4237/152/286 4309/156/290
f 4310/157/291 4083/158/292 4237/152/286
f 4083/158/292 4234/153/287 4237/152/286
f 4231/159/293 4310/157/291 4309/156/290
f 4264/154/288 4229/160/294 4230/148/282
f 4229/160/294 4267/161/295 4230/148/282
f 4267/161/295 4228/162/296 4230/148/282
f 4230/148/282 4228/162/296 4728/163/297
f 4731/149/283 4230/148/282 4728/163/297
f 4731/149/283 4728/163/297 4767/150/284
f 4767/150/284 4728/163/297 3535/164/298
f 4728/163/297 3536/165/299 3535/164/298
f 3535/164/298 3536/165/299 4460/166/300
f 4228/162/296 4267/161/295 4207/167/301
f 4208/168/302 4228/162/296 4207/167/301
f 4212/169/303 4208/168/302 4207/167/301
f 4214/170/304 4212/169/303 4207/167/301
f 4212/169/303 4214/170/304 4215/171/305
f 4214/170/304 4217/172/306 4215/171/305
f 3536/165/299 4462/173/307 4460/166/300
f 4460/166/300 4462/173/307 4552/174/308
f 4462/173/307 4553/175/309 4552/174/308
f 4219/176/310 4728/163/297 4228/162/296
f 4220/177/311 4219/176/310 4228/162/296
f 4219/176/310 4220/177/311 4601/178/312
f 4220/177/311 4594/179/313 4601/178/312
f 4601/178/312 4594/179/313 4592/180/314
f 4594/179/313 4593/181/315 4592/180/314
s 8
f 4662/182/316 4666/183/317 4758/184/318
f 4645/185/319 4662/182/316 4758/184/318
f 3932/186/320 4662/182/316 4645/185/319
f 3931/187/321 3932/186/320 4645/185/319
f 3966/188/322 3932/186/320 3931/187/321
f 3965/189/323 3966/188/322 3931/187/321
f 3966/188/322 3965/189/323 4435/190/324
f 4476/191/325 3966/188/322 4435/190/324
f 4645/185/319 4758/184/318 4677/192/326
f 4645/185/319 4677/192/326 3931/187/321
f 4677/192/326 4400/193/327 3931/187/321
f 3965/189/323 3931/187/321 4400/193/327
f 3973/194/328 3965/189/323 4400/193/327
f 3973/194/328 4118/195/329 3965/189/323
f 4118/195/329 4435/190/324 3965/189/323
f 4758/184/318 4679/196/330 4677/192/326
f 4677/192/326 4679/196/330 4609/197/331
f 4677/192/326 4609/197/331 4395/198/332
f 4400/193/327 4677/192/326 4395/198/332
f 4400/193/327 4395/198/332 3973/194/328
f 4395/198/332 4426/199/333 3973/194/328
f 3973/194/328 4426/199/333 4118/195/329
f 4426/199/333 3979/200/334 4118/195/329
f 3979/200/334 4114/201/335 4118/195/329
f 4114/201/335 4130/202/336 4118/195/329
f 4435/190/324 4118/195/329 4130/202/336
f 4679/196/330 4628/203/337 4609/197/331
f 4609/197/331 4628/203/337 4625/204/338
f 4624/205/339 4609/197/331 4625/204/338
f 4624/205/339 3920/206/340 4609/197/331
f 3920/206/340 4395/198/332 4609/197/331
f 4426/199/333 4395/198/332 3920/206/340
f 4424/207/341 4426/199/333 3920/206/340
f 4426/199/333 4424/207/341 3979/200/334
f 4424/207/341 4492/208/342 3979/200/334
f 3979/200/334 4492/208/342 4114/201/335
f 4492/208/342 4493/209/343 4114/201/335
f 4114/201/335 4493/209/343 4115/210/344
f 4114/201/335 4115/210/344 4130/202/336
f 4625/204/338 4453/211/345 4624/205/339
f 4453/211/345 4598/212/346 4624/205/339
f 4624/205/339 4598/212/346 3920/206/340
f 4598/212/346 3921/213/347 3920/206/340
f 3920/206/340 3921/213/347 4424/207/341
f 3921/213/347 4430/214/348 4424/207/341
f 4492/208/342 4424/207/341 4430/214/348
f 3982/215/349 4492/208/342 4430/214/348
f 4492/208/342 3982/215/349 4493/209/343
f 3982/215/349 4117/216/350 4493/209/343
f 4490/217/351 4493/209/343 4117/216/350
f 4493/209/343 4490/217/351 4115/210/344
f 4598/212/346 4453/211/345 4318/218/352
f 4051/219/353 4598/212/346 4318/218/352
f 3921/213/347 4598/212/346 4051/219/353
f 3929/220/354 3921/213/347 4051/219/353
f 4430/214/348 3921/213/347 3929/220/354
f 3968/221/355 4430/214/348 3929/220/354
f 3982/215/349 4430/214/348 3968/221/355
f 4491/222/356 3982/215/349 3968/221/355
f 3982/215/349 4491/222/356 4117/216/350
f 4491/222/356 4489/223/357 4117/216/350
f 4117/216/350 4489/223/357 4119/224/358
f 4119/224/358 4490/217/351 4117/216/350
f 4051/219/353 4318/218/352 4050/225/359
f 4051/219/353 4050/225/359 3930/226/360
f 3929/220/354 4051/219/353 3930/226/360
f 3929/220/354 3930/226/360 3967/227/361
f 3968/221/355 3929/220/354 3967/227/361
f 3967/227/361 3980/228/362 3968/221/355
f 3980/228/362 4491/222/356 3968/221/355
f 4491/222/356 3980/228/362 4116/229/363
f 4489/223/357 4491/222/356 4116/229/363
f 4489/223/357 4116/229/363 4486/230/364
f 4489/223/357 4486/230/364 4119/224/358
f 4318/218/352 4052/231/365 4050/225/359
f 4058/232/366 4050/225/359 4052/231/365
f 4050/225/359 4058/232/366 4399/233/367
f 3930/226/360 4050/225/359 4399/233/367
f 3930/226/360 4399/233/367 4419/234/368
f 3967/227/361 3930/226/360 4419/234/368
f 4419/234/368 4420/235/369 3967/227/361
f 4420/235/369 3980/228/362 3967/227/361
f 4420/235/369 4422/236/370 3980/228/362
f 4422/236/370 4116/229/363 3980/228/362
f 4320/237/371 4058/232/366 4052/231/365
f 4058/232/366 4320/237/371 3995/238/372
f 4058/232/366 3995/238/372 4394/239/373
f 4399/233/367 4058/232/366 4394/239/373
f 4399/233/367 4394/239/373 3922/240/374
f 4419/234/368 4399/233/367 3922/240/374
f 3922/240/374 3961/241/375 4419/234/368
f 3961/241/375 4420/235/369 4419/234/368
f 3961/241/375 3963/242/376 4420/235/369
f 3963/242/376 4422/236/370 4420/235/369
f 4320/237/371 3993/243/377 3995/238/372
f 3995/238/372 3993/243/377 3992/244/378
f 3995/238/372 3992/244/378 3927/245/379
f 4394/239/373 3995/238/372 3927/245/379
f 3927/245/379 4421/246/380 4394/239/373
f 4421/246/380 3922/240/374 4394/239/373
f 3922/240/374 4421/246/380 3962/247/381
f 3961/241/375 3922/240/374 3962/247/381
f 3962/247/381 3964/248/382 3961/241/375
f 3964/248/382 3963/242/376 3961/241/375
f 3993/243/377 4286/249/383 3992/244/378
f 3992/244/378 4286/249/383 4043/250/384
f 3992/244/378 4043/250/384 3927/245/379
f 4043/250/384 4393/251/385 3927/245/379
f 4421/246/380 3927/245/379 4393/251/385
f 3972/252/386 4421/246/380 4393/251/385
f 3962/247/381 4421/246/380 3972/252/386
f 3969/253/387 3962/247/381 3972/252/386
f 3969/253/387 3970/254/388 3962/247/381
f 3970/254/388 3964/248/382 3962/247/381
f 4286/249/383 4044/255/389 4043/250/384
f 4043/250/384 4044/255/389 4312/256/390
f 4047/257/391 4043/250/384 4312/256/390
f 4393/251/385 4043/250/384 4047/257/391
f 4398/258/392 4393/251/385 4047/257/391
f 4393/251/385 4398/258/392 3972/252/386
f 4398/258/392 4429/259/393 3972/252/386
f 3972/252/386 4429/259/393 3969/253/387
f 4429/259/393 4423/260/394 3969/253/387
f 3969/253/387 4423/260/394 3970/254/388
f 4047/257/391 4312/256/390 4045/261/395
f 4311/262/396 4047/257/391 4045/261/395
f 4398/258/392 4047/257/391 4311/262/396
f 3928/263/397 4398/258/392 4311/262/396
f 4429/259/393 4398/258/392 3928/263/397
f 4434/264/398 4429/259/393 3928/263/397
f 4423/260/394 4429/259/393 4434/264/398
f 4481/265/399 4423/260/394 4434/264/398
f 4423/260/394 4481/265/399 4425/266/400
f 4423/260/394 4425/266/400 3970/254/388
f 4425/266/400 3971/267/401 3970/254/388
f 3971/267/401 3974/268/402 3970/254/388
f 3970/254/388 3974/268/402 3964/248/382
f 3974/268/402 4428/269/403 3964/248/382
f 3964/248/382 4428/269/403 3963/242/376
f 4481/265/399 4479/270/404 4425/266/400
f 4425/266/400 4479/270/404 3971/267/401
f 4479/270/404 4475/271/405 3971/267/401
f 3971/267/401 4475/271/405 4112/272/406
f 3971/267/401 4112/272/406 3974/268/402
f 4112/272/406 4128/273/407 3974/268/402
f 4428/269/403 3974/268/402 4128/273/407
f 4131/274/408 4428/269/403 4128/273/407
f 4428/269/403 4131/274/408 3960/275/409
f 4428/269/403 3960/275/409 3963/242/376
f 3963/242/376 3960/275/409 4422/236/370
f 3960/275/409 4427/276/410 4422/236/370
f 4422/236/370 4427/276/410 4116/229/363
f 4475/271/405 3975/277/411 4112/272/406
f 3975/277/411 4508/278/412 4112/272/406
f 4508/278/412 4507/279/413 4112/272/406
f 4112/272/406 4507/279/413 4128/273/407
f 4507/279/413 4167/280/414 4128/273/407
f 4128/273/407 4167/280/414 4131/274/408
f 4167/280/414 4150/281/415 4131/274/408
f 4131/274/408 4150/281/415 4106/282/416
f 4131/274/408 4106/282/416 3960/275/409
f 4427/276/410 3960/275/409 4106/282/416
f 4111/283/417 4427/276/410 4106/282/416
f 4484/284/418 4427/276/410 4111/283/417
f 4427/276/410 4484/284/418 4116/229/363
f 4116/229/363 4484/284/418 4486/230/364
f 4486/230/364 4484/284/418 4109/285/419
f 4486/230/364 4109/285/419 4107/286/420
f 4119/224/358 4486/230/364 4107/286/420
f 4150/281/415 4149/287/421 4106/282/416
f 4149/287/421 4163/288/422 4106/282/416
f 4163/288/422 4111/283/417 4106/282/416
f 4163/288/422 4164/289/423 4111/283/417
f 4164/289/423 4120/290/424 4111/283/417
f 4120/290/424 4484/284/418 4111/283/417
f 4484/284/418 4120/290/424 4109/285/419
f 4147/291/425 4109/285/419 4120/290/424
f 4109/285/419 4147/291/425 4107/286/420
f 4147/291/425 4144/292/426 4107/286/420
f 4107/286/420 4144/292/426 4129/293/427
f 4107/286/420 4129/293/427 4490/217/351
f 4119/224/358 4107/286/420 4490/217/351
f 4164/289/423 4147/291/425 4120/290/424
f 4490/217/351 4129/293/427 4115/210/344
f 4129/293/427 4127/294/428 4115/210/344
f 4494/295/429 4115/210/344 4127/294/428
f 4115/210/344 4494/295/429 4130/202/336
f 4130/202/336 4494/295/429 4482/296/430
f 4482/296/430 4435/190/324 4130/202/336
f 4482/296/430 4483/297/431 4435/190/324
f 4483/297/431 4476/191/325 4435/190/324
f 4129/293/427 4151/298/432 4127/294/428
f 4151/298/432 4152/299/433 4127/294/428
f 4152/299/433 4146/300/434 4127/294/428
f 4146/300/434 4125/301/435 4127/294/428
f 4125/301/435 4494/295/429 4127/294/428
f 4494/295/429 4125/301/435 4113/302/436
f 4480/303/437 4494/295/429 4113/302/436
f 4494/295/429 4480/303/437 4482/296/430
f 4144/292/426 4151/298/432 4129/293/427
f 4146/300/434 4166/304/438 4125/301/435
f 4166/304/438 4113/302/436 4125/301/435
f 4166/304/438 4132/305/412 4113/302/436
f 4132/305/412 4126/306/411 4113/302/436
f 4480/303/437 4113/302/436 4126/306/411
f 4478/307/439 4480/303/437 4126/306/411
f 4482/296/430 4480/303/437 4478/307/439
f 4483/297/431 4482/296/430 4478/307/439
s 9
f 4708/184/440 4784/183/441 4711/182/442
f 4783/185/443 4708/184/440 4711/182/442
f 4783/185/443 4682/192/444 4708/184/440
f 4682/192/444 4700/196/445 4708/184/440
f 4682/192/444 4405/197/446 4700/196/445
f 4405/197/446 4575/203/447 4700/196/445
f 4403/204/448 4575/203/447 4405/197/446
f 4783/185/443 4711/182/442 4375/186/449
f 4373/187/450 4783/185/443 4375/186/449
f 4783/185/443 4373/187/450 4682/192/444
f 4373/187/450 4564/193/451 4682/192/444
f 4564/193/451 4443/198/452 4682/192/444
f 4443/198/452 4405/197/446 4682/192/444
f 4405/197/446 4443/198/452 4619/206/453
f 4404/205/454 4405/197/446 4619/206/453
f 4404/205/454 4403/204/448 4405/197/446
f 4403/204/448 4404/205/454 4463/212/455
f 4466/211/456 4403/204/448 4463/212/455
f 4373/187/450 4375/186/449 4385/188/457
f 4386/189/458 4373/187/450 4385/188/457
f 4564/193/451 4373/187/450 4386/189/458
f 4573/194/459 4564/193/451 4386/189/458
f 4564/193/451 4573/194/459 4443/198/452
f 4573/194/459 4389/199/460 4443/198/452
f 4443/198/452 4389/199/460 4619/206/453
f 4389/199/460 4390/207/461 4619/206/453
f 4619/206/453 4390/207/461 4616/213/462
f 4619/206/453 4616/213/462 4463/212/455
f 4404/205/454 4619/206/453 4463/212/455
f 4416/190/463 4386/189/458 4385/188/457
f 4386/189/458 4416/190/463 4433/195/464
f 4573/194/459 4386/189/458 4433/195/464
f 4573/194/459 4433/195/464 4389/199/460
f 4433/195/464 4440/200/465 4389/199/460
f 4390/207/461 4389/199/460 4440/200/465
f 4591/208/466 4390/207/461 4440/200/465
f 4568/214/467 4390/207/461 4591/208/466
f 4390/207/461 4568/214/467 4616/213/462
f 4412/191/468 4416/190/463 4385/188/457
f 4416/190/463 4412/191/468 4584/297/469
f 4415/296/470 4416/190/463 4584/297/469
f 4415/296/470 4431/202/471 4416/190/463
f 4431/202/471 4433/195/464 4416/190/463
f 4433/195/464 4431/202/471 4587/201/472
f 4440/200/465 4433/195/464 4587/201/472
f 4440/200/465 4587/201/472 4591/208/466
f 4587/201/472 4417/209/473 4591/208/466
f 4591/208/466 4417/209/473 4438/215/474
f 4438/215/474 4568/214/467 4591/208/466
f 4584/297/469 4583/307/475 4415/296/470
f 4583/307/475 4582/303/476 4415/296/470
f 4415/296/470 4582/303/476 4041/295/477
f 4431/202/471 4415/296/470 4041/295/477
f 4431/202/471 4041/295/477 4437/210/478
f 4587/201/472 4431/202/471 4437/210/478
f 4587/201/472 4437/210/478 4417/209/473
f 4437/210/478 4441/217/479 4417/209/473
f 4586/216/480 4417/209/473 4441/217/479
f 4417/209/473 4586/216/480 4438/215/474
f 4583/307/475 4436/306/481 4582/303/476
f 4436/306/481 3984/302/482 4582/303/476
f 4582/303/476 3984/302/482 4041/295/477
f 3984/302/482 3985/301/483 4041/295/477
f 4041/295/477 3985/301/483 3983/294/484
f 4437/210/478 4041/295/477 3983/294/484
f 4437/210/478 3983/294/484 3981/293/485
f 4441/217/479 4437/210/478 3981/293/485
f 4441/217/479 3981/293/485 4038/286/486
f 4432/224/487 4441/217/479 4038/286/486
f 4432/224/487 4586/216/480 4441/217/479
f 3984/302/482 4436/306/481 3942/305/488
f 4361/304/489 3984/302/482 3942/305/488
f 3985/301/483 3984/302/482 4361/304/489
f 3937/300/490 3985/301/483 4361/304/489
f 3983/294/484 3985/301/483 3937/300/490
f 3939/299/491 3983/294/484 3937/300/490
f 3939/299/491 3941/298/492 3983/294/484
f 3941/298/492 3981/293/485 3983/294/484
f 3941/298/492 4265/292/493 3981/293/485
f 4265/292/493 4038/286/486 3981/293/485
f 4265/292/493 3935/291/494 4038/286/486
f 3935/291/494 4036/285/495 4038/286/486
f 4038/286/486 4036/285/495 4439/230/496
f 4432/224/487 4038/286/486 4439/230/496
f 4432/224/487 4439/230/496 4590/223/497
f 4586/216/480 4432/224/487 4590/223/497
f 4586/216/480 4590/223/497 4418/222/498
f 4438/215/474 4586/216/480 4418/222/498
f 4301/290/499 4036/285/495 3935/291/494
f 4036/285/495 4301/290/499 4585/284/500
f 4439/230/496 4036/285/495 4585/284/500
f 4439/230/496 4585/284/500 4411/229/501
f 4590/223/497 4439/230/496 4411/229/501
f 4590/223/497 4411/229/501 4418/222/498
f 4411/229/501 4413/228/502 4418/222/498
f 4384/221/503 4418/222/498 4413/228/502
f 4418/222/498 4384/221/503 4438/215/474
f 4384/221/503 4568/214/467 4438/215/474
f 4262/289/504 4301/290/499 3935/291/494
f 4037/283/505 4301/290/499 4262/289/504
f 4301/290/499 4037/283/505 4585/284/500
f 4037/283/505 4620/276/506 4585/284/500
f 4411/229/501 4585/284/500 4620/276/506
f 4374/236/507 4411/229/501 4620/276/506
f 4413/228/502 4411/229/501 4374/236/507
f 4559/235/508 4413/228/502 4374/236/507
f 4383/227/509 4413/228/502 4559/235/508
f 4383/227/509 4384/221/503 4413/228/502
f 4384/221/503 4383/227/509 4566/220/510
f 4384/221/503 4566/220/510 4568/214/467
f 4566/220/510 4616/213/462 4568/214/467
f 3934/288/511 4037/283/505 4262/289/504
f 4039/282/512 4037/283/505 3934/288/511
f 4037/283/505 4039/282/512 4620/276/506
f 4039/282/512 4606/275/513 4620/276/506
f 4374/236/507 4620/276/506 4606/275/513
f 4376/242/514 4374/236/507 4606/275/513
f 4559/235/508 4374/236/507 4376/242/514
f 4629/241/515 4559/235/508 4376/242/514
f 4617/234/516 4559/235/508 4629/241/515
f 4617/234/516 4383/227/509 4559/235/508
f 4383/227/509 4617/234/516 4380/226/517
f 4383/227/509 4380/226/517 4566/220/510
f 3936/287/518 4039/282/512 3934/288/511
f 3936/287/518 4266/281/519 4039/282/512
f 4266/281/519 4306/274/520 4039/282/512
f 4606/275/513 4039/282/512 4306/274/520
f 4610/269/521 4606/275/513 4306/274/520
f 4376/242/514 4606/275/513 4610/269/521
f 4604/248/522 4376/242/514 4610/269/521
f 4629/241/515 4376/242/514 4604/248/522
f 4558/247/523 4629/241/515 4604/248/522
f 4605/240/524 4629/241/515 4558/247/523
f 4605/240/524 4617/234/516 4629/241/515
f 4617/234/516 4605/240/524 4379/233/525
f 4617/234/516 4379/233/525 4380/226/517
f 4266/281/519 4371/280/526 4306/274/520
f 4371/280/526 4308/273/527 4306/274/520
f 4306/274/520 4308/273/527 4610/269/521
f 4308/273/527 4567/268/528 4610/269/521
f 4604/248/522 4610/269/521 4567/268/528
f 4378/254/529 4604/248/522 4567/268/528
f 4558/247/523 4604/248/522 4378/254/529
f 4377/253/530 4558/247/523 4378/254/529
f 4377/253/530 4560/252/531 4558/247/523
f 4560/252/531 4618/246/532 4558/247/523
f 4618/246/532 4605/240/524 4558/247/523
f 4371/280/526 4252/279/533 4308/273/527
f 4252/279/533 4302/272/534 4308/273/527
f 4567/268/528 4308/273/527 4302/272/534
f 4572/267/535 4567/268/528 4302/272/534
f 4378/254/529 4567/268/528 4572/267/535
f 4608/266/536 4378/254/529 4572/267/535
f 4608/266/536 4387/260/537 4378/254/529
f 4387/260/537 4377/253/530 4378/254/529
f 4377/253/530 4387/260/537 4388/259/538
f 4560/252/531 4377/253/530 4388/259/538
f 4252/279/533 3909/278/488 4302/272/534
f 3909/278/488 4040/277/481 4302/272/534
f 4302/272/534 4040/277/481 4414/271/475
f 4572/267/535 4302/272/534 4414/271/475
f 4572/267/535 4414/271/475 4391/270/539
f 4608/266/536 4572/267/535 4391/270/539
f 4608/266/536 4391/270/539 4392/265/468
f 4387/260/537 4608/266/536 4392/265/468
f 4392/265/468 4569/264/540 4387/260/537
f 4569/264/540 4388/259/538 4387/260/537
f 4569/264/540 4410/263/541 4388/259/538
f 4410/263/541 4409/258/542 4388/259/538
f 4388/259/538 4409/258/542 4560/252/531
f 4409/258/542 4565/251/543 4560/252/531
f 4560/252/531 4565/251/543 4618/246/532
f 4565/251/543 4442/245/544 4618/246/532
f 4442/245/544 4563/239/545 4618/246/532
f 4563/239/545 4605/240/524 4618/246/532
f 4410/263/541 2042/262/546 4409/258/542
f 2042/262/546 2036/257/547 4409/258/542
f 4409/258/542 2036/257/547 4565/251/543
f 2036/257/547 2039/250/548 4565/251/543
f 4442/245/544 4565/251/543 2039/250/548
f 1210/244/549 4442/245/544 2039/250/548
f 1210/244/549 1211/238/550 4442/245/544
f 1211/238/550 4563/239/545 4442/245/544
f 4563/239/545 1211/238/550 2044/232/551
f 4379/233/525 4563/239/545 2044/232/551
f 4605/240/524 4563/239/545 4379/233/525
f 2042/262/546 2038/261/552 2036/257/547
f 2038/261/552 2043/256/553 2036/257/547
f 2036/257/547 2043/256/553 2039/250/548
f 2043/256/553 2041/255/554 2039/250/548
f 2039/250/548 2041/255/554 1200/249/555
f 1210/244/549 2039/250/548 1200/249/555
f 1210/244/549 1200/249/555 1203/243/556
f 1211/238/550 1210/244/549 1203/243/556
f 1211/238/550 1203/243/556 2032/237/557
f 2044/232/551 1211/238/550 2032/237/557
f 2032/237/557 4243/231/558 2044/232/551
f 4243/231/558 4085/225/559 2044/232/551
f 4379/233/525 2044/232/551 4085/225/559
f 4380/226/517 4379/233/525 4085/225/559
f 4380/226/517 4085/225/559 4092/219/560
f 4566/220/510 4380/226/517 4092/219/560
f 4566/220/510 4092/219/560 4616/213/462
f 4092/219/560 4463/212/455 4616/213/462
f 4085/225/559 4243/231/558 4242/218/561
f 4092/219/560 4085/225/559 4242/218/561
f 4092/219/560 4242/218/561 4463/212/455
f 4242/218/561 4466/211/456 4463/212/455
s 10
f 1353/129/562 1354/131/563 553/130/564
f 1354/131/563 556/132/565 553/130/564
f 552/139/566 553/130/564 556/132/565
f 215/140/567 552/139/566 556/132/565
f 1354/131/563 1602/133/568 556/132/565
f 1602/133/568 236/134/569 556/132/565
f 215/140/567 556/132/565 236/134/569
f 46/137/570 215/140/567 236/134/569
f 46/137/570 100/141/571 215/140/567
f 100/141/571 1596/143/572 215/140/567
f 1325/146/573 215/140/567 1596/143/572
f 698/147/574 1325/146/573 1596/143/572
f 1327/151/575 1325/146/573 698/147/574
f 1602/133/568 1601/135/576 236/134/569
f 1601/135/576 237/136/577 236/134/569
f 46/137/570 236/134/569 237/136/577
f 32/138/578 46/137/570 237/136/577
f 32/138/578 34/142/579 46/137/570
f 34/142/579 100/141/571 46/137/570
f 34/142/579 73/145/580 100/141/571
f 73/145/580 45/144/581 100/141/571
f 100/141/571 45/144/581 1596/143/572
f 45/144/581 27/149/582 1596/143/572
f 1596/143/572 27/149/582 707/148/583
f 698/147/574 1596/143/572 707/148/583
f 708/154/584 698/147/574 707/148/583
f 708/154/584 212/153/585 698/147/574
f 212/153/585 214/152/586 698/147/574
f 1327/151/575 698/147/574 214/152/586
f 43/150/587 45/144/581 73/145/580
f 27/149/582 45/144/581 43/150/587
f 42/163/588 27/149/582 43/150/587
f 707/148/583 27/149/582 42/163/588
f 726/162/589 707/148/583 42/163/588
f 726/162/589 1153/161/590 707/148/583
f 1153/161/590 1150/160/591 707/148/583
f 1150/160/591 708/154/584 707/148/583
f 42/163/588 43/150/587 1330/164/592
f 1577/165/593 42/163/588 1330/164/592
f 1577/165/593 1330/164/592 241/166/594
f 240/173/595 1577/165/593 241/166/594
f 240/173/595 241/166/594 563/174/596
f 231/175/597 240/173/595 563/174/596
f 1153/161/590 726/162/589 1305/167/598
f 726/162/589 1287/168/599 1305/167/598
f 1287/168/599 1575/169/600 1305/167/598
f 1575/169/600 744/170/601 1305/167/598
f 744/170/601 1575/169/600 743/171/602
f 749/172/603 744/170/601 743/171/602
f 42/163/588 1585/176/604 726/162/589
f 1585/176/604 1587/177/605 726/162/589
f 1587/177/605 1585/176/604 224/178/606
f 219/179/607 1587/177/605 224/178/606
f 219/179/607 224/178/606 218/180/608
f 226/181/609 219/179/607 218/180/608
f 1328/155/610 1327/151/575 214/152/586
f 1328/155/610 214/152/586 697/156/611
f 214/152/586 238/157/612 697/156/611
f 238/157/612 213/159/613 697/156/611
f 217/158/614 238/157/612 214/152/586
f 212/153/585 217/158/614 214/152/586
s 11
f 233/308/615 1324/309/616 75/310/617
f 92/311/618 233/308/615 75/310/617
f 233/308/615 92/311/618 709/312/619
f 233/308/615 709/312/619 95/313/620
f 67/314/621 233/308/615 95/313/620
f 233/308/615 67/314/621 572/315/622
f 67/314/621 230/316/623 572/315/622
f 1590/317/624 572/315/622 230/316/623
f 92/311/618 75/310/617 35/318/625
f 35/318/625 216/319/626 92/311/618
f 92/311/618 216/319/626 709/312/619
f 709/312/619 216/319/626 695/320/627
f 76/321/628 709/312/619 695/320/627
f 76/321/628 88/322/629 709/312/619
f 88/322/629 95/313/620 709/312/619
f 75/310/617 33/323/630 35/318/625
f 35/318/625 33/323/630 774/324/631
f 35/318/625 774/324/631 700/325/632
f 216/319/626 35/318/625 700/325/632
f 33/323/630 777/326/633 774/324/631
f 774/324/631 777/326/633 699/327/634
f 774/324/631 699/327/634 700/325/632
f 700/325/632 699/327/634 98/328/635
f 699/327/634 90/329/636 98/328/635
f 98/328/635 90/329/636 86/330/637
f 90/329/636 85/331/638 86/330/637
f 696/332/639 85/331/638 90/329/636
f 777/326/633 696/332/639 699/327/634
f 699/327/634 696/332/639 90/329/636
f 1592/333/640 1590/317/624 230/316/623
f 1592/333/640 230/316/623 227/334/641
f 1355/335/642 1592/333/640 227/334/641
f 1352/336/643 1355/335/642 227/334/641
f 228/337/644 1352/336/643 227/334/641
f 1580/338/645 1352/336/643 228/337/644
f 557/339/646 1580/338/645 228/337/644
f 1591/340/647 1580/338/645 557/339/646
f 68/341/648 227/334/641 230/316/623
f 228/337/644 227/334/641 68/341/648
f 69/342/649 228/337/644 68/341/648
f 557/339/646 228/337/644 69/342/649
f 47/343/650 557/339/646 69/342/649
f 557/339/646 47/343/650 99/344/651
f 235/345/652 557/339/646 99/344/651
f 235/345/652 1591/340/647 557/339/646
f 67/314/621 68/341/648 230/316/623
f 68/341/648 67/314/621 91/346/653
f 68/341/648 91/346/653 102/347/654
f 69/342/649 68/341/648 102/347/654
f 47/343/650 69/342/649 102/347/654
f 49/348/655 47/343/650 102/347/654
f 99/344/651 47/343/650 49/348/655
f 48/349/656 99/344/651 49/348/655
f 49/348/655 74/350/657 48/349/656
f 74/350/657 71/351/658 48/349/656
f 67/314/621 95/313/620 91/346/653
f 93/352/659 91/346/653 95/313/620
f 93/352/659 44/353/660 91/346/653
f 44/353/660 102/347/654 91/346/653
f 102/347/654 44/353/660 74/350/657
f 49/348/655 102/347/654 74/350/657
f 88/322/629 93/352/659 95/313/620
f 84/354/661 93/352/659 88/322/629
f 84/354/661 94/355/662 93/352/659
f 94/355/662 44/353/660 93/352/659
f 44/353/660 94/355/662 74/350/657
f 71/351/658 74/350/657 94/355/662
f 72/356/663 71/351/658 94/355/662
f 70/357/664 84/354/661 88/322/629
f 84/354/661 70/357/664 1323/358/665
f 84/354/661 1323/358/665 1322/359/666
f 1322/359/666 1597/360/667 84/354/661
f 84/354/661 1597/360/667 1156/361/668
f 94/355/662 84/354/661 1156/361/668
f 94/355/662 1156/361/668 1578/362/669
f 1578/362/669 1156/361/668 1332/363/670
f 70/357/664 88/322/629 76/321/628
f 40/364/671 70/357/664 76/321/628
f 70/357/664 40/364/671 1296/365/672
f 70/357/664 1296/365/672 748/366/673
f 70/357/664 748/366/673 1307/367/674
f 70/357/664 1307/367/674 1323/358/665
f 1323/358/665 1307/367/674 1288/368/675
f 1323/358/665 1288/368/675 1595/369/676
f 1322/359/666 1323/358/665 1595/369/676
f 40/364/671 76/321/628 695/320/627
f 1151/370/677 40/364/671 695/320/627
f 40/364/671 1151/370/677 1289/371/678
f 40/364/671 1289/371/678 1296/365/672
f 1296/365/672 1289/371/678 747/372/679
f 1296/365/672 747/372/679 1297/373/680
f 748/366/673 1296/365/672 1297/373/680
f 1289/371/678 1151/370/677 1304/374/681
f 745/375/682 1289/371/678 1304/374/681
f 1289/371/678 745/375/682 747/372/679
f 1308/376/683 747/372/679 745/375/682
f 1308/376/683 1297/373/680 747/372/679
f 1576/377/600 1297/373/680 1308/376/683
f 742/378/684 1576/377/600 1308/376/683
f 772/379/685 1576/377/600 742/378/684
f 1576/377/600 772/379/685 80/380/602
f 1329/381/686 745/375/682 1304/374/681
f 1329/381/686 1308/376/683 745/375/682
f 742/378/684 1308/376/683 1329/381/686
f 746/382/687 742/378/684 1329/381/686
f 772/379/685 742/378/684 746/382/687
f 775/383/688 772/379/685 746/382/687
f 79/384/689 772/379/685 775/383/688
f 772/379/685 79/384/689 80/380/602
f 78/385/603 80/380/602 79/384/689
f 1304/374/681 776/386/601 1329/381/686
f 776/386/601 746/382/687 1329/381/686
f 775/383/688 746/382/687 776/386/601
f 776/386/601 78/385/603 775/383/688
f 78/385/603 41/387/690 775/383/688
f 41/387/690 79/384/689 775/383/688
f 41/387/690 78/385/603 79/384/689
f 1307/367/674 748/366/673 773/388/691
f 1306/389/692 1307/367/674 773/388/691
f 1307/367/674 1306/389/692 1288/368/675
f 1288/368/675 1306/389/692 741/390/693
f 1288/368/675 741/390/693 1595/369/676
f 1595/369/676 741/390/693 220/391/606
f 1306/389/692 773/388/691 1593/392/694
f 1306/389/692 1593/392/694 741/390/693
f 741/390/693 1593/392/694 1599/393/695
f 741/390/693 1599/393/695 220/391/606
f 1599/393/695 38/394/696 220/391/606
f 220/391/606 38/394/696 24/395/697
f 38/394/696 89/396/698 24/395/697
f 89/396/698 26/397/699 24/395/697
f 26/397/699 25/398/700 24/395/697
f 1593/392/694 773/388/691 239/399/607
f 1598/400/701 1593/392/694 239/399/607
f 1593/392/694 1598/400/701 1599/393/695
f 1599/393/695 1598/400/701 38/394/696
f 1598/400/701 39/401/702 38/394/696
f 38/394/696 39/401/702 26/397/699
f 89/396/698 38/394/696 26/397/699
f 1598/400/701 239/399/607 39/401/702
f 39/401/702 239/399/607 25/398/700
f 26/397/699 39/401/702 25/398/700
s 12
f 497/402/703 363/403/704 357/404/705
f 363/403/704 359/405/706 357/404/705
f 369/406/707 357/404/705 359/405/706
f 495/407/708 369/406/707 359/405/706
f 486/408/709 369/406/707 495/407/708
f 348/409/710 486/408/709 495/407/708
f 350/410/711 486/408/709 348/409/710
f 356/411/712 350/410/711 348/409/710
f 356/411/712 349/412/713 350/410/711
f 349/412/713 488/413/714 350/410/711
f 488/413/714 349/412/713 365/414/715
f 496/415/716 488/413/714 365/414/715
s 13
f 406/416/717 434/417/718 416/418/719
f 434/417/718 433/419/720 416/418/719
f 416/418/719 433/419/720 652/420/721
f 656/421/722 416/418/719 652/420/721
f 656/421/722 652/420/721 393/422/723
f 395/423/724 656/421/722 393/422/723
f 395/423/724 393/422/723 394/424/725
f 428/425/726 395/423/724 394/424/725
f 428/425/726 394/424/725 427/426/727
f 473/427/728 428/425/726 427/426/727
f 473/427/728 427/426/727 415/428/729
f 413/429/730 473/427/728 415/428/729
s 14
f 455/430/731 458/431/732 435/432/733
f 458/431/732 437/433/734 435/432/733
f 314/434/735 435/432/733 437/433/734
f 312/435/736 314/434/735 437/433/734
f 314/434/735 312/435/736 445/436/737
f 299/437/738 314/434/735 445/436/737
f 440/438/739 299/437/738 445/436/737
f 598/439/740 440/438/739 445/436/737
f 440/438/739 598/439/740 293/440/741
f 294/441/742 440/438/739 293/440/741
f 294/441/742 293/440/741 311/442/743
f 327/443/744 294/441/742 311/442/743
s 15
f 318/444/745 316/445/746 320/446/747
f 316/445/746 459/447/748 320/446/747
f 320/446/747 459/447/748 332/448/749
f 465/449/750 320/446/747 332/448/749
f 465/449/750 332/448/749 471/450/751
f 382/451/752 465/449/750 471/450/751
f 382/451/752 471/450/751 472/452/753
f 464/453/754 382/451/752 472/452/753
f 464/453/754 472/452/753 372/454/755
f 470/455/756 464/453/754 372/454/755
f 470/455/756 372/454/755 317/456/757
f 330/457/758 470/455/756 317/456/757
s 16
f 678/458/759 676/459/760 679/460/761
f 676/459/760 681/461/762 679/460/761
f 193/462/763 681/461/762 676/459/760
f 191/463/764 193/462/763 676/459/760
f 191/463/764 183/464/765 193/462/763
f 183/464/765 182/465/766 193/462/763
f 182/465/766 183/464/765 181/466/767
f 512/467/768 182/465/766 181/466/767
f 179/468/769 512/467/768 181/466/767
f 180/469/770 179/468/769 181/466/767
f 671/470/771 179/468/769 180/469/770
f 640/471/772 671/470/771 180/469/770
s 17
f 1083/472/773 530/473/774 1025/474/775
f 1632/475/776 1083/472/773 1025/474/775
f 1083/472/773 1632/475/776 945/476/777
f 1058/477/778 1083/472/773 945/476/777
f 1058/477/778 1536/478/779 1083/472/773
f 1536/478/779 1099/479/780 1083/472/773
f 1081/480/781 1099/479/780 1536/478/779
f 881/481/782 1632/475/776 1025/474/775
f 1632/475/776 881/481/782 1633/482/783
f 1632/475/776 1633/482/783 954/483/784
f 945/476/777 1632/475/776 954/483/784
f 945/476/777 954/483/784 929/484/785
f 930/485/786 945/476/777 929/484/785
f 1058/477/778 945/476/777 930/485/786
f 1019/486/787 881/481/782 1025/474/775
f 877/487/788 881/481/782 1019/486/787
f 877/487/788 879/488/789 881/481/782
f 879/488/789 888/489/790 881/481/782
f 881/481/782 888/489/790 1633/482/783
f 1633/482/783 888/489/790 172/490/791
f 1633/482/783 172/490/791 176/491/792
f 954/483/784 1633/482/783 176/491/792
f 954/483/784 176/491/792 529/492/793
f 929/484/785 954/483/784 529/492/793
f 882/493/794 877/487/788 1019/486/787
f 1024/494/795 877/487/788 882/493/794
f 1024/494/795 1030/495/796 877/487/788
f 1030/495/796 879/488/789 877/487/788
f 1030/495/796 885/496/797 879/488/789
f 885/496/797 887/497/798 879/488/789
f 879/488/789 887/497/798 888/489/790
f 887/497/798 787/498/799 888/489/790
f 888/489/790 787/498/799 172/490/791
f 1023/499/800 1024/494/795 882/493/794
f 978/500/801 1024/494/795 1023/499/800
f 978/500/801 977/501/802 1024/494/795
f 977/501/802 1030/495/796 1024/494/795
f 977/501/802 959/502/803 1030/495/796
f 959/502/803 885/496/797 1030/495/796
f 959/502/803 964/503/804 885/496/797
f 964/503/804 886/504/805 885/496/797
f 885/496/797 886/504/805 887/497/798
f 886/504/805 1644/505/806 887/497/798
f 887/497/798 1644/505/806 787/498/799
f 991/506/807 978/500/801 1023/499/800
f 1139/507/808 978/500/801 991/506/807
f 1139/507/808 1136/508/809 978/500/801
f 1136/508/809 977/501/802 978/500/801
f 1136/508/809 1546/509/810 977/501/802
f 1546/509/810 959/502/803 977/501/802
f 1546/509/810 1525/510/811 959/502/803
f 1525/510/811 964/503/804 959/502/803
f 1127/511/812 1139/507/808 991/506/807
f 1127/511/812 1102/512/813 1139/507/808
f 1102/512/813 1140/513/814 1139/507/808
f 1139/507/808 1140/513/814 1136/508/809
f 1140/513/814 1142/514/815 1136/508/809
f 1142/514/815 1524/515/816 1136/508/809
f 1524/515/816 1546/509/810 1136/508/809
f 1524/515/816 1528/516/817 1546/509/810
f 1528/516/817 1525/510/811 1546/509/810
f 1102/512/813 1129/517/818 1140/513/814
f 1129/517/818 1143/518/819 1140/513/814
f 1140/513/814 1143/518/819 1142/514/815
f 1143/518/819 1138/519/820 1142/514/815
f 1142/514/815 1138/519/820 1524/515/816
f 1138/519/820 1532/520/821 1524/515/816
f 1524/515/816 1532/520/821 1528/516/817
f 1532/520/821 1523/521/822 1528/516/817
f 1532/520/821 1522/522/823 1523/521/822
f 1522/522/823 1526/523/824 1523/521/822
f 1129/517/818 1128/524/825 1143/518/819
f 1128/524/825 1125/525/826 1143/518/819
f 1143/518/819 1125/525/826 1138/519/820
f 1125/525/826 1100/526/827 1138/519/820
f 1138/519/820 1100/526/827 1532/520/821
f 1100/526/827 1522/522/823 1532/520/821
f 1100/526/827 1124/527/828 1522/522/823
f 1124/527/828 1141/528/829 1522/522/823
f 1522/522/823 1141/528/829 1526/523/824
f 1141/528/829 1533/529/830 1526/523/824
f 1513/530/831 1533/529/830 1141/528/829
f 1513/530/831 1625/531/832 1533/529/830
f 1128/524/825 1084/532/833 1125/525/826
f 1084/532/833 1101/533/834 1125/525/826
f 1125/525/826 1101/533/834 1100/526/827
f 1101/533/834 1124/527/828 1100/526/827
f 1513/530/831 1124/527/828 1101/533/834
f 1513/530/831 1141/528/829 1124/527/828
f 1513/530/831 1101/533/834 1084/532/833
f 1513/530/831 1084/532/833 1062/534/835
f 1513/530/831 1062/534/835 1061/535/836
f 1513/530/831 1061/535/836 1512/536/837
f 1513/530/831 1512/536/837 1547/537/838
f 1513/530/831 1547/537/838 1625/531/832
f 1644/505/806 1628/538/839 787/498/799
f 787/498/799 1628/538/839 177/539/840
f 172/490/791 787/498/799 177/539/840
f 177/539/840 520/540/841 172/490/791
f 520/540/841 176/491/792 172/490/791
f 520/540/841 173/541/842 176/491/792
f 173/541/842 529/492/793 176/491/792
f 520/540/841 177/539/840 600/542/843
f 520/540/841 600/542/843 189/543/844
f 173/541/842 520/540/841 189/543/844
f 173/541/842 189/543/844 188/544/845
f 516/545/846 173/541/842 188/544/845
f 173/541/842 516/545/846 529/492/793
f 516/545/846 186/546/847 529/492/793
f 186/546/847 933/547/848 529/492/793
f 933/547/848 929/484/785 529/492/793
f 177/539/840 519/548/849 600/542/843
f 600/542/843 519/548/849 1152/549/850
f 1034/550/851 600/542/843 1152/549/850
f 1034/550/851 1033/551/852 600/542/843
f 1033/551/852 189/543/844 600/542/843
f 1033/551/852 1615/552/853 189/543/844
f 1615/552/853 188/544/845 189/543/844
f 518/553/854 188/544/845 1615/552/853
f 516/545/846 188/544/845 518/553/854
f 177/539/840 171/554/855 519/548/849
f 171/554/855 521/555/856 519/548/849
f 519/548/849 521/555/856 1152/549/850
f 521/555/856 1154/556/857 1152/549/850
f 1152/549/850 1154/556/857 1634/557/858
f 1152/549/850 1634/557/858 1034/550/851
f 1634/557/858 1048/558/859 1034/550/851
f 1034/550/851 1048/558/859 1033/551/852
f 1048/558/859 1043/559/860 1033/551/852
f 1033/551/852 1043/559/860 1615/552/853
f 521/555/856 171/554/855 1336/560/861
f 521/555/856 1336/560/861 1154/556/857
f 1336/560/861 1341/561/862 1154/556/857
f 1154/556/857 1341/561/862 1041/562/863
f 1154/556/857 1041/562/863 1634/557/858
f 1634/557/858 1041/562/863 1635/563/864
f 1634/557/858 1635/563/864 1044/564/865
f 1048/558/859 1634/557/858 1044/564/865
f 1048/558/859 1044/564/865 1043/559/860
f 171/554/855 1338/565/866 1336/560/861
f 1336/560/861 1338/565/866 1340/566/867
f 1336/560/861 1340/566/867 1341/561/862
f 1340/566/867 1339/567/868 1341/561/862
f 1341/561/862 1339/567/868 1157/568/869
f 1341/561/862 1157/568/869 1041/562/863
f 1041/562/863 1157/568/869 1039/569/870
f 1041/562/863 1039/569/870 1635/563/864
f 1338/565/866 1343/570/871 1340/566/867
f 1343/570/871 781/571/872 1340/566/867
f 781/571/872 1334/572/873 1340/566/867
f 1340/566/867 1334/572/873 1339/567/868
f 1334/572/873 1582/573/874 1339/567/868
f 1582/573/874 1342/574/875 1339/567/868
f 1342/574/875 1160/575/876 1339/567/868
f 1339/567/868 1160/575/876 1157/568/869
f 1160/575/876 1159/576/877 1157/568/869
f 1159/576/877 1158/577/878 1157/568/869
f 1157/568/869 1158/577/878 1039/569/870
f 781/571/872 723/578/879 1334/572/873
f 723/578/879 719/579/880 1334/572/873
f 719/579/880 1619/580/881 1334/572/873
f 1619/580/881 1582/573/874 1334/572/873
f 1619/580/881 721/581/882 1582/573/874
f 721/581/882 1342/574/875 1582/573/874
f 721/581/882 1618/582/883 1342/574/875
f 1618/582/883 1165/583/884 1342/574/875
f 1342/574/875 1165/583/884 1160/575/876
f 1165/583/884 1159/576/877 1160/575/876
f 722/584/885 719/579/880 723/578/879
f 722/584/885 1568/585/886 719/579/880
f 1568/585/886 1619/580/881 719/579/880
f 1619/580/881 1568/585/886 721/581/882
f 1568/585/886 720/586/887 721/581/882
f 721/581/882 720/586/887 1618/582/883
f 720/586/887 1620/587/888 1618/582/883
f 724/588/889 1620/587/888 720/586/887
f 1622/589/890 724/588/889 720/586/887
f 1621/590/891 724/588/889 1622/589/890
f 725/591/892 722/584/885 723/578/879
f 725/591/892 1570/592/893 722/584/885
f 1570/592/893 1569/593/894 722/584/885
f 722/584/885 1569/593/894 1568/585/886
f 1569/593/894 718/594/895 1568/585/886
f 718/594/895 1622/589/890 1568/585/886
f 1622/589/890 720/586/887 1568/585/886
f 1570/592/893 1090/595/896 1569/593/894
f 1090/595/896 1089/596/897 1569/593/894
f 1089/596/897 1107/597/898 1569/593/894
f 1107/597/898 718/594/895 1569/593/894
f 1107/597/898 1105/598/899 718/594/895
f 1105/598/899 1622/589/890 718/594/895
f 1105/598/899 1621/590/891 1622/589/890
f 1425/599/900 1621/590/891 1105/598/899
f 1106/600/901 1425/599/900 1105/598/899
f 1086/601/902 1425/599/900 1106/600/901
f 1086/601/902 1426/602/903 1425/599/900
f 1090/595/896 1088/603/904 1089/596/897
f 1088/603/904 1087/604/905 1089/596/897
f 1087/604/905 1085/605/906 1089/596/897
f 1085/605/906 1107/597/898 1089/596/897
f 1085/605/906 1106/600/901 1107/597/898
f 1106/600/901 1105/598/899 1107/597/898
f 1086/601/902 1087/604/905 1088/603/904
f 1086/601/902 1085/605/906 1087/604/905
f 1086/601/902 1106/600/901 1085/605/906
f 1086/601/902 1088/603/904 1094/606/907
f 1086/601/902 1094/606/907 1426/602/903
f 1044/564/865 1045/607/908 1043/559/860
f 1043/559/860 1045/607/908 874/608/909
f 1043/559/860 874/608/909 1615/552/853
f 1615/552/853 874/608/909 1396/609/910
f 1394/610/911 1615/552/853 1396/609/910
f 1394/610/911 518/553/854 1615/552/853
f 1045/607/908 1047/611/912 874/608/909
f 874/608/909 1047/611/912 1397/612/913
f 1396/609/910 874/608/909 1397/612/913
f 1396/609/910 1397/612/913 1378/613/914
f 1420/614/915 1396/609/910 1378/613/914
f 1394/610/911 1396/609/910 1420/614/915
f 1389/615/916 1394/610/911 1420/614/915
f 1389/615/916 178/616/917 1394/610/911
f 178/616/917 518/553/854 1394/610/911
f 178/616/917 170/617/918 518/553/854
f 170/617/918 516/545/846 518/553/854
f 186/546/847 516/545/846 170/617/918
f 1420/614/915 1378/613/914 1333/618/919
f 1395/619/920 1420/614/915 1333/618/919
f 1389/615/916 1420/614/915 1395/619/920
f 536/620/921 1389/615/916 1395/619/920
f 536/620/921 1344/621/922 1389/615/916
f 1344/621/922 178/616/917 1389/615/916
f 1344/621/922 1423/622/923 178/616/917
f 1423/622/923 170/617/918 178/616/917
f 1423/622/923 1440/623/924 170/617/918
f 1440/623/924 1052/624/925 170/617/918
f 1052/624/925 186/546/847 170/617/918
f 1395/619/920 1333/618/919 1424/625/926
f 1388/626/927 1395/619/920 1424/625/926
f 1395/619/920 1388/626/927 1266/627/928
f 1266/627/928 538/628/929 1395/619/920
f 538/628/929 536/620/921 1395/619/920
f 538/628/929 203/629/930 536/620/921
f 203/629/930 205/630/931 536/620/921
f 1344/621/922 536/620/921 205/630/931
f 1381/631/932 1388/626/927 1424/625/926
f 1381/631/932 1259/632/933 1388/626/927
f 1259/632/933 1266/627/928 1388/626/927
f 1259/632/933 1263/633/934 1266/627/928
f 1263/633/934 1269/634/935 1266/627/928
f 538/628/929 1266/627/928 1269/634/935
f 1256/635/936 538/628/929 1269/634/935
f 203/629/930 538/628/929 1256/635/936
f 1399/636/937 1381/631/932 1424/625/926
f 1391/637/938 1381/631/932 1399/636/937
f 1381/631/932 1391/637/938 1259/632/933
f 1391/637/938 259/638/939 1259/632/933
f 1259/632/933 259/638/939 1263/633/934
f 259/638/939 258/639/940 1263/633/934
f 1263/633/934 258/639/940 1257/640/941
f 1263/633/934 1257/640/941 1269/634/935
f 1257/640/941 1265/641/942 1269/634/935
f 1269/634/935 1265/641/942 1256/635/936
f 1384/642/943 1391/637/938 1399/636/937
f 1384/642/943 1403/643/944 1391/637/938
f 1403/643/944 1383/644/945 1391/637/938
f 1391/637/938 1383/644/945 259/638/939
f 1383/644/945 245/645/946 259/638/939
f 259/638/939 245/645/946 258/639/940
f 245/645/946 243/646/947 258/639/940
f 258/639/940 243/646/947 421/647/948
f 258/639/940 421/647/948 1257/640/941
f 1257/640/941 421/647/948 1262/648/949
f 1257/640/941 1262/648/949 1265/641/942
f 581/649/950 1383/644/945 1403/643/944
f 581/649/950 548/650/951 1383/644/945
f 548/650/951 607/651/952 1383/644/945
f 1383/644/945 607/651/952 245/645/946
f 607/651/952 583/652/953 245/645/946
f 587/653/954 581/649/950 1403/643/944
f 587/653/954 276/654/955 581/649/950
f 276/654/955 547/655/956 581/649/950
f 581/649/950 547/655/956 548/650/951
f 547/655/956 261/656/957 548/650/951
f 548/650/951 261/656/957 260/657/958
f 607/651/952 548/650/951 260/657/958
f 528/658/959 607/651/952 260/657/958
f 276/654/955 578/659/960 547/655/956
f 578/659/960 636/660/961 547/655/956
f 261/656/957 547/655/956 636/660/961
f 608/661/962 261/656/957 636/660/961
f 261/656/957 608/661/962 266/662/963
f 261/656/957 266/662/963 260/657/958
f 648/663/964 636/660/961 578/659/960
f 636/660/961 648/663/964 577/664/965
f 608/661/962 636/660/961 577/664/965
f 608/661/962 577/664/965 251/665/966
f 608/661/962 251/665/966 266/662/963
f 655/666/967 648/663/964 578/659/960
f 637/667/968 648/663/964 655/666/967
f 648/663/964 637/667/968 651/668/969
f 577/664/965 648/663/964 651/668/969
f 651/668/969 650/669/970 577/664/965
f 650/669/970 253/670/971 577/664/965
f 577/664/965 253/670/971 251/665/966
f 647/671/972 637/667/968 655/666/967
f 714/672/973 637/667/968 647/671/972
f 637/667/968 714/672/973 1571/673/974
f 651/668/969 637/667/968 1571/673/974
f 1571/673/974 1573/674/975 651/668/969
f 1573/674/975 650/669/970 651/668/969
f 713/675/976 714/672/973 647/671/972
f 782/676/977 714/672/973 713/675/976
f 714/672/973 782/676/977 1439/677/978
f 1571/673/974 714/672/973 1439/677/978
f 1439/677/978 1442/678/979 1571/673/974
f 1442/678/979 1573/674/975 1571/673/974
f 711/679/980 782/676/977 713/675/976
f 771/680/981 782/676/977 711/679/980
f 782/676/977 771/680/981 1319/681/982
f 1439/677/978 782/676/977 1319/681/982
f 1319/681/982 1321/682/983 1439/677/978
f 1321/682/983 1442/678/979 1439/677/978
f 765/683/984 771/680/981 711/679/980
f 764/684/985 771/680/981 765/683/984
f 771/680/981 764/684/985 1313/685/986
f 1319/681/982 771/680/981 1313/685/986
f 1313/685/986 1318/686/987 1319/681/982
f 1318/686/987 1321/682/983 1319/681/982
f 759/687/988 764/684/985 765/683/984
f 758/688/989 764/684/985 759/687/988
f 764/684/985 758/688/989 1313/685/986
f 758/688/989 1314/689/990 1313/685/986
f 1313/685/986 1314/689/990 1318/686/987
f 1314/689/990 1312/690/991 1318/686/987
f 1315/691/992 1312/690/991 1314/689/990
f 1567/692/993 1315/691/992 1314/689/990
f 717/693/994 1315/691/992 1567/692/993
f 760/694/995 758/688/989 759/687/988
f 760/694/995 1294/695/996 758/688/989
f 1294/695/996 1295/696/997 758/688/989
f 758/688/989 1295/696/997 1314/689/990
f 1295/696/997 1567/692/993 1314/689/990
f 1567/692/993 1295/696/997 761/697/998
f 761/697/998 717/693/994 1567/692/993
f 756/698/999 717/693/994 761/697/998
f 753/699/1000 756/698/999 761/697/998
f 753/699/1000 1566/700/1001 756/698/999
f 1566/700/1001 751/701/1002 756/698/999
f 1565/702/1003 751/701/1002 1566/700/1001
f 770/703/1004 1295/696/997 1294/695/996
f 1295/696/997 770/703/1004 761/697/998
f 770/703/1004 769/704/1005 761/697/998
f 769/704/1005 753/699/1000 761/697/998
f 769/704/1005 763/705/1006 753/699/1000
f 763/705/1006 1566/700/1001 753/699/1000
f 763/705/1006 1565/702/1003 1566/700/1001
f 1565/702/1003 763/705/1006 754/706/1007
f 754/706/1007 763/705/1006 769/704/1005
f 762/707/1008 754/706/1007 769/704/1005
f 762/707/1008 769/704/1005 770/703/1004
f 755/708/1009 762/707/1008 770/703/1004
f 755/708/1009 770/703/1004 1294/695/996
f 1262/648/949 1268/709/1010 1265/641/942
f 1265/641/942 1268/709/1010 1279/710/1011
f 1265/641/942 1279/710/1011 1256/635/936
f 187/711/1012 1256/635/936 1279/710/1011
f 187/711/1012 203/629/930 1256/635/936
f 187/711/1012 190/712/1013 203/629/930
f 205/630/931 203/629/930 190/712/1013
f 1268/709/1010 1253/713/1014 1279/710/1011
f 537/714/1015 1279/710/1011 1253/713/1014
f 537/714/1015 187/711/1012 1279/710/1011
f 190/712/1013 187/711/1012 537/714/1015
f 535/715/1016 190/712/1013 537/714/1015
f 190/712/1013 535/715/1016 202/716/1017
f 190/712/1013 202/716/1017 1750/717/1018
f 205/630/931 190/712/1013 1750/717/1018
f 1750/717/1018 1751/718/1019 205/630/931
f 1751/718/1019 1702/719/1020 205/630/931
f 1702/719/1020 1344/621/922 205/630/931
f 185/720/1021 537/714/1015 1253/713/1014
f 535/715/1016 537/714/1015 185/720/1021
f 289/721/1022 535/715/1016 185/720/1021
f 204/722/1023 535/715/1016 289/721/1022
f 204/722/1023 202/716/1017 535/715/1016
f 1750/717/1018 202/716/1017 204/722/1023
f 1729/723/1024 1750/717/1018 204/722/1023
f 1750/717/1018 1729/723/1024 1730/724/1025
f 1751/718/1019 1750/717/1018 1730/724/1025
f 1751/718/1019 1730/724/1025 1694/725/1026
f 1701/726/1027 1751/718/1019 1694/725/1026
f 1702/719/1020 1751/718/1019 1701/726/1027
f 1693/727/1028 1702/719/1020 1701/726/1027
f 1344/621/922 1702/719/1020 1693/727/1028
f 1423/622/923 1344/621/922 1693/727/1028
f 1729/723/1024 204/722/1023 289/721/1022
f 1729/723/1024 289/721/1022 288/728/1029
f 284/729/1030 1729/723/1024 288/728/1029
f 421/647/948 246/730/1031 1262/648/949
f 421/647/948 544/731/1032 246/730/1031
f 544/731/1032 208/732/1033 246/730/1031
f 575/733/1034 208/732/1033 544/731/1032
f 256/734/1035 575/733/1034 544/731/1032
f 1199/735/1036 575/733/1034 256/734/1035
f 1220/736/1037 1199/735/1036 256/734/1035
f 1251/737/1038 1199/735/1036 1220/736/1037
f 243/646/947 544/731/1032 421/647/948
f 256/734/1035 544/731/1032 243/646/947
f 576/738/1039 256/734/1035 243/646/947
f 1220/736/1037 256/734/1035 576/738/1039
f 1243/739/1040 1220/736/1037 576/738/1039
f 1247/740/1041 1220/736/1037 1243/739/1040
f 1247/740/1041 1251/737/1038 1220/736/1037
f 1247/740/1041 1245/741/1042 1251/737/1038
f 1245/741/1042 1244/742/1043 1251/737/1038
f 1245/741/1042 1285/743/1044 1244/742/1043
f 1285/743/1044 1284/744/1045 1244/742/1043
f 1242/745/1046 1284/744/1045 1285/743/1044
f 1242/745/1046 1285/743/1044 1149/746/1047
f 1283/747/1048 1247/740/1041 1243/739/1040
f 1283/747/1048 1148/748/1049 1247/740/1041
f 1148/748/1049 1245/741/1042 1247/740/1041
f 1148/748/1049 1149/746/1047 1245/741/1042
f 1149/746/1047 1285/743/1044 1245/741/1042
s 18
f 207/749/1050 210/750/1051 206/751/1052
f 561/752/1053 206/751/1052 210/750/1051
f 206/751/1052 561/752/1053 558/753/1054
f 558/753/1054 1499/754/1055 206/751/1052
f 1499/754/1055 1445/755/1056 206/751/1052
f 1498/756/1057 1445/755/1056 1499/754/1055
f 1495/757/1058 1498/756/1057 1499/754/1055
f 1500/758/1059 1498/756/1057 1495/757/1058
f 210/750/1051 792/759/1060 561/752/1053
f 792/759/1060 797/760/1061 561/752/1053
f 561/752/1053 797/760/1061 847/761/1062
f 223/762/1063 561/752/1053 847/761/1062
f 561/752/1053 223/762/1063 558/753/1054
f 807/763/1064 797/760/1061 792/759/1060
f 807/763/1064 840/764/1065 797/760/1061
f 840/764/1065 847/761/1062 797/760/1061
f 840/764/1065 849/765/1066 847/761/1062
f 849/765/1066 802/766/1067 847/761/1062
f 223/762/1063 847/761/1062 802/766/1067
f 804/767/1068 223/762/1063 802/766/1067
f 804/767/1068 953/768/1069 223/762/1063
f 953/768/1069 558/753/1054 223/762/1063
f 808/769/1070 807/763/1064 792/759/1060
f 1255/770/1071 807/763/1064 808/769/1070
f 1255/770/1071 1261/771/1072 807/763/1064
f 1261/771/1072 840/764/1065 807/763/1064
f 1261/771/1072 1264/772/1073 840/764/1065
f 1264/772/1073 849/765/1066 840/764/1065
f 849/765/1066 1264/772/1073 806/773/1074
f 849/765/1066 806/773/1074 802/766/1067
f 806/773/1074 801/774/1075 802/766/1067
f 802/766/1067 801/774/1075 804/767/1068
f 801/774/1075 805/775/1076 804/767/1068
f 804/767/1068 805/775/1076 953/768/1069
f 1252/776/1077 1255/770/1071 808/769/1070
f 956/777/1078 1255/770/1071 1252/776/1077
f 956/777/1078 920/778/1079 1255/770/1071
f 920/778/1079 1261/771/1072 1255/770/1071
f 920/778/1079 897/779/1080 1261/771/1072
f 897/779/1080 1264/772/1073 1261/771/1072
f 1264/772/1073 897/779/1080 1170/780/1081
f 1264/772/1073 1170/780/1081 806/773/1074
f 952/781/1082 956/777/1078 1252/776/1077
f 952/781/1082 955/782/1083 956/777/1078
f 955/782/1083 937/783/1084 956/777/1078
f 956/777/1078 937/783/1084 920/778/1079
f 937/783/1084 919/784/1085 920/778/1079
f 919/784/1085 894/785/1086 920/778/1079
f 894/785/1086 897/779/1080 920/778/1079
f 894/785/1086 895/786/1087 897/779/1080
f 895/786/1087 899/787/1088 897/779/1080
f 897/779/1080 899/787/1088 1170/780/1081
f 951/788/1089 937/783/1084 955/782/1083
f 951/788/1089 905/789/1090 937/783/1084
f 905/789/1090 919/784/1085 937/783/1084
f 905/789/1090 918/790/1091 919/784/1085
f 918/790/1091 894/785/1086 919/784/1085
f 918/790/1091 932/791/1092 894/785/1086
f 932/791/1092 895/786/1087 894/785/1086
f 950/792/1093 951/788/1089 955/782/1083
f 950/792/1093 837/793/1094 951/788/1089
f 837/793/1094 852/794/1095 951/788/1089
f 951/788/1089 852/794/1095 905/789/1090
f 852/794/1095 904/795/1096 905/789/1090
f 905/789/1090 904/795/1096 918/790/1091
f 904/795/1096 903/796/1097 918/790/1091
f 903/796/1097 917/797/1098 918/790/1091
f 917/797/1098 932/791/1092 918/790/1091
f 837/793/1094 836/798/1099 852/794/1095
f 836/798/1099 834/799/1100 852/794/1095
f 852/794/1095 834/799/1100 904/795/1096
f 834/799/1100 906/800/1101 904/795/1096
f 904/795/1096 906/800/1101 903/796/1097
f 906/800/1101 898/801/1102 903/796/1097
f 898/801/1102 902/802/1103 903/796/1097
f 902/802/1103 917/797/1098 903/796/1097
f 805/775/1076 927/803/1104 953/768/1069
f 953/768/1069 927/803/1104 939/804/1105
f 939/804/1105 1696/805/1106 953/768/1069
f 1696/805/1106 558/753/1054 953/768/1069
f 1696/805/1106 831/806/1107 558/753/1054
f 831/806/1107 819/807/1108 558/753/1054
f 558/753/1054 819/807/1108 1499/754/1055
f 927/803/1104 928/808/1109 939/804/1105
f 814/809/1110 939/804/1105 928/808/1109
f 939/804/1105 814/809/1110 1626/810/1111
f 1696/805/1106 939/804/1105 1626/810/1111
f 831/806/1107 1696/805/1106 1626/810/1111
f 1277/811/1112 831/806/1107 1626/810/1111
f 1669/812/1113 831/806/1107 1277/811/1112
f 1669/812/1113 1670/813/1114 831/806/1107
f 1670/813/1114 819/807/1108 831/806/1107
f 789/814/1115 819/807/1108 1670/813/1114
f 819/807/1108 789/814/1115 1499/754/1055
f 1495/757/1058 1499/754/1055 789/814/1115
f 860/815/1116 814/809/1110 928/808/1109
f 814/809/1110 860/815/1116 861/816/1117
f 814/809/1110 861/816/1117 1626/810/1111
f 861/816/1117 590/817/1118 1626/810/1111
f 1626/810/1111 590/817/1118 279/818/1119
f 1277/811/1112 1626/810/1111 279/818/1119
f 290/819/1120 1277/811/1112 279/818/1119
f 1726/820/1121 1277/811/1112 290/819/1120
f 1726/820/1121 1669/812/1113 1277/811/1112
f 860/815/1116 813/821/1122 861/816/1117
f 861/816/1117 813/821/1122 1627/822/1123
f 590/817/1118 861/816/1117 1627/822/1123
f 590/817/1118 1627/822/1123 820/823/1124
f 823/824/1030 590/817/1118 820/823/1124
f 590/817/1118 823/824/1030 589/825/1125
f 590/817/1118 589/825/1125 285/826/1126
f 590/817/1118 285/826/1126 279/818/1119
f 812/827/1127 813/821/1122 860/815/1116
f 812/827/1127 855/828/1128 813/821/1122
f 855/828/1128 838/829/1129 813/821/1122
f 838/829/1129 811/830/1130 813/821/1122
f 811/830/1130 1627/822/1123 813/821/1122
f 1640/831/1131 1627/822/1123 811/830/1130
f 1627/822/1123 1640/831/1131 820/823/1124
f 1640/831/1131 1639/832/1132 820/823/1124
f 1639/832/1132 833/833/1133 820/823/1124
f 833/833/1133 822/834/1134 820/823/1124
f 820/823/1124 822/834/1134 823/824/1030
f 822/834/1134 832/835/1135 823/824/1030
f 855/828/1128 941/836/1136 838/829/1129
f 941/836/1136 863/837/1137 838/829/1129
f 838/829/1129 863/837/1137 811/830/1130
f 863/837/1137 854/838/1138 811/830/1130
f 811/830/1130 854/838/1138 1640/831/1131
f 854/838/1138 824/839/1139 1640/831/1131
f 824/839/1139 825/840/1140 1640/831/1131
f 825/840/1140 1639/832/1132 1640/831/1131
f 825/840/1140 815/841/1141 1639/832/1132
f 815/841/1141 833/833/1133 1639/832/1132
f 941/836/1136 1017/842/1142 863/837/1137
f 1017/842/1142 1000/843/1143 863/837/1137
f 863/837/1137 1000/843/1143 854/838/1138
f 1000/843/1143 997/844/1144 854/838/1138
f 854/838/1138 997/844/1144 824/839/1139
f 997/844/1144 970/845/1145 824/839/1139
f 970/845/1145 1003/846/1146 824/839/1139
f 1003/846/1146 825/840/1140 824/839/1139
f 1003/846/1146 999/847/1147 825/840/1140
f 999/847/1147 815/841/1141 825/840/1140
f 1017/842/1142 1010/848/1148 1000/843/1143
f 1010/848/1148 995/849/1149 1000/843/1143
f 1000/843/1143 995/849/1149 997/844/1144
f 995/849/1149 996/850/1150 997/844/1144
f 997/844/1144 996/850/1150 970/845/1145
f 996/850/1150 968/851/1151 970/845/1145
f 968/851/1151 969/852/1152 970/845/1145
f 969/852/1152 1003/846/1146 970/845/1145
f 969/852/1152 998/853/1153 1003/846/1146
f 998/853/1153 999/847/1147 1003/846/1146
f 1010/848/1148 889/854/1154 995/849/1149
f 889/854/1154 1008/855/1155 995/849/1149
f 995/849/1149 1008/855/1155 996/850/1150
f 1008/855/1155 1007/856/1156 996/850/1150
f 996/850/1150 1007/856/1156 968/851/1151
f 1007/856/1156 1012/857/1157 968/851/1151
f 1012/857/1157 1006/858/1158 968/851/1151
f 1006/858/1158 969/852/1152 968/851/1151
f 1006/858/1158 873/859/1159 969/852/1152
f 873/859/1159 998/853/1153 969/852/1152
f 889/854/1154 868/860/1160 1008/855/1155
f 868/860/1160 890/860/1161 1008/855/1155
f 1008/855/1155 890/860/1161 1007/856/1156
f 890/860/1161 891/861/1162 1007/856/1156
f 891/861/1162 871/862/1163 1007/856/1156
f 871/862/1163 1012/857/1157 1007/856/1156
f 871/862/1163 872/863/1164 1012/857/1157
f 872/863/1164 1006/858/1158 1012/857/1157
f 872/863/1164 870/864/1165 1006/858/1158
f 870/864/1165 873/859/1159 1006/858/1158
f 868/860/1160 869/865/1166 890/860/1161
f 869/865/1166 891/861/1162 890/860/1161
f 869/865/1166 871/862/1163 891/861/1162
f 869/865/1166 872/863/1164 871/862/1163
f 869/865/1166 870/864/1165 872/863/1164
f 823/824/1030 594/866/1167 589/825/1125
f 594/866/1167 560/867/1168 589/825/1125
f 560/867/1168 559/868/1169 589/825/1125
f 942/869/1170 589/825/1125 559/868/1169
f 589/825/1125 942/869/1170 285/826/1126
f 942/869/1170 1745/870/1171 285/826/1126
f 1745/870/1171 279/818/1119 285/826/1126
f 290/819/1120 279/818/1119 1745/870/1171
f 594/866/1167 270/871/1172 560/867/1168
f 270/871/1172 283/872/1173 560/867/1168
f 1223/873/1174 560/867/1168 283/872/1173
f 560/867/1168 1223/873/1174 559/868/1169
f 1223/873/1174 1273/874/1175 559/868/1169
f 943/875/1176 559/868/1169 1273/874/1175
f 943/875/1176 942/869/1170 559/868/1169
f 942/869/1170 943/875/1176 1745/870/1171
f 943/875/1176 1723/876/1177 1745/870/1171
f 1723/876/1177 1746/877/1178 1745/870/1171
f 1746/877/1178 1749/878/1179 1745/870/1171
f 1749/878/1179 290/819/1120 1745/870/1171
f 1749/878/1179 1726/820/1121 290/819/1120
f 1222/879/1180 1223/873/1174 283/872/1173
f 1224/880/1181 1223/873/1174 1222/879/1180
f 1223/873/1174 1224/880/1181 1273/874/1175
f 1224/880/1181 1246/881/1182 1273/874/1175
f 1273/874/1175 1246/881/1182 1258/882/1183
f 1258/882/1183 943/875/1176 1273/874/1175
f 943/875/1176 1258/882/1183 1723/876/1177
f 1258/882/1183 1725/883/1184 1723/876/1177
f 1723/876/1177 1725/883/1184 1724/884/1185
f 1746/877/1178 1723/876/1177 1724/884/1185
f 1746/877/1178 1724/884/1185 1749/878/1179
f 1724/884/1185 1726/820/1121 1749/878/1179
f 1219/885/1186 1224/880/1181 1222/879/1180
f 1224/880/1181 1219/885/1186 1227/886/1187
f 1224/880/1181 1227/886/1187 1246/881/1182
f 1227/886/1187 1267/887/1188 1246/881/1182
f 1246/881/1182 1267/887/1188 1250/888/1189
f 1246/881/1182 1250/888/1189 1258/882/1183
f 1258/882/1183 1250/888/1189 1398/889/1190
f 1725/883/1184 1258/882/1183 1398/889/1190
f 1725/883/1184 1398/889/1190 1390/890/1191
f 1724/884/1185 1725/883/1184 1390/890/1191
f 1390/890/1191 1380/891/1192 1724/884/1185
f 1380/891/1192 1726/820/1121 1724/884/1185
f 1219/885/1186 1274/892/1193 1227/886/1187
f 1274/892/1193 249/893/1194 1227/886/1187
f 249/893/1194 546/894/1195 1227/886/1187
f 1227/886/1187 546/894/1195 1267/887/1188
f 546/894/1195 250/895/1196 1267/887/1188
f 1267/887/1188 250/895/1196 779/896/1197
f 1267/887/1188 779/896/1197 1250/888/1189
f 1250/888/1189 779/896/1197 1382/897/1198
f 1398/889/1190 1250/888/1189 1382/897/1198
f 1398/889/1190 1382/897/1198 1390/890/1191
f 1382/897/1198 1379/898/1199 1390/890/1191
f 1379/898/1199 1380/891/1192 1390/890/1191
f 249/893/1194 257/899/1200 546/894/1195
f 257/899/1200 545/900/1201 546/894/1195
f 546/894/1195 545/900/1201 250/895/1196
f 545/900/1201 549/901/1202 250/895/1196
f 250/895/1196 549/901/1202 739/902/1203
f 250/895/1196 739/902/1203 779/896/1197
f 779/896/1197 739/902/1203 1382/897/1198
f 739/902/1203 735/903/1204 1382/897/1198
f 1382/897/1198 735/903/1204 1379/898/1199
f 257/899/1200 244/904/1205 545/900/1201
f 244/904/1205 242/905/1206 545/900/1201
f 242/905/1206 248/906/1207 545/900/1201
f 248/906/1207 549/901/1202 545/900/1201
f 549/901/1202 248/906/1207 479/907/1208
f 768/908/1209 549/901/1202 479/907/1208
f 549/901/1202 768/908/1209 739/902/1203
f 739/902/1203 768/908/1209 735/903/1204
f 768/908/1209 737/909/1210 735/903/1204
f 735/903/1204 737/909/1210 778/910/1211
f 735/903/1204 778/910/1211 1379/898/1199
f 242/905/1206 244/904/1205 1183/911/1212
f 1183/911/1212 1207/912/1213 242/905/1206
f 1207/912/1213 248/906/1207 242/905/1206
f 1207/912/1213 1204/913/1214 248/906/1207
f 1204/913/1214 479/907/1208 248/906/1207
f 479/907/1208 1204/913/1214 482/914/1215
f 768/908/1209 479/907/1208 482/914/1215
f 737/909/1210 768/908/1209 482/914/1215
f 244/904/1205 1209/915/1216 1183/911/1212
f 1209/915/1216 1214/916/1217 1183/911/1212
f 1214/916/1217 1182/917/1218 1183/911/1212
f 1182/917/1218 1205/918/1219 1183/911/1212
f 1205/918/1219 1207/912/1213 1183/911/1212
f 1205/918/1219 1206/919/1220 1207/912/1213
f 1206/919/1220 1204/913/1214 1207/912/1213
f 1204/913/1214 1206/919/1220 1213/920/1221
f 1204/913/1214 1213/920/1221 482/914/1215
f 482/914/1215 1213/920/1221 635/921/1222
f 1213/920/1221 1037/922/1223 635/921/1222
f 635/921/1222 1037/922/1223 252/923/1224
f 1214/916/1217 1201/924/1225 1182/917/1218
f 1201/924/1225 1208/925/1226 1182/917/1218
f 1208/925/1226 1196/926/1227 1182/917/1218
f 1196/926/1227 1205/918/1219 1182/917/1218
f 1196/926/1227 1175/927/1228 1205/918/1219
f 1175/927/1228 1206/919/1220 1205/918/1219
f 1206/919/1220 1175/927/1228 1225/928/1229
f 1206/919/1220 1225/928/1229 1213/920/1221
f 1213/920/1221 1225/928/1229 1037/922/1223
f 1225/928/1229 1036/929/1230 1037/922/1223
f 1037/922/1223 1036/929/1230 1169/930/1231
f 1037/922/1223 1169/930/1231 252/923/1224
f 1201/924/1225 1197/931/1232 1208/925/1226
f 1197/931/1232 1202/932/1233 1208/925/1226
f 1202/932/1233 1177/933/1234 1208/925/1226
f 1177/933/1234 1196/926/1227 1208/925/1226
f 1177/933/1234 1174/934/1235 1196/926/1227
f 1174/934/1235 1175/927/1228 1196/926/1227
f 1175/927/1228 1174/934/1235 1176/935/1236
f 1198/936/1237 1175/927/1228 1176/935/1236
f 1175/927/1228 1198/936/1237 1225/928/1229
f 1198/936/1237 481/937/1238 1225/928/1229
f 481/937/1238 1036/929/1230 1225/928/1229
f 1212/938/1239 1202/932/1233 1197/931/1232
f 1212/938/1239 1177/933/1234 1202/932/1233
f 1212/938/1239 1174/934/1235 1177/933/1234
f 1174/934/1235 1212/938/1239 1176/935/1236
f 1212/938/1239 480/939/1240 1176/935/1236
f 1176/935/1236 480/939/1240 1198/936/1237
f 480/939/1240 481/937/1238 1198/936/1237
f 480/939/1240 730/940/1241 481/937/1238
f 730/940/1241 734/941/1242 481/937/1238
f 481/937/1238 734/941/1242 1036/929/1230
f 734/941/1242 1167/942/1243 1036/929/1230
f 1036/929/1230 1167/942/1243 1169/930/1231
f 1212/938/1239 730/940/1241 480/939/1240
f 1212/938/1239 732/943/1244 730/940/1241
f 730/940/1241 732/943/1244 733/944/1245
f 734/941/1242 730/940/1241 733/944/1245
f 734/941/1242 733/944/1245 1168/945/1246
f 1167/942/1243 734/941/1242 1168/945/1246
f 1167/942/1243 1168/945/1246 1169/930/1231
f 1168/945/1246 1166/946/1247 1169/930/1231
f 1169/930/1231 1166/946/1247 255/947/1248
f 252/923/1224 1169/930/1231 255/947/1248
f 252/923/1224 255/947/1248 254/948/1249
f 584/949/1250 252/923/1224 254/948/1249
f 482/914/1215 588/950/1251 737/909/1210
f 588/950/1251 593/951/1252 737/909/1210
f 593/951/1252 780/952/1253 737/909/1210
f 737/909/1210 780/952/1253 778/910/1211
f 778/910/1211 780/952/1253 1385/953/1254
f 1392/954/1255 778/910/1211 1385/953/1254
f 778/910/1211 1392/954/1255 1377/955/1256
f 1379/898/1199 778/910/1211 1377/955/1256
f 281/956/1257 593/951/1252 588/950/1251
f 593/951/1252 281/956/1257 585/957/1258
f 280/958/1259 593/951/1252 585/957/1258
f 780/952/1253 593/951/1252 280/958/1259
f 1385/953/1254 780/952/1253 280/958/1259
f 280/958/1259 277/959/1260 1385/953/1254
f 277/959/1260 1386/960/1261 1385/953/1254
f 1385/953/1254 1386/960/1261 1392/954/1255
f 1386/960/1261 1402/961/1262 1392/954/1255
f 1392/954/1255 1402/961/1262 1377/955/1256
f 278/962/1263 281/956/1257 588/950/1251
f 262/963/1264 281/956/1257 278/962/1263
f 281/956/1257 262/963/1264 247/964/1265
f 585/957/1258 281/956/1257 247/964/1265
f 585/957/1258 247/964/1265 264/965/1266
f 586/966/1267 585/957/1258 264/965/1266
f 280/958/1259 585/957/1258 586/966/1267
f 277/959/1260 280/958/1259 586/966/1267
f 209/967/1268 262/963/1264 278/962/1263
f 262/963/1264 209/967/1268 265/968/1269
f 262/963/1264 265/968/1269 649/969/1270
f 247/964/1265 262/963/1264 649/969/1270
f 247/964/1265 649/969/1270 582/970/1271
f 264/965/1266 247/964/1265 582/970/1271
f 209/967/1268 211/971/1272 265/968/1269
f 211/971/1272 580/972/1273 265/968/1269
f 580/972/1273 263/973/1274 265/968/1269
f 265/968/1269 263/973/1274 649/969/1270
f 263/973/1274 420/974/1275 649/969/1270
f 649/969/1270 420/974/1275 579/975/1276
f 582/970/1271 649/969/1270 579/975/1276
f 580/972/1273 712/976/1277 263/973/1274
f 712/976/1277 1574/977/1278 263/973/1274
f 263/973/1274 1574/977/1278 420/974/1275
f 1574/977/1278 1436/978/1279 420/974/1275
f 420/974/1275 1436/978/1279 1441/979/1280
f 579/975/1276 420/974/1275 1441/979/1280
f 712/976/1277 783/980/1281 1574/977/1278
f 783/980/1281 1572/981/1282 1574/977/1278
f 1574/977/1278 1572/981/1282 1436/978/1279
f 1572/981/1282 1438/982/1283 1436/978/1279
f 1436/978/1279 1438/982/1283 1441/979/1280
f 1438/982/1283 1443/983/1284 1441/979/1280
f 1438/982/1283 1292/984/1285 1443/983/1284
f 1292/984/1285 1291/985/1286 1443/983/1284
f 1292/984/1285 1290/986/1287 1291/985/1286
f 1290/986/1287 1293/987/1288 1291/985/1286
f 783/980/1281 1310/988/1289 1572/981/1282
f 1310/988/1289 1320/989/1290 1572/981/1282
f 1572/981/1282 1320/989/1290 1438/982/1283
f 1320/989/1290 1292/984/1285 1438/982/1283
f 1320/989/1290 1300/990/1291 1292/984/1285
f 1300/990/1291 1290/986/1287 1292/984/1285
f 1300/990/1291 1298/991/1292 1290/986/1287
f 1298/991/1292 1302/992/1293 1290/986/1287
f 1302/992/1293 1303/993/1294 1290/986/1287
f 1303/993/1294 1293/987/1288 1290/986/1287
f 1310/988/1289 1316/994/1295 1320/989/1290
f 1316/994/1295 1300/990/1291 1320/989/1290
f 1316/994/1295 1309/995/991 1300/990/1291
f 1309/995/991 1298/991/1292 1300/990/1291
f 1309/995/991 1311/996/1296 1298/991/1292
f 1311/996/1296 1317/997/1297 1298/991/1292
f 1298/991/1292 1317/997/1297 1302/992/1293
f 1317/997/1297 1299/998/1298 1302/992/1293
f 1299/998/1298 1301/999/1299 1302/992/1293
f 1301/999/1299 1303/993/1294 1302/992/1293
f 729/1000/1300 1317/997/1297 1311/996/1296
f 1317/997/1297 729/1000/1300 1299/998/1298
f 729/1000/1300 731/1001/1301 1299/998/1298
f 1299/998/1298 731/1001/1301 1301/999/1299
f 731/1001/1301 757/1002/1302 1301/999/1299
f 752/1003/1008 757/1002/1302 731/1001/1301
f 738/1004/1303 752/1003/1008 731/1001/1301
f 750/1005/1304 752/1003/1008 738/1004/1303
f 1564/1006/1305 729/1000/1300 1311/996/1296
f 736/1007/1306 729/1000/1300 1564/1006/1305
f 729/1000/1300 736/1007/1306 738/1004/1303
f 731/1001/1301 729/1000/1300 738/1004/1303
f 1562/1008/999 736/1007/1306 1564/1006/1305
f 740/1009/1307 736/1007/1306 1562/1008/999
f 736/1007/1306 740/1009/1307 767/1010/1308
f 738/1004/1303 736/1007/1306 767/1010/1308
f 767/1010/1308 750/1005/1304 738/1004/1303
f 766/1011/1309 750/1005/1304 767/1010/1308
f 740/1009/1307 766/1011/1309 767/1010/1308
f 766/1011/1309 740/1009/1307 1563/1012/1002
f 1563/1012/1002 740/1009/1307 1562/1008/999
f 1402/961/1262 1400/1013/1310 1377/955/1256
f 1377/955/1256 1400/1013/1310 1422/1014/1311
f 1377/955/1256 1422/1014/1311 1379/898/1199
f 1422/1014/1311 1380/891/1192 1379/898/1199
f 1380/891/1192 1422/1014/1311 1667/1015/1312
f 1726/820/1121 1380/891/1192 1667/1015/1312
f 1669/812/1113 1726/820/1121 1667/1015/1312
f 1400/1013/1310 1401/1016/1313 1422/1014/1311
f 1624/1017/1314 1095/1018/1315 1623/1019/891
f 1095/1018/1315 1427/1020/1316 1623/1019/891
f 1623/1019/891 1427/1020/1316 1473/1021/1317
f 1427/1020/1316 1514/1022/1318 1473/1021/1317
f 1473/1021/1317 1514/1022/1318 1471/1023/1319
f 1514/1022/1318 1470/1024/1320 1471/1023/1319
f 1471/1023/1319 1470/1024/1320 1477/1025/1321
f 1427/1020/1316 1095/1018/1315 1096/1026/1322
f 1427/1020/1316 1096/1026/1322 1514/1022/1318
f 1096/1026/1322 1468/1027/1323 1514/1022/1318
f 1514/1022/1318 1468/1027/1323 1508/1028/1324
f 1470/1024/1320 1514/1022/1318 1508/1028/1324
f 1470/1024/1320 1508/1028/1324 1469/1029/1325
f 1470/1024/1320 1469/1029/1325 1477/1025/1321
f 1477/1025/1321 1469/1029/1325 1581/1030/1326
f 1469/1029/1325 1608/1031/1327 1581/1030/1326
f 1581/1030/1326 1608/1031/1327 1583/1032/1328
f 1095/1018/1315 1093/1033/907 1096/1026/1322
f 1096/1026/1322 1093/1033/907 1091/1034/1329
f 1096/1026/1322 1091/1034/1329 1509/1035/1330
f 1468/1027/1323 1096/1026/1322 1509/1035/1330
f 1468/1027/1323 1509/1035/1330 1506/1036/1331
f 1508/1028/1324 1468/1027/1323 1506/1036/1331
f 1508/1028/1324 1506/1036/1331 1507/1037/1332
f 1508/1028/1324 1507/1037/1332 1469/1029/1325
f 1608/1031/1327 1469/1029/1325 1507/1037/1332
f 1486/1038/1333 1608/1031/1327 1507/1037/1332
f 1607/1039/1334 1608/1031/1327 1486/1038/1333
f 1608/1031/1327 1607/1039/1334 1583/1032/1328
f 1583/1032/1328 1607/1039/1334 1609/1040/1335
f 1093/1033/907 1092/1041/904 1091/1034/1329
f 1506/1036/1331 1504/1042/1336 1507/1037/1332
f 1507/1037/1332 1504/1042/1336 1478/1043/1337
f 1486/1038/1333 1507/1037/1332 1478/1043/1337
f 1472/1044/1338 1486/1038/1333 1478/1043/1337
f 1472/1044/1338 1607/1039/1334 1486/1038/1333
f 1607/1039/1334 1472/1044/1338 1485/1045/1339
f 1607/1039/1334 1485/1045/1339 1609/1040/1335
f 1609/1040/1335 1485/1045/1339 1046/1046/1340
f 1485/1045/1339 875/1047/1341 1046/1046/1340
f 1046/1046/1340 875/1047/1341 876/1048/1342
f 875/1047/1341 971/1049/1343 876/1048/1342
f 876/1048/1342 971/1049/1343 961/1050/1344
f 1475/1051/1345 1472/1044/1338 1478/1043/1337
f 1474/1052/1346 1472/1044/1338 1475/1051/1345
f 1472/1044/1338 1474/1052/1346 1485/1045/1339
f 875/1047/1341 1485/1045/1339 1474/1052/1346
f 1433/1053/1347 875/1047/1341 1474/1052/1346
f 875/1047/1341 1433/1053/1347 1042/1054/1348
f 971/1049/1343 875/1047/1341 1042/1054/1348
f 971/1049/1343 1042/1054/1348 1040/1055/1349
f 963/1056/1350 971/1049/1343 1040/1055/1349
f 971/1049/1343 963/1056/1350 961/1050/1344
f 961/1050/1344 963/1056/1350 960/1057/1351
f 1476/1058/1352 1474/1052/1346 1475/1051/1345
f 1433/1053/1347 1474/1052/1346 1476/1058/1352
f 527/1059/1353 1433/1053/1347 1476/1058/1352
f 1433/1053/1347 527/1059/1353 517/1060/1354
f 1042/1054/1348 1433/1053/1347 517/1060/1354
f 517/1060/1354 174/1061/1355 1042/1054/1348
f 174/1061/1355 1040/1055/1349 1042/1054/1348
f 1641/1062/1356 1040/1055/1349 174/1061/1355
f 963/1056/1350 1040/1055/1349 1641/1062/1356
f 962/1063/1357 963/1056/1350 1641/1062/1356
f 963/1056/1350 962/1063/1357 960/1057/1351
f 974/1064/1358 960/1057/1351 962/1063/1357
f 965/1065/1359 974/1064/1358 962/1063/1357
f 974/1064/1358 965/1065/1359 1335/1066/1360
f 174/1061/1355 517/1060/1354 989/1067/1361
f 1638/1068/1362 174/1061/1355 989/1067/1361
f 1641/1062/1356 174/1061/1355 1638/1068/1362
f 1638/1068/1362 1645/1069/1363 1641/1062/1356
f 1645/1069/1363 921/1070/1364 1641/1062/1356
f 1641/1062/1356 921/1070/1364 810/1071/1365
f 810/1071/1365 965/1065/1359 1641/1062/1356
f 965/1065/1359 962/1063/1357 1641/1062/1356
f 989/1067/1361 517/1060/1354 1643/1072/1366
f 1643/1072/1366 985/1073/1367 989/1067/1361
f 985/1073/1367 1022/1074/1368 989/1067/1361
f 989/1067/1361 1022/1074/1368 1638/1068/1362
f 1022/1074/1368 1645/1069/1363 1638/1068/1362
f 1022/1074/1368 1020/1075/1369 1645/1069/1363
f 1020/1075/1369 947/1076/1370 1645/1069/1363
f 1645/1069/1363 947/1076/1370 936/1077/1371
f 921/1070/1364 1645/1069/1363 936/1077/1371
f 517/1060/1354 1630/1078/1372 1643/1072/1366
f 1629/1079/1373 1643/1072/1366 1630/1078/1372
f 1643/1072/1366 1629/1079/1373 985/1073/1367
f 1629/1079/1373 981/1080/1374 985/1073/1367
f 985/1073/1367 981/1080/1374 990/1081/1375
f 985/1073/1367 990/1081/1375 1020/1075/1369
f 1022/1074/1368 985/1073/1367 1020/1075/1369
f 1637/1082/1376 1629/1079/1373 1630/1078/1372
f 1637/1082/1376 1636/1083/1377 1629/1079/1373
f 1636/1083/1377 884/1084/1378 1629/1079/1373
f 1629/1079/1373 884/1084/1378 981/1080/1374
f 884/1084/1378 979/1085/1379 981/1080/1374
f 981/1080/1374 979/1085/1379 986/1086/1380
f 981/1080/1374 986/1086/1380 990/1081/1375
f 990/1081/1375 986/1086/1380 1018/1087/1381
f 990/1081/1375 1018/1087/1381 1021/1088/1382
f 1020/1075/1369 990/1081/1375 1021/1088/1382
f 1636/1083/1377 958/1089/1383 884/1084/1378
f 958/1089/1383 966/1090/1384 884/1084/1378
f 884/1084/1378 966/1090/1384 979/1085/1379
f 966/1090/1384 987/1091/1385 979/1085/1379
f 979/1085/1379 987/1091/1385 980/1092/1386
f 979/1085/1379 980/1092/1386 986/1086/1380
f 986/1086/1380 980/1092/1386 988/1093/1387
f 986/1086/1380 988/1093/1387 1018/1087/1381
f 1018/1087/1381 988/1093/1387 1029/1094/1388
f 1018/1087/1381 1029/1094/1388 878/1095/1389
f 1021/1088/1382 1018/1087/1381 878/1095/1389
f 958/1089/1383 1529/1096/1390 966/1090/1384
f 1529/1096/1390 1549/1097/1391 966/1090/1384
f 966/1090/1384 1549/1097/1391 987/1091/1385
f 1549/1097/1391 1429/1098/1392 987/1091/1385
f 987/1091/1385 1429/1098/1392 992/1099/1393
f 987/1091/1385 992/1099/1393 980/1092/1386
f 992/1099/1393 993/1100/1394 980/1092/1386
f 993/1100/1394 982/1101/1395 980/1092/1386
f 980/1092/1386 982/1101/1395 988/1093/1387
f 1529/1096/1390 1531/1102/1396 1549/1097/1391
f 1531/1102/1396 1551/1103/1397 1549/1097/1391
f 1549/1097/1391 1551/1103/1397 1429/1098/1392
f 1551/1103/1397 1505/1104/1398 1429/1098/1392
f 1429/1098/1392 1505/1104/1398 1435/1105/1399
f 1429/1098/1392 1435/1105/1399 992/1099/1393
f 992/1099/1393 1435/1105/1399 993/1100/1394
f 1435/1105/1399 1617/1106/1400 993/1100/1394
f 1617/1106/1400 1616/1107/1401 993/1100/1394
f 1616/1107/1401 984/1108/1402 993/1100/1394
f 993/1100/1394 984/1108/1402 982/1101/1395
f 1531/1102/1396 1530/1109/822 1551/1103/1397
f 1530/1109/822 1519/1110/1403 1551/1103/1397
f 1551/1103/1397 1519/1110/1403 1505/1104/1398
f 1519/1110/1403 1520/1111/1404 1505/1104/1398
f 1520/1111/1404 1431/1112/1405 1505/1104/1398
f 1431/1112/1405 1434/1113/1406 1505/1104/1398
f 1505/1104/1398 1434/1113/1406 1435/1105/1399
f 1434/1113/1406 1055/1114/1407 1435/1105/1399
f 1055/1114/1407 1617/1106/1400 1435/1105/1399
f 1055/1114/1407 1614/1115/1408 1617/1106/1400
f 1614/1115/1408 1616/1107/1401 1617/1106/1400
f 1530/1109/822 1527/1116/824 1519/1110/1403
f 1527/1116/824 1553/1117/1409 1519/1110/1403
f 1553/1117/1409 1552/1118/1410 1519/1110/1403
f 1552/1118/1410 1520/1111/1404 1519/1110/1403
f 1552/1118/1410 1510/1119/1411 1520/1111/1404
f 1510/1119/1411 1431/1112/1405 1520/1111/1404
f 1510/1119/1411 1511/1120/1412 1431/1112/1405
f 1511/1120/1412 1432/1121/1413 1431/1112/1405
f 1431/1112/1405 1432/1121/1413 1434/1113/1406
f 1432/1121/1413 1055/1114/1407 1434/1113/1406
f 1432/1121/1413 1056/1122/1414 1055/1114/1407
f 1056/1122/1414 1614/1115/1408 1055/1114/1407
f 1548/1123/832 1553/1117/1409 1527/1116/824
f 1548/1123/832 1550/1124/1415 1553/1117/1409
f 1550/1124/1415 1552/1118/1410 1553/1117/1409
f 1550/1124/1415 1428/1125/1416 1552/1118/1410
f 1428/1125/1416 1510/1119/1411 1552/1118/1410
f 1428/1125/1416 1430/1126/1417 1510/1119/1411
f 1430/1126/1417 1511/1120/1412 1510/1119/1411
f 1430/1126/1417 1060/1127/835 1511/1120/1412
f 1060/1127/835 1059/1128/1418 1511/1120/1412
f 1511/1120/1412 1059/1128/1418 1432/1121/1413
f 1059/1128/1418 1056/1122/1414 1432/1121/1413
f 1137/1129/1419 1548/1123/832 1527/1116/824
f 1059/1128/1418 1060/1127/835 1131/1130/833
f 1130/1131/1420 1059/1128/1418 1131/1130/833
f 1059/1128/1418 1130/1131/1420 1056/1122/1414
f 1130/1131/1420 1104/1132/1421 1056/1122/1414
f 1056/1122/1414 1104/1132/1421 1614/1115/1408
f 1104/1132/1421 1103/1133/1422 1614/1115/1408
f 1614/1115/1408 1103/1133/1422 1616/1107/1401
f 1103/1133/1422 1126/1134/1423 1616/1107/1401
f 1616/1107/1401 1126/1134/1423 984/1108/1402
f 1126/1134/1423 983/1135/1424 984/1108/1402
f 984/1108/1402 983/1135/1424 1026/1136/1425
f 984/1108/1402 1026/1136/1425 982/1101/1395
f 982/1101/1395 1026/1136/1425 988/1093/1387
f 1026/1136/1425 1027/1137/1426 988/1093/1387
f 988/1093/1387 1027/1137/1426 1029/1094/1388
f 983/1135/1424 1031/1138/1427 1026/1136/1425
f 1026/1136/1425 1031/1138/1427 1027/1137/1426
f 1031/1138/1427 1032/1139/1428 1027/1137/1426
f 1029/1094/1388 1027/1137/1426 1032/1139/1428
f 1028/1140/1429 1029/1094/1388 1032/1139/1428
f 878/1095/1389 1029/1094/1388 1028/1140/1429
f 883/1141/1430 878/1095/1389 1028/1140/1429
f 878/1095/1389 883/1141/1430 880/1142/1431
f 907/1143/1432 878/1095/1389 880/1142/1431
f 907/1143/1432 957/1144/1433 878/1095/1389
f 957/1144/1433 1021/1088/1382 878/1095/1389
f 1020/1075/1369 1021/1088/1382 957/1144/1433
f 947/1076/1370 1020/1075/1369 957/1144/1433
f 947/1076/1370 957/1144/1433 935/1145/1434
f 936/1077/1371 947/1076/1370 935/1145/1434
f 880/1142/1431 908/1146/1435 907/1143/1432
f 908/1146/1435 935/1145/1434 907/1143/1432
f 935/1145/1434 957/1144/1433 907/1143/1432
f 880/1142/1431 1080/1147/1436 908/1146/1435
f 1080/1147/1436 1497/1148/1437 908/1146/1435
f 922/1149/1438 908/1146/1435 1497/1148/1437
f 922/1149/1438 935/1145/1434 908/1146/1435
f 922/1149/1438 909/1150/1439 935/1145/1434
f 909/1150/1439 936/1077/1371 935/1145/1434
f 936/1077/1371 909/1150/1439 910/1151/1440
f 921/1070/1364 936/1077/1371 910/1151/1440
f 921/1070/1364 910/1151/1440 810/1071/1365
f 1122/1152/1441 1080/1147/1436 880/1142/1431
f 1122/1152/1441 1118/1153/1442 1080/1147/1436
f 1118/1153/1442 1005/1154/1443 1080/1147/1436
f 1080/1147/1436 1005/1154/1443 1497/1148/1437
f 1005/1154/1443 1502/1155/1444 1497/1148/1437
f 1497/1148/1437 1502/1155/1444 922/1149/1438
f 1114/1156/1445 1122/1152/1441 880/1142/1431
f 1123/1157/1446 1122/1152/1441 1114/1156/1445
f 1123/1157/1446 1117/1158/1447 1122/1152/1441
f 1117/1158/1447 1118/1153/1442 1122/1152/1441
f 1117/1158/1447 1108/1159/1448 1118/1153/1442
f 1108/1159/1448 1121/1160/1449 1118/1153/1442
f 1118/1153/1442 1121/1160/1449 1005/1154/1443
f 1114/1156/1445 880/1142/1431 1035/1161/1450
f 1098/1162/1451 1114/1156/1445 1035/1161/1450
f 1076/1163/1452 1114/1156/1445 1098/1162/1451
f 1076/1163/1452 1123/1157/1446 1114/1156/1445
f 1119/1164/1453 1123/1157/1446 1076/1163/1452
f 1119/1164/1453 1113/1165/1454 1123/1157/1446
f 1113/1165/1454 1117/1158/1447 1123/1157/1446
f 1113/1165/1454 1116/1166/1455 1117/1158/1447
f 1116/1166/1455 1108/1159/1448 1117/1158/1447
f 1075/1167/1456 1076/1163/1452 1098/1162/1451
f 1077/1168/1457 1076/1163/1452 1075/1167/1456
f 1077/1168/1457 1119/1164/1453 1076/1163/1452
f 1115/1169/1458 1119/1164/1453 1077/1168/1457
f 1119/1164/1453 1115/1169/1458 1113/1165/1454
f 1115/1169/1458 1120/1170/1459 1113/1165/1454
f 1120/1170/1459 1112/1171/1460 1113/1165/1454
f 1112/1171/1460 1116/1166/1455 1113/1165/1454
f 1112/1171/1460 1109/1172/1461 1116/1166/1455
f 1109/1172/1461 1132/1173/1462 1116/1166/1455
f 1116/1166/1455 1132/1173/1462 1108/1159/1448
f 1082/1174/1463 1077/1168/1457 1075/1167/1456
f 1097/1175/1464 1077/1168/1457 1082/1174/1463
f 1097/1175/1464 1115/1169/1458 1077/1168/1457
f 1554/1176/1465 1115/1169/1458 1097/1175/1464
f 1554/1176/1465 1555/1177/1466 1115/1169/1458
f 1555/1177/1466 1120/1170/1459 1115/1169/1458
f 1555/1177/1466 1556/1178/1467 1120/1170/1459
f 1556/1178/1467 1112/1171/1460 1120/1170/1459
f 1556/1178/1467 1064/1179/1468 1112/1171/1460
f 1064/1179/1468 1109/1172/1461 1112/1171/1460
f 1078/1180/1469 1097/1175/1464 1082/1174/1463
f 1078/1180/1469 1561/1181/1470 1097/1175/1464
f 1561/1181/1470 1065/1182/1471 1097/1175/1464
f 1065/1182/1471 1554/1176/1465 1097/1175/1464
f 1516/1183/1472 1554/1176/1465 1065/1182/1471
f 1516/1183/1472 1484/1184/1473 1554/1176/1465
f 1484/1184/1473 1555/1177/1466 1554/1176/1465
f 1484/1184/1473 1492/1185/1474 1555/1177/1466
f 1492/1185/1474 1556/1178/1467 1555/1177/1466
f 1492/1185/1474 1459/1186/1475 1556/1178/1467
f 1459/1186/1475 1064/1179/1468 1556/1178/1467
f 1561/1181/1470 1068/1187/1476 1065/1182/1471
f 1068/1187/1476 1070/1188/1477 1065/1182/1471
f 1070/1188/1477 1516/1183/1472 1065/1182/1471
f 1070/1188/1477 1460/1189/1478 1516/1183/1472
f 1460/1189/1478 1515/1190/1479 1516/1183/1472
f 1516/1183/1472 1515/1190/1479 1484/1184/1473
f 1515/1190/1479 1482/1191/1480 1484/1184/1473
f 1482/1191/1480 1488/1192/1481 1484/1184/1473
f 1488/1192/1481 1492/1185/1474 1484/1184/1473
f 1488/1192/1481 1467/1193/1482 1492/1185/1474
f 1467/1193/1482 1459/1186/1475 1492/1185/1474
f 1460/1189/1478 1070/1188/1477 1068/1187/1476
f 1456/1194/1483 1460/1189/1478 1068/1187/1476
f 1456/1194/1483 1457/1195/1484 1460/1189/1478
f 1457/1195/1484 1461/1196/1485 1460/1189/1478
f 1460/1189/1478 1461/1196/1485 1515/1190/1479
f 1461/1196/1485 1518/1197/1486 1515/1190/1479
f 1515/1190/1479 1518/1197/1486 1482/1191/1480
f 1518/1197/1486 1483/1198/1487 1482/1191/1480
f 1482/1191/1480 1483/1198/1487 1488/1192/1481
f 1483/1198/1487 1487/1199/1488 1488/1192/1481
f 1488/1192/1481 1487/1199/1488 1467/1193/1482
f 1487/1199/1488 1451/1200/1489 1467/1193/1482
f 1467/1193/1482 1451/1200/1489 1491/1201/1490
f 1466/1202/1491 1467/1193/1482 1491/1201/1490
f 1459/1186/1475 1467/1193/1482 1466/1202/1491
f 1453/1203/1492 1459/1186/1475 1466/1202/1491
f 1064/1179/1468 1459/1186/1475 1453/1203/1492
f 1051/1204/1493 1064/1179/1468 1453/1203/1492
f 1109/1172/1461 1064/1179/1468 1051/1204/1493
f 1110/1205/1494 1109/1172/1461 1051/1204/1493
f 1132/1173/1462 1109/1172/1461 1110/1205/1494
f 1146/1206/1495 1132/1173/1462 1110/1205/1494
f 1145/1207/1496 1132/1173/1462 1146/1206/1495
f 1132/1173/1462 1145/1207/1496 1108/1159/1448
f 1108/1159/1448 1145/1207/1496 1134/1208/1497
f 1121/1160/1449 1108/1159/1448 1134/1208/1497
f 1121/1160/1449 1134/1208/1497 976/1209/1498
f 973/1210/1499 1121/1160/1449 976/1209/1498
f 1121/1160/1449 973/1210/1499 1005/1154/1443
f 1133/1211/1500 1145/1207/1496 1146/1206/1495
f 1145/1207/1496 1133/1211/1500 1147/1212/1501
f 1134/1208/1497 1145/1207/1496 1147/1212/1501
f 1134/1208/1497 1147/1212/1501 975/1213/1502
f 976/1209/1498 1134/1208/1497 975/1213/1502
f 976/1209/1498 975/1213/1502 1500/758/1059
f 1496/1214/1503 976/1209/1498 1500/758/1059
f 973/1210/1499 976/1209/1498 1496/1214/1503
f 1503/1215/1504 973/1210/1499 1496/1214/1503
f 1005/1154/1443 973/1210/1499 1503/1215/1504
f 1502/1155/1444 1005/1154/1443 1503/1215/1504
f 1502/1155/1444 1503/1215/1504 1069/1216/1505
f 1502/1155/1444 1069/1216/1505 922/1149/1438
f 1496/1214/1503 1500/758/1059 1495/757/1058
f 1496/1214/1503 1495/757/1058 1071/1217/1506
f 1503/1215/1504 1496/1214/1503 1071/1217/1506
f 1503/1215/1504 1071/1217/1506 1069/1216/1505
f 1069/1216/1505 1071/1217/1506 1674/1218/1507
f 1069/1216/1505 1674/1218/1507 1695/1219/1508
f 922/1149/1438 1069/1216/1505 1695/1219/1508
f 1695/1219/1508 715/1220/1509 922/1149/1438
f 715/1220/1509 909/1150/1439 922/1149/1438
f 909/1150/1439 715/1220/1509 716/1221/1510
f 910/1151/1440 909/1150/1439 716/1221/1510
f 1071/1217/1506 1495/757/1058 789/814/1115
f 1071/1217/1506 789/814/1115 1674/1218/1507
f 1674/1218/1507 789/814/1115 1670/813/1114
f 1674/1218/1507 1670/813/1114 1673/1222/1511
f 1695/1219/1508 1674/1218/1507 1673/1222/1511
f 1673/1222/1511 715/1220/1509 1695/1219/1508
f 1673/1222/1511 1668/1223/1512 715/1220/1509
f 1668/1223/1512 716/1221/1510 715/1220/1509
f 1668/1223/1512 1667/1015/1312 716/1221/1510
f 1667/1015/1312 1421/1224/1513 716/1221/1510
f 910/1151/1440 716/1221/1510 1421/1224/1513
f 810/1071/1365 910/1151/1440 1421/1224/1513
f 1673/1222/1511 1670/813/1114 1669/812/1113
f 1668/1223/1512 1673/1222/1511 1669/812/1113
f 1668/1223/1512 1669/812/1113 1667/1015/1312
f 1421/1224/1513 1667/1015/1312 1422/1014/1311
f 1337/1225/1514 1421/1224/1513 1422/1014/1311
f 810/1071/1365 1421/1224/1513 1337/1225/1514
f 1335/1066/1360 810/1071/1365 1337/1225/1514
f 965/1065/1359 810/1071/1365 1335/1066/1360
s 19
f 3893/309/1515 4238/308/1516 4763/310/1517
f 4238/308/1516 4722/311/1518 4763/310/1517
f 4763/310/1517 4722/311/1518 4723/318/1519
f 4725/323/1520 4763/310/1517 4723/318/1519
f 4725/323/1520 4723/318/1519 4209/324/1521
f 4205/326/1522 4725/323/1520 4209/324/1521
f 4205/326/1522 4209/324/1521 4232/327/1523
f 4263/332/1524 4205/326/1522 4232/327/1523
f 4722/311/1518 4238/308/1516 4248/312/1525
f 4284/319/1526 4722/311/1518 4248/312/1525
f 4722/311/1518 4284/319/1526 4723/318/1519
f 4723/318/1519 4284/319/1526 4249/325/1527
f 4209/324/1521 4723/318/1519 4249/325/1527
f 4249/325/1527 4232/327/1523 4209/324/1521
f 4232/327/1523 4249/325/1527 4754/328/1528
f 4735/329/1529 4232/327/1523 4754/328/1528
f 4263/332/1524 4232/327/1523 4735/329/1529
f 4734/331/1530 4263/332/1524 4735/329/1529
f 4734/331/1530 4735/329/1529 4745/330/1531
f 4248/312/1525 4238/308/1516 4712/313/1532
f 4712/313/1532 4786/322/1533 4248/312/1525
f 4786/322/1533 4744/321/1534 4248/312/1525
f 4248/312/1525 4744/321/1534 4244/320/1535
f 4284/319/1526 4248/312/1525 4244/320/1535
f 4238/308/1516 4718/314/1536 4712/313/1532
f 4712/313/1532 4718/314/1536 4789/346/1537
f 4789/346/1537 4724/352/1538 4712/313/1532
f 4724/352/1538 4786/322/1533 4712/313/1532
f 4724/352/1538 4774/354/1539 4786/322/1533
f 4774/354/1539 4762/357/1540 4786/322/1533
f 4786/322/1533 4762/357/1540 4744/321/1534
f 4762/357/1540 4576/364/1541 4744/321/1534
f 4744/321/1534 4576/364/1541 4244/320/1535
f 4576/364/1541 4227/370/1542 4244/320/1535
f 4718/314/1536 4238/308/1516 4090/315/1543
f 4461/316/1544 4718/314/1536 4090/315/1543
f 4790/341/1545 4718/314/1536 4461/316/1544
f 4718/314/1536 4790/341/1545 4789/346/1537
f 4789/346/1537 4790/341/1545 4713/347/1546
f 4713/347/1546 4749/353/1547 4789/346/1537
f 4749/353/1547 4724/352/1538 4789/346/1537
f 4749/353/1547 4727/355/1548 4724/352/1538
f 4727/355/1548 4774/354/1539 4724/352/1538
f 4461/316/1544 4090/315/1543 4185/317/1549
f 4140/333/1550 4461/316/1544 4185/317/1549
f 4459/334/1551 4461/316/1544 4140/333/1550
f 4459/334/1551 4790/341/1545 4461/316/1544
f 4459/334/1551 4555/337/1552 4790/341/1545
f 4555/337/1552 4714/342/1553 4790/341/1545
f 4790/341/1545 4714/342/1553 4713/347/1546
f 4714/342/1553 4716/343/1554 4713/347/1546
f 4716/343/1554 4715/348/1555 4713/347/1546
f 4715/348/1555 4729/350/1556 4713/347/1546
f 4729/350/1556 4749/353/1547 4713/347/1546
f 4729/350/1556 4727/355/1548 4749/353/1547
f 4169/335/1557 4459/334/1551 4140/333/1550
f 4169/335/1557 4178/336/1558 4459/334/1551
f 4178/336/1558 4555/337/1552 4459/334/1551
f 4178/336/1558 4180/338/1559 4555/337/1552
f 4180/338/1559 4240/339/1560 4555/337/1552
f 4555/337/1552 4240/339/1560 4714/342/1553
f 4240/339/1560 4716/343/1554 4714/342/1553
f 4716/343/1554 4240/339/1560 4719/344/1561
f 4716/343/1554 4719/344/1561 4715/348/1555
f 4719/344/1561 4717/349/1562 4715/348/1555
f 4729/350/1556 4715/348/1555 4717/349/1562
f 4748/351/1563 4729/350/1556 4717/349/1562
f 4729/350/1556 4748/351/1563 4727/355/1548
f 4748/351/1563 4730/356/1564 4727/355/1548
f 4180/338/1559 4199/340/1565 4240/339/1560
f 4199/340/1565 4235/345/1566 4240/339/1560
f 4240/339/1560 4235/345/1566 4719/344/1561
f 4735/329/1529 4754/328/1528 4745/330/1531
f 4774/354/1539 4727/355/1548 4225/361/1567
f 3646/362/1568 4225/361/1567 4727/355/1548
f 4225/361/1567 3646/362/1568 3533/363/298
f 4268/1226/1569 4225/361/1567 3533/363/298
f 4226/360/1570 4225/361/1567 4268/1226/1569
f 4226/360/1570 4774/354/1539 4225/361/1567
f 4774/354/1539 4226/360/1570 3892/359/1571
f 3892/359/1571 4634/358/1572 4774/354/1539
f 4762/357/1540 4774/354/1539 4634/358/1572
f 3533/363/298 4223/1227/1573 4268/1226/1569
f 4224/1228/1574 4268/1226/1569 4223/1227/1573
f 4224/1228/1574 4226/360/1570 4268/1226/1569
f 3892/359/1571 4226/360/1570 4224/1228/1574
f 3647/1229/299 3892/359/1571 4224/1228/1574
f 4288/1230/1575 3647/1229/299 4224/1228/1574
f 3647/1229/299 4288/1230/1575 4316/1231/1576
f 4223/1227/1573 3533/363/298 4239/1232/300
f 3529/1233/1577 4223/1227/1573 4239/1232/300
f 4288/1230/1575 4223/1227/1573 3529/1233/1577
f 4288/1230/1575 4224/1228/1574 4223/1227/1573
f 4239/1232/300 4241/1234/1578 3529/1233/1577
f 3534/1235/1579 3529/1233/1577 4241/1234/1578
f 3534/1235/1579 4288/1230/1575 3529/1233/1577
f 4288/1230/1575 3534/1235/1579 4316/1231/1576
f 4557/1236/1580 4316/1231/1576 3534/1235/1579
f 4316/1231/1576 4557/1236/1580 4577/1237/309
f 4557/1236/1580 4736/1238/1581 4577/1237/309
f 4577/1237/309 4736/1238/1581 4546/1239/1582
f 4545/1240/1583 4577/1237/309 4546/1239/1582
f 4241/1234/1578 4239/1232/300 4545/1240/1583
f 4546/1239/1582 4241/1234/1578 4545/1240/1583
f 4557/1236/1580 4241/1234/1578 4546/1239/1582
f 4557/1236/1580 3534/1235/1579 4241/1234/1578
f 4736/1238/1581 4557/1236/1580 4546/1239/1582
f 4634/358/1572 3892/359/1571 4323/369/310
f 4635/368/1584 4634/358/1572 4323/369/310
f 3894/367/1585 4634/358/1572 4635/368/1584
f 3894/367/1585 4762/357/1540 4634/358/1572
f 3894/367/1585 4633/366/1586 4762/357/1540
f 4633/366/1586 4328/365/1587 4762/357/1540
f 4576/364/1541 4762/357/1540 4328/365/1587
f 4323/369/310 4294/390/1588 4635/368/1584
f 3895/389/1589 4635/368/1584 4294/390/1588
f 3895/389/1589 3894/367/1585 4635/368/1584
f 3894/367/1585 3895/389/1589 4289/388/1590
f 4633/366/1586 3894/367/1585 4289/388/1590
f 4294/390/1588 4323/369/310 4561/391/312
f 4295/393/1591 4294/390/1588 4561/391/312
f 4221/392/1592 4294/390/1588 4295/393/1591
f 4221/392/1592 3895/389/1589 4294/390/1588
f 4221/392/1592 4289/388/1590 3895/389/1589
f 4289/388/1590 4221/392/1592 4554/399/313
f 4221/392/1592 4222/400/1593 4554/399/313
f 4551/401/1594 4554/399/313 4222/400/1593
f 4554/399/313 4551/401/1594 4755/398/315
f 4561/391/312 4562/394/1595 4295/393/1591
f 4222/400/1593 4295/393/1591 4562/394/1595
f 4222/400/1593 4221/392/1592 4295/393/1591
f 4562/394/1595 4561/391/312 4732/395/314
f 4733/396/1596 4562/394/1595 4732/395/314
f 4562/394/1595 4733/396/1596 4737/397/1597
f 4551/401/1594 4562/394/1595 4737/397/1597
f 4551/401/1594 4222/400/1593 4562/394/1595
f 4737/397/1597 4733/396/1596 4732/395/314
f 4755/398/315 4737/397/1597 4732/395/314
f 4551/401/1594 4737/397/1597 4755/398/315
f 4328/365/1587 4633/366/1586 4206/373/1598
f 4335/372/1599 4328/365/1587 4206/373/1598
f 4631/371/1600 4328/365/1587 4335/372/1599
f 4631/371/1600 4576/364/1541 4328/365/1587
f 4631/371/1600 4227/370/1542 4576/364/1541
f 4227/370/1542 4631/371/1600 4211/374/301
f 4335/372/1599 4206/373/1598 3531/376/1601
f 4335/372/1599 3531/376/1601 4632/375/1602
f 4632/375/1602 4631/371/1600 4335/372/1599
f 4631/371/1600 4632/375/1602 4211/374/301
f 4211/374/301 4632/375/1602 3532/381/1603
f 4210/386/304 4211/374/301 3532/381/1603
f 4324/382/1604 4210/386/304 3532/381/1603
f 4210/386/304 4324/382/1604 4218/383/1605
f 4550/385/1606 4210/386/304 4218/383/1605
f 4206/373/1598 4329/377/1607 3531/376/1601
f 4329/377/1607 4213/378/1608 3531/376/1601
f 3531/376/1601 4213/378/1608 3532/381/1603
f 3531/376/1601 3532/381/1603 4632/375/1602
f 4213/378/1608 4329/377/1607 4216/379/1609
f 4213/378/1608 4216/379/1609 4324/382/1604
f 4213/378/1608 4324/382/1604 3532/381/1603
f 4216/379/1609 4329/377/1607 4549/380/305
f 4547/384/1610 4216/379/1609 4549/380/305
f 4216/379/1609 4547/384/1610 4218/383/1605
f 4216/379/1609 4218/383/1605 4324/382/1604
f 4549/380/305 4550/385/1606 4547/384/1610
f 4550/385/1606 4548/387/1611 4547/384/1610
f 4547/384/1610 4548/387/1611 4218/383/1605
f 4548/387/1611 4550/385/1606 4218/383/1605
s 17
f 1423/622/923 1693/727/1028 1444/1241/1612
f 1693/727/1028 1701/726/1027 1444/1241/1612
f 1446/1242/1613 1444/1241/1612 1701/726/1027
f 1446/1242/1613 1437/1243/1614 1444/1241/1612
f 1437/1243/1614 1440/623/924 1444/1241/1612
f 1440/623/924 1423/622/923 1444/1241/1612
f 1689/1244/1615 1446/1242/1613 1701/726/1027
f 616/1245/1616 1446/1242/1613 1689/1244/1615
f 616/1245/1616 273/1246/1617 1446/1242/1613
f 273/1246/1617 1437/1243/1614 1446/1242/1613
f 273/1246/1617 1049/1247/1618 1437/1243/1614
f 1049/1247/1618 1053/1248/1619 1437/1243/1614
f 1437/1243/1614 1053/1248/1619 1440/623/924
f 1053/1248/1619 1052/624/925 1440/623/924
f 1052/624/925 1053/1248/1619 186/546/847
f 1689/1244/1615 1701/726/1027 1694/725/1026
f 1690/1249/1620 1689/1244/1615 1694/725/1026
f 591/1250/1621 1689/1244/1615 1690/1249/1620
f 591/1250/1621 616/1245/1616 1689/1244/1615
f 591/1250/1621 272/1251/1622 616/1245/1616
f 272/1251/1622 274/1252/1623 616/1245/1616
f 274/1252/1623 225/1253/1624 616/1245/1616
f 225/1253/1624 273/1246/1617 616/1245/1616
f 273/1246/1617 225/1253/1624 562/1254/1625
f 1049/1247/1618 273/1246/1617 562/1254/1625
f 1690/1249/1620 1694/725/1026 1278/1255/1626
f 926/1256/1627 1690/1249/1620 1278/1255/1626
f 573/1257/1628 1690/1249/1620 926/1256/1627
f 573/1257/1628 591/1250/1621 1690/1249/1620
f 272/1251/1622 591/1250/1621 573/1257/1628
f 574/1258/1629 272/1251/1622 573/1257/1628
f 574/1258/1629 612/1259/1630 272/1251/1622
f 612/1259/1630 274/1252/1623 272/1251/1622
f 1278/1255/1626 1694/725/1026 1730/724/1025
f 1229/1260/1631 1278/1255/1626 1730/724/1025
f 818/1261/1632 1278/1255/1626 1229/1260/1631
f 1278/1255/1626 818/1261/1632 926/1256/1627
f 818/1261/1632 938/1262/1633 926/1256/1627
f 926/1256/1627 938/1262/1633 949/1263/1634
f 592/1264/1635 926/1256/1627 949/1263/1634
f 592/1264/1635 573/1257/1628 926/1256/1627
f 592/1264/1635 287/1265/1636 573/1257/1628
f 287/1265/1636 574/1258/1629 573/1257/1628
f 1229/1260/1631 1730/724/1025 1729/723/1024
f 1270/1266/1134 1229/1260/1631 1729/723/1024
f 1271/1267/1637 1229/1260/1631 1270/1266/1134
f 1271/1267/1637 818/1261/1632 1229/1260/1631
f 784/1268/1638 818/1261/1632 1271/1267/1637
f 818/1261/1632 784/1268/1638 938/1262/1633
f 784/1268/1638 948/1269/1639 938/1262/1633
f 938/1262/1633 948/1269/1639 940/1270/1640
f 938/1262/1633 940/1270/1640 925/1271/1128
f 938/1262/1633 925/1271/1128 949/1263/1634
f 821/1272/1133 1271/1267/1637 1270/1266/1134
f 788/1273/1641 1271/1267/1637 821/1272/1133
f 788/1273/1641 784/1268/1638 1271/1267/1637
f 1001/1274/1642 784/1268/1638 788/1273/1641
f 784/1268/1638 1001/1274/1642 948/1269/1639
f 1001/1274/1642 1014/1275/1643 948/1269/1639
f 948/1269/1639 1014/1275/1643 1016/1276/1644
f 940/1270/1640 948/1269/1639 1016/1276/1644
f 785/1277/1645 788/1273/1641 821/1272/1133
f 1002/1278/1646 788/1273/1641 785/1277/1645
f 1002/1278/1646 1001/1274/1642 788/1273/1641
f 1015/1279/1647 1001/1274/1642 1002/1278/1646
f 1015/1279/1647 1013/1280/1648 1001/1274/1642
f 1013/1280/1648 1014/1275/1643 1001/1274/1642
f 1013/1280/1648 967/1281/1148 1014/1275/1643
f 967/1281/1148 1016/1276/1644 1014/1275/1643
f 1004/1282/1147 1002/1278/1646 785/1277/1645
f 994/1283/1649 1002/1278/1646 1004/1282/1147
f 994/1283/1649 1015/1279/1647 1002/1278/1646
f 1009/1284/1650 1015/1279/1647 994/1283/1649
f 1015/1279/1647 1009/1284/1650 1013/1280/1648
f 1009/1284/1650 864/1285/1651 1013/1280/1648
f 1013/1280/1648 864/1285/1651 967/1281/1148
f 864/1285/1651 1631/1286/1652 967/1281/1148
f 864/1285/1651 1642/1287/1653 1631/1286/1652
f 1642/1287/1653 803/1288/1160 1631/1286/1652
f 865/1289/1654 803/1288/1160 1642/1287/1653
f 1011/1290/1153 994/1283/1649 1004/1282/1147
f 866/1291/1655 994/1283/1649 1011/1290/1153
f 866/1291/1655 1009/1284/1650 994/1283/1649
f 866/1291/1655 1038/1292/1656 1009/1284/1650
f 1038/1292/1656 1646/1293/1657 1009/1284/1650
f 1009/1284/1650 1646/1293/1657 864/1285/1651
f 1646/1293/1657 1642/1287/1653 864/1285/1651
f 865/1289/1654 1642/1287/1653 1646/1293/1657
f 865/1289/1654 1646/1293/1657 1038/1292/1656
f 865/1289/1654 1038/1292/1656 848/1294/1165
f 848/1294/1165 1038/1292/1656 867/1295/1159
f 1038/1292/1656 866/1291/1655 867/1295/1159
f 867/1295/1159 866/1291/1655 1011/1290/1153
f 286/1296/1658 592/1264/1635 949/1263/1634
f 286/1296/1658 287/1265/1636 592/1264/1635
f 286/1296/1658 269/1297/1659 287/1265/1636
f 269/1297/1659 282/1298/1660 287/1265/1636
f 287/1265/1636 282/1298/1660 267/1299/1661
f 287/1265/1636 267/1299/1661 574/1258/1629
f 267/1299/1661 612/1259/1630 574/1258/1629
f 267/1299/1661 221/1300/1662 612/1259/1630
f 221/1300/1662 274/1252/1623 612/1259/1630
f 269/1297/1659 859/1301/1663 282/1298/1660
f 859/1301/1663 841/1302/1664 282/1298/1660
f 282/1298/1660 841/1302/1664 268/1303/1665
f 282/1298/1660 268/1303/1665 267/1299/1661
f 267/1299/1661 268/1303/1665 221/1300/1662
f 268/1303/1665 222/1304/1666 221/1300/1662
f 221/1300/1662 222/1304/1666 625/1305/1667
f 221/1300/1662 625/1305/1667 627/1306/1668
f 274/1252/1623 221/1300/1662 627/1306/1668
f 225/1253/1624 274/1252/1623 627/1306/1668
f 862/1307/1669 841/1302/1664 859/1301/1663
f 862/1307/1669 839/1308/1670 841/1302/1664
f 839/1308/1670 844/1309/1671 841/1302/1664
f 841/1302/1664 844/1309/1671 268/1303/1665
f 268/1303/1665 844/1309/1671 222/1304/1666
f 844/1309/1671 626/1310/1672 222/1304/1666
f 222/1304/1666 626/1310/1672 201/1311/1673
f 222/1304/1666 201/1311/1673 625/1305/1667
f 625/1305/1667 201/1311/1673 627/1306/1668
f 858/1312/1674 862/1307/1669 859/1301/1663
f 858/1312/1674 843/1313/1675 862/1307/1669
f 843/1313/1675 846/1314/1676 862/1307/1669
f 862/1307/1669 846/1314/1676 839/1308/1670
f 846/1314/1676 817/1315/1677 839/1308/1670
f 839/1308/1670 817/1315/1677 614/1316/1678
f 839/1308/1670 614/1316/1678 626/1310/1672
f 844/1309/1671 839/1308/1670 626/1310/1672
f 843/1313/1675 828/1317/1679 846/1314/1676
f 828/1317/1679 829/1318/1680 846/1314/1676
f 846/1314/1676 829/1318/1680 817/1315/1677
f 829/1318/1680 809/1319/1681 817/1315/1677
f 817/1315/1677 809/1319/1681 842/1320/1682
f 817/1315/1677 842/1320/1682 614/1316/1678
f 614/1316/1678 842/1320/1682 542/1321/1683
f 614/1316/1678 542/1321/1683 543/1322/1684
f 626/1310/1672 614/1316/1678 543/1322/1684
f 626/1310/1672 543/1322/1684 201/1311/1673
f 828/1317/1679 1286/1323/1685 829/1318/1680
f 1286/1323/1685 1254/1324/1686 829/1318/1680
f 829/1318/1680 1254/1324/1686 809/1319/1681
f 1254/1324/1686 1260/1325/1687 809/1319/1681
f 809/1319/1681 1260/1325/1687 850/1326/1688
f 809/1319/1681 850/1326/1688 842/1320/1682
f 842/1320/1682 850/1326/1688 851/1327/1689
f 842/1320/1682 851/1327/1689 542/1321/1683
f 1286/1323/1685 856/1328/1690 1254/1324/1686
f 856/1328/1690 857/1329/1691 1254/1324/1686
f 1254/1324/1686 857/1329/1691 1260/1325/1687
f 857/1329/1691 914/1330/1692 1260/1325/1687
f 1260/1325/1687 914/1330/1692 800/1331/1693
f 1260/1325/1687 800/1331/1693 850/1326/1688
f 850/1326/1688 800/1331/1693 816/1332/1694
f 850/1326/1688 816/1332/1694 851/1327/1689
f 912/1333/1695 857/1329/1691 856/1328/1690
f 857/1329/1691 912/1333/1695 914/1330/1692
f 912/1333/1695 924/1334/1696 914/1330/1692
f 914/1330/1692 924/1334/1696 796/1335/1697
f 914/1330/1692 796/1335/1697 800/1331/1693
f 796/1335/1697 827/1336/1698 800/1331/1693
f 827/1336/1698 794/1337/1699 800/1331/1693
f 800/1331/1693 794/1337/1699 816/1332/1694
f 845/1338/1700 912/1333/1695 856/1328/1690
f 923/1339/1701 912/1333/1695 845/1338/1700
f 912/1333/1695 923/1339/1701 924/1334/1696
f 923/1339/1701 911/1340/1702 924/1334/1696
f 924/1334/1696 911/1340/1702 798/1341/1703
f 924/1334/1696 798/1341/1703 796/1335/1697
f 796/1335/1697 798/1341/1703 827/1336/1698
f 798/1341/1703 826/1342/1704 827/1336/1698
f 798/1341/1703 793/1343/1705 826/1342/1704
f 793/1343/1705 799/1344/1706 826/1342/1704
f 913/1345/1707 923/1339/1701 845/1338/1700
f 893/1346/1708 923/1339/1701 913/1345/1707
f 893/1346/1708 896/1347/1709 923/1339/1701
f 896/1347/1709 911/1340/1702 923/1339/1701
f 896/1347/1709 1171/1348/1710 911/1340/1702
f 1171/1348/1710 793/1343/1705 911/1340/1702
f 911/1340/1702 793/1343/1705 798/1341/1703
f 892/1349/1711 893/1346/1708 913/1345/1707
f 853/1350/1712 893/1346/1708 892/1349/1711
f 853/1350/1712 916/1351/1713 893/1346/1708
f 916/1351/1713 896/1347/1709 893/1346/1708
f 916/1351/1713 795/1352/1714 896/1347/1709
f 795/1352/1714 1171/1348/1710 896/1347/1709
f 1171/1348/1710 795/1352/1714 1276/1353/1715
f 1171/1348/1710 1276/1353/1715 799/1344/1706
f 793/1343/1705 1171/1348/1710 799/1344/1706
f 931/1354/1716 853/1350/1712 892/1349/1711
f 915/1355/1717 853/1350/1712 931/1354/1716
f 915/1355/1717 916/1351/1713 853/1350/1712
f 915/1355/1717 795/1352/1714 916/1351/1713
f 915/1355/1717 830/1356/1718 795/1352/1714
f 795/1352/1714 830/1356/1718 1276/1353/1715
f 915/1355/1717 931/1354/1716 900/1357/1719
f 915/1355/1717 900/1357/1719 901/1358/1720
f 915/1355/1717 901/1358/1720 835/1359/1721
f 915/1355/1717 835/1359/1721 830/1356/1718
f 1053/1248/1619 933/547/848 186/546/847
f 933/547/848 1053/1248/1619 1049/1247/1618
f 934/1360/1722 933/547/848 1049/1247/1618
f 933/547/848 934/1360/1722 929/484/785
f 934/1360/1722 930/485/786 929/484/785
f 934/1360/1722 946/1361/1723 930/485/786
f 946/1361/1723 944/1362/1724 930/485/786
f 944/1362/1724 1058/477/778 930/485/786
f 1049/1247/1618 562/1254/1625 934/1360/1722
f 562/1254/1625 946/1361/1723 934/1360/1722
f 562/1254/1625 611/1363/1725 946/1361/1723
f 611/1363/1725 1073/1364/1726 946/1361/1723
f 1073/1364/1726 1494/1365/1727 946/1361/1723
f 1494/1365/1727 944/1362/1724 946/1361/1723
f 1494/1365/1727 728/1366/1728 944/1362/1724
f 728/1366/1728 1058/477/778 944/1362/1724
f 728/1366/1728 1557/1367/1729 1058/477/778
f 1557/1367/1729 1536/478/779 1058/477/778
f 611/1363/1725 562/1254/1625 615/1368/1730
f 615/1368/1730 617/1369/1731 611/1363/1725
f 617/1369/1731 271/1370/1732 611/1363/1725
f 1073/1364/1726 611/1363/1725 271/1370/1732
f 1501/1371/1733 1073/1364/1726 271/1370/1732
f 1501/1371/1733 1054/1372/1734 1073/1364/1726
f 1054/1372/1734 1494/1365/1727 1073/1364/1726
f 1054/1372/1734 1057/1373/1735 1494/1365/1727
f 1057/1373/1735 728/1366/1728 1494/1365/1727
f 562/1254/1625 225/1253/1624 615/1368/1730
f 615/1368/1730 225/1253/1624 627/1306/1668
f 627/1306/1668 200/1374/1736 615/1368/1730
f 200/1374/1736 617/1369/1731 615/1368/1730
f 617/1369/1731 200/1374/1736 541/1375/1737
f 617/1369/1731 541/1375/1737 275/1376/1738
f 271/1370/1732 617/1369/1731 275/1376/1738
f 271/1370/1732 275/1376/1738 1501/1371/1733
f 275/1376/1738 1050/1377/1739 1501/1371/1733
f 1501/1371/1733 1050/1377/1739 1054/1372/1734
f 1050/1377/1739 1072/1378/1740 1054/1372/1734
f 1072/1378/1740 972/1379/1741 1054/1372/1734
f 972/1379/1741 1057/1373/1735 1054/1372/1734
f 201/1311/1673 200/1374/1736 627/1306/1668
f 200/1374/1736 201/1311/1673 543/1322/1684
f 541/1375/1737 200/1374/1736 543/1322/1684
f 972/1379/1741 1135/1380/1742 1057/1373/1735
f 1135/1380/1742 1540/1381/1743 1057/1373/1735
f 1057/1373/1735 1540/1381/1743 728/1366/1728
f 1540/1381/1743 1557/1367/1729 728/1366/1728
f 1540/1381/1743 1544/1382/1744 1557/1367/1729
f 1544/1382/1744 1537/1383/1745 1557/1367/1729
f 1557/1367/1729 1537/1383/1745 1536/478/779
f 1135/1380/1742 1539/1384/1746 1540/1381/1743
f 1539/1384/1746 1544/1382/1744 1540/1381/1743
f 1544/1382/1744 1539/1384/1746 1534/1385/1747
f 1544/1382/1744 1534/1385/1747 1535/1386/1748
f 1537/1383/1745 1544/1382/1744 1535/1386/1748
f 1537/1383/1745 1535/1386/1748 1543/1387/1749
f 1541/1388/1750 1537/1383/1745 1543/1387/1749
f 1537/1383/1745 1541/1388/1750 1536/478/779
f 1541/1388/1750 1081/480/781 1536/478/779
f 1074/1389/1751 1081/480/781 1541/1388/1750
f 1539/1384/1746 1144/1390/1752 1534/1385/1747
f 1534/1385/1747 1144/1390/1752 1538/1391/1753
f 1534/1385/1747 1538/1391/1753 1545/1392/1754
f 1535/1386/1748 1534/1385/1747 1545/1392/1754
f 1535/1386/1748 1545/1392/1754 1542/1393/1755
f 1543/1387/1749 1535/1386/1748 1542/1393/1755
f 1542/1393/1755 1079/1394/1756 1543/1387/1749
f 1079/1394/1756 1074/1389/1751 1543/1387/1749
f 1543/1387/1749 1074/1389/1751 1541/1388/1750
f 1144/1390/1752 1111/1395/1757 1538/1391/1753
f 1538/1391/1753 1111/1395/1757 1067/1396/1758
f 1538/1391/1753 1067/1396/1758 1545/1392/1754
f 1067/1396/1758 1559/1397/1759 1545/1392/1754
f 1545/1392/1754 1559/1397/1759 1542/1393/1755
f 1559/1397/1759 1066/1398/1760 1542/1393/1755
f 1542/1393/1755 1066/1398/1760 1079/1394/1756
f 1066/1398/1760 1063/1399/1761 1079/1394/1756
f 1066/1398/1760 1493/1400/1762 1063/1399/1761
f 1493/1400/1762 1450/1401/1763 1063/1399/1761
f 1463/1402/1764 1450/1401/1763 1493/1400/1762
f 1111/1395/1757 1558/1403/1765 1067/1396/1758
f 1558/1403/1765 1480/1404/1766 1067/1396/1758
f 1480/1404/1766 1458/1405/1767 1067/1396/1758
f 1067/1396/1758 1458/1405/1767 1559/1397/1759
f 1458/1405/1767 1517/1406/1768 1559/1397/1759
f 1559/1397/1759 1517/1406/1768 1066/1398/1760
f 1517/1406/1768 1493/1400/1762 1066/1398/1760
f 1462/1407/1769 1493/1400/1762 1517/1406/1768
f 1462/1407/1769 1463/1402/1764 1493/1400/1762
f 1462/1407/1769 1448/1408/1770 1463/1402/1764
f 1448/1408/1770 1449/1409/1771 1463/1402/1764
f 1490/1410/1772 1449/1409/1771 1448/1408/1770
f 1490/1410/1772 1521/1411/1773 1449/1409/1771
f 1480/1404/1766 1489/1412/1774 1458/1405/1767
f 1489/1412/1774 1464/1413/1775 1458/1405/1767
f 1458/1405/1767 1464/1413/1775 1465/1414/1776
f 1517/1406/1768 1458/1405/1767 1465/1414/1776
f 1465/1414/1776 1462/1407/1769 1517/1406/1768
f 1448/1408/1770 1462/1407/1769 1465/1414/1776
f 1452/1415/1777 1448/1408/1770 1465/1414/1776
f 1490/1410/1772 1448/1408/1770 1452/1415/1777
f 1464/1413/1775 1489/1412/1774 1447/1416/1778
f 1447/1416/1778 1452/1415/1777 1464/1413/1775
f 1452/1415/1777 1465/1414/1776 1464/1413/1775
f 1489/1412/1774 1454/1417/1779 1447/1416/1778
f 1490/1410/1772 1447/1416/1778 1454/1417/1779
f 1490/1410/1772 1452/1415/1777 1447/1416/1778
f 1490/1410/1772 1454/1417/1779 1455/1418/1780
f 1490/1410/1772 1455/1418/1780 1481/1419/1781
f 1490/1410/1772 1481/1419/1781 1479/1420/1782
f 1490/1410/1772 1479/1420/1782 1560/1421/1783
f 1490/1410/1772 1560/1421/1783 1521/1411/1773
s 11
f 1156/361/668 1586/1226/1784 1332/363/670
f 1586/1226/1784 727/1227/1785 1332/363/670
f 1332/363/670 727/1227/1785 229/1232/1786
f 727/1227/1785 1326/1233/1787 229/1232/1786
f 1326/1233/1787 234/1234/1788 229/1232/1786
f 229/1232/1786 234/1234/1788 87/1240/596
f 1156/361/668 1597/360/667 1586/1226/1784
f 1597/360/667 1584/1228/1789 1586/1226/1784
f 1586/1226/1784 1584/1228/1789 727/1227/1785
f 1584/1228/1789 1155/1230/1790 727/1227/1785
f 727/1227/1785 1155/1230/1790 1326/1233/1787
f 1155/1230/1790 1331/1235/1791 1326/1233/1787
f 1326/1233/1787 1331/1235/1791 234/1234/1788
f 1331/1235/1791 564/1236/1792 234/1234/1788
f 234/1234/1788 564/1236/1792 97/1239/1793
f 234/1234/1788 97/1239/1793 87/1240/596
f 81/1237/597 87/1240/596 97/1239/1793
f 1597/360/667 1322/359/666 1584/1228/1789
f 1322/359/666 1579/1229/1794 1584/1228/1789
f 1584/1228/1789 1579/1229/1794 1155/1230/1790
f 1155/1230/1790 1579/1229/1794 232/1231/1795
f 1331/1235/1791 1155/1230/1790 232/1231/1795
f 1331/1235/1791 232/1231/1795 564/1236/1792
f 564/1236/1792 232/1231/1795 81/1237/597
f 77/1238/1796 564/1236/1792 81/1237/597
f 564/1236/1792 77/1238/1796 97/1239/1793
f 77/1238/1796 81/1237/597 97/1239/1793
s 1
f 2052/59/82 2079/60/90 2351/67/1797
f 2079/60/90 2077/68/1798 2351/67/1797
f 2351/67/1797 2077/68/1798 2361/1422/1799
f 2361/1422/1799 2353/1423/1800 2351/67/1797
f 2353/1423/1800 2363/66/76 2351/67/1797
f 2351/67/1797 2363/66/76 2052/59/82
f 2077/68/1798 2070/1424/1801 2361/1422/1799
f 2361/1422/1799 2070/1424/1801 2352/1425/1802
f 2352/1425/1802 2364/1426/1803 2361/1422/1799
f 2364/1426/1803 2353/1423/1800 2361/1422/1799
f 2364/1426/1803 2405/1427/1804 2353/1423/1800
f 2405/1427/1804 2057/1428/1805 2353/1423/1800
f 2353/1423/1800 2057/1428/1805 2363/66/76
f 2057/1428/1805 2069/69/77 2363/66/76
f 2069/69/77 2057/1428/1805 1972/1423/1806
f 1962/66/69 2069/69/77 1972/1423/1806
f 2070/1424/1801 2380/1429/1807 2352/1425/1802
f 2352/1425/1802 2380/1429/1807 2360/1430/1808
f 2360/1430/1808 2362/1431/1809 2352/1425/1802
f 2362/1431/1809 2364/1426/1803 2352/1425/1802
f 2405/1427/1804 2364/1426/1803 2362/1431/1809
f 2404/1432/1810 2405/1427/1804 2362/1431/1809
f 2405/1427/1804 2404/1432/1810 1990/1426/1811
f 2057/1428/1805 2405/1427/1804 1990/1426/1811
f 1972/1423/1806 2057/1428/1805 1990/1426/1811
f 1972/1423/1806 1990/1426/1811 1970/1422/1812
f 1972/1423/1806 1970/1422/1812 1957/67/70
f 1962/66/69 1972/1423/1806 1957/67/70
f 2380/1429/1807 2382/1433/1813 2360/1430/1808
f 2360/1430/1808 2382/1433/1813 2367/1434/1814
f 2367/1434/1814 2368/1435/1815 2360/1430/1808
f 2368/1435/1815 2362/1431/1809 2360/1430/1808
f 2368/1435/1815 2407/1436/1816 2362/1431/1809
f 2407/1436/1816 2404/1432/1810 2362/1431/1809
f 2404/1432/1810 2407/1436/1816 1967/1431/1817
f 2404/1432/1810 1967/1431/1817 1990/1426/1811
f 1990/1426/1811 1967/1431/1817 1971/1425/1818
f 1990/1426/1811 1971/1425/1818 1970/1422/1812
f 2382/1433/1813 2193/1437/1819 2367/1434/1814
f 2367/1434/1814 2193/1437/1819 2365/1438/1820
f 2368/1435/1815 2367/1434/1814 2365/1438/1820
f 2366/1439/1821 2368/1435/1815 2365/1438/1820
f 2366/1439/1821 2408/1440/1822 2368/1435/1815
f 2408/1440/1822 2407/1436/1816 2368/1435/1815
f 2407/1436/1816 2408/1440/1822 1991/1435/1823
f 2407/1436/1816 1991/1435/1823 1967/1431/1817
f 1967/1431/1817 1991/1435/1823 1961/1430/1824
f 1967/1431/1817 1961/1430/1824 1971/1425/1818
f 2193/1437/1819 2277/1441/1825 2365/1438/1820
f 2365/1438/1820 2277/1441/1825 2425/1442/1826
f 2365/1438/1820 2425/1442/1826 2366/1439/1821
f 2425/1442/1826 2423/1443/1827 2366/1439/1821
f 2366/1439/1821 2423/1443/1827 2408/1440/1822
f 2423/1443/1827 2427/1444/1828 2408/1440/1822
f 2427/1444/1828 1997/1443/1829 2408/1440/1822
f 1997/1443/1829 1995/1439/1830 2408/1440/1822
f 2408/1440/1822 1995/1439/1830 1991/1435/1823
f 2277/1441/1825 2561/1445/1831 2425/1442/1826
f 2561/1445/1831 2560/1446/1832 2425/1442/1826
f 2560/1446/1832 2423/1443/1827 2425/1442/1826
f 2423/1443/1827 2560/1446/1832 2427/1444/1828
f 2560/1446/1832 2559/1447/1833 2427/1444/1828
f 2559/1447/1833 1776/1446/1834 2427/1444/1828
f 1776/1446/1834 1997/1443/1829 2427/1444/1828
f 1999/1442/1835 1997/1443/1829 1776/1446/1834
f 1997/1443/1829 1999/1442/1835 1995/1439/1830
f 1999/1442/1835 1994/1438/1836 1995/1439/1830
f 1995/1439/1830 1994/1438/1836 1991/1435/1823
f 1994/1438/1836 1968/1434/1837 1991/1435/1823
f 1991/1435/1823 1968/1434/1837 1961/1430/1824
f 1773/1445/1838 1999/1442/1835 1776/1446/1834
f 1773/1445/1838 1774/1441/1839 1999/1442/1835
f 1774/1441/1839 1994/1438/1836 1999/1442/1835
f 1774/1441/1839 1772/1437/1840 1994/1438/1836
f 1772/1437/1840 1968/1434/1837 1994/1438/1836
f 1772/1437/1840 1792/1433/1841 1968/1434/1837
f 1792/1433/1841 1961/1430/1824 1968/1434/1837
f 1792/1433/1841 1778/1429/1842 1961/1430/1824
f 1778/1429/1842 1971/1425/1818 1961/1430/1824
f 1778/1429/1842 1812/1424/1843 1971/1425/1818
f 1812/1424/1843 1970/1422/1812 1971/1425/1818
f 1812/1424/1843 1813/68/71 1970/1422/1812
f 1813/68/71 1957/67/70 1970/1422/1812
s 20
f 2993/1448/1844 107/1449/1845 2992/1450/2
f 107/1449/1845 109/1451/1846 2992/1450/2
f 2992/1450/2 109/1451/1846 152/1452/1847
f 3001/1453/3 2992/1450/2 152/1452/1847
f 152/1452/1847 150/1454/1848 3001/1453/3
f 150/1454/1848 3009/1455/1849 3001/1453/3
f 114/1456/1850 107/1449/1845 2993/1448/1844
f 107/1449/1845 114/1456/1850 664/1457/1851
f 141/1458/1852 107/1449/1845 664/1457/1851
f 109/1451/1846 107/1449/1845 141/1458/1852
f 143/1459/1853 109/1451/1846 141/1458/1852
f 109/1451/1846 143/1459/1853 669/1460/1854
f 152/1452/1847 109/1451/1846 669/1460/1854
f 152/1452/1847 669/1460/1854 665/1461/1855
f 150/1454/1848 152/1452/1847 665/1461/1855
f 2990/1462/1856 114/1456/1850 2993/1448/1844
f 131/1463/1857 114/1456/1850 2990/1462/1856
f 114/1456/1850 131/1463/1857 1659/1464/1858
f 664/1457/1851 114/1456/1850 1659/1464/1858
f 664/1457/1851 1659/1464/1858 665/1461/1855
f 669/1460/1854 664/1457/1851 665/1461/1855
f 141/1458/1852 664/1457/1851 669/1460/1854
f 143/1459/1853 141/1458/1852 669/1460/1854
f 2997/1465/7 131/1463/1857 2990/1462/1856
f 108/1466/1859 131/1463/1857 2997/1465/7
f 108/1466/1859 106/1467/1860 131/1463/1857
f 1659/1464/1858 131/1463/1857 106/1467/1860
f 3008/1468/1861 1659/1464/1858 106/1467/1860
f 106/1467/1860 149/1469/1862 3008/1468/1861
f 149/1469/1862 1662/1470/1863 3008/1468/1861
f 3000/1471/9 108/1466/1859 2997/1465/7
f 108/1466/1859 3000/1471/9 132/1472/1864
f 132/1472/1864 149/1469/1862 108/1466/1859
f 149/1469/1862 106/1467/1860 108/1466/1859
f 3000/1471/9 2999/1473/1865 132/1472/1864
f 633/1474/1866 132/1472/1864 2999/1473/1865
f 132/1472/1864 633/1474/1866 134/1475/1867
f 149/1469/1862 132/1472/1864 134/1475/1867
f 1662/1470/1863 149/1469/1862 134/1475/1867
f 3006/1476/1868 1662/1470/1863 134/1475/1867
f 1662/1470/1863 3006/1476/1868 1654/1477/1869
f 1662/1470/1863 1654/1477/1869 1661/1478/1870
f 1697/1468/1871 1662/1470/1863 1661/1478/1870
f 3005/1479/1872 633/1474/1866 2999/1473/1865
f 668/1480/1873 633/1474/1866 3005/1479/1872
f 633/1474/1866 668/1480/1873 142/1481/1874
f 134/1475/1867 633/1474/1866 142/1481/1874
f 134/1475/1867 142/1481/1874 3006/1476/1868
f 142/1481/1874 3019/1482/1875 3006/1476/1868
f 3019/1482/1875 1651/1483/1876 3006/1476/1868
f 3006/1476/1868 1651/1483/1876 1698/1484/1877
f 3006/1476/1868 1698/1484/1877 1654/1477/1869
f 3016/1485/17 668/1480/1873 3005/1479/1872
f 663/1486/1878 668/1480/1873 3016/1485/17
f 668/1480/1873 663/1486/1878 666/1487/1879
f 142/1481/1874 668/1480/1873 666/1487/1879
f 142/1481/1874 666/1487/1879 3020/1488/1880
f 3019/1482/1875 142/1481/1874 3020/1488/1880
f 3019/1482/1875 3020/1488/1880 1651/1483/1876
f 3015/1489/19 663/1486/1878 3016/1485/17
f 1691/1490/1881 663/1486/1878 3015/1489/19
f 663/1486/1878 1691/1490/1881 1692/1491/1882
f 666/1487/1879 663/1486/1878 1692/1491/1882
f 666/1487/1879 1692/1491/1882 3056/1492/1883
f 3020/1488/1880 666/1487/1879 3056/1492/1883
f 3020/1488/1880 3056/1492/1883 1681/1493/1884
f 1647/1494/1885 3020/1488/1880 1681/1493/1884
f 3020/1488/1880 1647/1494/1885 1651/1483/1876
f 3072/1495/1886 1691/1490/1881 3015/1489/19
f 3072/1495/1886 3080/1496/27 1691/1490/1881
f 3080/1496/27 1650/1497/1887 1691/1490/1881
f 1650/1497/1887 1649/1498/1888 1691/1490/1881
f 1649/1498/1888 1692/1491/1882 1691/1490/1881
f 1692/1491/1882 1649/1498/1888 3064/1499/1889
f 3056/1492/1883 1692/1491/1882 3064/1499/1889
f 3056/1492/1883 3064/1499/1889 1675/1500/1890
f 1681/1493/1884 3056/1492/1883 1675/1500/1890
f 1675/1500/1890 1676/1501/1891 1681/1493/1884
f 1676/1501/1891 1683/1502/1892 1681/1493/1884
f 1681/1493/1884 1683/1502/1892 1647/1494/1885
f 3080/1496/27 3060/1503/1893 1650/1497/1887
f 3060/1503/1893 1752/1504/1894 1650/1497/1887
f 1752/1504/1894 1709/1505/1895 1650/1497/1887
f 1709/1505/1895 1649/1498/1888 1650/1497/1887
f 1649/1498/1888 1709/1505/1895 3074/1506/1896
f 3064/1499/1889 1649/1498/1888 3074/1506/1896
f 3064/1499/1889 3074/1506/1896 1710/1507/1897
f 1675/1500/1890 3064/1499/1889 1710/1507/1897
f 1710/1507/1897 1715/1508/1898 1675/1500/1890
f 1715/1508/1898 1676/1501/1891 1675/1500/1890
f 1718/1509/1899 1752/1504/1894 3060/1503/1893
f 1718/1509/1899 1753/1510/1900 1752/1504/1894
f 1753/1510/1900 1709/1505/1895 1752/1504/1894
f 1709/1505/1895 1753/1510/1900 3082/1511/1901
f 3074/1506/1896 1709/1505/1895 3082/1511/1901
f 3074/1506/1896 3082/1511/1901 1679/1512/1902
f 1710/1507/1897 3074/1506/1896 1679/1512/1902
f 1679/1512/1902 1717/1513/1903 1710/1507/1897
f 1717/1513/1903 1715/1508/1898 1710/1507/1897
f 3061/1514/1904 1718/1509/1899 3060/1503/1893
f 1890/1515/1905 1718/1509/1899 3061/1514/1904
f 1890/1515/1905 2004/1516/1906 1718/1509/1899
f 2004/1516/1906 1753/1510/1900 1718/1509/1899
f 1753/1510/1900 2004/1516/1906 1785/1517/1907
f 3082/1511/1901 1753/1510/1900 1785/1517/1907
f 3082/1511/1901 1785/1517/1907 1937/1518/1908
f 1679/1512/1902 3082/1511/1901 1937/1518/1908
f 1937/1518/1908 2003/1519/1909 1679/1512/1902
f 2003/1519/1909 1717/1513/1903 1679/1512/1902
f 1790/1520/1910 1890/1515/1905 3061/1514/1904
f 1889/1521/1911 1890/1515/1905 1790/1520/1910
f 1889/1521/1911 1891/1522/1912 1890/1515/1905
f 1891/1522/1912 2004/1516/1906 1890/1515/1905
f 1891/1522/1912 1766/1523/1913 2004/1516/1906
f 1766/1523/1913 1785/1517/1907 2004/1516/1906
f 1766/1523/1913 1888/1524/1914 1785/1517/1907
f 1888/1524/1914 1937/1518/1908 1785/1517/1907
f 1937/1518/1908 1888/1524/1914 1936/1525/1915
f 2003/1519/1909 1937/1518/1908 1936/1525/1915
f 1757/1526/1916 1889/1521/1911 1790/1520/1910
f 1940/1527/1917 1889/1521/1911 1757/1526/1916
f 1940/1527/1917 1904/1528/1918 1889/1521/1911
f 1904/1528/1918 1891/1522/1912 1889/1521/1911
f 1904/1528/1918 1788/1529/1919 1891/1522/1912
f 1788/1529/1919 1766/1523/1913 1891/1522/1912
f 1788/1529/1919 2002/1530/1920 1766/1523/1913
f 2002/1530/1920 1888/1524/1914 1766/1523/1913
f 1888/1524/1914 2002/1530/1920 1886/1531/1921
f 1936/1525/1915 1888/1524/1914 1886/1531/1921
f 1983/1532/1922 1936/1525/1915 1886/1531/1921
f 2003/1519/1909 1936/1525/1915 1983/1532/1922
f 1781/1533/1923 1940/1527/1917 1757/1526/1916
f 1934/1534/1924 1940/1527/1917 1781/1533/1923
f 1940/1527/1917 1934/1534/1924 2017/1535/1925
f 1904/1528/1918 1940/1527/1917 2017/1535/1925
f 2017/1535/1925 1787/1536/1926 1904/1528/1918
f 1787/1536/1926 1788/1529/1919 1904/1528/1918
f 1787/1536/1926 1748/1537/1927 1788/1529/1919
f 1748/1537/1927 2002/1530/1920 1788/1529/1919
f 2002/1530/1920 1748/1537/1927 1721/1538/1928
f 1886/1531/1921 2002/1530/1920 1721/1538/1928
f 1886/1531/1921 1721/1538/1928 1984/1539/1929
f 1984/1539/1929 1983/1532/1922 1886/1531/1921
f 1797/1540/1930 1934/1534/1924 1781/1533/1923
f 1934/1534/1924 1797/1540/1930 2016/1541/1931
f 1934/1534/1924 2016/1541/1931 1900/1542/1932
f 2017/1535/1925 1934/1534/1924 1900/1542/1932
f 1900/1542/1932 1734/1543/1933 2017/1535/1925
f 1734/1543/1933 1787/1536/1926 2017/1535/1925
f 1734/1543/1933 1737/1544/1934 1787/1536/1926
f 1737/1544/1934 1748/1537/1927 1787/1536/1926
f 1737/1544/1934 1706/1545/1935 1748/1537/1927
f 1706/1545/1935 1707/1546/1936 1748/1537/1927
f 1748/1537/1927 1707/1546/1936 1721/1538/1928
f 1797/1540/1930 1809/1547/1937 2016/1541/1931
f 2016/1541/1931 1809/1547/1937 1782/1548/71
f 1905/1549/1938 2016/1541/1931 1782/1548/71
f 1900/1542/1932 2016/1541/1931 1905/1549/1938
f 1925/1550/1939 1900/1542/1932 1905/1549/1938
f 1900/1542/1932 1925/1550/1939 1734/1543/1933
f 1925/1550/1939 1733/1551/1940 1734/1543/1933
f 1734/1543/1933 1733/1551/1940 1737/1544/1934
f 1733/1551/1940 1755/1552/1941 1737/1544/1934
f 1755/1552/1941 1738/1553/1942 1737/1544/1934
f 1738/1553/1942 1706/1545/1935 1737/1544/1934
f 1722/1554/1943 1706/1545/1935 1738/1553/1942
f 1707/1546/1936 1706/1545/1935 1722/1554/1943
f 1905/1549/1938 1782/1548/71 1783/1555/1944
f 1924/1556/1945 1905/1549/1938 1783/1555/1944
f 1925/1550/1939 1905/1549/1938 1924/1556/1945
f 1932/1557/1946 1925/1550/1939 1924/1556/1945
f 1925/1550/1939 1932/1557/1946 1786/1558/1947
f 1733/1551/1940 1925/1550/1939 1786/1558/1947
f 1733/1551/1940 1786/1558/1947 1755/1552/1941
f 1786/1558/1947 1943/1559/1948 1755/1552/1941
f 1943/1559/1948 2020/1560/1949 1755/1552/1941
f 2020/1560/1949 1740/1561/1950 1755/1552/1941
f 1755/1552/1941 1740/1561/1950 1738/1553/1942
f 1924/1556/1945 1783/1555/1944 1796/1562/1842
f 1901/1563/1951 1924/1556/1945 1796/1562/1842
f 1932/1557/1946 1924/1556/1945 1901/1563/1951
f 1902/1564/1952 1932/1557/1946 1901/1563/1951
f 1902/1564/1952 1784/1565/1953 1932/1557/1946
f 1784/1565/1953 1786/1558/1947 1932/1557/1946
f 1784/1565/1953 2011/1566/1954 1786/1558/1947
f 2011/1566/1954 1943/1559/1948 1786/1558/1947
f 2011/1566/1954 1939/1567/1955 1943/1559/1948
f 1939/1567/1955 2020/1560/1949 1943/1559/1948
f 1901/1563/1951 1796/1562/1842 1793/1568/1956
f 1926/1569/1957 1901/1563/1951 1793/1568/1956
f 1926/1569/1957 1927/1570/1958 1901/1563/1951
f 1927/1570/1958 1902/1564/1952 1901/1563/1951
f 1927/1570/1958 1779/1571/1959 1902/1564/1952
f 1779/1571/1959 1784/1565/1953 1902/1564/1952
f 1779/1571/1959 2010/1572/1960 1784/1565/1953
f 2010/1572/1960 2011/1566/1954 1784/1565/1953
f 2010/1572/1960 2009/1573/1961 2011/1566/1954
f 2009/1573/1961 1939/1567/1955 2011/1566/1954
f 1926/1569/1957 1793/1568/1956 1883/1574/1962
f 1926/1569/1957 1883/1574/1962 1882/1575/1963
f 1927/1570/1958 1926/1569/1957 1882/1575/1963
f 1882/1575/1963 1765/1576/1964 1927/1570/1958
f 1765/1576/1964 1779/1571/1959 1927/1570/1958
f 1765/1576/1964 2000/1577/1965 1779/1571/1959
f 2000/1577/1965 2010/1572/1960 1779/1571/1959
f 2000/1577/1965 1884/1578/1966 2010/1572/1960
f 1884/1578/1966 2009/1573/1961 2010/1572/1960
f 1793/1568/1956 1791/1579/1840 1883/1574/1962
f 1883/1574/1962 1791/1579/1840 1764/1580/1967
f 1938/1581/1968 1883/1574/1962 1764/1580/1967
f 1883/1574/1962 1938/1581/1968 1882/1575/1963
f 1938/1581/1968 1887/1582/1969 1882/1575/1963
f 1882/1575/1963 1887/1582/1969 1765/1576/1964
f 1887/1582/1969 1767/1583/1970 1765/1576/1964
f 1765/1576/1964 1767/1583/1970 2000/1577/1965
f 1767/1583/1970 1885/1584/1971 2000/1577/1965
f 2000/1577/1965 1885/1584/1971 1884/1578/1966
f 1938/1581/1968 1764/1580/1967 1775/1585/1838
f 1979/1586/1972 1938/1581/1968 1775/1585/1838
f 1938/1581/1968 1979/1586/1972 1887/1582/1969
f 1979/1586/1972 1965/1587/1973 1887/1582/1969
f 1965/1587/1973 1756/1588/1974 1887/1582/1969
f 1756/1588/1974 1767/1583/1970 1887/1582/1969
f 1767/1583/1970 1756/1588/1974 1885/1584/1971
f 1756/1588/1974 1978/1589/1975 1885/1584/1971
f 2001/1590/1976 1885/1584/1971 1978/1589/1975
f 1885/1584/1971 2001/1590/1976 1884/1578/1966
f 1979/1586/1972 1775/1585/1838 1761/1591/1977
f 1989/1592/1978 1979/1586/1972 1761/1591/1977
f 1989/1592/1978 1980/1593/1979 1979/1586/1972
f 1980/1593/1979 1965/1587/1973 1979/1586/1972
f 1980/1593/1979 1760/1594/1980 1965/1587/1973
f 1760/1594/1980 1756/1588/1974 1965/1587/1973
f 1760/1594/1980 1964/1595/1981 1756/1588/1974
f 1964/1595/1981 1978/1589/1975 1756/1588/1974
f 1978/1589/1975 1964/1595/1981 1977/1596/1982
f 1976/1597/1983 1978/1589/1975 1977/1596/1982
f 1976/1597/1983 2001/1590/1976 1978/1589/1975
f 1989/1592/1978 1761/1591/1977 2206/1598/1984
f 2206/1598/1984 2207/1599/1985 1989/1592/1978
f 2207/1599/1985 1980/1593/1979 1989/1592/1978
f 1980/1593/1979 2207/1599/1985 1760/1594/1980
f 2207/1599/1985 2558/1600/1986 1760/1594/1980
f 2558/1600/1986 2496/1601/1987 1760/1594/1980
f 2496/1601/1987 1964/1595/1981 1760/1594/1980
f 1964/1595/1981 2496/1601/1987 1985/1602/1988
f 1964/1595/1981 1985/1602/1988 1977/1596/1982
f 1761/1591/1977 2349/1603/1989 2206/1598/1984
f 2206/1598/1984 2349/1603/1989 2347/1591/1990
f 2208/1592/1991 2206/1598/1984 2347/1591/1990
f 2206/1598/1984 2208/1592/1991 2207/1599/1985
f 2208/1592/1991 2226/1593/1992 2207/1599/1985
f 2207/1599/1985 2226/1593/1992 2558/1600/1986
f 2226/1593/1992 2557/1594/1993 2558/1600/1986
f 2558/1600/1986 2557/1594/1993 2496/1601/1987
f 2557/1594/1993 2540/1595/1994 2496/1601/1987
f 2540/1595/1994 2511/1602/1995 2496/1601/1987
f 2511/1602/1995 2541/1604/1996 2496/1601/1987
f 2496/1601/1987 2541/1604/1996 1985/1602/1988
f 2223/1586/1997 2208/1592/1991 2347/1591/1990
f 2208/1592/1991 2223/1586/1997 2226/1593/1992
f 2223/1586/1997 2218/1587/1998 2226/1593/1992
f 2226/1593/1992 2218/1587/1998 2557/1594/1993
f 2218/1587/1998 2279/1588/1999 2557/1594/1993
f 2557/1594/1993 2279/1588/1999 2540/1595/1994
f 2279/1588/1999 2574/1589/2000 2540/1595/1994
f 2574/1589/2000 2573/1596/2001 2540/1595/1994
f 2573/1596/2001 2511/1602/1995 2540/1595/1994
f 2348/1585/2002 2223/1586/1997 2347/1591/1990
f 2569/1581/2003 2223/1586/1997 2348/1585/2002
f 2569/1581/2003 2354/1582/2004 2223/1586/1997
f 2354/1582/2004 2218/1587/1998 2223/1586/1997
f 2218/1587/1998 2354/1582/2004 2279/1588/1999
f 2354/1582/2004 2185/1583/2005 2279/1588/1999
f 2279/1588/1999 2185/1583/2005 2570/1584/2006
f 2574/1589/2000 2279/1588/1999 2570/1584/2006
f 2574/1589/2000 2570/1584/2006 2413/1590/2007
f 2497/1597/2008 2574/1589/2000 2413/1590/2007
f 2574/1589/2000 2497/1597/2008 2573/1596/2001
f 2189/1580/2009 2569/1581/2003 2348/1585/2002
f 2488/1574/2010 2569/1581/2003 2189/1580/2009
f 2488/1574/2010 2489/1575/2011 2569/1581/2003
f 2489/1575/2011 2354/1582/2004 2569/1581/2003
f 2354/1582/2004 2489/1575/2011 2188/1576/2012
f 2185/1583/2005 2354/1582/2004 2188/1576/2012
f 2185/1583/2005 2188/1576/2012 2485/1577/2013
f 2570/1584/2006 2185/1583/2005 2485/1577/2013
f 2485/1577/2013 2414/1578/2014 2570/1584/2006
f 2414/1578/2014 2413/1590/2007 2570/1584/2006
f 2278/1579/1819 2488/1574/2010 2189/1580/2009
f 2488/1574/2010 2278/1579/1819 2438/1568/1813
f 2092/1569/2015 2488/1574/2010 2438/1568/1813
f 2488/1574/2010 2092/1569/2015 2489/1575/2011
f 2092/1569/2015 2089/1570/2016 2489/1575/2011
f 2489/1575/2011 2089/1570/2016 2188/1576/2012
f 2089/1570/2016 2378/1571/2017 2188/1576/2012
f 2188/1576/2012 2378/1571/2017 2485/1577/2013
f 2378/1571/2017 2091/1572/2018 2485/1577/2013
f 2414/1578/2014 2485/1577/2013 2091/1572/2018
f 2088/1573/2019 2414/1578/2014 2091/1572/2018
f 2502/1605/2020 2414/1578/2014 2088/1573/2019
f 2414/1578/2014 2502/1605/2020 2413/1590/2007
f 2095/1563/2021 2092/1569/2015 2438/1568/1813
f 2089/1570/2016 2092/1569/2015 2095/1563/2021
f 2093/1564/2022 2089/1570/2016 2095/1563/2021
f 2089/1570/2016 2093/1564/2022 2378/1571/2017
f 2093/1564/2022 2379/1565/2023 2378/1571/2017
f 2378/1571/2017 2379/1565/2023 2091/1572/2018
f 2379/1565/2023 2290/1566/2024 2091/1572/2018
f 2088/1573/2019 2091/1572/2018 2290/1566/2024
f 2439/1562/1807 2095/1563/2021 2438/1568/1813
f 2100/1556/2025 2095/1563/2021 2439/1562/1807
f 2095/1563/2021 2100/1556/2025 2099/1557/2026
f 2093/1564/2022 2095/1563/2021 2099/1557/2026
f 2093/1564/2022 2099/1557/2026 2379/1565/2023
f 2099/1557/2026 2373/1558/2027 2379/1565/2023
f 2379/1565/2023 2373/1558/2027 2290/1566/2024
f 2373/1558/2027 2098/1559/2028 2290/1566/2024
f 2096/1567/2029 2290/1566/2024 2098/1559/2028
f 2096/1567/2029 2088/1573/2019 2290/1566/2024
f 2071/1555/1801 2100/1556/2025 2439/1562/1807
f 2292/1549/2030 2100/1556/2025 2071/1555/1801
f 2100/1556/2025 2292/1549/2030 2101/1550/2031
f 2099/1557/2026 2100/1556/2025 2101/1550/2031
f 2373/1558/2027 2099/1557/2026 2101/1550/2031
f 1896/1551/2032 2373/1558/2027 2101/1550/2031
f 2373/1558/2027 1896/1551/2032 2008/1552/2033
f 2098/1559/2028 2373/1558/2027 2008/1552/2033
f 2094/1560/2034 2098/1559/2028 2008/1552/2033
f 2094/1560/2034 2096/1567/2029 2098/1559/2028
f 2139/1548/2035 2292/1549/2030 2071/1555/1801
f 2107/1541/2036 2292/1549/2030 2139/1548/2035
f 2292/1549/2030 2107/1541/2036 2112/1542/2037
f 2101/1550/2031 2292/1549/2030 2112/1542/2037
f 2101/1550/2031 2112/1542/2037 1898/1543/2038
f 1896/1551/2032 2101/1550/2031 1898/1543/2038
f 1896/1551/2032 1898/1543/2038 1914/1544/2039
f 2008/1552/2033 1896/1551/2032 1914/1544/2039
f 2008/1552/2033 1914/1544/2039 1911/1553/2040
f 1909/1561/2041 2008/1552/2033 1911/1553/2040
f 1909/1561/2041 2094/1560/2034 2008/1552/2033
f 2147/1547/2042 2107/1541/2036 2139/1548/2035
f 2107/1541/2036 2147/1547/2042 2142/1540/2043
f 2102/1534/2044 2107/1541/2036 2142/1540/2043
f 2112/1542/2037 2107/1541/2036 2102/1534/2044
f 2291/1535/2045 2112/1542/2037 2102/1534/2044
f 1898/1543/2038 2112/1542/2037 2291/1535/2045
f 2072/1536/2046 1898/1543/2038 2291/1535/2045
f 1914/1544/2039 1898/1543/2038 2072/1536/2046
f 1912/1537/2047 1914/1544/2039 2072/1536/2046
f 1914/1544/2039 1912/1537/2047 1916/1545/2048
f 1914/1544/2039 1916/1545/2048 1911/1553/2040
f 2142/1540/2043 2080/1533/2049 2102/1534/2044
f 2080/1533/2049 2090/1527/2050 2102/1534/2044
f 2291/1535/2045 2102/1534/2044 2090/1527/2050
f 2097/1528/2051 2291/1535/2045 2090/1527/2050
f 2291/1535/2045 2097/1528/2051 2072/1536/2046
f 2097/1528/2051 2146/1529/2052 2072/1536/2046
f 1912/1537/2047 2072/1536/2046 2146/1529/2052
f 2410/1530/2053 1912/1537/2047 2146/1529/2052
f 1912/1537/2047 2410/1530/2053 2019/1538/2054
f 1912/1537/2047 2019/1538/2054 1928/1546/2055
f 1912/1537/2047 1928/1546/2055 1916/1545/2048
f 2080/1533/2049 2481/1526/2056 2090/1527/2050
f 2481/1526/2056 2400/1521/2057 2090/1527/2050
f 2090/1527/2050 2400/1521/2057 2097/1528/2051
f 2400/1521/2057 2399/1522/2058 2097/1528/2051
f 2097/1528/2051 2399/1522/2058 2146/1529/2052
f 2399/1522/2058 2437/1523/2059 2146/1529/2052
f 2146/1529/2052 2437/1523/2059 2410/1530/2053
f 2437/1523/2059 2401/1524/2060 2410/1530/2053
f 2401/1524/2060 2387/1525/2061 2410/1530/2053
f 2387/1525/2061 2411/1531/2062 2410/1530/2053
f 2410/1530/2053 2411/1531/2062 2019/1538/2054
f 2481/1526/2056 2554/1520/2063 2400/1521/2057
f 2554/1520/2063 2398/1515/2064 2400/1521/2057
f 2400/1521/2057 2398/1515/2064 2399/1522/2058
f 2398/1515/2064 2566/1516/2065 2399/1522/2058
f 2399/1522/2058 2566/1516/2065 2437/1523/2059
f 2566/1516/2065 2553/1517/2066 2437/1523/2059
f 2437/1523/2059 2553/1517/2066 2401/1524/2060
f 2553/1517/2066 2402/1518/2067 2401/1524/2060
f 2387/1525/2061 2401/1524/2060 2402/1518/2067
f 2567/1519/2068 2387/1525/2061 2402/1518/2067
f 2387/1525/2061 2567/1519/2068 2205/1532/2069
f 2411/1531/2062 2387/1525/2061 2205/1532/2069
f 2398/1515/2064 2554/1520/2063 2480/1514/2070
f 2409/1509/2071 2398/1515/2064 2480/1514/2070
f 2566/1516/2065 2398/1515/2064 2409/1509/2071
f 2406/1510/2072 2566/1516/2065 2409/1509/2071
f 2566/1516/2065 2406/1510/2072 2553/1517/2066
f 2406/1510/2072 2192/1511/2073 2553/1517/2066
f 2553/1517/2066 2192/1511/2073 2402/1518/2067
f 2192/1511/2073 2484/1512/2074 2402/1518/2067
f 2567/1519/2068 2402/1518/2067 2484/1512/2074
f 2482/1513/2075 2567/1519/2068 2484/1512/2074
f 2567/1519/2068 2482/1513/2075 2514/1606/2076
f 2567/1519/2068 2514/1606/2076 2205/1532/2069
f 2409/1509/2071 2480/1514/2070 2276/1503/102
f 2355/1504/2077 2409/1509/2071 2276/1503/102
f 2406/1510/2072 2409/1509/2071 2355/1504/2077
f 2568/1505/2078 2406/1510/2072 2355/1504/2077
f 2406/1510/2072 2568/1505/2078 2192/1511/2073
f 2568/1505/2078 2191/1506/2079 2192/1511/2073
f 2192/1511/2073 2191/1506/2079 2484/1512/2074
f 2191/1506/2079 2483/1507/2080 2484/1512/2074
f 2482/1513/2075 2484/1512/2074 2483/1507/2080
f 2356/1508/2081 2482/1513/2075 2483/1507/2080
f 2482/1513/2075 2356/1508/2081 2513/1607/2082
f 2482/1513/2075 2513/1607/2082 2514/1606/2076
f 2534/1497/2083 2355/1504/2077 2276/1503/102
f 2568/1505/2078 2355/1504/2077 2534/1497/2083
f 2536/1498/2084 2568/1505/2078 2534/1497/2083
f 2568/1505/2078 2536/1498/2084 2191/1506/2079
f 2536/1498/2084 2289/1499/2085 2191/1506/2079
f 2191/1506/2079 2289/1499/2085 2483/1507/2080
f 2289/1499/2085 2529/1500/2086 2483/1507/2080
f 2356/1508/2081 2483/1507/2080 2529/1500/2086
f 2522/1501/2087 2356/1508/2081 2529/1500/2086
f 2356/1508/2081 2522/1501/2087 2515/1608/2088
f 2356/1508/2081 2515/1608/2088 2513/1607/2082
f 2563/1496/2089 2534/1497/2083 2276/1503/102
f 2532/1490/2090 2534/1497/2083 2563/1496/2089
f 2536/1498/2084 2534/1497/2083 2532/1490/2090
f 2535/1491/2091 2536/1498/2084 2532/1490/2090
f 2536/1498/2084 2535/1491/2091 2289/1499/2085
f 2535/1491/2091 2287/1492/2092 2289/1499/2085
f 2289/1499/2085 2287/1492/2092 2529/1500/2086
f 2287/1492/2092 2530/1493/2093 2529/1500/2086
f 2522/1501/2087 2529/1500/2086 2530/1493/2093
f 2521/1502/2094 2522/1501/2087 2530/1493/2093
f 2522/1501/2087 2521/1502/2094 2537/1609/2095
f 2522/1501/2087 2537/1609/2095 2515/1608/2088
f 2288/1495/2096 2532/1490/2090 2563/1496/2089
f 2532/1490/2090 2288/1495/2096 2335/1489/2097
f 2133/1486/2098 2532/1490/2090 2335/1489/2097
f 2532/1490/2090 2133/1486/2098 2535/1491/2091
f 2133/1486/2098 2109/1487/2099 2535/1491/2091
f 2535/1491/2091 2109/1487/2099 2287/1492/2092
f 2109/1487/2099 2334/1488/2100 2287/1492/2092
f 2287/1492/2092 2334/1488/2100 2530/1493/2093
f 2334/1488/2100 2272/1494/2101 2530/1493/2093
f 2521/1502/2094 2530/1493/2093 2272/1494/2101
f 2241/1610/2102 2521/1502/2094 2272/1494/2101
f 2510/1611/2103 2521/1502/2094 2241/1610/2102
f 2521/1502/2094 2510/1611/2103 2537/1609/2095
f 2133/1486/2098 2335/1489/2097 2337/1485/115
f 2064/1480/2104 2133/1486/2098 2337/1485/115
f 2133/1486/2098 2064/1480/2104 2109/1487/2099
f 2064/1480/2104 2108/1481/2105 2109/1487/2099
f 2109/1487/2099 2108/1481/2105 2334/1488/2100
f 2108/1481/2105 2336/1482/2106 2334/1488/2100
f 2334/1488/2100 2336/1482/2106 2245/1483/2107
f 2272/1494/2101 2334/1488/2100 2245/1483/2107
f 2272/1494/2101 2245/1483/2107 2248/1612/2108
f 2241/1610/2102 2272/1494/2101 2248/1612/2108
f 2528/1613/2109 2241/1610/2102 2248/1612/2108
f 2528/1613/2109 2510/1611/2103 2241/1610/2102
f 2064/1480/2104 2337/1485/115 1947/1479/2110
f 2045/1474/2111 2064/1480/2104 1947/1479/2110
f 2064/1480/2104 2045/1474/2111 2108/1481/2105
f 2045/1474/2111 2086/1475/2112 2108/1481/2105
f 2108/1481/2105 2086/1475/2112 1946/1476/2113
f 2336/1482/2106 2108/1481/2105 1946/1476/2113
f 1946/1476/2113 2245/1483/2107 2336/1482/2106
f 2245/1483/2107 1946/1476/2113 2229/1484/2114
f 2243/1614/2115 2245/1483/2107 2229/1484/2114
f 2243/1614/2115 2527/1615/2116 2245/1483/2107
f 2527/1615/2116 2248/1612/2108 2245/1483/2107
f 2527/1615/2116 2528/1613/2109 2248/1612/2108
f 2045/1474/2111 1947/1479/2110 2028/1473/122
f 2055/1472/2117 2045/1474/2111 2028/1473/122
f 2045/1474/2111 2055/1472/2117 2086/1475/2112
f 2055/1472/2117 2061/1469/2118 2086/1475/2112
f 2086/1475/2112 2061/1469/2118 2253/1470/2119
f 1946/1476/2113 2086/1475/2112 2253/1470/2119
f 1946/1476/2113 2253/1470/2119 2232/1477/2120
f 2229/1484/2114 1946/1476/2113 2232/1477/2120
f 2229/1484/2114 2232/1477/2120 2271/1616/2121
f 2229/1484/2114 2271/1616/2121 2249/1617/2122
f 2229/1484/2114 2249/1617/2122 2243/1614/2115
f 2028/1473/122 1906/1471/2123 2055/1472/2117
f 1906/1471/2123 2056/1466/2124 2055/1472/2117
f 2061/1469/2118 2055/1472/2117 2056/1466/2124
f 2053/1467/2125 2061/1469/2118 2056/1466/2124
f 2053/1467/2125 2231/1468/2126 2061/1469/2118
f 2231/1468/2126 2253/1470/2119 2061/1469/2118
f 2253/1470/2119 2231/1468/2126 2233/1478/2127
f 2232/1477/2120 2253/1470/2119 2233/1478/2127
f 2232/1477/2120 2233/1478/2127 2054/1618/2128
f 2065/1619/2129 2232/1477/2120 2054/1618/2128
f 2232/1477/2120 2065/1619/2129 2271/1616/2121
f 2056/1466/2124 1906/1471/2123 2012/1465/2130
f 2046/1463/2131 2056/1466/2124 2012/1465/2130
f 2046/1463/2131 2053/1467/2125 2056/1466/2124
f 2053/1467/2125 2046/1463/2131 2270/1464/2132
f 2231/1468/2126 2053/1467/2125 2270/1464/2132
f 2231/1468/2126 2270/1464/2132 2227/1461/2133
f 2233/1478/2127 2231/1468/2126 2227/1461/2133
f 2227/1461/2133 2059/1454/2134 2233/1478/2127
f 2059/1454/2134 2054/1618/2128 2233/1478/2127
f 2054/1618/2128 2059/1454/2134 2026/1455/2135
f 1907/1620/129 2054/1618/2128 2026/1455/2135
f 2054/1618/2128 1907/1620/129 2065/1619/2129
f 2046/1463/2131 2012/1465/2130 2022/1462/2136
f 2359/1456/2137 2046/1463/2131 2022/1462/2136
f 2046/1463/2131 2359/1456/2137 2270/1464/2132
f 2359/1456/2137 2221/1457/2138 2270/1464/2132
f 2270/1464/2132 2221/1457/2138 2227/1461/2133
f 2221/1457/2138 2220/1460/2139 2227/1461/2133
f 2220/1460/2139 2062/1452/2140 2227/1461/2133
f 2062/1452/2140 2059/1454/2134 2227/1461/2133
f 2059/1454/2134 2062/1452/2140 1948/1453/2141
f 2026/1455/2135 2059/1454/2134 1948/1453/2141
f 2359/1456/2137 2022/1462/2136 2013/1448/2142
f 2358/1449/2143 2359/1456/2137 2013/1448/2142
f 2221/1457/2138 2359/1456/2137 2358/1449/2143
f 2219/1458/2144 2221/1457/2138 2358/1449/2143
f 2221/1457/2138 2219/1458/2144 2220/1460/2139
f 2219/1458/2144 2222/1459/2145 2220/1460/2139
f 2222/1459/2145 2357/1451/2146 2220/1460/2139
f 2357/1451/2146 2062/1452/2140 2220/1460/2139
f 2062/1452/2140 2357/1451/2146 1910/1450/136
f 1948/1453/2141 2062/1452/2140 1910/1450/136
f 2358/1449/2143 2013/1448/2142 1910/1450/136
f 2357/1451/2146 2358/1449/2143 1910/1450/136
f 2358/1449/2143 2357/1451/2146 2219/1458/2144
f 2357/1451/2146 2222/1459/2145 2219/1458/2144
f 1907/1620/129 2015/1621/2147 2065/1619/2129
f 2047/1622/2148 2065/1619/2129 2015/1621/2147
f 2065/1619/2129 2047/1622/2148 2271/1616/2121
f 2271/1616/2121 2047/1622/2148 2234/1623/2149
f 2271/1616/2121 2234/1623/2149 2249/1617/2122
f 2249/1617/2122 2234/1623/2149 2029/1624/2150
f 2249/1617/2122 2029/1624/2150 2243/1614/2115
f 2024/1625/2151 2047/1622/2148 2015/1621/2147
f 2060/1626/2152 2047/1622/2148 2024/1625/2151
f 2047/1622/2148 2060/1626/2152 2234/1623/2149
f 2234/1623/2149 2060/1626/2152 2087/1627/2153
f 2234/1623/2149 2087/1627/2153 2029/1624/2150
f 2029/1624/2150 2087/1627/2153 2281/1628/2154
f 2029/1624/2150 2281/1628/2154 2250/1629/2155
f 2242/1630/2156 2029/1624/2150 2250/1629/2155
f 2029/1624/2150 2242/1630/2156 2243/1614/2115
f 2527/1615/2116 2243/1614/2115 2242/1630/2156
f 2528/1613/2109 2527/1615/2116 2242/1630/2156
f 1942/1631/126 2060/1626/2152 2024/1625/2151
f 2153/1632/2157 2060/1626/2152 1942/1631/126
f 2060/1626/2152 2153/1632/2157 2087/1627/2153
f 2087/1627/2153 2153/1632/2157 2252/1633/2158
f 2087/1627/2153 2252/1633/2158 2281/1628/2154
f 2281/1628/2154 2252/1633/2158 2282/1634/2159
f 2281/1628/2154 2282/1634/2159 2251/1635/2160
f 2250/1629/2155 2281/1628/2154 2251/1635/2160
f 2250/1629/2155 2251/1635/2160 2537/1609/2095
f 2510/1611/2103 2250/1629/2155 2537/1609/2095
f 2250/1629/2155 2510/1611/2103 2242/1630/2156
f 2510/1611/2103 2528/1613/2109 2242/1630/2156
f 1941/1636/2161 2153/1632/2157 1942/1631/126
f 2273/1637/2162 2153/1632/2157 1941/1636/2161
f 2153/1632/2157 2273/1637/2162 2252/1633/2158
f 2552/1638/2163 2252/1633/2158 2273/1637/2162
f 2252/1633/2158 2552/1638/2163 2282/1634/2159
f 2282/1634/2159 2552/1638/2163 2163/1639/2164
f 2282/1634/2159 2163/1639/2164 2518/1640/2165
f 2251/1635/2160 2282/1634/2159 2518/1640/2165
f 2251/1635/2160 2518/1640/2165 2515/1608/2088
f 2537/1609/2095 2251/1635/2160 2515/1608/2088
f 2283/1641/107 2273/1637/2162 1941/1636/2161
f 2283/1641/107 2284/1642/106 2273/1637/2162
f 2284/1642/106 2551/1643/2166 2273/1637/2162
f 2551/1643/2166 2552/1638/2163 2273/1637/2162
f 2531/1644/2167 2552/1638/2163 2551/1643/2166
f 2552/1638/2163 2531/1644/2167 2163/1639/2164
f 2163/1639/2164 2531/1644/2167 2164/1645/2168
f 2163/1639/2164 2164/1645/2168 2508/1646/2169
f 2518/1640/2165 2163/1639/2164 2508/1646/2169
f 2508/1646/2169 2513/1607/2082 2518/1640/2165
f 2513/1607/2082 2515/1608/2088 2518/1640/2165
f 2284/1642/106 2562/1647/99 2551/1643/2166
f 2562/1647/99 2509/1648/2170 2551/1643/2166
f 2509/1648/2170 2531/1644/2167 2551/1643/2166
f 2531/1644/2167 2509/1648/2170 2520/1649/2171
f 2531/1644/2167 2520/1649/2171 2164/1645/2168
f 2164/1645/2168 2520/1649/2171 2165/1650/2172
f 2164/1645/2168 2165/1650/2172 2508/1646/2169
f 2165/1650/2172 2495/1651/2173 2508/1646/2169
f 2513/1607/2082 2508/1646/2169 2495/1651/2173
f 2514/1606/2076 2513/1607/2082 2495/1651/2173
f 2205/1532/2069 2514/1606/2076 2495/1651/2173
f 2562/1647/99 2144/1652/2174 2509/1648/2170
f 2144/1652/2174 2516/1653/2175 2509/1648/2170
f 2509/1648/2170 2516/1653/2175 2520/1649/2171
f 2520/1649/2171 2516/1653/2175 2517/1654/2176
f 2519/1655/2177 2520/1649/2171 2517/1654/2176
f 2520/1649/2171 2519/1655/2177 2165/1650/2172
f 2165/1650/2172 2519/1655/2177 2340/1656/2178
f 2165/1650/2172 2340/1656/2178 2127/1657/2179
f 2495/1651/2173 2165/1650/2172 2127/1657/2179
f 2127/1657/2179 2205/1532/2069 2495/1651/2173
f 2125/1539/2180 2205/1532/2069 2127/1657/2179
f 2125/1539/2180 2411/1531/2062 2205/1532/2069
f 2144/1652/2174 2143/1658/91 2516/1653/2175
f 2143/1658/91 2517/1654/2176 2516/1653/2175
f 2143/1658/91 2341/1659/2181 2517/1654/2176
f 2341/1659/2181 2202/1660/2182 2517/1654/2176
f 2517/1654/2176 2202/1660/2182 2519/1655/2177
f 2202/1660/2182 2204/1661/2183 2519/1655/2177
f 2519/1655/2177 2204/1661/2183 2340/1656/2178
f 2340/1656/2178 2204/1661/2183 2342/1662/2184
f 2340/1656/2178 2342/1662/2184 2127/1657/2179
f 2342/1662/2184 2129/1663/2185 2127/1657/2179
f 2129/1663/2185 2125/1539/2180 2127/1657/2179
f 2341/1659/2181 2350/1664/2186 2202/1660/2182
f 2350/1664/2186 2122/1665/2187 2202/1660/2182
f 2202/1660/2182 2122/1665/2187 2204/1661/2183
f 2122/1665/2187 2121/1666/2188 2204/1661/2183
f 2204/1661/2183 2121/1666/2188 2342/1662/2184
f 2342/1662/2184 2121/1666/2188 2331/1667/2189
f 2342/1662/2184 2331/1667/2189 2154/1668/2190
f 2129/1663/2185 2342/1662/2184 2154/1668/2190
f 2129/1663/2185 2154/1668/2190 2130/1669/2191
f 2125/1539/2180 2129/1663/2185 2130/1669/2191
f 2350/1664/2186 2345/1670/78 2122/1665/2187
f 2345/1670/78 2128/1671/2192 2122/1665/2187
f 2122/1665/2187 2128/1671/2192 2121/1666/2188
f 2128/1671/2192 2155/1672/2193 2121/1666/2188
f 2121/1666/2188 2155/1672/2193 2331/1667/2189
f 2331/1667/2189 2155/1672/2193 2333/1673/2194
f 2331/1667/2189 2333/1673/2194 2156/1674/2195
f 2154/1668/2190 2331/1667/2189 2156/1674/2195
f 2130/1669/2191 2154/1668/2190 2156/1674/2195
f 2128/1671/2192 2345/1670/78 2343/1675/2196
f 2131/1676/2197 2128/1671/2192 2343/1675/2196
f 2155/1672/2193 2128/1671/2192 2131/1676/2197
f 2203/1677/2198 2155/1672/2193 2131/1676/2197
f 2155/1672/2193 2203/1677/2198 2333/1673/2194
f 2203/1677/2198 1960/1672/2199 2333/1673/2194
f 1960/1672/2199 1742/1667/2200 2333/1673/2194
f 2333/1673/2194 1742/1667/2200 2156/1674/2195
f 1742/1667/2200 1981/1668/2201 2156/1674/2195
f 2156/1674/2195 1981/1668/2201 2132/1678/2202
f 2132/1678/2202 2130/1669/2191 2156/1674/2195
f 2131/1676/2197 2343/1675/2196 1958/1671/2203
f 2131/1676/2197 1958/1671/2203 1960/1672/2199
f 2203/1677/2198 2131/1676/2197 1960/1672/2199
f 2343/1675/2196 1736/1670/57 1958/1671/2203
f 1953/1665/2204 1958/1671/2203 1736/1670/57
f 1953/1665/2204 1955/1666/2205 1958/1671/2203
f 1955/1666/2205 1960/1672/2199 1958/1671/2203
f 1960/1672/2199 1955/1666/2205 1742/1667/2200
f 1955/1666/2205 1769/1662/2206 1742/1667/2200
f 1742/1667/2200 1769/1662/2206 1981/1668/2201
f 1769/1662/2206 1951/1663/2207 1981/1668/2201
f 1981/1668/2201 1951/1663/2207 1982/1669/2208
f 1981/1668/2201 1982/1669/2208 2132/1678/2202
f 1777/1664/2209 1953/1665/2204 1736/1670/57
f 1949/1660/2210 1953/1665/2204 1777/1664/2209
f 1953/1665/2204 1949/1660/2210 1950/1661/2211
f 1955/1666/2205 1953/1665/2204 1950/1661/2211
f 1955/1666/2205 1950/1661/2211 1769/1662/2206
f 1950/1661/2211 1768/1656/2212 1769/1662/2206
f 1768/1656/2212 1952/1657/2213 1769/1662/2206
f 1952/1657/2213 1951/1663/2207 1769/1662/2206
f 1984/1539/1929 1951/1663/2207 1952/1657/2213
f 1951/1663/2207 1984/1539/1929 1982/1669/2208
f 1763/1659/2214 1949/1660/2210 1777/1664/2209
f 1956/1654/2215 1949/1660/2210 1763/1659/2214
f 1949/1660/2210 1956/1654/2215 1988/1655/2216
f 1950/1661/2211 1949/1660/2210 1988/1655/2216
f 1950/1661/2211 1988/1655/2216 1768/1656/2212
f 1988/1655/2216 1770/1650/2217 1768/1656/2212
f 1770/1650/2217 1954/1651/2218 1768/1656/2212
f 1954/1651/2218 1952/1657/2213 1768/1656/2212
f 1952/1657/2213 1954/1651/2218 1966/1606/2219
f 1983/1532/1922 1952/1657/2213 1966/1606/2219
f 1983/1532/1922 1984/1539/1929 1952/1657/2213
f 1771/1658/2220 1956/1654/2215 1763/1659/2214
f 1700/1653/2221 1956/1654/2215 1771/1658/2220
f 1956/1654/2215 1700/1653/2221 1699/1649/2222
f 1988/1655/2216 1956/1654/2215 1699/1649/2222
f 1770/1650/2217 1988/1655/2216 1699/1649/2222
f 3066/1645/2223 1770/1650/2217 1699/1649/2222
f 1770/1650/2217 3066/1645/2223 1677/1646/2224
f 1954/1651/2218 1770/1650/2217 1677/1646/2224
f 1677/1646/2224 1680/1607/2225 1954/1651/2218
f 1680/1607/2225 1966/1606/2219 1954/1651/2218
f 3081/1652/2226 1700/1653/2221 1771/1658/2220
f 1684/1648/2227 1700/1653/2221 3081/1652/2226
f 1700/1653/2221 1684/1648/2227 1699/1649/2222
f 1684/1648/2227 1685/1644/2228 1699/1649/2222
f 1699/1649/2222 1685/1644/2228 3066/1645/2223
f 1685/1644/2228 3058/1639/2229 3066/1645/2223
f 3066/1645/2223 3058/1639/2229 1677/1646/2224
f 3058/1639/2229 1678/1640/2230 1677/1646/2224
f 1677/1646/2224 1678/1640/2230 1680/1607/2225
f 3073/1647/2231 1684/1648/2227 3081/1652/2226
f 1648/1643/2232 1684/1648/2227 3073/1647/2231
f 1685/1644/2228 1684/1648/2227 1648/1643/2232
f 1666/1638/2233 1685/1644/2228 1648/1643/2232
f 1685/1644/2228 1666/1638/2233 3058/1639/2229
f 1666/1638/2233 3022/1634/2234 3058/1639/2229
f 3058/1639/2229 3022/1634/2234 1678/1640/2230
f 3022/1634/2234 1682/1635/2235 1678/1640/2230
f 1678/1640/2230 1682/1635/2235 1686/1608/2236
f 1678/1640/2230 1686/1608/2236 1680/1607/2225
f 3063/1642/2237 1648/1643/2232 3073/1647/2231
f 1665/1637/2238 1648/1643/2232 3063/1642/2237
f 1666/1638/2233 1648/1643/2232 1665/1637/2238
f 1655/1633/2239 1666/1638/2233 1665/1637/2238
f 1666/1638/2233 1655/1633/2239 3022/1634/2234
f 1655/1633/2239 3014/1628/2240 3022/1634/2234
f 3022/1634/2234 3014/1628/2240 1682/1635/2235
f 3014/1628/2240 1657/1629/2241 1682/1635/2235
f 1682/1635/2235 1657/1629/2241 1687/1609/2242
f 1682/1635/2235 1687/1609/2242 1686/1608/2236
f 3021/1641/36 1665/1637/2238 3063/1642/2237
f 1665/1637/2238 3021/1641/36 3011/1636/2243
f 104/1632/2244 1665/1637/2238 3011/1636/2243
f 1665/1637/2238 104/1632/2244 1655/1633/2239
f 104/1632/2244 144/1627/2245 1655/1633/2239
f 1655/1633/2239 144/1627/2245 3014/1628/2240
f 144/1627/2245 3007/1624/2246 3014/1628/2240
f 3014/1628/2240 3007/1624/2246 1657/1629/2241
f 3007/1624/2246 1652/1630/2247 1657/1629/2241
f 1688/1611/2248 1657/1629/2241 1652/1630/2247
f 1657/1629/2241 1688/1611/2248 1687/1609/2242
f 104/1632/2244 3011/1636/2243 3010/1631/28
f 662/1626/2249 104/1632/2244 3010/1631/28
f 104/1632/2244 662/1626/2249 144/1627/2245
f 662/1626/2249 1660/1623/2250 144/1627/2245
f 144/1627/2245 1660/1623/2250 3007/1624/2246
f 1660/1623/2250 1671/1617/2251 3007/1624/2246
f 3007/1624/2246 1671/1617/2251 1653/1614/2252
f 1652/1630/2247 3007/1624/2246 1653/1614/2252
f 1653/1614/2252 1664/1615/2253 1652/1630/2247
f 1664/1615/2253 1663/1613/2254 1652/1630/2247
f 1663/1613/2254 1688/1611/2248 1652/1630/2247
f 662/1626/2249 3010/1631/28 3003/1625/21
f 151/1622/2255 662/1626/2249 3003/1625/21
f 662/1626/2249 151/1622/2255 1660/1623/2250
f 151/1622/2255 1672/1616/2256 1660/1623/2250
f 1660/1623/2250 1672/1616/2256 1671/1617/2251
f 1672/1616/2256 1698/1484/1877 1671/1617/2251
f 1653/1614/2252 1671/1617/2251 1698/1484/1877
f 1651/1483/1876 1653/1614/2252 1698/1484/1877
f 1664/1615/2253 1653/1614/2252 1651/1483/1876
f 1658/1612/2257 1664/1615/2253 1651/1483/1876
f 1663/1613/2254 1664/1615/2253 1658/1612/2257
f 1656/1610/2258 1663/1613/2254 1658/1612/2257
f 1688/1611/2248 1663/1613/2254 1656/1610/2258
f 151/1622/2255 3003/1625/21 3002/1621/20
f 105/1619/2259 151/1622/2255 3002/1621/20
f 151/1622/2255 105/1619/2259 1672/1616/2256
f 105/1619/2259 1654/1477/1869 1672/1616/2256
f 1672/1616/2256 1654/1477/1869 1698/1484/1877
f 105/1619/2259 3002/1621/20 2998/1620/2260
f 133/1618/2261 105/1619/2259 2998/1620/2260
f 1654/1477/1869 105/1619/2259 133/1618/2261
f 1661/1478/1870 1654/1477/1869 133/1618/2261
f 133/1618/2261 150/1454/1848 1661/1478/1870
f 150/1454/1848 665/1461/1855 1661/1478/1870
f 1661/1478/1870 665/1461/1855 1697/1468/1871
f 665/1461/1855 1659/1464/1858 1697/1468/1871
f 133/1618/2261 2998/1620/2260 3009/1455/1849
f 150/1454/1848 133/1618/2261 3009/1455/1849
f 1651/1483/1876 1647/1494/1885 1658/1612/2257
f 1647/1494/1885 1656/1610/2258 1658/1612/2257
f 1683/1502/1892 1656/1610/2258 1647/1494/1885
f 1683/1502/1892 1688/1611/2248 1656/1610/2258
f 1688/1611/2248 1683/1502/1892 1687/1609/2242
f 1683/1502/1892 1676/1501/1891 1687/1609/2242
f 1687/1609/2242 1676/1501/1891 1686/1608/2236
f 1676/1501/1891 1715/1508/1898 1686/1608/2236
f 1686/1608/2236 1715/1508/1898 1680/1607/2225
f 1715/1508/1898 1717/1513/1903 1680/1607/2225
f 1680/1607/2225 1717/1513/1903 1966/1606/2219
f 1717/1513/1903 2003/1519/1909 1966/1606/2219
f 1966/1606/2219 2003/1519/1909 1983/1532/1922
f 2411/1531/2062 2125/1539/2180 2019/1538/2054
f 2125/1539/2180 2014/1679/2262 2019/1538/2054
f 1935/1680/2263 2019/1538/2054 2014/1679/2262
f 2019/1538/2054 1935/1680/2263 1928/1546/2055
f 1931/1681/2264 1928/1546/2055 1935/1680/2263
f 1931/1681/2264 1930/1554/2265 1928/1546/2055
f 1930/1554/2265 1916/1545/2048 1928/1546/2055
f 1916/1545/2048 1930/1554/2265 1911/1553/2040
f 2014/1679/2262 2125/1539/2180 2130/1669/2191
f 2113/1682/2266 2014/1679/2262 2130/1669/2191
f 1923/1683/2267 2014/1679/2262 2113/1682/2266
f 2014/1679/2262 1923/1683/2267 1922/1684/2268
f 1913/1685/2269 2014/1679/2262 1922/1684/2268
f 1935/1680/2263 2014/1679/2262 1913/1685/2269
f 1935/1680/2263 1913/1685/2269 1921/1686/2270
f 1921/1686/2270 1931/1681/2264 1935/1680/2263
f 1931/1681/2264 1921/1686/2270 1920/1687/2271
f 1930/1554/2265 1931/1681/2264 1920/1687/2271
f 2113/1682/2266 2130/1669/2191 2132/1678/2202
f 2110/1688/2272 2113/1682/2266 2132/1678/2202
f 2391/1689/2273 2113/1682/2266 2110/1688/2272
f 2391/1689/2273 1923/1683/2267 2113/1682/2266
f 1923/1683/2267 2391/1689/2273 1908/1690/2274
f 1923/1683/2267 1908/1690/2274 1897/1691/2275
f 1922/1684/2268 1923/1683/2267 1897/1691/2275
f 1897/1691/2275 1929/1692/2276 1922/1684/2268
f 1929/1692/2276 1915/1693/2277 1922/1684/2268
f 1922/1684/2268 1915/1693/2277 1913/1685/2269
f 2110/1688/2272 2132/1678/2202 1987/1682/2278
f 2110/1688/2272 1987/1682/2278 1894/1689/2279
f 2390/1694/2280 2110/1688/2272 1894/1689/2279
f 2390/1694/2280 2391/1689/2273 2110/1688/2272
f 2388/1695/2281 2391/1689/2273 2390/1694/2280
f 2391/1689/2273 2388/1695/2281 1908/1690/2274
f 2132/1678/2202 1982/1669/2208 1987/1682/2278
f 1987/1682/2278 1982/1669/2208 1732/1679/2282
f 1987/1682/2278 1732/1679/2282 1743/1683/2283
f 1894/1689/2279 1987/1682/2278 1743/1683/2283
f 1743/1683/2283 1741/1690/2284 1894/1689/2279
f 1741/1690/2284 2006/1695/2285 1894/1689/2279
f 1894/1689/2279 2006/1695/2285 2390/1694/2280
f 2006/1695/2285 2085/1696/2286 2390/1694/2280
f 2085/1696/2286 2388/1695/2281 2390/1694/2280
f 1982/1669/2208 1984/1539/1929 1732/1679/2282
f 1721/1538/1928 1732/1679/2282 1984/1539/1929
f 1732/1679/2282 1721/1538/1928 1727/1680/2287
f 1732/1679/2282 1727/1680/2287 1754/1685/2288
f 1732/1679/2282 1754/1685/2288 1747/1684/2289
f 1743/1683/2283 1732/1679/2282 1747/1684/2289
f 1743/1683/2283 1747/1684/2289 1731/1691/2290
f 1741/1690/2284 1743/1683/2283 1731/1691/2290
f 1707/1546/1936 1727/1680/2287 1721/1538/1928
f 1727/1680/2287 1707/1546/1936 1705/1681/2291
f 1704/1686/2292 1727/1680/2287 1705/1681/2291
f 1727/1680/2287 1704/1686/2292 1754/1685/2288
f 1704/1686/2292 1719/1697/2293 1754/1685/2288
f 1719/1697/2293 1720/1693/2294 1754/1685/2288
f 1720/1693/2294 1747/1684/2289 1754/1685/2288
f 1720/1693/2294 1703/1692/2295 1747/1684/2289
f 1703/1692/2295 1731/1691/2290 1747/1684/2289
f 1739/1698/2296 1731/1691/2290 1703/1692/2295
f 1741/1690/2284 1731/1691/2290 1739/1698/2296
f 1705/1681/2291 1707/1546/1936 1722/1554/1943
f 1705/1681/2291 1722/1554/1943 1744/1687/2297
f 1704/1686/2292 1705/1681/2291 1744/1687/2297
f 1719/1697/2293 1704/1686/2292 1744/1687/2297
f 1720/1693/2294 1719/1697/2293 1744/1687/2297
f 1744/1687/2297 1712/1699/2298 1720/1693/2294
f 1712/1699/2298 1703/1692/2295 1720/1693/2294
f 1712/1699/2298 1739/1698/2296 1703/1692/2295
f 1712/1699/2298 1711/1700/2299 1739/1698/2296
f 1711/1700/2299 1738/1553/1942 1739/1698/2296
f 1740/1561/1950 1739/1698/2296 1738/1553/1942
f 1740/1561/1950 1741/1690/2284 1739/1698/2296
f 1722/1554/1943 1711/1700/2299 1744/1687/2297
f 1711/1700/2299 1712/1699/2298 1744/1687/2297
f 1711/1700/2299 1722/1554/1943 1738/1553/1942
f 1740/1561/1950 2020/1560/1949 1741/1690/2284
f 2020/1560/1949 1903/1701/2300 1741/1690/2284
f 1741/1690/2284 1903/1701/2300 2006/1695/2285
f 1903/1701/2300 1893/1702/2301 2006/1695/2285
f 2006/1695/2285 1893/1702/2301 2085/1696/2286
f 1893/1702/2301 2395/1703/2302 2085/1696/2286
f 2395/1703/2302 2396/1702/2303 2085/1696/2286
f 2396/1702/2303 2388/1695/2281 2085/1696/2286
f 1903/1701/2300 2020/1560/1949 1939/1567/1955
f 1895/1704/2304 1903/1701/2300 1939/1567/1955
f 1903/1701/2300 1895/1704/2304 1893/1702/2301
f 1895/1704/2304 1892/1705/2305 1893/1702/2301
f 1893/1702/2301 1892/1705/2305 2395/1703/2302
f 1892/1705/2305 2397/1706/2306 2395/1703/2302
f 2395/1703/2302 2397/1706/2306 2394/1705/2307
f 2396/1702/2303 2395/1703/2302 2394/1705/2307
f 2396/1702/2303 2394/1705/2307 2393/1704/2308
f 2565/1701/2309 2396/1702/2303 2393/1704/2308
f 2388/1695/2281 2396/1702/2303 2565/1701/2309
f 1908/1690/2274 2388/1695/2281 2565/1701/2309
f 1933/1707/2310 1895/1704/2304 1939/1567/1955
f 1933/1707/2310 2005/1708/2311 1895/1704/2304
f 2005/1708/2311 1892/1705/2305 1895/1704/2304
f 2005/1708/2311 2389/1709/2312 1892/1705/2305
f 2389/1709/2312 2397/1706/2306 1892/1705/2305
f 2397/1706/2306 2389/1709/2312 2386/1708/2313
f 2394/1705/2307 2397/1706/2306 2386/1708/2313
f 2394/1705/2307 2386/1708/2313 2392/1707/2314
f 2393/1704/2308 2394/1705/2307 2392/1707/2314
f 2009/1573/1961 1933/1707/2310 1939/1567/1955
f 1899/1605/2315 1933/1707/2310 2009/1573/1961
f 1899/1605/2315 2021/1710/2316 1933/1707/2310
f 2021/1710/2316 2005/1708/2311 1933/1707/2310
f 2021/1710/2316 2418/1711/2317 2005/1708/2311
f 2418/1711/2317 2389/1709/2312 2005/1708/2311
f 2389/1709/2312 2418/1711/2317 2386/1708/2313
f 2418/1711/2317 2486/1710/2318 2386/1708/2313
f 2386/1708/2313 2486/1710/2318 2392/1707/2314
f 2486/1710/2318 2502/1605/2020 2392/1707/2314
f 2392/1707/2314 2502/1605/2020 2088/1573/2019
f 2393/1704/2308 2392/1707/2314 2088/1573/2019
f 1884/1578/1966 1899/1605/2315 2009/1573/1961
f 2007/1712/2319 1899/1605/2315 1884/1578/1966
f 2007/1712/2319 2025/1713/2320 1899/1605/2315
f 2025/1713/2320 2021/1710/2316 1899/1605/2315
f 2021/1710/2316 2025/1713/2320 2418/1711/2317
f 2025/1713/2320 2415/1714/2321 2418/1711/2317
f 2418/1711/2317 2415/1714/2321 2412/1713/2322
f 2486/1710/2318 2418/1711/2317 2412/1713/2322
f 2486/1710/2318 2412/1713/2322 2499/1712/2323
f 2502/1605/2020 2486/1710/2318 2499/1712/2323
f 2502/1605/2020 2499/1712/2323 2413/1590/2007
f 2497/1597/2008 2413/1590/2007 2499/1712/2323
f 2001/1590/1976 2007/1712/2319 1884/1578/1966
f 2007/1712/2319 2001/1590/1976 1976/1597/1983
f 1973/1715/2324 2007/1712/2319 1976/1597/1983
f 1973/1715/2324 1992/1716/2325 2007/1712/2319
f 1992/1716/2325 2025/1713/2320 2007/1712/2319
f 2025/1713/2320 1992/1716/2325 2415/1714/2321
f 1992/1716/2325 2572/1717/2326 2415/1714/2321
f 2415/1714/2321 2572/1717/2326 2421/1716/2327
f 2412/1713/2322 2415/1714/2321 2421/1716/2327
f 2412/1713/2322 2421/1716/2327 2419/1715/2328
f 2499/1712/2323 2412/1713/2322 2419/1715/2328
f 2419/1715/2328 2497/1597/2008 2499/1712/2323
f 2497/1597/2008 2419/1715/2328 2501/1718/2329
f 2497/1597/2008 2501/1718/2329 2573/1596/2001
f 1973/1715/2324 1976/1597/1983 1974/1718/2330
f 2027/1719/2331 1973/1715/2324 1974/1718/2330
f 2027/1719/2331 1996/1720/2332 1973/1715/2324
f 1996/1720/2332 1992/1716/2325 1973/1715/2324
f 2572/1717/2326 1992/1716/2325 1996/1720/2332
f 2416/1721/2333 2572/1717/2326 1996/1720/2332
f 2572/1717/2326 2416/1721/2333 2500/1720/2334
f 2421/1716/2327 2572/1717/2326 2500/1720/2334
f 2421/1716/2327 2500/1720/2334 2487/1719/2335
f 2419/1715/2328 2421/1716/2327 2487/1719/2335
f 2419/1715/2328 2487/1719/2335 2501/1718/2329
f 1974/1718/2330 1976/1597/1983 1977/1596/1982
f 1974/1718/2330 1977/1596/1982 1963/1722/2336
f 1963/1722/2336 1993/1723/2337 1974/1718/2330
f 1993/1723/2337 2027/1719/2331 1974/1718/2330
f 1996/1720/2332 2027/1719/2331 1993/1723/2337
f 1998/1724/2338 1996/1720/2332 1993/1723/2337
f 2416/1721/2333 1996/1720/2332 1998/1724/2338
f 2504/1725/2339 2416/1721/2333 1998/1724/2338
f 2416/1721/2333 2504/1725/2339 2571/1724/2340
f 2500/1720/2334 2416/1721/2333 2571/1724/2340
f 2500/1720/2334 2571/1724/2340 2503/1723/2341
f 2487/1719/2335 2500/1720/2334 2503/1723/2341
f 2501/1718/2329 2487/1719/2335 2503/1723/2341
f 1977/1596/1982 1975/1726/2342 1963/1722/2336
f 1963/1722/2336 1975/1726/2342 1872/1727/2343
f 1865/1728/2344 1963/1722/2336 1872/1727/2343
f 1993/1723/2337 1963/1722/2336 1865/1728/2344
f 1866/1729/2345 1993/1723/2337 1865/1728/2344
f 1998/1724/2338 1993/1723/2337 1866/1729/2345
f 1867/1730/2346 1998/1724/2338 1866/1729/2345
f 1998/1724/2338 1867/1730/2346 2504/1725/2339
f 1977/1596/1982 1985/1602/1988 1975/1726/2342
f 1985/1602/1988 1986/1731/2347 1975/1726/2342
f 1975/1726/2342 1986/1731/2347 1870/1732/2348
f 1872/1727/2343 1975/1726/2342 1870/1732/2348
f 1871/1733/2349 1872/1727/2343 1870/1732/2348
f 1871/1733/2349 1880/1734/2350 1872/1727/2343
f 1880/1734/2350 1865/1728/2344 1872/1727/2343
f 1866/1729/2345 1865/1728/2344 1880/1734/2350
f 1864/1735/2351 1866/1729/2345 1880/1734/2350
f 1867/1730/2346 1866/1729/2345 1864/1735/2351
f 1985/1602/1988 2541/1604/1996 1986/1731/2347
f 2541/1604/1996 2542/1736/2352 1986/1731/2347
f 1986/1731/2347 2542/1736/2352 2492/1737/2353
f 1870/1732/2348 1986/1731/2347 2492/1737/2353
f 1868/1738/2354 1870/1732/2348 2492/1737/2353
f 1868/1738/2354 1871/1733/2349 1870/1732/2348
f 1848/1739/2355 1871/1733/2349 1868/1738/2354
f 1848/1739/2355 1876/1740/2356 1871/1733/2349
f 1876/1740/2356 1880/1734/2350 1871/1733/2349
f 1876/1740/2356 1863/1741/2357 1880/1734/2350
f 1863/1741/2357 1864/1735/2351 1880/1734/2350
f 2512/1731/2358 2542/1736/2352 2541/1604/1996
f 2492/1737/2353 2542/1736/2352 2512/1731/2358
f 2490/1732/2359 2492/1737/2353 2512/1731/2358
f 2507/1742/2360 2492/1737/2353 2490/1732/2359
f 2507/1742/2360 1868/1738/2354 2492/1737/2353
f 1843/1743/2361 1868/1738/2354 2507/1742/2360
f 1843/1743/2361 1848/1739/2355 1868/1738/2354
f 1850/1744/2362 1848/1739/2355 1843/1743/2361
f 1850/1744/2362 1869/1745/2363 1848/1739/2355
f 1869/1745/2363 1876/1740/2356 1848/1739/2355
f 2511/1602/1995 2512/1731/2358 2541/1604/1996
f 2546/1726/2364 2512/1731/2358 2511/1602/1995
f 2490/1732/2359 2512/1731/2358 2546/1726/2364
f 2422/1727/2365 2490/1732/2359 2546/1726/2364
f 2422/1727/2365 2493/1733/2366 2490/1732/2359
f 2493/1733/2366 2494/1738/2367 2490/1732/2359
f 2494/1738/2367 2507/1742/2360 2490/1732/2359
f 2550/1746/2368 2507/1742/2360 2494/1738/2367
f 2550/1746/2368 1843/1743/2361 2507/1742/2360
f 1875/1747/2369 1843/1743/2361 2550/1746/2368
f 1875/1747/2369 1850/1744/2362 1843/1743/2361
f 2573/1596/2001 2546/1726/2364 2511/1602/1995
f 2498/1722/2370 2546/1726/2364 2573/1596/2001
f 2422/1727/2365 2546/1726/2364 2498/1722/2370
f 2448/1728/2371 2422/1727/2365 2498/1722/2370
f 2448/1728/2371 2420/1734/2372 2422/1727/2365
f 2420/1734/2372 2493/1733/2366 2422/1727/2365
f 2420/1734/2372 2471/1740/2373 2493/1733/2366
f 2471/1740/2373 2464/1739/2374 2493/1733/2366
f 2493/1733/2366 2464/1739/2374 2494/1738/2367
f 2464/1739/2374 2525/1743/2375 2494/1738/2367
f 2525/1743/2375 2550/1746/2368 2494/1738/2367
f 2501/1718/2329 2498/1722/2370 2573/1596/2001
f 2498/1722/2370 2501/1718/2329 2503/1723/2341
f 2448/1728/2371 2498/1722/2370 2503/1723/2341
f 2428/1729/2376 2448/1728/2371 2503/1723/2341
f 2420/1734/2372 2448/1728/2371 2428/1729/2376
f 2449/1735/2377 2420/1734/2372 2428/1729/2376
f 2449/1735/2377 2505/1741/2378 2420/1734/2372
f 2505/1741/2378 2471/1740/2373 2420/1734/2372
f 2505/1741/2378 2526/1748/2379 2471/1740/2373
f 2526/1748/2379 2523/1745/2380 2471/1740/2373
f 2471/1740/2373 2523/1745/2380 2464/1739/2374
f 2523/1745/2380 2465/1744/2381 2464/1739/2374
f 2464/1739/2374 2465/1744/2381 2525/1743/2375
f 2428/1729/2376 2503/1723/2341 2571/1724/2340
f 2417/1730/2382 2428/1729/2376 2571/1724/2340
f 2449/1735/2377 2428/1729/2376 2417/1730/2382
f 2426/1749/2383 2449/1735/2377 2417/1730/2382
f 2426/1749/2383 2491/1750/2384 2449/1735/2377
f 2491/1750/2384 2505/1741/2378 2449/1735/2377
f 2505/1741/2378 2491/1750/2384 2526/1748/2379
f 2491/1750/2384 2506/1751/2385 2526/1748/2379
f 2526/1748/2379 2506/1751/2385 2374/1752/2386
f 2526/1748/2379 2374/1752/2386 2383/1753/2387
f 2523/1745/2380 2526/1748/2379 2383/1753/2387
f 2571/1724/2340 2504/1725/2339 2417/1730/2382
f 2504/1725/2339 2424/1754/2388 2417/1730/2382
f 2424/1754/2388 2450/1755/2389 2417/1730/2382
f 2450/1755/2389 2426/1749/2383 2417/1730/2382
f 2450/1755/2389 2451/1756/2390 2426/1749/2383
f 2451/1756/2390 2491/1750/2384 2426/1749/2383
f 2506/1751/2385 2491/1750/2384 2451/1756/2390
f 2524/1757/2391 2506/1751/2385 2451/1756/2390
f 2384/1758/2392 2506/1751/2385 2524/1757/2391
f 2506/1751/2385 2384/1758/2392 2374/1752/2386
f 1867/1730/2346 2424/1754/2388 2504/1725/2339
f 2424/1754/2388 1867/1730/2346 1873/1749/2393
f 2450/1755/2389 2424/1754/2388 1873/1749/2393
f 2450/1755/2389 1873/1749/2393 1862/1750/2394
f 2451/1756/2390 2450/1755/2389 1862/1750/2394
f 2524/1757/2391 2451/1756/2390 1862/1750/2394
f 1877/1751/2395 2524/1757/2391 1862/1750/2394
f 2371/1759/2396 2524/1757/2391 1877/1751/2395
f 2371/1759/2396 2384/1758/2392 2524/1757/2391
f 2455/1760/2397 2384/1758/2392 2371/1759/2396
f 2455/1760/2397 2433/1761/2398 2384/1758/2392
f 2433/1761/2398 2374/1752/2386 2384/1758/2392
f 1873/1749/2393 1867/1730/2346 1864/1735/2351
f 1864/1735/2351 1863/1741/2357 1873/1749/2393
f 1863/1741/2357 1862/1750/2394 1873/1749/2393
f 1877/1751/2395 1862/1750/2394 1863/1741/2357
f 1881/1748/2399 1877/1751/2395 1863/1741/2357
f 1849/1758/2400 1877/1751/2395 1881/1748/2399
f 1849/1758/2400 2371/1759/2396 1877/1751/2395
f 2444/1762/2401 2371/1759/2396 1849/1758/2400
f 2444/1762/2401 2455/1760/2397 2371/1759/2396
f 2455/1760/2397 2444/1762/2401 2457/1763/2402
f 2455/1760/2397 2457/1763/2402 2470/1764/2403
f 2433/1761/2398 2455/1760/2397 2470/1764/2403
f 2433/1761/2398 2470/1764/2403 2377/1765/2404
f 2433/1761/2398 2377/1765/2404 2374/1752/2386
f 2377/1765/2404 2383/1753/2387 2374/1752/2386
f 1881/1748/2399 1863/1741/2357 1876/1740/2356
f 1869/1745/2363 1881/1748/2399 1876/1740/2356
f 1847/1752/2405 1881/1748/2399 1869/1745/2363
f 1847/1752/2405 1849/1758/2400 1881/1748/2399
f 1849/1758/2400 1847/1752/2405 1853/1761/2406
f 1855/1760/2407 1849/1758/2400 1853/1761/2406
f 1855/1760/2407 2444/1762/2401 1849/1758/2400
f 2466/1766/2408 2444/1762/2401 1855/1760/2407
f 2444/1762/2401 2466/1766/2408 2457/1763/2402
f 2445/1767/2409 2457/1763/2402 2466/1766/2408
f 2457/1763/2402 2445/1767/2409 2456/1768/2410
f 2470/1764/2403 2457/1763/2402 2456/1768/2410
f 1851/1753/2411 1847/1752/2405 1869/1745/2363
f 1847/1752/2405 1851/1753/2411 1854/1765/2412
f 1853/1761/2406 1847/1752/2405 1854/1765/2412
f 1841/1764/2413 1853/1761/2406 1854/1765/2412
f 1841/1764/2413 1842/1763/2414 1853/1761/2406
f 1842/1763/2414 1855/1760/2407 1853/1761/2406
f 1842/1763/2414 2466/1766/2408 1855/1760/2407
f 2446/1769/2415 2466/1766/2408 1842/1763/2414
f 2446/1769/2415 2445/1767/2409 2466/1766/2408
f 1851/1753/2411 1869/1745/2363 1850/1744/2362
f 1852/1770/2416 1851/1753/2411 1850/1744/2362
f 1851/1753/2411 1852/1770/2416 1824/1771/2417
f 1854/1765/2412 1851/1753/2411 1824/1771/2417
f 1840/1772/2418 1854/1765/2412 1824/1771/2417
f 1840/1772/2418 1841/1764/2413 1854/1765/2412
f 1859/1768/2419 1841/1764/2413 1840/1772/2418
f 1859/1768/2419 1858/1767/2420 1841/1764/2413
f 1858/1767/2420 1842/1763/2414 1841/1764/2413
f 1858/1767/2420 2446/1769/2415 1842/1763/2414
f 1852/1770/2416 1850/1744/2362 1825/1773/2421
f 1824/1771/2417 1852/1770/2416 1825/1773/2421
f 1831/1774/2422 1824/1771/2417 1825/1773/2421
f 1856/1775/2423 1824/1771/2417 1831/1774/2422
f 1856/1775/2423 1840/1772/2418 1824/1771/2417
f 1840/1772/2418 1856/1775/2423 1845/1776/2424
f 1844/1777/2425 1840/1772/2418 1845/1776/2424
f 1844/1777/2425 1859/1768/2419 1840/1772/2418
f 1850/1744/2362 1875/1747/2369 1825/1773/2421
f 1825/1773/2421 1875/1747/2369 2463/1778/2426
f 2461/1779/2427 1825/1773/2421 2463/1778/2426
f 2461/1779/2427 2434/1780/2428 1825/1773/2421
f 2434/1780/2428 1831/1774/2422 1825/1773/2421
f 1879/1781/2429 1831/1774/2422 2434/1780/2428
f 1879/1781/2429 1856/1775/2423 1831/1774/2422
f 1856/1775/2423 1879/1781/2429 1878/1782/2430
f 1845/1776/2424 1856/1775/2423 1878/1782/2430
f 2463/1778/2426 1875/1747/2369 2550/1746/2368
f 2550/1746/2368 2525/1743/2375 2463/1778/2426
f 2525/1743/2375 2469/1747/2431 2463/1778/2426
f 2461/1779/2427 2463/1778/2426 2469/1747/2431
f 2443/1773/2432 2461/1779/2427 2469/1747/2431
f 2461/1779/2427 2443/1773/2432 2434/1780/2428
f 2443/1773/2432 2442/1774/2433 2434/1780/2428
f 2434/1780/2428 2442/1774/2433 2452/1783/2434
f 2452/1783/2434 1879/1781/2429 2434/1780/2428
f 1879/1781/2429 2452/1783/2434 2447/1784/2435
f 1878/1782/2430 1879/1781/2429 2447/1784/2435
f 2465/1744/2381 2469/1747/2431 2525/1743/2375
f 2443/1773/2432 2469/1747/2431 2465/1744/2381
f 2372/1770/2436 2443/1773/2432 2465/1744/2381
f 2443/1773/2432 2372/1770/2436 2442/1774/2433
f 2372/1770/2436 2462/1771/2437 2442/1774/2433
f 2462/1771/2437 2385/1775/2438 2442/1774/2433
f 2385/1775/2438 2454/1781/2439 2442/1774/2433
f 2442/1774/2433 2454/1781/2439 2452/1783/2434
f 2454/1781/2439 2453/1782/2440 2452/1783/2434
f 2453/1782/2440 2447/1784/2435 2452/1783/2434
f 2372/1770/2436 2465/1744/2381 2523/1745/2380
f 2383/1753/2387 2372/1770/2436 2523/1745/2380
f 2462/1771/2437 2372/1770/2436 2383/1753/2387
f 2377/1765/2404 2462/1771/2437 2383/1753/2387
f 2377/1765/2404 2430/1772/2441 2462/1771/2437
f 2430/1772/2441 2385/1775/2438 2462/1771/2437
f 2375/1776/2442 2385/1775/2438 2430/1772/2441
f 2375/1776/2442 2453/1782/2440 2385/1775/2438
f 2453/1782/2440 2454/1781/2439 2385/1775/2438
f 2470/1764/2403 2430/1772/2441 2377/1765/2404
f 2430/1772/2441 2470/1764/2403 2431/1777/2443
f 2431/1777/2443 2375/1776/2442 2430/1772/2441
f 2370/1785/2444 2375/1776/2442 2431/1777/2443
f 2370/1785/2444 2436/1786/2445 2375/1776/2442
f 2436/1786/2445 2453/1782/2440 2375/1776/2442
f 2453/1782/2440 2436/1786/2445 2447/1784/2435
f 2436/1786/2445 2432/1787/2446 2447/1784/2435
f 1878/1782/2430 2447/1784/2435 2432/1787/2446
f 2470/1764/2403 2456/1768/2410 2431/1777/2443
f 2431/1777/2443 2456/1768/2410 2435/1788/2447
f 2435/1788/2447 2370/1785/2444 2431/1777/2443
f 2435/1788/2447 2476/1789/2448 2370/1785/2444
f 2476/1789/2448 2460/1790/2449 2370/1785/2444
f 2370/1785/2444 2460/1790/2449 2436/1786/2445
f 2460/1790/2449 2459/1791/2450 2436/1786/2445
f 2436/1786/2445 2459/1791/2450 2432/1787/2446
f 2459/1791/2450 2440/1792/2451 2432/1787/2446
f 2432/1787/2446 2440/1792/2451 1860/1786/2452
f 1860/1786/2452 1878/1782/2430 2432/1787/2446
f 1845/1776/2424 1878/1782/2430 1860/1786/2452
f 2456/1768/2410 2376/1793/2453 2435/1788/2447
f 2376/1793/2453 2468/1794/2454 2435/1788/2447
f 2468/1794/2454 2476/1789/2448 2435/1788/2447
f 2468/1794/2454 2472/1795/2455 2476/1789/2448
f 2472/1795/2455 2182/1796/2456 2476/1789/2448
f 2476/1789/2448 2182/1796/2456 2460/1790/2449
f 2182/1796/2456 2187/1797/2457 2460/1790/2449
f 2460/1790/2449 2187/1797/2457 2459/1791/2450
f 2187/1797/2457 2181/1798/2458 2459/1791/2450
f 2459/1791/2450 2181/1798/2458 2440/1792/2451
f 2456/1768/2410 2445/1767/2409 2376/1793/2453
f 2445/1767/2409 2369/1799/2459 2376/1793/2453
f 2376/1793/2453 2369/1799/2459 2468/1794/2454
f 2369/1799/2459 2467/1800/2460 2468/1794/2454
f 2467/1800/2460 2475/1801/2461 2468/1794/2454
f 2475/1801/2461 2472/1795/2455 2468/1794/2454
f 2472/1795/2455 2475/1801/2461 2473/1802/2462
f 2472/1795/2455 2473/1802/2462 2184/1803/2463
f 2182/1796/2456 2472/1795/2455 2184/1803/2463
f 2182/1796/2456 2184/1803/2463 2187/1797/2457
f 2184/1803/2463 2190/1804/2464 2187/1797/2457
f 2187/1797/2457 2190/1804/2464 2181/1798/2458
f 2445/1767/2409 2446/1769/2415 2369/1799/2459
f 2446/1769/2415 2429/1805/2465 2369/1799/2459
f 2369/1799/2459 2429/1805/2465 2467/1800/2460
f 2429/1805/2465 2381/1806/2466 2467/1800/2460
f 2467/1800/2460 2381/1806/2466 2475/1801/2461
f 2381/1806/2466 2477/1807/2467 2475/1801/2461
f 2475/1801/2461 2477/1807/2467 2478/1808/2468
f 2475/1801/2461 2478/1808/2468 2473/1802/2462
f 2473/1802/2462 2478/1808/2468 2239/1809/2469
f 2473/1802/2462 2239/1809/2469 2180/1810/2470
f 2184/1803/2463 2473/1802/2462 2180/1810/2470
f 2429/1805/2465 2446/1769/2415 1858/1767/2420
f 1874/1799/2471 2429/1805/2465 1858/1767/2420
f 2381/1806/2466 2429/1805/2465 1874/1799/2471
f 1822/1800/2472 2381/1806/2466 1874/1799/2471
f 2477/1807/2467 2381/1806/2466 1822/1800/2472
f 1828/1801/2473 2477/1807/2467 1822/1800/2472
f 2479/1811/2474 2477/1807/2467 1828/1801/2473
f 2477/1807/2467 2479/1811/2474 2478/1808/2468
f 2478/1808/2468 2479/1811/2474 2240/1812/2475
f 2478/1808/2468 2240/1812/2475 2239/1809/2469
f 2167/1813/2476 2239/1809/2469 2240/1812/2475
f 2180/1810/2470 2239/1809/2469 2167/1813/2476
f 1874/1799/2471 1858/1767/2420 1859/1768/2419
f 1857/1793/2477 1874/1799/2471 1859/1768/2419
f 1822/1800/2472 1874/1799/2471 1857/1793/2477
f 1823/1794/2478 1822/1800/2472 1857/1793/2477
f 1828/1801/2473 1822/1800/2472 1823/1794/2478
f 1826/1795/2479 1828/1801/2473 1823/1794/2478
f 1821/1808/2480 1828/1801/2473 1826/1795/2479
f 1821/1808/2480 2479/1811/2474 1828/1801/2473
f 2479/1811/2474 1821/1808/2480 2237/1814/2481
f 2479/1811/2474 2237/1814/2481 2240/1812/2475
f 2174/1815/2482 2240/1812/2475 2237/1814/2481
f 2174/1815/2482 2167/1813/2476 2240/1812/2475
f 1857/1793/2477 1859/1768/2419 1844/1777/2425
f 1861/1788/2483 1857/1793/2477 1844/1777/2425
f 1823/1794/2478 1857/1793/2477 1861/1788/2483
f 1839/1789/2484 1823/1794/2478 1861/1788/2483
f 1826/1795/2479 1823/1794/2478 1839/1789/2484
f 1834/1796/2485 1826/1795/2479 1839/1789/2484
f 1820/1802/2486 1826/1795/2479 1834/1796/2485
f 1820/1802/2486 1821/1808/2480 1826/1795/2479
f 1821/1808/2480 1820/1802/2486 1817/1812/2487
f 1821/1808/2480 1817/1812/2487 2237/1814/2481
f 2237/1814/2481 1817/1812/2487 2168/1816/2488
f 2168/1816/2488 2174/1815/2482 2237/1814/2481
f 1861/1788/2483 1844/1777/2425 1846/1785/2489
f 1839/1789/2484 1861/1788/2483 1846/1785/2489
f 1830/1790/2490 1839/1789/2484 1846/1785/2489
f 1834/1796/2485 1839/1789/2484 1830/1790/2490
f 1835/1797/2491 1834/1796/2485 1830/1790/2490
f 1838/1803/2492 1834/1796/2485 1835/1797/2491
f 1838/1803/2492 1820/1802/2486 1834/1796/2485
f 1820/1802/2486 1838/1803/2492 1816/1809/2493
f 1820/1802/2486 1816/1809/2493 1817/1812/2487
f 1817/1812/2487 1816/1809/2493 1806/1815/2494
f 1817/1812/2487 1806/1815/2494 2168/1816/2488
f 1844/1777/2425 1845/1776/2424 1846/1785/2489
f 1846/1785/2489 1845/1776/2424 1860/1786/2452
f 1830/1790/2490 1846/1785/2489 1860/1786/2452
f 1829/1791/2495 1830/1790/2490 1860/1786/2452
f 1835/1797/2491 1830/1790/2490 1829/1791/2495
f 1808/1798/2496 1835/1797/2491 1829/1791/2495
f 1827/1804/2497 1835/1797/2491 1808/1798/2496
f 1827/1804/2497 1838/1803/2492 1835/1797/2491
f 1838/1803/2492 1827/1804/2497 1801/1817/2498
f 1832/1810/2499 1838/1803/2492 1801/1817/2498
f 1838/1803/2492 1832/1810/2499 1816/1809/2493
f 1798/1813/2500 1816/1809/2493 1832/1810/2499
f 1816/1809/2493 1798/1813/2500 1806/1815/2494
f 2440/1792/2451 1829/1791/2495 1860/1786/2452
f 1808/1798/2496 1829/1791/2495 2440/1792/2451
f 2474/1818/2501 1808/1798/2496 2440/1792/2451
f 2474/1818/2501 2177/1819/2502 1808/1798/2496
f 2177/1819/2502 1800/1820/2503 1808/1798/2496
f 1800/1820/2503 1827/1804/2497 1808/1798/2496
f 1827/1804/2497 1800/1820/2503 1833/1821/2504
f 1801/1817/2498 1827/1804/2497 1833/1821/2504
f 2181/1798/2458 2474/1818/2501 2440/1792/2451
f 2181/1798/2458 2178/1820/2505 2474/1818/2501
f 2178/1820/2505 2177/1819/2502 2474/1818/2501
f 2178/1820/2505 2179/1821/2506 2177/1819/2502
f 2179/1821/2506 2183/1822/2507 2177/1819/2502
f 1800/1820/2503 2177/1819/2502 2183/1822/2507
f 1833/1821/2504 1800/1820/2503 2183/1822/2507
f 1833/1821/2504 2183/1822/2507 2173/1823/2508
f 1814/1824/2509 1833/1821/2504 2173/1823/2508
f 1801/1817/2498 1833/1821/2504 1814/1824/2509
f 2190/1804/2464 2178/1820/2505 2181/1798/2458
f 2190/1804/2464 2186/1817/2510 2178/1820/2505
f 2186/1817/2510 2179/1821/2506 2178/1820/2505
f 2179/1821/2506 2186/1817/2510 2172/1825/2511
f 2171/1824/2512 2179/1821/2506 2172/1825/2511
f 2183/1822/2507 2179/1821/2506 2171/1824/2512
f 2173/1823/2508 2183/1822/2507 2171/1824/2512
f 2171/1824/2512 2175/1826/2513 2173/1823/2508
f 2173/1823/2508 2175/1826/2513 1814/1824/2509
f 1814/1824/2509 2175/1826/2513 1799/1825/2514
f 1799/1825/2514 1801/1817/2498 1814/1824/2509
f 1801/1817/2498 1799/1825/2514 1802/1827/2515
f 1832/1810/2499 1801/1817/2498 1802/1827/2515
f 2190/1804/2464 2184/1803/2463 2186/1817/2510
f 2184/1803/2463 2180/1810/2470 2186/1817/2510
f 2180/1810/2470 2236/1827/2516 2186/1817/2510
f 2236/1827/2516 2172/1825/2511 2186/1817/2510
f 2236/1827/2516 2175/1826/2513 2172/1825/2511
f 2172/1825/2511 2175/1826/2513 2171/1824/2512
f 2236/1827/2516 2180/1810/2470 2167/1813/2476
f 2236/1827/2516 2167/1813/2476 2175/1826/2513
f 2174/1815/2482 2175/1826/2513 2167/1813/2476
f 2168/1816/2488 2175/1826/2513 2174/1815/2482
f 1806/1815/2494 2175/1826/2513 2168/1816/2488
f 1798/1813/2500 2175/1826/2513 1806/1815/2494
f 2175/1826/2513 1798/1813/2500 1802/1827/2515
f 1799/1825/2514 2175/1826/2513 1802/1827/2515
f 1802/1827/2515 1798/1813/2500 1832/1810/2499
f 2096/1567/2029 2393/1704/2308 2088/1573/2019
f 2393/1704/2308 2096/1567/2029 2565/1701/2309
f 2096/1567/2029 2094/1560/2034 2565/1701/2309
f 2565/1701/2309 2094/1560/2034 1908/1690/2274
f 2094/1560/2034 1909/1561/2041 1908/1690/2274
f 1908/1690/2274 1909/1561/2041 1897/1691/2275
f 1909/1561/2041 1917/1698/2517 1897/1691/2275
f 1929/1692/2276 1897/1691/2275 1917/1698/2517
f 1919/1699/2518 1929/1692/2276 1917/1698/2517
f 1915/1693/2277 1929/1692/2276 1919/1699/2518
f 1920/1687/2271 1915/1693/2277 1919/1699/2518
f 2018/1697/2519 1915/1693/2277 1920/1687/2271
f 1915/1693/2277 2018/1697/2519 1913/1685/2269
f 1917/1698/2517 1909/1561/2041 1911/1553/2040
f 1911/1553/2040 1918/1700/2520 1917/1698/2517
f 1918/1700/2520 1919/1699/2518 1917/1698/2517
f 1918/1700/2520 1930/1554/2265 1919/1699/2518
f 1930/1554/2265 1920/1687/2271 1919/1699/2518
f 1930/1554/2265 1918/1700/2520 1911/1553/2040
f 1913/1685/2269 2018/1697/2519 1921/1686/2270
f 1921/1686/2270 2018/1697/2519 1920/1687/2271
s 21
f 2195/1828/138 2194/1828/2521 2106/1829/2522
f 2194/1828/2521 2116/1828/2523 2106/1829/2522
f 2118/1828/2524 2116/1828/2523 2194/1828/2521
f 2116/1828/2523 2118/1828/2524 2294/1828/2525
f 2116/1828/2523 2294/1828/2525 2105/1828/2526
f 2105/1828/2526 2294/1828/2525 2103/1828/2527
f 2195/1828/138 2296/1828/2528 2194/1828/2521
f 2296/1828/2528 2201/1828/2529 2194/1828/2521
f 2201/1828/2529 2118/1828/2524 2194/1828/2521
f 2201/1828/2529 2224/1828/2530 2118/1828/2524
f 2224/1828/2530 2198/1828/2531 2118/1828/2524
f 2118/1828/2524 2198/1828/2531 2119/1828/2532
f 2118/1828/2524 2119/1828/2532 2294/1828/2525
f 2294/1828/2525 2119/1828/2532 2048/1828/2533
f 2294/1828/2525 2048/1828/2533 2103/1828/2527
f 2103/1828/2527 2048/1828/2533 2104/1828/2534
f 2124/1828/2535 2296/1828/2528 2195/1828/138
f 2124/1828/2535 2126/1828/2536 2296/1828/2528
f 2126/1828/2536 2209/1828/2537 2296/1828/2528
f 2296/1828/2528 2209/1828/2537 2201/1828/2529
f 2209/1828/2537 2224/1828/2530 2201/1828/2529
f 2209/1828/2537 2244/71/2538 2224/1828/2530
f 2244/71/2538 2300/1828/2539 2224/1828/2530
f 2224/1828/2530 2300/1828/2539 2198/1828/2531
f 2124/1828/2535 2195/1828/138 2196/1828/2540
f 2120/1828/2541 2124/1828/2535 2196/1828/2540
f 2126/1828/2536 2124/1828/2535 2120/1828/2541
f 2199/1828/2542 2126/1828/2536 2120/1828/2541
f 2258/70/2543 2126/1828/2536 2199/1828/2542
f 2258/70/2543 2244/71/2538 2126/1828/2536
f 2244/71/2538 2209/1828/2537 2126/1828/2536
f 2120/1828/2541 2196/1828/2540 2295/1828/2544
f 2123/1828/2545 2120/1828/2541 2295/1828/2544
f 2199/1828/2542 2120/1828/2541 2123/1828/2545
f 2212/1828/2546 2199/1828/2542 2123/1828/2545
f 2265/72/2547 2199/1828/2542 2212/1828/2546
f 2265/72/2547 2258/70/2543 2199/1828/2542
f 2230/70/2548 2258/70/2543 2265/72/2547
f 2230/70/2548 2247/70/2549 2258/70/2543
f 2247/70/2549 2244/71/2538 2258/70/2543
f 2247/70/2549 2216/70/2550 2244/71/2538
f 2216/70/2550 2300/1828/2539 2244/71/2538
f 2900/1828/2551 2123/1828/2545 2295/1828/2544
f 2212/1828/2546 2123/1828/2545 2900/1828/2551
f 2943/1828/2552 2212/1828/2546 2900/1828/2551
f 2246/72/2553 2212/1828/2546 2943/1828/2552
f 2246/72/2553 2265/72/2547 2212/1828/2546
f 2260/72/2554 2265/72/2547 2246/72/2553
f 2260/72/2554 2230/70/2548 2265/72/2547
f 2906/1828/2555 2900/1828/2551 2295/1828/2544
f 2906/1828/2555 2907/1828/2556 2900/1828/2551
f 2907/1828/2556 2898/1828/2557 2900/1828/2551
f 2898/1828/2557 2918/1828/2558 2900/1828/2551
f 2918/1828/2558 2943/1828/2552 2900/1828/2551
f 2918/1828/2558 2911/72/2559 2943/1828/2552
f 2911/72/2559 2937/72/2560 2943/1828/2552
f 2937/72/2560 2246/72/2553 2943/1828/2552
f 2301/72/2561 2246/72/2553 2937/72/2560
f 2301/72/2561 2260/72/2554 2246/72/2553
f 2899/1828/2562 2898/1828/2557 2907/1828/2556
f 2899/1828/2562 2915/1828/2563 2898/1828/2557
f 2915/1828/2563 2918/1828/2558 2898/1828/2557
f 2915/1828/2563 2887/72/2564 2918/1828/2558
f 2887/72/2564 2911/72/2559 2918/1828/2558
f 2887/72/2564 2936/72/2565 2911/72/2559
f 2936/72/2565 2939/72/2566 2911/72/2559
f 2911/72/2559 2939/72/2566 2937/72/2560
f 2939/72/2566 2963/72/2567 2937/72/2560
f 2963/72/2567 2301/72/2561 2937/72/2560
f 2905/1828/2568 2899/1828/2562 2907/1828/2556
f 2896/1828/2569 2899/1828/2562 2905/1828/2568
f 2896/1828/2569 2914/1828/2570 2899/1828/2562
f 2914/1828/2570 2915/1828/2563 2899/1828/2562
f 2914/1828/2570 2965/72/2571 2915/1828/2563
f 2965/72/2571 2887/72/2564 2915/1828/2563
f 2965/72/2571 2966/72/2572 2887/72/2564
f 2966/72/2572 2936/72/2565 2887/72/2564
f 2925/1828/2573 2896/1828/2569 2905/1828/2568
f 2925/1828/2573 2910/1828/2574 2896/1828/2569
f 2896/1828/2569 2910/1828/2574 2914/1828/2570
f 2910/1828/2574 2913/1828/2575 2914/1828/2570
f 2913/1828/2575 2940/71/2576 2914/1828/2570
f 2940/71/2576 2965/72/2571 2914/1828/2570
f 2940/71/2576 2938/72/2577 2965/72/2571
f 2938/72/2577 2966/72/2572 2965/72/2571
f 2925/1828/2573 2908/1828/2578 2910/1828/2574
f 2908/1828/2578 2933/1828/2579 2910/1828/2574
f 2910/1828/2574 2933/1828/2579 2913/1828/2575
f 2933/1828/2579 2917/1828/2580 2913/1828/2575
f 2913/1828/2575 2917/1828/2580 2940/71/2576
f 2917/1828/2580 2886/1828/2581 2940/71/2576
f 2886/1828/2581 2883/72/2582 2940/71/2576
f 2883/72/2582 2938/72/2577 2940/71/2576
f 2908/1828/2578 2925/1828/2573 2823/1829/2583
f 2919/1828/2584 2908/1828/2578 2823/1829/2583
f 2919/1828/2584 2932/1828/2585 2908/1828/2578
f 2932/1828/2585 2933/1828/2579 2908/1828/2578
f 2933/1828/2579 2932/1828/2585 2917/1828/2580
f 2932/1828/2585 2934/1828/2586 2917/1828/2580
f 2934/1828/2586 2886/1828/2581 2917/1828/2580
f 2934/1828/2586 2944/71/2587 2886/1828/2581
f 2886/1828/2581 2944/71/2587 2883/72/2582
f 2944/71/2587 2969/70/2588 2883/72/2582
f 2884/70/2589 2969/70/2588 2944/71/2587
f 2919/1828/2584 2921/1828/2590 2932/1828/2585
f 2921/1828/2590 2909/1828/2591 2932/1828/2585
f 2932/1828/2585 2909/1828/2591 2934/1828/2586
f 2909/1828/2591 2935/1828/2592 2934/1828/2586
f 2934/1828/2586 2935/1828/2592 2944/71/2587
f 2935/1828/2592 2970/70/2593 2944/71/2587
f 2970/70/2593 2884/70/2589 2944/71/2587
f 2970/70/2593 2885/70/2594 2884/70/2589
f 2885/70/2594 2912/70/2595 2884/70/2589
f 2850/1828/2596 2921/1828/2590 2919/1828/2584
f 2850/1828/2596 2845/1828/2597 2921/1828/2590
f 2845/1828/2597 2923/1828/2598 2921/1828/2590
f 2921/1828/2590 2923/1828/2598 2909/1828/2591
f 2923/1828/2598 2928/1828/2599 2909/1828/2591
f 2928/1828/2599 2897/71/2600 2909/1828/2591
f 2897/71/2600 2935/1828/2592 2909/1828/2591
f 2897/71/2600 2885/70/2594 2935/1828/2592
f 2885/70/2594 2970/70/2593 2935/1828/2592
f 2845/1828/2597 2846/1828/2601 2923/1828/2598
f 2846/1828/2601 2904/1828/2602 2923/1828/2598
f 2923/1828/2598 2904/1828/2602 2928/1828/2599
f 2904/1828/2602 2931/1828/2603 2928/1828/2599
f 2931/1828/2603 2916/70/2604 2928/1828/2599
f 2916/70/2604 2897/71/2600 2928/1828/2599
f 2916/70/2604 2941/70/2605 2897/71/2600
f 2941/70/2605 2885/70/2594 2897/71/2600
f 2885/70/2594 2941/70/2605 2912/70/2595
f 2941/70/2605 2967/70/2606 2912/70/2595
f 2941/70/2605 2942/70/2607 2967/70/2606
f 2942/70/2607 2968/70/2608 2967/70/2606
f 2846/1828/2601 2847/1828/2609 2904/1828/2602
f 2847/1828/2609 2902/1828/2610 2904/1828/2602
f 2904/1828/2602 2902/1828/2610 2931/1828/2603
f 2902/1828/2610 2930/1828/2611 2931/1828/2603
f 2930/1828/2611 2895/70/2612 2931/1828/2603
f 2895/70/2612 2916/70/2604 2931/1828/2603
f 2895/70/2612 2942/70/2607 2916/70/2604
f 2942/70/2607 2941/70/2605 2916/70/2604
f 2049/1828/2613 2902/1828/2610 2847/1828/2609
f 2049/1828/2613 2200/1828/2614 2902/1828/2610
f 2200/1828/2614 2930/1828/2611 2902/1828/2610
f 2895/70/2612 2930/1828/2611 2200/1828/2614
f 2297/70/2615 2895/70/2612 2200/1828/2614
f 2942/70/2607 2895/70/2612 2297/70/2615
f 2210/70/2616 2942/70/2607 2297/70/2615
f 2210/70/2616 2213/70/2617 2942/70/2607
f 2213/70/2617 2968/70/2608 2942/70/2607
f 2104/1828/2534 2049/1828/2613 2847/1828/2609
f 2048/1828/2533 2049/1828/2613 2104/1828/2534
f 2048/1828/2533 2197/1828/2618 2049/1828/2613
f 2197/1828/2618 2200/1828/2614 2049/1828/2613
f 2297/70/2615 2200/1828/2614 2197/1828/2618
f 2214/71/2619 2297/70/2615 2197/1828/2618
f 2210/70/2616 2297/70/2615 2214/71/2619
f 2225/70/2620 2210/70/2616 2214/71/2619
f 2225/70/2620 2259/70/2621 2210/70/2616
f 2259/70/2621 2213/70/2617 2210/70/2616
f 2119/1828/2532 2197/1828/2618 2048/1828/2533
f 2214/71/2619 2197/1828/2618 2119/1828/2532
f 2211/1828/2622 2214/71/2619 2119/1828/2532
f 2225/70/2620 2214/71/2619 2211/1828/2622
f 2299/70/2623 2225/70/2620 2211/1828/2622
f 2299/70/2623 2228/70/2624 2225/70/2620
f 2228/70/2624 2259/70/2621 2225/70/2620
f 2198/1828/2531 2211/1828/2622 2119/1828/2532
f 2198/1828/2531 2298/71/2625 2211/1828/2622
f 2298/71/2625 2299/70/2623 2211/1828/2622
f 2228/70/2624 2299/70/2623 2298/71/2625
f 2215/70/2626 2228/70/2624 2298/71/2625
f 2216/70/2550 2215/70/2626 2298/71/2625
f 2300/1828/2539 2216/70/2550 2298/71/2625
f 2300/1828/2539 2298/71/2625 2198/1828/2531
s 22
f 2533/1830/2627 2618/1830/2628 2256/1831/2629
f 2618/1830/2628 2588/1831/2630 2256/1831/2629
f 2256/1831/2629 2588/1831/2630 2261/1832/2631
f 2588/1831/2630 2584/1832/2632 2261/1832/2631
f 2261/1832/2631 2584/1832/2632 2266/1833/2633
f 2584/1832/2632 2604/1833/2634 2266/1833/2633
f 2266/1833/2633 2604/1833/2634 2302/1834/2635
f 2618/1830/2628 2533/1830/2627 2254/1831/2636
f 2605/1831/2637 2618/1830/2628 2254/1831/2636
f 2684/1830/2638 2618/1830/2628 2605/1831/2637
f 2612/1835/2639 2618/1830/2628 2684/1830/2638
f 2612/1835/2639 2594/1836/2640 2618/1830/2628
f 2594/1836/2640 2592/1830/2641 2618/1830/2628
f 2588/1831/2630 2618/1830/2628 2592/1830/2641
f 2605/1831/2637 2254/1831/2636 2257/1832/2642
f 2606/1832/2643 2605/1831/2637 2257/1832/2642
f 2650/1837/2644 2605/1831/2637 2606/1832/2643
f 2650/1837/2644 2684/1830/2638 2605/1831/2637
f 2679/1835/2645 2684/1830/2638 2650/1837/2644
f 2679/1835/2645 2612/1835/2639 2684/1830/2638
f 2614/1838/2646 2612/1835/2639 2679/1835/2645
f 2614/1838/2646 2587/1839/2647 2612/1835/2639
f 2587/1839/2647 2594/1836/2640 2612/1835/2639
f 2594/1836/2640 2587/1839/2647 2590/1840/2648
f 2592/1830/2641 2594/1836/2640 2590/1840/2648
f 2606/1832/2643 2257/1832/2642 2255/1833/2649
f 2609/1833/2650 2606/1832/2643 2255/1833/2649
f 2606/1832/2643 2609/1833/2650 2637/1832/2651
f 2637/1832/2651 2650/1837/2644 2606/1832/2643
f 2628/1841/2652 2650/1837/2644 2637/1832/2651
f 2628/1841/2652 2679/1835/2645 2650/1837/2644
f 2639/1842/2653 2679/1835/2645 2628/1841/2652
f 2639/1842/2653 2614/1838/2646 2679/1835/2645
f 2608/1843/2654 2614/1838/2646 2639/1842/2653
f 2608/1843/2654 2320/1844/2655 2614/1838/2646
f 2320/1844/2655 2587/1839/2647 2614/1838/2646
f 2609/1833/2650 2255/1833/2649 2262/1834/2656
f 2610/1834/2657 2609/1833/2650 2262/1834/2656
f 2661/1845/2658 2609/1833/2650 2610/1834/2657
f 2609/1833/2650 2661/1845/2658 2637/1832/2651
f 2626/1846/2659 2637/1832/2651 2661/1845/2658
f 2626/1846/2659 2628/1841/2652 2637/1832/2651
f 2640/1847/2660 2628/1841/2652 2626/1846/2659
f 2640/1847/2660 2639/1842/2653 2628/1841/2652
f 2639/1842/2653 2640/1847/2660 2657/1848/2661
f 2669/1849/2662 2639/1842/2653 2657/1848/2661
f 2669/1849/2662 2608/1843/2654 2639/1842/2653
f 2610/1834/2657 2262/1834/2656 2890/1850/2663
f 3097/1850/2664 2610/1834/2657 2890/1850/2663
f 2610/1834/2657 3097/1850/2664 2665/1851/2665
f 2665/1851/2665 2661/1845/2658 2610/1834/2657
f 2661/1845/2658 2665/1851/2665 2660/1852/2666
f 2660/1852/2666 2626/1846/2659 2661/1845/2658
f 2804/1853/2667 2626/1846/2659 2660/1852/2666
f 2804/1853/2667 2640/1847/2660 2626/1846/2659
f 2657/1848/2661 2640/1847/2660 2804/1853/2667
f 3093/1834/2668 3097/1850/2664 2890/1850/2663
f 3097/1850/2664 3093/1834/2668 3287/1851/2669
f 3204/1854/2670 3097/1850/2664 3287/1851/2669
f 3097/1850/2664 3204/1854/2670 2665/1851/2665
f 3204/1854/2670 3206/1855/2671 2665/1851/2665
f 3206/1855/2671 2659/1856/2672 2665/1851/2665
f 2665/1851/2665 2659/1856/2672 2660/1852/2666
f 2800/1857/2673 2660/1852/2666 2659/1856/2672
f 2800/1857/2673 2804/1853/2667 2660/1852/2666
f 2986/1834/2674 3093/1834/2668 2890/1850/2663
f 3098/1833/2675 3093/1834/2668 2986/1834/2674
f 3098/1833/2675 3205/1845/2676 3093/1834/2668
f 3205/1845/2676 3287/1851/2669 3093/1834/2668
f 3287/1851/2669 3205/1845/2676 3282/1852/2677
f 3296/1856/2678 3287/1851/2669 3282/1852/2677
f 3296/1856/2678 3206/1855/2671 3287/1851/2669
f 3206/1855/2671 3204/1854/2670 3287/1851/2669
f 2985/1833/2679 3098/1833/2675 2986/1834/2674
f 3103/1832/2680 3098/1833/2675 2985/1833/2679
f 3098/1833/2675 3103/1832/2680 3658/1832/2681
f 3205/1845/2676 3098/1833/2675 3658/1832/2681
f 3658/1832/2681 3656/1846/2682 3205/1845/2676
f 3656/1846/2682 3282/1852/2677 3205/1845/2676
f 3656/1846/2682 3203/1853/2683 3282/1852/2677
f 3203/1853/2683 3297/1857/2684 3282/1852/2677
f 3282/1852/2677 3297/1857/2684 3296/1856/2678
f 2960/1832/2685 3103/1832/2680 2985/1833/2679
f 3092/1831/2686 3103/1832/2680 2960/1832/2685
f 3092/1831/2686 3623/1837/2687 3103/1832/2680
f 3623/1837/2687 3658/1832/2681 3103/1832/2680
f 3623/1837/2687 3635/1841/2688 3658/1832/2681
f 3635/1841/2688 3656/1846/2682 3658/1832/2681
f 3635/1841/2688 3657/1847/2689 3656/1846/2682
f 3657/1847/2689 3203/1853/2683 3656/1846/2682
f 3657/1847/2689 3654/1848/2690 3203/1853/2683
f 3654/1848/2690 3202/1858/2691 3203/1853/2683
f 3203/1853/2683 3202/1858/2691 3297/1857/2684
f 2888/1831/2692 3092/1831/2686 2960/1832/2685
f 3111/1859/2693 3092/1831/2686 2888/1831/2692
f 3111/1859/2693 3216/1830/2694 3092/1831/2686
f 3216/1830/2694 3623/1837/2687 3092/1831/2686
f 3623/1837/2687 3216/1830/2694 3226/1835/2695
f 3635/1841/2688 3623/1837/2687 3226/1835/2695
f 3226/1835/2695 3634/1842/2696 3635/1841/2688
f 3634/1842/2696 3657/1847/2689 3635/1841/2688
f 3657/1847/2689 3634/1842/2696 3654/1848/2690
f 2988/1830/2697 3111/1859/2693 2888/1831/2692
f 2988/1830/2697 2964/1831/2698 3111/1859/2693
f 2964/1831/2698 3027/1831/2699 3111/1859/2693
f 3111/1859/2693 3027/1831/2699 3024/1830/2700
f 3024/1830/2700 3026/1836/2701 3111/1859/2693
f 3026/1836/2701 3102/1835/2702 3111/1859/2693
f 3111/1859/2693 3102/1835/2702 3216/1830/2694
f 3102/1835/2702 3226/1835/2695 3216/1830/2694
f 3102/1835/2702 3095/1838/2703 3226/1835/2695
f 3095/1838/2703 3634/1842/2696 3226/1835/2695
f 2964/1831/2698 2959/1832/2704 3027/1831/2699
f 2959/1832/2704 2976/1832/2705 3027/1831/2699
f 3040/1831/2706 3027/1831/2699 2976/1832/2705
f 3027/1831/2699 3040/1831/2706 3024/1830/2700
f 3024/1830/2700 3040/1831/2706 3039/1840/2707
f 3026/1836/2701 3024/1830/2700 3039/1840/2707
f 3026/1836/2701 3039/1840/2707 2882/1839/2708
f 3026/1836/2701 2882/1839/2708 3102/1835/2702
f 2882/1839/2708 3095/1838/2703 3102/1835/2702
f 2882/1839/2708 3023/1844/2709 3095/1838/2703
f 3023/1844/2709 3100/1843/2710 3095/1838/2703
f 3095/1838/2703 3100/1843/2710 3634/1842/2696
f 2959/1832/2704 2961/1833/2711 2976/1832/2705
f 2961/1833/2711 3046/1833/2712 2976/1832/2705
f 3035/1860/2713 2976/1832/2705 3046/1833/2712
f 3035/1860/2713 3040/1831/2706 2976/1832/2705
f 3040/1831/2706 3035/1860/2713 3039/1840/2707
f 3035/1860/2713 3029/1861/2714 3039/1840/2707
f 3039/1840/2707 3029/1861/2714 2881/1862/2715
f 3039/1840/2707 2881/1862/2715 2882/1839/2708
f 3023/1844/2709 2882/1839/2708 2881/1862/2715
f 2961/1833/2711 2962/1834/2716 3046/1833/2712
f 2962/1834/2716 3052/1834/2717 3046/1833/2712
f 3046/1833/2712 3052/1834/2717 3104/1863/2718
f 3089/1864/2719 3046/1833/2712 3104/1863/2718
f 3089/1864/2719 3035/1860/2713 3046/1833/2712
f 3035/1860/2713 3089/1864/2719 3029/1861/2714
f 3089/1864/2719 3094/1865/2720 3029/1861/2714
f 3029/1861/2714 3094/1865/2720 3028/1866/2721
f 3029/1861/2714 3028/1866/2721 2881/1862/2715
f 2881/1862/2715 3028/1866/2721 3034/1867/2722
f 3034/1867/2722 3023/1844/2709 2881/1862/2715
f 2962/1834/2716 2987/1850/2723 3052/1834/2717
f 2987/1850/2723 3051/1850/2724 3052/1834/2717
f 3052/1834/2717 3051/1850/2724 3096/1868/2725
f 3104/1863/2718 3052/1834/2717 3096/1868/2725
f 3096/1868/2725 3091/1869/2726 3104/1863/2718
f 3091/1869/2726 3113/1870/2727 3104/1863/2718
f 3104/1863/2718 3113/1870/2727 3094/1865/2720
f 3089/1864/2719 3104/1863/2718 3094/1865/2720
f 2598/1834/2728 3051/1850/2724 2987/1850/2723
f 3051/1850/2724 2598/1834/2728 3096/1868/2725
f 2598/1834/2728 2607/1863/2729 3096/1868/2725
f 3091/1869/2726 3096/1868/2725 2607/1863/2729
f 2603/1870/2730 3091/1869/2726 2607/1863/2729
f 3091/1869/2726 2603/1870/2730 2613/1871/2731
f 3087/1872/2732 3091/1869/2726 2613/1871/2731
f 3091/1869/2726 3087/1872/2732 3090/1871/2733
f 3113/1870/2727 3091/1869/2726 3090/1871/2733
f 2302/1834/2635 2598/1834/2728 2987/1850/2723
f 2604/1833/2634 2598/1834/2728 2302/1834/2635
f 2598/1834/2728 2604/1833/2634 2607/1863/2729
f 2604/1833/2634 2601/1864/2734 2607/1863/2729
f 2601/1864/2734 2600/1865/2735 2607/1863/2729
f 2600/1865/2735 2603/1870/2730 2607/1863/2729
f 2600/1865/2735 2611/1873/2736 2603/1870/2730
f 2611/1873/2736 2613/1871/2731 2603/1870/2730
f 2613/1871/2731 2611/1873/2736 2627/1874/2737
f 2694/1875/2738 2613/1871/2731 2627/1874/2737
f 2613/1871/2731 2694/1875/2738 3087/1872/2732
f 2601/1864/2734 2604/1833/2634 2318/1860/2739
f 2318/1860/2739 2317/1861/2740 2601/1864/2734
f 2317/1861/2740 2600/1865/2735 2601/1864/2734
f 2317/1861/2740 2589/1866/2741 2600/1865/2735
f 2589/1866/2741 2611/1873/2736 2600/1865/2735
f 2589/1866/2741 2319/1876/2742 2611/1873/2736
f 2319/1876/2742 2627/1874/2737 2611/1873/2736
f 2604/1833/2634 2584/1832/2632 2318/1860/2739
f 2318/1860/2739 2584/1832/2632 2591/1831/2743
f 2591/1831/2743 2590/1840/2648 2318/1860/2739
f 2590/1840/2648 2317/1861/2740 2318/1860/2739
f 2590/1840/2648 2586/1862/2744 2317/1861/2740
f 2586/1862/2744 2589/1866/2741 2317/1861/2740
f 2586/1862/2744 2321/1867/2745 2589/1866/2741
f 2321/1867/2745 2319/1876/2742 2589/1866/2741
f 2321/1867/2745 2595/1877/2746 2319/1876/2742
f 2595/1877/2746 2593/1878/2747 2319/1876/2742
f 2627/1874/2737 2319/1876/2742 2593/1878/2747
f 2584/1832/2632 2588/1831/2630 2591/1831/2743
f 2591/1831/2743 2588/1831/2630 2592/1830/2641
f 2591/1831/2743 2592/1830/2641 2590/1840/2648
f 2587/1839/2647 2586/1862/2744 2590/1840/2648
f 2586/1862/2744 2587/1839/2647 2320/1844/2655
f 2321/1867/2745 2586/1862/2744 2320/1844/2655
f 2321/1867/2745 2320/1844/2655 2595/1877/2746
f 2320/1844/2655 2322/1879/2748 2595/1877/2746
f 2595/1877/2746 2322/1879/2748 2327/1880/2749
f 2328/1881/2750 2595/1877/2746 2327/1880/2749
f 2595/1877/2746 2328/1881/2750 2593/1878/2747
f 2328/1881/2750 2599/1882/2751 2593/1878/2747
f 2329/1883/2752 2593/1878/2747 2599/1882/2751
f 2329/1883/2752 2627/1874/2737 2593/1878/2747
f 2627/1874/2737 2329/1883/2752 3650/1884/2753
f 2694/1875/2738 2627/1874/2737 3650/1884/2753
f 2322/1879/2748 2320/1844/2655 2608/1843/2654
f 2697/1885/2754 2322/1879/2748 2608/1843/2654
f 2625/1886/2755 2322/1879/2748 2697/1885/2754
f 2625/1886/2755 2649/1887/2756 2322/1879/2748
f 2649/1887/2756 2327/1880/2749 2322/1879/2748
f 2649/1887/2756 2693/1888/2757 2327/1880/2749
f 2693/1888/2757 2596/1889/2758 2327/1880/2749
f 2327/1880/2749 2596/1889/2758 2328/1881/2750
f 2608/1843/2654 2669/1849/2662 2697/1885/2754
f 2669/1849/2662 2863/1890/2759 2697/1885/2754
f 2697/1885/2754 2863/1890/2759 2699/1891/2760
f 2699/1891/2760 2625/1886/2755 2697/1885/2754
f 2635/1892/2761 2625/1886/2755 2699/1891/2760
f 2649/1887/2756 2625/1886/2755 2635/1892/2761
f 2630/1893/2762 2649/1887/2756 2635/1892/2761
f 2649/1887/2756 2630/1893/2762 2629/1894/2763
f 2693/1888/2757 2649/1887/2756 2629/1894/2763
f 2866/1895/2764 2863/1890/2759 2669/1849/2662
f 2863/1890/2759 2866/1895/2764 2810/1896/2765
f 2863/1890/2759 2810/1896/2765 2861/1897/2766
f 2863/1890/2759 2861/1897/2766 2699/1891/2760
f 2699/1891/2760 2861/1897/2766 2698/1898/2767
f 2698/1898/2767 2635/1892/2761 2699/1891/2760
f 2682/1899/2768 2635/1892/2761 2698/1898/2767
f 2630/1893/2762 2635/1892/2761 2682/1899/2768
f 2677/1900/2769 2630/1893/2762 2682/1899/2768
f 2629/1894/2763 2630/1893/2762 2677/1900/2769
f 2657/1848/2661 2866/1895/2764 2669/1849/2662
f 2860/1901/2770 2866/1895/2764 2657/1848/2661
f 2860/1901/2770 2867/1902/2771 2866/1895/2764
f 2867/1902/2771 2829/1903/2772 2866/1895/2764
f 2866/1895/2764 2829/1903/2772 2810/1896/2765
f 2810/1896/2765 2829/1903/2772 2831/1904/2773
f 2810/1896/2765 2831/1904/2773 2874/1905/2774
f 2853/1906/2775 2810/1896/2765 2874/1905/2774
f 2810/1896/2765 2853/1906/2775 2861/1897/2766
f 2806/1858/2776 2860/1901/2770 2657/1848/2661
f 2860/1901/2770 2806/1858/2776 2836/1907/2777
f 2860/1901/2770 2836/1907/2777 2870/1908/2778
f 2867/1902/2771 2860/1901/2770 2870/1908/2778
f 2867/1902/2771 2870/1908/2778 2837/1909/2779
f 2811/1910/2780 2867/1902/2771 2837/1909/2779
f 2867/1902/2771 2811/1910/2780 2829/1903/2772
f 2811/1910/2780 2855/1911/2781 2829/1903/2772
f 2829/1903/2772 2855/1911/2781 2831/1904/2773
f 2806/1858/2776 2657/1848/2661 2804/1853/2667
f 2806/1858/2776 2804/1853/2667 2800/1857/2673
f 2834/1912/2782 2806/1858/2776 2800/1857/2673
f 2806/1858/2776 2834/1912/2782 2836/1907/2777
f 2836/1907/2777 2834/1912/2782 2838/1913/2783
f 2836/1907/2777 2838/1913/2783 2815/1914/2784
f 2870/1908/2778 2836/1907/2777 2815/1914/2784
f 2815/1914/2784 2824/1915/2785 2870/1908/2778
f 2824/1915/2785 2837/1909/2779 2870/1908/2778
f 2800/1857/2673 2799/1916/2786 2834/1912/2782
f 2799/1916/2786 2857/1917/2787 2834/1912/2782
f 2834/1912/2782 2857/1917/2787 2820/1918/2788
f 2834/1912/2782 2820/1918/2788 2838/1913/2783
f 3592/1919/2789 2838/1913/2783 2820/1918/2788
f 2838/1913/2783 3592/1919/2789 3585/1920/2790
f 2815/1914/2784 2838/1913/2783 3585/1920/2790
f 2815/1914/2784 3585/1920/2790 2824/1915/2785
f 2800/1857/2673 2663/1921/2791 2799/1916/2786
f 2663/1921/2791 2708/1922/2792 2799/1916/2786
f 2709/1923/2793 2799/1916/2786 2708/1922/2792
f 2799/1916/2786 2709/1923/2793 2857/1917/2787
f 2709/1923/2793 2818/1924/2794 2857/1917/2787
f 2857/1917/2787 2818/1924/2794 2839/1925/2795
f 2857/1917/2787 2839/1925/2795 2820/1918/2788
f 3588/1926/2796 2820/1918/2788 2839/1925/2795
f 3588/1926/2796 3592/1919/2789 2820/1918/2788
f 2663/1921/2791 2800/1857/2673 2659/1856/2672
f 2663/1921/2791 2659/1856/2672 3201/1927/2797
f 2663/1921/2791 3201/1927/2797 3200/1928/2798
f 2708/1922/2792 2663/1921/2791 3200/1928/2798
f 2708/1922/2792 3200/1928/2798 3285/1929/2799
f 2802/1930/2800 2708/1922/2792 3285/1929/2799
f 2709/1923/2793 2708/1922/2792 2802/1930/2800
f 2818/1924/2794 2709/1923/2793 2802/1930/2800
f 2818/1924/2794 2802/1930/2800 2858/1931/2801
f 2818/1924/2794 2858/1931/2801 2839/1925/2795
f 2839/1925/2795 2858/1931/2801 3584/1932/2802
f 3584/1932/2802 3588/1926/2796 2839/1925/2795
f 2659/1856/2672 3206/1855/2671 3201/1927/2797
f 3206/1855/2671 3296/1856/2678 3201/1927/2797
f 3296/1856/2678 3284/1921/2803 3201/1927/2797
f 3201/1927/2797 3284/1921/2803 3200/1928/2798
f 3284/1921/2803 3703/1922/2804 3200/1928/2798
f 3200/1928/2798 3703/1922/2804 3285/1929/2799
f 3703/1922/2804 3613/1930/2805 3285/1929/2799
f 3616/1933/2806 3285/1929/2799 3613/1930/2805
f 3285/1929/2799 3616/1933/2806 2802/1930/2800
f 3616/1933/2806 2801/1934/2807 2802/1930/2800
f 2802/1930/2800 2801/1934/2807 2858/1931/2801
f 3297/1857/2684 3284/1921/2803 3296/1856/2678
f 3284/1921/2803 3297/1857/2684 3283/1916/2808
f 3703/1922/2804 3284/1921/2803 3283/1916/2808
f 3703/1922/2804 3283/1916/2808 3286/1923/2809
f 3703/1922/2804 3286/1923/2809 3613/1930/2805
f 3286/1923/2809 3563/1924/2810 3613/1930/2805
f 3613/1930/2805 3563/1924/2810 3810/1931/2811
f 3614/1934/2812 3613/1930/2805 3810/1931/2811
f 3614/1934/2812 3616/1933/2806 3613/1930/2805
f 3283/1916/2808 3297/1857/2684 3565/1912/2813
f 3581/1917/2814 3283/1916/2808 3565/1912/2813
f 3286/1923/2809 3283/1916/2808 3581/1917/2814
f 3563/1924/2810 3286/1923/2809 3581/1917/2814
f 3563/1924/2810 3581/1917/2814 3587/1925/2815
f 3810/1931/2811 3563/1924/2810 3587/1925/2815
f 3810/1931/2811 3587/1925/2815 3584/1932/2802
f 3811/1935/2816 3810/1931/2811 3584/1932/2802
f 3810/1931/2811 3811/1935/2816 3616/1933/2806
f 3614/1934/2812 3810/1931/2811 3616/1933/2806
f 3202/1858/2691 3565/1912/2813 3297/1857/2684
f 3565/1912/2813 3202/1858/2691 3564/1907/2817
f 3565/1912/2813 3564/1907/2817 3582/1913/2818
f 3566/1918/2819 3565/1912/2813 3582/1913/2818
f 3581/1917/2814 3565/1912/2813 3566/1918/2819
f 3587/1925/2815 3581/1917/2814 3566/1918/2819
f 3566/1918/2819 3588/1926/2796 3587/1925/2815
f 3588/1926/2796 3584/1932/2802 3587/1925/2815
f 3202/1858/2691 3547/1901/2820 3564/1907/2817
f 3564/1907/2817 3547/1901/2820 3827/1908/2821
f 3564/1907/2817 3827/1908/2821 3583/1914/2822
f 3582/1913/2818 3564/1907/2817 3583/1914/2822
f 3582/1913/2818 3583/1914/2822 3585/1920/2790
f 3592/1919/2789 3582/1913/2818 3585/1920/2790
f 3582/1913/2818 3592/1919/2789 3566/1918/2819
f 3592/1919/2789 3588/1926/2796 3566/1918/2819
f 3547/1901/2820 3202/1858/2691 3654/1848/2690
f 3543/1895/2823 3547/1901/2820 3654/1848/2690
f 3807/1902/2824 3547/1901/2820 3543/1895/2823
f 3547/1901/2820 3807/1902/2824 3827/1908/2821
f 3827/1908/2821 3807/1902/2824 3605/1909/2825
f 3605/1909/2825 3591/1915/2826 3827/1908/2821
f 3591/1915/2826 3583/1914/2822 3827/1908/2821
f 3585/1920/2790 3583/1914/2822 3591/1915/2826
f 3629/1936/2827 3585/1920/2790 3591/1915/2826
f 3585/1920/2790 3629/1936/2827 2824/1915/2785
f 3543/1895/2823 3654/1848/2690 3633/1849/2828
f 3812/1890/2829 3543/1895/2823 3633/1849/2828
f 3812/1890/2829 3836/1896/2830 3543/1895/2823
f 3836/1896/2830 3826/1903/2831 3543/1895/2823
f 3826/1903/2831 3807/1902/2824 3543/1895/2823
f 3828/1910/2832 3807/1902/2824 3826/1903/2831
f 3807/1902/2824 3828/1910/2832 3605/1909/2825
f 3634/1842/2696 3633/1849/2828 3654/1848/2690
f 3100/1843/2710 3633/1849/2828 3634/1842/2696
f 3633/1849/2828 3100/1843/2710 3182/1885/2833
f 3812/1890/2829 3633/1849/2828 3182/1885/2833
f 3182/1885/2833 3124/1891/2834 3812/1890/2829
f 3124/1891/2834 3813/1897/2835 3812/1890/2829
f 3836/1896/2830 3812/1890/2829 3813/1897/2835
f 3825/1906/2836 3836/1896/2830 3813/1897/2835
f 3836/1896/2830 3825/1906/2836 3805/1905/2837
f 3835/1904/2838 3836/1896/2830 3805/1905/2837
f 3826/1903/2831 3836/1896/2830 3835/1904/2838
f 3030/1879/2839 3182/1885/2833 3100/1843/2710
f 3030/1879/2839 3636/1886/2840 3182/1885/2833
f 3636/1886/2840 3124/1891/2834 3182/1885/2833
f 3636/1886/2840 3652/1892/2841 3124/1891/2834
f 3652/1892/2841 3117/1898/2842 3124/1891/2834
f 3813/1897/2835 3124/1891/2834 3117/1898/2842
f 3800/1937/2843 3813/1897/2835 3117/1898/2842
f 3813/1897/2835 3800/1937/2843 3804/1938/2844
f 3825/1906/2836 3813/1897/2835 3804/1938/2844
f 3023/1844/2709 3030/1879/2839 3100/1843/2710
f 3030/1879/2839 3023/1844/2709 3037/1877/2845
f 3041/1880/2846 3030/1879/2839 3037/1877/2845
f 3030/1879/2839 3041/1880/2846 3628/1887/2847
f 3636/1886/2840 3030/1879/2839 3628/1887/2847
f 3636/1886/2840 3628/1887/2847 3652/1892/2841
f 3628/1887/2847 3626/1893/2848 3652/1892/2841
f 3652/1892/2841 3626/1893/2848 3641/1899/2849
f 3652/1892/2841 3641/1899/2849 3117/1898/2842
f 3641/1899/2849 3803/1939/2850 3117/1898/2842
f 3117/1898/2842 3803/1939/2850 3800/1937/2843
f 3023/1844/2709 3034/1867/2722 3037/1877/2845
f 3034/1867/2722 3025/1876/2851 3037/1877/2845
f 3025/1876/2851 3036/1878/2852 3037/1877/2845
f 3037/1877/2845 3036/1878/2852 3044/1881/2853
f 3044/1881/2853 3041/1880/2846 3037/1877/2845
f 3047/1889/2854 3041/1880/2846 3044/1881/2853
f 3047/1889/2854 3645/1888/2855 3041/1880/2846
f 3645/1888/2855 3628/1887/2847 3041/1880/2846
f 3628/1887/2847 3645/1888/2855 3640/1894/2856
f 3626/1893/2848 3628/1887/2847 3640/1894/2856
f 3028/1866/2721 3025/1876/2851 3034/1867/2722
f 3025/1876/2851 3028/1866/2721 3088/1873/2857
f 3642/1874/2858 3025/1876/2851 3088/1873/2857
f 3025/1876/2851 3642/1874/2858 3036/1878/2852
f 3642/1874/2858 3048/1883/2859 3036/1878/2852
f 3050/1882/2860 3036/1878/2852 3048/1883/2859
f 3036/1878/2852 3050/1882/2860 3044/1881/2853
f 3050/1882/2860 3043/1940/2861 3044/1881/2853
f 3043/1940/2861 3032/1941/2862 3044/1881/2853
f 3032/1941/2862 3047/1889/2854 3044/1881/2853
f 3094/1865/2720 3088/1873/2857 3028/1866/2721
f 3094/1865/2720 3113/1870/2727 3088/1873/2857
f 3113/1870/2727 3090/1871/2733 3088/1873/2857
f 3088/1873/2857 3090/1871/2733 3642/1874/2858
f 3090/1871/2733 3651/1875/2863 3642/1874/2858
f 3642/1874/2858 3651/1875/2863 3650/1884/2753
f 3048/1883/2859 3642/1874/2858 3650/1884/2753
f 2958/1942/2864 3048/1883/2859 3650/1884/2753
f 2958/1942/2864 3639/1943/2865 3048/1883/2859
f 3639/1943/2865 3627/1944/2866 3048/1883/2859
f 3627/1944/2866 3050/1882/2860 3048/1883/2859
f 3627/1944/2866 3624/1945/2867 3050/1882/2860
f 3624/1945/2867 3043/1940/2861 3050/1882/2860
f 3651/1875/2863 3090/1871/2733 3087/1872/2732
f 3625/1946/2868 3651/1875/2863 3087/1872/2732
f 3651/1875/2863 3625/1946/2868 3650/1884/2753
f 3625/1946/2868 2694/1875/2738 3650/1884/2753
f 2694/1875/2738 3625/1946/2868 3087/1872/2732
f 2329/1883/2752 2958/1942/2864 3650/1884/2753
f 3639/1943/2865 2958/1942/2864 2329/1883/2752
f 2633/1944/2869 3639/1943/2865 2329/1883/2752
f 3639/1943/2865 2633/1944/2869 3637/1947/2870
f 3627/1944/2866 3639/1943/2865 3637/1947/2870
f 3624/1945/2867 3627/1944/2866 3637/1947/2870
f 3637/1947/2870 2929/1948/2871 3624/1945/2867
f 2929/1948/2871 3038/1949/2872 3624/1945/2867
f 3624/1945/2867 3038/1949/2872 3043/1940/2861
f 3038/1949/2872 3042/1950/2873 3043/1940/2861
f 3043/1940/2861 3042/1950/2873 3032/1941/2862
f 2633/1944/2869 2329/1883/2752 2599/1882/2751
f 2695/1945/2874 2633/1944/2869 2599/1882/2751
f 2633/1944/2869 2695/1945/2874 3637/1947/2870
f 2929/1948/2871 3637/1947/2870 2695/1945/2874
f 2324/1949/2875 2929/1948/2871 2695/1945/2874
f 2324/1949/2875 2323/1950/2876 2929/1948/2871
f 2323/1950/2876 2879/1951/2877 2929/1948/2871
f 2879/1951/2877 3042/1950/2873 2929/1948/2871
f 3042/1950/2873 3038/1949/2872 2929/1948/2871
f 2602/1940/2878 2695/1945/2874 2599/1882/2751
f 2324/1949/2875 2695/1945/2874 2602/1940/2878
f 2323/1950/2876 2324/1949/2875 2602/1940/2878
f 2323/1950/2876 2602/1940/2878 2597/1941/2879
f 2326/1952/2880 2323/1950/2876 2597/1941/2879
f 2323/1950/2876 2326/1952/2880 2879/1951/2877
f 2326/1952/2880 3033/1953/2881 2879/1951/2877
f 3033/1953/2881 3045/1952/2882 2879/1951/2877
f 3045/1952/2882 3042/1950/2873 2879/1951/2877
f 3042/1950/2873 3045/1952/2882 3032/1941/2862
f 3032/1941/2862 3045/1952/2882 3047/1889/2854
f 2602/1940/2878 2599/1882/2751 2328/1881/2750
f 2597/1941/2879 2602/1940/2878 2328/1881/2750
f 2596/1889/2758 2597/1941/2879 2328/1881/2750
f 2597/1941/2879 2596/1889/2758 2326/1952/2880
f 2596/1889/2758 2325/1954/2883 2326/1952/2880
f 2325/1954/2883 3049/1955/2884 2326/1952/2880
f 3049/1955/2884 3033/1953/2881 2326/1952/2880
f 3033/1953/2881 3049/1955/2884 3045/1952/2882
f 3049/1955/2884 3031/1954/2885 3045/1952/2882
f 3045/1952/2882 3031/1954/2885 3047/1889/2854
f 3047/1889/2854 3031/1954/2885 3237/1956/2886
f 3645/1888/2855 3047/1889/2854 3237/1956/2886
f 3237/1956/2886 3239/1957/2887 3645/1888/2855
f 3239/1957/2887 3640/1894/2856 3645/1888/2855
f 2325/1954/2883 2596/1889/2758 2674/1956/2888
f 2325/1954/2883 2674/1956/2888 3223/1958/2889
f 3049/1955/2884 2325/1954/2883 3223/1958/2889
f 3031/1954/2885 3049/1955/2884 3223/1958/2889
f 3237/1956/2886 3031/1954/2885 3223/1958/2889
f 3225/1959/2890 3237/1956/2886 3223/1958/2889
f 3225/1959/2890 3215/1960/2891 3237/1956/2886
f 3215/1960/2891 3239/1957/2887 3237/1956/2886
f 3215/1960/2891 3224/1961/2892 3239/1957/2887
f 3224/1961/2892 3238/1962/2893 3239/1957/2887
f 3640/1894/2856 3239/1957/2887 3238/1962/2893
f 2596/1889/2758 2693/1888/2757 2674/1956/2888
f 2673/1957/2894 2674/1956/2888 2693/1888/2757
f 2673/1957/2894 2651/1960/2895 2674/1956/2888
f 2651/1960/2895 2652/1959/2896 2674/1956/2888
f 2674/1956/2888 2652/1959/2896 3223/1958/2889
f 2652/1959/2896 3222/1963/2897 3223/1958/2889
f 3222/1963/2897 3225/1959/2890 3223/1958/2889
f 3228/1964/2898 3225/1959/2890 3222/1963/2897
f 3225/1959/2890 3228/1964/2898 3215/1960/2891
f 2629/1894/2763 2673/1957/2894 2693/1888/2757
f 2673/1957/2894 2629/1894/2763 2689/1962/2899
f 2689/1962/2899 2676/1961/2900 2673/1957/2894
f 2676/1961/2900 2651/1960/2895 2673/1957/2894
f 2651/1960/2895 2676/1961/2900 2687/1965/2901
f 2680/1966/2902 2651/1960/2895 2687/1965/2901
f 2680/1966/2902 2690/1964/2903 2651/1960/2895
f 2690/1964/2903 2652/1959/2896 2651/1960/2895
f 2652/1959/2896 2690/1964/2903 3222/1963/2897
f 2690/1964/2903 3231/1967/2904 3222/1963/2897
f 3231/1967/2904 3228/1964/2898 3222/1963/2897
f 2629/1894/2763 2648/1968/2905 2689/1962/2899
f 2648/1968/2905 2629/1894/2763 2677/1900/2769
f 2689/1962/2899 2671/1969/2906 2676/1961/2900
f 2671/1969/2906 2687/1965/2901 2676/1961/2900
f 2671/1969/2906 2696/1970/2907 2687/1965/2901
f 2696/1970/2907 2672/1971/2908 2687/1965/2901
f 2672/1971/2908 2678/1972/2909 2687/1965/2901
f 2678/1972/2909 2680/1966/2902 2687/1965/2901
f 2616/1973/2910 2680/1966/2902 2678/1972/2909
f 2616/1973/2910 2686/1974/2911 2680/1966/2902
f 2686/1974/2911 2690/1964/2903 2680/1966/2902
f 3231/1967/2904 2690/1964/2903 2686/1974/2911
f 3109/1975/2912 3231/1967/2904 2686/1974/2911
f 3231/1967/2904 3109/1975/2912 3116/1974/2913
f 3228/1964/2898 3231/1967/2904 3116/1974/2913
f 2696/1970/2907 2688/1976/2914 2672/1971/2908
f 2688/1976/2914 2685/1977/2915 2672/1971/2908
f 2678/1972/2909 2672/1971/2908 2685/1977/2915
f 2681/1978/2916 2678/1972/2909 2685/1977/2915
f 2678/1972/2909 2681/1978/2916 2615/1979/2917
f 2617/1980/2918 2678/1972/2909 2615/1979/2917
f 2617/1980/2918 2616/1973/2910 2678/1972/2909
f 3112/1981/2919 2616/1973/2910 2617/1980/2918
f 2686/1974/2911 2616/1973/2910 3112/1981/2919
f 3109/1975/2912 2686/1974/2911 3112/1981/2919
f 3116/1974/2913 3109/1975/2912 3112/1981/2919
f 2688/1976/2914 3227/1982/2920 2685/1977/2915
f 3227/1982/2920 3212/1983/2921 2685/1977/2915
f 2681/1978/2916 2685/1977/2915 3212/1983/2921
f 3106/1984/2922 2681/1978/2916 3212/1983/2921
f 2615/1979/2917 2681/1978/2916 3106/1984/2922
f 3105/1985/2923 2615/1979/2917 3106/1984/2922
f 2615/1979/2917 3105/1985/2923 3114/1986/2924
f 2617/1980/2918 2615/1979/2917 3114/1986/2924
f 3114/1986/2924 3112/1981/2919 2617/1980/2918
f 3112/1981/2919 3114/1986/2924 3101/1980/2925
f 3099/1973/2926 3112/1981/2919 3101/1980/2925
f 3099/1973/2926 3116/1974/2913 3112/1981/2919
f 3212/1983/2921 3227/1982/2920 3217/1977/2927
f 3217/1977/2927 3110/1978/2928 3212/1983/2921
f 3110/1978/2928 3106/1984/2922 3212/1983/2921
f 3110/1978/2928 3108/1979/2929 3106/1984/2922
f 3108/1979/2929 3105/1985/2923 3106/1984/2922
f 3105/1985/2923 3108/1979/2929 3114/1986/2924
f 3108/1979/2929 3101/1980/2925 3114/1986/2924
f 3107/1972/2930 3101/1980/2925 3108/1979/2929
f 3099/1973/2926 3101/1980/2925 3107/1972/2930
f 3115/1966/2931 3099/1973/2926 3107/1972/2930
f 3116/1974/2913 3099/1973/2926 3115/1966/2931
f 3228/1964/2898 3116/1974/2913 3115/1966/2931
f 3228/1964/2898 3115/1966/2931 3215/1960/2891
f 3227/1982/2920 3213/1976/2932 3217/1977/2927
f 3217/1977/2927 3213/1976/2932 3214/1971/2933
f 3214/1971/2933 3107/1972/2930 3217/1977/2927
f 3107/1972/2930 3110/1978/2928 3217/1977/2927
f 3110/1978/2928 3107/1972/2930 3108/1979/2929
f 3213/1976/2932 3229/1970/2934 3214/1971/2933
f 3214/1971/2933 3229/1970/2934 3230/1965/2935
f 3107/1972/2930 3214/1971/2933 3230/1965/2935
f 3115/1966/2931 3107/1972/2930 3230/1965/2935
f 3215/1960/2891 3115/1966/2931 3230/1965/2935
f 3224/1961/2892 3215/1960/2891 3230/1965/2935
f 3230/1965/2935 3234/1969/2936 3224/1961/2892
f 3234/1969/2936 3238/1962/2893 3224/1961/2892
f 3229/1970/2934 3234/1969/2936 3230/1965/2935
f 3254/1968/2937 3640/1894/2856 3238/1962/2893
f 3640/1894/2856 3254/1968/2937 3638/1900/2938
f 3626/1893/2848 3640/1894/2856 3638/1900/2938
f 3626/1893/2848 3638/1900/2938 3641/1899/2849
f 3803/1939/2850 3641/1899/2849 3638/1900/2938
f 3123/1987/2939 3803/1939/2850 3638/1900/2938
f 3803/1939/2850 3123/1987/2939 3546/1988/2940
f 3559/1989/2941 3803/1939/2850 3546/1988/2940
f 3803/1939/2850 3559/1989/2941 3800/1937/2843
f 3800/1937/2843 3559/1989/2941 3822/1990/2942
f 3804/1938/2844 3800/1937/2843 3822/1990/2942
f 3123/1987/2939 3638/1900/2938 3252/1991/2943
f 3208/1992/2944 3123/1987/2939 3252/1991/2943
f 3123/1987/2939 3208/1992/2944 3546/1988/2940
f 3208/1992/2944 3435/1993/2945 3546/1988/2940
f 3435/1993/2945 3168/1994/2946 3546/1988/2940
f 3168/1994/2946 3548/1995/2947 3546/1988/2940
f 3559/1989/2941 3546/1988/2940 3548/1995/2947
f 3816/1996/2948 3559/1989/2941 3548/1995/2947
f 3822/1990/2942 3559/1989/2941 3816/1996/2948
f 3208/1992/2944 3252/1991/2943 3210/1997/2949
f 3208/1992/2944 3210/1997/2949 3435/1993/2945
f 3210/1997/2949 3436/1998/2950 3435/1993/2945
f 3435/1993/2945 3436/1998/2950 3168/1994/2946
f 3436/1998/2950 3171/1999/2951 3168/1994/2946
f 3691/2000/2952 3171/1999/2951 3436/1998/2950
f 3691/2000/2952 3690/2001/2953 3171/1999/2951
f 3690/2001/2953 3615/2002/194 3171/1999/2951
f 3154/2003/206 3615/2002/194 3690/2001/2953
f 3252/1991/2943 3255/2004/2954 3210/1997/2949
f 3255/2004/2954 3253/2005/2955 3210/1997/2949
f 3253/2005/2955 3288/2006/2956 3210/1997/2949
f 3210/1997/2949 3288/2006/2956 3436/1998/2950
f 3288/2006/2956 3701/2007/2957 3436/1998/2950
f 3701/2007/2957 3691/2000/2952 3436/1998/2950
f 3691/2000/2952 3701/2007/2957 3663/2008/2958
f 3668/2009/2959 3691/2000/2952 3663/2008/2958
f 3668/2009/2959 3666/2010/2960 3691/2000/2952
f 3666/2010/2960 3690/2001/2953 3691/2000/2952
f 3662/2011/2961 3288/2006/2956 3253/2005/2955
f 3288/2006/2956 3662/2011/2961 3701/2007/2957
f 3662/2011/2961 3663/2008/2958 3701/2007/2957
f 3243/2012/2962 3663/2008/2958 3662/2011/2961
f 3668/2009/2959 3663/2008/2958 3243/2012/2962
f 3248/2013/2963 3668/2009/2959 3243/2012/2962
f 3666/2010/2960 3668/2009/2959 3248/2013/2963
f 3249/2014/2964 3666/2010/2960 3248/2013/2963
f 3665/2015/2965 3666/2010/2960 3249/2014/2964
f 3666/2010/2960 3665/2015/2965 3690/2001/2953
f 3246/2016/2966 3662/2011/2961 3253/2005/2955
f 3241/2017/2967 3662/2011/2961 3246/2016/2966
f 3241/2017/2967 3243/2012/2962 3662/2011/2961
f 3240/2018/2968 3243/2012/2962 3241/2017/2967
f 3248/2013/2963 3243/2012/2962 3240/2018/2968
f 3244/2019/2969 3248/2013/2963 3240/2018/2968
f 3249/2014/2964 3248/2013/2963 3244/2019/2969
f 3250/2020/2970 3249/2014/2964 3244/2019/2969
f 3661/2021/2971 3249/2014/2964 3250/2020/2970
f 3661/2021/2971 3665/2015/2965 3249/2014/2964
f 3251/2022/2972 3241/2017/2967 3246/2016/2966
f 3242/2023/2973 3241/2017/2967 3251/2022/2972
f 3242/2023/2973 3240/2018/2968 3241/2017/2967
f 3240/2018/2968 3242/2023/2973 2653/2017/2974
f 2654/2012/2975 3240/2018/2968 2653/2017/2974
f 2654/2012/2975 2683/2013/2976 3240/2018/2968
f 2683/2013/2976 3244/2019/2969 3240/2018/2968
f 2683/2013/2976 2692/2014/2977 3244/2019/2969
f 2692/2014/2977 3250/2020/2970 3244/2019/2969
f 3245/2024/2978 3242/2023/2973 3251/2022/2972
f 3242/2023/2973 3245/2024/2978 2675/2022/2979
f 2653/2017/2974 3242/2023/2973 2675/2022/2979
f 2653/2017/2974 2675/2022/2979 2691/2016/2980
f 2658/2011/2981 2653/2017/2974 2691/2016/2980
f 2654/2012/2975 2653/2017/2974 2658/2011/2981
f 2670/2008/2982 2654/2012/2975 2658/2011/2981
f 2670/2008/2982 2646/2009/2983 2654/2012/2975
f 2646/2009/2983 2683/2013/2976 2654/2012/2975
f 2646/2009/2983 2641/2010/2984 2683/2013/2976
f 2641/2010/2984 2692/2014/2977 2683/2013/2976
f 2641/2010/2984 2667/2015/2985 2692/2014/2977
f 2667/2015/2985 2636/2021/2986 2692/2014/2977
f 2692/2014/2977 2636/2021/2986 3250/2020/2970
f 2658/2011/2981 2691/2016/2980 2632/2005/2987
f 2644/2006/2988 2658/2011/2981 2632/2005/2987
f 2658/2011/2981 2644/2006/2988 2701/2007/2989
f 2670/2008/2982 2658/2011/2981 2701/2007/2989
f 2701/2007/2989 2803/2000/2990 2670/2008/2982
f 2803/2000/2990 2646/2009/2983 2670/2008/2982
f 2641/2010/2984 2646/2009/2983 2803/2000/2990
f 2706/2001/2991 2641/2010/2984 2803/2000/2990
f 2667/2015/2985 2641/2010/2984 2706/2001/2991
f 2656/2025/2992 2667/2015/2985 2706/2001/2991
f 2667/2015/2985 2656/2025/2992 2638/2026/2993
f 2636/2021/2986 2667/2015/2985 2638/2026/2993
f 2644/2006/2988 2632/2005/2987 2643/1997/2994
f 2644/2006/2988 2643/1997/2994 2778/1998/2995
f 2701/2007/2989 2644/2006/2988 2778/1998/2995
f 2701/2007/2989 2778/1998/2995 2803/2000/2990
f 2778/1998/2995 2726/1999/2996 2803/2000/2990
f 2803/2000/2990 2726/1999/2996 2706/2001/2991
f 2726/1999/2996 2705/2002/155 2706/2001/2991
f 2705/2002/155 2741/2003/158 2706/2001/2991
f 2741/2003/158 2744/2027/2997 2706/2001/2991
f 2706/2001/2991 2744/2027/2997 2656/2025/2992
f 2632/2005/2987 2631/2004/2998 2643/1997/2994
f 2631/2004/2998 2647/1991/2999 2643/1997/2994
f 2647/1991/2999 2645/1992/3000 2643/1997/2994
f 2643/1997/2994 2645/1992/3000 2774/1993/3001
f 2778/1998/2995 2643/1997/2994 2774/1993/3001
f 2778/1998/2995 2774/1993/3001 2776/1994/151
f 2726/1999/2996 2778/1998/2995 2776/1994/151
f 2792/1987/3002 2645/1992/3000 2647/1991/2999
f 2645/1992/3000 2792/1987/3002 2793/1988/3003
f 2774/1993/3001 2645/1992/3000 2793/1988/3003
f 2776/1994/151 2774/1993/3001 2793/1988/3003
f 2856/1995/3004 2776/1994/151 2793/1988/3003
f 2793/1988/3003 2852/1989/3005 2856/1995/3004
f 2852/1989/3005 2819/1996/3006 2856/1995/3004
f 2743/2028/3007 2856/1995/3004 2819/1996/3006
f 2677/1900/2769 2792/1987/3002 2647/1991/2999
f 2700/1939/3008 2792/1987/3002 2677/1900/2769
f 2792/1987/3002 2700/1939/3008 2793/1988/3003
f 2700/1939/3008 2852/1989/3005 2793/1988/3003
f 2852/1989/3005 2700/1939/3008 2851/1937/3009
f 2852/1989/3005 2851/1937/3009 2865/1990/3010
f 2852/1989/3005 2865/1990/3010 2819/1996/3006
f 2865/1990/3010 2822/2029/3011 2819/1996/3006
f 2819/1996/3006 2822/2029/3011 2859/2030/3012
f 2859/2030/3012 2743/2028/3007 2819/1996/3006
f 2743/2028/3007 2859/2030/3012 2869/2031/3013
f 2746/2032/3014 2743/2028/3007 2869/2031/3013
f 2682/1899/2768 2700/1939/3008 2677/1900/2769
f 2700/1939/3008 2682/1899/2768 2698/1898/2767
f 2700/1939/3008 2698/1898/2767 2851/1937/3009
f 2861/1897/2766 2851/1937/3009 2698/1898/2767
f 2851/1937/3009 2861/1897/2766 2807/1938/3015
f 2851/1937/3009 2807/1938/3015 2865/1990/3010
f 2865/1990/3010 2807/1938/3015 2864/2033/3016
f 2865/1990/3010 2864/2033/3016 2822/2029/3011
f 2864/2033/3016 2821/2034/3017 2822/2029/3011
f 2822/2029/3011 2821/2034/3017 2877/2035/3018
f 2822/2029/3011 2877/2035/3018 2859/2030/3012
f 2859/2030/3012 2877/2035/3018 2840/2036/3019
f 2859/2030/3012 2840/2036/3019 2869/2031/3013
f 2861/1897/2766 2853/1906/2775 2807/1938/3015
f 2807/1938/3015 2853/1906/2775 2809/2037/3020
f 2807/1938/3015 2809/2037/3020 2864/2033/3016
f 2864/2033/3016 2809/2037/3020 2876/2038/3021
f 2864/2033/3016 2876/2038/3021 2821/2034/3017
f 2876/2038/3021 2854/2039/3022 2821/2034/3017
f 2821/2034/3017 2854/2039/3022 2871/2040/3023
f 2821/2034/3017 2871/2040/3023 2877/2035/3018
f 2877/2035/3018 2871/2040/3023 2878/2041/3024
f 2877/2035/3018 2878/2041/3024 2840/2036/3019
f 2853/1906/2775 2874/1905/2774 2809/2037/3020
f 2809/2037/3020 2874/1905/2774 2832/2042/3025
f 2809/2037/3020 2832/2042/3025 2876/2038/3021
f 2579/2043/3026 2876/2038/3021 2832/2042/3025
f 2876/2038/3021 2579/2043/3026 2854/2039/3022
f 2579/2043/3026 2305/2044/3027 2854/2039/3022
f 2854/2039/3022 2305/2044/3027 2872/2045/3028
f 2854/2039/3022 2872/2045/3028 2871/2040/3023
f 2871/2040/3023 2872/2045/3028 2814/2046/3029
f 2871/2040/3023 2814/2046/3029 2878/2041/3024
f 2874/1905/2774 2875/2047/3030 2832/2042/3025
f 2314/2048/3031 2832/2042/3025 2875/2047/3030
f 2314/2048/3031 2579/2043/3026 2832/2042/3025
f 2314/2048/3031 2264/2049/3032 2579/2043/3026
f 2264/2049/3032 2539/2050/3033 2579/2043/3026
f 2539/2050/3033 2543/2051/3034 2579/2043/3026
f 2543/2051/3034 2305/2044/3027 2579/2043/3026
f 2874/1905/2774 2831/1904/2773 2875/2047/3030
f 2831/1904/2773 2808/2052/3035 2875/2047/3030
f 2311/2053/3036 2875/2047/3030 2808/2052/3035
f 2311/2053/3036 2314/2048/3031 2875/2047/3030
f 2314/2048/3031 2311/2053/3036 2268/2054/3037
f 2264/2049/3032 2314/2048/3031 2268/2054/3037
f 2268/2054/3037 2575/2055/3038 2264/2049/3032
f 2575/2055/3038 2263/2056/3039 2264/2049/3032
f 2263/2056/3039 2538/2057/3040 2264/2049/3032
f 2538/2057/3040 2539/2050/3033 2264/2049/3032
f 2831/1904/2773 2855/1911/2781 2808/2052/3035
f 2855/1911/2781 2873/2058/3041 2808/2052/3035
f 2308/2059/3042 2808/2052/3035 2873/2058/3041
f 2308/2059/3042 2311/2053/3036 2808/2052/3035
f 2268/2054/3037 2311/2053/3036 2308/2059/3042
f 2547/2060/3043 2268/2054/3037 2308/2059/3042
f 2547/2060/3043 2576/2061/3044 2268/2054/3037
f 2576/2061/3044 2575/2055/3038 2268/2054/3037
f 2575/2055/3038 2576/2061/3044 2267/2062/3045
f 2263/2056/3039 2575/2055/3038 2267/2062/3045
f 2538/2057/3040 2263/2056/3039 2267/2062/3045
f 2303/2063/3046 2538/2057/3040 2267/2062/3045
f 2538/2057/3040 2303/2063/3046 2539/2050/3033
f 2812/2064/3047 2873/2058/3041 2855/1911/2781
f 2812/2064/3047 2578/2065/3048 2873/2058/3041
f 2578/2065/3048 2307/2066/3049 2873/2058/3041
f 2307/2066/3049 2308/2059/3042 2873/2058/3041
f 2308/2059/3042 2307/2066/3049 2548/2067/3050
f 2547/2060/3043 2308/2059/3042 2548/2067/3050
f 2548/2067/3050 2544/2068/3051 2547/2060/3043
f 2544/2068/3051 2576/2061/3044 2547/2060/3043
f 2576/2061/3044 2544/2068/3051 2267/2062/3045
f 2811/1910/2780 2812/2064/3047 2855/1911/2781
f 2830/2069/3052 2812/2064/3047 2811/1910/2780
f 2830/2069/3052 2580/2070/3053 2812/2064/3047
f 2580/2070/3053 2578/2065/3048 2812/2064/3047
f 2578/2065/3048 2580/2070/3053 2577/2071/3054
f 2545/2072/3055 2578/2065/3048 2577/2071/3054
f 2578/2065/3048 2545/2072/3055 2307/2066/3049
f 2545/2072/3055 2548/2067/3050 2307/2066/3049
f 2545/2072/3055 2269/2073/3056 2548/2067/3050
f 2269/2073/3056 2544/2068/3051 2548/2067/3050
f 2544/2068/3051 2269/2073/3056 2267/2062/3045
f 2837/1909/2779 2830/2069/3052 2811/1910/2780
f 2813/2074/3057 2830/2069/3052 2837/1909/2779
f 2813/2074/3057 2583/2075/3058 2830/2069/3052
f 2583/2075/3058 2580/2070/3053 2830/2069/3052
f 2580/2070/3053 2583/2075/3058 2315/2076/3059
f 2577/2071/3054 2580/2070/3053 2315/2076/3059
f 2315/2076/3059 2313/2077/3060 2577/2071/3054
f 2313/2077/3060 2549/2078/3061 2577/2071/3054
f 2577/2071/3054 2549/2078/3061 2545/2072/3055
f 2549/2078/3061 2269/2073/3056 2545/2072/3055
f 2269/2073/3056 2549/2078/3061 2267/2062/3045
f 2827/2079/3062 2813/2074/3057 2837/1909/2779
f 2817/2080/3063 2813/2074/3057 2827/2079/3062
f 2817/2080/3063 2585/2081/3064 2813/2074/3057
f 2585/2081/3064 2583/2075/3058 2813/2074/3057
f 2583/2075/3058 2585/2081/3064 2309/2082/3065
f 2315/2076/3059 2583/2075/3058 2309/2082/3065
f 2309/2082/3065 2306/2083/3066 2315/2076/3059
f 2306/2083/3066 2313/2077/3060 2315/2076/3059
f 2313/2077/3060 2306/2083/3066 2267/2062/3045
f 2549/2078/3061 2313/2077/3060 2267/2062/3045
f 2837/1909/2779 2824/1915/2785 2827/2079/3062
f 2824/1915/2785 2826/2084/3067 2827/2079/3062
f 2849/2085/3068 2827/2079/3062 2826/2084/3067
f 2849/2085/3068 2817/2080/3063 2827/2079/3062
f 2835/2086/3069 2817/2080/3063 2849/2085/3068
f 2835/2086/3069 2582/2087/3070 2817/2080/3063
f 2582/2087/3070 2585/2081/3064 2817/2080/3063
f 2585/2081/3064 2582/2087/3070 2312/2088/3071
f 2309/2082/3065 2585/2081/3064 2312/2088/3071
f 2312/2088/3071 2310/2089/3072 2309/2082/3065
f 2310/2089/3072 2306/2083/3066 2309/2082/3065
f 2306/2083/3066 2310/2089/3072 2267/2062/3045
f 2826/2084/3067 2824/1915/2785 3593/2090/3073
f 2826/2084/3067 3593/2090/3073 2844/2091/3074
f 2833/2092/3075 2826/2084/3067 2844/2091/3074
f 2833/2092/3075 2849/2085/3068 2826/2084/3067
f 2814/2046/3029 2849/2085/3068 2833/2092/3075
f 2814/2046/3029 2835/2086/3069 2849/2085/3068
f 2872/2045/3028 2835/2086/3069 2814/2046/3029
f 2872/2045/3028 2581/2093/3076 2835/2086/3069
f 2581/2093/3076 2582/2087/3070 2835/2086/3069
f 2824/1915/2785 3629/1936/2827 3593/2090/3073
f 3629/1936/2827 3591/1915/2826 3593/2090/3073
f 3591/1915/2826 3602/2084/3077 3593/2090/3073
f 3593/2090/3073 3602/2084/3077 3586/2091/3078
f 3589/2094/3079 3593/2090/3073 3586/2091/3078
f 3593/2090/3073 3589/2094/3079 2844/2091/3074
f 2844/2091/3074 3589/2094/3079 3560/2095/3080
f 2816/2096/3081 2844/2091/3074 3560/2095/3080
f 2816/2096/3081 2833/2092/3075 2844/2091/3074
f 3602/2084/3077 3591/1915/2826 3594/2079/3082
f 3594/2079/3082 3601/2085/3083 3602/2084/3077
f 3601/2085/3083 3590/2092/3084 3602/2084/3077
f 3602/2084/3077 3590/2092/3084 3586/2091/3078
f 3590/2092/3084 3630/2096/3085 3586/2091/3078
f 3586/2091/3078 3630/2096/3085 3560/2095/3080
f 3589/2094/3079 3586/2091/3078 3560/2095/3080
f 3591/1915/2826 3605/1909/2825 3594/2079/3082
f 3831/2074/3086 3594/2079/3082 3605/1909/2825
f 3831/2074/3086 3809/2080/3087 3594/2079/3082
f 3809/2080/3087 3601/2085/3083 3594/2079/3082
f 3809/2080/3087 3578/2086/3088 3601/2085/3083
f 3578/2086/3088 3561/2046/3089 3601/2085/3083
f 3601/2085/3083 3561/2046/3089 3590/2092/3084
f 3561/2046/3089 3577/2041/3090 3590/2092/3084
f 3630/2096/3085 3590/2092/3084 3577/2041/3090
f 3829/2069/3091 3831/2074/3086 3605/1909/2825
f 2973/2075/3092 3831/2074/3086 3829/2069/3091
f 2973/2075/3092 2971/2081/3093 3831/2074/3086
f 2971/2081/3093 3809/2080/3087 3831/2074/3086
f 2971/2081/3093 2880/2087/3094 3809/2080/3087
f 2880/2087/3094 3578/2086/3088 3809/2080/3087
f 2880/2087/3094 2975/2093/3095 3578/2086/3088
f 2975/2093/3095 3834/2045/3096 3578/2086/3088
f 3578/2086/3088 3834/2045/3096 3561/2046/3089
f 3829/2069/3091 3605/1909/2825 3828/1910/2832
f 3830/2064/3097 3829/2069/3091 3828/1910/2832
f 2950/2070/3098 3829/2069/3091 3830/2064/3097
f 2950/2070/3098 2973/2075/3092 3829/2069/3091
f 2973/2075/3092 2950/2070/3098 2977/2076/3099
f 2973/2075/3092 2977/2076/3099 2922/2082/3100
f 2971/2081/3093 2973/2075/3092 2922/2082/3100
f 2971/2081/3093 2922/2082/3100 2924/2088/3101
f 2880/2087/3094 2971/2081/3093 2924/2088/3101
f 2880/2087/3094 2924/2088/3101 2951/2097/3102
f 2975/2093/3095 2880/2087/3094 2951/2097/3102
f 3830/2064/3097 3828/1910/2832 3833/1911/3103
f 3570/2058/3104 3830/2064/3097 3833/1911/3103
f 3830/2064/3097 3570/2058/3104 2948/2065/3105
f 2948/2065/3105 2950/2070/3098 3830/2064/3097
f 2950/2070/3098 2948/2065/3105 2926/2071/3106
f 2950/2070/3098 2926/2071/3106 2977/2076/3099
f 2978/2077/3107 2977/2076/3099 2926/2071/3106
f 2978/2077/3107 2894/2083/3108 2977/2076/3099
f 2894/2083/3108 2922/2082/3100 2977/2076/3099
f 3833/1911/3103 3828/1910/2832 3826/1903/2831
f 3833/1911/3103 3826/1903/2831 3835/1904/2838
f 3833/1911/3103 3835/1904/2838 3568/2052/3109
f 3570/2058/3104 3833/1911/3103 3568/2052/3109
f 3568/2052/3109 2949/2059/3110 3570/2058/3104
f 2949/2059/3110 2946/2066/3111 3570/2058/3104
f 3570/2058/3104 2946/2066/3111 2948/2065/3105
f 2948/2065/3105 2946/2066/3111 2893/2072/3112
f 2948/2065/3105 2893/2072/3112 2926/2071/3106
f 2889/2078/3113 2926/2071/3106 2893/2072/3112
f 2889/2078/3113 2978/2077/3107 2926/2071/3106
f 2956/2062/3114 2978/2077/3107 2889/2078/3113
f 2956/2062/3114 2894/2083/3108 2978/2077/3107
f 3568/2052/3109 3835/1904/2838 3806/2047/3115
f 3806/2047/3115 2972/2053/3116 3568/2052/3109
f 2972/2053/3116 2949/2059/3110 3568/2052/3109
f 2949/2059/3110 2972/2053/3116 2981/2054/3117
f 2954/2060/3118 2949/2059/3110 2981/2054/3117
f 2949/2059/3110 2954/2060/3118 2980/2067/3119
f 2946/2066/3111 2949/2059/3110 2980/2067/3119
f 2946/2066/3111 2980/2067/3119 2893/2072/3112
f 2979/2073/3120 2893/2072/3112 2980/2067/3119
f 2979/2073/3120 2889/2078/3113 2893/2072/3112
f 2956/2062/3114 2889/2078/3113 2979/2073/3120
f 3835/1904/2838 3805/1905/2837 3806/2047/3115
f 3806/2047/3115 3805/1905/2837 3567/2042/3121
f 3567/2042/3121 2974/2048/3122 3806/2047/3115
f 2974/2048/3122 2972/2053/3116 3806/2047/3115
f 2972/2053/3116 2974/2048/3122 2981/2054/3117
f 2974/2048/3122 2955/2049/3123 2981/2054/3117
f 2983/2055/3124 2981/2054/3117 2955/2049/3123
f 2983/2055/3124 2892/2061/3125 2981/2054/3117
f 2892/2061/3125 2954/2060/3118 2981/2054/3117
f 2892/2061/3125 2953/2068/3126 2954/2060/3118
f 2953/2068/3126 2980/2067/3119 2954/2060/3118
f 2953/2068/3126 2979/2073/3120 2980/2067/3119
f 2956/2062/3114 2979/2073/3120 2953/2068/3126
f 3805/1905/2837 3824/2037/3127 3567/2042/3121
f 3567/2042/3121 3824/2037/3127 3823/2038/3128
f 3823/2038/3128 2947/2043/3129 3567/2042/3121
f 2947/2043/3129 2974/2048/3122 3567/2042/3121
f 2974/2048/3122 2947/2043/3129 2955/2049/3123
f 2947/2043/3129 2891/2050/3130 2955/2049/3123
f 2891/2050/3130 2927/2057/3131 2955/2049/3123
f 2927/2057/3131 2957/2056/3132 2955/2049/3123
f 2957/2056/3132 2983/2055/3124 2955/2049/3123
f 3805/1905/2837 3825/1906/2836 3824/2037/3127
f 3825/1906/2836 3804/1938/2844 3824/2037/3127
f 3824/2037/3127 3804/1938/2844 3821/2033/3133
f 3824/2037/3127 3821/2033/3133 3823/2038/3128
f 3823/2038/3128 3821/2033/3133 3562/2034/3134
f 3802/2039/3135 3823/2038/3128 3562/2034/3134
f 2947/2043/3129 3823/2038/3128 3802/2039/3135
f 2945/2044/3136 2947/2043/3129 3802/2039/3135
f 2945/2044/3136 2984/2051/3137 2947/2043/3129
f 2984/2051/3137 2891/2050/3130 2947/2043/3129
f 2984/2051/3137 2982/2063/3138 2891/2050/3130
f 2982/2063/3138 2927/2057/3131 2891/2050/3130
f 3804/1938/2844 3822/1990/2942 3821/2033/3133
f 3821/2033/3133 3822/1990/2942 3817/2029/3139
f 3562/2034/3134 3821/2033/3133 3817/2029/3139
f 3562/2034/3134 3817/2029/3139 3808/2035/3140
f 3832/2040/3141 3562/2034/3134 3808/2035/3140
f 3802/2039/3135 3562/2034/3134 3832/2040/3141
f 3834/2045/3096 3802/2039/3135 3832/2040/3141
f 2945/2044/3136 3802/2039/3135 3834/2045/3096
f 2975/2093/3095 2945/2044/3136 3834/2045/3096
f 2975/2093/3095 2951/2097/3102 2945/2044/3136
f 2951/2097/3102 2984/2051/3137 2945/2044/3136
f 3817/2029/3139 3822/1990/2942 3816/1996/2948
f 3817/2029/3139 3816/1996/2948 3820/2030/3142
f 3808/2035/3140 3817/2029/3139 3820/2030/3142
f 3808/2035/3140 3820/2030/3142 3544/2036/3143
f 3577/2041/3090 3808/2035/3140 3544/2036/3143
f 3832/2040/3141 3808/2035/3140 3577/2041/3090
f 3561/2046/3089 3832/2040/3141 3577/2041/3090
f 3834/2045/3096 3832/2040/3141 3561/2046/3089
f 3447/2028/3144 3820/2030/3142 3816/1996/2948
f 3820/2030/3142 3447/2028/3144 3118/2031/3145
f 3820/2030/3142 3118/2031/3145 3544/2036/3143
f 3118/2031/3145 3814/2098/3146 3544/2036/3143
f 3814/2098/3146 3815/2099/3147 3544/2036/3143
f 3815/2099/3147 3630/2096/3085 3544/2036/3143
f 3544/2036/3143 3630/2096/3085 3577/2041/3090
f 3548/1995/2947 3447/2028/3144 3816/1996/2948
f 3447/2028/3144 3431/2032/218 3118/2031/3145
f 3118/2031/3145 3431/2032/218 3446/2100/3148
f 3461/2101/3149 3118/2031/3145 3446/2100/3148
f 3461/2101/3149 3126/2102/3150 3118/2031/3145
f 3126/2102/3150 3814/2098/3146 3118/2031/3145
f 3126/2102/3150 3549/2103/3151 3814/2098/3146
f 3549/2103/3151 3815/2099/3147 3814/2098/3146
f 3815/2099/3147 3549/2103/3151 3122/2104/3152
f 3801/2105/3153 3815/2099/3147 3122/2104/3152
f 3815/2099/3147 3801/2105/3153 3630/2096/3085
f 3801/2105/3153 3560/2095/3080 3630/2096/3085
f 2816/2096/3081 3560/2095/3080 3801/2105/3153
f 3446/2100/3148 3145/2106/3154 3461/2101/3149
f 3145/2106/3154 3126/2102/3150 3461/2101/3149
f 3549/2103/3151 3126/2102/3150 3145/2106/3154
f 3125/2107/3155 3549/2103/3151 3145/2106/3154
f 3549/2103/3151 3125/2107/3155 3127/2108/3156
f 3122/2104/3152 3549/2103/3151 3127/2108/3156
f 2791/2103/3157 3122/2104/3152 3127/2108/3156
f 2791/2103/3157 2862/2099/3158 3122/2104/3152
f 2862/2099/3158 3801/2105/3153 3122/2104/3152
f 2862/2099/3158 2816/2096/3081 3801/2105/3153
f 2816/2096/3081 2862/2099/3158 2840/2036/3019
f 2816/2096/3081 2840/2036/3019 2878/2041/3024
f 2833/2092/3075 2816/2096/3081 2878/2041/3024
f 2878/2041/3024 2814/2046/3029 2833/2092/3075
f 2712/2107/3159 2791/2103/3157 3127/2108/3156
f 2791/2103/3157 2712/2107/3159 2707/2106/3160
f 2790/2102/3161 2791/2103/3157 2707/2106/3160
f 2791/2103/3157 2790/2102/3161 2868/2098/3162
f 2862/2099/3158 2791/2103/3157 2868/2098/3162
f 2862/2099/3158 2868/2098/3162 2840/2036/3019
f 2840/2036/3019 2868/2098/3162 2869/2031/3013
f 2868/2098/3162 2790/2102/3161 2869/2031/3013
f 2790/2102/3161 2771/2101/3163 2869/2031/3013
f 2869/2031/3013 2771/2101/3163 2772/2100/3164
f 2746/2032/3014 2869/2031/3013 2772/2100/3164
f 2790/2102/3161 2707/2106/3160 2771/2101/3163
f 2707/2106/3160 2772/2100/3164 2771/2101/3163
f 2956/2062/3114 2953/2068/3126 2892/2061/3125
f 2956/2062/3114 2892/2061/3125 2983/2055/3124
f 2956/2062/3114 2983/2055/3124 2957/2056/3132
f 2956/2062/3114 2957/2056/3132 2927/2057/3131
f 2956/2062/3114 2927/2057/3131 2982/2063/3138
f 2956/2062/3114 2982/2063/3138 2952/2109/3165
f 2956/2062/3114 2952/2109/3165 2920/2089/3166
f 2956/2062/3114 2920/2089/3166 2894/2083/3108
f 2894/2083/3108 2920/2089/3166 2922/2082/3100
f 2920/2089/3166 2924/2088/3101 2922/2082/3100
f 2920/2089/3166 2952/2109/3165 2924/2088/3101
f 2952/2109/3165 2951/2097/3102 2924/2088/3101
f 2951/2097/3102 2952/2109/3165 2984/2051/3137
f 2952/2109/3165 2982/2063/3138 2984/2051/3137
f 2305/2044/3027 2581/2093/3076 2872/2045/3028
f 2304/2097/3167 2581/2093/3076 2305/2044/3027
f 2582/2087/3070 2581/2093/3076 2304/2097/3167
f 2312/2088/3071 2582/2087/3070 2304/2097/3167
f 2304/2097/3167 2316/2109/3168 2312/2088/3071
f 2316/2109/3168 2310/2089/3072 2312/2088/3071
f 2310/2089/3072 2316/2109/3168 2267/2062/3045
f 2316/2109/3168 2303/2063/3046 2267/2062/3045
f 2543/2051/3034 2304/2097/3167 2305/2044/3027
f 2316/2109/3168 2304/2097/3167 2543/2051/3034
f 2303/2063/3046 2316/2109/3168 2543/2051/3034
f 2303/2063/3046 2543/2051/3034 2539/2050/3033
f 2744/2027/2997 2741/2003/158 2763/2110/160
f 2798/2111/3169 2744/2027/2997 2763/2110/160
f 2744/2027/2997 2798/2111/3169 2642/2112/3170
f 2642/2112/3170 2668/2113/3171 2744/2027/2997
f 2668/2113/3171 2662/2114/3172 2744/2027/2997
f 2744/2027/2997 2662/2114/3172 2656/2025/2992
f 2656/2025/2992 2662/2114/3172 2638/2026/2993
f 2798/2111/3169 2763/2110/160 2795/2115/3014
f 2710/2116/3164 2798/2111/3169 2795/2115/3014
f 2764/2117/3173 2798/2111/3169 2710/2116/3164
f 2798/2111/3169 2764/2117/3173 2642/2112/3170
f 2664/2118/3174 2642/2112/3170 2764/2117/3173
f 2664/2118/3174 2666/2119/3175 2642/2112/3170
f 2666/2119/3175 2668/2113/3171 2642/2112/3170
f 2668/2113/3171 2666/2119/3175 2655/2120/3176
f 2638/2026/2993 2668/2113/3171 2655/2120/3176
f 2662/2114/3172 2668/2113/3171 2638/2026/2993
f 2789/2121/3177 2764/2117/3173 2710/2116/3164
f 2789/2121/3177 2767/2122/3159 2764/2117/3173
f 2767/2122/3159 2794/2123/3178 2764/2117/3173
f 2794/2123/3178 2664/2118/3174 2764/2117/3173
f 3299/2124/3179 2664/2118/3174 2794/2123/3178
f 2664/2118/3174 3299/2124/3179 3209/2125/3180
f 2666/2119/3175 2664/2118/3174 3209/2125/3180
f 2666/2119/3175 3209/2125/3180 3660/2126/3181
f 2655/2120/3176 2666/2119/3175 3660/2126/3181
f 2634/2127/3182 2655/2120/3176 3660/2126/3181
f 2638/2026/2993 2655/2120/3176 2634/2127/3182
f 2636/2021/2986 2638/2026/2993 2634/2127/3182
f 3142/2128/3183 2794/2123/3178 2767/2122/3159
f 3142/2128/3183 3299/2124/3179 2794/2123/3178
f 3299/2124/3179 3142/2128/3183 3148/2123/3184
f 3300/2118/3185 3299/2124/3179 3148/2123/3184
f 3299/2124/3179 3300/2118/3185 3209/2125/3180
f 3300/2118/3185 3207/2119/3186 3209/2125/3180
f 3209/2125/3180 3207/2119/3186 3660/2126/3181
f 3144/2129/3156 3142/2128/3183 2767/2122/3159
f 3142/2128/3183 3144/2129/3156 3143/2122/3155
f 3148/2123/3184 3142/2128/3183 3143/2122/3155
f 3148/2123/3184 3143/2122/3155 3427/2117/3187
f 3300/2118/3185 3148/2123/3184 3427/2117/3187
f 3295/2112/3188 3300/2118/3185 3427/2117/3187
f 3207/2119/3186 3300/2118/3185 3295/2112/3188
f 3289/2113/3189 3207/2119/3186 3295/2112/3188
f 3207/2119/3186 3289/2113/3189 3659/2120/3190
f 3207/2119/3186 3659/2120/3190 3660/2126/3181
f 3143/2122/3155 3150/2121/3191 3427/2117/3187
f 3427/2117/3187 3150/2121/3191 3152/2116/3192
f 3441/2111/3193 3427/2117/3187 3152/2116/3192
f 3427/2117/3187 3441/2111/3193 3295/2112/3188
f 3441/2111/3193 3153/2027/3194 3295/2112/3188
f 3289/2113/3189 3295/2112/3188 3153/2027/3194
f 3330/2114/3195 3289/2113/3189 3153/2027/3194
f 3289/2113/3189 3330/2114/3195 3653/2026/3196
f 3289/2113/3189 3653/2026/3196 3659/2120/3190
f 3659/2120/3190 3653/2026/3196 3664/2127/3197
f 3659/2120/3190 3664/2127/3197 3660/2126/3181
f 3664/2127/3197 3655/2130/3198 3660/2126/3181
f 3655/2130/3198 2634/2127/3182 3660/2126/3181
f 3441/2111/3193 3152/2116/3192 3429/2115/218
f 3438/2110/3199 3441/2111/3193 3429/2115/218
f 3153/2027/3194 3441/2111/3193 3438/2110/3199
f 3154/2003/206 3153/2027/3194 3438/2110/3199
f 3153/2027/3194 3154/2003/206 3690/2001/2953
f 3153/2027/3194 3690/2001/2953 3667/2025/3200
f 3330/2114/3195 3153/2027/3194 3667/2025/3200
f 3330/2114/3195 3667/2025/3200 3653/2026/3196
f 3667/2025/3200 3665/2015/2965 3653/2026/3196
f 3665/2015/2965 3661/2021/2971 3653/2026/3196
f 3653/2026/3196 3661/2021/2971 3664/2127/3197
f 3664/2127/3197 3661/2021/2971 3247/2131/3201
f 3655/2130/3198 3664/2127/3197 3247/2131/3201
f 2634/2127/3182 3655/2130/3198 3247/2131/3201
f 2636/2021/2986 2634/2127/3182 3247/2131/3201
f 2636/2021/2986 3247/2131/3201 3250/2020/2970
f 3247/2131/3201 3661/2021/2971 3250/2020/2970
f 3665/2015/2965 3667/2025/3200 3690/2001/2953
f 2858/1931/2801 3811/1935/2816 3584/1932/2802
f 3616/1933/2806 3811/1935/2816 2858/1931/2801
f 2801/1934/2807 3616/1933/2806 2858/1931/2801
s 23
f 2759/2132/3202 2717/2133/3203 2736/2134/3204
f 2717/2133/3203 2718/2135/3205 2736/2134/3204
f 2736/2134/3204 2718/2135/3205 2762/2136/180
f 2718/2135/3205 2734/2137/3206 2762/2136/180
f 2762/2136/180 2734/2137/3206 2715/2138/174
f 2759/2132/3202 2755/2139/175 2717/2133/3203
f 2755/2139/175 2756/2140/3207 2717/2133/3203
f 2717/2133/3203 2756/2140/3207 2718/2135/3205
f 2756/2140/3207 2733/2141/3208 2718/2135/3205
f 2718/2135/3205 2733/2141/3208 2734/2137/3206
f 2733/2141/3208 2760/2142/3209 2734/2137/3206
f 2734/2137/3206 2760/2142/3209 2757/2143/3210
f 2714/2144/3211 2734/2137/3206 2757/2143/3210
f 2734/2137/3206 2714/2144/3211 2715/2138/174
f 2714/2144/3211 2722/2145/3212 2715/2138/174
f 2722/2145/3212 2723/2146/3213 2715/2138/174
f 2756/2140/3207 2755/2139/175 2777/2147/3214
f 2758/2148/3215 2756/2140/3207 2777/2147/3214
f 2756/2140/3207 2758/2148/3215 2733/2141/3208
f 2758/2148/3215 2713/2149/3216 2733/2141/3208
f 2760/2142/3209 2733/2141/3208 2713/2149/3216
f 2757/2143/3210 2760/2142/3209 2713/2149/3216
f 2757/2143/3210 2713/2149/3216 2754/2150/3217
f 2775/2151/3218 2757/2143/3210 2754/2150/3217
f 2714/2144/3211 2757/2143/3210 2775/2151/3218
f 2722/2145/3212 2714/2144/3211 2775/2151/3218
f 2775/2151/3218 2748/2152/3219 2722/2145/3212
f 2748/2152/3219 2769/2153/3220 2722/2145/3212
f 2723/2146/3213 2722/2145/3212 2769/2153/3220
f 2797/2154/167 2723/2146/3213 2769/2153/3220
f 2727/2155/3221 2758/2148/3215 2777/2147/3214
f 2727/2155/3221 2754/2150/3217 2758/2148/3215
f 2754/2150/3217 2713/2149/3216 2758/2148/3215
f 2728/2156/3222 2727/2155/3221 2777/2147/3214
f 2773/2157/3223 2727/2155/3221 2728/2156/3222
f 2754/2150/3217 2727/2155/3221 2773/2157/3223
f 2724/2158/3224 2754/2150/3217 2773/2157/3223
f 2775/2151/3218 2754/2150/3217 2724/2158/3224
f 2748/2152/3219 2775/2151/3218 2724/2158/3224
f 2748/2152/3219 2724/2158/3224 2720/2159/3225
f 2739/2160/3226 2748/2152/3219 2720/2159/3225
f 2739/2160/3226 2770/2161/3227 2748/2152/3219
f 2770/2161/3227 2769/2153/3220 2748/2152/3219
f 2797/2154/167 2769/2153/3220 2770/2161/3227
f 2738/2162/3014 2797/2154/167 2770/2161/3227
f 2738/2162/3014 2770/2161/3227 2742/2163/3007
f 2725/2164/152 2773/2157/3223 2728/2156/3222
f 2747/2165/3228 2773/2157/3223 2725/2164/152
f 2724/2158/3224 2773/2157/3223 2747/2165/3228
f 2720/2159/3225 2724/2158/3224 2747/2165/3228
f 2720/2159/3225 2747/2165/3228 2750/2166/151
f 2721/2167/3229 2720/2159/3225 2750/2166/151
f 2739/2160/3226 2720/2159/3225 2721/2167/3229
f 2742/2163/3007 2739/2160/3226 2721/2167/3229
f 2770/2161/3227 2739/2160/3226 2742/2163/3007
f 2750/2166/151 2747/2165/3228 2725/2164/152
s 24
f 3439/2133/3230 3444/2132/3231 3610/2134/3232
f 3600/2135/3233 3439/2133/3230 3610/2134/3232
f 3194/2140/3234 3439/2133/3230 3600/2135/3233
f 3194/2140/3234 3195/2139/3235 3439/2133/3230
f 3195/2139/3235 3444/2132/3231 3439/2133/3230
f 3600/2135/3233 3610/2134/3232 3198/2136/3236
f 3609/2137/3237 3600/2135/3233 3198/2136/3236
f 3197/2141/3238 3600/2135/3233 3609/2137/3237
f 3197/2141/3238 3194/2140/3234 3600/2135/3233
f 3218/2148/3239 3194/2140/3234 3197/2141/3238
f 3194/2140/3234 3218/2148/3239 3184/2147/191
f 3195/2139/3235 3194/2140/3234 3184/2147/191
f 3609/2137/3237 3198/2136/3236 3174/2138/3240
f 3175/2144/3241 3609/2137/3237 3174/2138/3240
f 3609/2137/3237 3175/2144/3241 3185/2143/3242
f 3599/2142/3243 3609/2137/3237 3185/2143/3242
f 3599/2142/3243 3197/2141/3238 3609/2137/3237
f 3197/2141/3238 3599/2142/3243 3220/2149/3244
f 3220/2149/3244 3218/2148/3239 3197/2141/3238
f 3220/2149/3244 3172/2150/3245 3218/2148/3239
f 3172/2150/3245 3459/2155/3246 3218/2148/3239
f 3218/2148/3239 3459/2155/3246 3184/2147/191
f 3459/2155/3246 3460/2156/3247 3184/2147/191
f 3175/2144/3241 3174/2138/3240 3451/2145/3248
f 3175/2144/3241 3451/2145/3248 3165/2151/3249
f 3185/2143/3242 3175/2144/3241 3165/2151/3249
f 3185/2143/3242 3165/2151/3249 3172/2150/3245
f 3220/2149/3244 3185/2143/3242 3172/2150/3245
f 3599/2142/3243 3185/2143/3242 3220/2149/3244
f 3174/2138/3240 3453/2146/3250 3451/2145/3248
f 3451/2145/3248 3453/2146/3250 3440/2153/3251
f 3440/2153/3251 3448/2152/3252 3451/2145/3248
f 3448/2152/3252 3165/2151/3249 3451/2145/3248
f 3165/2151/3249 3448/2152/3252 3454/2158/3253
f 3172/2150/3245 3165/2151/3249 3454/2158/3253
f 3172/2150/3245 3454/2158/3253 3164/2157/3254
f 3459/2155/3246 3172/2150/3245 3164/2157/3254
f 3459/2155/3246 3164/2157/3254 3460/2156/3247
f 3164/2157/3254 3458/2164/185 3460/2156/3247
f 3164/2157/3254 3450/2165/3255 3458/2164/185
f 3450/2165/3255 3452/2166/3256 3458/2164/185
f 3453/2146/3250 3442/2154/212 3440/2153/3251
f 3440/2153/3251 3442/2154/212 3445/2161/3257
f 3440/2153/3251 3445/2161/3257 3448/2152/3252
f 3445/2161/3257 3432/2160/3258 3448/2152/3252
f 3448/2152/3252 3432/2160/3258 3455/2159/3259
f 3454/2158/3253 3448/2152/3252 3455/2159/3259
f 3454/2158/3253 3455/2159/3259 3450/2165/3255
f 3164/2157/3254 3454/2158/3253 3450/2165/3255
f 3442/2154/212 3430/2162/218 3445/2161/3257
f 3445/2161/3257 3430/2162/218 3160/2163/3144
f 3432/2160/3258 3445/2161/3257 3160/2163/3144
f 3432/2160/3258 3160/2163/3144 3434/2167/2947
f 3455/2159/3259 3432/2160/3258 3434/2167/2947
f 3455/2159/3259 3434/2167/2947 3452/2166/3256
f 3450/2165/3255 3455/2159/3259 3452/2166/3256
s 25
f 3603/2168/3260 3606/2169/3261 3622/2170/3262
f 3606/2169/3261 3649/2171/3263 3622/2170/3262
f 3726/2172/3264 3622/2170/3262 3649/2171/3263
f 3669/2173/3265 3726/2172/3264 3649/2171/3263
f 3669/2173/3265 3649/2171/3263 3672/2174/3266
f 3670/2175/3267 3669/2173/3265 3672/2174/3266
f 3606/2169/3261 3603/2168/3260 3621/2176/3268
f 3648/2177/3269 3606/2169/3261 3621/2176/3268
f 3644/2178/3270 3606/2169/3261 3648/2177/3269
f 3606/2169/3261 3644/2178/3270 3649/2171/3263
f 3644/2178/3270 3672/2174/3266 3649/2171/3263
f 3644/2178/3270 3686/2179/3271 3672/2174/3266
f 3686/2179/3271 3671/2180/3272 3672/2174/3266
f 3670/2175/3267 3672/2174/3266 3671/2180/3272
f 3694/2181/3273 3670/2175/3267 3671/2180/3272
f 3603/2168/3260 3725/2182/3262 3621/2176/3268
f 3621/2176/3268 3725/2182/3262 3697/2183/3274
f 3648/2177/3269 3621/2176/3268 3697/2183/3274
f 3695/2184/3275 3648/2177/3269 3697/2183/3274
f 3727/2185/3276 3648/2177/3269 3695/2184/3275
f 3727/2185/3276 3644/2178/3270 3648/2177/3269
f 3686/2179/3271 3644/2178/3270 3727/2185/3276
f 3688/2186/3277 3686/2179/3271 3727/2185/3276
f 3643/2187/3278 3686/2179/3271 3688/2186/3277
f 3686/2179/3271 3643/2187/3278 3671/2180/3272
f 3643/2187/3278 3687/2188/3279 3671/2180/3272
f 3694/2181/3273 3671/2180/3272 3687/2188/3279
f 3699/2189/3280 3694/2181/3273 3687/2188/3279
f 3725/2182/3262 3702/2190/3281 3697/2183/3274
f 3702/2190/3281 3696/2191/3265 3697/2183/3274
f 3696/2191/3265 3695/2184/3275 3697/2183/3274
f 3696/2191/3265 3733/2192/3282 3695/2184/3275
f 3733/2192/3282 3728/2193/3283 3695/2184/3275
f 3728/2193/3283 3727/2185/3276 3695/2184/3275
f 3688/2186/3277 3727/2185/3276 3728/2193/3283
f 3340/2194/3284 3688/2186/3277 3728/2193/3283
f 3700/2195/3285 3688/2186/3277 3340/2194/3284
f 3700/2195/3285 3643/2187/3278 3688/2186/3277
f 3643/2187/3278 3700/2195/3285 3687/2188/3279
f 3699/2189/3280 3687/2188/3279 3700/2195/3285
f 3698/2196/3286 3699/2189/3280 3700/2195/3285
f 3729/2197/3273 3699/2189/3280 3698/2196/3286
f 3340/2194/3284 3729/2197/3273 3698/2196/3286
f 3733/2192/3282 3729/2197/3273 3340/2194/3284
f 3728/2193/3283 3733/2192/3282 3340/2194/3284
f 3698/2196/3286 3700/2195/3285 3340/2194/3284
s 26
f 3326/2169/3287 3279/2168/3288 3324/2170/3289
f 3352/2171/3290 3326/2169/3287 3324/2170/3289
f 3169/2178/3291 3326/2169/3287 3352/2171/3290
f 3326/2169/3287 3169/2178/3291 3354/2177/3292
f 3354/2177/3292 3351/2176/3293 3326/2169/3287
f 3351/2176/3293 3279/2168/3288 3326/2169/3287
f 3351/2176/3293 3191/2182/3289 3279/2168/3288
f 3191/2182/3289 3351/2176/3293 3371/2183/3294
f 3370/2190/3295 3191/2182/3289 3371/2183/3294
f 3324/2170/3289 3325/2172/3296 3352/2171/3290
f 3325/2172/3296 3353/2173/3297 3352/2171/3290
f 3352/2171/3290 3353/2173/3297 3366/2174/3298
f 3366/2174/3298 3169/2178/3291 3352/2171/3290
f 3176/2179/3299 3169/2178/3291 3366/2174/3298
f 3169/2178/3291 3176/2179/3299 3368/2185/3300
f 3169/2178/3291 3368/2185/3300 3354/2177/3292
f 3354/2177/3292 3368/2185/3300 3364/2184/3301
f 3354/2177/3292 3364/2184/3301 3371/2183/3294
f 3351/2176/3293 3354/2177/3292 3371/2183/3294
f 3353/2173/3297 3369/2175/3302 3366/2174/3298
f 3366/2174/3298 3369/2175/3302 3365/2180/3303
f 3365/2180/3303 3176/2179/3299 3366/2174/3298
f 3187/2187/3304 3176/2179/3299 3365/2180/3303
f 3176/2179/3299 3187/2187/3304 3367/2186/3305
f 3176/2179/3299 3367/2186/3305 3368/2185/3300
f 3745/2193/3306 3368/2185/3300 3367/2186/3305
f 3368/2185/3300 3745/2193/3306 3364/2184/3301
f 3745/2193/3306 3755/2192/3307 3364/2184/3301
f 3755/2192/3307 3358/2191/3297 3364/2184/3301
f 3364/2184/3301 3358/2191/3297 3371/2183/3294
f 3369/2175/3302 3356/2181/3308 3365/2180/3303
f 3365/2180/3303 3356/2181/3308 3355/2188/3309
f 3355/2188/3309 3187/2187/3304 3365/2180/3303
f 3355/2188/3309 3361/2195/3310 3187/2187/3304
f 3187/2187/3304 3361/2195/3310 3367/2186/3305
f 3367/2186/3305 3361/2195/3310 3751/2194/3311
f 3751/2194/3311 3745/2193/3306 3367/2186/3305
f 3755/2192/3307 3745/2193/3306 3751/2194/3311
f 3754/2197/3308 3755/2192/3307 3751/2194/3311
f 3754/2197/3308 3751/2194/3311 3372/2196/3312
f 3357/2189/3313 3754/2197/3308 3372/2196/3312
f 3356/2181/3308 3357/2189/3313 3355/2188/3309
f 3355/2188/3309 3357/2189/3313 3361/2195/3310
f 3357/2189/3313 3372/2196/3312 3361/2195/3310
f 3361/2195/3310 3372/2196/3312 3751/2194/3311
f 3358/2191/3297 3370/2190/3295 3371/2183/3294
s 27
f 3311/2198/3314 3579/2199/3315 3575/2200/3316
f 3579/2199/3315 3573/2201/3317 3575/2200/3316
f 3575/2200/3316 3573/2201/3317 3574/2202/3318
f 3313/2203/3319 3575/2200/3316 3574/2202/3318
f 3313/2203/3319 3311/2198/3314 3575/2200/3316
f 3313/2203/3319 3315/2204/3320 3311/2198/3314
f 3315/2204/3320 3318/2205/3321 3311/2198/3314
f 3190/2206/3322 3318/2205/3321 3315/2204/3320
f 3308/2207/3323 3190/2206/3322 3315/2204/3320
f 3308/2207/3323 3159/2208/3324 3190/2206/3322
f 3159/2208/3324 3307/2209/3325 3190/2206/3322
f 3462/2210/3326 3313/2203/3319 3574/2202/3318
f 3315/2204/3320 3313/2203/3319 3462/2210/3326
f 3317/2211/3327 3315/2204/3320 3462/2210/3326
f 3308/2207/3323 3315/2204/3320 3317/2211/3327
f 3406/2212/3328 3308/2207/3323 3317/2211/3327
f 3308/2207/3323 3406/2212/3328 3159/2208/3324
f 3406/2212/3328 3161/2213/3329 3159/2208/3324
f 3161/2213/3329 3140/2214/3330 3159/2208/3324
f 3140/2214/3330 3138/2215/3331 3159/2208/3324
f 3159/2208/3324 3138/2215/3331 3307/2209/3325
f 3138/2215/3331 3261/2216/3332 3307/2209/3325
f 3462/2210/3326 3574/2202/3318 3676/2217/3333
f 3717/2218/3334 3462/2210/3326 3676/2217/3333
f 3317/2211/3327 3462/2210/3326 3717/2218/3334
f 3316/2219/3335 3317/2211/3327 3717/2218/3334
f 3406/2212/3328 3317/2211/3327 3316/2219/3335
f 3177/2220/3336 3406/2212/3328 3316/2219/3335
f 3161/2213/3329 3406/2212/3328 3177/2220/3336
f 3166/2221/3337 3161/2213/3329 3177/2220/3336
f 3166/2221/3337 3133/2222/3338 3161/2213/3329
f 3133/2222/3338 3140/2214/3330 3161/2213/3329
f 3574/2202/3318 3571/2223/3339 3676/2217/3333
f 3676/2217/3333 3571/2223/3339 3542/2224/3340
f 3717/2218/3334 3676/2217/3333 3542/2224/3340
f 3463/2225/3341 3717/2218/3334 3542/2224/3340
f 3316/2219/3335 3717/2218/3334 3463/2225/3341
f 3403/2226/3342 3316/2219/3335 3463/2225/3341
f 3177/2220/3336 3316/2219/3335 3403/2226/3342
f 3407/2227/3343 3177/2220/3336 3403/2226/3342
f 3166/2221/3337 3177/2220/3336 3407/2227/3343
f 3396/2228/3344 3166/2221/3337 3407/2227/3343
f 3133/2222/3338 3166/2221/3337 3396/2228/3344
f 3542/2224/3340 3571/2223/3339 3550/2229/3345
f 3463/2225/3341 3542/2224/3340 3550/2229/3345
f 3402/2230/3346 3463/2225/3341 3550/2229/3345
f 3403/2226/3342 3463/2225/3341 3402/2230/3346
f 3780/2231/3347 3403/2226/3342 3402/2230/3346
f 3407/2227/3343 3403/2226/3342 3780/2231/3347
f 3320/2232/3348 3407/2227/3343 3780/2231/3347
f 3396/2228/3344 3407/2227/3343 3320/2232/3348
f 3323/2233/3349 3396/2228/3344 3320/2232/3348
f 3131/2234/3350 3396/2228/3344 3323/2233/3349
f 3131/2234/3350 3133/2222/3338 3396/2228/3344
f 3550/2229/3345 3571/2223/3339 3551/2235/3351
f 3402/2230/3346 3550/2229/3345 3551/2235/3351
f 3716/2236/3352 3402/2230/3346 3551/2235/3351
f 3780/2231/3347 3402/2230/3346 3716/2236/3352
f 3781/2237/3353 3780/2231/3347 3716/2236/3352
f 3320/2232/3348 3780/2231/3347 3781/2237/3353
f 3319/2238/3354 3320/2232/3348 3781/2237/3353
f 3323/2233/3349 3320/2232/3348 3319/2238/3354
f 3189/2239/3355 3323/2233/3349 3319/2238/3354
f 3156/2240/3356 3323/2233/3349 3189/2239/3355
f 3156/2240/3356 3131/2234/3350 3323/2233/3349
f 3551/2235/3351 3571/2223/3339 3554/2241/3357
f 3716/2236/3352 3551/2235/3351 3554/2241/3357
f 3773/2242/3358 3716/2236/3352 3554/2241/3357
f 3781/2237/3353 3716/2236/3352 3773/2242/3358
f 3424/2243/3359 3781/2237/3353 3773/2242/3358
f 3319/2238/3354 3781/2237/3353 3424/2243/3359
f 3408/2244/3360 3319/2238/3354 3424/2243/3359
f 3189/2239/3355 3319/2238/3354 3408/2244/3360
f 3554/2241/3357 3571/2223/3339 3569/2245/3361
f 3569/2245/3361 3779/2246/3362 3554/2241/3357
f 3779/2246/3362 3773/2242/3358 3554/2241/3357
f 3779/2246/3362 3774/2247/3363 3773/2242/3358
f 3774/2247/3363 3424/2243/3359 3773/2242/3358
f 3774/2247/3363 3398/2248/3364 3424/2243/3359
f 3398/2248/3364 3408/2244/3360 3424/2243/3359
f 3398/2248/3364 3397/2249/3365 3408/2244/3360
f 3397/2249/3365 3412/2250/3366 3408/2244/3360
f 3412/2250/3366 3189/2239/3355 3408/2244/3360
f 3322/2251/3367 3779/2246/3362 3569/2245/3361
f 3322/2251/3367 3321/2252/3368 3779/2246/3362
f 3321/2252/3368 3774/2247/3363 3779/2246/3362
f 3321/2252/3368 3179/2253/3369 3774/2247/3363
f 3179/2253/3369 3398/2248/3364 3774/2247/3363
f 3397/2249/3365 3398/2248/3364 3179/2253/3369
f 3157/2254/3370 3397/2249/3365 3179/2253/3369
f 3157/2254/3370 3269/2255/3371 3397/2249/3365
f 3269/2255/3371 3302/2256/3372 3397/2249/3365
f 3397/2249/3365 3302/2256/3372 3412/2250/3366
f 3545/2257/3373 3322/2251/3367 3569/2245/3361
f 3314/2258/3374 3322/2251/3367 3545/2257/3373
f 3314/2258/3374 3387/2259/3375 3322/2251/3367
f 3387/2259/3375 3321/2252/3368 3322/2251/3367
f 3387/2259/3375 3158/2260/3376 3321/2252/3368
f 3158/2260/3376 3179/2253/3369 3321/2252/3368
f 3157/2254/3370 3179/2253/3369 3158/2260/3376
f 3151/2261/3377 3157/2254/3370 3158/2260/3376
f 3269/2255/3371 3157/2254/3370 3151/2261/3377
f 3569/2245/3361 3580/2262/3378 3545/2257/3373
f 3545/2257/3373 3580/2262/3378 3572/2263/3379
f 3572/2263/3379 3314/2258/3374 3545/2257/3373
f 3395/2264/3380 3314/2258/3374 3572/2263/3379
f 3387/2259/3375 3314/2258/3374 3395/2264/3380
f 3409/2265/3381 3387/2259/3375 3395/2264/3380
f 3409/2265/3381 3192/2266/3382 3387/2259/3375
f 3192/2266/3382 3158/2260/3376 3387/2259/3375
f 3192/2266/3382 3193/2267/3383 3158/2260/3376
f 3193/2267/3383 3151/2261/3377 3158/2260/3376
f 3266/2268/3384 3151/2261/3377 3193/2267/3383
f 3266/2268/3384 3269/2255/3371 3151/2261/3377
f 3572/2263/3379 3580/2262/3378 3555/2269/3385
f 3555/2269/3385 3395/2264/3380 3572/2263/3379
f 3395/2264/3380 3555/2269/3385 3680/2270/3386
f 3399/2271/3314 3395/2264/3380 3680/2270/3386
f 3399/2271/3314 3394/2272/3321 3395/2264/3380
f 3394/2272/3321 3409/2265/3381 3395/2264/3380
f 3394/2272/3321 3163/2273/3387 3409/2265/3381
f 3163/2273/3387 3192/2266/3382 3409/2265/3381
f 3163/2273/3387 3178/2274/3388 3192/2266/3382
f 3178/2274/3388 3193/2267/3383 3192/2266/3382
f 3555/2269/3385 3580/2262/3378 3680/2270/3386
f 3178/2274/3388 3141/2275/3389 3193/2267/3383
f 3141/2275/3389 3673/2276/3390 3193/2267/3383
f 3673/2276/3390 3266/2268/3384 3193/2267/3383
f 3260/2277/3391 3266/2268/3384 3673/2276/3390
f 3260/2277/3391 3262/2278/3392 3266/2268/3384
f 3262/2278/3392 3269/2255/3371 3266/2268/3384
f 3269/2255/3371 3262/2278/3392 3302/2256/3372
f 3141/2275/3389 3264/2279/3393 3673/2276/3390
f 3264/2279/3393 3263/2280/3394 3673/2276/3390
f 3263/2280/3394 3260/2277/3391 3673/2276/3390
f 3556/2281/3395 3260/2277/3391 3263/2280/3394
f 3556/2281/3395 3132/2282/3396 3260/2277/3391
f 3132/2282/3396 3262/2278/3392 3260/2277/3391
f 3262/2278/3392 3132/2282/3396 3120/2283/3397
f 3262/2278/3392 3120/2283/3397 3302/2256/3372
f 3302/2256/3372 3120/2283/3397 3119/2284/3398
f 3302/2256/3372 3119/2284/3398 3412/2250/3366
f 3412/2250/3366 3119/2284/3398 3189/2239/3355
f 3264/2279/3393 3678/2285/3399 3263/2280/3394
f 3678/2285/3399 3129/2286/3400 3263/2280/3394
f 3129/2286/3400 3556/2281/3395 3263/2280/3394
f 3556/2281/3395 3129/2286/3400 3681/2287/3401
f 3129/2286/3400 3678/2285/3399 3681/2287/3401
f 3132/2282/3396 3556/2281/3395 3552/2288/3401
f 3134/2289/3402 3132/2282/3396 3552/2288/3401
f 3132/2282/3396 3134/2289/3402 3120/2283/3397
f 3120/2283/3397 3134/2289/3402 3121/2290/3403
f 3120/2283/3397 3121/2290/3403 3119/2284/3398
f 3119/2284/3398 3121/2290/3403 3180/2291/3404
f 3119/2284/3398 3180/2291/3404 3189/2239/3355
f 3180/2291/3404 3156/2240/3356 3189/2239/3355
f 3128/2292/3405 3156/2240/3356 3180/2291/3404
f 3128/2292/3405 3181/2293/3406 3156/2240/3356
f 3181/2293/3406 3131/2234/3350 3156/2240/3356
f 3557/2294/3407 3134/2289/3402 3552/2288/3401
f 3134/2289/3402 3557/2294/3407 3121/2290/3403
f 3121/2290/3403 3557/2294/3407 3155/2295/3408
f 3121/2290/3403 3155/2295/3408 3180/2291/3404
f 3155/2295/3408 3128/2292/3405 3180/2291/3404
f 3270/2296/3409 3128/2292/3405 3155/2295/3408
f 3270/2296/3409 3271/2297/3410 3128/2292/3405
f 3271/2297/3410 3181/2293/3406 3128/2292/3405
f 3271/2297/3410 3272/2298/3411 3181/2293/3406
f 3272/2298/3411 3136/2299/3412 3181/2293/3406
f 3181/2293/3406 3136/2299/3412 3131/2234/3350
f 3136/2299/3412 3133/2222/3338 3131/2234/3350
f 3133/2222/3338 3136/2299/3412 3140/2214/3330
f 3557/2294/3407 3674/2300/3413 3155/2295/3408
f 3674/2300/3413 3270/2296/3409 3155/2295/3408
f 3270/2296/3409 3674/2300/3413 3558/2301/3401
f 3271/2297/3410 3270/2296/3409 3558/2301/3401
f 3272/2298/3411 3271/2297/3410 3558/2301/3401
f 3130/2302/3414 3272/2298/3411 3558/2301/3401
f 3272/2298/3411 3130/2302/3414 3135/2303/3415
f 3136/2299/3412 3272/2298/3411 3135/2303/3415
f 3136/2299/3412 3135/2303/3415 3140/2214/3330
f 3140/2214/3330 3135/2303/3415 3138/2215/3331
f 3135/2303/3415 3137/2304/3416 3138/2215/3331
f 3138/2215/3331 3137/2304/3416 3261/2216/3332
f 3674/2300/3413 3557/2294/3407 3558/2301/3401
f 3137/2304/3416 3139/2305/3393 3261/2216/3332
f 3137/2304/3416 3675/2306/3417 3139/2305/3393
f 3675/2306/3417 3553/2307/3418 3139/2305/3393
f 3553/2307/3418 3675/2306/3417 3558/2301/3401
f 3675/2306/3417 3130/2302/3414 3558/2301/3401
f 3130/2302/3414 3675/2306/3417 3137/2304/3416
f 3135/2303/3415 3130/2302/3414 3137/2304/3416
s 28
f 3390/2308/238 3383/2309/3419 3382/2310/3420
f 3382/2310/3420 3383/2309/3419 3360/2311/3421
f 3382/2310/3420 3360/2311/3421 3474/2312/3422
f 3380/2313/3423 3382/2310/3420 3474/2312/3422
f 3767/2314/3424 3382/2310/3420 3380/2313/3423
f 3767/2314/3424 3390/2308/238 3382/2310/3420
f 3390/2308/238 3767/2314/3424 3763/2315/237
f 3767/2314/3424 3762/2316/3425 3763/2315/237
f 3763/2315/237 3762/2316/3425 3765/2317/233
f 3383/2309/3419 3375/2318/3426 3360/2311/3421
f 3360/2311/3421 3375/2318/3426 3359/2319/3427
f 3303/2320/3428 3360/2311/3421 3359/2319/3427
f 3360/2311/3421 3303/2320/3428 3474/2312/3422
f 3303/2320/3428 3469/2321/3429 3474/2312/3422
f 3422/2322/3430 3474/2312/3422 3469/2321/3429
f 3474/2312/3422 3422/2322/3430 3771/2323/3431
f 3380/2313/3423 3474/2312/3422 3771/2323/3431
f 3380/2313/3423 3771/2323/3431 3386/2324/3432
f 3762/2316/3425 3380/2313/3423 3386/2324/3432
f 3762/2316/3425 3767/2314/3424 3380/2313/3423
f 3376/2325/3433 3303/2320/3428 3359/2319/3427
f 3376/2325/3433 3389/2326/3434 3303/2320/3428
f 3389/2326/3434 3469/2321/3429 3303/2320/3428
f 3469/2321/3429 3389/2326/3434 3467/2327/3435
f 3471/2328/3436 3469/2321/3429 3467/2327/3435
f 3471/2328/3436 3422/2322/3430 3469/2321/3429
f 3422/2322/3430 3471/2328/3436 3301/2329/3437
f 3422/2322/3430 3301/2329/3437 3470/2330/3438
f 3771/2323/3431 3422/2322/3430 3470/2330/3438
f 3473/2331/3439 3376/2325/3433 3359/2319/3427
f 3376/2325/3433 3473/2331/3439 3415/2332/3440
f 3415/2332/3440 3787/2333/3441 3376/2325/3433
f 3787/2333/3441 3783/2334/3442 3376/2325/3433
f 3389/2326/3434 3376/2325/3433 3783/2334/3442
f 3309/2335/3443 3389/2326/3434 3783/2334/3442
f 3309/2335/3443 3310/2336/3444 3389/2326/3434
f 3310/2336/3444 3467/2327/3435 3389/2326/3434
f 3473/2331/3439 3423/2337/3445 3415/2332/3440
f 3265/2338/3446 3415/2332/3440 3423/2337/3445
f 3415/2332/3440 3265/2338/3446 3268/2339/3447
f 3787/2333/3441 3415/2332/3440 3268/2339/3447
f 3607/2340/3448 3787/2333/3441 3268/2339/3447
f 3787/2333/3441 3607/2340/3448 3783/2334/3442
f 3607/2340/3448 3596/2341/3449 3783/2334/3442
f 3309/2335/3443 3783/2334/3442 3596/2341/3449
f 3595/2342/3450 3309/2335/3443 3596/2341/3449
f 3595/2342/3450 3576/2343/3451 3309/2335/3443
f 3576/2343/3451 3310/2336/3444 3309/2335/3443
f 3417/2344/3452 3265/2338/3446 3423/2337/3445
f 3265/2338/3446 3417/2344/3452 3305/2345/3453
f 3305/2345/3453 3306/2346/3454 3265/2338/3446
f 3306/2346/3454 3268/2339/3447 3265/2338/3446
f 3711/2347/3455 3268/2339/3447 3306/2346/3454
f 3711/2347/3455 3607/2340/3448 3268/2339/3447
f 3711/2347/3455 3794/2348/3456 3607/2340/3448
f 3794/2348/3456 3776/2349/3457 3607/2340/3448
f 3596/2341/3449 3607/2340/3448 3776/2349/3457
f 3710/2350/3458 3596/2341/3449 3776/2349/3457
f 3595/2342/3450 3596/2341/3449 3710/2350/3458
f 3417/2344/3452 3419/2351/3459 3305/2345/3453
f 3305/2345/3453 3419/2351/3459 3418/2352/219
f 3388/2353/3460 3305/2345/3453 3418/2352/219
f 3305/2345/3453 3388/2353/3460 3306/2346/3454
f 3388/2353/3460 3276/2354/3461 3306/2346/3454
f 3276/2354/3461 3720/2355/3462 3306/2346/3454
f 3720/2355/3462 3719/2356/3463 3306/2346/3454
f 3719/2356/3463 3711/2347/3455 3306/2346/3454
f 3719/2356/3463 3796/2357/3464 3711/2347/3455
f 3796/2357/3464 3794/2348/3456 3711/2347/3455
f 3388/2353/3460 3418/2352/219 3374/2358/223
f 3466/2359/3465 3388/2353/3460 3374/2358/223
f 3388/2353/3460 3466/2359/3465 3276/2354/3461
f 3466/2359/3465 3274/2360/3466 3276/2354/3461
f 3274/2360/3466 3597/2361/3467 3276/2354/3461
f 3597/2361/3467 3720/2355/3462 3276/2354/3461
f 3597/2361/3467 3785/2362/3468 3720/2355/3462
f 3785/2362/3468 3312/2363/3469 3720/2355/3462
f 3720/2355/3462 3312/2363/3469 3719/2356/3463
f 3312/2363/3469 3796/2357/3464 3719/2356/3463
f 3788/2364/3470 3796/2357/3464 3312/2363/3469
f 3794/2348/3456 3796/2357/3464 3788/2364/3470
f 3466/2359/3465 3374/2358/223 3267/2365/3471
f 3468/2366/3472 3466/2359/3465 3267/2365/3471
f 3467/2327/3435 3466/2359/3465 3468/2366/3472
f 3466/2359/3465 3467/2327/3435 3274/2360/3466
f 3467/2327/3435 3310/2336/3444 3274/2360/3466
f 3597/2361/3467 3274/2360/3466 3310/2336/3444
f 3576/2343/3451 3597/2361/3467 3310/2336/3444
f 3576/2343/3451 3784/2367/3473 3597/2361/3467
f 3784/2367/3473 3785/2362/3468 3597/2361/3467
f 3468/2366/3472 3267/2365/3471 3301/2329/3437
f 3471/2328/3436 3468/2366/3472 3301/2329/3437
f 3471/2328/3436 3467/2327/3435 3468/2366/3472
f 3267/2365/3471 3304/2368/3474 3301/2329/3437
f 3470/2330/3438 3301/2329/3437 3304/2368/3474
f 3393/2369/3475 3470/2330/3438 3304/2368/3474
f 3470/2330/3438 3393/2369/3475 3766/2370/3476
f 3764/2371/3477 3470/2330/3438 3766/2370/3476
f 3771/2323/3431 3470/2330/3438 3764/2371/3477
f 3386/2324/3432 3771/2323/3431 3764/2371/3477
f 3765/2317/233 3386/2324/3432 3764/2371/3477
f 3762/2316/3425 3386/2324/3432 3765/2317/233
f 3766/2370/3476 3765/2317/233 3764/2371/3477
f 3784/2367/3473 3777/2372/3478 3785/2362/3468
f 3777/2372/3478 3772/2373/3479 3785/2362/3468
f 3772/2373/3479 3608/2374/3480 3785/2362/3468
f 3608/2374/3480 3312/2363/3469 3785/2362/3468
f 3608/2374/3480 3788/2364/3470 3312/2363/3469
f 3777/2372/3478 3784/2367/3473 3782/2375/3481
f 3775/2376/3482 3777/2372/3478 3782/2375/3481
f 3775/2376/3482 3718/2377/3483 3777/2372/3478
f 3718/2377/3483 3772/2373/3479 3777/2372/3478
f 3772/2373/3479 3718/2377/3483 3608/2374/3480
f 3718/2377/3483 3721/2378/3484 3608/2374/3480
f 3608/2374/3480 3721/2378/3484 3788/2364/3470
f 3721/2378/3484 3798/2379/3485 3788/2364/3470
f 3798/2379/3485 3794/2348/3456 3788/2364/3470
f 3794/2348/3456 3798/2379/3485 3776/2349/3457
f 3782/2375/3481 3784/2367/3473 3576/2343/3451
f 3595/2342/3450 3782/2375/3481 3576/2343/3451
f 3782/2375/3481 3595/2342/3450 3710/2350/3458
f 3775/2376/3482 3782/2375/3481 3710/2350/3458
f 3718/2377/3483 3775/2376/3482 3710/2350/3458
f 3718/2377/3483 3710/2350/3458 3721/2378/3484
f 3710/2350/3458 3776/2349/3457 3721/2378/3484
f 3798/2379/3485 3721/2378/3484 3776/2349/3457
s 29
f 3500/2199/3486 3464/2198/3487 3521/2200/3488
f 3464/2198/3487 3704/2203/3489 3521/2200/3488
f 3521/2200/3488 3704/2203/3489 3511/2202/3490
f 3511/2202/3490 3475/2201/3491 3521/2200/3488
f 3521/2200/3488 3475/2201/3491 3500/2199/3486
f 3705/2204/3492 3704/2203/3489 3464/2198/3487
f 3704/2203/3489 3705/2204/3492 3706/2210/3493
f 3704/2203/3489 3706/2210/3493 3511/2202/3490
f 3511/2202/3490 3706/2210/3493 3485/2217/3494
f 3485/2217/3494 3483/2223/3495 3511/2202/3490
f 3378/2205/3496 3705/2204/3492 3464/2198/3487
f 3378/2205/3496 3769/2206/3497 3705/2204/3492
f 3769/2206/3497 3770/2207/3498 3705/2204/3492
f 3705/2204/3492 3770/2207/3498 3709/2211/3499
f 3705/2204/3492 3709/2211/3499 3706/2210/3493
f 3706/2210/3493 3709/2211/3499 3683/2218/3500
f 3706/2210/3493 3683/2218/3500 3485/2217/3494
f 3485/2217/3494 3683/2218/3500 3486/2224/3501
f 3486/2224/3501 3483/2223/3495 3485/2217/3494
f 3840/2208/3502 3770/2207/3498 3769/2206/3497
f 3840/2208/3502 3842/2213/3503 3770/2207/3498
f 3842/2213/3503 3843/2212/3504 3770/2207/3498
f 3770/2207/3498 3843/2212/3504 3709/2211/3499
f 3709/2211/3499 3843/2212/3504 3684/2219/3505
f 3709/2211/3499 3684/2219/3505 3683/2218/3500
f 3683/2218/3500 3684/2219/3505 3377/2225/3506
f 3683/2218/3500 3377/2225/3506 3486/2224/3501
f 3486/2224/3501 3377/2225/3506 3502/2229/3507
f 3502/2229/3507 3483/2223/3495 3486/2224/3501
f 3747/2209/3508 3840/2208/3502 3769/2206/3497
f 3489/2215/3509 3840/2208/3502 3747/2209/3508
f 3489/2215/3509 3515/2214/3510 3840/2208/3502
f 3515/2214/3510 3842/2213/3503 3840/2208/3502
f 3515/2214/3510 3878/2222/3511 3842/2213/3503
f 3878/2222/3511 3758/2221/3512 3842/2213/3503
f 3842/2213/3503 3758/2221/3512 3791/2220/3513
f 3843/2212/3504 3842/2213/3503 3791/2220/3513
f 3843/2212/3504 3791/2220/3513 3684/2219/3505
f 3684/2219/3505 3791/2220/3513 3679/2226/3514
f 3684/2219/3505 3679/2226/3514 3377/2225/3506
f 3487/2216/3515 3489/2215/3509 3747/2209/3508
f 3537/2304/3516 3489/2215/3509 3487/2216/3515
f 3537/2304/3516 3504/2303/3517 3489/2215/3509
f 3504/2303/3517 3515/2214/3510 3489/2215/3509
f 3515/2214/3510 3504/2303/3517 3878/2222/3511
f 3504/2303/3517 3886/2299/3518 3878/2222/3511
f 3878/2222/3511 3886/2299/3518 3857/2234/3519
f 3878/2222/3511 3857/2234/3519 3793/2228/3520
f 3758/2221/3512 3878/2222/3511 3793/2228/3520
f 3758/2221/3512 3793/2228/3520 3839/2227/3521
f 3791/2220/3513 3758/2221/3512 3839/2227/3521
f 3791/2220/3513 3839/2227/3521 3679/2226/3514
f 3524/2305/3522 3537/2304/3516 3487/2216/3515
f 3493/2306/3523 3537/2304/3516 3524/2305/3522
f 3493/2306/3523 3506/2302/3524 3537/2304/3516
f 3506/2302/3524 3504/2303/3517 3537/2304/3516
f 3506/2302/3524 3494/2298/3525 3504/2303/3517
f 3494/2298/3525 3886/2299/3518 3504/2303/3517
f 3886/2299/3518 3494/2298/3525 3869/2293/3526
f 3886/2299/3518 3869/2293/3526 3857/2234/3519
f 3857/2234/3519 3869/2293/3526 3879/2240/3527
f 3857/2234/3519 3879/2240/3527 3748/2233/3528
f 3793/2228/3520 3857/2234/3519 3748/2233/3528
f 3527/2307/3529 3493/2306/3523 3524/2305/3522
f 3517/2301/3530 3493/2306/3523 3527/2307/3529
f 3517/2301/3530 3506/2302/3524 3493/2306/3523
f 3517/2301/3530 3494/2298/3525 3506/2302/3524
f 3517/2301/3530 3492/2297/3531 3494/2298/3525
f 3494/2298/3525 3492/2297/3531 3869/2293/3526
f 3869/2293/3526 3492/2297/3531 3856/2292/3532
f 3869/2293/3526 3856/2292/3532 3879/2240/3527
f 3879/2240/3527 3856/2292/3532 3859/2291/3533
f 3879/2240/3527 3859/2291/3533 3768/2239/3534
f 3748/2233/3528 3879/2240/3527 3768/2239/3534
f 3748/2233/3528 3768/2239/3534 3712/2238/3535
f 3759/2232/3536 3748/2233/3528 3712/2238/3535
f 3793/2228/3520 3748/2233/3528 3759/2232/3536
f 3517/2301/3530 3491/2296/3537 3492/2297/3531
f 3492/2297/3531 3491/2296/3537 3856/2292/3532
f 3856/2292/3532 3491/2296/3537 3870/2295/3538
f 3856/2292/3532 3870/2295/3538 3859/2291/3533
f 3870/2295/3538 3871/2290/3539 3859/2291/3533
f 3871/2290/3539 3858/2284/3540 3859/2291/3533
f 3859/2291/3533 3858/2284/3540 3768/2239/3534
f 3858/2284/3540 3761/2250/3541 3768/2239/3534
f 3768/2239/3534 3761/2250/3541 3792/2244/3542
f 3712/2238/3535 3768/2239/3534 3792/2244/3542
f 3517/2301/3530 3540/2300/3543 3491/2296/3537
f 3491/2296/3537 3540/2300/3543 3870/2295/3538
f 3540/2300/3543 3539/2294/3544 3870/2295/3538
f 3539/2294/3544 3871/2290/3539 3870/2295/3538
f 3539/2294/3544 3526/2289/3545 3871/2290/3539
f 3526/2289/3545 3860/2283/3546 3871/2290/3539
f 3871/2290/3539 3860/2283/3546 3858/2284/3540
f 3860/2283/3546 3861/2256/3547 3858/2284/3540
f 3858/2284/3540 3861/2256/3547 3761/2250/3541
f 3861/2256/3547 3838/2249/3548 3761/2250/3541
f 3761/2250/3541 3838/2249/3548 3792/2244/3542
f 3517/2301/3530 3539/2294/3544 3540/2300/3543
f 3518/2288/3530 3526/2289/3545 3539/2294/3544
f 3518/2288/3530 3528/2282/3549 3526/2289/3545
f 3526/2289/3545 3528/2282/3549 3860/2283/3546
f 3528/2282/3549 3538/2278/3550 3860/2283/3546
f 3860/2283/3546 3538/2278/3550 3861/2256/3547
f 3538/2278/3550 3525/2255/3551 3861/2256/3547
f 3861/2256/3547 3525/2255/3551 3838/2249/3548
f 3525/2255/3551 3757/2254/3552 3838/2249/3548
f 3838/2249/3548 3757/2254/3552 3845/2253/3553
f 3797/2248/3554 3838/2249/3548 3845/2253/3553
f 3838/2249/3548 3797/2248/3554 3792/2244/3542
f 3518/2288/3530 3541/2281/3555 3528/2282/3549
f 3528/2282/3549 3541/2281/3555 3516/2277/3556
f 3538/2278/3550 3528/2282/3549 3516/2277/3556
f 3538/2278/3550 3516/2277/3556 3505/2268/3557
f 3525/2255/3551 3538/2278/3550 3505/2268/3557
f 3525/2255/3551 3505/2268/3557 3862/2261/3558
f 3757/2254/3552 3525/2255/3551 3862/2261/3558
f 3757/2254/3552 3862/2261/3558 3863/2260/3559
f 3845/2253/3553 3757/2254/3552 3863/2260/3559
f 3845/2253/3553 3863/2260/3559 3756/2252/3560
f 3845/2253/3553 3756/2252/3560 3379/2247/3561
f 3797/2248/3554 3845/2253/3553 3379/2247/3561
f 3516/2277/3556 3541/2281/3555 3514/2280/3562
f 3516/2277/3556 3514/2280/3562 3503/2276/3563
f 3505/2268/3557 3516/2277/3556 3503/2276/3563
f 3505/2268/3557 3503/2276/3563 3799/2267/3564
f 3862/2261/3558 3505/2268/3557 3799/2267/3564
f 3862/2261/3558 3799/2267/3564 3863/2260/3559
f 3799/2267/3564 3795/2266/3565 3863/2260/3559
f 3863/2260/3559 3795/2266/3565 3707/2259/3566
f 3863/2260/3559 3707/2259/3566 3756/2252/3560
f 3541/2281/3555 3507/2286/3567 3514/2280/3562
f 3507/2286/3567 3495/2285/3568 3514/2280/3562
f 3495/2285/3568 3488/2279/3569 3514/2280/3562
f 3514/2280/3562 3488/2279/3569 3503/2276/3563
f 3488/2279/3569 3490/2275/3570 3503/2276/3563
f 3503/2276/3563 3490/2275/3570 3799/2267/3564
f 3490/2275/3570 3844/2274/3508 3799/2267/3564
f 3799/2267/3564 3844/2274/3508 3795/2266/3565
f 3496/2287/3530 3507/2286/3567 3541/2281/3555
f 3496/2287/3530 3495/2285/3568 3507/2286/3567
f 3844/2274/3508 3841/2273/3571 3795/2266/3565
f 3795/2266/3565 3841/2273/3571 3685/2265/3572
f 3795/2266/3565 3685/2265/3572 3707/2259/3566
f 3707/2259/3566 3685/2265/3572 3837/2264/3573
f 3708/2258/3574 3707/2259/3566 3837/2264/3573
f 3707/2259/3566 3708/2258/3574 3713/2251/3575
f 3756/2252/3560 3707/2259/3566 3713/2251/3575
f 3841/2273/3571 3760/2272/3496 3685/2265/3572
f 3685/2265/3572 3760/2272/3496 3837/2264/3573
f 3760/2272/3496 3786/2271/3487 3837/2264/3573
f 3837/2264/3573 3786/2271/3487 3522/2270/3576
f 3481/2269/3577 3837/2264/3573 3522/2270/3576
f 3481/2269/3577 3512/2263/3578 3837/2264/3573
f 3512/2263/3578 3708/2258/3574 3837/2264/3573
f 3708/2258/3574 3512/2263/3578 3501/2257/3579
f 3713/2251/3575 3708/2258/3574 3501/2257/3579
f 3713/2251/3575 3501/2257/3579 3484/2245/3580
f 3677/2246/3581 3713/2251/3575 3484/2245/3580
f 3756/2252/3560 3713/2251/3575 3677/2246/3581
f 3379/2247/3561 3756/2252/3560 3677/2246/3581
f 3522/2270/3576 3482/2262/3491 3481/2269/3577
f 3481/2269/3577 3482/2262/3491 3512/2263/3578
f 3512/2263/3578 3482/2262/3491 3501/2257/3579
f 3501/2257/3579 3482/2262/3491 3484/2245/3580
f 3839/2227/3521 3793/2228/3520 3759/2232/3536
f 3839/2227/3521 3759/2232/3536 3278/2231/3582
f 3679/2226/3514 3839/2227/3521 3278/2231/3582
f 3679/2226/3514 3278/2231/3582 3682/2230/3583
f 3377/2225/3506 3679/2226/3514 3682/2230/3583
f 3377/2225/3506 3682/2230/3583 3502/2229/3507
f 3502/2229/3507 3682/2230/3583 3513/2235/3584
f 3513/2235/3584 3483/2223/3495 3502/2229/3507
f 3278/2231/3582 3759/2232/3536 3275/2237/3585
f 3278/2231/3582 3275/2237/3585 3277/2236/3586
f 3682/2230/3583 3278/2231/3582 3277/2236/3586
f 3682/2230/3583 3277/2236/3586 3513/2235/3584
f 3513/2235/3584 3277/2236/3586 3523/2241/3587
f 3523/2241/3587 3483/2223/3495 3513/2235/3584
f 3484/2245/3580 3483/2223/3495 3523/2241/3587
f 3677/2246/3581 3484/2245/3580 3523/2241/3587
f 3465/2242/3588 3677/2246/3581 3523/2241/3587
f 3379/2247/3561 3677/2246/3581 3465/2242/3588
f 3759/2232/3536 3712/2238/3535 3275/2237/3585
f 3275/2237/3585 3712/2238/3535 3273/2243/3589
f 3275/2237/3585 3273/2243/3589 3465/2242/3588
f 3277/2236/3586 3275/2237/3585 3465/2242/3588
f 3277/2236/3586 3465/2242/3588 3523/2241/3587
f 3712/2238/3535 3792/2244/3542 3273/2243/3589
f 3792/2244/3542 3797/2248/3554 3273/2243/3589
f 3797/2248/3554 3379/2247/3561 3273/2243/3589
f 3273/2243/3589 3379/2247/3561 3465/2242/3588
s 30
f 3884/2309/3590 3888/2308/3591 3899/2310/3592
f 3888/2308/3591 3897/2314/3593 3899/2310/3592
f 3899/2310/3592 3897/2314/3593 3889/2313/3594
f 3899/2310/3592 3889/2313/3594 4542/2312/3595
f 4530/2311/3596 3899/2310/3592 4542/2312/3595
f 3884/2309/3590 3899/2310/3592 4530/2311/3596
f 4540/2318/3597 3884/2309/3590 4530/2311/3596
f 4540/2318/3597 4530/2311/3596 4531/2319/3598
f 3897/2314/3593 3888/2308/3591 3898/2315/3599
f 3876/2316/3600 3897/2314/3593 3898/2315/3599
f 3897/2314/3593 3876/2316/3600 3889/2313/3594
f 3889/2313/3594 3876/2316/3600 3868/2324/3601
f 3881/2323/3602 3889/2313/3594 3868/2324/3601
f 4542/2312/3595 3889/2313/3594 3881/2323/3602
f 4194/2322/3603 4542/2312/3595 3881/2323/3602
f 4542/2312/3595 4194/2322/3603 4524/2321/3604
f 4524/2321/3604 4523/2320/3605 4542/2312/3595
f 4523/2320/3605 4530/2311/3596 4542/2312/3595
f 4530/2311/3596 4523/2320/3605 4531/2319/3598
f 3876/2316/3600 3898/2315/3599 3877/2317/3606
f 3868/2324/3601 3876/2316/3600 3877/2317/3606
f 3868/2324/3601 3877/2317/3606 3880/2371/3607
f 3881/2323/3602 3868/2324/3601 3880/2371/3607
f 3885/2330/3608 3881/2323/3602 3880/2371/3607
f 4194/2322/3603 3881/2323/3602 3885/2330/3608
f 4541/2329/3609 4194/2322/3603 3885/2330/3608
f 4195/2328/3610 4194/2322/3603 4541/2329/3609
f 4194/2322/3603 4195/2328/3610 4524/2321/3604
f 4524/2321/3604 4195/2328/3610 4529/2327/3611
f 4503/2326/3612 4524/2321/3604 4529/2327/3611
f 4524/2321/3604 4503/2326/3612 4523/2320/3605
f 3877/2317/3606 3872/2370/3613 3880/2371/3607
f 3885/2330/3608 3880/2371/3607 3872/2370/3613
f 4369/2369/3614 3885/2330/3608 3872/2370/3613
f 3885/2330/3608 4369/2369/3614 4506/2368/3615
f 4541/2329/3609 3885/2330/3608 4506/2368/3615
f 4506/2368/3615 4202/2365/3616 4541/2329/3609
f 4202/2365/3616 4528/2366/3617 4541/2329/3609
f 4528/2366/3617 4195/2328/3610 4541/2329/3609
f 4529/2327/3611 4195/2328/3610 4528/2366/3617
f 4198/2359/3618 4529/2327/3611 4528/2366/3617
f 4529/2327/3611 4198/2359/3618 4179/2360/3619
f 4522/2336/3620 4529/2327/3611 4179/2360/3619
f 4529/2327/3611 4522/2336/3620 4503/2326/3612
f 4198/2359/3618 4528/2366/3617 4202/2365/3616
f 4536/2358/3621 4198/2359/3618 4202/2365/3616
f 4500/2353/3622 4198/2359/3618 4536/2358/3621
f 4500/2353/3622 4203/2354/3623 4198/2359/3618
f 4203/2354/3623 4179/2360/3619 4198/2359/3618
f 3476/2361/3624 4179/2360/3619 4203/2354/3623
f 4179/2360/3619 3476/2361/3624 4522/2336/3620
f 3476/2361/3624 3847/2343/3625 4522/2336/3620
f 4522/2336/3620 3847/2343/3625 4201/2335/3626
f 4522/2336/3620 4201/2335/3626 4503/2326/3612
f 4535/2352/243 4500/2353/3622 4536/2358/3621
f 4526/2345/3627 4500/2353/3622 4535/2352/243
f 4526/2345/3627 4521/2346/3628 4500/2353/3622
f 4521/2346/3628 4203/2354/3623 4500/2353/3622
f 3478/2355/3629 4203/2354/3623 4521/2346/3628
f 3478/2355/3629 3476/2361/3624 4203/2354/3623
f 3851/2362/3630 3476/2361/3624 3478/2355/3629
f 3851/2362/3630 3850/2367/3631 3476/2361/3624
f 3850/2367/3631 3847/2343/3625 3476/2361/3624
f 4532/2351/242 4526/2345/3627 4535/2352/243
f 4532/2351/242 4533/2344/3632 4526/2345/3627
f 4533/2344/3632 4527/2338/3633 4526/2345/3627
f 4521/2346/3628 4526/2345/3627 4527/2338/3633
f 4200/2339/3634 4521/2346/3628 4527/2338/3633
f 4200/2339/3634 3509/2347/3635 4521/2346/3628
f 3509/2347/3635 3498/2356/3636 4521/2346/3628
f 3498/2356/3636 3478/2355/3629 4521/2346/3628
f 3853/2363/3637 3478/2355/3629 3498/2356/3636
f 3853/2363/3637 3851/2362/3630 3478/2355/3629
f 4527/2338/3633 4533/2344/3632 4534/2337/244
f 4189/2332/3638 4527/2338/3633 4534/2337/244
f 4527/2338/3633 4189/2332/3638 4200/2339/3634
f 4189/2332/3638 3874/2333/3639 4200/2339/3634
f 3874/2333/3639 3520/2340/3640 4200/2339/3634
f 3520/2340/3640 3509/2347/3635 4200/2339/3634
f 3509/2347/3635 3520/2340/3640 3854/2348/3641
f 3854/2348/3641 3883/2357/3642 3509/2347/3635
f 3883/2357/3642 3498/2356/3636 3509/2347/3635
f 3883/2357/3642 3853/2363/3637 3498/2356/3636
f 4534/2337/244 4186/2331/3643 4189/2332/3638
f 4186/2331/3643 4543/2325/3644 4189/2332/3638
f 3874/2333/3639 4189/2332/3638 4543/2325/3644
f 3865/2334/3645 3874/2333/3639 4543/2325/3644
f 3520/2340/3640 3874/2333/3639 3865/2334/3645
f 3519/2341/3646 3520/2340/3640 3865/2334/3645
f 3846/2349/3647 3520/2340/3640 3519/2341/3646
f 3520/2340/3640 3846/2349/3647 3854/2348/3641
f 3867/2379/3648 3854/2348/3641 3846/2349/3647
f 3854/2348/3641 3867/2379/3648 3852/2364/3649
f 3883/2357/3642 3854/2348/3641 3852/2364/3649
f 3853/2363/3637 3883/2357/3642 3852/2364/3649
f 4543/2325/3644 4186/2331/3643 4531/2319/3598
f 4523/2320/3605 4543/2325/3644 4531/2319/3598
f 4503/2326/3612 4543/2325/3644 4523/2320/3605
f 4543/2325/3644 4503/2326/3612 3865/2334/3645
f 4503/2326/3612 4201/2335/3626 3865/2334/3645
f 3865/2334/3645 4201/2335/3626 3519/2341/3646
f 4201/2335/3626 3510/2342/3650 3519/2341/3646
f 3519/2341/3646 3510/2342/3650 3508/2350/3651
f 3508/2350/3651 3846/2349/3647 3519/2341/3646
f 3849/2378/3652 3846/2349/3647 3508/2350/3651
f 3849/2378/3652 3867/2379/3648 3846/2349/3647
f 3867/2379/3648 3849/2378/3652 3852/2364/3649
f 3849/2378/3652 3855/2374/3653 3852/2364/3649
f 3855/2374/3653 3853/2363/3637 3852/2364/3649
f 3851/2362/3630 3853/2363/3637 3855/2374/3653
f 3847/2343/3625 3510/2342/3650 4201/2335/3626
f 3873/2375/3654 3510/2342/3650 3847/2343/3625
f 3510/2342/3650 3873/2375/3654 3508/2350/3651
f 3508/2350/3651 3873/2375/3654 3864/2376/3655
f 3497/2377/3656 3508/2350/3651 3864/2376/3655
f 3497/2377/3656 3849/2378/3652 3508/2350/3651
f 3849/2378/3652 3497/2377/3656 3855/2374/3653
f 3497/2377/3656 3848/2373/3657 3855/2374/3653
f 3848/2373/3657 3851/2362/3630 3855/2374/3653
f 3851/2362/3630 3848/2373/3657 3882/2372/3658
f 3850/2367/3631 3851/2362/3630 3882/2372/3658
f 3850/2367/3631 3873/2375/3654 3847/2343/3625
f 3873/2375/3654 3850/2367/3631 3882/2372/3658
f 3864/2376/3655 3873/2375/3654 3882/2372/3658
f 3497/2377/3656 3864/2376/3655 3882/2372/3658
f 3848/2373/3657 3497/2377/3656 3882/2372/3658
s 31
f 4170/2380/3659 4177/2381/3660 4181/2382/3661
f 4142/2383/3662 4170/2380/3659 4181/2382/3661
f 4183/2384/3663 4170/2380/3659 4142/2383/3662
f 4183/2384/3663 4184/2385/3664 4170/2380/3659
f 4170/2380/3659 4184/2385/3664 4141/2386/3665
f 4177/2381/3660 4170/2380/3659 4141/2386/3665
f 4176/2387/3666 4142/2383/3662 4181/2382/3661
f 4142/2383/3662 4176/2387/3666 4171/2388/422
f 4509/2389/3667 4142/2383/3662 4171/2388/422
f 4183/2384/3663 4142/2383/3662 4509/2389/3667
f 4183/2384/3663 4509/2389/3667 4172/2390/3668
f 4183/2384/3663 4172/2390/3668 4153/2391/3669
f 4183/2384/3663 4153/2391/3669 4154/2392/3670
f 4183/2384/3663 4154/2392/3670 4184/2385/3664
f 4184/2385/3664 4154/2392/3670 4182/2393/434
f 4184/2385/3664 4182/2393/434 4187/2394/433
f 4184/2385/3664 4187/2394/433 4141/2386/3665
f 4175/2395/3671 4509/2389/3667 4171/2388/422
f 4509/2389/3667 4175/2395/3671 4174/2396/3672
f 4172/2390/3668 4509/2389/3667 4174/2396/3672
f 4172/2390/3668 4174/2396/3672 4173/2397/3673
f 4153/2391/3669 4172/2390/3668 4173/2397/3673
f 4143/2398/3674 4153/2391/3669 4173/2397/3673
f 4153/2391/3669 4143/2398/3674 4148/2399/3675
f 4154/2392/3670 4153/2391/3669 4148/2399/3675
f 4154/2392/3670 4148/2399/3675 4145/2400/438
f 4154/2392/3670 4145/2400/438 4182/2393/434
s 32
f 4165/2401/3676 4168/2402/3677 4250/2403/3678
f 4168/2402/3677 4360/2404/3679 4250/2403/3678
f 4250/2403/3678 4360/2404/3679 4253/2401/3680
f 4360/2404/3679 4358/2402/3681 4253/2401/3680
f 3908/2405/3682 4253/2401/3680 4358/2402/3681
f 3906/2406/3683 3908/2405/3682 4358/2402/3681
f 4251/2407/3684 3908/2405/3682 3906/2406/3683
f 4168/2402/3677 4165/2401/3676 4133/2405/3685
f 4505/2406/3686 4168/2402/3677 4133/2405/3685
f 3907/2408/3687 4168/2402/3677 4505/2406/3686
f 3907/2408/3687 4360/2404/3679 4168/2402/3677
f 4358/2402/3681 4360/2404/3679 3907/2408/3687
f 3906/2406/3683 4358/2402/3681 3907/2408/3687
f 4350/2409/3688 3906/2406/3683 3907/2408/3687
f 3906/2406/3683 4350/2409/3688 4251/2407/3684
f 4350/2409/3688 4246/2410/3689 4251/2407/3684
f 4351/2411/3690 4246/2410/3689 4350/2409/3688
f 4350/2409/3688 4347/2412/3691 4351/2411/3690
f 4347/2412/3691 4359/2413/3692 4351/2411/3690
f 4505/2406/3686 4133/2405/3685 4502/2407/3693
f 4518/2409/3694 4505/2406/3686 4502/2407/3693
f 3907/2408/3687 4505/2406/3686 4518/2409/3694
f 4504/2410/3695 4518/2409/3694 4502/2407/3693
f 4518/2409/3694 4504/2410/3695 4519/2411/3696
f 4498/2412/3697 4518/2409/3694 4519/2411/3696
f 3907/2408/3687 4518/2409/3694 4498/2412/3697
f 4497/2413/3698 4498/2412/3697 4519/2411/3696
f 4498/2412/3697 4497/2413/3698 4501/2414/3699
f 4498/2412/3697 4501/2414/3699 4517/2415/3700
f 4139/2416/3701 4498/2412/3697 4517/2415/3700
f 3907/2408/3687 4498/2412/3697 4139/2416/3701
f 4139/2416/3701 4517/2415/3700 4516/2417/3702
f 4496/2418/3703 4139/2416/3701 4516/2417/3702
f 3907/2408/3687 4139/2416/3701 4496/2418/3703
f 4495/2419/3704 4496/2418/3703 4516/2417/3702
f 4496/2418/3703 4495/2419/3704 4515/2420/3705
f 4496/2418/3703 4515/2420/3705 4514/2421/3706
f 4134/2422/3707 4496/2418/3703 4514/2421/3706
f 3907/2408/3687 4496/2418/3703 4134/2422/3707
f 3907/2408/3687 4134/2422/3707 3916/2423/3708
f 3916/2423/3708 4247/2422/3709 3907/2408/3687
f 4247/2422/3709 4346/2418/3710 3907/2408/3687
f 4346/2418/3710 4245/2416/3711 3907/2408/3687
f 4245/2416/3711 4347/2412/3691 3907/2408/3687
f 4347/2412/3691 4350/2409/3688 3907/2408/3687
f 4134/2422/3707 4514/2421/3706 4135/2424/3712
f 3916/2423/3708 4134/2422/3707 4135/2424/3712
f 4254/2425/3713 3916/2423/3708 4135/2424/3712
f 3916/2423/3708 4254/2425/3713 3915/2424/3714
f 4247/2422/3709 3916/2423/3708 3915/2424/3714
f 3915/2424/3714 3902/2421/3715 4247/2422/3709
f 4247/2422/3709 3902/2421/3715 4346/2418/3710
f 3902/2421/3715 3903/2420/3716 4346/2418/3710
f 3903/2420/3716 4348/2419/3717 4346/2418/3710
f 4346/2418/3710 4348/2419/3717 4245/2416/3711
f 4348/2419/3717 3917/2417/3718 4245/2416/3711
f 3917/2417/3718 3900/2415/3719 4245/2416/3711
f 4245/2416/3711 3900/2415/3719 4347/2412/3691
f 3900/2415/3719 3901/2414/3720 4347/2412/3691
f 3901/2414/3720 4359/2413/3692 4347/2412/3691
s 33
f 4138/2426/3676 3905/2427/3678 4623/2428/3721
f 3905/2427/3678 4578/2429/3722 4623/2428/3721
f 4623/2428/3721 4578/2429/3722 4615/2430/3723
f 4615/2430/3723 4630/2431/3724 4623/2428/3721
f 4630/2431/3724 4622/2432/3725 4623/2428/3721
f 4138/2426/3676 4623/2428/3721 4622/2432/3725
f 4512/2433/3685 4138/2426/3676 4622/2432/3725
f 4622/2432/3725 4611/2434/3726 4512/2433/3685
f 4611/2434/3726 4513/2435/3693 4512/2433/3685
f 4408/2428/3727 4578/2429/3722 3905/2427/3678
f 4408/2428/3727 4739/2430/3728 4578/2429/3722
f 4739/2430/3728 4402/2436/3729 4578/2429/3722
f 4578/2429/3722 4402/2436/3729 4615/2430/3723
f 4612/2437/3730 4615/2430/3723 4402/2436/3729
f 4615/2430/3723 4612/2437/3730 4630/2431/3724
f 4612/2437/3730 3925/2438/3731 4630/2431/3724
f 4630/2431/3724 3925/2438/3731 3926/2439/3732
f 4630/2431/3724 3926/2439/3732 4622/2432/3725
f 3926/2439/3732 4611/2434/3726 4622/2432/3725
f 3904/2426/3680 4408/2428/3727 3905/2427/3678
f 4407/2432/3733 4408/2428/3727 3904/2426/3680
f 4408/2428/3727 4407/2432/3733 4642/2431/3734
f 4739/2430/3728 4408/2428/3727 4642/2431/3734
f 4739/2430/3728 4642/2431/3734 4741/2437/3735
f 4402/2436/3729 4739/2430/3728 4741/2437/3735
f 4640/2440/3736 4402/2436/3729 4741/2437/3735
f 4640/2440/3736 4612/2437/3730 4402/2436/3729
f 4640/2440/3736 4636/2441/3737 4612/2437/3730
f 4636/2441/3737 4370/2442/3738 4612/2437/3730
f 4612/2437/3730 4370/2442/3738 3925/2438/3731
f 4259/2433/3682 4407/2432/3733 3904/2426/3680
f 4407/2432/3733 4259/2433/3682 4574/2434/3739
f 4407/2432/3733 4574/2434/3739 4643/2439/3740
f 4642/2431/3734 4407/2432/3733 4643/2439/3740
f 4642/2431/3734 4643/2439/3740 4641/2438/3741
f 4642/2431/3734 4641/2438/3741 4741/2437/3735
f 4659/2442/3742 4741/2437/3735 4641/2438/3741
f 4741/2437/3735 4659/2442/3742 4636/2441/3737
f 4640/2440/3736 4741/2437/3735 4636/2441/3737
f 4259/2433/3682 3914/2435/3684 4574/2434/3739
f 4574/2434/3739 3914/2435/3684 4401/2443/3743
f 4574/2434/3739 4401/2443/3743 4740/2444/3744
f 4643/2439/3740 4574/2434/3739 4740/2444/3744
f 4639/2445/3745 4643/2439/3740 4740/2444/3744
f 4643/2439/3740 4639/2445/3745 4641/2438/3741
f 4641/2438/3741 4639/2445/3745 4693/2446/3746
f 4693/2446/3746 4659/2442/3742 4641/2438/3741
f 4751/2447/3747 4659/2442/3742 4693/2446/3746
f 4659/2442/3742 4751/2447/3747 4658/2448/3748
f 4636/2441/3737 4659/2442/3742 4658/2448/3748
f 3914/2435/3684 4255/2449/3689 4401/2443/3743
f 4704/2450/3749 4401/2443/3743 4255/2449/3689
f 4704/2450/3749 4706/2451/3750 4401/2443/3743
f 4706/2451/3750 4740/2444/3744 4401/2443/3743
f 4740/2444/3744 4706/2451/3750 4687/2452/3751
f 4638/2453/3752 4740/2444/3744 4687/2452/3751
f 4638/2453/3752 4639/2445/3745 4740/2444/3744
f 4680/2454/3753 4639/2445/3745 4638/2453/3752
f 4639/2445/3745 4680/2454/3753 4693/2446/3746
f 4773/2455/3754 4693/2446/3746 4680/2454/3753
f 4773/2455/3754 4751/2447/3747 4693/2446/3746
f 3911/2456/3755 4704/2450/3749 4255/2449/3689
f 3911/2456/3755 3910/2457/3756 4704/2450/3749
f 3910/2457/3756 4781/2458/3757 4704/2450/3749
f 4704/2450/3749 4781/2458/3757 4706/2451/3750
f 4781/2458/3757 4780/2459/3758 4706/2451/3750
f 4706/2451/3750 4780/2459/3758 4571/2460/3759
f 4687/2452/3751 4706/2451/3750 4571/2460/3759
f 4687/2452/3751 4571/2460/3759 1248/2461/3760
f 4689/2462/3761 4687/2452/3751 1248/2461/3760
f 4689/2462/3761 4771/2463/3762 4687/2452/3751
f 4771/2463/3762 4638/2453/3752 4687/2452/3751
f 4771/2463/3762 4680/2454/3753 4638/2453/3752
f 3910/2457/3756 3959/2464/3720 4781/2458/3757
f 3959/2464/3720 4684/2465/3763 4781/2458/3757
f 4780/2459/3758 4781/2458/3757 4684/2465/3763
f 4685/2466/3764 4780/2459/3758 4684/2465/3763
f 4780/2459/3758 4685/2466/3764 4580/2467/3765
f 4571/2460/3759 4780/2459/3758 4580/2467/3765
f 4571/2460/3759 4580/2467/3765 1236/2468/3766
f 1248/2461/3760 4571/2460/3759 1236/2468/3766
f 1236/2468/3766 1240/2469/3767 1248/2461/3760
f 1240/2469/3767 1228/2470/3768 1248/2461/3760
f 4689/2462/3761 1248/2461/3760 1228/2470/3768
f 3959/2464/3720 3919/2471/3719 4684/2465/3763
f 3919/2471/3719 4556/2472/3769 4684/2465/3763
f 4684/2465/3763 4556/2472/3769 4685/2466/3764
f 4556/2472/3769 4570/2473/3770 4685/2466/3764
f 4580/2467/3765 4685/2466/3764 4570/2473/3770
f 4581/2474/3771 4580/2467/3765 4570/2473/3770
f 1236/2468/3766 4580/2467/3765 4581/2474/3771
f 1230/2475/3772 1236/2468/3766 4581/2474/3771
f 1230/2475/3772 1232/2476/3773 1236/2468/3766
f 1232/2476/3773 1240/2469/3767 1236/2468/3766
f 3919/2471/3719 3918/2477/3774 4556/2472/3769
f 3918/2477/3774 4589/2478/3775 4556/2472/3769
f 4556/2472/3769 4589/2478/3775 4570/2473/3770
f 4589/2478/3775 4469/2479/3776 4570/2473/3770
f 4581/2474/3771 4570/2473/3770 4469/2479/3776
f 4471/2480/3777 4581/2474/3771 4469/2479/3776
f 4471/2480/3777 1358/2481/3778 4581/2474/3771
f 1358/2481/3778 1230/2475/3772 4581/2474/3771
f 1358/2481/3778 1356/2482/3779 1230/2475/3772
f 1356/2482/3779 1232/2476/3773 1230/2475/3772
f 3918/2477/3774 4256/2483/3717 4589/2478/3775
f 4256/2483/3717 1241/2484/3780 4589/2478/3775
f 4469/2479/3776 4589/2478/3775 1241/2484/3780
f 1282/2485/3781 4469/2479/3776 1241/2484/3780
f 4471/2480/3777 4469/2479/3776 1282/2485/3781
f 1161/2486/3782 4471/2480/3777 1282/2485/3781
f 4471/2480/3777 1161/2486/3782 1357/2487/3783
f 1358/2481/3778 4471/2480/3777 1357/2487/3783
f 1357/2487/3783 1356/2482/3779 1358/2481/3778
f 1356/2482/3779 1357/2487/3783 1611/2488/3784
f 1356/2482/3779 1611/2488/3784 1233/2489/3785
f 1232/2476/3773 1356/2482/3779 1233/2489/3785
f 4256/2483/3717 3913/2490/3716 1241/2484/3780
f 3913/2490/3716 1600/2491/3786 1241/2484/3780
f 1282/2485/3781 1241/2484/3780 1600/2491/3786
f 1231/2492/3787 1282/2485/3781 1600/2491/3786
f 1161/2486/3782 1282/2485/3781 1231/2492/3787
f 1603/2493/3788 1161/2486/3782 1231/2492/3787
f 1161/2486/3782 1603/2493/3788 1357/2487/3783
f 1603/2493/3788 1589/2494/3789 1357/2487/3783
f 1357/2487/3783 1589/2494/3789 1611/2488/3784
f 1611/2488/3784 1589/2494/3789 1164/2495/3790
f 1588/2496/3791 1611/2488/3784 1164/2495/3790
f 1233/2489/3785 1611/2488/3784 1588/2496/3791
f 3913/2490/3716 3912/2497/3715 1600/2491/3786
f 3912/2497/3715 1172/2498/3792 1600/2491/3786
f 1600/2491/3786 1172/2498/3792 1231/2492/3787
f 1172/2498/3792 1173/2499/3793 1231/2492/3787
f 1603/2493/3788 1231/2492/3787 1173/2499/3793
f 1594/2500/3794 1603/2493/3788 1173/2499/3793
f 1594/2500/3794 1280/2501/3795 1603/2493/3788
f 1280/2501/3795 1589/2494/3789 1603/2493/3788
f 1589/2494/3789 1280/2501/3795 1374/2502/3796
f 1164/2495/3790 1589/2494/3789 1374/2502/3796
f 3912/2497/3715 4260/2503/3714 1172/2498/3792
f 4260/2503/3714 791/2504/3797 1172/2498/3792
f 1173/2499/3793 1172/2498/3792 791/2504/3797
f 1404/2505/3798 1173/2499/3793 791/2504/3797
f 1173/2499/3793 1404/2505/3798 1594/2500/3794
f 1404/2505/3798 1387/2506/3799 1594/2500/3794
f 1387/2506/3799 1405/2507/3800 1594/2500/3794
f 1405/2507/3800 1280/2501/3795 1594/2500/3794
f 1280/2501/3795 1405/2507/3800 1412/2508/3801
f 1374/2502/3796 1280/2501/3795 1412/2508/3801
f 4260/2503/3714 4275/2509/3802 791/2504/3797
f 4275/2509/3802 790/2510/3803 791/2504/3797
f 1404/2505/3798 791/2504/3797 790/2510/3803
f 786/2511/3804 1404/2505/3798 790/2510/3803
f 1387/2506/3799 1404/2505/3798 786/2511/3804
f 1393/2512/3805 1387/2506/3799 786/2511/3804
f 1393/2512/3805 1376/2513/3806 1387/2506/3799
f 1376/2513/3806 1405/2507/3800 1387/2506/3799
f 1405/2507/3800 1376/2513/3806 1414/2514/3807
f 1412/2508/3801 1405/2507/3800 1414/2514/3807
f 4275/2509/3802 4157/2503/3712 790/2510/3803
f 4157/2503/3712 4074/2504/3808 790/2510/3803
f 790/2510/3803 4074/2504/3808 4073/2505/3809
f 786/2511/3804 790/2510/3803 4073/2505/3809
f 786/2511/3804 4073/2505/3809 4338/2506/3810
f 1393/2512/3805 786/2511/3804 4338/2506/3810
f 1393/2512/3805 4338/2506/3810 1376/2513/3806
f 4338/2506/3810 4023/2507/3811 1376/2513/3806
f 1414/2514/3807 1376/2513/3806 4023/2507/3811
f 4026/2508/3812 1414/2514/3807 4023/2507/3811
f 1372/2515/3813 1414/2514/3807 4026/2508/3812
f 1412/2508/3801 1414/2514/3807 1372/2515/3813
f 4074/2504/3808 4157/2503/3712 4075/2498/3814
f 4074/2504/3808 4075/2498/3814 4028/2499/3815
f 4073/2505/3809 4074/2504/3808 4028/2499/3815
f 4028/2499/3815 4027/2500/3816 4073/2505/3809
f 4027/2500/3816 4338/2506/3810 4073/2505/3809
f 4338/2506/3810 4027/2500/3816 4023/2507/3811
f 4027/2500/3816 4072/2501/3817 4023/2507/3811
f 4026/2508/3812 4023/2507/3811 4072/2501/3817
f 4024/2502/3818 4026/2508/3812 4072/2501/3817
f 4067/2516/3819 4026/2508/3812 4024/2502/3818
f 4067/2516/3819 1372/2515/3813 4026/2508/3812
f 4157/2503/3712 4158/2497/3706 4075/2498/3814
f 4075/2498/3814 4158/2497/3706 4076/2491/3820
f 4076/2491/3820 4340/2492/3821 4075/2498/3814
f 4340/2492/3821 4028/2499/3815 4075/2498/3814
f 4028/2499/3815 4340/2492/3821 4030/2493/3822
f 4027/2500/3816 4028/2499/3815 4030/2493/3822
f 4027/2500/3816 4030/2493/3822 4072/2501/3817
f 4030/2493/3822 4031/2494/3823 4072/2501/3817
f 4024/2502/3818 4072/2501/3817 4031/2494/3823
f 4077/2495/3824 4024/2502/3818 4031/2494/3823
f 4029/2517/3825 4024/2502/3818 4077/2495/3824
f 4029/2517/3825 4067/2516/3819 4024/2502/3818
f 4158/2497/3706 4160/2490/3826 4076/2491/3820
f 4076/2491/3820 4160/2490/3826 4344/2484/3827
f 4076/2491/3820 4344/2484/3827 4343/2485/3828
f 4340/2492/3821 4076/2491/3820 4343/2485/3828
f 4340/2492/3821 4343/2485/3828 4078/2486/3829
f 4030/2493/3822 4340/2492/3821 4078/2486/3829
f 4078/2486/3829 4290/2487/3830 4030/2493/3822
f 4290/2487/3830 4031/2494/3823 4030/2493/3822
f 4079/2488/3831 4031/2494/3823 4290/2487/3830
f 4077/2495/3824 4031/2494/3823 4079/2488/3831
f 4160/2490/3826 4488/2483/3704 4344/2484/3827
f 4344/2484/3827 4488/2483/3704 4644/2478/3832
f 4344/2484/3827 4644/2478/3832 4646/2479/3833
f 4343/2485/3828 4344/2484/3827 4646/2479/3833
f 4343/2485/3828 4646/2479/3833 4742/2480/3834
f 4078/2486/3829 4343/2485/3828 4742/2480/3834
f 4742/2480/3834 4003/2481/3835 4078/2486/3829
f 4003/2481/3835 4290/2487/3830 4078/2486/3829
f 4003/2481/3835 3988/2482/3836 4290/2487/3830
f 3988/2482/3836 4079/2488/3831 4290/2487/3830
f 4488/2483/3704 4510/2477/3702 4644/2478/3832
f 4644/2478/3832 4510/2477/3702 4647/2472/3837
f 4647/2472/3837 4743/2473/3838 4644/2478/3832
f 4743/2473/3838 4646/2479/3833 4644/2478/3832
f 4646/2479/3833 4743/2473/3838 4746/2474/3839
f 4742/2480/3834 4646/2479/3833 4746/2474/3839
f 4003/2481/3835 4742/2480/3834 4746/2474/3839
f 4034/2475/3840 4003/2481/3835 4746/2474/3839
f 3988/2482/3836 4003/2481/3835 4034/2475/3840
f 4035/2476/3841 3988/2482/3836 4034/2475/3840
f 3988/2482/3836 4035/2476/3841 4079/2488/3831
f 4510/2477/3702 4159/2471/3700 4647/2472/3837
f 4647/2472/3837 4159/2471/3700 4766/2465/3842
f 4766/2465/3842 4769/2466/3843 4647/2472/3837
f 4769/2466/3843 4743/2473/3838 4647/2472/3837
f 4743/2473/3838 4769/2466/3843 4651/2467/3844
f 4746/2474/3839 4743/2473/3838 4651/2467/3844
f 4034/2475/3840 4746/2474/3839 4651/2467/3844
f 4071/2468/3845 4034/2475/3840 4651/2467/3844
f 4035/2476/3841 4034/2475/3840 4071/2468/3845
f 4081/2469/3846 4035/2476/3841 4071/2468/3845
f 4080/2489/3847 4035/2476/3841 4081/2469/3846
f 4035/2476/3841 4080/2489/3847 4079/2488/3831
f 4159/2471/3700 4136/2464/3848 4766/2465/3842
f 4766/2465/3842 4136/2464/3848 4674/2458/3849
f 4766/2465/3842 4674/2458/3849 4695/2459/3850
f 4769/2466/3843 4766/2465/3842 4695/2459/3850
f 4651/2467/3844 4769/2466/3843 4695/2459/3850
f 4650/2460/3851 4651/2467/3844 4695/2459/3850
f 4651/2467/3844 4650/2460/3851 4071/2468/3845
f 4650/2460/3851 4336/2461/3852 4071/2468/3845
f 4081/2469/3846 4071/2468/3845 4336/2461/3852
f 4022/2470/3853 4081/2469/3846 4336/2461/3852
f 4345/2518/3854 4081/2469/3846 4022/2470/3853
f 4345/2518/3854 4080/2489/3847 4081/2469/3846
f 4136/2464/3848 4137/2457/3698 4674/2458/3849
f 4674/2458/3849 4137/2457/3698 4661/2450/3855
f 4661/2450/3855 4694/2451/3856 4674/2458/3849
f 4694/2451/3856 4695/2459/3850 4674/2458/3849
f 4650/2460/3851 4695/2459/3850 4694/2451/3856
f 4757/2452/3857 4650/2460/3851 4694/2451/3856
f 4336/2461/3852 4650/2460/3851 4757/2452/3857
f 4660/2462/3858 4336/2461/3852 4757/2452/3857
f 4336/2461/3852 4660/2462/3858 4022/2470/3853
f 4137/2457/3698 4162/2456/3696 4661/2450/3855
f 4162/2456/3696 4511/2449/3695 4661/2450/3855
f 4511/2449/3695 4614/2443/3859 4661/2450/3855
f 4694/2451/3856 4661/2450/3855 4614/2443/3859
f 4396/2444/3860 4694/2451/3856 4614/2443/3859
f 4757/2452/3857 4694/2451/3856 4396/2444/3860
f 4607/2453/3861 4757/2452/3857 4396/2444/3860
f 4757/2452/3857 4607/2453/3861 4678/2463/3862
f 4660/2462/3858 4757/2452/3857 4678/2463/3862
f 4678/2463/3862 4701/2519/3863 4660/2462/3858
f 4701/2519/3863 4663/2520/3864 4660/2462/3858
f 4660/2462/3858 4663/2520/3864 4022/2470/3853
f 4614/2443/3859 4511/2449/3695 4513/2435/3693
f 4611/2434/3726 4614/2443/3859 4513/2435/3693
f 4396/2444/3860 4614/2443/3859 4611/2434/3726
f 3926/2439/3732 4396/2444/3860 4611/2434/3726
f 3926/2439/3732 4613/2445/3865 4396/2444/3860
f 4613/2445/3865 4607/2453/3861 4396/2444/3860
f 4613/2445/3865 4669/2454/3866 4607/2453/3861
f 4669/2454/3866 4678/2463/3862 4607/2453/3861
f 4678/2463/3862 4669/2454/3866 4668/2521/3867
f 4701/2519/3863 4678/2463/3862 4668/2521/3867
f 4668/2521/3867 4776/2522/3868 4701/2519/3863
f 4776/2522/3868 4673/2523/3869 4701/2519/3863
f 4663/2520/3864 4701/2519/3863 4673/2523/3869
f 4759/2524/3870 4663/2520/3864 4673/2523/3869
f 4022/2470/3853 4663/2520/3864 4759/2524/3870
f 3925/2438/3731 4613/2445/3865 3926/2439/3732
f 3925/2438/3731 4705/2446/3871 4613/2445/3865
f 4705/2446/3871 4669/2454/3866 4613/2445/3865
f 4669/2454/3866 4705/2446/3871 4702/2455/3872
f 4668/2521/3867 4669/2454/3866 4702/2455/3872
f 4776/2522/3868 4668/2521/3867 4702/2455/3872
f 4779/2525/3873 4776/2522/3868 4702/2455/3872
f 4779/2525/3873 4372/2526/3874 4776/2522/3868
f 4372/2526/3874 4354/2527/3875 4776/2522/3868
f 4673/2523/3869 4776/2522/3868 4354/2527/3875
f 4672/2528/3876 4673/2523/3869 4354/2527/3875
f 4759/2524/3870 4673/2523/3869 4672/2528/3876
f 4370/2442/3738 4705/2446/3871 3925/2438/3731
f 4705/2446/3871 4370/2442/3738 4349/2447/3877
f 4702/2455/3872 4705/2446/3871 4349/2447/3877
f 4702/2455/3872 4349/2447/3877 4779/2525/3873
f 4349/2447/3877 4055/2529/3878 4779/2525/3873
f 4779/2525/3873 4055/2529/3878 3923/2530/3879
f 4372/2526/3874 4779/2525/3873 3923/2530/3879
f 4372/2526/3874 3923/2530/3879 4365/2531/3880
f 4354/2527/3875 4372/2526/3874 4365/2531/3880
f 4364/2532/3881 4354/2527/3875 4365/2531/3880
f 4672/2528/3876 4354/2527/3875 4364/2532/3881
f 4349/2447/3877 4370/2442/3738 4055/2529/3878
f 4370/2442/3738 4366/2448/3882 4055/2529/3878
f 4055/2529/3878 4366/2448/3882 4353/2533/3883
f 3923/2530/3879 4055/2529/3878 4353/2533/3883
f 3923/2530/3879 4353/2533/3883 4365/2531/3880
f 4353/2533/3883 4397/2534/3884 4365/2531/3880
f 4397/2534/3884 4456/2535/3885 4365/2531/3880
f 4364/2532/3881 4365/2531/3880 4456/2535/3885
f 3924/2536/3886 4364/2532/3881 4456/2535/3885
f 4775/2537/3887 4364/2532/3881 3924/2536/3886
f 4775/2537/3887 4672/2528/3876 4364/2532/3881
f 4366/2448/3882 4370/2442/3738 4636/2441/3737
f 4652/2538/3888 4366/2448/3882 4636/2441/3737
f 4652/2538/3888 4654/2539/3889 4366/2448/3882
f 4654/2539/3889 4353/2533/3883 4366/2448/3882
f 4397/2534/3884 4353/2533/3883 4654/2539/3889
f 4738/2540/3890 4397/2534/3884 4654/2539/3889
f 4397/2534/3884 4738/2540/3890 4382/2541/3891
f 4627/2542/3892 4397/2534/3884 4382/2541/3891
f 4627/2542/3892 4626/2543/3893 4397/2534/3884
f 4626/2543/3893 4456/2535/3885 4397/2534/3884
f 4652/2538/3888 4636/2441/3737 4658/2448/3748
f 4652/2538/3888 4658/2448/3748 4654/2539/3889
f 4658/2448/3748 4750/2533/3894 4654/2539/3889
f 4654/2539/3889 4750/2533/3894 4752/2534/3895
f 4738/2540/3890 4654/2539/3889 4752/2534/3895
f 4382/2541/3891 4738/2540/3890 4752/2534/3895
f 4381/2542/3896 4382/2541/3891 4752/2534/3895
f 4753/2544/3897 4382/2541/3891 4381/2542/3896
f 4627/2542/3892 4382/2541/3891 4753/2544/3897
f 4363/2545/3898 4627/2542/3892 4753/2544/3897
f 4363/2545/3898 4362/2546/3899 4627/2542/3892
f 4362/2546/3899 4626/2543/3893 4627/2542/3892
f 4750/2533/3894 4658/2448/3748 4653/2529/3900
f 4670/2530/3901 4750/2533/3894 4653/2529/3900
f 4764/2531/3902 4750/2533/3894 4670/2530/3901
f 4752/2534/3895 4750/2533/3894 4764/2531/3902
f 4655/2535/3903 4752/2534/3895 4764/2531/3902
f 4752/2534/3895 4655/2535/3903 4579/2543/3904
f 4381/2542/3896 4752/2534/3895 4579/2543/3904
f 4751/2447/3747 4653/2529/3900 4658/2448/3748
f 4692/2525/3905 4653/2529/3900 4751/2447/3747
f 4670/2530/3901 4653/2529/3900 4692/2525/3905
f 4671/2526/3906 4670/2530/3901 4692/2525/3905
f 4671/2526/3906 4764/2531/3902 4670/2530/3901
f 4764/2531/3902 4671/2526/3906 4761/2527/3907
f 4676/2532/3908 4764/2531/3902 4761/2527/3907
f 4764/2531/3902 4676/2532/3908 4655/2535/3903
f 4676/2532/3908 4637/2536/3909 4655/2535/3903
f 4655/2535/3903 4637/2536/3909 4406/2547/3910
f 4579/2543/3904 4655/2535/3903 4406/2547/3910
f 4773/2455/3754 4692/2525/3905 4751/2447/3747
f 4692/2525/3905 4773/2455/3754 4683/2522/3911
f 4671/2526/3906 4692/2525/3905 4683/2522/3911
f 4761/2527/3907 4671/2526/3906 4683/2522/3911
f 4761/2527/3907 4683/2522/3911 4699/2523/3912
f 4772/2528/3913 4761/2527/3907 4699/2523/3912
f 4676/2532/3908 4761/2527/3907 4772/2528/3913
f 4697/2537/3914 4676/2532/3908 4772/2528/3913
f 4676/2532/3908 4697/2537/3914 4637/2536/3909
f 4697/2537/3914 4778/2548/3915 4637/2536/3909
f 4778/2548/3915 4777/2549/3916 4637/2536/3909
f 4777/2549/3916 4406/2547/3910 4637/2536/3909
f 4773/2455/3754 4681/2521/3917 4683/2522/3911
f 4683/2522/3911 4681/2521/3917 4699/2523/3912
f 4681/2521/3917 4698/2519/3918 4699/2523/3912
f 4699/2523/3912 4698/2519/3918 4688/2520/3919
f 4686/2524/3920 4699/2523/3912 4688/2520/3919
f 4772/2528/3913 4699/2523/3912 4686/2524/3920
f 4709/2550/3921 4772/2528/3913 4686/2524/3920
f 4772/2528/3913 4709/2550/3921 4697/2537/3914
f 4709/2550/3921 4782/2551/3922 4697/2537/3914
f 4697/2537/3914 4782/2551/3922 4778/2548/3915
f 4681/2521/3917 4773/2455/3754 4680/2454/3753
f 4681/2521/3917 4680/2454/3753 4771/2463/3762
f 4698/2519/3918 4681/2521/3917 4771/2463/3762
f 4771/2463/3762 4689/2462/3761 4698/2519/3918
f 4689/2462/3761 4688/2520/3919 4698/2519/3918
f 4688/2520/3919 4689/2462/3761 1228/2470/3768
f 4686/2524/3920 4688/2520/3919 1228/2470/3768
f 1272/2552/3923 4686/2524/3920 1228/2470/3768
f 4709/2550/3921 4686/2524/3920 1272/2552/3923
f 1239/2553/3924 4709/2550/3921 1272/2552/3923
f 4709/2550/3921 1239/2553/3924 4782/2551/3922
f 1239/2553/3924 1238/2554/3925 4782/2551/3922
f 4707/2555/3926 4782/2551/3922 1238/2554/3925
f 4782/2551/3922 4707/2555/3926 4778/2548/3915
f 4707/2555/3926 4710/2556/3927 4778/2548/3915
f 4710/2556/3927 4777/2549/3916 4778/2548/3915
f 1272/2552/3923 1228/2470/3768 1240/2469/3767
f 1234/2518/3928 1272/2552/3923 1240/2469/3767
f 1239/2553/3924 1272/2552/3923 1234/2518/3928
f 1235/2557/3929 1239/2553/3924 1234/2518/3928
f 1238/2554/3925 1239/2553/3924 1235/2557/3929
f 1237/2558/3930 1238/2554/3925 1235/2557/3929
f 1238/2554/3925 1237/2558/3930 1249/2559/3931
f 1249/2559/3931 4707/2555/3926 1238/2554/3925
f 4710/2556/3927 4707/2555/3926 1249/2559/3931
f 2030/2560/3932 4710/2556/3927 1249/2559/3931
f 4785/2561/3933 4710/2556/3927 2030/2560/3932
f 4710/2556/3927 4785/2561/3933 4777/2549/3916
f 1234/2518/3928 1240/2469/3767 1232/2476/3773
f 1233/2489/3785 1234/2518/3928 1232/2476/3773
f 1235/2557/3929 1234/2518/3928 1233/2489/3785
f 1163/2562/3934 1235/2557/3929 1233/2489/3785
f 1237/2558/3930 1235/2557/3929 1163/2562/3934
f 1613/2563/3935 1237/2558/3930 1163/2562/3934
f 1275/2564/3936 1237/2558/3930 1613/2563/3935
f 1237/2558/3930 1275/2564/3936 1249/2559/3931
f 1249/2559/3931 1275/2564/3936 2030/2560/3932
f 1275/2564/3936 1217/2565/3937 2030/2560/3932
f 2030/2560/3932 1217/2565/3937 2037/2566/3938
f 2040/2567/3939 2030/2560/3932 2037/2566/3938
f 2040/2567/3939 4785/2561/3933 2030/2560/3932
f 1163/2562/3934 1233/2489/3785 1588/2496/3791
f 1163/2562/3934 1588/2496/3791 1613/2563/3935
f 1588/2496/3791 1164/2495/3790 1613/2563/3935
f 1613/2563/3935 1164/2495/3790 1162/2568/3940
f 1281/2569/3941 1613/2563/3935 1162/2568/3940
f 1281/2569/3941 1275/2564/3936 1613/2563/3935
f 1217/2565/3937 1275/2564/3936 1281/2569/3941
f 1365/2570/3942 1217/2565/3937 1281/2569/3941
f 1216/2571/3943 1217/2565/3937 1365/2570/3942
f 1217/2565/3937 1216/2571/3943 1215/2572/3944
f 2037/2566/3938 1217/2565/3937 1215/2572/3944
f 1162/2568/3940 1164/2495/3790 1375/2517/3945
f 1162/2568/3940 1375/2517/3945 1418/2573/3946
f 1417/2574/3947 1162/2568/3940 1418/2573/3946
f 1417/2574/3947 1365/2570/3942 1162/2568/3940
f 1365/2570/3942 1281/2569/3941 1162/2568/3940
f 1164/2495/3790 1374/2502/3796 1375/2517/3945
f 1375/2517/3945 1374/2502/3796 1373/2516/3948
f 1375/2517/3945 1373/2516/3948 1347/2575/3949
f 1418/2573/3946 1375/2517/3945 1347/2575/3949
f 1351/2576/3950 1418/2573/3946 1347/2575/3949
f 1417/2574/3947 1418/2573/3946 1351/2576/3950
f 1612/2577/3951 1417/2574/3947 1351/2576/3950
f 1612/2577/3951 1364/2578/3952 1417/2574/3947
f 1364/2578/3952 1365/2570/3942 1417/2574/3947
f 1364/2578/3952 1216/2571/3943 1365/2570/3942
f 1374/2502/3796 1412/2508/3801 1373/2516/3948
f 1373/2516/3948 1412/2508/3801 1372/2515/3813
f 1373/2516/3948 1372/2515/3813 1346/2579/3953
f 1347/2575/3949 1373/2516/3948 1346/2579/3953
f 1346/2579/3953 1360/2580/3954 1347/2575/3949
f 1360/2580/3954 1359/2581/3955 1347/2575/3949
f 1359/2581/3955 1351/2576/3950 1347/2575/3949
f 1351/2576/3950 1359/2581/3955 1605/2582/3956
f 1612/2577/3951 1351/2576/3950 1605/2582/3956
f 1419/2583/3957 1612/2577/3951 1605/2582/3956
f 1345/2584/3958 1612/2577/3951 1419/2583/3957
f 1364/2578/3952 1612/2577/3951 1345/2584/3958
f 1346/2579/3953 1372/2515/3813 4067/2516/3819
f 3999/2575/3959 1346/2579/3953 4067/2516/3819
f 1360/2580/3954 1346/2579/3953 3999/2575/3959
f 4292/2581/3960 1360/2580/3954 3999/2575/3959
f 4292/2581/3960 4005/2585/3961 1360/2580/3954
f 4005/2585/3961 1348/2586/3962 1360/2580/3954
f 1360/2580/3954 1348/2586/3962 1604/2585/3963
f 1359/2581/3955 1360/2580/3954 1604/2585/3963
f 1359/2581/3955 1604/2585/3963 1605/2582/3956
f 3999/2575/3959 4067/2516/3819 4029/2517/3825
f 4325/2573/3964 3999/2575/3959 4029/2517/3825
f 4325/2573/3964 4293/2576/3965 3999/2575/3959
f 4293/2576/3965 4292/2581/3960 3999/2575/3959
f 4293/2576/3965 4000/2582/3966 4292/2581/3960
f 4000/2582/3966 4005/2585/3961 4292/2581/3960
f 4005/2585/3961 4000/2582/3966 4006/2587/3967
f 4005/2585/3961 4006/2587/3967 1348/2586/3962
f 4006/2587/3967 1363/2588/3968 1348/2586/3962
f 1348/2586/3962 1363/2588/3968 1606/2587/3969
f 1604/2585/3963 1348/2586/3962 1606/2587/3969
f 1605/2582/3956 1604/2585/3963 1606/2587/3969
f 4325/2573/3964 4029/2517/3825 4342/2568/3970
f 4063/2574/3971 4325/2573/3964 4342/2568/3970
f 4293/2576/3965 4325/2573/3964 4063/2574/3971
f 3998/2577/3972 4293/2576/3965 4063/2574/3971
f 4000/2582/3966 4293/2576/3965 3998/2577/3972
f 4000/2582/3966 3998/2577/3972 4291/2583/3973
f 4001/2589/3974 4000/2582/3966 4291/2583/3973
f 4000/2582/3966 4001/2589/3974 4006/2587/3967
f 4342/2568/3970 4029/2517/3825 4077/2495/3824
f 4342/2568/3970 4077/2495/3824 4341/2563/3975
f 4339/2569/3976 4342/2568/3970 4341/2563/3975
f 4342/2568/3970 4339/2569/3976 4017/2570/3977
f 4063/2574/3971 4342/2568/3970 4017/2570/3977
f 4017/2570/3977 4016/2578/3978 4063/2574/3971
f 4016/2578/3978 3998/2577/3972 4063/2574/3971
f 4061/2584/3979 3998/2577/3972 4016/2578/3978
f 4291/2583/3973 3998/2577/3972 4061/2584/3979
f 4322/2590/3980 4291/2583/3973 4061/2584/3979
f 4001/2589/3974 4291/2583/3973 4322/2590/3980
f 4341/2563/3975 4077/2495/3824 4033/2496/3981
f 4032/2562/3982 4341/2563/3975 4033/2496/3981
f 4341/2563/3975 4032/2562/3982 4065/2558/3983
f 4341/2563/3975 4065/2558/3983 4009/2564/3984
f 4339/2569/3976 4341/2563/3975 4009/2564/3984
f 4339/2569/3976 4009/2564/3984 4331/2565/3985
f 4017/2570/3977 4339/2569/3976 4331/2565/3985
f 4017/2570/3977 4331/2565/3985 4064/2571/3986
f 4016/2578/3978 4017/2570/3977 4064/2571/3986
f 4033/2496/3981 4077/2495/3824 4079/2488/3831
f 4033/2496/3981 4079/2488/3831 4080/2489/3847
f 4032/2562/3982 4033/2496/3981 4080/2489/3847
f 4032/2562/3982 4080/2489/3847 4345/2518/3854
f 4337/2557/3987 4032/2562/3982 4345/2518/3854
f 4032/2562/3982 4337/2557/3987 4065/2558/3983
f 4065/2558/3983 4337/2557/3987 4299/2554/3988
f 4299/2554/3988 4020/2559/3989 4065/2558/3983
f 4020/2559/3989 4009/2564/3984 4065/2558/3983
f 4020/2559/3989 4046/2560/3990 4009/2564/3984
f 4046/2560/3990 4331/2565/3985 4009/2564/3984
f 4285/2566/3991 4331/2565/3985 4046/2560/3990
f 4285/2566/3991 4314/2572/3992 4331/2565/3985
f 4314/2572/3992 4064/2571/3986 4331/2565/3985
f 4337/2557/3987 4345/2518/3854 4327/2552/3993
f 4066/2553/3994 4337/2557/3987 4327/2552/3993
f 4337/2557/3987 4066/2553/3994 4299/2554/3988
f 4299/2554/3988 4066/2553/3994 4665/2551/3995
f 4299/2554/3988 4665/2551/3995 4756/2555/3996
f 4020/2559/3989 4299/2554/3988 4756/2555/3996
f 4020/2559/3989 4756/2555/3996 4747/2556/3997
f 4046/2560/3990 4020/2559/3989 4747/2556/3997
f 4327/2552/3993 4345/2518/3854 4022/2470/3853
f 4327/2552/3993 4022/2470/3853 4759/2524/3870
f 4327/2552/3993 4759/2524/3870 4667/2550/3998
f 4066/2553/3994 4327/2552/3993 4667/2550/3998
f 4066/2553/3994 4667/2550/3998 4665/2551/3995
f 4665/2551/3995 4667/2550/3998 4775/2537/3887
f 4665/2551/3995 4775/2537/3887 4675/2548/3999
f 4756/2555/3996 4665/2551/3995 4675/2548/3999
f 4756/2555/3996 4675/2548/3999 4747/2556/3997
f 4675/2548/3999 4770/2549/4000 4747/2556/3997
f 4664/2561/4001 4747/2556/3997 4770/2549/4000
f 4046/2560/3990 4747/2556/3997 4664/2561/4001
f 4667/2550/3998 4759/2524/3870 4672/2528/3876
f 4667/2550/3998 4672/2528/3876 4775/2537/3887
f 4313/2567/4002 4046/2560/3990 4664/2561/4001
f 4313/2567/4002 4285/2566/3991 4046/2560/3990
f 4696/2591/4003 4664/2561/4001 4770/2549/4000
f 4696/2591/4003 4770/2549/4000 4355/2592/4004
f 4357/2593/4005 4696/2591/4003 4355/2592/4004
f 4357/2593/4005 4355/2592/4004 4599/2594/4006
f 4054/2595/4007 4357/2593/4005 4599/2594/4006
f 4054/2595/4007 4599/2594/4006 4602/2596/4008
f 4452/2597/4009 4054/2595/4007 4602/2596/4008
f 4355/2592/4004 4770/2549/4000 4621/2547/4010
f 4356/2598/4011 4355/2592/4004 4621/2547/4010
f 4356/2598/4011 4450/2599/4012 4355/2592/4004
f 4450/2599/4012 4599/2594/4006 4355/2592/4004
f 4599/2594/4006 4450/2599/4012 4454/2600/4013
f 4602/2596/4008 4599/2594/4006 4454/2600/4013
f 4602/2596/4008 4454/2600/4013 3994/2601/4014
f 4319/2602/4015 4602/2596/4008 3994/2601/4014
f 4452/2597/4009 4602/2596/4008 4319/2602/4015
f 4059/2603/4016 4452/2597/4009 4319/2602/4015
f 3924/2536/3886 4621/2547/4010 4770/2549/4000
f 4621/2547/4010 3924/2536/3886 4456/2535/3885
f 4626/2543/3893 4621/2547/4010 4456/2535/3885
f 4621/2547/4010 4626/2543/3893 4362/2546/3899
f 4356/2598/4011 4621/2547/4010 4362/2546/3899
f 4362/2546/3899 4451/2604/4017 4356/2598/4011
f 4451/2604/4017 4450/2599/4012 4356/2598/4011
f 4451/2604/4017 4445/2605/4018 4450/2599/4012
f 4445/2605/4018 4454/2600/4013 4450/2599/4012
f 4675/2548/3999 3924/2536/3886 4770/2549/4000
f 4675/2548/3999 4775/2537/3887 3924/2536/3886
f 4314/2572/3992 4279/2606/4019 4064/2571/3986
f 4279/2606/4019 4010/2607/4020 4064/2571/3986
f 4064/2571/3986 4010/2607/4020 4007/2608/4021
f 4016/2578/3978 4064/2571/3986 4007/2608/4021
f 4007/2608/4021 4061/2584/3979 4016/2578/3978
f 4018/2609/4022 4061/2584/3979 4007/2608/4021
f 4061/2584/3979 4018/2609/4022 4322/2590/3980
f 4008/2610/4023 4010/2607/4020 4279/2606/4019
f 4008/2610/4023 4298/2611/4024 4010/2607/4020
f 4298/2611/4024 4007/2608/4021 4010/2607/4020
f 4298/2611/4024 4018/2609/4022 4007/2608/4021
f 4298/2611/4024 4281/2612/4025 4018/2609/4022
f 4281/2612/4025 4069/2613/4026 4018/2609/4022
f 4018/2609/4022 4069/2613/4026 4015/2614/4027
f 4018/2609/4022 4015/2614/4027 4322/2590/3980
f 4322/2590/3980 4015/2614/4027 4326/2615/4028
f 4326/2615/4028 4001/2589/3974 4322/2590/3980
f 3990/2616/4029 4008/2610/4023 4279/2606/4019
f 4008/2610/4023 3990/2616/4029 4049/2617/4030
f 4048/2618/4031 4008/2610/4023 4049/2617/4030
f 4008/2610/4023 4048/2618/4031 4281/2612/4025
f 4298/2611/4024 4008/2610/4023 4281/2612/4025
f 4056/2619/4032 4048/2618/4031 4049/2617/4030
f 4048/2618/4031 4056/2619/4032 3991/2620/4033
f 4281/2612/4025 4048/2618/4031 3991/2620/4033
f 4281/2612/4025 3991/2620/4033 4069/2613/4026
f 3991/2620/4033 4330/2621/4034 4069/2613/4026
f 4334/2622/4035 4069/2613/4026 4330/2621/4034
f 4069/2613/4026 4334/2622/4035 4015/2614/4027
f 4015/2614/4027 4334/2622/4035 4014/2623/4036
f 4015/2614/4027 4014/2623/4036 4326/2615/4028
f 4062/2624/4037 4326/2615/4028 4014/2623/4036
f 4326/2615/4028 4062/2624/4037 4001/2589/3974
f 4062/2624/4037 4006/2587/3967 4001/2589/3974
f 4317/2625/4038 4056/2619/4032 4049/2617/4030
f 4317/2625/4038 4059/2603/4016 4056/2619/4032
f 4059/2603/4016 4319/2602/4015 4056/2619/4032
f 3991/2620/4033 4056/2619/4032 4319/2602/4015
f 3994/2601/4014 3991/2620/4033 4319/2602/4015
f 4330/2621/4034 3991/2620/4033 3994/2601/4014
f 3996/2626/4039 4330/2621/4034 3994/2601/4014
f 4330/2621/4034 3996/2626/4039 4011/2627/4040
f 4011/2627/4040 4334/2622/4035 4330/2621/4034
f 4019/2628/4041 4334/2622/4035 4011/2627/4040
f 4334/2622/4035 4019/2628/4041 4014/2623/4036
f 4333/2629/4042 4014/2623/4036 4019/2628/4041
f 4333/2629/4042 4062/2624/4037 4014/2623/4036
f 4060/2630/4043 4062/2624/4037 4333/2629/4042
f 4062/2624/4037 4060/2630/4043 4006/2587/3967
f 4060/2630/4043 1363/2588/3968 4006/2587/3967
f 3996/2626/4039 3994/2601/4014 4454/2600/4013
f 4057/2631/4044 3996/2626/4039 4454/2600/4013
f 3996/2626/4039 4057/2631/4044 4458/2632/4045
f 4287/2633/4046 3996/2626/4039 4458/2632/4045
f 3996/2626/4039 4287/2633/4046 4011/2627/4040
f 4011/2627/4040 4287/2633/4046 3989/2634/4047
f 4012/2635/4048 4011/2627/4040 3989/2634/4047
f 4012/2635/4048 4019/2628/4041 4011/2627/4040
f 4025/2636/4049 4019/2628/4041 4012/2635/4048
f 4025/2636/4049 4333/2629/4042 4019/2628/4041
f 4057/2631/4044 4454/2600/4013 4457/2637/4050
f 4057/2631/4044 4457/2637/4050 4595/2638/4051
f 4458/2632/4045 4057/2631/4044 4595/2638/4051
f 4458/2632/4045 4595/2638/4051 4600/2639/4052
f 4603/2640/4053 4458/2632/4045 4600/2639/4052
f 4287/2633/4046 4458/2632/4045 4603/2640/4053
f 3989/2634/4047 4287/2633/4046 4603/2640/4053
f 3989/2634/4047 4603/2640/4053 4455/2641/4054
f 3997/2642/4055 3989/2634/4047 4455/2641/4054
f 3989/2634/4047 3997/2642/4055 4012/2635/4048
f 4454/2600/4013 4445/2605/4018 4457/2637/4050
f 4446/2643/4056 4457/2637/4050 4445/2605/4018
f 4446/2643/4056 4449/2644/4057 4457/2637/4050
f 4449/2644/4057 4595/2638/4051 4457/2637/4050
f 4595/2638/4051 4449/2644/4057 4447/2645/4058
f 4600/2639/4052 4595/2638/4051 4447/2645/4058
f 4600/2639/4052 4447/2645/4058 4597/2646/4059
f 4444/2647/4060 4600/2639/4052 4597/2646/4059
f 4603/2640/4053 4600/2639/4052 4444/2647/4060
f 4455/2641/4054 4603/2640/4053 4444/2647/4060
f 4596/2648/4061 4446/2643/4056 4445/2605/4018
f 4446/2643/4056 4596/2648/4061 4467/2649/4062
f 4467/2649/4062 4104/2650/4063 4446/2643/4056
f 4104/2650/4063 4449/2644/4057 4446/2643/4056
f 4449/2644/4057 4104/2650/4063 4474/2651/4064
f 4447/2645/4058 4449/2644/4057 4474/2651/4064
f 4447/2645/4058 4474/2651/4064 4304/2652/4065
f 4597/2646/4059 4447/2645/4058 4304/2652/4065
f 4445/2605/4018 4451/2604/4017 4596/2648/4061
f 4451/2604/4017 4448/2653/4066 4596/2648/4061
f 4470/2654/4067 4596/2648/4061 4448/2653/4066
f 4596/2648/4061 4470/2654/4067 4467/2649/4062
f 4467/2649/4062 4470/2654/4067 4099/2648/4068
f 4274/2643/4069 4467/2649/4062 4099/2648/4068
f 4467/2649/4062 4274/2643/4069 4104/2650/4063
f 4274/2643/4069 4102/2644/4070 4104/2650/4063
f 4474/2651/4064 4104/2650/4063 4102/2644/4070
f 4105/2645/4071 4474/2651/4064 4102/2644/4070
f 4304/2652/4065 4474/2651/4064 4105/2645/4071
f 4448/2653/4066 4451/2604/4017 4362/2546/3899
f 4363/2545/3898 4448/2653/4066 4362/2546/3899
f 4273/2655/4072 4448/2653/4066 4363/2545/3898
f 4273/2655/4072 4470/2654/4067 4448/2653/4066
f 4273/2655/4072 4100/2653/4073 4470/2654/4067
f 4100/2653/4073 4099/2648/4068 4470/2654/4067
f 4099/2648/4068 4100/2653/4073 4468/2604/4074
f 4257/2605/4075 4099/2648/4068 4468/2604/4074
f 4099/2648/4068 4257/2605/4075 4274/2643/4069
f 4257/2605/4075 4098/2637/4076 4274/2643/4069
f 4102/2644/4070 4274/2643/4069 4098/2637/4076
f 4097/2638/4077 4102/2644/4070 4098/2637/4076
f 4105/2645/4071 4102/2644/4070 4097/2638/4077
f 4753/2544/3897 4273/2655/4072 4363/2545/3898
f 4753/2544/3897 4656/2545/4078 4273/2655/4072
f 4656/2545/4078 4100/2653/4073 4273/2655/4072
f 4656/2545/4078 4657/2546/4079 4100/2653/4073
f 4657/2546/4079 4468/2604/4074 4100/2653/4073
f 4657/2546/4079 4760/2598/4080 4468/2604/4074
f 4760/2598/4080 4101/2599/4081 4468/2604/4074
f 4468/2604/4074 4101/2599/4081 4257/2605/4075
f 4101/2599/4081 4094/2600/4082 4257/2605/4075
f 4098/2637/4076 4257/2605/4075 4094/2600/4082
f 4258/2631/4083 4098/2637/4076 4094/2600/4082
f 4098/2637/4076 4258/2631/4083 4097/2638/4077
f 4656/2545/4078 4753/2544/3897 4381/2542/3896
f 4656/2545/4078 4381/2542/3896 4657/2546/4079
f 4381/2542/3896 4579/2543/3904 4657/2546/4079
f 4579/2543/3904 4406/2547/3910 4657/2546/4079
f 4406/2547/3910 4760/2598/4080 4657/2546/4079
f 4760/2598/4080 4406/2547/3910 4691/2592/4084
f 4760/2598/4080 4691/2592/4084 4101/2599/4081
f 4691/2592/4084 4465/2594/4085 4101/2599/4081
f 4094/2600/4082 4101/2599/4081 4465/2594/4085
f 4093/2596/4086 4094/2600/4082 4465/2594/4085
f 1189/2601/4087 4094/2600/4082 4093/2596/4086
f 4094/2600/4082 1189/2601/4087 1190/2626/4088
f 4258/2631/4083 4094/2600/4082 1190/2626/4088
f 4464/2632/4089 4258/2631/4083 1190/2626/4088
f 4258/2631/4083 4464/2632/4089 4097/2638/4077
f 4406/2547/3910 4777/2549/3916 4691/2592/4084
f 4691/2592/4084 4777/2549/3916 4703/2591/4090
f 4765/2593/4091 4691/2592/4084 4703/2591/4090
f 4465/2594/4085 4691/2592/4084 4765/2593/4091
f 4690/2595/4092 4465/2594/4085 4765/2593/4091
f 4093/2596/4086 4465/2594/4085 4690/2595/4092
f 4096/2597/4093 4093/2596/4086 4690/2595/4092
f 4087/2602/4094 4093/2596/4086 4096/2597/4093
f 4087/2602/4094 1189/2601/4087 4093/2596/4086
f 4785/2561/3933 4703/2591/4090 4777/2549/3916
f 4086/2603/4095 4087/2602/4094 4096/2597/4093
f 2034/2619/4096 4087/2602/4094 4086/2603/4095
f 4087/2602/4094 2034/2619/4096 1191/2620/4097
f 1189/2601/4087 4087/2602/4094 1191/2620/4097
f 1189/2601/4087 1191/2620/4097 1178/2621/4098
f 1190/2626/4088 1189/2601/4087 1178/2621/4098
f 2033/2625/4099 2034/2619/4096 4086/2603/4095
f 2033/2625/4099 2035/2617/4100 2034/2619/4096
f 2035/2617/4100 2031/2618/4101 2034/2619/4096
f 1191/2620/4097 2034/2619/4096 2031/2618/4101
f 1195/2612/4102 1191/2620/4097 2031/2618/4101
f 1195/2612/4102 1413/2613/4103 1191/2620/4097
f 1413/2613/4103 1178/2621/4098 1191/2620/4097
f 1178/2621/4098 1413/2613/4103 1370/2622/4104
f 1180/2627/4105 1178/2621/4098 1370/2622/4104
f 1178/2621/4098 1180/2627/4105 1190/2626/4088
f 1180/2627/4105 1194/2633/4106 1190/2626/4088
f 1194/2633/4106 4464/2632/4089 1190/2626/4088
f 2031/2618/4101 2035/2617/4100 1179/2610/4107
f 1195/2612/4102 2031/2618/4101 1179/2610/4107
f 1226/2611/4108 1195/2612/4102 1179/2610/4107
f 1226/2611/4108 1367/2609/4109 1195/2612/4102
f 1367/2609/4109 1413/2613/4103 1195/2612/4102
f 1367/2609/4109 1366/2614/4110 1413/2613/4103
f 1366/2614/4110 1370/2622/4104 1413/2613/4103
f 1366/2614/4110 1415/2623/4111 1370/2622/4104
f 1415/2623/4111 1371/2628/4112 1370/2622/4104
f 1180/2627/4105 1370/2622/4104 1371/2628/4112
f 2035/2617/4100 1193/2616/4113 1179/2610/4107
f 1193/2616/4113 1192/2606/4114 1179/2610/4107
f 1192/2606/4114 1218/2607/4115 1179/2610/4107
f 1179/2610/4107 1218/2607/4115 1226/2611/4108
f 1218/2607/4115 1362/2608/4116 1226/2611/4108
f 1226/2611/4108 1362/2608/4116 1367/2609/4109
f 1362/2608/4116 1345/2584/3958 1367/2609/4109
f 1345/2584/3958 1350/2590/4117 1367/2609/4109
f 1350/2590/4117 1366/2614/4110 1367/2609/4109
f 1350/2590/4117 1416/2615/4118 1366/2614/4110
f 1416/2615/4118 1415/2623/4111 1366/2614/4110
f 1216/2571/3943 1218/2607/4115 1192/2606/4114
f 1362/2608/4116 1218/2607/4115 1216/2571/3943
f 1364/2578/3952 1362/2608/4116 1216/2571/3943
f 1362/2608/4116 1364/2578/3952 1345/2584/3958
f 1215/2572/3944 1216/2571/3943 1192/2606/4114
f 1350/2590/4117 1345/2584/3958 1419/2583/3957
f 1350/2590/4117 1419/2583/3957 1610/2589/4119
f 1416/2615/4118 1350/2590/4117 1610/2589/4119
f 1416/2615/4118 1610/2589/4119 1349/2624/4120
f 1415/2623/4111 1416/2615/4118 1349/2624/4120
f 1369/2629/4121 1415/2623/4111 1349/2624/4120
f 1371/2628/4112 1415/2623/4111 1369/2629/4121
f 1610/2589/4119 1419/2583/3957 1605/2582/3956
f 1610/2589/4119 1605/2582/3956 1606/2587/3969
f 1610/2589/4119 1606/2587/3969 1349/2624/4120
f 1349/2624/4120 1606/2587/3969 1361/2630/4122
f 1369/2629/4121 1349/2624/4120 1361/2630/4122
f 1408/2656/4123 1369/2629/4121 1361/2630/4122
f 1410/2636/4124 1369/2629/4121 1408/2656/4123
f 1410/2636/4124 1371/2628/4112 1369/2629/4121
f 1221/2635/4125 1371/2628/4112 1410/2636/4124
f 1221/2635/4125 1180/2627/4105 1371/2628/4112
f 1221/2635/4125 1186/2634/4126 1180/2627/4105
f 1186/2634/4126 1194/2633/4106 1180/2627/4105
f 1606/2587/3969 1363/2588/3968 1361/2630/4122
f 1409/2657/4127 1361/2630/4122 1363/2588/3968
f 1409/2657/4127 1406/2658/4128 1361/2630/4122
f 1406/2658/4128 1408/2656/4123 1361/2630/4122
f 1406/2658/4128 1368/2659/4129 1408/2656/4123
f 1368/2659/4129 1411/2660/4130 1408/2656/4123
f 1411/2660/4130 1410/2636/4124 1408/2656/4123
f 1188/2661/4131 1410/2636/4124 1411/2660/4130
f 1188/2661/4131 1221/2635/4125 1410/2636/4124
f 1221/2635/4125 1188/2661/4131 1187/2642/4132
f 1186/2634/4126 1221/2635/4125 1187/2642/4132
f 1407/2662/4133 1409/2657/4127 1363/2588/3968
f 1407/2662/4133 1363/2588/3968 4321/2657/4134
f 1363/2588/3968 4060/2630/4043 4321/2657/4134
f 4321/2657/4134 4060/2630/4043 4068/2658/4135
f 4060/2630/4043 4070/2656/4136 4068/2658/4135
f 4068/2658/4135 4070/2656/4136 4021/2659/4137
f 4070/2656/4136 4332/2660/4138 4021/2659/4137
f 4021/2659/4137 4332/2660/4138 4013/2663/4139
f 4332/2660/4138 4296/2664/4140 4013/2663/4139
f 4121/2665/4141 4013/2663/4139 4296/2664/4140
f 4070/2656/4136 4060/2630/4043 4333/2629/4042
f 4333/2629/4042 4025/2636/4049 4070/2656/4136
f 4025/2636/4049 4332/2660/4138 4070/2656/4136
f 4332/2660/4138 4025/2636/4049 4297/2661/4142
f 4296/2664/4140 4332/2660/4138 4297/2661/4142
f 4296/2664/4140 4297/2661/4142 3997/2642/4055
f 4280/2666/4143 4296/2664/4140 3997/2642/4055
f 4280/2666/4143 4121/2665/4141 4296/2664/4140
f 4121/2665/4141 4280/2666/4143 4053/2667/4144
f 4123/2668/4145 4121/2665/4141 4053/2667/4144
f 4123/2668/4145 4053/2667/4144 4649/2669/4146
f 4161/2670/4147 4123/2668/4145 4649/2669/4146
f 4297/2661/4142 4025/2636/4049 4012/2635/4048
f 3997/2642/4055 4297/2661/4142 4012/2635/4048
f 4156/2671/4148 4161/2670/4147 4649/2669/4146
f 4648/2672/4149 4156/2671/4148 4649/2669/4146
f 3977/2673/4150 4156/2671/4148 4648/2672/4149
f 4303/2674/4151 3977/2673/4150 4648/2672/4149
f 3977/2673/4150 4303/2674/4151 4588/2672/4152
f 4307/2671/4153 3977/2673/4150 4588/2672/4152
f 4307/2671/4153 4588/2672/4152 4473/2669/4154
f 3952/2670/4155 4307/2671/4153 4473/2669/4154
f 4649/2669/4146 4444/2647/4060 4648/2672/4149
f 4444/2647/4060 4597/2646/4059 4648/2672/4149
f 4303/2674/4151 4648/2672/4149 4597/2646/4059
f 4304/2652/4065 4303/2674/4151 4597/2646/4059
f 4303/2674/4151 4304/2652/4065 4305/2646/4156
f 4588/2672/4152 4303/2674/4151 4305/2646/4156
f 4588/2672/4152 4305/2646/4156 4472/2647/4157
f 4473/2669/4154 4588/2672/4152 4472/2647/4157
f 4455/2641/4054 4444/2647/4060 4649/2669/4146
f 4053/2667/4144 4455/2641/4054 4649/2669/4146
f 4455/2641/4054 4053/2667/4144 3997/2642/4055
f 4053/2667/4144 4280/2666/4143 3997/2642/4055
f 4305/2646/4156 4304/2652/4065 4105/2645/4071
f 4305/2646/4156 4105/2645/4071 4103/2639/4158
f 4472/2647/4157 4305/2646/4156 4103/2639/4158
f 4472/2647/4157 4103/2639/4158 4089/2640/4159
f 4095/2641/4160 4472/2647/4157 4089/2640/4159
f 4473/2669/4154 4472/2647/4157 4095/2641/4160
f 4091/2667/4161 4473/2669/4154 4095/2641/4160
f 4473/2669/4154 4091/2667/4161 3978/2668/4162
f 3952/2670/4155 4473/2669/4154 3978/2668/4162
f 4103/2639/4158 4105/2645/4071 4097/2638/4077
f 4103/2639/4158 4097/2638/4077 4464/2632/4089
f 4089/2640/4159 4103/2639/4158 4464/2632/4089
f 4089/2640/4159 4464/2632/4089 1194/2633/4106
f 1186/2634/4126 4089/2640/4159 1194/2633/4106
f 4095/2641/4160 4089/2640/4159 1186/2634/4126
f 1187/2642/4132 4095/2641/4160 1186/2634/4126
f 4095/2641/4160 1187/2642/4132 4091/2667/4161
f 1187/2642/4132 1184/2666/4163 4091/2667/4161
f 4091/2667/4161 1184/2666/4163 4300/2665/4164
f 3978/2668/4162 4091/2667/4161 4300/2665/4164
f 1181/2664/4165 1184/2666/4163 1187/2642/4132
f 4300/2665/4164 1184/2666/4163 1181/2664/4165
f 1185/2663/4166 4300/2665/4164 1181/2664/4165
f 1185/2663/4166 1181/2664/4165 1411/2660/4130
f 1368/2659/4129 1185/2663/4166 1411/2660/4130
f 1188/2661/4131 1181/2664/4165 1187/2642/4132
f 1181/2664/4165 1188/2661/4131 1411/2660/4130
s 34
f 4278/2675/4167 4477/2676/4168 4487/2677/4169
f 4278/2675/4167 4487/2677/4169 4485/2678/4170
f 4278/2675/4167 4485/2678/4170 3955/2679/4171
f 3955/2679/4171 4277/2678/4172 4278/2675/4167
f 4277/2678/4172 3956/2677/4173 4278/2675/4167
f 3956/2677/4173 3953/2676/4174 4278/2675/4167
f 3953/2676/4174 3954/2680/4175 4278/2675/4167
f 3954/2680/4175 4276/2681/4176 4278/2675/4167
f 4276/2681/4176 3976/2682/4177 4278/2675/4167
f 3976/2682/4177 3957/2683/4178 4278/2675/4167
f 3957/2683/4178 3958/2684/4179 4278/2675/4167
f 3958/2684/4179 3951/2685/4133 4278/2675/4167
f 4278/2675/4167 3951/2685/4133 4108/2684/4180
f 4278/2675/4167 4108/2684/4180 4110/2683/4181
f 4278/2675/4167 4110/2683/4181 4122/2682/4182
f 4278/2675/4167 4122/2682/4182 4124/2681/4183
f 4278/2675/4167 4124/2681/4183 4155/2680/4184
f 4278/2675/4167 4155/2680/4184 4477/2676/4168
s 35
f 4002/2382/494 3950/2381/493 3986/2380/4185
f 3986/2380/4185 3950/2381/493 3948/2386/492
f 3946/2385/4186 3986/2380/4185 3948/2386/492
f 3986/2380/4185 3946/2385/4186 4004/2384/4187
f 3987/2383/4188 3986/2380/4185 4004/2384/4187
f 3986/2380/4185 3987/2383/4188 4002/2382/494
f 3987/2383/4188 4270/2387/504 4002/2382/494
f 3949/2388/511 4270/2387/504 3987/2383/4188
f 3987/2383/4188 3947/2389/4189 3949/2388/511
f 3947/2389/4189 4272/2395/518 3949/2388/511
f 3948/2386/492 4271/2394/4190 3946/2385/4186
f 4271/2394/4190 3944/2393/490 3946/2385/4186
f 3946/2385/4186 3944/2393/490 3940/2392/4191
f 3946/2385/4186 3940/2392/4191 4004/2384/4187
f 3940/2392/4191 4261/2391/4192 4004/2384/4187
f 4261/2391/4192 3943/2390/4193 4004/2384/4187
f 3943/2390/4193 3947/2389/4189 4004/2384/4187
f 3947/2389/4189 3987/2383/4188 4004/2384/4187
f 3944/2393/490 4042/2400/4194 3940/2392/4191
f 4042/2400/4194 3938/2399/488 3940/2392/4191
f 3940/2392/4191 3938/2399/488 4261/2391/4192
f 3938/2399/488 3933/2398/4195 4261/2391/4192
f 4261/2391/4192 3933/2398/4195 4269/2397/526
f 3943/2390/4193 4261/2391/4192 4269/2397/526
f 4269/2397/526 3945/2396/519 3943/2390/4193
f 3943/2390/4193 3945/2396/519 3947/2389/4189
f 3945/2396/519 4272/2395/518 3947/2389/4189
s 36
f 119/2686/4196 65/2687/4197 2624/2688/4198
f 127/2689/4199 119/2686/4196 2624/2688/4198
f 119/2686/4196 127/2689/4199 128/2690/4200
f 117/2691/4201 119/2686/4196 128/2690/4200
f 422/2692/4202 119/2686/4196 117/2691/4201
f 119/2686/4196 422/2692/4202 65/2687/4197
f 422/2692/4202 66/2693/4203 65/2687/4197
f 422/2692/4202 121/2694/4204 66/2693/4203
f 121/2694/4204 56/2695/4205 66/2693/4203
f 127/2689/4199 2624/2688/4198 2621/2696/4206
f 551/2697/4207 127/2689/4199 2621/2696/4206
f 127/2689/4199 551/2697/4207 691/2698/4208
f 128/2690/4200 127/2689/4199 691/2698/4208
f 128/2690/4200 691/2698/4208 8/2699/4209
f 22/2700/4210 128/2690/4200 8/2699/4209
f 117/2691/4201 128/2690/4200 22/2700/4210
f 103/2701/4211 117/2691/4201 22/2700/4210
f 130/2702/4212 117/2691/4201 103/2701/4211
f 130/2702/4212 422/2692/4202 117/2691/4201
f 551/2697/4207 2621/2696/4206 7/2703/4213
f 692/2704/4214 551/2697/4207 7/2703/4213
f 344/2705/4215 551/2697/4207 692/2704/4214
f 691/2698/4208 551/2697/4207 344/2705/4215
f 505/2706/4216 691/2698/4208 344/2705/4215
f 691/2698/4208 505/2706/4216 2620/2707/4217
f 8/2699/4209 691/2698/4208 2620/2707/4217
f 690/2708/4218 692/2704/4214 7/2703/4213
f 692/2704/4214 690/2708/4218 689/2709/4219
f 507/2710/4220 692/2704/4214 689/2709/4219
f 507/2710/4220 344/2705/4215 692/2704/4214
f 693/2711/4221 344/2705/4215 507/2710/4220
f 344/2705/4215 693/2711/4221 346/2712/4222
f 505/2706/4216 344/2705/4215 346/2712/4222
f 21/2713/4223 690/2708/4218 7/2703/4213
f 621/2714/4224 690/2708/4218 21/2713/4223
f 621/2714/4224 566/2715/4225 690/2708/4218
f 566/2715/4225 689/2709/4219 690/2708/4218
f 705/2716/4226 689/2709/4219 566/2715/4225
f 689/2709/4219 705/2716/4226 507/2710/4220
f 705/2716/4226 550/2717/4227 507/2710/4220
f 550/2717/4227 693/2711/4221 507/2710/4220
f 550/2717/4227 704/2718/4228 693/2711/4221
f 704/2718/4228 701/2719/4229 693/2711/4221
f 693/2711/4221 701/2719/4229 346/2712/4222
f 10/2720/4230 621/2714/4224 21/2713/4223
f 710/2721/4231 621/2714/4224 10/2720/4230
f 621/2714/4224 710/2721/4231 703/2722/4232
f 566/2715/4225 621/2714/4224 703/2722/4232
f 624/2723/4233 566/2715/4225 703/2722/4232
f 624/2723/4233 705/2716/4226 566/2715/4225
f 624/2723/4233 609/2724/4234 705/2716/4226
f 609/2724/4234 702/2725/4235 705/2716/4226
f 702/2725/4235 704/2718/4228 705/2716/4226
f 704/2718/4228 550/2717/4227 705/2716/4226
f 55/2726/4236 710/2721/4231 10/2720/4230
f 706/2727/4237 710/2721/4231 55/2726/4236
f 706/2727/4237 694/2728/4238 710/2721/4231
f 694/2728/4238 703/2722/4232 710/2721/4231
f 619/2729/4239 703/2722/4232 694/2728/4238
f 619/2729/4239 624/2723/4233 703/2722/4232
f 609/2724/4234 624/2723/4233 619/2729/4239
f 620/2730/4240 609/2724/4234 619/2729/4239
f 153/2731/4241 609/2724/4234 620/2730/4240
f 609/2724/4234 153/2731/4241 702/2725/4235
f 2622/2732/4242 706/2727/4237 55/2726/4236
f 506/2733/4243 706/2727/4237 2622/2732/4242
f 506/2733/4243 500/2734/4244 706/2727/4237
f 500/2734/4244 694/2728/4238 706/2727/4237
f 613/2735/4245 694/2728/4238 500/2734/4244
f 613/2735/4245 619/2729/4239 694/2728/4238
f 613/2735/4245 618/2736/4246 619/2729/4239
f 618/2736/4246 620/2730/4240 619/2729/4239
f 618/2736/4246 628/2737/4247 620/2730/4240
f 628/2737/4247 623/2738/4248 620/2730/4240
f 623/2738/4248 153/2731/4241 620/2730/4240
f 2623/2739/4249 506/2733/4243 2622/2732/4242
f 126/2740/4250 506/2733/4243 2623/2739/4249
f 506/2733/4243 126/2740/4250 347/2741/4251
f 506/2733/4243 347/2741/4251 500/2734/4244
f 347/2741/4251 502/2742/4252 500/2734/4244
f 343/2743/4253 500/2734/4244 502/2742/4252
f 629/2744/4254 500/2734/4244 343/2743/4253
f 629/2744/4254 613/2735/4245 500/2734/4244
f 629/2744/4254 622/2745/4255 613/2735/4245
f 622/2745/4255 618/2736/4246 613/2735/4245
f 9/2746/4256 126/2740/4250 2623/2739/4249
f 121/2694/4204 126/2740/4250 9/2746/4256
f 121/2694/4204 129/2747/4257 126/2740/4250
f 129/2747/4257 125/2748/4258 126/2740/4250
f 126/2740/4250 125/2748/4258 347/2741/4251
f 347/2741/4251 125/2748/4258 5/2749/4259
f 347/2741/4251 5/2749/4259 53/2750/4260
f 502/2742/4252 347/2741/4251 53/2750/4260
f 56/2695/4205 121/2694/4204 9/2746/4256
f 502/2742/4252 53/2750/4260 54/2751/4261
f 345/2752/4262 502/2742/4252 54/2751/4261
f 345/2752/4262 343/2743/4253 502/2742/4252
f 342/2753/4263 343/2743/4253 345/2752/4262
f 342/2753/4263 630/2754/4264 343/2743/4253
f 630/2754/4264 622/2745/4255 343/2743/4253
f 622/2745/4255 629/2744/4254 343/2743/4253
f 345/2752/4262 54/2751/4261 19/2755/4265
f 499/2756/4266 345/2752/4262 19/2755/4265
f 499/2756/4266 342/2753/4263 345/2752/4262
f 342/2753/4263 499/2756/4266 555/2757/4267
f 504/2758/4268 342/2753/4263 555/2757/4267
f 630/2754/4264 342/2753/4263 504/2758/4268
f 628/2737/4247 630/2754/4264 504/2758/4268
f 630/2754/4264 628/2737/4247 618/2736/4246
f 622/2745/4255 630/2754/4264 618/2736/4246
f 499/2756/4266 19/2755/4265 20/2759/4269
f 555/2757/4267 499/2756/4266 20/2759/4269
f 555/2757/4267 20/2759/4269 6/2760/4270
f 367/2761/4271 555/2757/4267 6/2760/4270
f 367/2761/4271 368/2762/4272 555/2757/4267
f 368/2762/4272 504/2758/4268 555/2757/4267
f 368/2762/4272 623/2738/4248 504/2758/4268
f 623/2738/4248 628/2737/4247 504/2758/4268
f 366/2763/4273 367/2761/4271 6/2760/4270
f 368/2762/4272 367/2761/4271 366/2763/4273
f 571/2764/4274 368/2762/4272 366/2763/4273
f 623/2738/4248 368/2762/4272 571/2764/4274
f 153/2731/4241 623/2738/4248 571/2764/4274
f 154/2765/4275 153/2731/4241 571/2764/4274
f 153/2731/4241 154/2765/4275 702/2725/4235
f 154/2765/4275 155/2766/4276 702/2725/4235
f 155/2766/4276 704/2718/4228 702/2725/4235
f 1/2767/4277 366/2763/4273 6/2760/4270
f 366/2763/4273 1/2767/4277 52/2768/4278
f 364/2769/4279 366/2763/4273 52/2768/4278
f 364/2769/4279 503/2770/4280 366/2763/4273
f 503/2770/4280 571/2764/4274 366/2763/4273
f 503/2770/4280 154/2765/4275 571/2764/4274
f 154/2765/4275 503/2770/4280 570/2771/4281
f 155/2766/4276 154/2765/4275 570/2771/4281
f 156/2772/4282 155/2766/4276 570/2771/4281
f 155/2766/4276 156/2772/4282 701/2719/4229
f 704/2718/4228 155/2766/4276 701/2719/4229
f 498/2773/4283 364/2769/4279 52/2768/4278
f 503/2770/4280 364/2769/4279 498/2773/4283
f 570/2771/4281 503/2770/4280 498/2773/4283
f 361/2774/4284 570/2771/4281 498/2773/4283
f 361/2774/4284 156/2772/4282 570/2771/4281
f 156/2772/4282 361/2774/4284 346/2712/4222
f 701/2719/4229 156/2772/4282 346/2712/4222
f 63/2775/4285 498/2773/4283 52/2768/4278
f 498/2773/4283 63/2775/4285 51/2776/4286
f 362/2777/4287 498/2773/4283 51/2776/4286
f 362/2777/4287 361/2774/4284 498/2773/4283
f 361/2774/4284 362/2777/4287 554/2778/4288
f 346/2712/4222 361/2774/4284 554/2778/4288
f 554/2778/4288 505/2706/4216 346/2712/4222
f 505/2706/4216 554/2778/4288 2619/2779/4289
f 2620/2707/4217 505/2706/4216 2619/2779/4289
f 554/2778/4288 362/2777/4287 51/2776/4286
f 2619/2779/4289 554/2778/4288 51/2776/4286
f 125/2748/4258 23/2780/4290 5/2749/4259
f 125/2748/4258 129/2747/4257 23/2780/4290
f 129/2747/4257 64/2781/4291 23/2780/4290
f 64/2781/4291 129/2747/4257 101/2782/4292
f 129/2747/4257 130/2702/4212 101/2782/4292
f 101/2782/4292 130/2702/4212 103/2701/4211
f 422/2692/4202 130/2702/4212 129/2747/4257
f 121/2694/4204 422/2692/4202 129/2747/4257
s 37
f 15/2783/4293 61/2784/4294 18/2785/4295
f 61/2784/4294 37/2786/4296 18/2785/4295
f 61/2784/4294 50/2787/4297 37/2786/4296
f 50/2787/4297 13/2788/4298 37/2786/4296
f 13/2788/4298 50/2787/4297 146/2789/4299
f 13/2788/4298 146/2789/4299 11/2790/4213
f 146/2789/4299 14/2791/4300 11/2790/4213
f 14/2791/4300 12/2792/4301 11/2790/4213
f 12/2792/4301 96/2793/4223 11/2790/4213
f 12/2792/4301 28/2794/4302 96/2793/4223
f 28/2794/4302 59/2795/4230 96/2793/4223
f 50/2787/4297 140/2796/4303 146/2789/4299
f 138/2797/4304 146/2789/4299 140/2796/4303
f 138/2797/4304 82/2798/4305 146/2789/4299
f 82/2798/4305 14/2791/4300 146/2789/4299
f 12/2792/4301 14/2791/4300 82/2798/4305
f 83/2799/4306 12/2792/4301 82/2798/4305
f 83/2799/4306 29/2800/4307 12/2792/4301
f 29/2800/4307 28/2794/4302 12/2792/4301
f 28/2794/4302 29/2800/4307 60/2801/4308
f 28/2794/4302 60/2801/4308 59/2795/4230
f 60/2801/4308 62/2802/4309 59/2795/4230
f 659/2803/4289 138/2797/4304 140/2796/4303
f 118/2804/4310 138/2797/4304 659/2803/4289
f 118/2804/4310 116/2805/4311 138/2797/4304
f 116/2805/4311 82/2798/4305 138/2797/4304
f 83/2799/4306 82/2798/4305 116/2805/4311
f 634/2806/4312 83/2799/4306 116/2805/4311
f 634/2806/4312 661/2807/4313 83/2799/4306
f 661/2807/4313 29/2800/4307 83/2799/4306
f 31/2808/4314 29/2800/4307 661/2807/4313
f 29/2800/4307 31/2808/4314 60/2801/4308
f 667/2809/4315 118/2804/4310 659/2803/4289
f 118/2804/4310 667/2809/4315 120/2810/4285
f 116/2805/4311 118/2804/4310 120/2810/4285
f 116/2805/4311 120/2810/4285 634/2806/4312
f 120/2810/4285 657/2811/4316 634/2806/4312
f 634/2806/4312 657/2811/4316 660/2812/4277
f 661/2807/4313 634/2806/4312 660/2812/4277
f 661/2807/4313 660/2812/4277 123/2813/4317
f 123/2813/4317 31/2808/4314 661/2807/4313
f 31/2808/4314 123/2813/4317 124/2814/4318
f 30/2815/4319 31/2808/4314 124/2814/4318
f 60/2801/4308 31/2808/4314 30/2815/4319
f 58/2816/4320 60/2801/4308 30/2815/4319
f 62/2802/4309 60/2801/4308 58/2816/4320
f 57/2817/4321 62/2802/4309 58/2816/4320
f 660/2812/4277 670/2818/4270 123/2813/4317
f 123/2813/4317 670/2818/4270 122/2819/4269
f 124/2814/4318 123/2813/4317 122/2819/4269
f 124/2814/4318 122/2819/4269 148/2820/4322
f 148/2820/4322 137/2821/4323 124/2814/4318
f 137/2821/4323 30/2815/4319 124/2814/4318
f 58/2816/4320 30/2815/4319 137/2821/4323
f 147/2822/4324 58/2816/4320 137/2821/4323
f 58/2816/4320 147/2822/4324 57/2817/4321
f 147/2822/4324 139/2823/4325 57/2817/4321
f 139/2823/4325 147/2822/4324 145/2824/4326
f 4/2825/4327 139/2823/4325 145/2824/4326
f 122/2819/4269 658/2826/4328 148/2820/4322
f 148/2820/4322 658/2826/4328 632/2827/4329
f 137/2821/4323 148/2820/4322 632/2827/4329
f 137/2821/4323 632/2827/4329 631/2828/4330
f 147/2822/4324 137/2821/4323 631/2828/4330
f 147/2822/4324 631/2828/4330 145/2824/4326
f 16/2829/4331 4/2825/4327 145/2824/4326
f 4/2825/4327 16/2829/4331 3/2830/4332
f 2/2831/4333 4/2825/4327 3/2830/4332
f 2/2831/4333 3/2830/4332 36/2832/4334
f 17/2833/4335 2/2831/4333 36/2832/4334
f 36/2832/4334 15/2783/4293 17/2833/4335
f 15/2783/4293 18/2785/4295 17/2833/4335
s 38
f 490/2834/4336 489/2835/4337 352/2836/4338
f 352/2836/4338 489/2835/4337 493/2837/705
f 492/2838/4339 352/2836/4338 493/2837/705
f 358/2839/4340 352/2836/4338 492/2838/4339
f 352/2836/4338 358/2839/4340 565/2840/4341
f 565/2840/4341 490/2834/4336 352/2836/4338
f 490/2834/4336 565/2840/4341 567/2841/706
f 565/2840/4341 494/2842/4342 567/2841/706
f 567/2841/706 494/2842/4342 353/2843/708
f 492/2838/4339 493/2837/705 351/2844/707
f 354/2845/4343 492/2838/4339 351/2844/707
f 491/2846/4344 492/2838/4339 354/2845/4343
f 491/2846/4344 358/2839/4340 492/2838/4339
f 360/2847/4345 358/2839/4340 491/2846/4344
f 358/2839/4340 360/2847/4345 565/2840/4341
f 565/2840/4341 360/2847/4345 494/2842/4342
f 360/2847/4345 568/2848/4346 494/2842/4342
f 494/2842/4342 568/2848/4346 355/2849/4347
f 494/2842/4342 355/2849/4347 353/2843/708
f 355/2849/4347 409/2850/4348 353/2843/708
f 409/2850/4348 402/2851/710 353/2843/708
f 354/2845/4343 351/2844/707 410/2852/4349
f 370/2853/4350 354/2845/4343 410/2852/4349
f 370/2853/4350 491/2846/4344 354/2845/4343
f 491/2846/4344 370/2853/4350 568/2848/4346
f 568/2848/4346 360/2847/4345 491/2846/4344
f 351/2844/707 425/2854/4351 410/2852/4349
f 410/2852/4349 425/2854/4351 411/2855/4352
f 411/2855/4352 401/2856/4353 410/2852/4349
f 401/2856/4353 484/2857/4354 410/2852/4349
f 484/2857/4354 370/2853/4350 410/2852/4349
f 370/2853/4350 484/2857/4354 371/2858/4355
f 370/2853/4350 371/2858/4355 568/2848/4346
f 568/2848/4346 371/2858/4355 355/2849/4347
f 355/2849/4347 371/2858/4355 400/2850/4356
f 409/2850/4348 355/2849/4347 400/2850/4356
f 425/2854/4351 408/2859/711 411/2855/4352
f 509/2860/4357 411/2855/4352 408/2859/711
f 509/2860/4357 404/2861/4358 411/2855/4352
f 404/2861/4358 401/2856/4353 411/2855/4352
f 401/2856/4353 404/2861/4358 398/2862/4359
f 401/2856/4353 398/2862/4359 400/2850/4356
f 484/2857/4354 401/2856/4353 400/2850/4356
f 484/2857/4354 400/2850/4356 371/2858/4355
f 508/2863/4360 509/2860/4357 408/2859/711
f 487/2864/4361 509/2860/4357 508/2863/4360
f 487/2864/4361 501/2865/4362 509/2860/4357
f 501/2865/4362 404/2861/4358 509/2860/4357
f 501/2865/4362 569/2866/4363 404/2861/4358
f 569/2866/4363 403/2867/4364 404/2861/4358
f 404/2861/4358 403/2867/4364 398/2862/4359
f 398/2862/4359 403/2867/4364 399/2868/4365
f 398/2862/4359 399/2868/4365 409/2850/4348
f 400/2850/4356 398/2862/4359 409/2850/4348
f 407/2864/4366 487/2864/4361 508/2863/4360
f 487/2864/4361 407/2864/4366 397/2869/4367
f 501/2865/4362 487/2864/4361 397/2869/4367
f 569/2866/4363 501/2865/4362 397/2869/4367
f 569/2866/4363 397/2869/4367 610/2870/4368
f 403/2867/4364 569/2866/4363 610/2870/4368
f 403/2867/4364 610/2870/4368 399/2868/4365
f 399/2868/4365 610/2870/4368 510/2871/4369
f 510/2871/4369 402/2851/710 399/2868/4365
f 402/2851/710 409/2850/4348 399/2868/4365
f 407/2864/4366 485/2869/4370 397/2869/4367
f 397/2869/4367 485/2869/4370 405/2872/713
f 610/2870/4368 397/2869/4367 405/2872/713
f 610/2870/4368 405/2872/713 510/2871/4369
s 39
f 645/2873/718 476/2874/717 644/2875/4371
f 644/2875/4371 476/2874/717 386/2876/719
f 474/2877/4372 644/2875/4371 386/2876/719
f 423/2875/4373 644/2875/4371 474/2877/4372
f 644/2875/4371 423/2875/4373 646/2873/4374
f 646/2873/4374 645/2873/718 644/2875/4371
f 645/2873/718 646/2873/4374 606/2878/720
f 646/2873/4374 605/2879/4375 606/2878/720
f 606/2878/720 605/2879/4375 643/2880/721
f 474/2877/4372 386/2876/719 383/2881/722
f 384/2882/4376 474/2877/4372 383/2881/722
f 432/2883/4377 474/2877/4372 384/2882/4376
f 432/2883/4377 423/2875/4373 474/2877/4372
f 423/2875/4373 432/2883/4377 424/2884/4378
f 423/2875/4373 424/2884/4378 646/2873/4374
f 646/2873/4374 424/2884/4378 605/2879/4375
f 424/2884/4378 417/2885/4379 605/2879/4375
f 605/2879/4375 417/2885/4379 642/2886/4380
f 605/2879/4375 642/2886/4380 643/2880/721
f 639/2887/723 643/2880/721 642/2886/4380
f 383/2881/722 321/2888/724 384/2882/4376
f 321/2888/724 326/2889/4381 384/2882/4376
f 654/2890/4382 384/2882/4376 326/2889/4381
f 654/2890/4382 432/2883/4377 384/2882/4376
f 432/2883/4377 654/2890/4382 653/2891/4383
f 417/2885/4379 432/2883/4377 653/2891/4383
f 432/2883/4377 417/2885/4379 424/2884/4378
f 326/2889/4381 321/2888/724 322/2892/4384
f 322/2892/4384 673/2893/4385 326/2889/4381
f 673/2893/4385 675/2894/4386 326/2889/4381
f 675/2894/4386 654/2890/4382 326/2889/4381
f 654/2890/4382 675/2894/4386 430/2895/4387
f 653/2891/4383 654/2890/4382 430/2895/4387
f 653/2891/4383 430/2895/4387 680/2896/4388
f 642/2886/4380 653/2891/4383 680/2896/4388
f 417/2885/4379 653/2891/4383 642/2886/4380
f 321/2888/724 456/2897/726 322/2892/4384
f 469/2898/4389 322/2892/4384 456/2897/726
f 469/2898/4389 396/2899/4390 322/2892/4384
f 396/2899/4390 673/2893/4385 322/2892/4384
f 673/2893/4385 396/2899/4390 426/2900/4391
f 682/2901/4392 673/2893/4385 426/2900/4391
f 675/2894/4386 673/2893/4385 682/2901/4392
f 430/2895/4387 675/2894/4386 682/2901/4392
f 430/2895/4387 682/2901/4392 468/2902/4393
f 680/2896/4388 430/2895/4387 468/2902/4393
f 639/2887/723 680/2896/4388 468/2902/4393
f 680/2896/4388 639/2887/723 642/2886/4380
f 324/2903/728 469/2898/4389 456/2897/726
f 323/2904/4394 469/2898/4389 324/2903/728
f 323/2904/4394 412/2905/4395 469/2898/4389
f 412/2905/4395 396/2899/4390 469/2898/4389
f 412/2905/4395 414/2906/4396 396/2899/4390
f 414/2906/4396 426/2900/4391 396/2899/4390
f 426/2900/4391 414/2906/4396 683/2907/4397
f 426/2900/4391 683/2907/4397 468/2902/4393
f 682/2901/4392 426/2900/4391 468/2902/4393
f 677/2908/4398 323/2904/4394 324/2903/728
f 323/2904/4394 677/2908/4398 674/2909/4399
f 323/2904/4394 674/2909/4399 414/2906/4396
f 412/2905/4395 323/2904/4394 414/2906/4396
f 677/2908/4398 686/2909/729 674/2909/4399
f 674/2909/4399 686/2909/729 672/2910/727
f 683/2907/4397 674/2909/4399 672/2910/727
f 414/2906/4396 674/2909/4399 683/2907/4397
f 683/2907/4397 672/2910/727 638/2911/4400
f 468/2902/4393 683/2907/4397 638/2911/4400
f 638/2911/4400 639/2887/723 468/2902/4393
s 40
f 296/2912/732 292/2913/731 295/2914/4401
f 295/2914/4401 292/2913/731 439/2915/733
f 291/2916/4402 295/2914/4401 439/2915/733
f 325/2917/4403 295/2914/4401 291/2916/4402
f 295/2914/4401 325/2917/4403 438/2918/4404
f 438/2918/4404 296/2912/732 295/2914/4401
f 296/2912/732 438/2918/4404 446/2919/734
f 438/2918/4404 313/2920/4405 446/2919/734
f 446/2919/734 313/2920/4405 298/2921/736
f 291/2916/4402 439/2915/733 443/2922/4406
f 297/2923/4407 291/2916/4402 443/2922/4406
f 447/2924/4408 291/2916/4402 297/2923/4407
f 447/2924/4408 325/2917/4403 291/2916/4402
f 325/2917/4403 447/2924/4408 457/2925/4409
f 325/2917/4403 457/2925/4409 438/2918/4404
f 438/2918/4404 457/2925/4409 313/2920/4405
f 457/2925/4409 436/2926/4410 313/2920/4405
f 313/2920/4405 436/2926/4410 444/2927/4411
f 313/2920/4405 444/2927/4411 298/2921/736
f 306/2928/737 298/2921/736 444/2927/4411
f 443/2922/4406 307/2929/738 297/2923/4407
f 307/2929/738 305/2930/4412 297/2923/4407
f 309/2931/4413 297/2923/4407 305/2930/4412
f 309/2931/4413 447/2924/4408 297/2923/4407
f 436/2926/4410 447/2924/4408 309/2931/4413
f 447/2924/4408 436/2926/4410 457/2925/4409
f 305/2930/4412 307/2929/738 451/2932/4414
f 305/2930/4412 451/2932/4414 300/2933/4415
f 300/2933/4415 309/2931/4413 305/2930/4412
f 309/2931/4413 300/2933/4415 597/2934/4416
f 310/2935/4417 309/2931/4413 597/2934/4416
f 310/2935/4417 436/2926/4410 309/2931/4413
f 436/2926/4410 310/2935/4417 444/2927/4411
f 444/2927/4411 310/2935/4417 442/2936/4418
f 442/2936/4418 306/2928/737 444/2927/4411
f 306/2928/737 442/2936/4418 441/2937/4419
f 302/2938/4420 306/2928/737 441/2937/4419
f 307/2929/738 461/2939/4421 451/2932/4414
f 304/2940/4422 451/2932/4414 461/2939/4421
f 304/2940/4422 595/2941/4423 451/2932/4414
f 595/2941/4423 301/2942/4424 451/2932/4414
f 451/2932/4414 301/2942/4424 300/2933/4415
f 597/2934/4416 300/2933/4415 301/2942/4424
f 604/2943/4425 597/2934/4416 301/2942/4424
f 597/2934/4416 604/2943/4425 442/2936/4418
f 310/2935/4417 597/2934/4416 442/2936/4418
f 450/2944/4426 304/2940/4422 461/2939/4421
f 453/2945/4427 304/2940/4422 450/2944/4426
f 453/2945/4427 329/2946/4428 304/2940/4422
f 329/2946/4428 595/2941/4423 304/2940/4422
f 329/2946/4428 328/2947/4429 595/2941/4423
f 328/2947/4429 596/2948/4430 595/2941/4423
f 301/2942/4424 595/2941/4423 596/2948/4430
f 604/2943/4425 301/2942/4424 596/2948/4430
f 604/2943/4425 596/2948/4430 441/2937/4419
f 604/2943/4425 441/2937/4419 442/2936/4418
f 454/2945/744 453/2945/4427 450/2944/4426
f 453/2945/4427 454/2945/744 308/2949/4431
f 329/2946/4428 453/2945/4427 308/2949/4431
f 328/2947/4429 329/2946/4428 308/2949/4431
f 328/2947/4429 308/2949/4431 449/2950/4432
f 596/2948/4430 328/2947/4429 449/2950/4432
f 596/2948/4430 449/2950/4432 441/2937/4419
f 441/2937/4419 449/2950/4432 302/2938/4420
f 449/2950/4432 303/2951/4433 302/2938/4420
f 449/2950/4432 308/2949/4431 303/2951/4433
f 308/2949/4431 448/2949/4434 303/2951/4433
f 454/2945/744 448/2949/4434 308/2949/4431
s 41
f 392/2952/746 391/2953/745 460/2953/4435
f 460/2953/4435 391/2953/745 338/2954/747
f 336/2955/4436 460/2953/4435 338/2954/747
f 315/2956/4437 460/2953/4435 336/2955/4436
f 460/2953/4435 315/2956/4437 390/2957/4438
f 390/2957/4438 392/2952/746 460/2953/4435
f 392/2952/746 390/2957/4438 341/2958/748
f 390/2957/4438 340/2959/4439 341/2958/748
f 341/2958/748 340/2959/4439 333/2960/749
f 336/2955/4436 338/2954/747 463/2961/4440
f 339/2962/4441 336/2955/4436 463/2961/4440
f 336/2955/4436 339/2962/4441 334/2963/4442
f 431/2964/4443 336/2955/4436 334/2963/4442
f 431/2964/4443 315/2956/4437 336/2955/4436
f 315/2956/4437 431/2964/4443 319/2965/4444
f 315/2956/4437 319/2965/4444 390/2957/4438
f 390/2957/4438 319/2965/4444 340/2959/4439
f 319/2965/4444 429/2966/4445 340/2959/4439
f 340/2959/4439 429/2966/4445 335/2967/4446
f 340/2959/4439 335/2967/4446 333/2960/749
f 339/2962/4441 463/2961/4440 378/2968/4447
f 339/2962/4441 378/2968/4447 374/2969/4448
f 334/2963/4442 339/2962/4441 374/2969/4448
f 334/2963/4442 374/2969/4448 373/2970/4449
f 331/2971/4450 334/2963/4442 373/2970/4449
f 431/2964/4443 334/2963/4442 331/2971/4450
f 429/2966/4445 431/2964/4443 331/2971/4450
f 431/2964/4443 429/2966/4445 319/2965/4444
f 463/2961/4440 379/2972/752 378/2968/4447
f 378/2968/4447 379/2972/752 477/2973/4451
f 477/2973/4451 466/2974/4452 378/2968/4447
f 466/2974/4452 374/2969/4448 378/2968/4447
f 374/2969/4448 466/2974/4452 419/2975/4453
f 373/2970/4449 374/2969/4448 419/2975/4453
f 419/2975/4453 475/2976/4454 373/2970/4449
f 475/2976/4454 483/2977/4455 373/2970/4449
f 483/2977/4455 335/2967/4446 373/2970/4449
f 335/2967/4446 331/2971/4450 373/2970/4449
f 429/2966/4445 331/2971/4450 335/2967/4446
f 379/2972/752 478/2978/4456 477/2973/4451
f 377/2979/4457 477/2973/4451 478/2978/4456
f 377/2979/4457 337/2980/4458 477/2973/4451
f 337/2980/4458 466/2974/4452 477/2973/4451
f 466/2974/4452 337/2980/4458 418/2981/4459
f 419/2975/4453 466/2974/4452 418/2981/4459
f 418/2981/4459 376/2982/4460 419/2975/4453
f 376/2982/4460 475/2976/4454 419/2975/4453
f 475/2976/4454 376/2982/4460 380/2983/753
f 380/2983/753 467/2984/751 475/2976/4454
f 467/2984/751 483/2977/4455 475/2976/4454
f 388/2985/756 377/2979/4457 478/2978/4456
f 387/2986/4461 377/2979/4457 388/2985/756
f 387/2986/4461 462/2986/4462 377/2979/4457
f 462/2986/4462 337/2980/4458 377/2979/4457
f 418/2981/4459 337/2980/4458 462/2986/4462
f 452/2987/4463 418/2981/4459 462/2986/4462
f 418/2981/4459 452/2987/4463 376/2982/4460
f 452/2987/4463 381/2988/4464 376/2982/4460
f 376/2982/4460 381/2988/4464 375/2989/755
f 376/2982/4460 375/2989/755 380/2983/753
f 385/2990/758 387/2986/4461 388/2985/756
f 387/2986/4461 385/2990/758 381/2988/4464
f 387/2986/4461 381/2988/4464 452/2987/4463
f 462/2986/4462 387/2986/4461 452/2987/4463
f 385/2990/758 389/2988/757 381/2988/4464
f 381/2988/4464 389/2988/757 375/2989/755
f 467/2984/751 333/2960/749 483/2977/4455
f 333/2960/749 335/2967/4446 483/2977/4455
s 42
f 532/2991/759 198/2992/761 533/2993/4465
f 533/2993/4465 198/2992/761 199/2994/4466
f 197/2995/4467 533/2993/4465 199/2994/4466
f 687/2996/4468 533/2993/4465 197/2995/4467
f 533/2993/4465 687/2996/4468 684/2997/4469
f 534/2998/4470 533/2993/4465 684/2997/4469
f 534/2998/4470 532/2991/759 533/2993/4465
f 532/2991/759 534/2998/4470 192/2999/760
f 534/2998/4470 194/3000/4471 192/2999/760
f 192/2999/760 194/3000/4471 531/3001/764
f 197/2995/4467 199/2994/4466 526/3002/763
f 513/3003/4472 197/2995/4467 526/3002/763
f 641/3004/4473 197/2995/4467 513/3003/4472
f 641/3004/4473 687/2996/4468 197/2995/4467
f 687/2996/4468 641/3004/4473 684/2997/4469
f 641/3004/4473 540/3005/4474 684/2997/4469
f 684/2997/4469 540/3005/4474 194/3000/4471
f 534/2998/4470 684/2997/4469 194/3000/4471
f 526/3002/763 515/3006/766 513/3003/4472
f 515/3006/766 166/3007/4475 513/3003/4472
f 539/3008/4476 513/3003/4472 166/3007/4475
f 539/3008/4476 641/3004/4473 513/3003/4472
f 641/3004/4473 539/3008/4476 540/3005/4474
f 539/3008/4476 195/3009/4477 540/3005/4474
f 540/3005/4474 195/3009/4477 196/3010/4478
f 194/3000/4471 540/3005/4474 196/3010/4478
f 194/3000/4471 196/3010/4478 531/3001/764
f 163/3011/4479 531/3001/764 196/3010/4478
f 166/3007/4475 515/3006/766 599/3012/4480
f 166/3007/4475 599/3012/4480 169/3013/4481
f 169/3013/4481 539/3008/4476 166/3007/4475
f 539/3008/4476 169/3013/4481 524/3014/4482
f 195/3009/4477 539/3008/4476 524/3014/4482
f 195/3009/4477 524/3014/4482 165/3015/4483
f 196/3010/4478 195/3009/4477 165/3015/4483
f 165/3015/4483 163/3011/4479 196/3010/4478
f 163/3011/4479 165/3015/4483 164/3016/4484
f 161/3017/4485 163/3011/4479 164/3016/4484
f 515/3006/766 175/3018/768 599/3012/4480
f 162/3019/4486 599/3012/4480 175/3018/768
f 599/3012/4480 162/3019/4486 167/3020/4487
f 599/3012/4480 167/3020/4487 169/3013/4481
f 169/3013/4481 167/3020/4487 523/3021/4488
f 524/3014/4482 169/3013/4481 523/3021/4488
f 523/3021/4488 164/3016/4484 524/3014/4482
f 164/3016/4484 165/3015/4483 524/3014/4482
f 514/3022/4489 162/3019/4486 175/3018/768
f 601/3023/4490 162/3019/4486 514/3022/4489
f 601/3023/4490 688/3024/4491 162/3019/4486
f 688/3024/4491 525/3025/4492 162/3019/4486
f 162/3019/4486 525/3025/4492 167/3020/4487
f 167/3020/4487 525/3025/4492 184/3026/4493
f 523/3021/4488 167/3020/4487 184/3026/4493
f 523/3021/4488 184/3026/4493 164/3016/4484
f 184/3026/4493 603/3027/4494 164/3016/4484
f 164/3016/4484 603/3027/4494 161/3017/4485
f 602/3028/771 601/3023/4490 514/3022/4489
f 602/3028/771 168/3029/772 601/3023/4490
f 168/3029/772 522/3029/4495 601/3023/4490
f 601/3023/4490 522/3029/4495 685/3030/4496
f 688/3024/4491 601/3023/4490 685/3030/4496
f 688/3024/4491 685/3030/4496 525/3025/4492
f 685/3030/4496 184/3026/4493 525/3025/4492
f 184/3026/4493 685/3030/4496 603/3027/4494
f 685/3030/4496 522/3029/4495 603/3027/4494
f 603/3027/4494 522/3029/4495 511/3031/770
f 603/3027/4494 511/3031/770 161/3017/4485
f 522/3029/4495 168/3029/772 511/3031/770
s 43
f 3730/3032/4497 3731/3033/4498 3336/3034/4499
f 3336/3034/4499 3731/3033/4498 3290/3035/4500
f 3336/3034/4499 3290/3035/4500 3294/3036/4501
f 3334/3037/4502 3336/3034/4499 3294/3036/4501
f 3730/3032/4497 3336/3034/4499 3334/3037/4502
f 3730/3032/4497 3732/3038/4503 3731/3033/4498
f 3731/3033/4498 3732/3038/4503 3329/3039/4504
f 3337/3040/4505 3731/3033/4498 3329/3039/4504
f 3731/3033/4498 3337/3040/4505 3290/3035/4500
f 3290/3035/4500 3337/3040/4505 3291/3041/4506
f 3256/3042/4507 3290/3035/4500 3291/3041/4506
f 3294/3036/4501 3290/3035/4500 3256/3042/4507
f 3730/3032/4497 3338/3043/4508 3732/3038/4503
f 3732/3038/4503 3338/3043/4508 3292/3044/4509
f 3329/3039/4504 3732/3038/4503 3292/3044/4509
f 3329/3039/4504 3292/3044/4509 3259/3045/4510
f 3293/3046/4511 3329/3039/4504 3259/3045/4510
f 3337/3040/4505 3329/3039/4504 3293/3046/4511
f 3291/3041/4506 3337/3040/4505 3293/3046/4511
f 3291/3041/4506 3293/3046/4511 3258/3047/4512
f 3257/3048/4513 3291/3041/4506 3258/3047/4512
f 3256/3042/4507 3291/3041/4506 3257/3048/4513
f 3730/3032/4497 3339/3049/4514 3338/3043/4508
f 3338/3043/4508 3339/3049/4514 3292/3044/4509
f 3339/3049/4514 3331/3050/4515 3292/3044/4509
f 3292/3044/4509 3331/3050/4515 3281/3051/4516
f 3259/3045/4510 3292/3044/4509 3281/3051/4516
f 3259/3045/4510 3281/3051/4516 3236/3052/4517
f 3235/3053/4518 3259/3045/4510 3236/3052/4517
f 3293/3046/4511 3259/3045/4510 3235/3053/4518
f 3258/3047/4512 3293/3046/4511 3235/3053/4518
f 3235/3053/4518 3233/3032/4519 3258/3047/4512
f 3258/3047/4512 3233/3032/4519 3257/3048/4513
f 3730/3032/4497 3298/3054/4520 3339/3049/4514
f 3339/3049/4514 3298/3054/4520 3331/3050/4515
f 3298/3054/4520 3333/3055/4521 3331/3050/4515
f 3331/3050/4515 3333/3055/4521 3328/3056/4522
f 3281/3051/4516 3331/3050/4515 3328/3056/4522
f 3281/3051/4516 3328/3056/4522 3236/3052/4517
f 3328/3056/4522 3280/3057/4523 3236/3052/4517
f 3280/3057/4523 3233/3032/4519 3236/3052/4517
f 3236/3052/4517 3233/3032/4519 3235/3053/4518
f 3730/3032/4497 3332/3058/4524 3298/3054/4520
f 3298/3054/4520 3332/3058/4524 3335/3059/4525
f 3333/3055/4521 3298/3054/4520 3335/3059/4525
f 3333/3055/4521 3335/3059/4525 3328/3056/4522
f 3335/3059/4525 3327/3060/4526 3328/3056/4522
f 3328/3056/4522 3327/3060/4526 3280/3057/4523
f 3327/3060/4526 3173/3061/4527 3280/3057/4523
f 3173/3061/4527 3233/3032/4519 3280/3057/4523
f 3232/3062/4528 3233/3032/4519 3173/3061/4527
f 3188/3063/4529 3233/3032/4519 3232/3062/4528
f 3257/3048/4513 3233/3032/4519 3188/3063/4529
f 3730/3032/4497 3334/3037/4502 3332/3058/4524
f 3332/3058/4524 3334/3037/4502 3294/3036/4501
f 3335/3059/4525 3332/3058/4524 3294/3036/4501
f 3335/3059/4525 3294/3036/4501 3327/3060/4526
f 3294/3036/4501 3211/3064/4530 3327/3060/4526
f 3327/3060/4526 3211/3064/4530 3173/3061/4527
f 3211/3064/4530 3232/3062/4528 3173/3061/4527
f 3232/3062/4528 3211/3064/4530 3188/3063/4529
f 3211/3064/4530 3256/3042/4507 3188/3063/4529
f 3188/3063/4529 3256/3042/4507 3257/3048/4513
f 3211/3064/4530 3294/3036/4501 3256/3042/4507
s 44
f 3742/3034/4531 3363/3033/4532 3746/3032/4533
f 3363/3033/4532 3362/3038/4534 3746/3032/4533
f 3362/3038/4534 3750/3043/4535 3746/3032/4533
f 3750/3043/4535 3753/3049/4536 3746/3032/4533
f 3753/3049/4536 3752/3054/4537 3746/3032/4533
f 3752/3054/4537 3743/3058/4538 3746/3032/4533
f 3743/3058/4538 3744/3037/4539 3746/3032/4533
f 3744/3037/4539 3742/3034/4531 3746/3032/4533
f 3742/3034/4531 3734/3035/4540 3363/3033/4532
f 3734/3035/4540 3724/3040/4541 3363/3033/4532
f 3363/3033/4532 3724/3040/4541 3350/3039/4542
f 3362/3038/4534 3363/3033/4532 3350/3039/4542
f 3362/3038/4534 3350/3039/4542 3740/3044/4543
f 3750/3043/4535 3362/3038/4534 3740/3044/4543
f 3750/3043/4535 3740/3044/4543 3753/3049/4536
f 3740/3044/4543 3749/3050/4544 3753/3049/4536
f 3753/3049/4536 3749/3050/4544 3752/3054/4537
f 3349/3036/4545 3734/3035/4540 3742/3034/4531
f 3734/3035/4540 3349/3036/4545 3347/3042/4546
f 3734/3035/4540 3347/3042/4546 3346/3041/4547
f 3724/3040/4541 3734/3035/4540 3346/3041/4547
f 3724/3040/4541 3346/3041/4547 3737/3046/4548
f 3350/3039/4542 3724/3040/4541 3737/3046/4548
f 3350/3039/4542 3737/3046/4548 3738/3045/4549
f 3740/3044/4543 3350/3039/4542 3738/3045/4549
f 3740/3044/4543 3738/3045/4549 3735/3051/4550
f 3749/3050/4544 3740/3044/4543 3735/3051/4550
f 3744/3037/4539 3349/3036/4545 3742/3034/4531
f 3744/3037/4539 3743/3058/4538 3349/3036/4545
f 3743/3058/4538 3739/3059/4551 3349/3036/4545
f 3739/3059/4551 3348/3060/4552 3349/3036/4545
f 3348/3060/4552 3345/3064/4553 3349/3036/4545
f 3349/3036/4545 3345/3064/4553 3347/3042/4546
f 3347/3042/4546 3345/3064/4553 3401/3063/4554
f 3347/3042/4546 3401/3063/4554 3344/3048/4555
f 3346/3041/4547 3347/3042/4546 3344/3048/4555
f 3743/3058/4538 3752/3054/4537 3739/3059/4551
f 3752/3054/4537 3741/3055/4556 3739/3059/4551
f 3741/3055/4556 3342/3056/4557 3739/3059/4551
f 3342/3056/4557 3348/3060/4552 3739/3059/4551
f 3342/3056/4557 3400/3057/4558 3348/3060/4552
f 3400/3057/4558 3404/3061/4559 3348/3060/4552
f 3348/3060/4552 3404/3061/4559 3345/3064/4553
f 3404/3061/4559 3778/3062/4560 3345/3064/4553
f 3345/3064/4553 3778/3062/4560 3401/3063/4554
f 3778/3062/4560 3405/3032/4561 3401/3063/4554
f 3401/3063/4554 3405/3032/4561 3344/3048/4555
f 3749/3050/4544 3741/3055/4556 3752/3054/4537
f 3741/3055/4556 3749/3050/4544 3342/3056/4557
f 3749/3050/4544 3735/3051/4550 3342/3056/4557
f 3735/3051/4550 3343/3052/4562 3342/3056/4557
f 3343/3052/4562 3400/3057/4558 3342/3056/4557
f 3343/3052/4562 3405/3032/4561 3400/3057/4558
f 3400/3057/4558 3405/3032/4561 3404/3061/4559
f 3404/3061/4559 3405/3032/4561 3778/3062/4560
f 3735/3051/4550 3738/3045/4549 3343/3052/4562
f 3738/3045/4549 3341/3053/4563 3343/3052/4562
f 3341/3053/4563 3405/3032/4561 3343/3052/4562
f 3736/3047/4564 3405/3032/4561 3341/3053/4563
f 3344/3048/4555 3405/3032/4561 3736/3047/4564
f 3346/3041/4547 3344/3048/4555 3736/3047/4564
f 3737/3046/4548 3346/3041/4547 3736/3047/4564
f 3737/3046/4548 3736/3047/4564 3341/3053/4563
f 3738/3045/4549 3737/3046/4548 3341/3053/4563
