# Blender 3.6.0
# www.blender.org
mtllib Mega_Gnar.mtl
g Mega_Gnar_Mesh
v 3.172441 579.548706 -4.334537
v 14.057409 590.239502 -3.160187
v 16.493469 584.716003 6.572398
v 5.586615 588.448486 -16.379629
v 74.396896 564.216614 -7.204710
v 70.903809 586.379028 -23.282160
v 71.291702 572.109619 -12.400189
v 63.816132 587.720703 -2.912927
v 73.167389 575.558960 -40.136913
v 63.473869 576.001953 7.126467
v 71.291702 572.109619 -12.400189
v 71.254707 564.546265 -38.877041
v 73.167389 575.558960 -40.136913
v 53.599270 588.353516 10.316107
v 57.719177 590.901001 -4.807494
v 60.912216 593.075928 -28.659899
v 54.970947 606.595093 -31.945486
v 42.304741 596.038086 5.901127
v 50.973194 602.077026 -10.945570
v 66.894592 509.276062 15.626955
v 60.087517 497.719421 4.812322
v 57.003838 500.199646 10.568364
v -12.399484 516.376160 10.620767
v -10.898533 526.647461 19.353769
v -6.932683 515.554260 14.650460
v 55.392822 604.915649 -51.289219
v 31.066090 595.409302 10.236839
v 60.912216 593.075928 -28.659899
v 54.970947 606.595093 -31.945486
v 42.304741 596.038086 5.901127
v 42.862556 602.302856 -12.055089
v 50.973194 602.077026 -10.945570
v 45.883968 603.644958 -32.437145
v -4.492022 518.771851 22.543509
v -6.440645 513.436829 19.719425
v -6.932683 515.554260 14.650460
v 57.552902 497.128326 6.857142
v 58.053955 504.669617 19.418779
v 56.386337 498.418579 15.774288
v 56.778275 499.531677 21.437595
v 57.003838 500.199646 10.568364
v 51.264282 495.954285 14.725734
v -5.153692 513.127441 24.183838
v -6.440645 513.436829 19.719425
v -3.227936 509.131042 18.290154
v 27.268652 599.180298 -5.248536
v 31.066090 595.409302 10.236839
v 14.057409 590.239502 -3.160187
v -9.871671 514.246582 12.037248
v -6.440645 513.436829 19.719425
v -3.227936 509.131042 18.290154
v -6.932683 515.554260 14.650460
v 70.903809 586.379028 -23.282160
v 53.599270 588.353516 10.316107
v 57.719177 590.901001 -4.807494
v 63.816132 587.720703 -2.912927
v 60.912216 593.075928 -28.659899
v 63.473869 576.001953 7.126467
v 48.790474 600.446777 -42.782707
v 55.392822 604.915649 -51.289219
v 45.883968 603.644958 -32.437145
v 27.268652 599.180298 -5.248536
v 19.509222 603.418457 -22.608942
v 31.066090 595.409302 10.236839
v 35.916534 604.348145 -9.131934
v 14.057409 590.239502 -3.160187
v 42.862556 602.302856 -12.055089
v 29.357756 604.170959 -25.801277
v 6.513713 594.396973 -36.121937
v 5.586615 588.448486 -16.379629
v 19.509222 603.418457 -22.608942
v 35.916534 604.348145 -9.131934
v 37.921513 608.172302 -31.239071
v 42.862556 602.302856 -12.055089
v 45.883968 603.644958 -32.437145
v 29.357756 604.170959 -25.801277
v 28.409485 602.718811 -42.032524
v 37.921513 608.172302 -31.239071
v 48.790474 600.446777 -42.782707
v 45.883968 603.644958 -32.437145
v 28.409485 602.718811 -42.032524
v 39.603771 606.737427 -42.594517
v 58.053955 504.669617 19.418779
v 66.894592 509.276062 15.626955
v 57.003838 500.199646 10.568364
v -8.883943 544.929138 9.074162
v -12.711755 536.056702 7.222825
v -10.265099 530.897217 -0.700452
v -15.190167 538.815735 -7.368790
v 8.367299 533.758301 36.345043
v 8.185396 526.192383 48.745487
v 8.376137 527.090332 43.133785
v 5.932401 539.770996 35.490002
v 4.902572 531.430725 39.107700
v 5.807373 528.580627 43.483871
v 2.558585 539.812866 35.587738
v 6.258147 530.697693 38.970879
v -15.149666 517.891663 1.965935
v -12.399484 516.376160 10.620767
v -12.711755 536.056702 7.222825
v -10.898533 526.647461 19.353769
v -16.658499 533.136658 2.876506
v -4.492022 518.771851 22.543509
v -10.898533 526.647461 19.353769
v -6.932683 515.554260 14.650460
v -4.492022 518.771851 22.543509
v -5.153692 513.127441 24.183838
v -6.440645 513.436829 19.719425
v 8.363664 511.385803 30.192072
v -5.153692 513.127441 24.183838
v -3.227936 509.131042 18.290154
v 2.695795 509.139709 24.021969
v -8.883943 544.929138 9.074162
v 8.363664 511.385803 30.192072
v -15.409165 507.419220 21.281538
v -4.557599 505.557617 34.359993
v -28.157391 511.614929 12.423279
v -4.492022 518.771851 22.543509
v -13.710851 507.824066 29.125471
v -21.510923 508.480377 14.921079
v -24.718378 506.410339 16.301191
v -13.204853 500.586487 38.648438
v -18.405048 500.007935 33.386471
v -18.769327 507.256226 26.480925
v -5.153692 513.127441 24.183838
v -18.325178 526.415466 19.253531
v -20.784998 529.089050 18.493822
v -18.298773 519.554688 19.637808
v -10.898533 526.647461 19.353769
v -26.782036 522.174316 16.984653
v -22.366028 520.407837 19.202135
v -21.624790 534.083557 1.023630
v -24.215010 500.953674 26.335203
v -19.847572 531.278625 18.551722
v -28.120781 531.324097 11.296643
v -12.711755 536.056702 7.222825
v 36.311127 491.333496 63.895329
v 48.378216 497.212585 42.815998
v -2.678674 528.357605 30.870163
v 29.516872 514.855103 77.065674
v 53.746548 506.548187 46.275036
v 49.047276 516.340210 50.806217
v 38.760052 493.243530 68.298187
v 29.839375 491.737061 78.593262
v 62.270794 519.733459 32.878468
v 49.453407 506.917664 52.942356
v 61.595634 527.671326 33.744743
v 58.479210 528.964233 33.849682
v 53.927055 524.388672 34.922855
v 45.373306 513.537476 68.710609
v 54.811970 520.712036 37.454884
v 65.759033 527.676758 28.075174
v 13.224217 496.081573 64.616180
v -0.261352 513.256592 38.435726
v -1.293447 518.897827 32.253014
v 55.041710 515.336792 48.073135
v 11.231852 521.125916 66.193558
v 10.661730 521.309265 66.459290
v 11.588625 522.251282 60.937382
v 9.988241 522.863525 62.140385
v 8.185396 526.192383 48.745487
v 18.770538 515.497070 78.599335
v 15.377191 505.955566 77.858124
v 18.663975 497.141907 78.826385
v 12.253208 495.387390 72.834167
v 24.116566 515.686890 77.489899
v 24.002460 516.155151 76.468079
v 7.702436 520.258362 68.000595
v 1.585698 531.643188 40.185459
v 4.902572 531.430725 39.107700
v 2.516180 528.010254 43.857822
v 10.165480 500.324097 71.031769
v 5.560365 507.908051 66.677200
v 6.881480 509.405304 58.067200
v 5.807373 528.580627 43.483871
v 14.745829 518.741821 74.142090
v 13.404414 517.192932 75.611542
v 6.799418 523.205994 57.017033
v 6.660750 515.718445 54.278503
v 11.995024 498.748047 69.133896
v 19.572079 517.199036 76.513000
v 11.863241 500.375427 66.912994
v -1.204898 525.417603 36.358055
v 13.956152 519.998718 69.691574
v -0.091637 520.912170 41.705296
v -1.596622 541.529297 30.177948
v 2.558585 539.812866 35.587738
v 15.162302 518.644897 73.739929
v -1.241923 532.795471 34.861340
v 20.121542 517.472473 74.545135
v 2.178974 517.153687 47.885170
v 3.214245 506.500977 44.226196
v 20.198000 493.719910 78.894318
v 10.620273 524.243164 52.006046
v 13.360876 500.673340 60.160172
v 10.290687 523.847229 56.800007
v 9.176837 524.484253 56.823826
v 6.523201 508.235535 51.544296
v 7.458849 521.641907 62.908325
v 15.005084 500.722687 52.919998
v 4.563894 525.718140 49.649250
v 7.524376 526.433716 49.481556
v 44.419998 512.639038 73.215553
v 56.352322 520.849487 37.501278
v 39.527756 513.094971 75.889931
v 43.975777 512.719116 72.840279
v 59.542225 519.723755 38.375919
v 39.013885 513.587097 73.955269
v 37.419796 490.211609 72.048370
v 24.330784 489.420227 78.502686
v 29.473845 515.027100 74.554688
v 39.389591 494.714355 66.053497
v 37.729427 495.661682 59.399296
v 29.176395 512.810059 79.631653
v 39.716652 511.189240 77.945320
v 45.127426 510.668762 74.621040
v 32.591236 494.277618 78.391510
v 27.338692 503.446777 82.448456
v 46.988735 501.156799 56.814899
v 51.109417 511.331268 66.645271
v 48.125332 499.154114 65.348160
v 35.807693 496.444397 52.270466
v 25.480179 494.579865 81.329590
v 52.442215 513.819092 55.591877
v 54.660915 518.533447 41.958469
v 57.476597 516.707031 42.141731
v 41.172813 493.947113 70.063599
v 39.022308 501.092682 77.119843
v 51.696728 518.180969 41.781124
v 51.573463 512.569275 61.530888
v 46.465679 500.020996 50.297138
v 59.417877 512.949951 34.465195
v 56.940746 509.182861 39.924507
v 53.882351 502.121368 36.745155
v 56.679893 506.965118 30.433634
v 61.599819 515.138000 28.863287
v 34.822517 513.485046 77.155609
v 35.050644 513.883057 76.123108
v 52.598915 517.163696 48.074146
v 48.717678 513.482666 65.271034
v 50.754398 515.933350 55.525608
v 48.106647 513.542236 65.042183
v 47.908539 514.781738 59.803318
v 49.480370 515.787476 55.576344
v 49.689568 514.698547 60.900745
v 51.853500 517.211548 47.381992
v 8.363664 511.385803 30.192072
v 1.126915 503.173828 45.026215
v -1.997664 505.956604 41.391464
v -7.015914 501.953369 40.885330
v -4.557599 505.557617 34.359993
v 3.214245 506.500977 44.226196
v -13.204853 500.586487 38.648438
v -24.718378 506.410339 16.301191
v 1.126915 503.173828 45.026215
v -2.678674 528.357605 30.870163
v -1.293447 518.897827 32.253014
v -18.769327 507.256226 26.480925
v -0.261352 513.256592 38.435726
v -18.405048 500.007935 33.386471
v -13.710851 507.824066 29.125471
v -22.366028 520.407837 19.202135
v -21.510923 508.480377 14.921079
v -26.782036 522.174316 16.984653
v 3.214245 506.500977 44.226196
v -18.325178 526.415466 19.253531
v -15.409165 507.419220 21.281538
v -28.157391 511.614929 12.423279
v -18.298773 519.554688 19.637808
v -7.015914 501.953369 40.885330
v -4.733721 547.967773 23.775892
v -1.596622 541.529297 30.177948
v -20.784998 529.089050 18.493822
v -24.215010 500.953674 26.335203
v -19.847572 531.278625 18.551722
v -13.204853 500.586487 38.648438
v -1.997664 505.956604 41.391464
v -19.517103 504.095825 32.649780
v 15.127417 501.149933 36.919785
v 3.214245 506.500977 44.226196
v 8.363664 511.385803 30.192072
v 9.186152 495.226624 21.192467
v 15.005084 500.722687 52.919998
v 8.367299 533.758301 36.345043
v 11.936625 525.055237 67.500916
v 8.185396 526.192383 48.745487
v 13.956152 519.998718 69.691574
v 6.756896 532.373047 39.843964
v 8.307178 528.678894 49.115681
v 14.592903 522.825684 70.719849
v 12.745060 526.113525 61.890400
v 11.588625 522.251282 60.937382
v 10.290687 523.847229 56.800007
v 8.376137 527.090332 43.133785
v 11.231852 521.125916 66.193558
v 8.545973 529.721252 44.028721
v 10.450339 526.852295 57.485569
v 6.258147 530.697693 38.970879
v 10.620273 524.243164 52.006046
v 12.452207 528.002625 52.666615
v 11.268125 534.595459 49.917610
v 8.131212 536.135193 42.197739
v 14.487043 529.332397 67.884598
v 13.641337 531.816772 58.710304
v 35.807693 496.444397 52.270466
v 25.297558 497.728058 54.744598
v 34.323341 496.600677 35.751781
v 18.717531 499.146057 67.373566
v 32.646755 496.281372 66.938660
v 25.471506 496.292725 69.769867
v 24.699982 498.552338 38.808815
v 29.476978 489.359070 18.996849
v 18.917747 491.393066 22.831861
v 70.674072 516.648315 2.482136
v 63.064461 511.895569 -6.698014
v 70.959427 517.387024 -13.569191
v 70.801064 525.460449 3.673162
v 48.378216 497.212585 42.815998
v 35.807693 496.444397 52.270466
v 34.323341 496.600677 35.751781
v 43.716740 503.051147 28.082264
v 29.476978 489.359070 18.996849
v 71.804771 511.863647 -2.798569
v 70.674072 516.648315 2.482136
v 59.885078 499.617828 -5.023482
v 66.894592 509.276062 15.626955
v 60.087517 497.719421 4.812322
v 38.760052 493.243530 68.298187
v 36.311127 491.333496 63.895329
v 37.729427 495.661682 59.399296
v 37.419796 490.211609 72.048370
v 39.389591 494.714355 66.053497
v 32.591236 494.277618 78.391510
v 18.663975 497.141907 78.826385
v 11.863241 500.375427 66.912994
v 35.807693 496.444397 52.270466
v 12.253208 495.387390 72.834167
v 11.995024 498.748047 69.133896
v 20.198000 493.719910 78.894318
v 18.717531 499.146057 67.373566
v 32.646755 496.281372 66.938660
v 29.839375 491.737061 78.593262
v 25.471506 496.292725 69.769867
v 24.330784 489.420227 78.502686
v 43.716740 503.051147 28.082264
v 58.053955 504.669617 19.418779
v 48.378216 497.212585 42.815998
v 71.547607 500.730896 16.505247
v 80.434799 500.123901 13.637145
v 70.674072 516.648315 2.482136
v 77.759529 511.203918 15.502747
v 56.386337 498.418579 15.774288
v 77.751854 508.823517 15.417087
v 53.675953 492.121094 31.161150
v 55.766830 489.041443 38.925007
v 70.078629 489.644012 12.061298
v 63.517063 491.941345 26.714113
v 64.292221 490.841095 18.616442
v 74.304771 507.054321 16.067369
v 67.773758 489.457703 23.778688
v 72.286484 486.460266 13.272312
v 70.274139 481.520996 23.384859
v 84.930626 508.073425 7.764362
v 79.446426 513.297241 -2.134181
v 66.894592 509.276062 15.626955
v 56.778275 499.531677 21.437595
v 46.462090 498.271973 20.890171
v 51.264282 495.954285 14.725734
v 58.053955 504.669617 19.418779
v 56.778275 499.531677 21.437595
v 77.260056 489.934692 9.131757
v 43.716740 503.051147 28.082264
v 60.769562 485.372833 36.338688
v 52.773464 494.692322 39.681293
v 75.787842 500.170746 16.089670
v 49.028522 493.322388 43.530521
v 64.995331 482.855774 30.782381
v 11.863241 500.375427 66.912994
v 25.297558 497.728058 54.744598
v 15.127417 501.149933 36.919785
v 13.224217 496.081573 64.616180
v 13.360876 500.673340 60.160172
v 9.186152 495.226624 21.192467
v 18.717531 499.146057 67.373566
v 15.005084 500.722687 52.919998
v 24.699982 498.552338 38.808815
v 18.917747 491.393066 22.831861
v 70.801064 525.460449 3.673162
v 70.674072 516.648315 2.482136
v 79.446426 513.297241 -2.134181
v 15.162302 518.644897 73.739929
v 13.956152 519.998718 69.691574
v 24.002460 516.155151 76.468079
v 14.592903 522.825684 70.719849
v 16.212271 522.602173 75.288025
v 20.121542 517.472473 74.545135
v 24.867430 519.688049 77.336243
v 21.045683 520.500122 75.394165
v 19.516045 532.171326 74.851410
v 26.578480 525.329468 76.485115
v 28.576254 519.209717 76.145813
v 29.473845 515.027100 74.554688
v 64.292221 490.841095 18.616442
v 63.517063 491.941345 26.714113
v 67.773758 489.457703 23.778688
v 67.582733 486.182800 29.930178
v 56.679893 506.965118 30.433634
v 77.751854 508.823517 15.417087
v 53.882351 502.121368 36.745155
v 64.995331 482.855774 30.782381
v 70.274139 481.520996 23.384859
v 77.759529 511.203918 15.502747
v 77.260056 489.934692 9.131757
v 60.769562 485.372833 36.338688
v 71.547607 500.730896 16.505247
v 52.773464 494.692322 39.681293
v 55.766830 489.041443 38.925007
v 65.759033 527.676758 28.075174
v 61.599819 515.138000 28.863287
v 70.791656 532.434570 21.417574
v 49.028522 493.322388 43.530521
v 72.286484 486.460266 13.272312
v 75.787842 500.170746 16.089670
v 70.078629 489.644012 12.061298
v 74.304771 507.054321 16.067369
v 48.378216 497.212585 42.815998
v 52.409664 526.134277 48.633003
v 49.664108 524.408325 57.585533
v 36.306393 523.328796 76.181374
v 48.427826 518.775024 60.776249
v 43.975777 512.719116 72.840279
v 45.373306 513.537476 68.710609
v 35.702271 517.459778 76.997932
v 50.559807 518.603394 56.233189
v 53.927055 524.388672 34.922855
v 39.013885 513.587097 73.955269
v 35.050644 513.883057 76.123108
v 55.431316 526.407349 40.720844
v 49.480370 515.787476 55.576344
v 48.889053 520.508972 51.528904
v 47.908539 514.781738 59.803318
v 48.458210 522.345886 66.823891
v 48.106647 513.542236 65.042183
v 49.087776 517.414673 66.340919
v 44.665768 516.750366 74.399605
v 45.965496 516.373535 69.740273
v 32.041260 518.497070 76.037628
v 29.473845 515.027100 74.554688
v 45.382645 526.851562 74.043770
v 39.410892 516.723083 74.820747
v 51.853500 517.211548 47.381992
v 49.047276 516.340210 50.806217
v 52.744324 519.539917 47.728168
v 54.811970 520.712036 37.454884
v 51.696728 518.180969 41.781124
v 55.067432 522.437500 38.335548
v 52.631802 520.654602 42.652203
v 75.787842 500.170746 16.089670
v 80.434799 500.123901 13.637145
v 74.304771 507.054321 16.067369
v 27.250134 509.598022 39.084831
v 13.301471 530.594543 34.964638
v 20.458485 511.784668 39.654640
v 16.813723 522.219849 10.928127
v 27.250134 509.598022 39.084831
v 39.607376 517.529053 10.253481
v 34.374634 508.922943 39.220287
v 48.072437 523.443970 33.879368
v 27.250134 509.598022 39.084831
v 44.583221 516.079712 42.247532
v 34.374634 508.922943 39.220287
v 21.179434 517.391663 71.864227
v 11.083062 527.406311 36.797825
v 13.301471 530.594543 34.964638
v 8.367299 533.758301 36.345043
v 25.651627 515.998535 71.780365
v 22.694475 512.275024 54.822544
v 12.804998 524.387451 44.366520
v 15.666087 519.690918 54.233646
v 18.691114 517.877808 69.602051
v 9.308968 526.659424 42.643589
v 20.458485 511.784668 39.654640
v 14.099010 522.349121 43.199375
v 29.473845 515.027100 74.554688
v 27.998804 510.719421 55.687046
v 48.072437 523.443970 33.879368
v 33.195930 514.447021 71.544800
v 33.424675 510.068237 54.487492
v 49.664108 524.408325 57.585533
v 52.409664 526.134277 48.633003
v 45.382645 526.851562 74.043770
v 49.068672 521.652222 46.249119
v 47.061363 520.287903 56.414707
v 46.221336 516.363281 50.278812
v 52.631802 520.654602 42.652203
v 52.336994 525.018860 39.431305
v 50.642044 518.158875 41.353001
v 48.889053 520.508972 51.528904
v 40.189564 513.456421 68.930794
v 29.473845 515.027100 74.554688
v 44.158730 513.284180 64.023170
v 45.965496 516.373535 69.740273
v 45.771931 518.318237 64.646675
v 44.074215 512.127930 67.943031
v 48.458210 522.345886 66.823891
v 39.410892 516.723083 74.820747
v 33.195930 514.447021 71.544800
v 37.851421 513.962891 71.343666
v 34.790325 518.138062 73.940071
v 36.306393 523.328796 76.181374
v 55.431316 526.407349 40.720844
v 32.041260 518.497070 76.037628
v 42.730789 518.231873 71.772743
v 53.927055 524.388672 34.922855
v 45.797142 514.011230 59.427769
v 46.643387 517.428223 43.309971
v 48.959667 519.616577 35.615147
v 48.427826 518.775024 60.776249
v 44.359550 515.200134 54.460316
v 12.422195 529.188965 47.393375
v 11.083062 527.406311 36.797825
v 8.367299 533.758301 36.345043
v 12.804998 524.387451 44.366520
v 8.545973 529.721252 44.028721
v 10.343881 533.655212 40.742302
v 9.308968 526.659424 42.643589
v 13.189322 523.156677 51.310200
v 18.691114 517.877808 69.602051
v 14.688371 521.302368 55.386768
v 18.413599 523.232971 72.532013
v 12.452207 528.002625 52.666615
v 13.198629 520.715454 60.445621
v 25.651627 515.998535 71.780365
v 8.131212 536.135193 42.197739
v 26.578480 525.329468 76.485115
v 19.516045 532.171326 74.851410
v 11.268125 534.595459 49.917610
v 14.487043 529.332397 67.884598
v 15.232242 524.599121 65.600235
v 21.045683 520.500122 75.394165
v 14.689547 519.344849 64.943329
v 13.641337 531.816772 58.710304
v 28.576254 519.209717 76.145813
v 25.788118 519.989441 74.221161
v 12.745060 526.113525 61.890400
v 14.333579 527.018677 57.436588
v 21.179434 517.391663 71.864227
v 14.545822 518.200806 68.865021
v 14.592903 522.825684 70.719849
v 29.473845 515.027100 74.554688
v 44.583221 516.079712 42.247532
v 45.797142 514.011230 59.427769
v 44.074215 512.127930 67.943031
v 37.851421 513.962891 71.343666
v 44.158730 513.284180 64.023170
v 44.359550 515.200134 54.460316
v 50.642044 518.158875 41.353001
v 46.643387 517.428223 43.309971
v 48.072437 523.443970 33.879368
v 53.927055 524.388672 34.922855
v 42.758606 514.119080 53.387730
v 48.959667 519.616577 35.615147
v 33.195930 514.447021 71.544800
v 33.424675 510.068237 54.487492
v 40.189564 513.456421 68.930794
v 46.221336 516.363281 50.278812
v 14.545822 518.200806 68.865021
v 12.804998 524.387451 44.366520
v 15.666087 519.690918 54.233646
v 18.691114 517.877808 69.602051
v 14.688371 521.302368 55.386768
v 13.189322 523.156677 51.310200
v 13.198629 520.715454 60.445621
v 14.689547 519.344849 64.943329
v 51.584576 531.867432 26.715958
v 61.595634 527.671326 33.744743
v 59.892765 532.214783 34.177288
v 58.479210 528.964233 33.849682
v 65.759033 527.676758 28.075174
v 62.657162 531.358521 33.849133
v 30.965658 530.366455 21.305815
v 31.340044 533.211487 14.553492
v 28.983582 541.713257 18.604336
v 30.327341 539.359070 18.520607
v 27.541790 536.739746 16.365593
v 31.705133 534.736694 16.203163
v 28.738348 531.511841 22.379709
v 29.065357 532.816162 23.923185
v 26.293692 568.564209 66.257072
v 21.605728 567.310852 59.916477
v 24.321930 567.363464 54.225956
v 31.003382 569.418152 65.948326
v 26.262342 568.468994 62.136112
v 31.551025 532.682007 24.805691
v 36.322540 534.933838 16.091515
v 33.830593 531.836121 23.774445
v 30.965658 530.366455 21.305815
v 31.127419 530.785156 23.731283
v 33.523979 530.527710 22.230362
v 34.929710 538.412537 18.376953
v 32.853970 539.798767 19.656021
v 33.509430 542.944641 19.926926
v 37.095188 540.045044 18.351143
v 31.340044 533.211487 14.553492
v 31.705133 534.736694 16.203163
v 46.624397 579.150085 21.862249
v 41.731609 580.993896 23.949413
v 53.599270 588.353516 10.316107
v 55.419430 574.299194 17.307692
v 63.473869 576.001953 7.126467
v 25.973967 580.584595 18.431562
v 41.731609 580.993896 23.949413
v 31.066090 595.409302 10.236839
v 42.304741 596.038086 5.901127
v 3.172441 579.548706 -4.334537
v 16.493469 584.716003 6.572398
v 36.339661 581.316711 22.231987
v 9.732871 576.631226 7.997573
v 0.820701 559.532227 15.482254
v 1.524637 558.047302 20.426907
v 4.055372 561.067627 26.761463
v -0.851988 553.098999 20.491577
v -12.849095 549.310547 11.054255
v -5.602564 553.544434 27.890610
v -3.914541 555.051758 21.106815
v -4.733721 547.967773 23.775892
v -9.255831 550.484680 24.228495
v -10.451747 544.301758 31.002043
v -4.733721 547.967773 23.775892
v -4.733721 547.967773 23.775892
v -3.536742 548.195435 28.980419
v -1.596622 541.529297 30.177948
v -0.851988 553.098999 20.491577
v 1.524637 558.047302 20.426907
v -3.536742 548.195435 28.980419
v 39.607376 517.529053 10.253481
v 13.301471 530.594543 34.964638
v 12.972680 539.808228 27.921087
v 18.303305 538.427124 15.250110
v 16.813723 522.219849 10.928127
v 37.095188 540.045044 18.351143
v 36.322540 534.933838 16.091515
v 45.393562 532.856018 14.404663
v 27.803699 518.868835 5.565124
v 27.541790 536.739746 16.365593
v 31.340044 533.211487 14.553492
v 36.322540 534.933838 16.091515
v 20.749994 566.272583 50.007999
v 16.248999 560.308105 43.795563
v 32.944878 570.604370 69.201271
v 12.778208 552.844360 41.917446
v 15.837990 555.549072 41.037445
v 12.972680 539.808228 27.921087
v 12.759147 548.058594 29.243660
v 18.303305 538.427124 15.250110
v 30.516838 567.586548 35.572117
v 24.321930 567.363464 54.225956
v 11.083475 548.298645 39.357430
v 31.003382 569.418152 65.948326
v 19.578726 545.016968 21.731224
v 27.541790 536.739746 16.365593
v 29.360744 556.472046 27.686800
v 20.376144 563.827515 44.962650
v 16.813723 522.219849 10.928127
v 28.983582 541.713257 18.604336
v 36.242489 570.749146 66.016762
v 21.544605 557.382874 32.218662
v 38.701832 565.971375 34.555225
v 33.509430 542.944641 19.926926
v 36.105625 554.458008 27.241077
v 31.066090 595.409302 10.236839
v 14.057409 590.239502 -3.160187
v 16.493469 584.716003 6.572398
v 75.021866 526.722778 28.333708
v 70.791656 532.434570 21.417574
v 75.957550 532.959351 21.568325
v 70.094872 533.051575 26.681479
v 74.033096 537.165466 25.404118
v 78.002090 530.625488 8.216723
v 69.058296 538.720581 18.308718
v 68.825653 544.205505 18.325850
v 68.825653 544.205505 18.325850
v 72.673126 539.300293 18.716000
v 70.791656 532.434570 21.417574
v 69.760757 545.353516 13.330060
v 69.058296 538.720581 18.308718
v 68.074570 547.900879 24.763060
v 70.791656 532.434570 21.417574
v 70.094872 533.051575 26.681479
v 65.759033 527.676758 28.075174
v 70.791656 532.434570 21.417574
v 9.732871 576.631226 7.997573
v 9.164996 573.232056 15.259894
v 0.820701 559.532227 15.482254
v -8.632222 576.213196 7.937781
v 12.778208 552.844360 41.917446
v 14.636749 550.774048 46.765995
v 31.003382 569.418152 65.948326
v 15.463066 558.795898 46.476868
v 32.944878 570.604370 69.201271
v 23.501587 555.770447 69.449722
v 18.582291 554.108215 52.930878
v 15.837990 555.549072 41.037445
v 25.722965 568.521362 66.804527
v 32.795448 568.348267 71.359734
v 29.630964 569.878601 69.747719
v 16.248999 560.308105 43.795563
v 20.490032 556.772034 59.867752
v 18.582291 554.108215 52.930878
v 35.928150 563.240845 72.473000
v 12.778208 552.844360 41.917446
v 25.993658 566.206360 68.297462
v 28.997240 568.115112 71.016457
v 36.226509 568.986206 67.663368
v 23.501587 555.770447 69.449722
v 28.797838 560.777527 72.174599
v 28.797838 560.777527 72.174599
v 30.198538 566.363708 68.487968
v 20.490032 556.772034 59.867752
v 20.009895 562.656372 52.272556
v 21.002975 564.121826 61.881809
v 22.669817 563.622986 56.777622
v 20.009895 562.656372 52.272556
v 20.376144 563.827515 44.962650
v 20.749994 566.272583 50.007999
v 24.321930 567.363464 54.225956
v 15.460505 560.639465 44.962067
v 26.293692 568.564209 66.257072
v 24.563604 564.460632 64.269066
v 20.293579 560.355713 49.164951
v 32.606773 570.680298 69.898613
v 16.803368 560.833069 50.075821
v 36.242489 570.749146 66.016762
v 26.262342 568.468994 62.136112
v 20.295845 566.235291 50.181446
v 14.636749 550.774048 46.765995
v 22.222376 566.260498 66.070564
v 15.463066 558.795898 46.476868
v 18.168711 564.938171 47.637379
v 12.591002 555.542725 43.887924
v 22.494417 567.733643 65.350166
v 21.002975 564.121826 61.881809
v 32.795448 568.348267 71.359734
v 21.151852 567.269409 59.994968
v 25.993658 566.206360 68.297462
v 21.605728 567.310852 59.916477
v 20.266926 566.855347 55.335331
v 19.479906 564.103699 57.306416
v 40.930828 571.739319 67.962044
v 54.243126 553.373474 48.105259
v 44.723454 569.004883 65.752052
v 44.141548 567.358337 67.416298
v 48.684841 562.561707 67.910957
v 47.880985 567.532532 68.735054
v 47.257633 565.373840 70.908318
v 57.612133 551.801147 42.504490
v 57.897087 550.068665 45.152348
v 56.207874 558.980103 48.901249
v 55.596321 555.337524 51.161793
v 42.437748 561.902100 72.269814
v 47.987461 556.830872 71.575630
v 55.947670 547.299927 39.785496
v 57.739941 543.597290 40.514038
v 55.509457 542.367981 45.490185
v 40.467613 569.098267 70.523766
v 53.290447 550.026123 58.843952
v 53.574593 546.911499 51.838657
v 53.614731 561.338928 53.311634
v 56.425373 560.149658 58.829639
v 53.807724 557.218994 55.805714
v 55.838375 556.957336 60.794483
v 48.999084 565.717041 65.386620
v 50.707184 550.175171 68.600555
v 55.284790 556.648010 43.873020
v 52.744499 563.022522 61.309513
v 52.849564 558.643188 63.386173
v 52.999870 563.071655 65.423485
v 52.467464 560.761597 67.471138
v 3.044915 543.618408 35.709942
v 5.937148 543.311340 35.861492
v -1.596622 541.529297 30.177948
v 2.558585 539.812866 35.587738
v 12.972680 539.808228 27.921087
v 5.937148 543.311340 35.861492
v 5.932401 539.770996 35.490002
v 2.558585 539.812866 35.587738
v 47.880985 567.532532 68.735054
v 68.921730 553.270569 18.437288
v 1.524637 558.047302 20.426907
v 48.262684 567.460388 69.409935
v 44.774048 570.137390 70.553261
v 68.074570 547.900879 24.763060
v 68.610970 543.758972 33.121098
v 52.999870 563.071655 65.423485
v 68.191315 563.978455 5.576854
v 4.055372 561.067627 26.761463
v -1.596622 541.529297 30.177948
v 5.016714 566.413391 20.431887
v 9.732871 576.631226 7.997573
v 2.430436 557.369995 35.186901
v 0.820701 559.532227 15.482254
v 41.038506 572.032043 69.483040
v 56.425373 560.149658 58.829639
v 15.503928 571.856567 34.433048
v 21.463984 576.043518 33.379856
v 12.739535 571.711914 36.194279
v 15.976085 574.562988 33.089390
v 17.654825 576.401917 30.922781
v 34.337460 587.116516 59.232643
v 32.120941 580.290039 37.766850
v 37.329670 580.218384 71.570610
v 12.778208 552.844360 41.917446
v 38.742851 585.620361 66.721764
v 12.591002 555.542725 43.887924
v 22.883711 577.715576 65.490456
v 18.044939 573.920898 39.260014
v 21.603020 573.551392 36.946751
v 11.789997 567.907715 41.532932
v 18.244326 572.116943 36.266911
v 16.518236 578.456299 29.778986
v 8.008158 548.244507 41.245430
v 11.083475 548.298645 39.357430
v 30.086325 579.717896 70.778542
v 36.929882 571.750671 70.798103
v 5.325800 548.467041 41.193584
v -3.536742 548.195435 28.980419
v 36.339661 581.316711 22.231987
v 17.975927 572.449158 48.338535
v 23.121149 579.048584 34.648014
v 32.606773 570.680298 69.898613
v 24.827223 575.222290 35.808811
v 32.239513 586.551697 56.611458
v 29.008854 577.420044 40.732029
v 5.937148 543.311340 35.861492
v 3.044915 543.618408 35.709942
v 15.460505 560.639465 44.962067
v 20.295845 566.235291 50.181446
v 22.494417 567.733643 65.350166
v 21.151852 567.269409 59.994968
v 20.532116 568.538269 67.999702
v 17.941095 567.238953 51.146732
v 9.300816 556.463379 44.631275
v 35.795570 573.939758 73.428749
v 17.684065 567.923950 60.231083
v 13.166027 563.036987 45.191101
v 12.972680 539.808228 27.921087
v 7.243989 562.991943 39.350666
v 28.993536 572.627319 73.033867
v 9.024550 568.110840 31.604959
v 13.058303 572.295349 28.573792
v 14.860686 574.467834 29.231190
v 36.242489 570.749146 66.016762
v 9.164996 573.232056 15.259894
v 14.057664 571.419556 32.462864
v 10.580032 575.376587 26.689949
v 25.973967 580.584595 18.431562
v 17.741449 580.693481 25.029085
v 27.446327 581.668701 27.999973
v 27.872658 586.221924 61.347267
v 26.795469 585.362854 56.398994
v 32.488300 585.854675 65.847878
v 20.678654 576.900513 58.640354
v 29.630964 569.878601 69.747719
v 36.295563 571.786133 72.198174
v 63.324493 561.287109 30.925085
v 55.419430 574.299194 17.307692
v 67.496155 561.235840 13.439475
v 66.584221 556.272827 29.808329
v 64.353470 561.745728 26.972742
v 68.825653 544.205505 18.325850
v 56.207874 558.980103 48.901249
v 57.612133 551.801147 42.504490
v 69.760757 545.353516 13.330060
v 57.739941 543.597290 40.514038
v 65.759033 527.676758 28.075174
v 66.662354 550.771729 37.496052
v 64.871811 560.990112 34.567070
v 61.060902 565.073975 37.917366
v 41.731609 580.993896 23.949413
v 46.624397 579.150085 21.862249
v 58.219997 579.980469 60.400032
v 58.573059 578.827271 55.407112
v 59.987713 563.531799 34.963966
v 43.493191 584.516418 65.865273
v 60.980114 568.611938 57.382423
v 54.189991 574.760620 70.026192
v 54.111778 581.407471 65.172920
v 57.348728 538.783447 37.913269
v 60.260601 537.498047 39.614376
v 57.739941 543.597290 40.514038
v 57.513870 566.165710 35.825844
v 62.288387 562.234558 32.972755
v 62.805111 536.645569 39.399357
v 64.562149 557.054321 39.885750
v 63.681732 568.756470 28.306896
v 54.062073 582.063599 55.930309
v 55.147831 568.986328 34.862434
v 61.897980 567.302612 29.541815
v 59.689224 570.145996 64.341652
v 44.115513 587.776794 64.320030
v 52.474205 572.594055 39.999611
v 58.151516 571.843994 33.554604
v 61.087154 563.582642 46.992897
v 60.282257 559.162964 58.901463
v 70.094872 533.051575 26.681479
v 45.453506 569.902649 71.912331
v 46.834774 571.669373 73.084175
v 62.657162 531.358521 33.849133
v 59.892765 532.214783 34.177288
v 56.829967 559.931641 58.881321
v 50.666523 565.552307 69.091133
v 56.102249 560.821716 64.301155
v 52.531452 567.786377 72.299171
v 62.842045 564.924255 31.626562
v 58.410534 568.444885 32.226646
v 55.284790 556.648010 43.873020
v 40.930828 571.739319 67.962044
v 53.614731 561.338928 53.311634
v 38.701832 565.971375 34.555225
v 46.905487 564.215942 35.060581
v 44.723454 569.004883 65.752052
v 56.620018 558.764648 49.047657
v 51.584576 531.867432 26.715958
v 61.598778 553.076050 43.679371
v 52.744499 563.022522 61.309513
v 33.509430 542.944641 19.926926
v 63.157467 571.353333 23.611643
v 37.095188 540.045044 18.351143
v 45.393562 532.856018 14.404663
v 67.728165 563.623474 24.906263
v 36.105625 554.458008 27.241077
v 54.820057 576.038940 27.145628
v 63.596478 564.444580 27.710028
v 48.999084 565.717041 65.386620
v 43.111721 553.643921 27.257603
v 47.209560 539.334351 20.868834
v 62.518101 545.518433 42.970196
v 59.232899 558.746643 49.857883
v 58.535656 551.780396 43.617558
v 41.473248 573.857727 71.381630
v 55.947670 547.299927 39.785496
v 50.909756 551.343506 31.302097
v 51.584576 531.867432 26.715958
v 41.164673 572.460388 70.702751
v 48.335972 583.647339 66.422325
v 59.093357 545.978760 42.436428
v 47.792225 578.066589 71.244041
v 58.377533 560.754761 66.818428
v 41.937607 581.237854 37.630226
v 42.616146 579.612488 70.078712
v 52.517693 583.377441 58.665203
v 50.574402 576.494751 37.190865
v 55.112217 539.348267 27.921713
v 57.348728 538.783447 37.913269
v 69.760757 545.353516 13.330060
v 84.554611 557.048096 5.028962
v 67.496155 561.235840 13.439475
v 35.928150 563.240845 72.473000
v 32.606773 570.680298 69.898613
v 32.795448 568.348267 71.359734
v 37.083958 569.505005 72.125801
v 36.929882 571.750671 70.798103
v 48.262684 567.460388 69.409935
v 47.257633 565.373840 70.908318
v 43.826801 568.118225 71.915337
v 53.539124 562.800537 65.936302
v 42.437748 561.902100 72.269814
v 47.987461 556.830872 71.575630
v 57.739941 543.597290 40.514038
v 50.666523 565.552307 69.091133
v 50.628315 563.666382 70.341286
v 44.774048 570.137390 70.553261
v 50.707184 550.175171 68.600555
v 53.290447 550.026123 58.843952
v 53.574593 546.911499 51.838657
v 55.596321 555.337524 51.161793
v 40.467613 569.098267 70.523766
v 52.467464 560.761597 67.471138
v 41.038506 572.032043 69.483040
v 57.907055 556.765381 46.397022
v 57.199406 559.259583 54.182545
v 56.954185 556.396545 56.136723
v 57.897087 550.068665 45.152348
v 59.093357 545.978760 42.436428
v 55.509457 542.367981 45.490185
v 58.535656 551.780396 43.617558
v 56.829967 559.931641 58.881321
v 55.838375 556.957336 60.794483
v 56.102249 560.821716 64.301155
v 55.813988 559.351868 65.022072
v 56.620018 558.764648 49.047657
v 57.686516 552.424805 48.799732
v 41.731609 580.993896 23.949413
v 53.599270 588.353516 10.316107
v 42.304741 596.038086 5.901127
v 58.479210 528.964233 33.849682
v 48.072437 523.443970 33.879368
v 53.927055 524.388672 34.922855
v 51.584576 531.867432 26.715958
v 74.396896 564.216614 -7.204710
v 68.191315 563.978455 5.576854
v 55.419430 574.299194 17.307692
v 63.473869 576.001953 7.126467
v 68.191315 563.978455 5.576854
v 84.554611 557.048096 5.028962
v 67.496155 561.235840 13.439475
v 5.932401 539.770996 35.490002
v 39.607376 517.529053 10.253481
v 13.301471 530.594543 34.964638
v 8.367299 533.758301 36.345043
v 12.972680 539.808228 27.921087
v 45.393562 532.856018 14.404663
v 48.072437 523.443970 33.879368
v 51.584576 531.867432 26.715958
v 22.387102 322.136078 -21.486692
v 18.188829 322.570282 -15.766025
v 17.218004 319.116333 -16.825605
v 20.259188 330.465637 -26.078432
v 16.894869 326.189697 -13.411731
v 18.188829 322.570282 -15.766025
v 17.155355 337.374634 -21.020390
v 18.916319 328.998871 -19.843822
v 21.237932 321.749451 -12.338324
v 20.259188 330.465637 -26.078432
v 20.460218 330.554199 -30.382662
v 7.590812 327.652313 -38.664814
v 7.753072 332.326508 -37.196053
v 2.766570 329.984467 -31.395935
v 14.769429 329.334412 -37.866074
v 18.188829 322.570282 -15.766025
v 1.927542 327.845062 -23.906469
v 12.873691 323.755890 -30.511997
v 2.695350 334.888306 -34.077888
v 18.660980 325.994507 -33.061527
v 13.298606 325.554016 -37.346535
v 2.899150 331.461670 -35.231037
v 6.574573 325.985596 -31.583662
v 17.851393 324.690308 -28.004389
v 12.908747 321.622375 -23.087143
v 18.916319 328.998871 -19.843822
v 17.218004 319.116333 -16.825605
v 16.926607 323.256653 -22.376989
v 1.927542 327.845062 -23.906469
v 18.570383 321.624451 -24.719749
v 12.873691 323.755890 -30.511997
v 5.036902 324.435028 -24.293161
v 6.574573 325.985596 -31.583662
v 11.517050 318.802521 -17.974319
v 12.908747 321.622375 -23.087143
v 17.218004 319.116333 -16.825605
v 7.722653 322.998840 -8.924128
v 11.693574 329.315918 -12.841424
v 12.501260 322.619965 -10.284775
v 20.259188 330.465637 -26.078432
v 20.460218 330.554199 -30.382662
v 19.997099 336.869202 -26.223166
v 16.894869 326.189697 -13.411731
v 11.693574 329.315918 -12.841424
v 16.508390 321.230774 -11.040649
v 1.927542 327.845062 -23.906469
v -1.299551 326.297791 -19.508928
v -1.770918 320.416016 -21.273911
v 2.824385 322.213867 -19.252386
v -1.299551 326.297791 -19.508928
v 5.036902 324.435028 -24.293161
v 8.145849 320.770508 -22.212124
v 11.517050 318.802521 -17.974319
v 2.824385 322.213867 -19.252386
v 7.722653 322.998840 -8.924128
v 12.829588 338.843323 -18.217106
v 16.894869 326.189697 -13.411731
v 1.927542 327.845062 -23.906469
v 11.693574 329.315918 -12.841424
v 4.363652 331.926270 -15.323794
v -1.299551 326.297791 -19.508928
v 2.867238 323.577820 -8.595406
v -1.208368 330.698456 -18.377764
v 17.155355 337.374634 -21.020390
v -3.898646 321.639923 -16.614929
v 12.829588 338.843323 -18.217106
v 1.283457 332.383331 -23.191113
v -2.652186 321.746948 -9.805471
v 1.927542 327.845062 -23.906469
v 4.363652 331.926270 -15.323794
v 3.186690 338.566284 -28.864477
v 6.082159 338.337677 -21.629051
v -1.208368 330.698456 -18.377764
v 1.354804 335.304657 -28.041574
v 2.766570 329.984467 -31.395935
v 2.695350 334.888306 -34.077888
v 2.899150 331.461670 -35.231037
v 4.026300 337.536011 -34.309414
v 1.354804 335.304657 -28.041574
v 2.766570 329.984467 -31.395935
v 28.856634 530.205872 -56.157471
v 21.616341 522.555847 -70.715118
v 36.046989 528.512512 -68.003593
v 28.856634 530.205872 -56.157471
v 72.347519 523.743347 -30.632496
v 48.793377 525.044617 -65.377647
v 36.046989 528.512512 -68.003593
v 50.819786 521.216553 -67.668510
v 32.504532 515.314514 -81.640656
v 21.616341 522.555847 -70.715118
v 36.163574 527.642517 -62.797024
v 39.692841 521.602051 -74.179337
v 27.033892 520.099854 -75.495125
v 47.181293 514.205566 -83.863113
v 47.657742 469.786499 -0.628282
v 53.277508 494.753326 -21.917770
v 40.368195 483.638123 2.502640
v 49.051254 482.024353 -9.976699
v 41.562534 493.641907 -9.911848
v 52.628078 486.999542 -22.770399
v 50.998554 519.678345 -47.674679
v 40.929924 524.217957 -44.912998
v 43.585484 513.087036 -30.889431
v 50.336803 514.463623 -38.250069
v 42.032192 524.498474 -58.725464
v 50.819786 521.216553 -67.668510
v 40.929924 524.217957 -44.912998
v 21.616341 522.555847 -70.715118
v 36.163574 527.642517 -62.797024
v 28.856634 530.205872 -56.157471
v 39.692841 521.602051 -74.179337
v 42.032192 524.498474 -58.725464
v 53.277508 494.753326 -21.917770
v 54.124783 491.908020 -27.876894
v 52.628078 486.999542 -22.770399
v 36.585724 501.332825 -88.722580
v 21.952011 497.586182 -86.906723
v 23.174004 507.430969 -82.079666
v 45.721455 504.917908 -25.435902
v 54.124783 491.908020 -27.876894
v 49.534096 506.159180 -34.052364
v 53.277508 494.753326 -21.917770
v 41.562534 493.641907 -9.911848
v 32.504532 515.314514 -81.640656
v 21.616341 522.555847 -70.715118
v 36.585724 501.332825 -88.722580
v 27.033892 520.099854 -75.495125
v 47.181293 514.205566 -83.863113
v 23.174004 507.430969 -82.079666
v 45.721455 504.917908 -25.435902
v 54.124783 491.908020 -27.876894
v 49.534096 506.159180 -34.052364
v 50.176556 505.111572 -36.261375
v 43.585484 513.087036 -30.889431
v 50.336803 514.463623 -38.250069
v 21.616341 522.555847 -70.715118
v 43.504322 522.655090 -75.588860
v 36.046989 528.512512 -68.003593
v 86.493858 521.112854 -2.165693
v 81.739014 541.767517 8.924436
v 69.760757 545.353516 13.330060
v 78.002090 530.625488 8.216723
v 93.125565 535.592102 -1.372588
v 106.549316 527.820129 -17.833586
v 76.714798 548.663330 -22.846704
v 78.548683 535.648682 -32.667046
v 70.271950 536.746765 -54.307781
v 72.347519 523.743347 -30.632496
v 57.527596 523.136719 -5.503773
v 74.810738 516.118347 -18.034367
v 70.801064 525.460449 3.673162
v 86.493858 521.112854 -2.165693
v 99.717239 514.586060 -20.871288
v 92.007011 516.680603 -9.495352
v 86.493858 521.112854 -2.165693
v 87.035591 510.591064 -9.132889
v 91.200279 507.052277 -2.927296
v 84.930626 508.073425 7.764362
v 79.446426 513.297241 -2.134181
v 98.165192 507.754639 -20.413404
v 81.739014 541.767517 8.924436
v 69.760757 545.353516 13.330060
v 84.554611 557.048096 5.028962
v 107.270737 543.495605 -21.926147
v 93.125565 535.592102 -1.372588
v 95.581436 551.676575 -5.929111
v 78.002090 530.625488 8.216723
v 77.759529 511.203918 15.502747
v 70.791656 532.434570 21.417574
v 91.200279 507.052277 -2.927296
v 84.930626 508.073425 7.764362
v 86.493858 521.112854 -2.165693
v 92.007011 516.680603 -9.495352
v 98.165192 507.754639 -20.413404
v 68.191315 563.978455 5.576854
v 74.396896 564.216614 -7.204710
v 84.554611 557.048096 5.028962
v 107.270737 543.495605 -21.926147
v 95.581436 551.676575 -5.929111
v 84.067482 554.284546 -23.319546
v 80.818611 558.098389 -35.365688
v 74.396896 564.216614 -7.204710
v 76.714798 548.663330 -22.846704
v 71.291702 572.109619 -12.400189
v 70.801064 525.460449 3.673162
v 86.493858 521.112854 -2.165693
v 87.035591 510.591064 -9.132889
v 79.446426 513.297241 -2.134181
v 76.714798 548.663330 -22.846704
v 74.396896 564.216614 -7.204710
v 78.548683 535.648682 -32.667046
v 96.673546 542.921265 -39.828320
v 84.067482 554.284546 -23.319546
v 89.360748 513.810974 -30.188452
v 74.810738 516.118347 -18.034367
v 57.527596 523.136719 -5.503773
v 54.645905 532.234009 -18.083967
v 78.548683 535.648682 -32.667046
v 88.052567 522.180664 -38.542271
v 72.347519 523.743347 -30.632496
v 78.548683 535.648682 -32.667046
v 105.588860 529.131531 -50.507332
v 91.394630 532.245667 -40.401596
v 96.673546 542.921265 -39.828320
v 107.527023 534.538147 -51.685429
v 116.084625 527.145813 -60.874004
v 78.548683 535.648682 -32.667046
v 88.052567 522.180664 -38.542271
v 105.588860 529.131531 -50.507332
v 103.650658 523.725037 -49.329201
v 91.394630 532.245667 -40.401596
v 116.084625 527.145813 -60.874004
v 114.916916 524.491882 -40.056030
v 107.270737 543.495605 -21.926147
v 89.360748 513.810974 -30.188452
v 98.524330 519.875732 -49.564194
v 114.624016 534.972656 -40.497223
v 96.673546 542.921265 -39.828320
v 107.527023 534.538147 -51.685429
v 84.067482 554.284546 -23.319546
v 110.721542 517.572754 -43.122646
v 116.084625 527.145813 -60.874004
v 86.493858 521.112854 -2.165693
v 99.717239 514.586060 -20.871288
v 106.549316 527.820129 -17.833586
v 89.360748 513.810974 -30.188452
v 88.052567 522.180664 -38.542271
v 103.650658 523.725037 -49.329201
v 98.524330 519.875732 -49.564194
v 116.084625 527.145813 -60.874004
v 74.810738 516.118347 -18.034367
v 114.916916 524.491882 -40.056030
v 107.270737 543.495605 -21.926147
v 89.360748 513.810974 -30.188452
v 114.624016 534.972656 -40.497223
v 93.125565 535.592102 -1.372588
v 99.717239 514.586060 -20.871288
v 110.721542 517.572754 -43.122646
v 106.549316 527.820129 -17.833586
v 102.127853 507.751587 -7.483840
v 102.322205 519.593201 -14.709866
v 100.338211 508.434692 -14.701705
v 116.094337 532.312866 -18.637297
v 112.563881 529.380737 0.552031
v 104.655334 518.807495 -8.294438
v 104.490677 520.983521 3.472369
v 100.901131 510.453125 1.999521
v 124.758484 532.305237 -38.517715
v 118.786072 530.262634 -57.879047
v 104.653572 532.685364 -52.387077
v 136.355133 523.878906 -41.513760
v 143.427109 511.706543 -27.953032
v 140.083344 524.538513 -26.964199
v 100.108559 525.621338 -85.735817
v 115.081497 528.568726 -66.778938
v 93.240417 528.371826 -71.574692
v 101.818047 531.468750 -60.673958
v 87.322006 525.594971 -74.000931
v 103.392998 503.043396 -2.229712
v 109.940582 496.548706 -6.034507
v 109.833885 496.883179 -1.691016
v 140.083344 524.538513 -26.964199
v 141.420181 533.446106 -9.283492
v 131.095200 533.679016 -15.607955
v 144.467712 525.607971 -18.971630
v 122.975494 493.870483 -15.324607
v 145.492584 513.292603 -22.232756
v 139.950439 503.880432 -16.630650
v 143.427109 511.706543 -27.953032
v 137.307281 501.888489 -23.299076
v 145.492584 513.292603 -22.232756
v 143.427109 511.706543 -27.953032
v 140.083344 524.538513 -26.964199
v 144.467712 525.607971 -18.971630
v 125.038544 496.241058 -8.112234
v 107.380768 496.272888 -15.565029
v 100.338211 508.434692 -14.701705
v 109.940582 496.548706 -6.034507
v 119.838402 531.422119 -12.214391
v 130.049805 533.220215 -22.493343
v 126.524277 534.390869 -5.381304
v 134.085114 536.723083 -7.889338
v 140.083344 524.538513 -26.964199
v 141.420181 533.446106 -9.283492
v 131.095200 533.679016 -15.607955
v 122.975494 493.870483 -15.324607
v 125.038544 496.241058 -8.112234
v 107.380768 496.272888 -15.565029
v 119.838402 531.422119 -12.214391
v 130.049805 533.220215 -22.493343
v 116.094337 532.312866 -18.637297
v 126.524277 534.390869 -5.381304
v 112.563881 529.380737 0.552031
v 122.094742 531.264404 -2.795773
v 104.655334 518.807495 -8.294438
v 94.108833 493.777222 -41.523914
v 102.322205 519.593201 -14.709866
v 124.758484 532.305237 -38.517715
v 109.862740 486.528046 -47.664417
v 116.094337 532.312866 -18.637297
v 100.338211 508.434692 -14.701705
v 99.659897 488.449799 -61.868607
v 106.643005 489.132324 -60.714951
v 130.049805 533.220215 -22.493343
v 122.975494 493.870483 -15.324607
v 140.083344 524.538513 -26.964199
v 101.649773 495.183624 -27.009186
v 115.972221 490.119263 -31.526581
v 107.380768 496.272888 -15.565029
v 93.201294 495.322937 -47.491798
v 94.414902 507.700470 -25.599617
v 86.549118 508.471130 -40.666203
v 94.108833 493.777222 -41.523914
v 102.322205 519.593201 -14.709866
v 116.094337 532.312866 -18.637297
v 96.403152 521.703186 -27.810497
v 83.903709 509.786072 -49.423714
v 92.689682 496.174133 -46.829742
v 82.989983 509.973633 -48.566448
v 93.201294 495.322937 -47.491798
v 94.414902 507.700470 -25.599617
v 86.549118 508.471130 -40.666203
v 124.758484 532.305237 -38.517715
v 89.371742 522.464539 -44.251919
v 116.094337 532.312866 -18.637297
v 96.403152 521.703186 -27.810497
v 83.903709 509.786072 -49.423714
v 85.361015 522.974487 -52.968452
v 110.573318 533.576660 -33.855480
v 83.510643 522.741882 -56.752327
v 82.989983 509.973633 -48.566448
v 81.224869 520.432373 -59.188114
v 102.127853 507.751587 -7.483840
v 100.338211 508.434692 -14.701705
v 100.901131 510.453125 1.999521
v 103.392998 503.043396 -2.229712
v 109.940582 496.548706 -6.034507
v 109.862740 486.528046 -47.664417
v 120.605995 496.112061 -65.033836
v 125.585205 496.383972 -57.487133
v 106.643005 489.132324 -60.714951
v 99.659897 488.449799 -61.868607
v 109.901909 493.956421 -75.740005
v 109.862740 486.528046 -47.664417
v 132.494446 508.327026 -61.678135
v 120.605995 496.112061 -65.033836
v 125.585205 496.383972 -57.487133
v 115.972221 490.119263 -31.526581
v 132.546616 499.391541 -39.165909
v 127.891289 507.511322 -70.253967
v 110.622612 502.704529 -89.318153
v 109.901909 493.956421 -75.740005
v 122.975494 493.870483 -15.324607
v 129.616653 521.641418 -61.473713
v 132.494446 508.327026 -61.678135
v 125.147514 519.842285 -70.653992
v 132.546616 499.391541 -39.165909
v 139.230652 510.478516 -42.015621
v 137.307281 501.888489 -23.299076
v 107.902298 515.096497 -92.229828
v 127.891289 507.511322 -70.253967
v 110.622612 502.704529 -89.318153
v 122.975494 493.870483 -15.324607
v 118.786072 530.262634 -57.879047
v 129.616653 521.641418 -61.473713
v 125.147514 519.842285 -70.653992
v 136.355133 523.878906 -41.513760
v 143.427109 511.706543 -27.953032
v 139.230652 510.478516 -42.015621
v 137.307281 501.888489 -23.299076
v 107.902298 515.096497 -92.229828
v 100.108559 525.621338 -85.735817
v 115.081497 528.568726 -66.778938
v 124.758484 532.305237 -38.517715
v 104.653572 532.685364 -52.387077
v 89.371742 522.464539 -44.251919
v 85.361015 522.974487 -52.968452
v 110.573318 533.576660 -33.855480
v 83.510643 522.741882 -56.752327
v 93.240417 528.371826 -71.574692
v 101.818047 531.468750 -60.673958
v 87.322006 525.594971 -74.000931
v 81.224869 520.432373 -59.188114
v 18.570383 321.624451 -24.719749
v 8.145849 320.770508 -22.212124
v 11.517050 318.802521 -17.974319
v 10.354941 314.742279 -16.623566
v -2.652186 321.746948 -9.805471
v -1.208368 330.698456 -18.377764
v -3.898646 321.639923 -16.614929
v -1.770918 320.416016 -21.273911
v 8.145849 320.770508 -22.212124
v 10.354941 314.742279 -16.623566
v 2.824385 322.213867 -19.252386
v -1.770918 320.416016 -21.273911
v -1.299551 326.297791 -19.508928
v -1.722098 313.948883 -13.756018
v -3.898646 321.639923 -16.614929
v 22.387102 322.136078 -21.486692
v 18.570383 321.624451 -24.719749
v 17.218004 319.116333 -16.825605
v 149.016846 531.618286 -10.658616
v 134.085114 536.723083 -7.889338
v 134.803436 544.712402 -0.592645
v 141.420181 533.446106 -9.283492
v 154.298828 535.402161 -4.052289
v 145.181702 539.369324 -1.747758
v 149.016846 531.618286 -10.658616
v 158.027939 530.929565 -4.270051
v 153.527283 526.244202 -10.149820
v 141.420181 533.446106 -9.283492
v 144.467712 525.607971 -18.971630
v 154.298828 535.402161 -4.052289
v 162.916702 532.580566 1.595156
v 155.893250 539.466797 6.680708
v 127.882858 542.213867 1.940942
v 137.388031 550.410034 9.379219
v 134.803436 544.712402 -0.592645
v 131.627609 547.771423 12.765913
v 154.298828 535.402161 -4.052289
v 145.181702 539.369324 -1.747758
v 150.549942 538.723938 10.887664
v 143.967545 547.187500 7.405307
v 140.839478 551.178467 16.217697
v 160.110916 537.786865 3.019654
v 154.298828 535.402161 -4.052289
v 162.916702 532.580566 1.595156
v 131.443466 508.380798 21.963879
v 124.266983 513.464417 28.153400
v 116.975372 516.653015 28.355164
v 127.040848 517.785706 28.776058
v 114.646828 527.369995 31.884375
v 117.776443 521.983704 29.174505
v 112.161346 517.206726 26.311935
v 148.253281 518.937500 15.791389
v 138.323212 519.782166 23.901218
v 150.907532 526.024048 21.083979
v 113.210793 523.906555 27.568911
v 130.225327 524.510864 30.525021
v 140.568726 526.929993 27.818539
v 134.358032 514.122559 17.916307
v 121.021614 525.393921 33.534367
v 106.667252 522.447754 13.008556
v 107.825294 517.985291 20.602345
v 100.112366 508.969421 11.829316
v 155.508179 520.381714 -7.294178
v 145.492584 513.292603 -22.232756
v 163.760986 525.704346 3.703161
v 159.483002 523.477905 -1.082427
v 158.027939 530.929565 -4.270051
v 153.527283 526.244202 -10.149820
v 144.467712 525.607971 -18.971630
v 148.880310 515.103882 -16.615679
v 162.916702 532.580566 1.595156
v 140.911972 532.658813 27.104830
v 134.433182 533.735840 26.332664
v 130.225327 524.510864 30.525021
v 140.568726 526.929993 27.818539
v 106.667252 522.447754 13.008556
v 104.490677 520.983521 3.472369
v 100.901131 510.453125 1.999521
v 100.112366 508.969421 11.829316
v 155.508179 520.381714 -7.294178
v 145.492584 513.292603 -22.232756
v 139.950439 503.880432 -16.630650
v 149.467575 507.985626 -12.939432
v 155.093567 514.270264 -2.998932
v 164.111343 523.609863 9.448995
v 163.760986 525.704346 3.703161
v 159.483002 523.477905 -1.082427
v 162.295547 521.758667 6.785437
v 158.378815 519.056030 2.331692
v 148.880310 515.103882 -16.615679
v 159.199142 520.111267 13.077042
v 150.140991 532.166565 21.786692
v 140.911972 532.658813 27.104830
v 150.907532 526.024048 21.083979
v 151.943512 532.532837 16.703524
v 140.568726 526.929993 27.818539
v 112.563881 529.380737 0.552031
v 122.094742 531.264404 -2.795773
v 127.882858 542.213867 1.940942
v 112.568863 535.404785 9.349570
v 106.667252 522.447754 13.008556
v 123.082237 537.174622 5.371809
v 104.490677 520.983521 3.472369
v 131.627609 547.771423 12.765913
v 128.884689 539.581543 20.553486
v 135.561127 547.984070 19.385864
v 144.600281 510.865051 8.711675
v 131.443466 508.380798 21.963879
v 148.253281 518.937500 15.791389
v 135.188354 510.152283 8.550183
v 134.358032 514.122559 17.916307
v 151.704971 510.529358 2.752696
v 144.600281 510.865051 8.711675
v 141.936890 503.000885 -7.485453
v 148.253281 518.937500 15.791389
v 155.929657 516.928894 7.354762
v 135.188354 510.152283 8.550183
v 130.967575 499.336578 15.143398
v 132.233597 501.675751 0.061080
v 150.549942 538.723938 10.887664
v 143.967545 547.187500 7.405307
v 147.026337 547.636719 13.913967
v 126.524277 534.390869 -5.381304
v 134.085114 536.723083 -7.889338
v 122.094742 531.264404 -2.795773
v 127.882858 542.213867 1.940942
v 134.803436 544.712402 -0.592645
v 157.314117 526.536682 17.392054
v 148.253281 518.937500 15.791389
v 153.376602 524.142944 18.583353
v 150.907532 526.024048 21.083979
v 159.199142 520.111267 13.077042
v 153.376602 524.142944 18.583353
v 150.907532 526.024048 21.083979
v 151.943512 532.532837 16.703524
v 122.975494 493.870483 -15.324607
v 151.704971 510.529358 2.752696
v 139.950439 503.880432 -16.630650
v 149.467575 507.985626 -12.939432
v 141.936890 503.000885 -7.485453
v 125.038544 496.241058 -8.112234
v 155.093567 514.270264 -2.998932
v 162.295547 521.758667 6.785437
v 158.378815 519.056030 2.331692
v 148.253281 518.937500 15.791389
v 155.929657 516.928894 7.354762
v 159.199142 520.111267 13.077042
v 132.233597 501.675751 0.061080
v 121.147400 493.793549 0.740327
v 134.433182 533.735840 26.332664
v 128.884689 539.581543 20.553486
v 128.716705 540.978027 25.156067
v 112.568863 535.404785 9.349570
v 106.667252 522.447754 13.008556
v 123.082237 537.174622 5.371809
v 121.729439 541.753113 18.935081
v 110.902008 536.846863 23.889746
v 115.368332 542.202576 21.662239
v 113.210793 523.906555 27.568911
v 112.161346 517.206726 26.311935
v 107.825294 517.985291 20.602345
v 110.561020 527.936890 24.125853
v 124.143997 542.501221 25.683716
v 121.729439 541.753113 18.935081
v 115.368332 542.202576 21.662239
v 127.882858 542.213867 1.940942
v 123.082237 537.174622 5.371809
v 131.627609 547.771423 12.765913
v 121.729439 541.753113 18.935081
v 128.884689 539.581543 20.553486
v 6.580763 375.445435 -20.836529
v 13.137007 375.322021 -19.777367
v 5.736048 386.069641 -29.047411
v 19.392717 372.499237 -22.993624
v 14.089261 385.745514 -27.884035
v 22.285381 380.695709 -31.133017
v 15.132759 398.312378 -46.290642
v 1.921883 371.964661 -28.876310
v 4.478811 365.192566 -64.178986
v 0.001580 384.248230 -53.516766
v 2.942976 377.737946 -63.648701
v -1.928038 381.144653 -54.996761
v -2.337633 388.446198 -47.565346
v 3.424591 397.898193 -48.827427
v 4.682972 381.120117 -48.460930
v 5.893787 375.340881 -50.734261
v 0.001580 384.248230 -53.516766
v 2.942976 377.737946 -63.648701
v 18.719410 397.595734 -55.488659
v 11.329991 395.529846 -50.816692
v 20.250334 403.242859 -50.841621
v 22.599146 399.541473 -62.034172
v 7.828514 366.292358 -47.817364
v 3.974654 372.789246 -64.973236
v 14.856909 373.343994 -68.764359
v 17.391352 366.211090 -45.743439
v 22.627346 384.046844 -77.183830
v 15.826331 376.153931 -77.492577
v 2.942976 377.737946 -63.648701
v 9.472434 374.123169 -77.352234
v 0.764767 372.171295 -43.024292
v 25.089809 375.215363 -36.706421
v 27.828382 388.789642 -61.703629
v 22.599146 399.541473 -62.034172
v -1.928038 381.144653 -54.996761
v 22.355812 369.531708 -41.740353
v 22.422861 379.128479 -67.146576
v 22.285381 380.695709 -31.133017
v 25.741417 394.146729 -54.035500
v 25.948526 396.401245 -72.019867
v 22.627346 384.046844 -77.183830
v 15.826331 376.153931 -77.492577
v 19.795527 385.012573 -89.871048
v 15.826331 376.153931 -77.492577
v 9.472434 374.123169 -77.352234
v 15.156158 378.777802 -91.602249
v 7.828514 366.292358 -47.817364
v 17.391352 366.211090 -45.743439
v 0.764767 372.171295 -43.024292
v 8.027401 362.257141 -42.700737
v 2.274041 367.661835 -36.046463
v 22.599146 399.541473 -62.034172
v 22.285381 380.695709 -31.133017
v 25.741417 394.146729 -54.035500
v 15.132759 398.312378 -46.290642
v 18.719410 397.595734 -55.488659
v 17.778095 363.369385 -40.287468
v 17.391352 366.211090 -45.743439
v 8.027401 362.257141 -42.700737
v 22.355812 369.531708 -41.740353
v 9.884838 402.090851 -50.844002
v 2.274041 367.661835 -36.046463
v 0.764767 372.171295 -43.024292
v -1.928038 381.144653 -54.996761
v -2.337633 388.446198 -47.565346
v 0.088803 379.831024 -34.622559
v 5.736048 386.069641 -29.047411
v 14.089261 385.745514 -27.884035
v 3.424591 397.898193 -48.827427
v 4.682972 381.120117 -48.460930
v 11.329991 395.529846 -50.816692
v 15.132759 398.312378 -46.290642
v 4.616482 395.895569 -42.659382
v 18.719410 397.595734 -55.488659
v 1.921883 371.964661 -28.876310
v 17.778095 363.369385 -40.287468
v 25.089809 375.215363 -36.706421
v 22.355812 369.531708 -41.740353
v 21.809301 365.369995 -35.394199
v 25.089809 375.215363 -36.706421
v 22.512268 368.589722 -30.261435
v 19.392717 372.499237 -22.993624
v 22.285381 380.695709 -31.133017
v 21.809301 365.369995 -35.394199
v 134.131805 533.652405 32.775101
v 128.716705 540.978027 25.156067
v 134.433182 533.735840 26.332664
v 130.225327 524.510864 30.525021
v 132.950989 534.453796 28.932552
v 129.039902 527.960083 32.511097
v 131.619720 541.165039 30.672348
v 132.950989 534.453796 28.932552
v 134.433182 533.735840 26.332664
v 128.716705 540.978027 25.156067
v 129.173645 543.285339 42.116604
v 127.399544 545.359009 36.141376
v 133.142578 540.478821 33.653973
v 131.619720 541.165039 30.672348
v 123.451584 543.849792 43.927143
v 127.399544 545.359009 36.141376
v 115.464363 541.165771 41.024796
v 120.877655 545.308228 38.775990
v 119.378807 539.782593 46.375145
v 114.684723 533.968994 42.087570
v 115.464363 541.165771 41.024796
v 116.830574 528.301453 41.050098
v 114.168915 533.623657 37.039810
v 125.666199 545.064819 31.478170
v 114.684723 533.968994 42.087570
v 119.385925 544.870728 34.114689
v 113.961662 538.371460 30.452335
v 118.371140 542.441650 28.128799
v 127.399544 545.359009 36.141376
v 124.143997 542.501221 25.683716
v 116.550911 533.653809 47.857224
v 115.464363 541.165771 41.024796
v 114.401443 540.501953 36.463860
v 120.877655 545.308228 38.775990
v 131.619720 541.165039 30.672348
v 113.210793 523.906555 27.568911
v 114.646828 527.369995 31.884375
v 113.024483 531.362183 31.771204
v 128.884689 539.581543 20.553486
v 128.716705 540.978027 25.156067
v 115.510933 528.901550 36.540077
v 113.961662 538.371460 30.452335
v 118.371140 542.441650 28.128799
v 124.143997 542.501221 25.683716
v 110.902008 536.846863 23.889746
v 115.368332 542.202576 21.662239
v 113.210793 523.906555 27.568911
v 113.024483 531.362183 31.771204
v 110.561020 527.936890 24.125853
v 124.143997 542.501221 25.683716
v 121.729439 541.753113 18.935081
v 128.884689 539.581543 20.553486
v 114.646828 527.369995 31.884375
v 117.776443 521.983704 29.174505
v 115.510933 528.901550 36.540077
v 121.021614 525.393921 33.534367
v 122.419441 524.932373 38.127571
v 125.108833 522.788879 43.763695
v 115.510933 528.901550 36.540077
v 121.021614 525.393921 33.534367
v 116.830574 528.301453 41.050098
v 122.419441 524.932373 38.127571
v 130.067322 530.050415 34.821033
v 133.166046 526.155273 40.234676
v 134.131805 533.652405 32.775101
v 122.419441 524.932373 38.127571
v 130.067322 530.050415 34.821033
v 137.601547 531.518188 38.800343
v 130.225327 524.510864 30.525021
v 121.021614 525.393921 33.534367
v 129.039902 527.960083 32.511097
v 133.142578 540.478821 33.653973
v 134.131805 533.652405 32.775101
v 131.619720 541.165039 30.672348
v 136.831329 539.007080 40.365528
v 130.067322 530.050415 34.821033
v 138.007294 537.161133 45.104305
v 133.166046 526.155273 40.234676
v 137.601547 531.518188 38.800343
v 139.308426 530.720154 45.350353
v 136.831329 539.007080 40.365528
v 122.419441 524.932373 38.127571
v 133.166046 526.155273 40.234676
v 125.108833 522.788879 43.763695
v 136.044708 536.955200 50.938305
v 137.701263 528.752930 62.829384
v 137.556152 536.575745 50.027027
v 135.219742 524.930847 45.206570
v 133.765640 527.442017 55.181000
v 127.390572 528.268066 55.969296
v 138.007294 537.161133 45.104305
v 127.364326 521.702393 48.064854
v 133.166046 526.155273 40.234676
v 118.766045 527.277283 48.077641
v 125.108833 522.788879 43.763695
v 137.953323 530.873474 52.028194
v 122.499664 526.581787 52.642429
v 139.308426 530.720154 45.350353
v 116.830574 528.301453 41.050098
v 137.435684 532.254578 53.300144
v 128.019424 529.387451 55.818539
v 133.583847 530.068115 56.357437
v 119.378807 539.782593 46.375145
v 114.684723 533.968994 42.087570
v 116.550911 533.653809 47.857224
v 123.451584 543.849792 43.927143
v 119.378807 539.782593 46.375145
v 115.464363 541.165771 41.024796
v 129.173645 543.285339 42.116604
v 123.451584 543.849792 43.927143
v 127.399544 545.359009 36.141376
v 136.044708 536.955200 50.938305
v 124.617897 537.614685 52.785172
v 116.830574 528.301453 41.050098
v 130.148254 540.070190 57.076702
v 137.435684 532.254578 53.300144
v 137.701263 528.752930 62.829384
v 129.173645 543.285339 42.116604
v 131.245483 541.925659 48.162052
v 125.889488 543.097534 49.371349
v 136.831329 539.007080 40.365528
v 123.451584 543.849792 43.927143
v 137.556152 536.575745 50.027027
v 119.378807 539.782593 46.375145
v 122.789085 532.552979 54.953255
v 138.007294 537.161133 45.104305
v 122.750656 538.809448 52.100594
v 116.550911 533.653809 47.857224
v 133.142578 540.478821 33.653973
v 127.390572 528.268066 55.969296
v 122.499664 526.581787 52.642429
v 118.766045 527.277283 48.077641
v 126.594505 541.888977 50.548351
v 131.294846 540.705505 49.502811
v 134.636002 535.009399 61.743671
v 124.771233 532.819031 54.956421
v 128.019424 529.387451 55.818539
v 134.131805 533.652405 32.775101
v 137.601547 531.518188 38.800343
v 136.831329 539.007080 40.365528
v 20.259188 330.465637 -26.078432
v 19.997099 336.869202 -26.223166
v 17.155355 337.374634 -21.020390
v 20.460218 330.554199 -30.382662
v 4.026300 337.536011 -34.309414
v 14.886147 335.532501 -35.228374
v 7.753072 332.326508 -37.196053
v 14.769429 329.334412 -37.866074
v 2.695350 334.888306 -34.077888
v 19.997099 336.869202 -26.223166
v 8.402730 335.870209 -36.439102
v 18.469765 336.071442 -30.436808
v 3.186690 338.566284 -28.864477
v 4.026300 337.536011 -34.309414
v 1.354804 335.304657 -28.041574
v 17.778095 363.369385 -40.287468
v 17.476343 356.817993 -39.277859
v 22.218409 358.593628 -33.750854
v 21.275480 342.053925 -32.530663
v 16.127804 341.863922 -37.576691
v 21.809301 365.369995 -35.394199
v 21.474684 337.631439 -32.391754
v 22.579748 339.191498 -26.013742
v 19.997099 336.869202 -26.223166
v 2.543264 339.182098 -36.858261
v 4.026300 337.536011 -34.309414
v 8.402730 335.870209 -36.439102
v 8.027401 362.257141 -42.700737
v 7.595723 356.212738 -40.780098
v 9.356152 342.399780 -38.442265
v 1.834140 363.094482 -34.538536
v 2.274041 367.661835 -36.046463
v 3.820521 343.899902 -36.526524
v 9.029600 337.152679 -40.203945
v 16.255941 336.764069 -38.647381
v 2.543264 339.182098 -36.858261
v 8.402730 335.870209 -36.439102
v 14.886147 335.532501 -35.228374
v 17.778095 363.369385 -40.287468
v 17.476343 356.817993 -39.277859
v 8.027401 362.257141 -42.700737
v 7.595723 356.212738 -40.780098
v 9.356152 342.399780 -38.442265
v 16.127804 341.863922 -37.576691
v 18.469765 336.071442 -30.436808
v 21.474684 337.631439 -32.391754
v 19.997099 336.869202 -26.223166
v 9.029600 337.152679 -40.203945
v 16.255941 336.764069 -38.647381
v 14.886147 335.532501 -35.228374
v 2.274041 367.661835 -36.046463
v 6.580763 375.445435 -20.836529
v 13.287416 345.959534 -20.276592
v 6.538427 372.469360 -19.240211
v 13.137007 375.322021 -19.777367
v 12.764414 372.857574 -17.272251
v 21.631216 343.426361 -26.552546
v 1.632624 368.122192 -27.308435
v 2.583427 345.741241 -29.506525
v 22.319868 364.430908 -27.501541
v 3.820521 343.899902 -36.526524
v 22.512268 368.589722 -30.261435
v 19.010082 369.355499 -20.665384
v 19.392717 372.499237 -22.993624
v 7.186792 345.839142 -23.500517
v 22.218409 358.593628 -33.750854
v 21.275480 342.053925 -32.530663
v 21.809301 365.369995 -35.394199
v 1.834140 363.094482 -34.538536
v 17.951506 345.040039 -21.347370
v 12.829588 338.843323 -18.217106
v 13.099596 342.269531 -18.361134
v 6.207411 342.751129 -21.213390
v 18.767962 340.850464 -20.420927
v 3.186690 338.566284 -28.864477
v 2.543264 339.182098 -36.858261
v 2.040370 341.110504 -29.922432
v 6.082159 338.337677 -21.629051
v 22.579748 339.191498 -26.013742
v 19.997099 336.869202 -26.223166
v 17.155355 337.374634 -21.020390
v 4.026300 337.536011 -34.309414
v 2.274041 367.661835 -36.046463
v 6.580763 375.445435 -20.836529
v 6.538427 372.469360 -19.240211
v 1.632624 368.122192 -27.308435
v 1.921883 371.964661 -28.876310
v 156.013016 548.336792 32.394108
v 153.569763 549.301392 24.610434
v 157.148788 541.783752 23.227997
v 136.244720 536.552673 26.873077
v 138.046570 537.493408 30.513781
v 131.690613 542.990906 24.068933
v 135.362259 542.474121 28.709444
v 134.433182 533.735840 26.332664
v 136.244720 536.552673 26.873077
v 128.884689 539.581543 20.553486
v 131.690613 542.990906 24.068933
v 141.106613 549.302612 30.906757
v 146.635742 553.283997 27.371595
v 150.343658 549.055176 19.985907
v 153.569763 549.301392 24.610434
v 144.080902 553.054077 22.823204
v 135.561127 547.984070 19.385864
v 135.362259 542.474121 28.709444
v 138.690765 549.046631 26.153069
v 162.305695 542.821167 33.163311
v 155.320984 536.338257 22.488523
v 152.569565 536.050842 19.372862
v 150.140991 532.166565 21.786692
v 151.943512 532.532837 16.703524
v 157.148788 541.783752 23.227997
v 154.988419 540.979187 20.501804
v 152.569565 536.050842 19.372862
v 150.549942 538.723938 10.887664
v 151.943512 532.532837 16.703524
v 152.498856 540.017761 16.096624
v 154.988419 540.979187 20.501804
v 155.320984 536.338257 22.488523
v 162.854034 537.074402 38.479145
v 139.288406 537.836548 33.492531
v 137.327209 542.841919 34.069946
v 151.711807 532.171875 26.513632
v 150.140991 532.166565 21.786692
v 140.911972 532.658813 27.104830
v 142.205811 543.042603 43.497887
v 141.106613 549.302612 30.906757
v 146.635742 553.283997 27.371595
v 153.569763 549.301392 24.610434
v 150.063660 551.688293 33.970955
v 141.106613 549.302612 30.906757
v 137.327209 542.841919 34.069946
v 135.362259 542.474121 28.709444
v 145.778625 548.361206 37.238281
v 139.288406 537.836548 33.492531
v 143.207993 532.573608 30.648115
v 137.327209 542.841919 34.069946
v 151.711807 532.171875 26.513632
v 140.911972 532.658813 27.104830
v 136.244720 536.552673 26.873077
v 138.046570 537.493408 30.513781
v 135.362259 542.474121 28.709444
v 140.911972 532.658813 27.104830
v 134.433182 533.735840 26.332664
v 136.244720 536.552673 26.873077
v 146.896729 537.189331 47.738663
v 139.288406 537.836548 33.492531
v 143.207993 532.573608 30.648115
v 143.967545 547.187500 7.405307
v 140.839478 551.178467 16.217697
v 147.026337 547.636719 13.913967
v 131.627609 547.771423 12.765913
v 150.549942 538.723938 10.887664
v 152.498856 540.017761 16.096624
v 140.839478 551.178467 16.217697
v 150.343658 549.055176 19.985907
v 153.569763 549.301392 24.610434
v 144.080902 553.054077 22.823204
v 157.148788 541.783752 23.227997
v 147.026337 547.636719 13.913967
v 135.561127 547.984070 19.385864
v 154.988419 540.979187 20.501804
v 138.690765 549.046631 26.153069
v 156.013016 548.336792 32.394108
v 153.569763 549.301392 24.610434
v 150.063660 551.688293 33.970955
v 150.681793 547.934021 43.793022
v 157.450516 548.278931 40.775867
v 162.655746 544.252319 40.714527
v 162.305695 542.821167 33.163311
v 161.674866 540.950562 45.425781
v 160.973053 538.386963 54.485912
v 149.605377 544.711487 46.977917
v 160.729004 545.295044 41.810947
v 147.501968 544.304260 47.464771
v 157.588470 550.137390 47.226131
v 160.490707 545.475830 52.585995
v 152.047668 542.282410 48.986042
v 148.874100 548.913208 43.106613
v 154.137512 550.813477 40.923550
v 156.013016 548.336792 32.394108
v 142.205811 543.042603 43.497887
v 150.063660 551.688293 33.970955
v 159.009674 548.858521 38.572941
v 157.148788 541.783752 23.227997
v 137.327209 542.841919 34.069946
v 152.972580 552.013000 39.657276
v 145.778625 548.361206 37.238281
v 146.896729 537.189331 47.738663
v 157.478867 538.542725 48.423107
v 151.291962 541.106018 48.779587
v 162.854034 537.074402 38.479145
v 162.075073 539.732361 44.545643
v 157.400284 530.750610 40.213207
v 151.711807 532.171875 26.513632
v 150.077515 531.386841 43.992336
v 146.896729 537.189331 47.738663
v 157.400284 530.750610 40.213207
v 143.207993 532.573608 30.648115
v 151.711807 532.171875 26.513632
v 150.077515 531.386841 43.992336
v 141.106613 549.302612 30.906757
v 150.063660 551.688293 33.970955
v 145.778625 548.361206 37.238281
v 160.729004 545.295044 41.810947
v 149.605377 544.711487 46.977917
v 146.896729 537.189331 47.738663
v 157.478867 538.542725 48.423107
v 151.291962 541.106018 48.779587
v 162.305695 542.821167 33.163311
v 157.268097 540.726624 48.271706
v 161.674866 540.950562 45.425781
v 160.973053 538.386963 54.485912
v 162.854034 537.074402 38.479145
v 162.075073 539.732361 44.545643
v 162.655746 544.252319 40.714527
v 147.501968 544.304260 47.464771
v 152.047668 542.282410 48.986042
v 142.205811 543.042603 43.497887
v 162.305695 542.821167 33.163311
v 155.320984 536.338257 22.488523
v 162.854034 537.074402 38.479145
v 146.896729 537.189331 47.738663
v 139.288406 537.836548 33.492531
v 142.205811 543.042603 43.497887
v 159.011963 539.895935 10.632133
v 160.110916 537.786865 3.019654
v 155.893250 539.466797 6.680708
v 163.042404 538.316956 5.956666
v 154.298828 535.402161 -4.052289
v 155.665146 536.628357 14.290999
v 150.549942 538.723938 10.887664
v 164.220276 532.336670 28.588116
v 155.665146 536.628357 14.290999
v 158.169464 531.727539 21.338026
v 158.881226 537.277344 18.040241
v 163.481995 522.843018 17.049280
v 157.314117 526.536682 17.392054
v 155.131866 531.360291 17.779043
v 161.424850 524.024292 13.890603
v 159.467392 526.388550 20.395517
v 153.376602 524.142944 18.583353
v 159.199142 520.111267 13.077042
v 159.011963 539.895935 10.632133
v 165.389893 538.976685 16.956173
v 161.371521 540.100708 13.106694
v 166.547592 533.253296 4.385433
v 160.110916 537.786865 3.019654
v 163.042404 538.316956 5.956666
v 165.453781 538.524475 8.456296
v 162.916702 532.580566 1.595156
v 158.881226 537.277344 18.040241
v 155.665146 536.628357 14.290999
v 169.435181 533.605957 7.032013
v 168.896439 537.866455 12.981553
v 161.371521 540.100708 13.106694
v 166.547592 533.253296 4.385433
v 165.453781 538.524475 8.456296
v 162.916702 532.580566 1.595156
v 165.759293 527.316223 6.862165
v 169.435181 533.605957 7.032013
v 172.158737 533.380615 12.106121
v 164.111343 523.609863 9.448995
v 168.724731 527.141418 9.366168
v 165.759293 527.316223 6.862165
v 175.257721 526.983337 15.662472
v 164.111343 523.609863 9.448995
v 166.913589 523.333496 12.633299
v 161.424850 524.024292 13.890603
v 168.724731 527.141418 9.366168
v 159.199142 520.111267 13.077042
v 164.111343 523.609863 9.448995
v 163.760986 525.704346 3.703161
v 162.916702 532.580566 1.595156
v 165.759293 527.316223 6.862165
v 158.169464 531.727539 21.338026
v 158.881226 537.277344 18.040241
v 163.481995 522.843018 17.049280
v 161.492462 537.285217 22.431072
v 159.467392 526.388550 20.395517
v 167.169891 526.850464 29.203907
v 155.665146 536.628357 14.290999
v 155.131866 531.360291 17.779043
v 153.376602 524.142944 18.583353
v 150.549942 538.723938 10.887664
v 151.943512 532.532837 16.703524
v 166.913589 523.333496 12.633299
v 163.481995 522.843018 17.049280
v 161.424850 524.024292 13.890603
v 174.196472 523.251831 20.209393
v 168.896439 537.866455 12.981553
v 165.389893 538.976685 16.956173
v 161.371521 540.100708 13.106694
v 169.435181 533.605957 7.032013
v 168.896439 537.866455 12.981553
v 165.389893 538.976685 16.956173
v 172.856995 538.114197 17.214355
v 172.158737 533.380615 12.106121
v 169.355804 538.927734 20.928898
v 161.492462 537.285217 22.431072
v 158.881226 537.277344 18.040241
v 177.212311 528.502686 19.020855
v 175.257721 526.983337 15.662472
v 175.729218 533.406006 16.552090
v 176.383514 530.326599 20.751980
v 171.028229 537.131897 21.864117
v 177.182434 536.556458 23.957474
v 173.813873 537.194885 18.838501
v 174.975952 533.748474 18.647251
v 166.913589 523.333496 12.633299
v 169.807205 535.656555 25.026920
v 174.196472 523.251831 20.209393
v 164.220276 532.336670 28.588116
v 158.169464 531.727539 21.338026
v 161.492462 537.285217 22.431072
v 177.212311 528.502686 19.020855
v 176.910446 527.617737 33.877579
v 176.383514 530.326599 20.751980
v 177.182434 536.556458 23.957474
v 170.321762 532.341125 28.721912
v 178.617920 533.339539 29.321163
v 174.975952 533.748474 18.647251
v 169.807205 535.656555 25.026920
v 176.341797 527.287231 25.805096
v 176.626648 525.442261 24.664398
v 174.196472 523.251831 20.209393
v 175.257721 526.983337 15.662472
v 164.345978 537.289917 25.463184
v 172.856995 538.114197 17.214355
v 172.158737 533.380615 12.106121
v 169.355804 538.927734 20.928898
v 175.729218 533.406006 16.552090
v 161.492462 537.285217 22.431072
v 171.028229 537.131897 21.864117
v 173.813873 537.194885 18.838501
v 169.807205 535.656555 25.026920
v 167.231567 537.050781 25.964672
v 168.724731 527.141418 9.366168
v 164.220276 532.336670 28.588116
v 176.910446 527.617737 33.877579
v 163.481995 522.843018 17.049280
v 176.626648 525.442261 24.664398
v 161.492462 537.285217 22.431072
v 173.594940 529.030762 28.607563
v 171.444382 522.863281 25.300632
v 159.467392 526.388550 20.395517
v 167.231567 537.050781 25.964672
v 167.169891 526.850464 29.203907
v 170.321762 532.341125 28.721912
v 176.341797 527.287231 25.805096
v 174.196472 523.251831 20.209393
v 169.807205 535.656555 25.026920
v 164.345978 537.289917 25.463184
v 173.092499 527.306946 29.607529
v 168.664642 532.283203 30.157490
v 61.863873 488.854980 -32.233643
v 58.327179 488.755066 -29.348070
v 39.504482 454.608551 0.997550
v 83.903709 509.786072 -49.423714
v 92.689682 496.174133 -46.829742
v 78.861984 493.041687 -40.735447
v 74.415802 508.030273 -44.084202
v 54.124783 491.908020 -27.876894
v 52.628078 486.999542 -22.770399
v 58.327179 488.755066 -29.348070
v 54.228168 482.444153 -21.073496
v 47.657742 469.786499 -0.628282
v 54.228168 482.444153 -21.073496
v 52.628078 486.999542 -22.770399
v 50.819786 521.216553 -67.668510
v 52.642490 511.464020 -86.069115
v 59.104153 517.386414 -71.997696
v 47.181293 514.205566 -83.863113
v 56.428642 508.308838 -85.151207
v 63.870590 492.744080 -90.048645
v 53.085457 488.135620 -88.269630
v 56.516174 471.892303 -80.687653
v 78.846954 482.745728 -58.377216
v 101.332924 488.959381 -78.456917
v 70.937645 471.235779 -71.257370
v 99.659897 488.449799 -61.868607
v 109.901909 493.956421 -75.740005
v 50.819786 521.216553 -67.668510
v 50.998554 519.678345 -47.674679
v 63.374718 516.729736 -72.567780
v 42.032192 524.498474 -58.725464
v 63.640026 513.027283 -56.385090
v 60.147362 514.872131 -52.679199
v 59.104153 517.386414 -71.997696
v 56.428642 508.308838 -85.151207
v 54.124783 491.908020 -27.876894
v 50.176556 505.111572 -36.261375
v 62.228943 504.440186 -44.434895
v 61.863873 488.854980 -32.233643
v 59.205391 505.549377 -39.407940
v 58.327179 488.755066 -29.348070
v 64.993896 491.243500 -39.553631
v 71.895096 517.668457 -84.124092
v 71.920525 521.051208 -71.120659
v 87.322006 525.594971 -74.000931
v 81.224869 520.432373 -59.188114
v 76.658028 489.137177 -87.792343
v 107.902298 515.096497 -92.229828
v 97.282555 512.124512 -94.292755
v 100.451424 494.274414 -91.099190
v 110.622612 502.704529 -89.318153
v 76.658028 489.137177 -87.792343
v 74.182907 506.470154 -91.895935
v 107.902298 515.096497 -92.229828
v 97.282555 512.124512 -94.292755
v 92.457611 522.927185 -88.119415
v 100.108559 525.621338 -85.735817
v 50.998554 519.678345 -47.674679
v 50.176556 505.111572 -36.261375
v 50.336803 514.463623 -38.250069
v 62.228943 504.440186 -44.434895
v 63.640026 513.027283 -56.385090
v 60.147362 514.872131 -52.679199
v 59.205391 505.549377 -39.407940
v 36.585724 501.332825 -88.722580
v 43.173973 489.308655 -90.338501
v 43.270466 471.477783 -88.051773
v 52.642490 511.464020 -86.069115
v 47.181293 514.205566 -83.863113
v 53.085457 488.135620 -88.269630
v 56.516174 471.892303 -80.687653
v 83.903709 509.786072 -49.423714
v 74.415802 508.030273 -44.084202
v 71.468102 517.403870 -55.527519
v 71.920525 521.051208 -71.120659
v 81.224869 520.432373 -59.188114
v 71.895096 517.668457 -84.124092
v 74.182907 506.470154 -91.895935
v 92.457611 522.927185 -88.119415
v 100.108559 525.621338 -85.735817
v 87.322006 525.594971 -74.000931
v 63.374718 516.729736 -72.567780
v 57.654167 469.621979 -50.268379
v 62.228943 504.440186 -44.434895
v 63.640026 513.027283 -56.385090
v 70.937645 471.235779 -71.257370
v 56.428642 508.308838 -85.151207
v 78.846954 482.745728 -58.377216
v 71.468102 517.403870 -55.527519
v 74.415802 508.030273 -44.084202
v 62.714878 516.317322 -86.100479
v 76.658028 489.137177 -87.792343
v 64.993896 491.243500 -39.553631
v 78.861984 493.041687 -40.735447
v 71.895096 517.668457 -84.124092
v 63.870590 492.744080 -90.048645
v 70.636749 488.595032 -88.991890
v 71.920525 521.051208 -71.120659
v 78.861984 493.041687 -40.735447
v 64.993896 491.243500 -39.553631
v 56.516174 471.892303 -80.687653
v 74.182907 506.470154 -91.895935
v 57.654167 469.621979 -50.268379
v 56.628647 468.203796 -68.445297
v 70.937645 471.235779 -71.257370
v 48.935410 449.509766 -64.658958
v 70.636749 488.595032 -88.991890
v 56.516174 471.892303 -80.687653
v 57.654167 469.621979 -50.268379
v 56.628647 468.203796 -68.445297
v 56.761127 461.818939 -49.723232
v 48.935410 449.509766 -64.658958
v 39.110722 432.030884 -30.233459
v 67.006714 477.801880 -37.340668
v 56.761127 461.818939 -49.723232
v 92.689682 496.174133 -46.829742
v 99.659897 488.449799 -61.868607
v 78.846954 482.745728 -58.377216
v 78.861984 493.041687 -40.735447
v 93.201294 495.322937 -47.491798
v 57.654167 469.621979 -50.268379
v 64.993896 491.243500 -39.553631
v 67.006714 477.801880 -37.340668
v 42.995144 443.528625 -9.013025
v 56.761127 461.818939 -49.723232
v 61.863873 488.854980 -32.233643
v 76.658028 489.137177 -87.792343
v 100.451424 494.274414 -91.099190
v 101.332924 488.959381 -78.456917
v 70.937645 471.235779 -71.257370
v 110.622612 502.704529 -89.318153
v 109.901909 493.956421 -75.740005
v 119.023056 491.986633 26.132187
v 112.206604 489.186646 30.288692
v 105.277481 495.945648 27.055290
v 111.098724 512.144165 27.203791
v 103.621101 504.036377 29.343302
v 101.686943 497.964142 18.556931
v 100.209274 506.047546 21.207300
v 112.256241 490.957031 25.264973
v 107.825294 517.985291 20.602345
v 110.409737 493.226013 16.359423
v 119.374557 493.166718 18.470346
v 105.758583 494.812805 31.862801
v 105.277481 495.945648 27.055290
v 103.621101 504.036377 29.343302
v 112.256241 490.957031 25.264973
v 125.758743 502.153198 29.996513
v 124.056282 495.830902 27.219732
v 124.493195 494.693787 30.956781
v 123.477753 507.505829 35.069195
v 125.758743 502.153198 29.996513
v 122.516914 508.402252 32.185360
v 125.038544 496.241058 -8.112234
v 109.940582 496.548706 -6.034507
v 109.833885 496.883179 -1.691016
v 121.147400 493.793549 0.740327
v 131.443466 508.380798 21.963879
v 124.266983 513.464417 28.153400
v 116.975372 516.653015 28.355164
v 112.161346 517.206726 26.311935
v 116.317589 512.562866 29.397457
v 135.188354 510.152283 8.550183
v 125.749863 504.192871 24.636860
v 130.967575 499.336578 15.143398
v 122.259033 510.603821 28.293728
v 100.901131 510.453125 1.999521
v 103.392998 503.043396 -2.229712
v 100.998016 500.296478 9.035630
v 100.112366 508.969421 11.829316
v 123.865097 497.054688 20.837229
v 111.098724 512.144165 27.203791
v 109.586037 509.800049 31.254900
v 125.758743 502.153198 29.996513
v 112.161346 517.206726 26.311935
v 124.056282 495.830902 27.219732
v 116.317589 512.562866 29.397457
v 109.032974 509.068481 35.092464
v 125.749863 504.192871 24.636860
v 130.967575 499.336578 15.143398
v 122.259033 510.603821 28.293728
v 122.516914 508.402252 32.185360
v 116.000633 511.560822 32.776363
v 116.497688 511.209717 35.977257
v 122.516914 508.402252 32.185360
v 116.000633 511.560822 32.776363
v 123.865097 497.054688 20.837229
v 119.023056 491.986633 26.132187
v 119.374557 493.166718 18.470346
v 130.967575 499.336578 15.143398
v 122.748260 492.946808 9.609067
v 132.233597 501.675751 0.061080
v 123.865097 497.054688 20.837229
v 119.023056 491.986633 26.132187
v 124.056282 495.830902 27.219732
v 119.397789 490.729218 30.499825
v 111.098724 512.144165 27.203791
v 112.161346 517.206726 26.311935
v 107.825294 517.985291 20.602345
v 122.748260 492.946808 9.609067
v 132.233597 501.675751 0.061080
v 121.147400 493.793549 0.740327
v 103.392998 503.043396 -2.229712
v 100.998016 500.296478 9.035630
v 109.833885 496.883179 -1.691016
v 110.291573 494.133148 7.317154
v 101.686943 497.964142 18.556931
v 100.209274 506.047546 21.207300
v 107.825294 517.985291 20.602345
v 100.998016 500.296478 9.035630
v 100.112366 508.969421 11.829316
v 109.833885 496.883179 -1.691016
v 110.291573 494.133148 7.317154
v 121.147400 493.793549 0.740327
v 110.409737 493.226013 16.359423
v 119.374557 493.166718 18.470346
v 122.748260 492.946808 9.609067
v 111.098724 512.144165 27.203791
v 103.621101 504.036377 29.343302
v 109.586037 509.800049 31.254900
v 109.032974 509.068481 35.092464
v 105.758583 494.812805 31.862801
v 112.206604 489.186646 30.288692
v 112.256241 490.957031 25.264973
v 105.758583 494.812805 31.862801
v 103.621101 504.036377 29.343302
v 103.833061 502.737885 34.177383
v 109.032974 509.068481 35.092464
v 124.056282 495.830902 27.219732
v 119.397789 490.729218 30.499825
v 124.493195 494.693787 30.956781
v 123.816864 505.765564 40.045891
v 125.383217 499.779175 38.983631
v 125.575150 501.260040 33.146923
v 123.477753 507.505829 35.069195
v 119.360657 489.969879 34.631275
v 117.276726 507.252197 43.993206
v 118.659477 502.977295 45.333233
v 119.046814 491.255615 39.150589
v 121.448799 495.391418 43.013622
v 122.172417 503.910187 43.546749
v 123.567337 494.512024 40.981152
v 124.848099 498.517639 42.752003
v 118.196915 492.578674 41.345558
v 120.916931 499.349976 45.280857
v 126.796455 499.976837 51.821163
v 111.058228 505.635468 43.237881
v 113.153419 502.625366 44.940090
v 119.397789 490.729218 30.499825
v 109.032974 509.068481 35.092464
v 116.497688 511.209717 35.977257
v 124.550323 493.861542 36.881298
v 109.432770 507.735229 39.712578
v 117.470024 509.411133 40.592915
v 124.493195 494.693787 30.956781
v 125.575150 501.260040 33.146923
v 123.477753 507.505829 35.069195
v 125.758743 502.153198 29.996513
v 124.493195 494.693787 30.956781
v 121.448799 495.391418 43.013622
v 118.659477 502.977295 45.333233
v 109.868362 493.887756 42.277184
v 119.023056 491.986633 26.132187
v 118.196915 492.578674 41.345558
v 116.842323 492.166870 44.635742
v 126.796455 499.976837 51.821163
v 113.384987 494.051971 47.218468
v 112.698814 499.022583 47.135139
v 113.153419 502.625366 44.940090
v 111.058228 505.635468 43.237881
v 105.758583 494.812805 31.862801
v 112.206604 489.186646 30.288692
v 111.801277 489.060730 35.908127
v 104.685791 501.260315 39.671730
v 113.984001 492.180847 40.547249
v 119.046814 491.255615 39.150589
v 106.003036 493.225098 37.962326
v 109.656059 498.168213 42.833687
v 103.833061 502.737885 34.177383
v 109.032974 509.068481 35.092464
v 119.397789 490.729218 30.499825
v 119.360657 489.969879 34.631275
v 109.432770 507.735229 39.712578
v 109.032974 509.068481 35.092464
v 116.497688 511.209717 35.977257
v 116.000633 511.560822 32.776363
v -2.652186 321.746948 -9.805471
v 4.363652 331.926270 -15.323794
v 2.867238 323.577820 -8.595406
v 6.112610 310.365417 -6.257695
v 2.247571 309.350372 -9.061511
v 17.572239 311.463226 -1.864069
v 11.927441 311.654327 -1.236639
v 11.316078 309.048035 -3.229481
v 23.180628 310.203247 -12.233236
v 7.578068 309.726746 -7.876324
v -1.035141 311.085571 -5.559356
v 14.272610 308.600800 -5.141579
v 17.579517 309.109680 -4.483584
v 17.175556 310.459778 -7.607657
v 17.579517 309.109680 -4.483584
v -1.722098 313.948883 -13.756018
v 14.706234 313.736694 -0.280175
v 2.548806 310.123352 -6.942321
v 11.316078 309.048035 -3.229481
v 14.360672 304.550385 -0.522299
v 0.242218 312.156555 -0.323499
v 7.831559 314.924683 -3.986319
v 3.050697 314.380096 -1.775518
v 6.044240 313.167877 -3.261917
v 13.678493 308.821228 -8.464691
v 16.214245 306.796570 -2.505470
v 14.316643 306.575592 -2.831935
v 14.360672 304.550385 -0.522299
v 23.518539 319.157104 -8.412859
v 3.337559 320.543396 -4.271029
v 16.186352 307.987396 -1.209451
v 3.219505 309.622284 1.325450
v 19.475742 313.700958 -8.308702
v 18.124889 314.049438 -6.189488
v 0.905197 307.836792 -2.226482
v 16.214245 306.796570 -2.505470
v 12.838375 306.799225 -1.875886
v -0.058586 313.513733 -3.009248
v 3.431755 313.227173 0.912575
v 6.322468 312.259979 -0.948471
v 3.037296 307.361877 -3.159250
v 6.279186 309.265106 -4.767970
v -1.828472 315.778168 -3.761358
v 5.234600 308.975830 0.845071
v 7.722653 322.998840 -8.924128
v 22.387102 322.136078 -21.486692
v 26.599581 317.654510 -11.205176
v 27.549850 314.164948 -10.625229
v -2.856551 319.047424 -6.273363
v 25.505531 313.242859 -4.893266
v 22.828270 312.001770 -5.262599
v 26.223984 313.040649 -8.833277
v 18.570383 321.624451 -24.719749
v 23.773209 316.167297 -7.615573
v 17.171432 312.321655 -5.232512
v -0.939701 309.572235 -3.853426
v 14.709450 310.871033 0.913836
v 6.279186 309.265106 -4.767970
v 12.832336 308.213562 -0.869792
v 3.051735 317.497925 -2.406828
v 21.992020 310.756348 -8.818658
v 22.938431 310.528442 -6.603073
v 3.134258 305.262848 -0.424164
v 5.143253 307.503418 -2.709546
v 21.992020 310.756348 -8.818658
v 25.953804 306.491638 -5.451545
v 24.757881 309.282593 -8.172944
v 3.134258 305.262848 -0.424164
v 21.686325 313.265198 -7.046747
v 11.506611 312.599609 -4.322632
v 14.392918 314.925446 -2.762761
v 7.578068 309.726746 -7.876324
v 1.472652 309.262451 0.516304
v 14.107250 317.617401 -3.362889
v 6.112610 310.365417 -6.257695
v 0.905197 307.836792 -2.226482
v 5.143253 307.503418 -2.709546
v 10.354941 314.742279 -16.623566
v 12.501260 322.619965 -10.284775
v 13.787193 319.707947 -5.393740
v 2.770467 308.902924 -5.310607
v 8.415994 309.490448 -8.019779
v 19.232044 310.045563 -10.670154
v 10.239476 309.244965 -6.611256
v -2.754638 312.439941 -6.488009
v 10.370125 313.909637 -4.336873
v 10.239476 309.244965 -6.611256
v -2.754638 312.439941 -6.488009
v 26.965998 314.406677 -14.303114
v 27.252892 312.087555 -6.684638
v 8.561513 316.992035 -5.909825
v 8.415994 309.490448 -8.019779
v -0.939701 309.572235 -3.853426
v 17.175556 310.459778 -7.607657
v 24.311890 309.932526 -9.263000
v 19.232044 310.045563 -10.670154
v 24.386009 315.783813 -5.756876
v 24.003828 317.541321 -18.250170
v -1.035141 311.085571 -5.559356
v 13.318303 308.653168 -10.146944
v 26.388298 311.415314 -9.785475
v 12.838375 306.799225 -1.875886
v 22.432173 315.531464 -19.485823
v 22.938431 310.528442 -6.603073
v 25.953804 306.491638 -5.451545
v 27.115595 310.889465 -13.090225
v 27.087654 310.673767 -7.705472
v -1.722098 313.948883 -13.756018
v -2.754638 312.439941 -6.488009
v -3.898646 321.639923 -16.614929
v 22.387102 322.136078 -21.486692
v 23.918070 320.811676 -15.256744
v 18.188829 322.570282 -15.766025
v 21.237932 321.749451 -12.338324
v 3.337559 320.543396 -4.271029
v 7.722653 322.998840 -8.924128
v -2.652186 321.746948 -9.805471
v -2.856551 319.047424 -6.273363
v 2.867238 323.577820 -8.595406
v -2.754638 312.439941 -6.488009
v -3.898646 321.639923 -16.614929
v 23.518539 319.157104 -8.412859
v 22.387102 322.136078 -21.486692
v 23.918070 320.811676 -15.256744
v 16.894869 326.189697 -13.411731
v 26.599581 317.654510 -11.205176
v 19.018131 316.915497 -8.037018
v 26.965998 314.406677 -14.303114
v 24.003828 317.541321 -18.250170
v 16.508390 321.230774 -11.040649
v 21.237932 321.749451 -12.338324
v 23.518539 319.157104 -8.412859
v 19.475742 313.700958 -8.308702
v 18.124889 314.049438 -6.189488
v 11.693574 329.315918 -12.841424
v 23.773209 316.167297 -7.615573
v 19.018131 316.915497 -8.037018
v 14.107250 317.617401 -3.362889
v 12.501260 322.619965 -10.284775
v 13.787193 319.707947 -5.393740
v 16.508390 321.230774 -11.040649
v -1.770918 320.416016 -21.273911
v -1.722098 313.948883 -13.756018
v 10.354941 314.742279 -16.623566
v -0.012440 538.434753 -0.431025
v -2.367811 534.544617 5.430779
v -8.883943 544.929138 9.074162
v -0.012440 538.434753 -0.431025
v -15.190167 538.815735 -7.368790
v -10.265099 530.897217 -0.700452
v 1.810084 525.347046 15.603805
v -12.626758 537.923645 -13.125649
v -6.932683 515.554260 14.650460
v -15.149666 517.891663 1.965935
v -9.871671 514.246582 12.037248
v -3.227936 509.131042 18.290154
v -16.658499 533.136658 2.876506
v -12.711755 536.056702 7.222825
v 2.695795 509.139709 24.021969
v -6.204587 526.974731 6.834781
v 3.541380 521.071228 22.451843
v 8.363664 511.385803 30.192072
v -15.190167 538.815735 -7.368790
v -12.399484 516.376160 10.620767
v 33.826134 488.667847 2.023644
v 22.902075 485.476501 13.155158
v 40.368195 483.638123 2.502640
v 33.826134 488.667847 2.023644
v 40.368195 483.638123 2.502640
v 41.562534 493.641907 -9.911848
v 3.690542 535.269287 -19.646797
v -7.195107 512.774475 -3.638381
v -8.751081 517.671875 -8.264915
v -3.987536 527.960388 -13.641107
v -0.332769 528.745911 -25.711918
v -3.398428 524.553955 -20.475086
v 3.690542 535.269287 -19.646797
v -0.332769 528.745911 -25.711918
v 12.185464 531.088867 -57.836811
v 3.230225 535.288086 -40.601456
v 5.938113 542.568115 -30.148792
v 40.929924 524.217957 -44.912998
v 45.383312 521.504211 -25.339867
v 28.856634 530.205872 -56.157471
v 47.352722 530.931519 -33.561359
v 43.585484 513.087036 -30.889431
v 45.721455 504.917908 -25.435902
v 46.701233 508.843872 -21.043697
v 41.562534 493.641907 -9.911848
v 44.263237 496.836487 -16.489101
v -11.679041 502.865295 8.195998
v -7.195107 512.774475 -3.638381
v -4.741714 502.670471 7.235489
v 2.725648 492.537994 15.970953
v -3.605476 489.051453 18.035915
v 2.725648 492.537994 15.970953
v 12.241562 485.905029 17.867735
v 12.241562 485.905029 17.867735
v 22.902075 485.476501 13.155158
v 26.289434 479.101501 14.686309
v 45.721455 504.917908 -25.435902
v 45.383312 521.504211 -25.339867
v 46.701233 508.843872 -21.043697
v 43.585484 513.087036 -30.889431
v 12.185464 531.088867 -57.836811
v -10.517406 544.606812 -59.224377
v 5.219345 544.981567 -14.098245
v 5.938113 542.568115 -30.148792
v -15.212881 545.226501 -24.610592
v -6.204587 526.974731 6.834781
v -12.711755 536.056702 7.222825
v -10.265099 530.897217 -0.700452
v -15.149666 517.891663 1.965935
v -12.626758 537.923645 -13.125649
v -16.658499 533.136658 2.876506
v 2.725648 492.537994 15.970953
v -4.741714 502.670471 7.235489
v 9.186152 495.226624 21.192467
v 0.892098 502.236511 14.762543
v 12.241562 485.905029 17.867735
v 18.917747 491.393066 22.831861
v 54.645905 532.234009 -18.083967
v 28.856634 530.205872 -56.157471
v 72.347519 523.743347 -30.632496
v 47.352722 530.931519 -33.561359
v 29.476978 489.359070 18.996849
v 12.241562 485.905029 17.867735
v 18.917747 491.393066 22.831861
v 19.509222 603.418457 -22.608942
v 28.451010 596.294800 -59.521828
v 28.409485 602.718811 -42.032524
v 17.657251 606.173950 -39.989677
v 18.617014 601.935669 -61.485748
v 43.716740 503.051147 28.082264
v 39.489342 491.086121 10.544076
v 22.902075 485.476501 13.155158
v 29.476978 489.359070 18.996849
v 12.241562 485.905029 17.867735
v 57.552902 497.128326 6.857142
v 57.003838 500.199646 10.568364
v 67.952499 512.894043 -18.995543
v 59.885078 499.617828 -5.023482
v 70.959427 517.387024 -13.569191
v 57.351273 517.508667 -0.928910
v 57.527596 523.136719 -5.503773
v 43.716740 503.051147 28.082264
v 46.462090 498.271973 20.890171
v 55.559402 508.157196 -0.875640
v 45.453087 505.951172 14.997112
v 71.804771 511.863647 -2.798569
v 51.264282 495.954285 14.725734
v 60.087517 497.719421 4.812322
v 50.529629 510.742737 9.747744
v 70.959427 517.387024 -13.569191
v 70.801064 525.460449 3.673162
v 57.527596 523.136719 -5.503773
v 63.064461 511.895569 -6.698014
v 70.674072 516.648315 2.482136
v 45.453087 505.951172 14.997112
v 43.716740 503.051147 28.082264
v 50.529629 510.742737 9.747744
v 49.162292 501.509369 -4.332821
v 46.701233 508.843872 -21.043697
v 54.943489 512.501221 -10.290292
v 39.489342 491.086121 10.544076
v 54.645905 532.234009 -18.083967
v 33.826134 488.667847 2.023644
v 45.383312 521.504211 -25.339867
v 47.352722 530.931519 -33.561359
v 45.313042 494.951355 1.425859
v 41.562534 493.641907 -9.911848
v 57.527596 523.136719 -5.503773
v 57.351273 517.508667 -0.928910
v 22.902075 485.476501 13.155158
v 44.263237 496.836487 -16.489101
v 53.948605 595.620911 -45.020187
v 56.178154 581.758301 -57.424362
v 70.903809 586.379028 -23.282160
v 60.912216 593.075928 -28.659899
v 65.065842 582.860474 -61.957691
v 48.594025 575.766052 -76.965218
v 33.753181 550.999023 -101.495613
v 56.178154 581.758301 -57.424362
v 70.903809 586.379028 -23.282160
v 65.065842 582.860474 -61.957691
v 73.167389 575.558960 -40.136913
v 40.657120 549.848694 -97.386208
v 56.692360 571.086426 -74.495888
v 80.818611 558.098389 -35.365688
v 71.291702 572.109619 -12.400189
v 71.254707 564.546265 -38.877041
v 58.376408 542.983398 -73.349289
v 70.271950 536.746765 -54.307781
v 58.306190 539.327759 -58.901657
v 48.790474 600.446777 -42.782707
v 55.392822 604.915649 -51.289219
v 53.948605 595.620911 -45.020187
v 51.507671 543.755737 -67.789841
v 60.912216 593.075928 -28.659899
v 72.347519 523.743347 -30.632496
v 71.254707 564.546265 -38.877041
v 41.869766 538.066895 -89.335472
v 73.167389 575.558960 -40.136913
v 40.657120 549.848694 -97.386208
v 57.809952 559.934387 -67.167244
v 56.692360 571.086426 -74.495888
v 51.507671 543.755737 -67.789841
v 76.714798 548.663330 -22.846704
v 46.426834 534.681641 -85.085342
v 61.359474 556.205200 -57.074253
v 73.178764 551.640869 -54.812199
v 70.271950 536.746765 -54.307781
v 58.376408 542.983398 -73.349289
v 43.504322 522.655090 -75.588860
v -15.212881 545.226501 -24.610592
v -15.024477 557.657349 -27.129961
v -3.372149 572.055603 -62.634781
v -11.389026 572.285156 -52.073669
v -18.918228 562.750854 -44.243755
v -13.122904 565.613403 -67.321777
v 51.507671 543.755737 -67.789841
v 58.306190 539.327759 -58.901657
v 43.504322 522.655090 -75.588860
v 58.306190 539.327759 -58.901657
v 48.793377 525.044617 -65.377647
v 72.347519 523.743347 -30.632496
v 1.810084 525.347046 15.603805
v 8.363664 511.385803 30.192072
v 3.541380 521.071228 22.451843
v -0.012440 538.434753 -0.431025
v 5.219345 544.981567 -14.098245
v 3.690542 535.269287 -19.646797
v -4.741714 502.670471 7.235489
v 9.186152 495.226624 21.192467
v -7.195107 512.774475 -3.638381
v -2.367811 534.544617 5.430779
v 5.938113 542.568115 -30.148792
v -8.751081 517.671875 -8.264915
v -4.438569 510.834290 7.771279
v -5.684257 519.502258 3.056104
v -3.987536 527.960388 -13.641107
v 0.892098 502.236511 14.762543
v -4.868148 531.325623 -3.221081
v 3.540017 577.042236 -60.786755
v -7.082435 568.681702 -17.475101
v -3.372149 572.055603 -62.634781
v -11.389026 572.285156 -52.073669
v -3.009293 586.477051 -29.788145
v -18.918228 562.750854 -44.243755
v 13.249453 544.987793 -109.519463
v 3.540017 577.042236 -60.786755
v 22.423246 562.915039 -106.124619
v -3.372149 572.055603 -62.634781
v 11.367151 585.854004 -60.493088
v -15.212881 545.226501 -24.610592
v -13.122904 565.613403 -67.321777
v -4.539950 558.420288 -57.801991
v -18.918228 562.750854 -44.243755
v 7.013137 538.485718 -117.792801
v 28.451010 596.294800 -59.521828
v 18.111265 585.666992 -78.852028
v 10.977865 588.059326 -75.941154
v 16.033709 589.003174 -83.893730
v 14.630885 579.922974 -72.395966
v 3.540017 577.042236 -60.786755
v 11.367151 585.854004 -60.493088
v 6.513713 594.396973 -36.121937
v -3.009293 586.477051 -29.788145
v 5.586615 588.448486 -16.379629
v 19.509222 603.418457 -22.608942
v 11.367151 585.854004 -60.493088
v 10.977865 588.059326 -75.941154
v 28.451010 596.294800 -59.521828
v 6.513713 594.396973 -36.121937
v 17.657251 606.173950 -39.989677
v 16.033709 589.003174 -83.893730
v 18.617014 601.935669 -61.485748
v 80.818611 558.098389 -35.365688
v 76.714798 548.663330 -22.846704
v 71.254707 564.546265 -38.877041
v 41.869766 538.066895 -89.335472
v 46.426834 534.681641 -85.085342
v 61.359474 556.205200 -57.074253
v 73.178764 551.640869 -54.812199
v 57.809952 559.934387 -67.167244
v 71.804771 511.863647 -2.798569
v 59.885078 499.617828 -5.023482
v 70.674072 516.648315 2.482136
v 55.559402 508.157196 -0.875640
v 63.064461 511.895569 -6.698014
v 67.952499 512.894043 -18.995543
v 53.948605 595.620911 -45.020187
v 48.594025 575.766052 -76.965218
v 56.178154 581.758301 -57.424362
v 53.117748 593.614014 -62.056782
v 48.790474 600.446777 -42.782707
v 28.451010 596.294800 -59.521828
v 47.457813 596.610474 -59.159832
v 41.511681 603.774780 -61.896080
v 28.409485 602.718811 -42.032524
v 39.603771 606.737427 -42.594517
v 39.515919 596.666443 -77.815796
v 14.630885 579.922974 -72.395966
v 7.013137 538.485718 -117.792801
v 48.594025 575.766052 -76.965218
v 33.753181 550.999023 -101.495613
v 3.540017 577.042236 -60.786755
v -4.539950 558.420288 -57.801991
v -15.212881 545.226501 -24.610592
v -10.517406 544.606812 -59.224377
v -7.823525 553.327576 -77.755135
v 12.502745 562.204346 -108.095787
v 22.423246 562.915039 -106.124619
v 53.117748 593.614014 -62.056782
v 26.714594 559.101318 -107.001694
v 28.451010 596.294800 -59.521828
v 47.457813 596.610474 -59.159832
v 3.843656 554.508301 -100.023216
v 39.515919 596.666443 -77.815796
v 35.371941 590.149414 -76.008041
v 18.111265 585.666992 -78.852028
v 13.249453 544.987793 -109.519463
v 47.951912 587.237549 -81.157776
v 14.630885 579.922974 -72.395966
v 3.540017 577.042236 -60.786755
v 11.367151 585.854004 -60.493088
v -7.823525 553.327576 -77.755135
v 3.843656 554.508301 -100.023216
v -5.303944 550.276855 -78.694382
v -3.458237 560.223267 -85.765228
v 0.309640 535.068176 -108.240967
v 3.843656 554.508301 -100.023216
v -5.303944 550.276855 -78.694382
v -8.033690 543.497131 -95.519135
v -3.458237 560.223267 -85.765228
v -3.160960 538.916870 -97.805954
v 4.315996 368.290924 -72.949409
v -3.533741 366.433197 -61.980408
v 4.478811 365.192566 -64.178986
v 2.942976 377.737946 -63.648701
v 15.826331 376.153931 -77.492577
v 19.795527 385.012573 -89.871048
v 15.156158 378.777802 -91.602249
v 16.288227 389.240234 -95.357071
v 22.627346 384.046844 -77.183830
v 19.795527 385.012573 -89.871048
v 2.942976 377.737946 -63.648701
v 21.133860 392.601685 -87.511032
v 4.050485 373.643158 -94.011162
v 4.315996 368.290924 -72.949409
v 12.321919 382.302795 -97.067780
v 5.280716 370.184662 -84.718826
v 15.156158 378.777802 -91.602249
v -3.533741 366.433197 -61.980408
v -4.040758 359.259216 -75.560280
v -4.397384 366.647552 -93.560410
v 25.948526 396.401245 -72.019867
v -19.996655 371.313538 -93.049194
v -13.662402 366.413757 -93.517517
v -11.661416 374.188843 -99.160187
v -21.437363 360.805511 -81.446983
v -19.996655 371.313538 -93.049194
v -17.468964 379.964478 -97.392586
v -11.661416 374.188843 -99.160187
v -21.437363 360.805511 -81.446983
v -7.505136 382.968445 -101.414696
v -3.772717 373.452454 -99.096207
v -23.809622 380.078400 -89.831429
v -30.322515 370.572632 -80.711548
v -9.101634 370.157288 -51.453224
v 4.478811 365.192566 -64.178986
v 5.893787 375.340881 -50.734261
v 0.001580 384.248230 -53.516766
v -0.934598 369.935303 -53.109222
v -17.468964 379.964478 -97.392586
v -7.047738 391.117767 -101.486847
v -7.505136 382.968445 -101.414696
v -16.432842 392.795715 -94.031281
v -32.006855 379.506836 -76.829643
v -23.809622 380.078400 -89.831429
v -26.471109 388.250854 -83.560120
v -31.616457 376.922852 -70.480858
v -30.322515 370.572632 -80.711548
v -8.019032 404.154785 -96.975861
v 16.288227 389.240234 -95.357071
v 3.271681 393.370880 -100.585388
v 6.807438 389.285522 -100.352394
v 21.133860 392.601685 -87.511032
v 15.618458 396.826904 -92.423599
v 22.599146 399.541473 -62.034172
v 1.503727 377.668213 -98.341690
v 4.050485 373.643158 -94.011162
v -0.604278 382.040619 -101.257614
v 12.321919 382.302795 -97.067780
v 22.528168 401.652130 -69.749962
v 1.295123 405.517395 -86.024666
v 5.218735 384.408875 -100.844307
v 4.773351 402.456360 -91.596107
v -9.600709 406.989258 -91.663506
v -2.456422 397.264435 -102.322372
v -18.694500 399.546570 -86.855949
v -4.148839 379.462311 -101.115707
v -7.047738 391.117767 -101.486847
v -7.505136 382.968445 -101.414696
v -16.432842 392.795715 -94.031281
v -3.772717 373.452454 -99.096207
v -26.471109 388.250854 -83.560120
v 17.393641 400.368134 -84.087540
v 14.877235 403.709412 -80.212753
v 25.948526 396.401245 -72.019867
v -2.755655 376.211884 -49.985600
v 4.682972 381.120117 -48.460930
v 5.893787 375.340881 -50.734261
v -32.006855 379.506836 -76.829643
v -31.616457 376.922852 -70.480858
v -35.928371 405.658966 -60.060009
v -10.977338 376.184509 -49.280041
v -9.101634 370.157288 -51.453224
v -2.755655 376.211884 -49.985600
v -3.533741 366.433197 -61.980408
v -7.921717 373.572083 -53.064476
v -9.101634 370.157288 -51.453224
v 4.478811 365.192566 -64.178986
v -6.144207 385.033783 -113.213776
v -7.505136 382.968445 -101.414696
v -4.148839 379.462311 -101.115707
v 22.528168 401.652130 -69.749962
v 22.814068 409.538239 -63.341496
v 22.599146 399.541473 -62.034172
v 2.884063 384.095642 -112.832703
v 6.807438 389.285522 -100.352394
v 5.218735 384.408875 -100.844307
v 4.050485 373.643158 -94.011162
v -13.662402 366.413757 -93.517517
v -13.586587 355.684021 -77.194656
v -11.661416 374.188843 -99.160187
v -3.772717 373.452454 -99.096207
v -4.397384 366.647552 -93.560410
v 2.942976 377.737946 -63.648701
v 9.472434 374.123169 -77.352234
v 5.280716 370.184662 -84.718826
v 15.156158 378.777802 -91.602249
v -10.718436 331.914551 -33.340229
v -12.132373 336.226379 -33.591228
v -9.787558 323.403992 -32.336044
v -13.760346 326.803345 -33.528694
v -12.177819 320.185272 -35.750385
v -10.718436 331.914551 -33.340229
v -25.480186 332.343109 -32.935165
v -18.157648 336.798218 -39.303539
v -16.669212 329.777924 -25.791170
v -18.594400 336.299500 -33.247082
v -21.851248 329.124390 -25.892839
v -25.135311 333.852753 -38.599606
v -25.480186 332.343109 -32.935165
v -29.379435 327.600800 -34.516396
v -30.515345 326.377167 -27.666262
v -25.135311 333.852753 -38.599606
v -25.480186 332.343109 -32.935165
v -21.851248 329.124390 -25.892839
v -26.224403 328.318237 -27.285919
v -29.379435 327.600800 -34.516396
v -34.653515 327.554810 -28.590771
v -28.825247 323.407532 -36.074211
v -27.913452 332.827606 -43.163769
v -25.135311 333.852753 -38.599606
v -28.607693 327.144287 -42.063934
v -9.802276 336.692200 -50.379078
v -8.723334 332.867615 -50.663235
v -10.630380 327.562439 -54.920158
v -12.570941 333.970276 -55.749832
v -25.043234 323.260834 -41.681713
v -36.152340 323.424683 -36.730572
v -26.846992 320.254272 -35.702412
v -27.386515 327.460785 -49.192024
v -23.735741 323.311310 -47.481544
v -28.825247 323.407532 -36.074211
v -27.913452 332.827606 -43.163769
v -28.607693 327.144287 -42.063934
v -25.043234 323.260834 -41.681713
v -26.846992 320.254272 -35.702412
v -21.254784 321.412354 -34.560127
v -18.087368 323.443695 -47.648075
v -20.869726 322.765076 -40.395481
v -27.386515 327.460785 -49.192024
v -32.512619 321.074280 -39.283424
v -22.406849 323.416901 -53.444916
v -25.818413 327.893372 -54.298569
v -23.735741 323.311310 -47.481544
v -28.535961 332.888855 -49.304867
v -10.822271 336.958160 -44.761623
v -13.067289 338.795380 -44.868656
v -12.132373 336.226379 -33.591228
v -12.552707 335.864990 -39.174728
v -18.157648 336.798218 -39.303539
v -18.594400 336.299500 -33.247082
v -10.729776 326.969849 -26.453747
v -17.726545 329.141693 -59.206169
v -15.741576 324.139923 -55.680847
v -21.254784 321.412354 -34.560127
v -12.509422 327.209412 -46.871468
v -18.087368 323.443695 -47.648075
v -20.869726 322.765076 -40.395481
v -21.943531 320.849823 -36.754066
v -22.406849 323.416901 -53.444916
v -25.818413 327.893372 -54.298569
v -13.760346 326.803345 -33.528694
v -13.939146 327.484467 -39.382618
v -10.822271 336.958160 -44.761623
v -9.990028 332.095306 -46.440063
v -9.802276 336.692200 -50.379078
v -11.815675 339.390961 -50.410988
v -12.013292 331.662750 -38.854446
v -8.723334 332.867615 -50.663235
v -10.718436 331.914551 -33.340229
v -12.132373 336.226379 -33.591228
v -12.552707 335.864990 -39.174728
v -17.726545 329.141693 -59.206169
v -12.013292 331.662750 -38.854446
v -8.723334 332.867615 -50.663235
v -10.630380 327.562439 -54.920158
v -15.741576 324.139923 -55.680847
v -10.718436 331.914551 -33.340229
v -12.509422 327.209412 -46.871468
v -9.990028 332.095306 -46.440063
v -12.570941 333.970276 -55.749832
v -13.760346 326.803345 -33.528694
v -13.939146 327.484467 -39.382618
v -12.132373 336.226379 -33.591228
v -10.729776 326.969849 -26.453747
v -9.787558 323.403992 -32.336044
v -12.177819 320.185272 -35.750385
v -24.435308 318.523071 -28.806789
v -21.943531 320.849823 -36.754066
v -32.512619 321.074280 -39.283424
v -13.760346 326.803345 -33.528694
v -21.254784 321.412354 -34.560127
v -21.943531 320.849823 -36.754066
v -32.512619 321.074280 -39.283424
v -12.177819 320.185272 -35.750385
v -12.330484 318.340637 -25.962605
v -9.787558 323.403992 -32.336044
v -36.152340 323.424683 -36.730572
v -26.846992 320.254272 -35.702412
v -32.512619 321.074280 -39.283424
v -12.177819 320.185272 -35.750385
v -10.718436 331.914551 -33.340229
v -9.787558 323.403992 -32.336044
v -8.370267 528.025635 -27.676727
v -13.503619 522.823914 -14.606300
v -24.405588 518.554565 -19.714478
v -7.195107 512.774475 -3.638381
v 12.185464 531.088867 -57.836811
v 3.230225 535.288086 -40.601456
v 4.277723 533.790222 -61.758175
v -3.398428 524.553955 -20.475086
v -8.370267 528.025635 -27.676727
v -24.405588 518.554565 -19.714478
v -19.960749 524.356689 -26.587774
v -0.332769 528.745911 -25.711918
v 3.230225 535.288086 -40.601456
v -7.264062 533.495972 -31.134712
v -3.398428 524.553955 -20.475086
v 0.142652 535.685913 -52.967258
v 3.230225 535.288086 -40.601456
v 4.277723 533.790222 -61.758175
v -7.264062 533.495972 -31.134712
v -11.498586 538.324158 -35.243164
v -3.800297 508.611908 -82.609024
v 0.142652 535.685913 -52.967258
v -3.566988 531.688904 -70.266220
v 3.106227 520.940430 -76.962730
v 8.735982 520.082275 -73.516914
v 4.277723 533.790222 -61.758175
v -11.612418 540.556396 -55.674278
v -3.800297 508.611908 -82.609024
v -3.566988 531.688904 -70.266220
v -4.309270 521.385071 -80.260811
v 3.106227 520.940430 -76.962730
v -11.612418 540.556396 -55.674278
v -14.450547 534.053833 -72.601013
v -3.800297 508.611908 -82.609024
v -15.937042 515.788086 -82.841881
v -4.309270 521.385071 -80.260811
v -10.397205 500.358734 -86.019012
v -14.450547 534.053833 -72.601013
v -27.544306 512.141296 -15.959882
v -24.949453 504.778137 -4.577631
v -27.080980 494.058472 6.068683
v -11.679041 502.865295 8.195998
v -13.503619 522.823914 -14.606300
v -7.195107 512.774475 -3.638381
v 12.185464 531.088867 -57.836811
v 8.735982 520.082275 -73.516914
v 4.277723 533.790222 -61.758175
v -13.503619 522.823914 -14.606300
v -27.544306 512.141296 -15.959882
v -24.405588 518.554565 -19.714478
v -7.082435 568.681702 -17.475101
v 3.172441 579.548706 -4.334537
v -3.009293 586.477051 -29.788145
v 5.586615 588.448486 -16.379629
v -15.024477 557.657349 -27.129961
v -7.082435 568.681702 -17.475101
v -18.918228 562.750854 -44.243755
v -18.472647 537.323669 -13.209030
v 5.219345 544.981567 -14.098245
v -33.496128 538.743591 -25.605482
v -28.940685 547.482239 -33.710247
v 9.732871 576.631226 7.997573
v -0.012440 538.434753 -0.431025
v 3.172441 579.548706 -4.334537
v -8.632222 576.213196 7.937781
v -15.024477 557.657349 -27.129961
v -15.212881 545.226501 -24.610592
v -8.883943 544.929138 9.074162
v -30.070290 534.674622 -5.474020
v -34.913094 532.988525 1.012963
v -25.008108 544.044189 1.317776
v -21.624790 534.083557 1.023630
v -42.070351 536.594177 -16.032036
v -32.250282 542.234619 -5.613366
v -28.120781 531.324097 11.296643
v -28.120781 531.324097 11.296643
v -25.008108 544.044189 1.317776
v -32.250282 542.234619 -5.613366
v -42.070351 536.594177 -16.032036
v -34.913094 532.988525 1.012963
v -12.849095 549.310547 11.054255
v -4.733721 547.967773 23.775892
v -19.847572 531.278625 18.551722
v -40.827709 543.487427 -16.479179
v -25.008108 544.044189 1.317776
v -8.883943 544.929138 9.074162
v -0.012440 538.434753 -0.431025
v -18.472647 537.323669 -13.209030
v -41.694084 558.304871 -13.202522
v -25.008108 544.044189 1.317776
v -25.333054 559.959778 2.333174
v -21.518166 575.758301 -2.273051
v -36.421268 573.043945 -17.438816
v -11.840901 561.013916 11.846698
v -25.008108 544.044189 1.317776
v -10.972525 573.828369 -20.352652
v -25.333054 559.959778 2.333174
v -12.849095 549.310547 11.054255
v -21.518166 575.758301 -2.273051
v -28.184830 569.443176 -35.127216
v -7.082435 568.681702 -17.475101
v -11.840901 561.013916 11.846698
v 3.172441 579.548706 -4.334537
v -10.972525 573.828369 -20.352652
v -12.849095 549.310547 11.054255
v 0.820701 559.532227 15.482254
v -8.632222 576.213196 7.937781
v -15.024477 557.657349 -27.129961
v -47.636906 568.337585 -35.429256
v -41.969959 565.277100 -47.015949
v -40.827709 543.487427 -16.479179
v -41.694084 558.304871 -13.202522
v -51.074696 550.841858 -38.067356
v -42.536678 553.783691 -44.761909
v -25.008108 544.044189 1.317776
v -52.010807 558.816528 -34.841248
v -42.253361 559.530396 -45.888931
v -53.282368 561.969910 -55.583344
v -33.496128 538.743591 -25.605482
v -18.472647 537.323669 -13.209030
v -42.995312 547.907532 -42.826740
v -42.995312 547.907532 -42.826740
v -42.536678 553.783691 -44.761909
v -33.496128 538.743591 -25.605482
v -28.940685 547.482239 -33.710247
v -28.186180 558.702881 -34.900169
v -15.024477 557.657349 -27.129961
v -42.995312 547.907532 -42.826740
v -47.636906 568.337585 -35.429256
v -41.694084 558.304871 -13.202522
v -36.421268 573.043945 -17.438816
v -52.010807 558.816528 -34.841248
v -25.333054 559.959778 2.333174
v -47.636906 568.337585 -35.429256
v -41.969959 565.277100 -47.015949
v -28.184830 569.443176 -35.127216
v -36.421268 573.043945 -17.438816
v -10.972525 573.828369 -20.352652
v -42.253361 559.530396 -45.888931
v -28.184830 569.443176 -35.127216
v -42.536678 553.783691 -44.761909
v -28.186180 558.702881 -34.900169
v -42.253361 559.530396 -45.888931
v -15.024477 557.657349 -27.129961
v -82.904900 553.839417 0.206567
v -80.533783 551.468140 -7.567822
v -90.262894 546.219543 -12.915586
v -81.137260 555.615540 -1.816932
v -82.882370 555.439697 4.001317
v -81.913803 555.479431 2.140282
v -66.408707 562.058533 -14.758375
v -76.724518 561.701660 -4.532408
v -80.274742 580.341492 -7.147601
v -86.490166 543.187378 -46.002510
v -60.441235 547.639771 -28.684851
v -72.354187 549.172607 -16.635014
v -73.330849 539.947144 -35.647388
v -68.801811 540.585388 -40.524982
v -78.605484 545.383362 -57.246399
v -71.977310 540.618347 -58.017342
v -82.904900 553.839417 0.206567
v -96.307350 550.863586 -9.513898
v -96.258308 553.920715 -0.877099
v -90.262894 546.219543 -12.915586
v -42.946404 556.459106 -41.638241
v -45.520199 559.985413 -38.513302
v -75.566711 582.802307 -61.138275
v -83.878319 574.180725 -65.178841
v -78.605484 545.383362 -57.246399
v -64.596550 583.776611 -52.700394
v -54.649410 577.879333 -43.326138
v -45.360874 572.106079 -52.672047
v -66.408707 562.058533 -14.758375
v -102.318314 565.565918 -39.884144
v -101.221352 587.231384 -22.113722
v -92.713547 588.061890 -35.265862
v -80.356903 588.065735 -27.410738
v -80.274742 580.341492 -7.147601
v -69.954834 580.537964 -19.682863
v -90.153267 576.149475 -57.957466
v -91.833313 561.922180 -56.314671
v -86.490166 543.187378 -46.002510
v -101.336227 578.770935 -40.502106
v -96.133492 547.644043 -32.164120
v -96.307350 550.863586 -9.513898
v -60.441235 547.639771 -28.684851
v -90.277138 589.016846 -13.574576
v -81.467346 585.412476 -53.023010
v -54.694500 561.183655 -28.262177
v -69.836586 585.916748 -44.715202
v -59.209774 579.235657 -35.872547
v -48.205257 560.649536 -35.328182
v -85.349495 560.038269 -62.333817
v -53.061665 547.173340 -36.369900
v -68.801811 540.585388 -40.524982
v -66.600319 539.558228 -40.158272
v -53.827400 547.776855 -34.832539
v -107.981598 561.914795 -19.587072
v -109.482368 576.467224 -26.004225
v -76.724518 561.701660 -4.532408
v -86.490166 543.187378 -46.002510
v -72.354187 549.172607 -16.635014
v -80.533783 551.468140 -7.567822
v -73.330849 539.947144 -35.647388
v -90.262894 546.219543 -12.915586
v -96.133492 547.644043 -32.164120
v -96.307350 550.863586 -9.513898
v -83.737885 543.161438 -23.363966
v -42.946404 556.459106 -41.638241
v -58.145645 574.031067 -78.701118
v -75.566711 582.802307 -61.138275
v -71.977310 540.618347 -58.017342
v -74.407936 554.117554 -70.426399
v -67.088943 564.724365 -80.430786
v -40.937847 567.014954 -55.118008
v -83.878319 574.180725 -65.178841
v -78.605484 545.383362 -57.246399
v -64.596550 583.776611 -52.700394
v -48.407253 576.846802 -68.040215
v -45.360874 572.106079 -52.672047
v -85.349495 560.038269 -62.333817
v -108.151108 587.690369 -5.585057
v -115.771896 583.095825 -5.846003
v -94.421814 588.469116 -7.820190
v -90.277138 589.016846 -13.574576
v -101.221352 587.231384 -22.113722
v -112.579506 580.778687 -13.908832
v -115.771896 583.095825 -5.846003
v -94.421814 588.469116 -7.820190
v -109.482368 576.467224 -26.004225
v -113.621681 571.014954 -16.965969
v -101.221352 587.231384 -22.113722
v -112.579506 580.778687 -13.908832
v -109.104431 558.845581 -8.140673
v -109.482368 576.467224 -26.004225
v -107.981598 561.914795 -19.587072
v -113.621681 571.014954 -16.965969
v -109.104431 558.845581 -8.140673
v -107.981598 561.914795 -19.587072
v -96.307350 550.863586 -9.513898
v -108.151108 587.690369 -5.585057
v -99.377975 586.052795 -1.985607
v -94.421814 588.469116 -7.820190
v -95.579613 582.756165 1.015594
v -85.973373 580.756409 -2.296887
v -90.277138 589.016846 -13.574576
v -99.377975 586.052795 -1.985607
v -80.274742 580.341492 -7.147601
v -88.334900 580.455872 3.507648
v -94.421814 588.469116 -7.820190
v -80.533783 551.468140 -7.567822
v -85.973373 580.756409 -2.296887
v -80.274742 580.341492 -7.147601
v -76.724518 561.701660 -4.532408
v -88.334900 580.455872 3.507648
v -77.480202 565.656494 5.092860
v -81.189880 561.465149 0.648480
v -82.703674 569.567322 7.950106
v -80.533783 551.468140 -7.567822
v -81.137260 555.615540 -1.816932
v -81.913803 555.479431 2.140282
v -77.480202 565.656494 5.092860
v -81.189880 561.465149 0.648480
v -123.826324 597.337158 5.437366
v -126.082497 589.779785 13.492521
v -126.044479 599.698792 11.873545
v -95.579613 582.756165 1.015594
v -88.334900 580.455872 3.507648
v -101.090714 594.277283 1.751378
v -90.661545 596.327698 3.798140
v -82.627182 584.381653 11.057271
v -82.703674 569.567322 7.950106
v -105.434685 604.785034 19.312162
v -107.648766 597.482544 24.630247
v -105.564590 601.494080 15.802954
v -125.563477 565.407227 5.047999
v -113.621681 571.014954 -16.965969
v -129.576019 568.868225 11.038694
v -131.559570 574.134644 5.027420
v -112.579506 580.778687 -13.908832
v -118.457863 563.574890 -6.140553
v -126.083984 571.554626 -1.229951
v -133.805191 571.572510 15.617039
v -135.994217 576.653625 10.944842
v -123.241577 578.296387 -4.939479
v -123.826324 597.337158 5.437366
v -122.895378 586.292908 0.586156
v -126.082497 589.779785 13.492521
v -112.579506 580.778687 -13.908832
v -115.771896 583.095825 -5.846003
v -115.414215 594.481201 -3.231762
v -126.083984 571.554626 -1.229951
v -129.902557 579.129883 2.525444
v -131.729218 586.872314 10.950356
v -107.207565 555.211914 6.810670
v -96.258308 553.920715 -0.877099
v -97.284103 559.631775 11.650893
v -109.903824 567.256226 20.361197
v -116.930984 562.115906 17.152647
v -87.854469 555.191833 10.227333
v -100.798462 577.269348 24.492838
v -115.609497 576.087891 24.612989
v -122.781342 568.255371 19.991858
v -90.165382 584.414856 31.045982
v -87.497971 594.013916 26.985195
v -94.329323 587.468262 30.740002
v -84.755936 589.419434 28.034821
v -107.207565 555.211914 6.810670
v -96.258308 553.920715 -0.877099
v -109.104431 558.845581 -8.140673
v -122.157791 561.630005 11.584638
v -96.307350 550.863586 -9.513898
v -116.420471 555.885681 1.536871
v -116.930984 562.115906 17.152647
v -115.609497 576.087891 24.612989
v -126.430717 567.031250 15.416051
v -130.556915 570.097046 19.423100
v -126.361488 572.492310 24.766037
v -122.781342 568.255371 19.991858
v -84.280594 596.307739 23.592873
v -79.039978 588.339172 18.244627
v -83.935760 598.834717 18.324989
v -105.961205 583.489014 28.763083
v -99.687828 592.918579 30.644730
v -107.648766 597.482544 24.630247
v -87.497971 594.013916 26.985195
v -110.381836 590.556396 30.173662
v -94.329323 587.468262 30.740002
v -91.302299 597.837341 30.460321
v -90.165382 584.414856 31.045982
v -95.408798 575.165527 29.429743
v -94.329323 587.468262 30.740002
v -121.867767 589.300537 25.490957
v -113.039711 594.936523 27.491402
v -100.798462 577.269348 24.492838
v -115.609497 576.087891 24.612989
v -105.961205 583.489014 28.763083
v -107.648766 597.482544 24.630247
v -120.220573 583.596191 27.376875
v -110.381836 590.556396 30.173662
v -94.329323 587.468262 30.740002
v -112.194267 604.024414 6.589323
v -105.564590 601.494080 15.802954
v -115.103409 605.969055 13.452001
v -121.867767 589.300537 25.490957
v -115.609497 576.087891 24.612989
v -124.239037 586.770691 21.343809
v -120.220573 583.596191 27.376875
v -122.014999 580.136353 26.541435
v -100.086639 604.786011 11.597144
v -94.153214 608.341309 12.103409
v -101.808060 607.703979 17.957556
v -79.039978 588.339172 18.244627
v -77.480202 565.656494 5.092860
v -68.364182 580.566345 11.667829
v -82.627182 584.381653 11.057271
v -82.703674 569.567322 7.950106
v -112.194267 604.024414 6.589323
v -118.875854 602.947815 4.178615
v -121.540131 605.604919 10.894967
v -107.791946 595.620300 -1.900706
v -123.826324 597.337158 5.437366
v -108.151108 587.690369 -5.585057
v -115.771896 583.095825 -5.846003
v -112.194267 604.024414 6.589323
v -115.414215 594.481201 -3.231762
v -118.875854 602.947815 4.178615
v -121.540131 605.604919 10.894967
v -97.284103 559.631775 11.650893
v -92.185120 564.659485 26.641384
v -109.903824 567.256226 20.361197
v -100.798462 577.269348 24.492838
v -101.062187 569.475464 17.907824
v -87.497971 594.013916 26.985195
v -84.280594 596.307739 23.592873
v -86.462112 600.711304 26.513298
v -80.821564 590.444214 24.699125
v -84.755936 589.419434 28.034821
v -132.637299 572.289185 21.587595
v -125.563477 565.407227 5.047999
v -109.104431 558.845581 -8.140673
v -122.157791 561.630005 11.584638
v -116.420471 555.885681 1.536871
v -113.621681 571.014954 -16.965969
v -129.576019 568.868225 11.038694
v -126.430717 567.031250 15.416051
v -130.556915 570.097046 19.423100
v -126.361488 572.492310 24.766037
v -118.457863 563.574890 -6.140553
v -133.805191 571.572510 15.617039
v -131.559570 574.134644 5.027420
v -126.083984 571.554626 -1.229951
v -129.902557 579.129883 2.525444
v -135.994217 576.653625 10.944842
v -135.330093 582.522949 9.490368
v -84.280594 596.307739 23.592873
v -80.821564 590.444214 24.699125
v -79.039978 588.339172 18.244627
v -100.798462 577.269348 24.492838
v -101.062187 569.475464 17.907824
v -95.408798 575.165527 29.429743
v -94.329323 587.468262 30.740002
v -95.579613 582.756165 1.015594
v -107.791946 595.620300 -1.900706
v -100.086639 604.786011 11.597144
v -87.710815 606.220032 14.858185
v -94.153214 608.341309 12.103409
v -79.039978 588.339172 18.244627
v -83.935760 598.834717 18.324989
v -108.151108 587.690369 -5.585057
v -99.377975 586.052795 -1.985607
v -112.194267 604.024414 6.589323
v -101.090714 594.277283 1.751378
v -105.564590 601.494080 15.802954
v -90.661545 596.327698 3.798140
v -82.627182 584.381653 11.057271
v -126.686111 580.400391 25.668465
v -115.609497 576.087891 24.612989
v -126.361488 572.492310 24.766037
v -122.014999 580.136353 26.541435
v -3.533741 366.433197 -61.980408
v -13.662402 366.413757 -93.517517
v -13.586587 355.684021 -77.194656
v -21.437363 360.805511 -81.446983
v -18.371031 357.183380 -47.804798
v -9.208152 368.641785 -51.787701
v -8.585142 357.343140 -60.513351
v -24.974455 357.508667 -70.918877
v -27.734211 355.102203 -49.710808
v -16.720472 354.057922 -68.005211
v -18.523972 361.092377 -35.369747
v -21.437363 360.805511 -81.446983
v -18.371031 357.183380 -47.804798
v -9.208152 368.641785 -51.787701
v -24.974455 357.508667 -70.918877
v -34.474865 356.581726 -47.760811
v -27.734211 355.102203 -49.710808
v -20.021982 357.126373 -45.201969
v -15.095544 362.854584 -40.321072
v -30.322515 370.572632 -80.711548
v -33.455173 365.071930 -70.503868
v -21.542498 380.370544 -56.776310
v -31.616457 376.922852 -70.480858
v -31.163620 399.622864 -47.392536
v -28.466562 378.122955 -63.122257
v -35.783085 355.490723 -43.067802
v -34.474865 356.581726 -47.760811
v -27.734211 355.102203 -49.710808
v -29.899578 355.411438 -46.435856
v -20.021982 357.126373 -45.201969
v -35.783085 355.490723 -43.067802
v -34.474865 356.581726 -47.760811
v -39.007378 356.747345 -37.712292
v -39.899319 359.559784 -44.102489
v -39.821423 359.575623 -28.924160
v -39.007378 356.747345 -37.712292
v -39.899319 359.559784 -44.102489
v -40.845078 366.020050 -39.049473
v -39.821423 359.575623 -28.924160
v -36.147598 363.158630 -23.081205
v -35.960217 373.468262 -34.218025
v -40.845078 366.020050 -39.049473
v -36.147598 363.158630 -23.081205
v -29.937090 364.960754 -21.551081
v -35.960217 373.468262 -34.218025
v -34.474865 356.581726 -47.760811
v -39.899319 359.559784 -44.102489
v -31.616457 376.922852 -70.480858
v -30.322515 370.572632 -80.711548
v -33.455173 365.071930 -70.503868
v -35.225025 371.478943 -64.306160
v -3.533741 366.433197 -61.980408
v -4.040758 359.259216 -75.560280
v -13.586587 355.684021 -77.194656
v -8.585142 357.343140 -60.513351
v -16.720472 354.057922 -68.005211
v -4.397384 366.647552 -93.560410
v -31.616457 376.922852 -70.480858
v -35.225025 371.478943 -64.306160
v -28.466562 378.122955 -63.122257
v -21.542498 380.370544 -56.776310
v -10.977338 376.184509 -49.280041
v -17.730583 384.455750 -53.217697
v -7.921717 373.572083 -53.064476
v -9.101634 370.157288 -51.453224
v -24.597300 385.637207 -58.251278
v -28.466562 378.122955 -63.122257
v -9.208152 368.641785 -51.787701
v -21.925152 363.930237 -27.805780
v -15.095544 362.854584 -40.321072
v -17.730583 384.455750 -53.217697
v -13.189162 376.976044 -47.076477
v -22.314749 382.760498 -47.336391
v -19.596325 371.124908 -33.732529
v -39.899319 359.559784 -44.102489
v -29.937090 364.960754 -21.551081
v -28.168478 376.024628 -32.183750
v -35.960217 373.468262 -34.218025
v -3.533741 366.433197 -61.980408
v -35.225025 371.478943 -64.306160
v -7.921717 373.572083 -53.064476
v -24.597300 385.637207 -58.251278
v -18.523972 361.092377 -35.369747
v -31.324060 381.360321 -54.988720
v -40.845078 366.020050 -39.049473
v -28.466562 378.122955 -63.122257
v -110.305931 607.473145 35.746628
v -105.434685 604.785034 19.312162
v -108.295624 606.825195 28.240000
v -106.601303 600.399414 30.286917
v -106.282944 599.708008 26.259123
v -107.521103 606.528931 24.924509
v -100.086639 604.786011 11.597144
v -105.564590 601.494080 15.802954
v -101.808060 607.703979 17.957556
v -108.228790 600.250610 37.373886
v -99.741837 597.068542 30.789022
v -106.601303 600.399414 30.286917
v -101.238815 599.544617 32.334641
v -106.282944 599.708008 26.259123
v -84.280594 596.307739 23.592873
v -87.710815 606.220032 14.858185
v -94.153214 608.341309 12.103409
v -83.935760 598.834717 18.324989
v -86.573547 604.507812 24.474770
v -90.348297 609.508118 20.939751
v -101.808060 607.703979 17.957556
v -96.242096 610.525085 18.565346
v -101.902580 597.758057 39.437428
v -99.687828 592.918579 30.644730
v -107.648766 597.482544 24.630247
v -99.741837 597.068542 30.789022
v -91.302299 597.837341 30.460321
v -101.238815 599.544617 32.334641
v -91.866531 599.084534 35.085331
v -106.282944 599.708008 26.259123
v -87.497971 594.013916 26.985195
v -86.462112 600.711304 26.513298
v -91.302299 597.837341 30.460321
v -87.320129 603.822571 30.301628
v -91.866531 599.084534 35.085331
v -94.015549 616.183228 36.001717
v -91.607819 616.141052 29.672478
v -87.932022 610.820068 33.093903
v -84.280594 596.307739 23.592873
v -86.573547 604.507812 24.474770
v -86.462112 600.711304 26.513298
v -87.320129 603.822571 30.301628
v -87.767960 604.940186 34.883354
v -88.846527 612.575928 38.834396
v -87.932022 610.820068 33.093903
v -91.607819 616.141052 29.672478
v -98.436531 616.943970 27.612114
v -99.615555 617.244751 33.425774
v -104.703491 613.800415 27.044806
v -87.905075 608.420898 28.609695
v -107.521103 606.528931 24.924509
v -86.573547 604.507812 24.474770
v -105.434685 604.785034 19.312162
v -90.900497 613.861328 25.588959
v -103.542862 611.990723 22.548750
v -97.439308 614.940796 23.237549
v -87.767960 604.940186 34.883354
v -104.815674 614.200562 33.599838
v -91.607819 616.141052 29.672478
v -98.436531 616.943970 27.612114
v -108.295624 606.825195 28.240000
v -87.932022 610.820068 33.093903
v -104.703491 613.800415 27.044806
v -87.320129 603.822571 30.301628
v -105.434685 604.785034 19.312162
v -107.648766 597.482544 24.630247
v -106.282944 599.708008 26.259123
v -87.905075 608.420898 28.609695
v -86.573547 604.507812 24.474770
v -105.434685 604.785034 19.312162
v -105.564590 601.494080 15.802954
v -90.900497 613.861328 25.588959
v -103.542862 611.990723 22.548750
v -97.439308 614.940796 23.237549
v -90.348297 609.508118 20.939751
v -101.808060 607.703979 17.957556
v -96.242096 610.525085 18.565346
v -92.823746 598.993652 41.617790
v -87.320129 603.822571 30.301628
v -87.767960 604.940186 34.883354
v -91.866531 599.084534 35.085331
v -108.896957 609.552002 45.414856
v -108.717354 602.000122 43.943020
v -108.228790 600.250610 37.373886
v -110.104492 607.692688 40.957939
v -110.305931 607.473145 35.746628
v -106.601303 600.399414 30.286917
v -101.902580 597.758057 39.437428
v -106.776337 605.545471 49.430870
v -102.719955 598.334229 44.862961
v -108.896957 609.552002 45.414856
v -108.717354 602.000122 43.943020
v -108.228790 600.250610 37.373886
v -106.704185 607.434570 49.899090
v -107.564690 610.744019 45.666298
v -101.238815 599.544617 32.334641
v -94.015549 616.183228 36.001717
v -91.607819 616.141052 29.672478
v -99.615555 617.244751 33.425774
v -104.815674 614.200562 33.599838
v -99.615555 617.244751 33.425774
v -104.703491 613.800415 27.044806
v -101.902580 597.758057 39.437428
v -106.776337 605.545471 49.430870
v -102.719955 598.334229 44.862961
v -92.823746 598.993652 41.617790
v -101.241867 605.369324 52.361813
v -93.956581 599.322266 46.452686
v -91.866531 599.084534 35.085331
v -95.667229 608.374084 51.005386
v -100.945419 617.609741 40.886429
v -88.320877 606.645264 42.022934
v -110.104492 607.692688 40.957939
v -110.305931 607.473145 35.746628
v -93.282799 612.925293 47.241409
v -104.881943 614.703735 41.690170
v -90.925102 606.966431 47.349823
v -96.699966 609.052368 50.625038
v -95.194183 612.541260 47.687378
v -108.896957 609.552002 45.414856
v -104.468948 608.697144 59.724979
v -104.271645 614.399353 55.581989
v -106.704185 607.434570 49.899090
v -107.564690 610.744019 45.666298
v -87.767960 604.940186 34.883354
v -104.815674 614.200562 33.599838
v -94.015549 616.183228 36.001717
v -100.915421 618.311279 39.198280
v -102.716515 617.926025 48.324162
v -99.615555 617.244751 33.425774
v -97.198387 615.635986 43.926765
v -88.846527 612.575928 38.834396
v -108.295624 606.825195 28.240000
v -105.472916 615.140137 40.032093
v -96.047112 616.904053 42.361778
v -94.015549 616.183228 36.001717
v -88.846527 612.575928 38.834396
v -87.932022 610.820068 33.093903
v -106.776337 605.545471 49.430870
v -95.667229 608.374084 51.005386
v -88.320877 606.645264 42.022934
v -92.823746 598.993652 41.617790
v -101.241867 605.369324 52.361813
v -101.978668 608.156799 52.371395
v -96.699966 609.052368 50.625038
v -90.925102 606.966431 47.349823
v -106.704185 607.434570 49.899090
v -93.956581 599.322266 46.452686
v -87.767960 604.940186 34.883354
v -104.468948 608.697144 59.724979
v -10.822271 336.958160 -44.761623
v -13.067289 338.795380 -44.868656
v -11.815675 339.390961 -50.410988
v -21.925152 363.930237 -27.805780
v -18.157648 336.798218 -39.303539
v -17.660950 359.223450 -36.189987
v -21.006308 360.231720 -27.689606
v -10.448016 342.398315 -50.743320
v -11.815675 339.390961 -50.410988
v -13.067289 338.795380 -44.868656
v -12.367626 340.752289 -44.022724
v -14.164387 340.423492 -41.066338
v -13.251183 345.921814 -48.341705
v -18.523972 361.092377 -35.369747
v -9.802276 336.692200 -50.379078
v -11.815675 339.390961 -50.410988
v -20.869997 336.186401 -55.868725
v -14.810115 338.300629 -54.190266
v -12.570941 333.970276 -55.749832
v -17.726545 329.141693 -59.206169
v -20.869997 336.186401 -55.868725
v -25.818413 327.893372 -54.298569
v -28.535961 332.888855 -49.304867
v -25.659939 334.033051 -52.764023
v -27.386515 327.460785 -49.192024
v -28.535961 332.888855 -49.304867
v -27.913452 332.827606 -43.163769
v -17.660950 359.223450 -36.189987
v -23.706423 343.161804 -54.597931
v -18.523972 361.092377 -35.369747
v -29.671467 339.775879 -52.406200
v -35.783085 355.490723 -43.067802
v -35.329342 353.145355 -45.492062
v -17.438282 345.003387 -52.549133
v -13.251183 345.921814 -48.341705
v -28.723053 353.500916 -48.708317
v -29.899578 355.411438 -46.435856
v -20.021982 357.126373 -45.201969
v -21.943672 339.534302 -58.066677
v -10.448016 342.398315 -50.743320
v -11.815675 339.390961 -50.410988
v -20.869997 336.186401 -55.868725
v -25.659939 334.033051 -52.764023
v -15.045985 341.701111 -56.484684
v -28.535961 332.888855 -49.304867
v -28.480070 336.039795 -54.607079
v -14.810115 338.300629 -54.190266
v -31.475800 333.798065 -49.097481
v -38.651237 353.650391 -37.169529
v -19.173260 355.586212 -46.607201
v -31.799105 337.590698 -47.131733
v -35.783085 355.490723 -43.067802
v -39.081074 355.621185 -28.016972
v -39.007378 356.747345 -37.712292
v -29.970886 332.919250 -42.351257
v -28.535961 332.888855 -49.304867
v -31.475800 333.798065 -49.097481
v -38.651237 353.650391 -37.169529
v -31.799105 337.590698 -47.131733
v -30.159870 336.611420 -40.798794
v -39.821423 359.575623 -28.924160
v -39.081074 355.621185 -28.016972
v -39.007378 356.747345 -37.712292
v -29.970886 332.919250 -42.351257
v -28.535961 332.888855 -49.304867
v -27.913452 332.827606 -43.163769
v -25.722168 334.037506 -37.886890
v -26.424793 337.490906 -37.762043
v -30.159870 336.611420 -40.798794
v -35.450760 358.412964 -21.349417
v -17.726545 329.141693 -59.206169
v -20.869997 336.186401 -55.868725
v -12.570941 333.970276 -55.749832
v -39.821423 359.575623 -28.924160
v -29.121653 359.980255 -20.828978
v -36.147598 363.158630 -23.081205
v -25.135311 333.852753 -38.599606
v -18.965454 337.255249 -37.471992
v -20.103630 340.228821 -38.335800
v -27.913452 332.827606 -43.163769
v -25.722168 334.037506 -37.886890
v -26.424793 337.490906 -37.762043
v -35.450760 358.412964 -21.349417
v -29.121653 359.980255 -20.828978
v -21.925152 363.930237 -27.805780
v -36.147598 363.158630 -23.081205
v -25.135311 333.852753 -38.599606
v -18.965454 337.255249 -37.471992
v -18.157648 336.798218 -39.303539
v -21.006308 360.231720 -27.689606
v -20.103630 340.228821 -38.335800
v -12.367626 340.752289 -44.022724
v -14.164387 340.423492 -41.066338
v -29.937090 364.960754 -21.551081
v -111.946526 601.404053 27.917753
v -122.758865 590.946533 30.107069
v -112.995506 607.709961 28.869810
v -112.871902 602.648926 30.768507
v -128.156479 591.525330 25.970072
v -133.478210 597.014709 41.923885
v -116.440506 610.617310 38.482521
v -131.888824 595.864929 25.087826
v -129.914932 594.628418 22.382004
v -131.437866 603.891968 22.519222
v -132.391006 605.829590 30.444359
v -111.946526 601.404053 27.917753
v -114.692047 595.752197 31.291199
v -112.871902 602.648926 30.768507
v -117.916656 606.171875 45.714973
v -123.826324 597.337158 5.437366
v -126.044479 599.698792 11.873545
v -121.540131 605.604919 10.894967
v -131.437866 603.891968 22.519222
v -126.374313 610.602905 21.576168
v -128.111618 611.176697 28.957928
v -119.356125 610.548706 24.684114
v -112.995506 607.709961 28.869810
v -111.674774 605.596252 23.720121
v -119.356125 610.548706 24.684114
v -122.516632 611.169495 31.924475
v -124.239037 586.770691 21.343809
v -127.771866 592.607056 18.157171
v -126.082497 589.779785 13.492521
v -129.914932 594.628418 22.382004
v -128.156479 591.525330 25.970072
v -131.888824 595.864929 25.087826
v -125.892937 590.729187 22.563742
v -135.859116 599.615601 34.913166
v -110.350632 599.532288 24.550844
v -109.065262 605.072266 18.409967
v -111.946526 601.404053 27.917753
v -111.674774 605.596252 23.720121
v -127.771866 592.607056 18.157171
v -109.065262 605.072266 18.409967
v -105.564590 601.494080 15.802954
v -115.103409 605.969055 13.452001
v -129.914932 594.628418 22.382004
v -111.674774 605.596252 23.720121
v -117.598618 608.939880 19.906961
v -131.437866 603.891968 22.519222
v -124.477020 609.150940 16.933006
v -128.931213 602.598267 17.630692
v -126.374313 610.602905 21.576168
v -119.356125 610.548706 24.684114
v -107.648766 597.482544 24.630247
v -109.065262 605.072266 18.409967
v -110.350632 599.532288 24.550844
v -105.564590 601.494080 15.802954
v -126.082497 589.779785 13.492521
v -127.771866 592.607056 18.157171
v -112.194267 604.024414 6.589323
v -126.044479 599.698792 11.873545
v -121.540131 605.604919 10.894967
v -115.103409 605.969055 13.452001
v -117.598618 608.939880 19.906961
v -124.477020 609.150940 16.933006
v -128.931213 602.598267 17.630692
v -111.946526 601.404053 27.917753
v -122.758865 590.946533 30.107069
v -114.692047 595.752197 31.291199
v -110.350632 599.532288 24.550844
v -121.867767 589.300537 25.490957
v -113.039711 594.936523 27.491402
v -124.239037 586.770691 21.343809
v -107.648766 597.482544 24.630247
v -128.156479 591.525330 25.970072
v -125.892937 590.729187 22.563742
v -111.674774 605.596252 23.720121
v -111.946526 601.404053 27.917753
v -112.995506 607.709961 28.869810
v -131.437866 603.891968 22.519222
v -128.111618 611.176697 28.957928
v -132.391006 605.829590 30.444359
v -132.836075 613.520813 43.342232
v -130.445099 605.885742 55.098934
v -133.024307 611.127197 50.630341
v -133.137558 603.749939 46.304661
v -124.480515 609.423340 46.324276
v -124.882652 613.318848 37.764481
v -121.310806 611.831848 42.975010
v -135.876846 604.101746 41.163441
v -116.440506 610.617310 38.482521
v -135.859116 599.615601 34.913166
v -131.888824 595.864929 25.087826
v -112.995506 607.709961 28.869810
v -123.444702 611.308838 42.967220
v -126.064575 612.250671 39.234112
v -134.406891 606.060913 41.216953
v -130.681305 612.315857 36.560360
v -132.716446 609.105835 38.285370
v -134.619385 608.123413 36.543655
v -128.111618 611.176697 28.957928
v -132.391006 605.829590 30.444359
v -130.238800 613.110962 34.670547
v -122.516632 611.169495 31.924475
v -112.871902 602.648926 30.768507
v -121.310806 611.831848 42.975010
v -128.017792 604.365234 48.712440
v -133.478210 597.014709 41.923885
v -133.122040 602.209595 46.090435
v -116.440506 610.617310 38.482521
v -123.350647 608.575684 46.374741
v -118.953201 598.643799 45.438667
v -117.916656 606.171875 45.714973
v -125.809891 594.163330 44.333759
v -128.111618 611.176697 28.957928
v -119.356125 610.548706 24.684114
v -122.516632 611.169495 31.924475
v -130.445099 605.885742 55.098934
v -128.156479 591.525330 25.970072
v -121.310806 611.831848 42.975010
v -128.017792 604.365234 48.712440
v -133.478210 597.014709 41.923885
v -133.122040 602.209595 46.090435
v -124.480515 609.423340 46.324276
v -128.705902 606.194031 47.703182
v -123.350647 608.575684 46.374741
v -133.137558 603.749939 46.304661
v -135.876846 604.101746 41.163441
v -134.406891 606.060913 41.216953
v -123.444702 611.308838 42.967220
v -135.859116 599.615601 34.913166
v -122.758865 590.946533 30.107069
v -114.692047 595.752197 31.291199
v -133.478210 597.014709 41.923885
v -118.953201 598.643799 45.438667
v -117.916656 606.171875 45.714973
v -125.809891 594.163330 44.333759
v -141.716278 577.955078 17.163189
v -138.246826 573.798340 21.455959
v -143.527298 579.208923 22.488207
v -126.558250 585.291199 23.608601
v -129.526077 587.980164 18.692730
v -126.686111 580.400391 25.668465
v -124.239037 586.770691 21.343809
v -122.014999 580.136353 26.541435
v -126.082497 589.779785 13.492521
v -134.438126 582.944458 38.714630
v -128.245377 580.964417 28.974564
v -130.888016 575.253723 28.436050
v -129.526077 587.980164 18.692730
v -139.866989 583.943970 15.494151
v -136.234909 588.609009 17.906578
v -134.287537 588.049988 15.144677
v -131.729218 586.872314 10.950356
v -142.225708 584.367432 20.691742
v -141.716278 577.955078 17.163189
v -139.248962 577.356689 14.159644
v -139.866989 583.943970 15.494151
v -129.902557 579.129883 2.525444
v -137.874161 583.387085 12.696888
v -135.330093 582.522949 9.490368
v -134.287537 588.049988 15.144677
v -131.729218 586.872314 10.950356
v -142.225708 584.367432 20.691742
v -135.900558 573.730530 18.359957
v -132.637299 572.289185 21.587595
v -133.805191 571.572510 15.617039
v -135.994217 576.653625 10.944842
v -128.245377 580.964417 28.974564
v -129.063293 586.265564 27.456123
v -133.987915 588.176208 35.308178
v -134.163330 590.399109 27.254196
v -126.558250 585.291199 23.608601
v -129.526077 587.980164 18.692730
v -129.842392 575.457275 24.632080
v -126.686111 580.400391 25.668465
v -132.283203 589.221497 22.652306
v -128.245377 580.964417 28.974564
v -129.063293 586.265564 27.456123
v -130.888016 575.253723 28.436050
v -126.361488 572.492310 24.766037
v -132.283203 589.221497 22.652306
v -129.526077 587.980164 18.692730
v -126.082497 589.779785 13.492521
v -139.012177 588.161438 22.837605
v -136.234909 588.609009 17.906578
v -131.729218 586.872314 10.950356
v -140.452911 573.726440 34.016338
v -129.842392 575.457275 24.632080
v -134.716583 572.627563 25.279633
v -130.888016 575.253723 28.436050
v -132.637299 572.289185 21.587595
v -126.361488 572.492310 24.766037
v -141.716278 577.955078 17.163189
v -139.248962 577.356689 14.159644
v -135.900558 573.730530 18.359957
v -138.246826 573.798340 21.455959
v -132.637299 572.289185 21.587595
v -137.874161 583.387085 12.696888
v -135.994217 576.653625 10.944842
v -135.330093 582.522949 9.490368
v -140.452911 573.726440 34.016338
v -145.447708 585.260742 25.433508
v -146.281418 580.131287 27.395285
v -134.716583 572.627563 25.279633
v -143.527298 579.208923 22.488207
v -145.412628 576.671448 31.823790
v -143.416275 574.488159 28.881815
v -139.012177 588.161438 22.837605
v -136.234909 588.609009 17.906578
v -142.225708 584.367432 20.691742
v -141.716278 577.955078 17.163189
v -143.527298 579.208923 22.488207
v -142.225708 584.367432 20.691742
v -138.246826 573.798340 21.455959
v -143.527298 579.208923 22.488207
v -143.416275 574.488159 28.881815
v -137.206741 576.533081 37.919003
v -140.452911 573.726440 34.016338
v -140.800415 587.645630 32.440125
v -143.360428 578.967224 38.051060
v -134.438126 582.944458 38.714630
v -139.970291 581.690002 40.522938
v -137.837494 587.471680 37.935425
v -143.022034 576.819397 37.808933
v -134.163330 590.399109 27.254196
v -139.535492 586.366394 37.095558
v -141.224060 582.532593 39.129379
v -143.082916 582.696838 45.235100
v -133.987915 588.176208 35.308178
v -138.896118 590.027710 32.043926
v -136.418060 590.889099 30.720093
v -134.438126 582.944458 38.714630
v -128.245377 580.964417 28.974564
v -133.987915 588.176208 35.308178
v -134.163330 590.399109 27.254196
v -129.063293 586.265564 27.456123
v -133.987915 588.176208 35.308178
v -143.022034 576.819397 37.808933
v -140.452911 573.726440 34.016338
v -134.163330 590.399109 27.254196
v -132.283203 589.221497 22.652306
v -145.447708 585.260742 25.433508
v -146.281418 580.131287 27.395285
v -143.360428 578.967224 38.051060
v -142.151688 588.687378 27.461464
v -136.418060 590.889099 30.720093
v -142.859192 587.087402 29.420059
v -145.770264 584.925415 27.478529
v -140.800415 587.645630 32.440125
v -145.489731 581.591309 28.917143
v -139.535492 586.366394 37.095558
v -148.000824 585.655273 33.175076
v -147.422684 584.925537 39.524208
v -143.082916 582.696838 45.235100
v -145.179169 579.233887 32.447971
v -138.896118 590.027710 32.043926
v -145.412628 576.671448 31.823790
v -139.012177 588.161438 22.837605
v -137.206741 576.533081 37.919003
v -140.452911 573.726440 34.016338
v -134.438126 582.944458 38.714630
v -130.888016 575.253723 28.436050
v -35.760338 530.744080 -78.307510
v -47.010853 491.998596 -46.263538
v -41.749939 532.597839 -81.195213
v -31.766333 518.742920 -77.887810
v -53.205990 511.668152 -65.988853
v -43.238705 499.465424 -62.326641
v -44.378578 499.576477 -45.973694
v -26.597321 511.638367 -81.849518
v -41.300117 505.487244 -73.393829
v -36.254860 494.760986 -80.281891
v -47.010853 491.998596 -46.263538
v -45.163799 518.177490 -35.814960
v -44.378578 499.576477 -45.973694
v -52.009384 508.234314 -35.842045
v -39.795181 447.730896 -21.991493
v -43.563210 514.274231 -27.558292
v -47.010853 491.998596 -46.263538
v -46.838100 474.721436 -57.754372
v -43.238705 499.465424 -62.326641
v -41.300117 505.487244 -73.393829
v -29.392759 556.125549 -68.108002
v -58.145645 574.031067 -78.701118
v -42.884911 571.372681 -70.447922
v -71.977310 540.618347 -58.017342
v -74.407936 554.117554 -70.426399
v -67.088943 564.724365 -80.430786
v -40.937847 567.014954 -55.118008
v -30.804562 554.970581 -54.491615
v -48.407253 576.846802 -68.040215
v -50.852840 567.087891 -80.426231
v -68.446892 545.215515 -73.032364
v -35.482971 550.484497 -79.259323
v -46.635330 535.835449 -79.908730
v -53.205990 511.668152 -65.988853
v -56.904316 523.959290 -55.603703
v -61.518387 550.677246 -82.260506
v -42.946404 556.459106 -41.638241
v -40.937847 567.014954 -55.118008
v -30.804562 554.970581 -54.491615
v -35.053860 547.728088 -40.426121
v -42.946404 556.459106 -41.638241
v -35.053860 547.728088 -40.426121
v -55.932270 527.142151 -36.608109
v -44.204777 538.204224 -33.661594
v -53.061665 547.173340 -36.369900
v -66.600319 539.558228 -40.158272
v -27.544306 512.141296 -15.959882
v -35.011845 507.171997 -15.726321
v -27.080980 494.058472 6.068683
v -29.392759 556.125549 -68.108002
v -15.937042 515.788086 -82.841881
v -22.299273 544.485962 -55.935215
v -22.956099 538.725708 -70.696770
v -23.145941 550.276978 -70.036957
v -26.220686 546.984131 -56.453510
v -19.241411 538.346436 -71.490532
v -14.450547 534.053833 -72.601013
v -35.527840 515.811890 -21.598871
v -29.434059 474.196594 6.277916
v -43.563210 514.274231 -27.558292
v -35.760338 530.744080 -78.307510
v -41.749939 532.597839 -81.195213
v -46.635330 535.835449 -79.908730
v -55.932270 527.142151 -36.608109
v -35.482971 550.484497 -79.259323
v -29.392759 556.125549 -68.108002
v -31.766333 518.742920 -77.887810
v -56.904316 523.959290 -55.603703
v -53.205990 511.668152 -65.988853
v -15.937042 515.788086 -82.841881
v -44.378578 499.576477 -45.973694
v -26.597321 511.638367 -81.849518
v -22.956099 538.725708 -70.696770
v -45.163799 518.177490 -35.814960
v -23.145941 550.276978 -70.036957
v -19.241411 538.346436 -71.490532
v -39.361042 465.090149 -3.325498
v -52.009384 508.234314 -35.842045
v -43.563210 514.274231 -27.558292
v -56.904316 523.959290 -55.603703
v -55.932270 527.142151 -36.608109
v -68.801811 540.585388 -40.524982
v -66.600319 539.558228 -40.158272
v -71.977310 540.618347 -58.017342
v -35.053860 547.728088 -40.426121
v 0.142652 535.685913 -52.967258
v -34.605198 529.915283 -34.134048
v -25.416187 539.866028 -38.399052
v -31.689674 528.180359 -28.955521
v -44.204777 538.204224 -33.661594
v -11.612418 540.556396 -55.674278
v -11.498586 538.324158 -35.243164
v -29.576958 541.011536 -42.056953
v -26.730005 491.794617 4.404106
v -35.011845 507.171997 -15.726321
v -35.527840 515.811890 -21.598871
v -27.544306 512.141296 -15.959882
v -24.405588 518.554565 -19.714478
v -24.405588 518.554565 -19.714478
v -19.960749 524.356689 -26.587774
v -45.163799 518.177490 -35.814960
v -44.204777 538.204224 -33.661594
v -35.527840 515.811890 -21.598871
v -55.932270 527.142151 -36.608109
v -34.605198 529.915283 -34.134048
v -31.689674 528.180359 -28.955521
v -19.960749 524.356689 -26.587774
v -43.563210 514.274231 -27.558292
v -45.163799 518.177490 -35.814960
v -44.204777 538.204224 -33.661594
v -35.527840 515.811890 -21.598871
v -7.264062 533.495972 -31.134712
v -11.498586 538.324158 -35.243164
v -30.804562 554.970581 -54.491615
v -35.053860 547.728088 -40.426121
v -29.392759 556.125549 -68.108002
v -22.299273 544.485962 -55.935215
v -25.416187 539.866028 -38.399052
v -11.612418 540.556396 -55.674278
v -26.220686 546.984131 -56.453510
v -14.450547 534.053833 -72.601013
v -29.576958 541.011536 -42.056953
v -87.188911 582.694397 31.691029
v -82.420746 586.658203 30.308811
v -81.294876 588.423828 36.694134
v -90.165382 584.414856 31.045982
v -81.348061 587.432922 33.590660
v -86.107300 582.516724 36.033485
v -84.755936 589.419434 28.034821
v -82.420746 586.658203 30.308811
v -73.746857 588.521912 34.667503
v -81.348061 587.432922 33.590660
v -77.750496 586.923706 27.092863
v -80.821564 590.444214 24.699125
v -84.755936 589.419434 28.034821
v -74.980545 587.241699 31.145117
v -97.284103 559.631775 11.650893
v -82.814362 559.332825 21.873356
v -92.185120 564.659485 26.641384
v -76.476128 567.889954 40.300011
v -78.799118 564.537476 28.723509
v -83.114120 569.266052 36.760250
v -84.156219 567.483948 30.595144
v -77.132774 567.097595 35.857159
v -97.284103 559.631775 11.650893
v -82.814362 559.332825 21.873356
v -87.854469 555.191833 10.227333
v -87.188911 582.694397 31.691029
v -90.165382 584.414856 31.045982
v -95.408798 575.165527 29.429743
v -86.297882 582.765198 39.187103
v -88.257797 574.601013 31.806255
v -86.844627 575.295044 37.320580
v -86.107300 582.516724 36.033485
v -82.904900 553.839417 0.206567
v -96.258308 553.920715 -0.877099
v -82.882370 555.439697 4.001317
v -75.470680 560.944458 14.920964
v -87.854469 555.191833 10.227333
v -82.814362 559.332825 21.873356
v -78.799118 564.537476 28.723509
v -77.132774 567.097595 35.857159
v -70.918167 566.375183 24.368475
v -70.657974 567.921875 33.621181
v -82.882370 555.439697 4.001317
v -75.470680 560.944458 14.920964
v -81.913803 555.479431 2.140282
v -68.907516 568.703369 12.527630
v -78.799118 564.537476 28.723509
v -66.105347 582.458313 21.079840
v -70.918167 566.375183 24.368475
v -70.657974 567.921875 33.621181
v -64.583755 574.012207 22.158720
v -66.062424 575.054321 31.429422
v -81.913803 555.479431 2.140282
v -77.480202 565.656494 5.092860
v -68.364182 580.566345 11.667829
v -68.907516 568.703369 12.527630
v -79.039978 588.339172 18.244627
v -66.105347 582.458313 21.079840
v -68.364182 580.566345 11.667829
v -69.336533 568.708923 38.721085
v -77.132774 567.097595 35.857159
v -74.980545 587.241699 31.145117
v -77.750496 586.923706 27.092863
v -67.486305 583.378784 29.975096
v -70.657974 567.921875 33.621181
v -73.746857 588.521912 34.667503
v -92.185120 564.659485 26.641384
v -82.634102 569.856812 40.616425
v -101.062187 569.475464 17.907824
v -95.408798 575.165527 29.429743
v -88.257797 574.601013 31.806255
v -86.844627 575.295044 37.320580
v -83.114120 569.266052 36.760250
v -84.156219 567.483948 30.595144
v -65.501396 576.116089 36.244503
v -80.821564 590.444214 24.699125
v -77.750496 586.923706 27.092863
v -79.039978 588.339172 18.244627
v -66.105347 582.458313 21.079840
v -67.486305 583.378784 29.975096
v -70.657974 567.921875 33.621181
v -64.583755 574.012207 22.158720
v -66.062424 575.054321 31.429422
v -82.634102 569.856812 40.616425
v -86.297882 582.765198 39.187103
v -85.962837 576.017517 40.395737
v -86.844627 575.295044 37.320580
v -82.634102 569.856812 40.616425
v -76.476128 567.889954 40.300011
v -83.114120 569.266052 36.760250
v -75.370842 572.325928 47.671299
v -74.866859 574.683105 48.888126
v -82.634102 569.856812 40.616425
v -76.476128 567.889954 40.300011
v -75.667885 569.120483 44.234413
v -81.677078 571.802917 46.192535
v -86.297882 582.765198 39.187103
v -85.962837 576.017517 40.395737
v -80.567360 574.492432 49.312305
v -78.750458 576.793823 50.203819
v -79.521080 588.465820 45.490479
v -83.113823 578.255371 49.732910
v -78.938644 585.056763 48.656204
v -73.826271 586.275513 46.931877
v -84.424751 582.955994 57.755444
v -82.714211 583.958130 47.686256
v -79.569221 581.296936 50.585445
v -84.532661 577.456421 46.068604
v -85.348007 583.437012 44.340485
v -73.826271 586.275513 46.931877
v -74.866859 574.683105 48.888126
v -70.961479 575.284180 47.176113
v -68.272118 571.252380 43.635914
v -67.685982 578.757080 46.943005
v -65.501396 576.116089 36.244503
v -64.396591 577.449402 42.309681
v -66.611519 584.396118 34.802017
v -73.301231 588.679443 43.723511
v -69.336533 568.708923 38.721085
v -75.370842 572.325928 47.671299
v -66.174103 585.363159 40.456367
v -69.119629 582.663513 45.775993
v -77.132774 567.097595 35.857159
v -67.486305 583.378784 29.975096
v -73.054031 589.356323 39.369255
v -76.476128 567.889954 40.300011
v -70.388695 580.035156 52.222393
v -78.938644 585.056763 48.656204
v -71.736549 584.378662 50.100456
v -84.424751 582.955994 57.755444
v -75.667885 569.120483 44.234413
v -73.746857 588.521912 34.667503
v -73.091728 576.231750 51.586342
v -78.750458 576.793823 50.203819
v -81.294876 588.423828 36.694134
v -73.746857 588.521912 34.667503
v -73.301231 588.679443 43.723511
v -80.940567 588.690063 41.722870
v -73.054031 589.356323 39.369255
v -81.348061 587.432922 33.590660
v -81.294876 588.423828 36.694134
v -86.297882 582.765198 39.187103
v -79.521080 588.465820 45.490479
v -73.301231 588.679443 43.723511
v -80.940567 588.690063 41.722870
v -86.107300 582.516724 36.033485
v -73.826271 586.275513 46.931877
v -85.348007 583.437012 44.340485
v -65.501396 576.116089 36.244503
v -69.336533 568.708923 38.721085
v -70.657974 567.921875 33.621181
v -11.094542 320.582397 -18.909416
v -12.330484 318.340637 -25.962605
v -16.669212 329.777924 -25.791170
v -10.552824 326.383179 -22.035522
v -18.594400 336.299500 -33.247082
v -10.729776 326.969849 -26.453747
v -9.787558 323.403992 -32.336044
v -25.480186 332.343109 -32.935165
v -26.224403 328.318237 -27.285919
v -30.515345 326.377167 -27.666262
v -27.067705 328.675476 -21.557768
v -22.056089 325.671387 -20.658138
v -16.669212 329.777924 -25.791170
v -16.550131 329.153748 -21.038174
v -10.552824 326.383179 -22.035522
v -21.851248 329.124390 -25.892839
v -26.224403 328.318237 -27.285919
v -32.573975 325.348816 -22.430590
v -27.067705 328.675476 -21.557768
v -29.379435 327.600800 -34.516396
v -34.653515 327.554810 -28.590771
v -26.224403 328.318237 -27.285919
v -30.515345 326.377167 -27.666262
v -36.152340 323.424683 -36.730572
v -34.653515 327.554810 -28.590771
v -37.504185 325.488708 -30.628496
v -28.825247 323.407532 -36.074211
v -19.928659 323.893829 -13.999681
v -18.984692 321.872040 -10.804814
v -15.228759 321.665161 -11.243727
v -20.061316 319.590912 -17.645018
v -21.630632 318.344269 -18.721388
v -27.439798 327.910675 -18.751738
v -13.569494 323.454437 -16.429567
v -16.906946 325.435181 -12.882261
v -26.819723 319.220886 -12.046711
v -32.573975 325.348816 -22.430590
v -30.211592 319.164337 -12.580525
v -30.052778 320.837097 -12.055931
v -36.579472 322.788422 -17.556211
v -37.906017 325.925018 -19.874952
v -40.353077 320.297607 -21.165890
v -12.982974 319.563812 -15.187163
v -12.982974 319.563812 -15.187163
v -19.135828 318.818970 -13.143066
v -41.043758 322.493195 -18.817076
v -16.385725 327.432922 -17.896173
v -27.067705 328.675476 -21.557768
v -16.913658 322.514496 -10.718885
v -31.794538 323.729767 -19.397987
v -30.917368 322.643433 -17.706671
v -25.213881 322.901093 -17.074846
v -12.859156 320.010162 -17.422096
v -19.687094 323.500214 -16.457405
v -21.384188 324.792053 -17.959625
v -11.094542 320.582397 -18.909416
v -17.185139 317.872314 -10.048244
v -27.875662 325.909637 -16.882442
v -24.263559 318.765594 -17.377596
v -33.251225 322.474640 -21.053305
v -28.304777 324.272064 -11.668038
v -14.868789 319.021240 -12.904262
v -20.237989 319.398438 -15.803967
v -26.680033 320.943390 -11.884958
v -28.428642 318.073914 -9.743961
v -19.135828 318.818970 -13.143066
v -40.919472 320.666718 -26.572737
v -39.152561 324.250183 -17.850964
v -37.346409 325.280273 -21.677303
v -20.237989 319.398438 -15.803967
v -37.925381 321.175629 -31.574860
v -36.152340 323.424683 -36.730572
v -35.431789 322.899414 -19.736578
v -41.366203 322.340271 -23.267321
v -11.687983 324.896240 -18.220366
v -13.847598 323.648071 -13.424431
v -22.056089 325.671387 -20.658138
v -16.562254 325.057922 -15.787292
v -22.487379 318.133301 -18.724703
v -23.995859 323.936768 -17.746977
v -40.044018 322.163025 -21.156988
v -14.868789 319.021240 -12.904262
v -12.177819 320.185272 -35.750385
v -25.210806 320.367889 -14.349463
v -31.503111 320.277435 -15.447644
v -28.266321 319.254761 -15.771459
v -31.234564 323.616150 -14.360454
v -25.210806 320.367889 -14.349463
v -28.163595 326.148102 -14.137490
v -31.503111 320.277435 -15.447644
v -31.140642 319.850769 -18.828819
v -25.568316 323.659332 -13.929460
v -12.330484 318.340637 -25.962605
v -37.334671 317.781830 -22.685743
v -21.630632 318.344269 -18.721388
v -16.389296 317.016602 -19.573595
v -20.061316 319.590912 -17.645018
v -16.552076 318.765350 -18.126324
v -24.435308 318.523071 -28.806789
v -36.540516 318.702911 -31.641083
v -33.343914 318.122162 -21.265423
v -27.517168 316.726196 -20.131758
v -32.512619 321.074280 -39.283424
v -31.140642 319.850769 -18.828819
v -38.358173 319.119080 -19.976580
v -35.973167 319.873047 -20.011595
v -36.840565 320.856049 -17.977442
v -36.840565 320.856049 -17.977442
v -40.068100 318.186615 -14.959027
v -41.248352 318.249207 -23.759991
v -35.973167 319.873047 -20.011595
v -40.068100 318.186615 -14.959027
v -28.428642 318.073914 -9.743961
v -30.211592 319.164337 -12.580525
v -33.343914 318.122162 -21.265423
v -22.487379 318.133301 -18.724703
v -26.819723 319.220886 -12.046711
v -24.263559 318.765594 -17.377596
v -11.094542 320.582397 -18.909416
v -12.859156 320.010162 -17.422096
v -27.796171 317.739258 -18.759235
v -28.347483 318.664337 -12.757711
v -16.785669 318.544373 -16.102057
v -34.653515 327.554810 -28.590771
v -16.550131 329.153748 -21.038174
v -36.930107 327.442200 -23.866396
v -10.552824 326.383179 -22.035522
v -17.063871 318.309875 -13.467303
v -17.185139 317.872314 -10.048244
v -37.504185 325.488708 -30.628496
v -40.214813 324.988403 -25.520798
v -41.013248 320.750641 -18.992346
v -38.800449 319.137146 -18.706303
v 22.814068 409.538239 -63.341496
v 20.250334 403.242859 -50.841621
v 22.599146 399.541473 -62.034172
v -35.928371 405.658966 -60.060009
v -31.163620 399.622864 -47.392536
v -17.987585 405.174438 -27.375574
v -17.399204 395.462463 -39.166206
v -31.369707 409.980255 -37.808453
v 10.611526 404.996460 -30.601622
v -3.879311 404.292236 -25.133930
v 9.071324 397.570892 -41.276485
v -3.687175 394.149048 -38.526531
v -2.755655 376.211884 -49.985600
v 5.893787 375.340881 -50.734261
v -0.934598 369.935303 -53.109222
v -9.101634 370.157288 -51.453224
v -2.755655 376.211884 -49.985600
v -0.934598 369.935303 -53.109222
v -19.580313 435.012665 -80.998322
v -9.719639 423.379089 -83.261536
v -19.925058 420.733459 -78.167778
v -10.066763 369.561249 -46.310215
v -5.734296 396.776123 -27.068666
v -9.803077 396.309082 -27.885725
v -8.211121 370.593079 -45.098373
v -9.320250 373.550232 -46.311493
v -7.411609 382.881470 -41.319305
v -3.639907 367.881134 -45.132545
v -8.043587 367.406555 -46.444572
v -11.065122 373.134094 -45.214058
v -5.264891 369.631653 -44.547691
v -14.115328 379.539215 -43.047531
v -13.445158 369.089355 -47.664642
v -19.118475 380.913147 -44.020412
v -4.060444 377.213501 -34.328602
v -14.115328 379.539215 -43.047531
v -19.118475 380.913147 -44.020412
v -24.515541 394.575195 -35.632626
v -17.624477 388.465515 -31.595448
v -11.065122 373.134094 -45.214058
v -3.425261 367.477722 -42.994415
v -5.264891 369.631653 -44.547691
v -2.849928 374.534668 -35.297394
v -24.515541 394.575195 -35.632626
v -16.500515 395.702271 -29.535368
v -13.584764 382.758698 -42.946720
v -19.301880 385.524780 -40.962654
v -6.951928 394.776123 -28.722654
v -6.178038 370.864563 -40.051281
v -22.318174 383.419495 -43.921703
v -4.244579 382.994995 -30.852398
v -22.849819 389.543427 -39.225956
v -22.849819 389.543427 -39.225956
v -16.500515 395.702271 -29.535368
v -22.749804 398.862610 -29.905294
v -3.365453 369.929199 -38.510326
v -10.353094 393.718903 -29.207121
v -6.023334 389.869690 -27.712708
v -3.639907 367.881134 -45.132545
v -8.211121 370.593079 -45.098373
v -6.951928 394.776123 -28.722654
v -13.445158 369.089355 -47.664642
v -5.734296 396.776123 -27.068666
v -3.686210 374.342712 -36.735912
v -19.301880 385.524780 -40.962654
v -7.439965 372.307343 -41.381706
v -8.043587 367.406555 -46.444572
v -19.687593 393.355652 -30.231722
v -14.588019 384.835205 -32.969982
v -9.803077 396.309082 -27.885725
v -10.353094 393.718903 -29.207121
v -10.066763 369.561249 -46.310215
v -22.749804 398.862610 -29.905294
v -22.318174 383.419495 -43.921703
v -6.040640 371.739777 -45.519077
v 4.922784 372.224243 -40.906590
v 2.198997 375.063599 -37.189373
v 8.285569 375.504272 -46.705013
v -3.005855 399.429810 -25.991367
v 10.000792 382.493073 -44.905651
v 7.999727 371.818756 -47.667953
v 14.322203 385.009125 -46.596985
v 6.576219 369.198822 -47.569809
v -0.696727 376.804260 -33.014080
v 6.175806 372.355255 -46.206875
v 2.076580 390.861816 -28.336805
v -1.947893 390.446381 -27.565872
v 10.704430 387.933167 -34.918739
v 1.546444 383.704315 -31.298595
v 10.000792 382.493073 -44.905651
v -1.151558 382.467316 -29.914703
v 16.804169 388.211365 -46.936043
v 1.568095 375.075806 -35.637802
v 7.999727 371.818756 -47.667953
v 5.079578 395.609161 -30.396206
v 15.628675 403.557343 -32.864285
v -3.005855 399.429810 -25.991367
v -2.103492 383.243652 -41.035488
v 1.637371 395.828186 -29.384457
v 3.030962 384.160522 -42.123898
v 2.652189 368.222473 -43.462440
v 17.485775 399.719727 -38.868790
v 14.322203 385.009125 -46.596985
v -0.472894 367.124390 -45.490341
v 0.236055 397.506042 -27.528969
v -0.278353 366.786896 -43.499710
v 1.637371 395.828186 -29.384457
v -0.309174 371.044342 -37.140720
v 17.485775 399.719727 -38.868790
v 10.449392 399.003204 -31.611843
v 12.952730 392.210754 -33.951393
v 13.963691 397.477417 -32.824524
v -0.434650 373.738007 -34.487129
v -0.477287 373.100769 -36.053482
v 2.437663 368.625549 -45.600815
v 11.167646 372.107849 -49.558132
v 2.437663 368.625549 -45.600815
v 11.167646 372.107849 -49.558132
v 3.664247 370.725342 -45.235664
v 13.848584 389.580444 -43.518406
v 2.232408 377.984283 -34.813461
v 8.285569 375.504272 -46.705013
v 13.848584 389.580444 -43.518406
v 16.804169 388.211365 -46.936043
v 3.755708 372.939697 -46.273876
v 5.585938 373.902832 -42.385342
v 10.449392 399.003204 -31.611843
v 4.127831 398.013000 -28.959675
v 15.628675 403.557343 -32.864285
v 2.682578 370.670044 -38.976322
v 16.552795 394.368561 -42.262230
v 4.127831 398.013000 -28.959675
v 6.346774 375.469208 -47.518627
v 0.236055 397.506042 -27.528969
v 3.664247 370.725342 -45.235664
v 6.576219 369.198822 -47.569809
v 6.175806 372.355255 -46.206875
v 8.734709 385.492493 -44.666420
v 16.552795 394.368561 -42.262230
v -0.472894 367.124390 -45.490341
v -3.996872 399.873962 -26.253418
v 5.079578 395.609161 -30.396206
v 1.518880 420.293549 -80.584610
v 3.726060 432.080292 -83.901321
v -9.719639 423.379089 -83.261536
v 22.814068 409.538239 -63.341496
v 9.071324 397.570892 -41.276485
v 20.250334 403.242859 -50.841621
v 21.949787 409.373016 -44.196766
v 10.611526 404.996460 -30.601622
v 9.071324 397.570892 -41.276485
v 21.949787 409.373016 -44.196766
v -21.542498 380.370544 -56.776310
v -17.399204 395.462463 -39.166206
v -31.163620 399.622864 -47.392536
v -10.977338 376.184509 -49.280041
v 4.682972 381.120117 -48.460930
v 11.329991 395.529846 -50.816692
v 20.250334 403.242859 -50.841621
v 9.071324 397.570892 -41.276485
v -2.755655 376.211884 -49.985600
v -3.687175 394.149048 -38.526531
v -31.616457 376.922852 -70.480858
v -31.163620 399.622864 -47.392536
v -35.928371 405.658966 -60.060009
v -32.006855 379.506836 -76.829643
v -31.512955 415.243347 -68.327690
v -18.694500 399.546570 -86.855949
v -26.471109 388.250854 -83.560120
v -35.928371 405.658966 -60.060009
v -19.925058 420.733459 -78.167778
v 14.877235 403.709412 -80.212753
v 1.295123 405.517395 -86.024666
v 22.528168 401.652130 -69.749962
v -9.600709 406.989258 -91.663506
v 22.814068 409.538239 -63.341496
v 14.943330 414.780518 -73.846138
v -9.719639 423.379089 -83.261536
v 1.518880 420.293549 -80.584610
v 14.943330 414.780518 -73.846138
v 21.907484 420.660217 -69.622467
v 14.260865 426.425598 -78.968063
v -34.453392 422.170624 -49.438877
v -38.056091 437.980713 -40.956333
v -34.226345 429.322083 -61.949505
v -19.580313 435.012665 -80.998322
v -8.045577 436.166901 -82.435234
v 3.726060 432.080292 -83.901321
v -9.719639 423.379089 -83.261536
v 14.943330 414.780518 -73.846138
v 21.907484 420.660217 -69.622467
v 33.356113 426.730560 -50.777241
v 22.814068 409.538239 -63.341496
v 23.503683 414.052856 -57.570999
v -34.453392 422.170624 -49.438877
v -35.928371 405.658966 -60.060009
v -34.226345 429.322083 -61.949505
v -31.512955 415.243347 -68.327690
v -19.580313 435.012665 -80.998322
v -28.231462 432.669037 -73.250191
v -19.925058 420.733459 -78.167778
v 1.518880 420.293549 -80.584610
v 14.943330 414.780518 -73.846138
v 14.260865 426.425598 -78.968063
v 3.726060 432.080292 -83.901321
v 10.611526 404.996460 -30.601622
v 27.970119 416.120148 -34.898098
v 23.503683 414.052856 -57.570999
v 33.356113 426.730560 -50.777241
v 21.949787 409.373016 -44.196766
v 10.611526 404.996460 -30.601622
v -3.879311 404.292236 -25.133930
v 27.970119 416.120148 -34.898098
v 13.644858 419.565308 -14.602567
v 22.814068 409.538239 -63.341496
v 23.503683 414.052856 -57.570999
v 21.949787 409.373016 -44.196766
v -35.928371 405.658966 -60.060009
v -34.453392 422.170624 -49.438877
v -31.369707 409.980255 -37.808453
v -34.453392 422.170624 -49.438877
v -38.056091 437.980713 -40.956333
v -17.987585 405.174438 -27.375574
v -18.668356 424.969299 -11.030947
v -31.733683 425.142822 -26.535221
v -31.369707 409.980255 -37.808453
v -3.879311 404.292236 -25.133930
v 14.260865 426.425598 -78.968063
v 3.726060 432.080292 -83.901321
v 24.817472 440.769592 -79.123871
v 39.110722 432.030884 -30.233459
v 30.447266 430.151794 -18.019190
v 27.970119 416.120148 -34.898098
v 33.356113 426.730560 -50.777241
v -47.010853 491.998596 -46.263538
v -38.056091 437.980713 -40.956333
v -41.238163 446.468567 -56.101986
v 7.995622 445.065247 -85.163414
v 24.399296 453.623871 -84.751747
v 3.726060 432.080292 -83.901321
v 24.817472 440.769592 -79.123871
v 11.718328 457.135803 -87.910919
v 7.995622 445.065247 -85.163414
v -5.163170 450.687744 -83.090172
v -38.056091 437.980713 -40.956333
v -41.238163 446.468567 -56.101986
v -18.993435 450.147583 -82.207031
v -34.226345 429.322083 -61.949505
v -19.580313 435.012665 -80.998322
v -33.772053 450.464966 -71.363068
v -28.231462 432.669037 -73.250191
v -8.045577 436.166901 -82.435234
v -41.238163 446.468567 -56.101986
v -33.772053 450.464966 -71.363068
v -44.084274 475.936829 -69.657921
v -18.993435 450.147583 -82.207031
v -33.772053 450.464966 -71.363068
v -30.426348 465.325165 -79.219841
v -38.056091 437.980713 -40.956333
v -47.010853 491.998596 -46.263538
v -33.346249 444.907104 -12.469701
v -31.733683 425.142822 -26.535221
v -39.795181 447.730896 -21.991493
v 44.421665 452.526306 -76.921822
v 21.907484 420.660217 -69.622467
v 14.260865 426.425598 -78.968063
v 33.954567 433.323364 -65.424049
v 24.817472 440.769592 -79.123871
v 21.907484 420.660217 -69.622467
v 33.954567 433.323364 -65.424049
v 33.356113 426.730560 -50.777241
v 56.761127 461.818939 -49.723232
v 39.110722 432.030884 -30.233459
v 56.761127 461.818939 -49.723232
v 33.356113 426.730560 -50.777241
v -17.778406 463.306641 -84.934067
v -18.993435 450.147583 -82.207031
v 7.995622 445.065247 -85.163414
v -8.045577 436.166901 -82.435234
v 3.726060 432.080292 -83.901321
v -5.163170 450.687744 -83.090172
v -24.949453 504.778137 -4.577631
v -27.080980 494.058472 6.068683
v -11.679041 502.865295 8.195998
v -16.368681 491.704071 16.020962
v -3.605476 489.051453 18.035915
v 2.725648 492.537994 15.970953
v -35.011845 507.171997 -15.726321
v -27.080980 494.058472 6.068683
v -31.357643 490.455078 4.157782
v 43.270466 471.477783 -88.051773
v 44.421665 452.526306 -76.921822
v 56.516174 471.892303 -80.687653
v 21.616341 522.555847 -70.715118
v 36.585724 501.332825 -88.722580
v 43.173973 489.308655 -90.338501
v 24.976828 467.475952 -88.412895
v 24.468187 482.617828 -89.391167
v 21.952011 497.586182 -86.906723
v 43.270466 471.477783 -88.051773
v 24.399296 453.623871 -84.751747
v 44.421665 452.526306 -76.921822
v 24.817472 440.769592 -79.123871
v 9.982482 509.349213 -80.951805
v 23.174004 507.430969 -82.079666
v 21.952011 497.586182 -86.906723
v 9.982482 509.349213 -80.951805
v 23.174004 507.430969 -82.079666
v 11.718328 457.135803 -87.910919
v 7.995622 445.065247 -85.163414
v 24.976828 467.475952 -88.412895
v 10.626394 482.799316 -89.509537
v 24.468187 482.617828 -89.391167
v 11.012024 470.985474 -89.574364
v 21.952011 497.586182 -86.906723
v 24.399296 453.623871 -84.751747
v 9.761580 497.756592 -86.397278
v 9.409396 498.205811 -85.337997
v 9.982482 509.349213 -80.951805
v 4.145375 504.787079 -84.556267
v -3.800297 508.611908 -82.609024
v -8.384913 483.780762 -88.400009
v 0.050525 494.366760 -87.521141
v 11.718328 457.135803 -87.910919
v 10.626394 482.799316 -89.509537
v 11.012024 470.985474 -89.574364
v -0.505970 474.225037 -84.624947
v -2.002627 462.597687 -84.225067
v 9.761580 497.756592 -86.397278
v 3.862602 485.092712 -85.008102
v -5.163170 450.687744 -83.090172
v 9.409396 498.205811 -85.337997
v -14.303322 474.587402 -86.993828
v 8.735982 520.082275 -73.516914
v -10.397205 500.358734 -86.019012
v -8.384913 483.780762 -88.400009
v -15.937042 515.788086 -82.841881
v -26.597321 511.638367 -81.849518
v -14.303322 474.587402 -86.993828
v -10.397205 500.358734 -86.019012
v -20.320280 490.693085 -85.770714
v -26.597321 511.638367 -81.849518
v -14.303322 474.587402 -86.993828
v -36.254860 494.760986 -80.281891
v -27.459711 478.040222 -83.348579
v -20.320280 490.693085 -85.770714
v -46.838100 474.721436 -57.754372
v -17.778406 463.306641 -84.934067
v -2.002627 462.597687 -84.225067
v -5.163170 450.687744 -83.090172
v -41.300117 505.487244 -73.393829
v -14.303322 474.587402 -86.993828
v -36.254860 494.760986 -80.281891
v -44.084274 475.936829 -69.657921
v -27.459711 478.040222 -83.348579
v -30.426348 465.325165 -79.219841
v -17.778406 463.306641 -84.934067
v -18.993435 450.147583 -82.207031
v -30.426348 465.325165 -79.219841
v -33.772053 450.464966 -71.363068
v -44.084274 475.936829 -69.657921
v -30.426348 465.325165 -79.219841
v 13.249453 544.987793 -109.519463
v 5.406689 539.530029 -105.531357
v 3.843656 554.508301 -100.023216
v 7.013137 538.485718 -117.792801
v -47.010853 491.998596 -46.263538
v -46.838100 474.721436 -57.754372
v -41.238163 446.468567 -56.101986
v -44.084274 475.936829 -69.657921
v 54.228168 482.444153 -21.073496
v 48.786880 464.611755 -3.144869
v 47.657742 469.786499 -0.628282
v 29.874868 462.688507 9.457298
v 34.880196 457.167633 7.345897
v 45.773026 469.171204 -1.684283
v 26.732306 452.836578 8.276625
v 58.327179 488.755066 -29.348070
v 39.504482 454.608551 0.997550
v 32.145374 461.777344 11.874536
v 19.049076 456.401306 10.289625
v 24.559500 452.625519 12.138918
v 16.223219 447.144897 10.994183
v 29.874868 462.688507 9.457298
v 34.880196 457.167633 7.345897
v 45.773026 469.171204 -1.684283
v 18.435659 451.326904 15.387467
v 19.976873 455.989685 17.459028
v 41.506977 438.611084 -16.232330
v 67.006714 477.801880 -37.340668
v 42.995144 443.528625 -9.013025
v 23.053772 444.072754 4.685219
v 32.711323 433.080200 -12.200936
v 33.689362 442.639435 -1.556961
v 26.732306 452.836578 8.276625
v 61.863873 488.854980 -32.233643
v 39.504482 454.608551 0.997550
v 12.244679 447.566345 10.021286
v 19.049076 456.401306 10.289625
v 19.976873 455.989685 17.459028
v 39.110722 432.030884 -30.233459
v 41.506977 438.611084 -16.232330
v 67.006714 477.801880 -37.340668
v 30.447266 430.151794 -18.019190
v 23.053772 444.072754 4.685219
v 18.486629 436.764709 0.057658
v 24.164259 433.897705 -5.551263
v 32.711323 433.080200 -12.200936
v 33.689362 442.639435 -1.556961
v 33.954567 433.323364 -65.424049
v 56.761127 461.818939 -49.723232
v 48.935410 449.509766 -64.658958
v 15.431213 476.313721 -93.639511
v 13.681410 507.478516 -111.144135
v -5.514742 484.602264 -102.268921
v 0.309640 535.068176 -108.240967
v 1.683049 464.524750 -97.752777
v 12.966306 531.578430 -114.748886
v 2.998521 496.456360 -121.761116
v 18.533028 519.247253 -106.927078
v 4.606787 479.366974 -108.003914
v 27.209785 501.098175 -91.182602
v 22.463713 495.375824 -105.813309
v 29.137930 514.593262 -109.889450
v -5.555780 467.778137 -97.879166
v 11.663127 479.567871 -102.446609
v 1.683049 464.524750 -97.752777
v 14.958062 498.109070 -104.376190
v 0.658719 469.421814 -104.206848
v 5.406689 539.530029 -105.531357
v 9.396742 473.958069 -94.532768
v -1.626845 505.637451 -108.830017
v 5.858688 506.202454 -113.086304
v 8.415098 483.545715 -93.476852
v 3.843656 554.508301 -100.023216
v 13.249453 544.987793 -109.519463
v 48.793377 525.044617 -65.377647
v 43.504322 522.655090 -75.588860
v 36.046989 528.512512 -68.003593
v 48.097084 516.846741 -78.448074
v 44.421665 452.526306 -76.921822
v 33.954567 433.323364 -65.424049
v 48.935410 449.509766 -64.658958
v 56.516174 471.892303 -80.687653
v 21.616341 522.555847 -70.715118
v 32.175797 496.830750 -91.451553
v 43.504322 522.655090 -75.588860
v 27.209785 501.098175 -91.182602
v 21.616341 522.555847 -70.715118
v -8.500463 482.381531 -96.955795
v 27.209785 501.098175 -91.182602
v 9.982482 509.349213 -80.951805
v -15.802957 490.518311 -89.975197
v 9.396742 473.958069 -94.532768
v 15.431213 476.313721 -93.639511
v 8.735982 520.082275 -73.516914
v -9.343826 529.827698 -82.373177
v 12.185464 531.088867 -57.836811
v -10.517406 544.606812 -59.224377
v -21.524509 490.307922 -89.826859
v 1.683049 464.524750 -97.752777
v -21.932827 502.300476 -87.532425
v -15.266240 477.816711 -98.432220
v -18.114147 521.820312 -85.971115
v -16.610851 531.716736 -77.200226
v -5.555780 467.778137 -97.879166
v 8.415098 483.545715 -93.476852
v 9.409396 498.205811 -85.337997
v -7.950619 526.806519 -77.526131
v -5.884874 500.491516 -89.061188
v 4.145375 504.787079 -84.556267
v -15.636145 514.427551 -87.466904
v -15.802957 490.518311 -89.975197
v -7.950619 526.806519 -77.526131
v -20.734903 501.736877 -95.993324
v -5.884874 500.491516 -89.061188
v -21.932827 502.300476 -87.532425
v -21.524509 490.307922 -89.826859
v -11.669111 514.551819 -101.094467
v -15.636145 514.427551 -87.466904
v -17.724342 519.141602 -101.823410
v -8.500463 482.381531 -96.955795
v -5.303944 550.276855 -78.694382
v -9.343826 529.827698 -82.373177
v -8.033690 543.497131 -95.519135
v -3.160960 538.916870 -97.805954
v -15.266240 477.816711 -98.432220
v -7.165706 506.531708 -112.265015
v -11.434912 480.285187 -101.721298
v 30.447266 430.151794 -18.019190
v 24.164259 433.897705 -5.551263
v 27.970119 416.120148 -34.898098
v -18.072685 533.064270 -85.471451
v -7.823525 553.327576 -77.755135
v -5.514742 484.602264 -102.268921
v 0.309640 535.068176 -108.240967
v -11.669111 514.551819 -101.094467
v -5.555780 467.778137 -97.879166
v -8.500463 482.381531 -96.955795
v -1.626845 505.637451 -108.830017
v -5.303944 550.276855 -78.694382
v -9.343826 529.827698 -82.373177
v -3.160960 538.916870 -97.805954
v -7.165706 506.531708 -112.265015
v -11.434912 480.285187 -101.721298
v -18.114147 521.820312 -85.971115
v -16.610851 531.716736 -77.200226
v -18.072685 533.064270 -85.471451
v -10.517406 544.606812 -59.224377
v -7.823525 553.327576 -77.755135
v -9.343826 529.827698 -82.373177
v 33.753181 550.999023 -101.495613
v 12.966306 531.578430 -114.748886
v 26.714594 559.101318 -107.001694
v 13.249453 544.987793 -109.519463
v 23.053772 444.072754 4.685219
v 18.486629 436.764709 0.057658
v 9.747577 440.569427 4.253626
v 24.164259 433.897705 -5.551263
v 27.970119 416.120148 -34.898098
v 13.644858 419.565308 -14.602567
v 12.244679 447.566345 10.021286
v 33.753181 550.999023 -101.495613
v 41.869766 538.066895 -89.335472
v 40.657120 549.848694 -97.386208
v 12.966306 531.578430 -114.748886
v 18.533028 519.247253 -106.927078
v 29.137930 514.593262 -109.889450
v 33.811329 513.921143 -96.851021
v 41.869766 538.066895 -89.335472
v 46.426834 534.681641 -85.085342
v 29.137930 514.593262 -109.889450
v 39.661713 513.263428 -95.649612
v 33.811329 513.921143 -96.851021
v 27.209785 501.098175 -91.182602
v 46.426834 534.681641 -85.085342
v 29.137930 514.593262 -109.889450
v 43.504322 522.655090 -75.588860
v 32.175797 496.830750 -91.451553
v 39.661713 513.263428 -95.649612
v -2.971235 423.816925 -5.904591
v -18.668356 424.969299 -11.030947
v -3.879311 404.292236 -25.133930
v 9.747577 440.569427 4.253626
v 0.758741 441.934021 6.512186
v 1.604515 445.492371 8.914415
v 13.644858 419.565308 -14.602567
v 12.244679 447.566345 10.021286
v 58.306190 539.327759 -58.901657
v 48.793377 525.044617 -65.377647
v 49.825691 529.187134 -72.690102
v 48.097084 516.846741 -78.448074
v 43.504322 522.655090 -75.588860
v 5.858688 506.202454 -113.086304
v 18.533028 519.247253 -106.927078
v 2.998521 496.456360 -121.761116
v 13.681410 507.478516 -111.144135
v -8.491305 445.091675 5.713530
v -18.625788 445.981293 2.998811
v -2.971235 423.816925 -5.904591
v -18.668356 424.969299 -11.030947
v -33.346249 444.907104 -12.469701
v -31.733683 425.142822 -26.535221
v -26.138329 446.490753 -1.778046
v -33.095963 448.413696 -6.329342
v -52.009384 508.234314 -35.842045
v -41.649639 460.649475 -10.628299
v -39.795181 447.730896 -21.991493
v 0.758741 441.934021 6.512186
v 1.604515 445.492371 8.914415
v -8.491305 445.091675 5.713530
v -18.625788 445.981293 2.998811
v -7.132075 452.466797 11.501067
v -30.666100 459.438477 2.953760
v -26.138329 446.490753 -1.778046
v -33.095963 448.413696 -6.329342
v -39.361042 465.090149 -3.325498
v -52.009384 508.234314 -35.842045
v -41.649639 460.649475 -10.628299
v -19.162107 454.824280 7.864682
v 1.604515 445.492371 8.914415
v -8.818268 463.744324 19.821163
v -7.132075 452.466797 11.501067
v -8.985234 463.835602 12.521633
v -30.666100 459.438477 2.953760
v -18.426783 465.120483 11.635048
v -39.361042 465.090149 -3.325498
v -29.434059 474.196594 6.277916
v -19.162107 454.824280 7.864682
v -43.563210 514.274231 -27.558292
v -26.730005 491.794617 4.404106
v -22.438751 475.215637 12.753565
v -10.067282 458.641174 17.574169
v -8.818268 463.744324 19.821163
v -27.080980 494.058472 6.068683
v -10.815223 454.017883 13.033240
v -15.190799 463.273804 15.370129
v -8.985234 463.835602 12.521633
v -15.976943 475.858673 13.064378
v -35.011845 507.171997 -15.726321
v -31.357643 490.455078 4.157782
v -17.583027 476.818237 16.156542
v -35.527840 515.811890 -21.598871
v -18.426783 465.120483 11.635048
v -29.434059 474.196594 6.277916
v 47.657742 469.786499 -0.628282
v 39.239365 473.518860 10.934805
v 32.145374 461.777344 11.874536
v 34.880196 457.167633 7.345897
v 40.368195 483.638123 2.502640
v 49.051254 482.024353 -9.976699
v 54.228168 482.444153 -21.073496
v 48.786880 464.611755 -3.144869
v 19.976873 455.989685 17.459028
v 39.239365 473.518860 10.934805
v 32.145374 461.777344 11.874536
v 18.435659 451.326904 15.387467
v 32.440659 467.056549 17.094948
v 16.223219 447.144897 10.994183
v 24.559500 452.625519 12.138918
v 28.840902 468.429779 16.139826
v -10.815223 454.017883 13.033240
v 1.171456 468.395264 25.546627
v -10.067282 458.641174 17.574169
v -15.190799 463.273804 15.370129
v -3.156079 475.096222 23.177124
v 3.548534 466.936920 24.900084
v -27.080980 494.058472 6.068683
v -7.132075 452.466797 11.501067
v -10.219183 479.855682 19.559761
v 0.435367 467.509094 28.689594
v -8.818268 463.744324 19.821163
v -17.583027 476.818237 16.156542
v -16.368681 491.704071 16.020962
v -22.438751 475.215637 12.753565
v -3.605476 489.051453 18.035915
v -13.626753 480.638947 21.169600
v -4.356671 474.351044 23.682301
v 3.270347 467.791138 28.012222
v 22.902075 485.476501 13.155158
v 12.244679 447.566345 10.021286
v 15.142688 463.722534 27.567022
v 19.976873 455.989685 17.459028
v 14.475775 464.902649 24.501501
v 39.239365 473.518860 10.934805
v 1.604515 445.492371 8.914415
v 4.787897 454.528076 23.072575
v 40.368195 483.638123 2.502640
v 26.289434 479.101501 14.686309
v 32.440659 467.056549 17.094948
v 21.138655 468.476349 21.178633
v 12.208019 465.435669 27.271631
v 28.840902 468.429779 16.139826
v 9.939143 476.757629 25.560760
v 20.984247 467.141510 21.346857
v 6.109308 459.627777 30.452377
v 6.333922 461.676575 26.518892
v 11.077009 464.971893 24.284018
v -3.605476 489.051453 18.035915
v 12.241562 485.905029 17.867735
v 26.289434 479.101501 14.686309
v 9.939143 476.757629 25.560760
v 0.084701 400.250732 -130.939117
v 8.246245 398.759094 -130.257523
v 5.480668 401.861633 -129.860626
v 0.303457 396.054016 -110.476074
v 0.084701 400.250732 -130.939117
v -4.806976 393.496765 -111.360214
v -2.736767 396.524750 -132.497803
v 8.246245 398.759094 -130.257523
v 0.303457 396.054016 -110.476074
v 4.500592 392.324219 -110.859085
v -2.456422 397.264435 -102.322372
v -7.877130 389.358276 -112.560303
v -6.144207 385.033783 -113.213776
v -4.806976 393.496765 -111.360214
v -7.047738 391.117767 -101.486847
v -2.736767 396.524750 -132.497803
v -1.107174 391.819458 -133.798370
v -1.626770 382.813354 -113.569786
v 2.585525 389.528503 -133.927689
v -2.456422 397.264435 -102.322372
v -6.144207 385.033783 -113.213776
v -4.148839 379.462311 -101.115707
v -0.604278 382.040619 -101.257614
v -1.626770 382.813354 -113.569786
v 6.866106 390.377533 -133.139969
v 2.585525 389.528503 -133.927689
v 2.884063 384.095642 -112.832703
v 5.218735 384.408875 -100.844307
v 9.737115 394.248047 -131.457794
v 6.866106 390.377533 -133.139969
v 2.884063 384.095642 -112.832703
v 6.807438 389.285522 -100.352394
v 6.196123 387.684937 -111.855057
v 8.246245 398.759094 -130.257523
v 9.737115 394.248047 -131.457794
v 4.500592 392.324219 -110.859085
v 3.271681 393.370880 -100.585388
v 6.807438 389.285522 -100.352394
v 6.196123 387.684937 -111.855057
v -2.456422 397.264435 -102.322372
v -7.877130 389.358276 -112.560303
v -6.144207 385.033783 -113.213776
v -7.505136 382.968445 -101.414696
v -7.047738 391.117767 -101.486847
v 5.050390 410.518494 -150.022614
v 9.021875 415.898438 -172.249069
v 16.270138 414.083984 -171.345459
v 12.788702 408.881927 -149.248749
v 9.062468 410.706451 -148.901505
v 5.480668 401.861633 -129.860626
v 0.084701 400.250732 -130.939117
v 5.050390 410.518494 -150.022614
v 6.056170 412.026550 -172.579041
v 2.287273 406.785736 -151.776062
v 5.480668 401.861633 -129.860626
v 8.246245 398.759094 -130.257523
v 14.069144 404.307312 -150.604645
v 12.788702 408.881927 -149.248749
v 17.051119 409.281921 -171.216248
v 5.480668 401.861633 -129.860626
v 0.084701 400.250732 -130.939117
v 3.788495 403.049042 -152.772995
v -2.736767 396.524750 -132.497803
v -1.107174 391.819458 -133.798370
v 6.056170 412.026550 -172.579041
v 2.287273 406.785736 -151.776062
v 3.788495 403.049042 -152.772995
v -1.107174 391.819458 -133.798370
v 2.585525 389.528503 -133.927689
v 7.119767 399.237549 -153.585663
v 10.063259 404.618713 -172.100403
v 6.866106 390.377533 -133.139969
v 2.585525 389.528503 -133.927689
v 7.119767 399.237549 -153.585663
v 11.333152 401.434723 -152.009796
v 10.063259 404.618713 -172.100403
v 14.069144 404.307312 -150.604645
v 17.051119 409.281921 -171.216248
v 9.737115 394.248047 -131.457794
v 6.866106 390.377533 -133.139969
v 11.333152 401.434723 -152.009796
v 8.246245 398.759094 -130.257523
v 14.069144 404.307312 -150.604645
v 9.737115 394.248047 -131.457794
v 15.196379 413.392609 -168.864044
v 15.729984 409.320984 -169.117645
v 27.194351 406.866272 -173.146729
v 13.426084 406.040710 -169.461121
v 16.048347 398.871643 -175.538940
v 15.729984 409.320984 -169.117645
v 21.958647 401.400085 -174.481216
v 24.484934 396.758362 -179.594559
v 27.194351 406.866272 -173.146729
v 21.958647 401.400085 -174.481216
v 27.194351 406.866272 -173.146729
v 30.909706 402.484558 -179.401550
v 9.021875 415.898438 -172.249069
v 13.030483 416.839111 -171.528152
v 9.062468 410.706451 -148.901505
v 5.050390 410.518494 -150.022614
v 9.021875 415.898438 -172.249069
v 6.056170 412.026550 -172.579041
v 13.030483 416.839111 -171.528152
v 16.270138 414.083984 -171.345459
v 9.062468 410.706451 -148.901505
v 16.270138 414.083984 -171.345459
v 12.788702 408.881927 -149.248749
v 17.051119 409.281921 -171.216248
v 3.788495 403.049042 -152.772995
v 7.034530 407.593109 -172.469086
v 6.056170 412.026550 -172.579041
v 10.063259 404.618713 -172.100403
v 14.100498 405.833099 -171.596741
v 17.051119 409.281921 -171.216248
v 11.333152 401.434723 -152.009796
v 10.063259 404.618713 -172.100403
v -6.896235 415.597931 -182.289124
v 6.168377 411.715607 -170.285889
v 1.628379 421.327698 -177.963043
v 6.715383 408.124359 -170.261917
v -6.896235 415.597931 -182.289124
v -1.354201 407.282013 -178.901459
v 6.168377 411.715607 -170.285889
v 14.263431 430.385193 -184.318909
v 16.741508 430.213257 -179.041016
v 8.510103 415.489136 -169.810944
v 6.168377 411.715607 -170.285889
v 12.184257 415.778839 -169.148132
v 1.628379 421.327698 -177.963043
v 8.330914 426.735046 -179.996567
v 6.715383 408.124359 -170.261917
v -1.354201 407.282013 -178.901459
v 8.048874 398.052551 -176.036957
v 9.684964 405.493225 -169.922241
v 13.426084 406.040710 -169.461121
v 16.048347 398.871643 -175.538940
v 8.048874 398.052551 -176.036957
v 9.684964 405.493225 -169.922241
v 35.427601 415.554382 -178.639648
v 32.725632 412.526672 -181.578857
v 16.741508 430.213257 -179.041016
v 23.930775 422.434265 -177.311249
v 15.196379 413.392609 -168.864044
v 28.062202 420.143768 -176.370361
v 22.942802 427.364044 -184.753113
v 27.194351 406.866272 -173.146729
v 12.184257 415.778839 -169.148132
v 23.930775 422.434265 -177.311249
v 28.062202 420.143768 -176.370361
v 22.942802 427.364044 -184.753113
v 22.647766 426.344452 -185.280731
v 7.692222 387.028137 -192.656784
v 9.383295 391.484650 -189.834946
v 11.521650 392.714783 -184.823151
v 16.048347 398.871643 -175.538940
v 8.048874 398.052551 -176.036957
v 7.536441 391.331360 -181.592224
v 16.351995 394.049316 -180.142319
v 10.790535 389.994171 -184.288452
v 2.760557 391.773468 -186.093262
v 7.692222 387.028137 -192.656784
v 0.332545 397.046997 -183.395203
v -1.354201 407.282013 -178.901459
v 8.048874 398.052551 -176.036957
v 7.536441 391.331360 -181.592224
v 10.790535 389.994171 -184.288452
v 33.398609 401.141449 -197.611588
v 38.154560 397.858246 -197.880310
v 33.377522 412.037994 -191.747833
v 32.725632 412.526672 -181.578857
v 35.839119 400.481628 -187.092972
v 27.194351 406.866272 -173.146729
v 30.909706 402.484558 -179.401550
v 31.067913 406.729279 -202.841782
v 33.377522 412.037994 -191.747833
v 18.299931 433.671509 -191.881210
v 32.725632 412.526672 -181.578857
v 14.263431 430.385193 -184.318909
v 16.741508 430.213257 -179.041016
v 28.062202 420.143768 -176.370361
v 22.723711 390.708527 -186.849472
v 16.048347 398.871643 -175.538940
v 28.877890 391.081726 -193.768951
v 24.484934 396.758362 -179.594559
v 16.351995 394.049316 -180.142319
v 2.760557 391.773468 -186.093262
v 9.383295 391.484650 -189.834946
v 7.692222 387.028137 -192.656784
v 24.864122 402.624084 -210.810303
v 22.812952 398.536530 -220.198441
v 4.179653 393.348450 -187.204269
v 19.660917 399.347229 -215.240723
v 19.660917 399.347229 -215.240723
v 18.594080 391.322205 -209.174149
v 27.819418 393.411438 -193.419739
v 21.301828 392.388367 -187.894012
v 33.398609 401.141449 -197.611588
v 16.998363 387.851440 -199.721466
v 0.332545 397.046997 -183.395203
v -2.909000 414.685638 -183.482895
v -6.896235 415.597931 -182.289124
v 25.432129 391.155670 -200.099045
v 19.670561 393.413666 -213.401764
v 27.056398 402.449829 -211.299042
v 31.779266 398.267761 -203.191147
v 31.067913 406.729279 -202.841782
v 1.628379 421.327698 -177.963043
v 27.602953 397.490448 -212.695755
v 33.377522 412.037994 -191.747833
v 18.299931 433.671509 -191.881210
v 29.000986 420.449982 -194.162659
v 18.853449 428.075745 -188.834824
v 16.741508 430.213257 -179.041016
v 28.062202 420.143768 -176.370361
v 22.942802 427.364044 -184.753113
v 22.647766 426.344452 -185.280731
v 21.301828 392.388367 -187.894012
v 27.819418 393.411438 -193.419739
v 22.723711 390.708527 -186.849472
v 33.398609 401.141449 -197.611588
v 38.154560 397.858246 -197.880310
v 21.958647 401.400085 -174.481216
v 35.839119 400.481628 -187.092972
v 28.877890 391.081726 -193.768951
v 24.484934 396.758362 -179.594559
v 30.909706 402.484558 -179.401550
v 15.579999 412.986176 -206.581039
v 19.660917 399.347229 -215.240723
v 17.670191 410.220520 -209.725540
v -1.354201 407.282013 -178.901459
v -2.909000 414.685638 -183.482895
v -1.354201 407.282013 -178.901459
v 0.763337 407.212524 -202.573776
v 17.670191 410.220520 -209.725540
v 11.400978 418.041077 -204.756226
v 11.583466 423.451416 -198.226593
v 0.763337 407.212524 -202.573776
v 19.660917 399.347229 -215.240723
v 15.599154 399.062683 -218.680405
v -4.293513 403.466248 -200.759338
v -4.936369 410.167358 -201.798859
v 9.383295 391.484650 -189.834946
v -4.247594 405.545044 -186.727539
v -4.933567 412.363739 -194.889374
v -5.446077 409.881592 -209.630661
v -3.329756 402.559753 -193.119385
v 8.330914 426.735046 -179.996567
v 33.377522 412.037994 -191.747833
v 16.351995 394.049316 -180.142319
v 17.287996 414.348053 -218.897934
v 11.521650 392.714783 -184.823151
v 21.301828 392.388367 -187.894012
v 29.000986 420.449982 -194.162659
v 14.665487 426.906494 -185.435150
v 18.853449 428.075745 -188.834824
v 21.508350 424.695709 -198.155975
v 1.628379 421.327698 -177.963043
v -1.010793 413.994385 -202.918640
v -4.638578 414.177063 -188.243988
v 0.332545 397.046997 -183.395203
v -4.247594 405.545044 -186.727539
v 4.179653 393.348450 -187.204269
v 22.942802 427.364044 -184.753113
v 22.647766 426.344452 -185.280731
v 8.886463 426.199585 -189.129486
v 2.426892 419.817719 -196.575638
v 12.024710 395.225739 -216.971527
v 15.599154 399.062683 -218.680405
v 8.107732 401.848022 -222.026062
v 17.670191 410.220520 -209.725540
v 1.183867 422.126465 -188.738098
v 2.426892 419.817719 -196.575638
v 18.594080 391.322205 -209.174149
v 8.534787 407.794678 -209.238693
v 0.763337 407.212524 -202.573776
v 3.236018 392.471130 -200.183197
v 6.971191 392.854370 -209.903259
v -3.329756 402.559753 -193.119385
v 24.864122 402.624084 -210.810303
v 19.835752 416.612640 -211.199615
v 26.036272 410.504791 -209.808426
v 26.036272 410.504791 -209.808426
v 31.067913 406.729279 -202.841782
v 21.351221 419.593506 -204.720047
v 15.743686 415.840088 -209.117218
v 15.579999 412.986176 -206.581039
v 11.400978 418.041077 -204.756226
v 16.998363 387.851440 -199.721466
v 31.067913 406.729279 -202.841782
v 27.963978 414.524170 -203.684799
v 44.355530 520.042236 18.252361
v 39.132542 518.527283 7.907862
v 43.557999 524.098633 17.485786
v 27.803699 518.868835 5.565124
v 39.607376 517.529053 10.253481
v 36.322540 534.933838 16.091515
v 27.803699 518.868835 5.565124
v 27.250134 509.598022 39.084831
v 39.607376 517.529053 10.253481
v 16.813723 522.219849 10.928127
v 27.803699 518.868835 5.565124
v 27.541790 536.739746 16.365593
v 16.813723 522.219849 10.928127
v 44.355530 520.042236 18.252361
v 40.192795 515.242188 9.200154
v 39.132542 518.527283 7.907862
v 36.986221 508.538818 2.713825
v 36.476570 507.659302 3.776358
v 13.989324 526.295654 19.155220
v 15.913950 511.887268 4.417841
v 17.398893 522.997620 8.545876
v 15.397029 520.346680 9.938644
v 15.112165 513.037598 3.354678
v 21.038387 515.892151 -0.489636
v 16.268183 529.716248 18.297926
v 22.849464 523.420654 9.045556
v 23.940313 528.283020 18.764868
v 32.460018 513.543091 -0.824260
v 34.345215 521.056030 8.707623
v 39.132542 518.527283 7.907862
v 43.557999 524.098633 17.485786
v 36.476570 507.659302 3.776358
v 26.577072 513.715210 0.504627
v 28.328400 520.656006 10.415067
v 35.865444 525.829529 18.412893
v 29.282646 523.879333 19.438761
v 14.470709 532.492004 27.151548
v 16.268183 529.716248 18.297926
v 23.940313 528.283020 18.764868
v 24.117247 529.196777 30.481607
v 46.828617 525.825623 26.189980
v 43.557999 524.098633 17.485786
v 35.865444 525.829529 18.412893
v 29.282646 523.879333 19.438761
v 29.646330 524.076599 29.825098
v 36.792065 526.584473 30.108059
v 15.397029 520.346680 9.938644
v 19.136873 513.178467 14.850795
v 15.687790 520.292725 26.438702
v 20.879072 510.690430 25.462797
v 15.397029 520.346680 9.938644
v 15.112165 513.037598 3.354678
v 19.136873 513.178467 14.850795
v 20.351219 508.841614 7.553926
v 20.879072 510.690430 25.462797
v 26.103773 508.985596 15.161700
v 26.251919 508.255249 25.590361
v 20.351219 508.841614 7.553926
v 30.761993 506.700500 7.248919
v 25.334255 506.596924 8.054216
v 32.155045 508.367737 25.130245
v 36.986221 508.538818 2.713825
v 40.772285 515.125366 25.698383
v 26.103773 508.985596 15.161700
v 26.251919 508.255249 25.590361
v 34.178680 510.081543 14.404476
v 40.192795 515.242188 9.200154
v 46.828617 525.825623 26.189980
v 46.397118 524.485962 31.756519
v 47.885464 522.708252 27.126736
v 44.355530 520.042236 18.252361
v 43.557999 524.098633 17.485786
v 36.792065 526.584473 30.108059
v 46.397118 524.485962 31.756519
v 47.885464 522.708252 27.126736
v 47.458324 519.852051 30.865032
v 13.989324 526.295654 19.155220
v 14.470709 532.492004 27.151548
v 12.518420 529.992310 28.198332
v 16.268183 529.716248 18.297926
v 14.614524 531.036621 32.696201
v 14.470709 532.492004 27.151548
v 12.518420 529.992310 28.198332
v 24.117247 529.196777 30.481607
v 12.518420 529.992310 28.198332
v 15.397029 520.346680 9.938644
v 13.989324 526.295654 19.155220
v 11.749127 527.212402 31.919674
v 15.687790 520.292725 26.438702
v 44.355530 520.042236 18.252361
v 40.772285 515.125366 25.698383
v 47.458324 519.852051 30.865032
v 47.885464 522.708252 27.126736
v 40.192795 515.242188 9.200154
v 14.614524 531.036621 32.696201
v 11.749127 527.212402 31.919674
v 12.518420 529.992310 28.198332
v 14.614524 531.036621 32.696201
v 11.749127 527.212402 31.919674
v 13.897297 521.245972 38.260033
v 22.412546 523.518677 39.044083
v 15.893430 524.583740 38.638622
v 16.159637 520.807983 45.832729
v 41.415585 515.598022 45.105160
v 42.824177 519.028809 37.857063
v 36.453903 520.622375 38.636528
v 36.792065 526.584473 30.108059
v 43.312550 515.178833 37.406384
v 41.415585 515.598022 45.105160
v 46.397118 524.485962 31.756519
v 47.458324 519.852051 30.865032
v 42.824177 519.028809 37.857063
v 36.792065 526.584473 30.108059
v 19.211811 510.990356 34.469879
v 11.749127 527.212402 31.919674
v 15.687790 520.292725 26.438702
v 19.216040 511.822357 45.044327
v 13.897297 521.245972 38.260033
v 19.211811 510.990356 34.469879
v 15.687790 520.292725 26.438702
v 20.879072 510.690430 25.462797
v 26.518206 507.284851 44.822594
v 25.963043 505.833008 35.214115
v 20.879072 510.690430 25.462797
v 32.155045 508.367737 25.130245
v 26.251919 508.255249 25.590361
v 26.518206 507.284851 44.822594
v 25.963043 505.833008 35.214115
v 34.151676 507.908142 34.037083
v 32.155045 508.367737 25.130245
v 40.772285 515.125366 25.698383
v 43.312550 515.178833 37.406384
v 35.000172 508.566467 44.590530
v 34.151676 507.908142 34.037083
v 40.772285 515.125366 25.698383
v 43.312550 515.178833 37.406384
v 47.458324 519.852051 30.865032
v 14.614524 531.036621 32.696201
v 22.412546 523.518677 39.044083
v 15.893430 524.583740 38.638622
v 24.117247 529.196777 30.481607
v 28.947134 519.535034 38.622513
v 36.453903 520.622375 38.636528
v 29.646330 524.076599 29.825098
v 36.792065 526.584473 30.108059
v 22.412546 523.518677 39.044083
v 22.427971 520.883972 46.725468
v 16.159637 520.807983 45.832729
v 41.415585 515.598022 45.105160
v 28.947134 519.535034 38.622513
v 36.453903 520.622375 38.636528
v 35.740498 518.137878 46.342285
v 28.909124 518.497314 46.434250
v 20.093287 516.365295 57.021656
v 13.897297 521.245972 38.260033
v 24.265026 515.288574 59.410522
v 22.427971 520.883972 46.725468
v 17.878006 519.861206 52.138905
v 14.401874 518.740112 45.848194
v 16.159637 520.807983 45.832729
v 16.439545 517.720703 52.480579
v 22.450092 519.305969 57.021290
v 43.312550 515.178833 37.406384
v 41.415585 515.598022 45.105160
v 36.650784 512.949951 56.545673
v 42.224796 513.001099 45.045609
v 35.652637 516.582642 56.641758
v 29.334436 519.623840 54.524891
v 29.174019 518.244751 58.941990
v 35.740498 518.137878 46.342285
v 40.286427 512.801636 51.795063
v 39.795101 515.340271 51.508869
v 28.909124 518.497314 46.434250
v 28.440777 514.639404 59.305561
v 32.533741 513.582947 59.172775
v 14.401874 518.740112 45.848194
v 19.216040 511.822357 45.044327
v 13.897297 521.245972 38.260033
v 19.211811 510.990356 34.469879
v 16.439545 517.720703 52.480579
v 14.401874 518.740112 45.848194
v 19.216040 511.822357 45.044327
v 20.841560 514.150574 53.282734
v 26.518206 507.284851 44.822594
v 20.841560 514.150574 53.282734
v 35.000172 508.566467 44.590530
v 27.850992 512.390869 54.922028
v 34.883015 511.254211 52.879108
v 26.518206 507.284851 44.822594
v 34.151676 507.908142 34.037083
v 24.265026 515.288574 59.410522
v 20.093287 516.365295 57.021656
v 16.439545 517.720703 52.480579
v 20.841560 514.150574 53.282734
v 32.533741 513.582947 59.172775
v 43.312550 515.178833 37.406384
v 35.000172 508.566467 44.590530
v 42.224796 513.001099 45.045609
v 40.286427 512.801636 51.795063
v 36.650784 512.949951 56.545673
v 27.850992 512.390869 54.922028
v 34.883015 511.254211 52.879108
v 28.440777 514.639404 59.305561
v 58.327179 488.755066 -29.348070
v 54.228168 482.444153 -21.073496
v 45.773026 469.171204 -1.684283
v 123.477753 507.505829 35.069195
v 116.497688 511.209717 35.977257
v 122.516914 508.402252 32.185360
v -138.246826 573.798340 21.455959
v -134.716583 572.627563 25.279633
v -132.637299 572.289185 21.587595
v -143.416275 574.488159 28.881815
v 35.427601 415.554382 -178.639648
v 14.665487 426.906494 -185.435150
v 32.725632 412.526672 -181.578857
v 14.263431 430.385193 -184.318909
v 27.194351 406.866272 -173.146729
v 8.330914 426.735046 -179.996567
v -2.909000 414.685638 -183.482895
v -6.896235 415.597931 -182.289124
v -1.354201 407.282013 -178.901459
v 14.665487 426.906494 -185.435150
v 18.299931 433.671509 -191.881210
v 14.263431 430.385193 -184.318909
v 18.853449 428.075745 -188.834824
v 21.301828 392.388367 -187.894012
v 22.723711 390.708527 -186.849472
v 16.351995 394.049316 -180.142319
vn -0.5948 0.6972 0.4001
vn -0.6909 0.6631 0.2879
vn -0.4068 0.8906 0.2035
vn -0.5840 0.5906 0.5569
vn 0.8030 0.3484 0.4836
vn 0.6654 0.7459 0.0296
vn 0.9537 0.2662 0.1403
vn 0.7053 0.6373 0.3104
vn 0.8552 0.5147 0.0610
vn 0.9840 0.0390 -0.1740
vn 0.8552 0.5148 0.0610
vn 0.8740 0.2957 -0.3855
vn 0.4063 0.8698 0.2799
vn 0.1788 0.8617 0.4748
vn 0.5460 0.6356 0.5457
vn 0.5971 0.7693 0.2272
vn 0.7494 0.6559 -0.0900
vn 0.3975 0.9128 0.0934
vn 0.0598 -0.6995 -0.7121
vn 0.5600 -0.7437 -0.3652
vn -0.1846 -0.9827 0.0125
vn -0.2480 -0.9680 -0.0395
vn -0.9756 -0.1765 -0.1309
vn -0.5420 -0.5758 -0.6121
vn 0.2370 0.9421 0.2373
vn -0.2249 0.7851 0.5771
vn 0.0359 0.9984 -0.0442
vn 0.4063 0.8698 0.2798
vn 0.0356 0.3745 -0.9266
vn 0.0355 0.3746 -0.9265
vn -0.9576 -0.0321 0.2864
vn -0.5977 -0.1418 -0.7891
vn 0.8519 -0.5102 0.1178
vn 0.3344 -0.3442 -0.8773
vn 0.5083 -0.0734 -0.8581
vn 0.5083 -0.0733 -0.8580
vn -0.2367 -0.9596 -0.1523
vn -0.1750 -0.9829 -0.0573
vn -0.2435 -0.9500 -0.1957
vn -0.2024 -0.9792 -0.0139
vn -0.3786 0.8737 0.3053
vn -0.5968 0.3261 -0.7331
vn -0.9576 -0.0321 0.2863
vn -0.5969 0.3262 -0.7330
vn 0.5461 0.6356 0.5457
vn 0.7495 0.6559 -0.0900
vn 0.1120 0.8562 -0.5043
vn -0.0203 0.9984 -0.0532
vn 0.1521 0.5593 -0.8149
vn -0.3424 0.9126 0.2234
vn -0.7066 0.7043 -0.0683
vn -0.2667 0.9607 0.0776
vn -0.0836 0.9562 0.2804
vn -0.2667 0.9606 0.0776
vn -0.0001 0.9874 -0.1582
vn 0.0325 0.9991 0.0289
vn 0.2011 0.9633 -0.1779
vn 0.1252 0.8547 -0.5038
vn -0.7265 -0.6480 -0.2288
vn -0.1557 -0.3889 -0.9080
vn -0.7660 0.2373 -0.5974
vn 0.0064 -0.8510 -0.5251
vn -0.7660 0.2373 -0.5975
vn 0.3970 0.1705 0.9018
vn -0.3304 0.2629 0.9065
vn 0.2949 0.5945 0.7481
vn 0.2921 0.8020 0.5211
vn -0.3364 0.6617 0.6700
vn 0.2402 0.8895 0.3887
vn -0.4205 0.7912 0.4441
vn -0.3364 0.6618 0.6700
vn -0.2146 0.9330 0.2889
vn -0.4205 0.7912 0.4442
vn -0.1189 0.9908 -0.0653
vn -0.8885 -0.4401 -0.1296
vn -0.6884 -0.6515 -0.3189
vn -0.5419 -0.5759 -0.6122
vn -0.5419 -0.5759 -0.6121
vn -0.2025 -0.9792 -0.0139
vn -0.5977 -0.1419 -0.7891
vn -0.2435 -0.9499 -0.1957
vn 0.2377 -0.9693 -0.0627
vn 0.2377 -0.9693 -0.0628
vn -0.2985 -0.9523 -0.0639
vn -0.0825 -0.9099 -0.4065
vn -0.8149 0.1353 0.5636
vn 0.2106 -0.9548 -0.2096
vn -0.1477 -0.9591 -0.2413
vn -0.1975 -0.9580 -0.2079
vn 0.3489 -0.8687 -0.3515
vn 0.3489 -0.8688 -0.3515
vn -0.3109 -0.8491 0.4271
vn -0.2269 -0.9560 0.1859
vn -0.9859 0.1399 0.0914
vn -0.1477 -0.9591 -0.2414
vn 0.2657 -0.5310 -0.8046
vn -0.4113 -0.1051 -0.9054
vn -0.8536 0.2974 -0.4278
vn -0.4113 -0.1052 -0.9054
vn -0.8536 0.2973 -0.4278
vn -0.8857 -0.2879 -0.3641
vn -0.4636 -0.5346 -0.7066
vn -0.8858 -0.2879 -0.3641
vn -0.7475 -0.3309 0.5759
vn -0.6235 -0.6576 0.4228
vn -0.6236 -0.6576 0.4227
vn -0.2193 0.3606 -0.9066
vn -0.8641 0.2039 0.4602
vn -0.8854 -0.3001 -0.3549
vn -0.9348 -0.1783 0.3071
vn -0.6416 -0.6577 -0.3948
vn -0.9349 -0.1782 0.3071
vn -0.6416 -0.6577 -0.3947
vn -0.9349 -0.1781 0.3071
vn -0.3521 -0.8962 0.2699
vn 0.4655 -0.6196 -0.6320
vn -0.3522 -0.8962 0.2699
vn -0.1727 -0.3617 -0.9162
vn 0.4655 -0.6196 -0.6319
vn -0.8712 0.2003 0.4482
vn -0.8285 0.0573 0.5571
vn -0.4779 0.4626 0.7467
vn -0.5760 0.6098 0.5444
vn -0.6947 0.5329 0.4832
vn 0.1155 0.9557 0.2706
vn 0.0092 0.9769 0.2137
vn -0.8266 0.4472 0.3417
vn -0.7494 0.0471 0.6605
vn -0.9495 0.0537 0.3092
vn -0.9528 0.0618 0.2972
vn -0.8934 -0.0775 0.4426
vn -0.9594 -0.0284 0.2806
vn -0.6645 0.6712 0.3285
vn 0.1354 0.9580 0.2529
vn -0.3777 0.8436 0.3817
vn -0.7981 0.1916 0.5712
vn -0.6914 0.3687 0.6213
vn -0.6847 -0.5976 0.4173
vn -0.8546 -0.3817 0.3520
vn -0.8547 -0.3817 0.3520
vn -0.9413 -0.3348 -0.0422
vn -0.8369 0.5160 0.1827
vn 0.0495 0.9535 0.2973
vn -0.3777 0.8436 0.3816
vn -0.3328 0.8903 0.3107
vn -0.4755 -0.8770 0.0696
vn -0.4769 -0.7974 -0.3697
vn -0.9472 -0.2546 0.1948
vn -0.5722 0.6849 0.4511
vn 0.0803 0.9609 0.2649
vn -0.1940 0.7804 0.5944
vn -0.7750 0.2855 0.5638
vn -0.4248 -0.8872 0.1799
vn -0.6285 -0.7757 0.0579
vn -0.9048 -0.4205 0.0670
vn -0.6000 -0.0320 0.7994
vn -0.4695 0.4641 0.7511
vn 0.0180 0.9241 0.3818
vn 0.1250 0.9019 0.4134
vn -0.0908 0.5843 0.8064
vn 0.0758 0.5339 0.8422
vn -0.4947 -0.6885 -0.5303
vn -0.6333 -0.7713 0.0643
vn -0.6332 -0.7713 0.0643
vn -0.5248 -0.3934 0.7549
vn -0.6333 -0.7712 0.0643
vn 0.0322 0.0048 0.9995
vn -0.1264 0.4914 0.8617
vn -0.0293 -0.2880 0.9572
vn 0.3713 -0.5777 0.7269
vn 0.5854 -0.2758 0.7624
vn 0.3612 0.3911 0.8465
vn 0.1482 0.6013 0.7852
vn 0.1575 0.8155 0.5569
vn -0.7028 -0.6777 0.2164
vn -0.7029 -0.6776 0.2164
vn -0.1867 -0.9471 0.2610
vn 0.3904 -0.9024 0.1823
vn 0.3903 -0.9025 0.1823
vn 0.1980 0.9063 0.3735
vn 0.1905 0.9584 -0.2124
vn 0.1914 0.5100 0.8386
vn 0.2104 0.8046 0.5553
vn 0.2657 0.8730 0.4090
vn 0.3619 0.4912 0.7923
vn 0.5211 0.6333 0.5722
vn 0.6585 0.2321 0.7159
vn 0.3707 0.8516 0.3707
vn 0.5211 0.6333 0.5721
vn 0.3211 0.9114 0.2574
vn 0.6748 0.6831 0.2793
vn 0.8570 -0.0500 0.5129
vn 0.7799 -0.6098 0.1409
vn 0.8218 0.3982 0.4076
vn 0.9818 0.1420 0.1259
vn 0.3484 0.8920 0.2879
vn 0.7019 0.6216 0.3479
vn 0.2686 0.9306 0.2488
vn 0.3895 0.8986 0.2018
vn 0.7019 0.6216 0.3478
vn 0.6680 -0.7440 0.0178
vn 0.2755 -0.9609 0.0271
vn 0.7799 -0.6099 0.1409
vn 0.0505 -0.9850 0.1651
vn 0.1008 -0.9162 -0.3878
vn 0.7800 -0.6098 0.1409
vn 0.7287 -0.6783 -0.0943
vn 0.2805 -0.9592 0.0358
vn 0.1505 -0.8212 -0.5505
vn 0.0945 -0.9942 0.0518
vn 0.6544 -0.6920 0.3048
vn 0.8854 -0.4079 0.2230
vn 0.8937 0.3508 0.2798
vn 0.4173 -0.8242 0.3829
vn 0.8152 -0.4289 0.3892
vn 0.8759 0.2098 0.4344
vn 0.2872 0.9204 0.2652
vn 0.5819 0.7692 0.2641
vn 0.9548 0.0808 0.2861
vn 0.8169 0.0589 0.5738
vn 0.9160 -0.3226 0.2385
vn 0.8032 0.3307 0.4955
vn 0.1541 0.9074 0.3909
vn 0.7241 0.5558 0.4084
vn 0.6095 0.4672 0.6405
vn 0.0084 0.6529 0.7574
vn 0.6092 0.4713 0.6377
vn 0.0796 0.8456 0.5278
vn 0.8417 -0.1455 0.5200
vn 0.9129 -0.3257 0.2461
vn 0.6610 0.2248 0.7159
vn 0.7452 -0.2605 0.6138
vn 0.9052 -0.1637 0.3921
vn 0.4572 0.0929 0.8845
vn -0.2429 0.3020 0.9218
vn 0.8157 -0.2808 0.5057
vn 0.1427 -0.6701 0.7284
vn -0.0215 -0.8730 0.4873
vn 0.1426 -0.6701 0.7285
vn -0.1878 -0.4916 0.8504
vn -0.0214 -0.8730 0.4873
vn -0.6852 -0.6062 0.4037
vn -0.2598 -0.3448 0.9020
vn -0.6832 -0.6015 0.4140
vn -0.7001 0.3661 0.6131
vn -0.0785 -0.8189 0.5686
vn 0.0526 -0.5316 0.8453
vn -0.3908 -0.7738 0.4986
vn -0.6982 0.4811 0.5302
vn -0.2282 -0.9555 0.1871
vn -0.9858 0.1403 0.0920
vn -0.1650 -0.8952 -0.4140
vn -0.8016 0.1732 0.5722
vn -0.8143 0.1370 0.5641
vn 0.0973 -0.9785 -0.1821
vn -0.7491 -0.3190 0.5806
vn 0.2061 -0.5928 -0.7785
vn -0.9056 0.2686 -0.3282
vn -0.8896 -0.2861 -0.3561
vn -0.7194 0.0277 0.6941
vn -0.6358 -0.5950 0.4916
vn -0.8457 0.2140 0.4888
vn -0.2687 0.3725 -0.8883
vn -0.8944 -0.3027 -0.3292
vn -0.9058 -0.0154 0.4234
vn -0.7995 0.1002 0.5923
vn -0.9472 -0.2522 -0.1979
vn -0.5187 -0.8363 0.1775
vn -0.4060 -0.9017 -0.1489
vn -0.5932 -0.4248 0.6839
vn -0.5188 -0.8363 0.1775
vn -0.6825 -0.6641 0.3052
vn -0.4550 -0.8904 0.0083
vn -0.1488 0.9886 -0.0220
vn -0.8928 0.2042 0.4014
vn -0.8929 0.2042 0.4014
vn -0.3328 0.8903 0.3108
vn -0.3702 0.8952 0.2482
vn -0.9479 0.2893 0.1332
vn -0.8266 0.4471 0.3417
vn 0.0088 0.9756 0.2192
vn 0.2565 0.9148 0.3121
vn 0.2565 0.9147 0.3122
vn -0.8928 0.2042 0.4015
vn 0.2111 0.9485 0.2361
vn 0.2111 0.9485 0.2360
vn 0.3784 0.9014 0.2104
vn -0.8676 0.1795 0.4637
vn -0.2147 0.9330 0.2889
vn -0.2147 0.9330 0.2890
vn -0.8082 0.5624 0.1745
vn -0.4259 0.7877 0.4451
vn -0.2147 0.9330 0.2888
vn -0.3775 0.5956 0.7090
vn -0.8083 0.5624 0.1745
vn -0.9618 0.2555 0.0982
vn 0.4051 0.8026 0.4379
vn 0.3783 0.9014 0.2104
vn 0.0677 0.9866 0.1487
vn 0.0677 0.9866 0.1488
vn 0.0271 0.9703 0.2405
vn 0.0271 0.9703 0.2404
vn 0.2966 -0.8862 0.3559
vn 0.1572 -0.9825 0.0998
vn -0.1461 -0.7873 0.5990
vn -0.2151 -0.9662 0.1422
vn 0.0651 -0.9979 0.0032
vn -0.2031 -0.9767 -0.0693
vn -0.2348 -0.9476 -0.2165
vn -0.1983 -0.9085 -0.3677
vn -0.2338 -0.9477 -0.2171
vn -0.1983 -0.9086 -0.3677
vn -0.1722 -0.9604 -0.2190
vn 0.6438 -0.1170 -0.7562
vn -0.1142 -0.4395 -0.8910
vn 0.4527 -0.7651 -0.4579
vn 0.6438 -0.1169 -0.7562
vn -0.3080 -0.6707 -0.6748
vn -0.2183 -0.9757 -0.0211
vn 0.4004 -0.8627 0.3090
vn -0.2183 -0.9756 -0.0211
vn 0.7785 0.5836 -0.2310
vn 0.1102 -0.8972 -0.4276
vn 0.4896 -0.8323 -0.2598
vn 0.0597 -0.6995 -0.7122
vn 0.4897 -0.8323 -0.2598
vn 0.0597 -0.6995 -0.7121
vn -0.2338 -0.9477 -0.2172
vn 0.0506 -0.9850 0.1650
vn -0.2337 -0.9478 -0.2171
vn 0.0505 -0.9850 0.1650
vn 0.2805 -0.9592 0.0359
vn 0.3903 -0.9024 0.1823
vn -0.1868 -0.9471 0.2610
vn -0.7029 -0.6776 0.2165
vn -0.1722 -0.9604 -0.2191
vn -0.5247 -0.3934 0.7549
vn -0.6332 -0.7713 0.0642
vn -0.6298 -0.7748 0.0553
vn -0.6455 -0.7637 0.0102
vn -0.1972 -0.9790 -0.0512
vn -0.1750 -0.9829 -0.0572
vn 0.3344 -0.3443 -0.8773
vn -0.5305 -0.8323 -0.1606
vn 0.8427 -0.1772 0.5083
vn -0.2505 -0.8818 -0.3997
vn -0.1957 -0.9697 -0.1463
vn -0.4734 -0.4110 -0.7791
vn 0.5804 -0.6093 0.5402
vn -0.1911 -0.9689 -0.1571
vn -0.6481 -0.6863 -0.3301
vn -0.2497 -0.7806 0.5729
vn 0.1092 -0.4646 0.8788
vn 0.4277 -0.8311 0.3553
vn 0.0806 -0.8720 0.4828
vn -0.1862 -0.4670 0.8644
vn -0.1577 -0.9702 0.1837
vn 0.9648 -0.2613 0.0305
vn 0.3075 -0.3131 -0.8986
vn 0.8922 -0.0620 -0.4474
vn 0.7175 -0.5973 -0.3584
vn 0.3030 -0.7020 -0.6445
vn 0.3908 -0.7735 0.4990
vn 0.3563 0.2335 -0.9047
vn 0.8665 -0.0993 0.4892
vn 0.7389 -0.6046 -0.2973
vn 0.8153 -0.4687 0.3400
vn 0.5304 -0.8098 -0.2508
vn 0.0814 -0.9564 0.2804
vn -0.5911 -0.4261 -0.6849
vn -0.5188 -0.8362 0.1775
vn -0.4550 -0.8905 0.0083
vn -0.4247 -0.8873 0.1799
vn 0.5304 -0.8098 -0.2509
vn 0.1447 -0.4209 -0.8955
vn 0.8362 0.0400 0.5470
vn 0.0757 0.5338 0.8422
vn -0.0805 -0.0244 0.9965
vn 0.0756 0.5338 0.8422
vn -0.1116 0.3772 0.9194
vn -0.1939 0.7804 0.5945
vn -0.6061 0.0493 0.7939
vn -0.1938 0.7804 0.5945
vn 0.3283 0.9299 0.1660
vn 0.3284 0.9298 0.1660
vn 0.3975 0.8717 -0.2866
vn -0.1488 0.9886 -0.0221
vn 0.3974 0.8717 -0.2867
vn 0.8231 0.0532 0.5654
vn 0.4142 -0.8272 0.3797
vn 0.1563 -0.4304 0.8890
vn -0.2169 -0.7904 0.5729
vn -0.2072 -0.4782 0.8534
vn 0.0830 -0.8712 0.4838
vn 0.0831 -0.8712 0.4838
vn 0.8617 0.1604 0.4815
vn 0.8616 0.1604 0.4815
vn -0.2264 -0.8827 -0.4118
vn 0.8418 -0.1635 0.5144
vn -0.1562 -0.9703 0.1848
vn 0.8617 0.1604 0.4814
vn -0.1562 -0.9703 0.1847
vn 0.9649 -0.2609 0.0310
vn 0.8415 -0.1827 0.5085
vn -0.5434 -0.8321 -0.1112
vn 0.8414 -0.1827 0.5085
vn 0.5744 -0.6196 0.5349
vn -0.4691 -0.4539 -0.7576
vn 0.9151 -0.0883 -0.3935
vn 0.7192 -0.5775 -0.3862
vn 0.7135 -0.2736 0.6450
vn 0.7193 -0.5775 -0.3862
vn 0.3984 -0.7954 0.4567
vn 0.3983 -0.7955 0.4567
vn 0.8920 -0.1073 0.4391
vn 0.6919 -0.5931 -0.4116
vn 0.6919 -0.5932 -0.4116
vn 0.8499 -0.3765 0.3686
vn 0.8081 -0.2304 0.5421
vn 0.7574 -0.6027 -0.2512
vn 0.1904 0.9584 -0.2124
vn 0.1915 0.5100 0.8386
vn -0.7183 0.3597 0.5956
vn 0.1238 -0.0665 0.9901
vn 0.0754 0.9819 0.1739
vn 0.3061 0.2913 0.9063
vn 0.0755 0.9819 0.1739
vn 0.3062 0.2913 0.9063
vn 0.5211 0.6334 0.5721
vn 0.6228 -0.2034 0.7555
vn -0.0379 0.9613 -0.2729
vn 0.5249 0.8501 -0.0430
vn 0.5249 0.8501 -0.0429
vn 0.8570 -0.0501 0.5128
vn 0.9233 -0.1694 0.3447
vn 0.1441 0.9379 0.3156
vn 0.7073 0.6736 0.2145
vn 0.1441 0.9379 0.3155
vn 0.7073 0.6736 0.2144
vn 0.7018 0.6216 0.3479
vn 0.9913 -0.1096 0.0726
vn 0.1945 0.9519 0.2366
vn 0.0210 0.9749 0.2216
vn 0.1945 0.9520 0.2365
vn 0.7018 0.6216 0.3480
vn 0.3895 0.8986 0.2019
vn 0.3895 0.8987 0.2018
vn 0.8942 -0.1828 0.4087
vn 0.3358 0.9314 0.1404
vn 0.0210 0.9749 0.2215
vn 0.9733 0.1961 0.1189
vn 0.5820 0.7691 0.2640
vn 0.5820 0.7691 0.2641
vn 0.7278 0.5505 0.4091
vn 0.9734 0.1961 0.1189
vn 0.6235 0.3897 0.6778
vn 0.9887 -0.1451 0.0381
vn 0.3721 0.8993 0.2297
vn -0.0287 0.8918 0.4515
vn -0.0288 0.8918 0.4516
vn 0.3983 -0.7954 0.4568
vn 0.3409 0.2327 -0.9108
vn 0.7166 0.6955 0.0530
vn 0.7266 0.2811 0.6269
vn 0.6735 0.4239 0.6056
vn 0.7165 0.6955 0.0530
vn 0.2031 0.9738 0.1019
vn -0.3806 0.9194 0.0993
vn -0.5118 0.5384 0.6694
vn -0.4164 0.6348 0.6509
vn 0.4530 0.8377 0.3050
vn 0.2673 0.6732 0.6894
vn 0.6734 0.4239 0.6056
vn 0.7793 0.6047 0.1645
vn 0.7793 0.6046 0.1645
vn 0.5203 0.8455 -0.1200
vn 0.1925 0.9640 -0.1834
vn -0.1509 0.9836 -0.0991
vn -0.4667 0.8605 0.2042
vn 0.8136 0.5794 -0.0490
vn 0.7460 0.6653 0.0278
vn 0.4176 0.8329 -0.3631
vn 0.3721 0.8220 -0.4312
vn -0.0429 0.9073 -0.4182
vn 0.8672 0.4865 -0.1061
vn 0.4187 0.6868 -0.5942
vn -0.1342 0.5750 -0.8071
vn 0.0754 0.9819 0.1740
vn -0.1487 0.8035 -0.5765
vn -0.1342 0.5750 -0.8070
vn 0.0752 0.9819 0.1741
vn 0.3061 0.2913 0.9064
vn -0.4940 0.5553 -0.6690
vn -0.0764 0.9345 -0.3477
vn -0.3391 0.8952 -0.2891
vn 0.5249 0.8501 -0.0431
vn -0.5130 0.8503 0.1172
vn -0.8669 0.4738 -0.1549
vn -0.7884 0.6130 0.0518
vn -0.0380 0.9613 -0.2730
vn 0.1440 0.9379 0.3156
vn 0.1439 0.9379 0.3156
vn -0.8698 0.4890 0.0660
vn -0.5733 0.8111 0.1158
vn -0.7642 0.6428 -0.0534
vn 0.0206 0.9750 0.2213
vn -0.6996 0.6490 -0.2991
vn -0.5206 0.8538 -0.0074
vn -0.6752 0.7371 -0.0271
vn -0.6996 0.6489 -0.2991
vn 0.7073 0.6736 0.2146
vn 0.1945 0.9519 0.2367
vn 0.0206 0.9750 0.2214
vn 0.3333 0.9325 0.1393
vn 0.3333 0.9325 0.1392
vn 0.9709 0.2394 0.0095
vn -0.6995 0.6490 -0.2991
vn -0.6753 0.7371 -0.0271
vn 0.9709 0.2393 0.0095
vn -0.7116 0.6614 0.2371
vn -0.6193 0.6975 0.3604
vn -0.0851 0.9478 0.3072
vn 0.7489 0.6407 0.1694
vn 0.7489 0.6407 0.1695
vn 0.3285 0.9298 0.1660
vn 0.3015 0.4854 -0.8207
vn 0.8361 0.0400 0.5471
vn 0.3720 0.8220 -0.4312
vn 0.4186 0.6868 -0.5942
vn 0.6319 0.3238 -0.7042
vn 0.4177 0.8329 -0.3631
vn 0.6466 0.6925 -0.3199
vn 0.8127 0.5777 0.0758
vn -0.1487 0.9886 -0.0220
vn 0.8128 0.5776 0.0758
vn 0.9725 0.0955 -0.2124
vn 0.2566 0.9148 0.3121
vn 0.2565 0.9148 0.3120
vn 0.9678 0.2518 -0.0030
vn 0.9944 0.1056 0.0078
vn 0.3787 0.9014 0.2101
vn 0.2111 0.9485 0.2362
vn 0.8525 0.5179 0.0713
vn 0.9510 0.2900 -0.1070
vn 0.3787 0.9013 0.2101
vn 0.8795 0.3242 -0.3484
vn 0.0704 0.9865 0.1476
vn 0.3787 0.9013 0.2102
vn -0.7955 0.6025 0.0646
vn 0.0704 0.9865 0.1475
vn 0.9082 0.4115 -0.0765
vn -0.7955 0.6026 0.0646
vn 0.9242 0.3291 0.1936
vn -0.4239 0.8819 0.2062
vn 0.4701 0.8337 0.2898
vn 0.8136 0.5794 -0.0491
vn 0.8645 0.3924 0.3141
vn 0.0616 0.7155 0.6959
vn -0.0667 0.9446 0.3213
vn -0.6098 0.7903 -0.0600
vn -0.4202 0.9052 0.0642
vn -0.0763 0.9345 -0.3477
vn -0.5131 0.8503 0.1171
vn -0.7884 0.6130 0.0519
vn -0.3390 0.8953 -0.2891
vn 0.8128 0.5776 0.0757
vn 0.3803 -0.5430 0.7487
vn -0.3296 -0.5474 0.7692
vn -0.8160 0.1024 0.5689
vn 0.5341 -0.7350 -0.4177
vn 0.4312 -0.8960 -0.1062
vn 0.2953 -0.9502 -0.0993
vn 0.4704 -0.8800 0.0653
vn 0.8064 -0.5731 -0.1456
vn -0.1093 -0.4637 0.8792
vn -0.1400 -0.9818 0.1280
vn -0.0539 -0.2630 0.9633
vn -0.6172 -0.1235 0.7770
vn -0.1686 -0.3865 0.9067
vn 0.0707 0.1952 0.9782
vn -0.0519 -0.3919 0.9185
vn 0.0565 -0.4328 0.8997
vn 0.5633 -0.3668 0.7404
vn 0.0034 -0.2747 0.9615
vn -0.8001 0.1301 0.5856
vn 0.0406 0.0437 0.9982
vn 0.8200 -0.2015 0.5358
vn -0.2511 -0.9590 0.1315
vn -0.0300 -0.4800 0.8768
vn -0.8265 -0.5627 0.0141
vn -0.1416 -0.7808 0.6085
vn 0.5370 -0.8431 -0.0281
vn -0.1880 -0.9487 -0.2543
vn -0.2169 -0.9427 -0.2534
vn 0.4976 0.7988 0.3381
vn 0.2064 0.8125 0.5452
vn 0.6924 0.6581 0.2958
vn -0.3447 0.8386 0.4218
vn -0.3687 0.8713 0.3238
vn -0.1168 0.9102 0.3973
vn -0.9472 -0.2521 -0.1979
vn -0.6517 -0.1204 0.7489
vn -0.8408 0.3797 -0.3858
vn -0.6379 0.3268 0.6973
vn -0.7775 0.6260 0.0604
vn -0.6251 0.4080 0.6654
vn -0.5105 -0.6982 0.5019
vn -0.9485 -0.2409 -0.2057
vn -0.6742 -0.0606 0.7361
vn -0.5041 0.7172 0.4811
vn -0.8628 0.1393 -0.4859
vn -0.9571 -0.2123 -0.1973
vn -0.5494 0.3257 -0.7695
vn -0.8488 0.3891 -0.3580
vn -0.7809 0.6204 0.0732
vn -0.7919 0.5460 0.2735
vn -0.5130 -0.3634 0.7777
vn 0.0445 -0.5461 0.8365
vn 0.0779 -0.4493 0.8900
vn 0.3302 -0.5370 0.7763
vn 0.8548 -0.1321 0.5019
vn 0.0499 0.1101 0.9927
vn -0.1414 -0.7795 0.6102
vn -0.2064 -0.4968 0.8429
vn 0.7279 -0.6824 0.0666
vn 0.7776 -0.5599 0.2860
vn 0.6037 -0.7407 0.2948
vn 0.7776 -0.5600 0.2860
vn 0.5391 -0.6493 0.5364
vn 0.2690 -0.8890 0.3706
vn 0.6037 -0.7407 0.2949
vn 0.8539 -0.5200 0.0211
vn 0.7918 -0.4441 0.4193
vn 0.4224 -0.5602 0.7126
vn 0.0693 -0.5633 0.8233
vn -0.1522 -0.8230 0.5473
vn 0.0576 -0.9884 -0.1408
vn 0.6572 -0.5668 0.4969
vn -0.1953 -0.3931 0.8985
vn -0.0807 -0.5214 0.8495
vn 0.3405 -0.7989 0.4958
vn 0.2066 -0.8448 -0.4936
vn -0.2064 -0.4968 0.8430
vn 0.7266 0.2812 0.6269
vn 0.7556 0.0402 0.6538
vn 0.8977 0.0221 -0.4401
vn 0.8977 0.0222 -0.4401
vn 0.9634 0.2680 0.0060
vn 0.7739 0.1203 0.6218
vn 0.6384 -0.3305 0.6951
vn 0.7626 -0.5928 -0.2591
vn 0.2229 -0.8490 0.4790
vn 0.7716 0.4578 0.4417
vn 0.9578 0.1861 0.2189
vn 0.9650 0.2614 0.0188
vn 0.5877 0.0904 -0.8040
vn 0.9104 0.0274 -0.4128
vn 0.7822 -0.5699 -0.2515
vn 0.8183 -0.2053 -0.5368
vn 0.5949 -0.3768 0.7100
vn -0.5763 0.7938 0.1944
vn -0.2541 0.7243 0.6410
vn -0.6401 0.4155 0.6463
vn -0.3926 0.8091 0.4373
vn 0.3124 -0.8134 0.4908
vn 0.7881 -0.5374 0.3001
vn -0.1738 -0.8739 0.4540
vn -0.1738 -0.8739 0.4539
vn -0.3012 -0.6710 0.6776
vn -0.3012 -0.6709 0.6776
vn 0.8738 -0.4347 -0.2181
vn -0.0351 -0.6503 0.7589
vn -0.6527 -0.4782 0.5876
vn -0.0352 -0.6503 0.7589
vn -0.6527 -0.4781 0.5876
vn 0.8539 -0.5199 0.0210
vn 0.9591 -0.2730 0.0751
vn -0.6527 -0.4781 0.5877
vn -0.2301 -0.9444 0.2350
vn -0.9257 -0.2684 0.2664
vn -0.2301 -0.9444 0.2349
vn -0.9258 -0.2684 0.2663
vn 0.8064 -0.5732 -0.1456
vn 0.7716 -0.4494 -0.4502
vn 0.0152 -0.9375 0.3477
vn -0.3342 -0.5627 0.7561
vn 0.4793 -0.6010 -0.6396
vn 0.0504 -0.8512 0.5225
vn -0.1796 -0.0419 0.9829
vn 0.0505 -0.8511 0.5225
vn -0.0794 -0.6742 -0.7343
vn -0.1797 -0.0419 0.9828
vn 0.0861 -0.8661 0.4924
vn 0.0146 -0.0801 0.9967
vn 0.0860 -0.8661 0.4924
vn 0.0146 -0.0799 0.9967
vn -0.1920 -0.8629 -0.4675
vn 0.0146 -0.0800 0.9967
vn -0.2370 -0.6418 -0.7293
vn -0.3909 -0.7680 0.5073
vn 0.2070 -0.1214 0.9708
vn -0.3910 -0.7680 0.5073
vn -0.5521 -0.6888 -0.4699
vn 0.2069 -0.1214 0.9708
vn -0.7148 -0.3554 -0.6023
vn -0.3505 -0.7688 0.5349
vn 0.1299 -0.6581 0.7416
vn -0.3505 -0.7687 0.5350
vn 0.1298 -0.6581 0.7416
vn -0.8046 -0.4597 -0.3759
vn 0.1300 -0.6581 0.7416
vn -0.9117 -0.1031 -0.3976
vn -0.3628 -0.8597 0.3594
vn 0.1298 -0.6582 0.7416
vn -0.4509 -0.8838 -0.1250
vn 0.7590 -0.6149 0.2138
vn -0.3627 -0.8598 0.3595
vn 0.7591 -0.6149 0.2139
vn -0.9742 -0.2070 -0.0900
vn 0.7591 -0.6149 0.2137
vn -0.9827 0.1263 0.1357
vn -0.1472 -0.9614 0.2325
vn 0.4452 -0.7039 0.5534
vn -0.1472 -0.9614 0.2324
vn -0.7550 -0.6521 -0.0692
vn -0.7550 -0.6520 -0.0692
vn -0.7744 -0.6240 0.1042
vn -0.9868 -0.1414 0.0785
vn 0.4452 -0.7040 0.5534
vn -0.9857 -0.0522 -0.1600
vn -0.1787 -0.6207 0.7634
vn 0.0522 -0.7436 0.6666
vn -0.1786 -0.6207 0.7634
vn -0.9326 -0.3409 0.1184
vn -0.9166 -0.1868 0.3534
vn 0.0522 -0.7435 0.6666
vn 0.0522 -0.7436 0.6665
vn -0.1580 -0.8772 0.4534
vn -0.1580 -0.8772 0.4533
vn -0.5778 -0.6303 0.5186
vn -0.8280 -0.4462 0.3395
vn -0.6514 -0.7555 -0.0698
vn 0.2066 -0.8448 -0.4935
vn -0.2056 -0.8634 0.4607
vn -0.4008 -0.2005 0.8939
vn 0.2547 -0.8186 0.5148
vn -0.3009 -0.6716 0.6770
vn -0.6176 0.0379 0.7856
vn -0.8528 0.2612 0.4523
vn -0.7942 0.4419 0.4171
vn -0.6969 -0.4641 0.5468
vn -0.9787 0.2053 -0.0079
vn -0.9859 0.1216 0.1151
vn -0.8316 -0.5022 0.2372
vn -0.0352 -0.6503 0.7588
vn -0.2302 -0.9443 0.2350
vn -0.9257 -0.2685 0.2664
vn -0.7086 -0.5298 0.4660
vn -0.7276 0.2947 0.6194
vn -0.5726 0.4591 0.6793
vn -0.3343 -0.5626 0.7561
vn -0.4902 0.3888 0.7801
vn -0.1388 -0.4070 0.9028
vn -0.1796 -0.0420 0.9828
vn -0.1024 -0.1678 0.9805
vn 0.0504 -0.8511 0.5225
vn -0.5181 -0.3582 0.7767
vn 0.1325 -0.6424 0.7548
vn 0.8228 -0.2346 0.5177
vn -0.4509 -0.8838 -0.1249
vn -0.5750 -0.7154 0.3970
vn -0.2364 -0.5004 0.8329
vn -0.7183 -0.3907 0.5757
vn -0.7744 -0.6240 0.1041
vn -0.5657 -0.3570 0.7434
vn 0.0780 -0.4508 0.8892
vn -0.5657 -0.3570 0.7433
vn -0.8779 -0.0993 0.4684
vn -0.9167 -0.2116 0.3388
vn -0.9168 -0.2116 0.3388
vn -0.8018 0.2156 0.5573
vn -0.5656 -0.3570 0.7434
vn -0.7964 -0.2678 0.5423
vn -0.5976 -0.6060 0.5250
vn -0.9742 -0.2069 -0.0900
vn -0.7745 -0.6240 0.1041
vn -0.8062 0.1348 0.5760
vn -0.5759 -0.1136 0.8096
vn -0.6685 -0.1333 0.7317
vn -0.4996 -0.3670 0.7847
vn -0.8549 0.3602 0.3734
vn -0.7912 0.5503 0.2668
vn -0.7303 0.6314 0.2606
vn -0.8842 0.4387 0.1602
vn -0.7762 0.6277 0.0598
vn -0.6276 0.4002 0.6678
vn 0.2145 -0.4104 0.8863
vn 0.2141 -0.5775 0.7878
vn -0.3480 -0.0694 0.9349
vn -0.7650 0.4282 0.4811
vn 0.6407 -0.5802 0.5029
vn 0.2739 -0.7886 0.5505
vn -0.4071 -0.2164 0.8874
vn -0.6160 0.0361 0.7869
vn -0.5762 -0.0300 0.8168
vn -0.7402 0.5466 0.3917
vn 0.8871 -0.0310 0.4605
vn -0.8055 -0.4801 0.3475
vn -0.8677 0.4294 0.2504
vn -0.4485 0.8670 -0.2171
vn -0.3947 0.9175 -0.0484
vn -0.8400 -0.4976 0.2162
vn -0.8967 0.4294 0.1077
vn -0.5609 0.8096 -0.1730
vn -0.5071 0.8584 -0.0770
vn -0.3451 0.9232 0.1692
vn -0.3286 0.9395 0.0964
vn -0.4842 -0.5971 0.6395
vn -0.7643 0.4352 0.4759
vn -0.4932 0.8439 0.2113
vn -0.2485 0.9351 -0.2526
vn -0.2717 -0.2140 0.9383
vn -0.3618 0.5023 0.7854
vn -0.1660 0.8422 0.5129
vn -0.0458 0.9983 0.0357
vn -0.1865 0.9824 0.0083
vn 0.2055 -0.8076 0.5528
vn 0.0968 -0.0196 0.9951
vn 0.1005 0.4541 0.8853
vn 0.1568 0.8288 0.5372
vn 0.2643 -0.4600 0.8477
vn -0.1597 -0.8523 0.4981
vn 0.0142 -0.0823 0.9965
vn 0.1302 0.5032 0.8543
vn 0.1767 0.7646 0.6198
vn -0.0551 -0.4065 0.9120
vn -0.3730 -0.3289 0.8676
vn -0.4737 -0.6679 0.5740
vn -0.0370 0.0079 0.9993
vn 0.1399 0.4460 0.8840
vn 0.2151 0.8168 0.5353
vn 0.4378 0.8989 0.0206
vn 0.1984 0.9096 0.3650
vn 0.0864 -0.2066 0.9746
vn 0.0208 -0.4398 0.8978
vn 0.2210 -0.3153 0.9229
vn 0.5768 0.3092 0.7561
vn 0.5150 0.7022 0.4917
vn 0.2469 -0.7475 0.6167
vn 0.9009 0.0927 0.4239
vn 0.7976 0.5784 0.1710
vn 0.5814 0.7644 -0.2785
vn 0.5597 0.8286 -0.0141
vn 0.1947 0.9712 -0.1370
vn 0.4688 -0.7720 0.4292
vn 0.5871 -0.7911 0.1717
vn 0.9980 0.0397 0.0485
vn 0.8232 0.5249 -0.2162
vn 0.7989 0.5898 -0.1178
vn 0.5788 -0.7923 0.1932
vn 0.5701 -0.7630 0.3046
vn 0.9800 0.0494 0.1927
vn 0.7402 0.6225 -0.2542
vn 0.6906 0.7102 0.1368
vn 0.7884 0.1881 0.5857
vn 0.7333 0.3491 0.5834
vn 0.4888 -0.7080 0.5098
vn 0.5655 -0.2647 0.7811
vn 0.9177 0.2056 0.3399
vn 0.7208 0.6881 -0.0832
vn 0.6776 0.7326 0.0650
vn 0.8231 0.3513 0.4461
vn 0.6405 0.2591 0.7229
vn 0.6262 -0.2194 0.7481
vn 0.3477 -0.2118 0.9134
vn 0.8991 0.0860 0.4292
vn 0.9342 0.2886 0.2096
vn 0.8856 0.4482 0.1221
vn 0.7608 0.5870 0.2766
vn 0.3411 -0.3703 0.8640
vn -0.3770 -0.4560 0.8062
vn 0.3557 -0.5438 0.7601
vn 0.9483 -0.0106 0.3172
vn -0.5292 -0.6235 0.5756
vn -0.7862 -0.2868 0.5474
vn -0.3055 -0.3035 0.9025
vn 0.5318 -0.3415 0.7750
vn 0.6043 -0.3951 0.6920
vn 0.9585 0.1904 0.2122
vn -0.7982 0.3156 0.5131
vn 0.8270 -0.2012 0.5250
vn 0.7960 0.2735 0.5400
vn 0.7996 0.0853 0.5945
vn 0.7527 0.2450 0.6111
vn 0.7234 0.1239 0.6792
vn 0.8495 0.2490 0.4651
vn 0.9934 0.0526 0.1016
vn 0.8484 0.5077 0.1501
vn 0.6988 0.7151 0.0187
vn 0.4738 0.8792 0.0501
vn 0.4751 0.8536 0.2136
vn 0.9628 0.2701 0.0055
vn 0.7733 0.1121 0.6240
vn 0.2156 0.8878 0.4066
vn -0.0806 0.9637 0.2547
vn -0.0826 0.9942 0.0685
vn -0.4989 0.6026 0.6228
vn -0.6139 0.4764 0.6294
vn -0.3603 0.8940 0.2664
vn -0.3642 0.9300 0.0503
vn -0.5846 0.3884 0.7123
vn -0.4428 0.4820 0.7561
vn -0.5897 0.6419 0.4902
vn -0.4497 0.8360 0.3144
vn -0.5813 0.7871 0.2064
vn -0.6522 0.5589 0.5121
vn -0.6638 0.3869 0.6401
vn -0.5571 0.5143 0.6520
vn -0.3090 0.8279 0.4681
vn -0.5890 0.5601 0.5825
vn -0.6280 0.7596 0.1690
vn 0.6940 0.6889 0.2093
vn 0.6442 0.6496 0.4036
vn 0.7895 0.1215 0.6016
vn 0.5496 0.5762 0.6049
vn 0.8684 0.4764 0.1375
vn -0.5255 -0.6582 0.5391
vn 0.3420 -0.3533 0.8708
vn -0.1243 -0.8801 0.4581
vn 0.0517 -0.7442 0.6660
vn -0.1243 -0.8801 0.4582
vn 0.6283 -0.2184 0.7467
vn 0.3420 -0.3533 0.8707
vn 0.9121 -0.1017 0.3972
vn 0.0517 -0.7441 0.6660
vn -0.1787 -0.6208 0.7633
vn 0.4452 -0.7040 0.5533
vn 0.9275 0.0878 0.3634
vn 0.9780 -0.1971 -0.0690
vn 0.9589 -0.2784 0.0543
vn -0.1472 -0.9614 0.2323
vn 0.7590 -0.6150 0.2138
vn 0.8205 -0.0237 0.5711
vn -0.3627 -0.8598 0.3596
vn 0.5788 -0.7923 0.1931
vn 0.7467 0.1878 0.6381
vn 0.1299 -0.6581 0.7417
vn 0.6495 0.1545 0.7445
vn -0.3506 -0.7687 0.5349
vn 0.0208 -0.4398 0.8979
vn 0.0864 -0.2067 0.9746
vn 0.1715 0.2994 0.9386
vn 0.0147 -0.0800 0.9967
vn -0.3908 -0.7680 0.5073
vn 0.2643 -0.4599 0.8477
vn 0.0169 0.3312 0.9434
vn -0.3110 0.4875 0.8159
vn -0.0668 0.9446 0.3213
vn 0.6946 0.6058 0.3879
vn 0.6662 0.7453 0.0282
vn 0.6818 0.6263 0.3779
vn -0.5088 0.5444 0.6669
vn 0.8548 -0.1321 0.5018
vn 0.5262 0.3153 0.7897
vn 0.2025 0.6764 -0.7082
vn 0.7486 0.5822 -0.3171
vn 0.5257 0.7164 -0.4587
vn 0.9800 -0.0755 0.1840
vn 0.9781 -0.1235 0.1676
vn 0.6907 -0.2604 0.6746
vn 0.5244 0.4285 0.7358
vn 0.7486 0.5823 -0.3171
vn 0.3719 0.8748 0.3105
vn -0.9178 -0.3434 -0.1991
vn -0.5455 -0.7915 -0.2756
vn -0.8475 -0.3485 -0.4003
vn -0.7702 -0.1789 -0.6122
vn -0.3420 -0.3258 -0.8814
vn 0.0856 -0.8010 -0.5925
vn -0.0019 -0.9669 -0.2551
vn 0.7577 -0.5433 -0.3616
vn 0.6895 -0.7199 -0.0794
vn 0.1286 -0.9114 -0.3908
vn 0.8099 -0.5361 -0.2380
vn 0.2025 0.6764 -0.7081
vn -0.1983 0.3058 -0.9312
vn 0.4581 0.0152 -0.8888
vn 0.9425 0.0780 -0.3249
vn -0.8118 0.1530 -0.5635
vn -0.4208 -0.8123 -0.4038
vn -0.4208 -0.8124 -0.4038
vn 0.0283 0.5214 -0.8529
vn 0.2024 0.6764 -0.7081
vn 0.0283 0.5214 -0.8528
vn -0.0497 0.4255 -0.9036
vn 0.1539 0.5305 0.8336
vn 0.1484 0.6231 0.7679
vn 0.2866 0.6585 0.6959
vn 0.8440 -0.5132 0.1559
vn 0.4303 0.5501 0.7157
vn -0.2574 -0.3261 -0.9096
vn -0.7238 0.0869 -0.6845
vn 0.3281 -0.0140 -0.9445
vn -0.4468 0.1359 -0.8843
vn -0.7339 -0.1870 -0.6530
vn -0.4467 0.1359 -0.8843
vn 0.0283 0.5213 -0.8529
vn -0.4468 0.1359 -0.8842
vn 0.2345 0.4827 -0.8438
vn -0.3329 0.6727 0.6608
vn -0.1865 0.7382 0.6483
vn 0.0146 -0.0880 0.9960
vn -0.8471 -0.3505 -0.3995
vn -0.8704 0.4917 -0.0240
vn -0.9896 0.0361 -0.1396
vn -0.9874 0.0833 0.1346
vn -0.9729 0.2305 -0.0195
vn -0.8970 0.4312 0.0970
vn -0.8115 -0.2232 0.5400
vn 0.0147 -0.0880 0.9960
vn -0.9142 -0.3495 -0.2053
vn -0.7899 0.4464 0.4204
vn -0.8558 0.1498 -0.4952
vn -0.8277 -0.2235 -0.5147
vn -0.8758 -0.0965 -0.4730
vn -0.0409 -0.9141 0.4035
vn 0.9134 -0.3975 -0.0874
vn 0.3622 -0.9190 0.1561
vn -0.5085 -0.8530 -0.1175
vn 0.7281 -0.6834 -0.0533
vn 0.2677 0.9197 -0.2871
vn -0.1989 0.7210 -0.6637
vn 0.4317 -0.9020 -0.0036
vn 0.1109 0.8744 -0.4724
vn -0.1906 0.5739 -0.7964
vn 0.0464 0.7088 -0.7039
vn 0.3349 0.9294 -0.1551
vn 0.8810 0.1622 0.4444
vn 0.6908 0.6080 0.3913
vn 0.6286 0.5025 0.5936
vn 0.8866 0.1835 0.4246
vn 0.9271 0.0638 0.3693
vn 0.8344 -0.0867 0.5443
vn 0.8115 0.5543 -0.1848
vn 0.9341 0.3352 0.1228
vn 0.8343 0.4027 0.3765
vn 0.4350 0.9004 0.0005
vn 0.4349 0.9005 0.0005
vn 0.3055 0.8560 0.4170
vn 0.9607 -0.2612 -0.0942
vn 0.8066 0.3186 0.4979
vn 0.8200 0.2556 0.5122
vn 0.9836 0.0338 0.1773
vn -0.1798 0.4842 -0.8563
vn -0.1065 0.2721 -0.9564
vn -0.1141 0.2956 -0.9485
vn 0.8028 0.5013 0.3229
vn 0.9240 0.3177 0.2128
vn 0.6156 0.6670 0.4198
vn 0.9260 0.2687 0.2652
vn 0.8258 0.4623 0.3230
vn 0.4317 -0.9020 -0.0035
vn 0.7453 0.4023 0.5316
vn 0.3622 -0.9189 0.1561
vn 0.4946 -0.7983 -0.3436
vn 0.7025 -0.1105 0.7030
vn 0.8341 -0.1971 0.5152
vn 0.8338 -0.1896 0.5185
vn 0.7614 0.0909 0.6419
vn 0.5504 -0.0221 0.8346
vn -0.9684 0.1580 -0.1931
vn 0.7178 -0.5331 -0.4478
vn 0.9321 0.2366 -0.2741
vn -0.9684 0.1580 -0.1930
vn -0.4313 -0.8968 -0.0983
vn -0.0178 -0.6261 -0.7795
vn 0.5331 -0.6289 -0.5660
vn -0.2845 -0.9582 0.0301
vn 0.4170 -0.8546 0.3096
vn 0.5059 -0.8117 0.2920
vn -0.7133 -0.1243 -0.6897
vn 0.5059 -0.8116 0.2921
vn -0.5910 -0.4261 -0.6849
vn -0.1879 -0.5016 -0.8445
vn 0.5058 -0.8117 0.2920
vn -0.7133 -0.1243 -0.6898
vn -0.1881 -0.5016 -0.8444
vn 0.4195 0.8480 -0.3239
vn 0.8320 -0.3393 0.4388
vn 0.7460 0.5682 0.3473
vn 0.7853 0.5942 0.1738
vn 0.5303 -0.7901 0.3073
vn -0.1868 -0.5000 -0.8456
vn 0.3656 0.8550 -0.3679
vn 0.8686 -0.3067 0.3891
vn 0.0811 -0.9514 0.2971
vn 0.7853 0.5943 0.1738
vn -0.0076 0.8405 -0.5417
vn 0.6311 0.7750 -0.0332
vn 0.6662 0.7452 0.0282
vn 0.9268 0.2884 -0.2405
vn 0.8321 -0.3393 0.4388
vn -0.2186 0.2457 -0.9444
vn -0.1817 0.6825 -0.7079
vn 0.9739 0.1457 0.1743
vn 0.9739 0.1456 0.1744
vn -0.5766 -0.2459 -0.7791
vn -0.0859 -0.9953 -0.0457
vn -0.1440 -0.9465 -0.2887
vn -0.3056 -0.9519 0.0218
vn 0.3324 -0.9174 -0.2187
vn 0.5184 -0.6102 -0.5990
vn 0.3312 -0.9189 -0.2143
vn -0.2056 0.6804 -0.7034
vn 0.1640 -0.0675 -0.9841
vn -0.6455 0.1167 -0.7548
vn -0.5290 0.1358 -0.8377
vn 0.1640 -0.0676 -0.9841
vn -0.6084 0.4687 -0.6405
vn -0.4642 -0.5633 -0.6835
vn 0.4244 -0.8971 -0.1232
vn -0.3327 -0.8794 -0.3405
vn 0.1640 -0.0674 -0.9842
vn 0.9197 -0.3227 0.2236
vn 0.8279 0.5607 -0.0154
vn -0.6399 0.0619 -0.7659
vn -0.5767 -0.2459 -0.7791
vn 0.4169 -0.8546 0.3096
vn -0.8109 0.4194 0.4080
vn -0.8544 0.5119 0.0892
vn -0.3372 0.9130 0.2294
vn -0.8973 -0.2265 0.3788
vn -0.9739 -0.2257 -0.0220
vn -0.9933 0.0795 -0.0838
vn -0.8687 0.4953 0.0021
vn -0.6108 0.7523 -0.2470
vn -0.2699 0.9554 -0.1200
vn 0.0418 0.8356 -0.5478
vn -0.3314 0.9287 -0.1664
vn 0.3237 0.8695 -0.3731
vn -0.1753 0.9807 -0.0861
vn 0.3251 0.9135 -0.2446
vn -0.1969 0.9804 0.0020
vn 0.2774 0.9522 -0.1280
vn 0.7842 0.5532 -0.2810
vn 0.7535 0.5930 -0.2838
vn 0.9366 -0.2139 -0.2777
vn -0.4813 -0.8726 -0.0828
vn -0.8052 -0.5586 -0.1988
vn -0.5112 -0.8585 -0.0406
vn 0.6229 0.5040 -0.5983
vn 0.7279 0.5901 -0.3491
vn 0.1632 0.9454 -0.2822
vn 0.2056 0.7658 -0.6093
vn 0.3679 -0.9023 0.2246
vn 0.7319 -0.6811 -0.0185
vn 0.6080 -0.7843 -0.1234
vn 0.9477 -0.1923 -0.2547
vn 0.8508 -0.1660 -0.4986
vn -0.4607 -0.7965 0.3915
vn 0.1954 -0.9796 -0.0466
vn 0.1965 0.9782 -0.0667
vn -0.3430 0.9375 0.0580
vn -0.4835 0.8103 -0.3311
vn -0.1630 0.8220 -0.5456
vn 0.2785 -0.9156 0.2901
vn -0.3372 0.9131 0.2294
vn -0.5027 0.8427 -0.1928
vn 0.0973 -0.9877 -0.1226
vn -0.7930 -0.5951 -0.1304
vn 0.1826 -0.9701 0.1600
vn -0.0404 -0.9990 0.0216
vn -0.7224 -0.6680 0.1789
vn -0.0404 -0.9989 0.0216
vn -0.5511 -0.7486 0.3687
vn -0.8717 -0.1529 0.4655
vn -0.9240 -0.2096 0.3198
vn -0.8112 0.4193 0.4076
vn 0.0681 -0.9816 0.1783
vn -0.3679 -0.9024 0.2245
vn 0.2374 -0.9693 0.0644
vn -0.3679 -0.9023 0.2245
vn 0.1940 0.9794 -0.0559
vn -0.3398 0.9113 0.2324
vn -0.9808 -0.1950 -0.0074
vn -0.8898 0.1647 0.4255
vn 0.7882 -0.0616 0.6123
vn -0.9118 -0.1342 0.3881
vn -0.7575 0.5260 0.3866
vn -0.7315 0.6349 0.2487
vn -0.4160 0.8572 0.3036
vn -0.7315 0.6348 0.2487
vn -0.6575 0.7037 0.2692
vn -0.7257 0.5989 0.3385
vn -0.3055 0.9426 0.1348
vn -0.9740 -0.2257 -0.0220
vn -0.8052 -0.5587 -0.1988
vn 0.5113 -0.7994 -0.3155
vn 0.1438 -0.9848 -0.0971
vn 0.3534 -0.8948 0.2728
vn 0.5257 -0.7790 -0.3417
vn 0.6035 -0.7522 -0.2644
vn 0.0115 -0.9994 0.0337
vn 0.6330 -0.3367 -0.6971
vn 0.7673 -0.3875 -0.5109
vn 0.9073 -0.1941 -0.3729
vn 0.6493 -0.7543 -0.0970
vn 0.0868 -0.9820 0.1678
vn 0.2672 -0.9627 0.0425
vn 0.4386 0.3184 -0.8404
vn 0.7446 0.3560 -0.5646
vn 0.7589 0.5255 -0.3846
vn 0.9421 -0.1897 -0.2766
vn 0.6674 -0.7300 -0.1471
vn -0.7258 0.5989 0.3385
vn -0.0498 0.4255 -0.9036
vn 0.2347 0.4827 -0.8438
vn -0.0734 -0.7366 -0.6724
vn 0.2346 0.4827 -0.8438
vn -0.4297 -0.0519 -0.9015
vn -0.4298 -0.0519 -0.9014
vn -0.2574 -0.3262 -0.9096
vn -0.9895 0.0361 -0.1396
vn -0.5871 -0.6661 -0.4600
vn 0.5257 0.7164 -0.4586
vn -0.0496 0.4255 -0.9036
vn -0.0724 0.7997 -0.5960
vn 0.2925 0.8223 -0.4881
vn 0.3242 0.6729 -0.6649
vn 0.4104 0.6768 -0.6112
vn 0.6917 0.2397 -0.6813
vn 0.7369 0.1742 -0.6532
vn 0.6990 0.1865 -0.6904
vn -0.6084 0.7927 0.0371
vn -0.5916 0.7144 -0.3737
vn -0.0910 0.9538 -0.2863
vn 0.5124 0.7514 -0.4158
vn 0.6353 0.7700 -0.0597
vn 0.0286 0.9963 -0.0809
vn -0.0519 0.9904 -0.1283
vn -0.6085 0.7927 0.0371
vn 0.3601 0.7695 -0.5275
vn 0.6990 0.1865 -0.6903
vn -0.2461 -0.3980 0.8838
vn 0.3174 -0.3430 0.8841
vn -0.1184 -0.8752 0.4691
vn 0.3038 -0.3319 0.8931
vn 0.3976 -0.6241 0.6726
vn 0.3395 -0.0969 0.9356
vn -0.7281 -0.2197 0.6494
vn -0.6162 -0.5768 0.5363
vn -0.7281 -0.2197 0.6493
vn -0.5287 0.1067 0.8421
vn -0.1382 0.0309 0.9899
vn 0.2901 -0.1438 0.9461
vn 0.7640 -0.2941 0.5743
vn 0.5323 -0.6632 0.5261
vn 0.3301 -0.7243 0.6053
vn 0.6362 -0.2807 0.7187
vn -0.9241 0.3676 0.1044
vn -0.9632 0.2514 0.0952
vn -0.8310 0.2746 0.4837
vn 0.8219 -0.0020 -0.5696
vn 0.8699 -0.1873 -0.4563
vn 0.8173 -0.3042 -0.4893
vn 0.8326 -0.3632 -0.4182
vn 0.3115 0.2167 0.9252
vn -0.2100 -0.6423 0.7371
vn 0.7698 -0.5679 -0.2914
vn 0.8552 -0.5103 -0.0909
vn 0.8085 -0.5539 -0.1988
vn 0.7217 -0.6767 -0.1454
vn 0.6338 -0.7563 -0.1622
vn 0.5093 -0.6817 0.5252
vn 0.7908 -0.5180 0.3260
vn 0.7552 0.2178 0.6183
vn -0.6180 0.7046 -0.3489
vn -0.6180 0.7045 -0.3489
vn -0.4919 0.8126 -0.3126
vn -0.6228 0.7597 0.1871
vn -0.2557 0.9638 0.0752
vn 0.7017 -0.6023 0.3805
vn 0.2908 -0.7996 0.5255
vn 0.7710 -0.5636 0.2964
vn 0.5433 -0.8241 0.1604
vn 0.4235 -0.8934 0.1497
vn 0.5983 -0.7684 0.2272
vn 0.5798 -0.7703 0.2654
vn 0.6513 0.6371 -0.4121
vn 0.3378 -0.2321 0.9122
vn -0.2427 -0.5872 0.7722
vn 0.1083 -0.9927 -0.0526
vn 0.2471 -0.9654 0.0831
vn 0.7217 -0.6768 -0.1454
vn 0.6153 0.7480 -0.2488
vn 0.3015 0.2192 0.9279
vn -0.5394 0.0999 0.8361
vn -0.7271 -0.2232 0.6492
vn -0.9250 0.0009 0.3800
vn -0.9263 0.3466 0.1477
vn -0.4136 0.9080 -0.0667
vn 0.0603 0.9552 -0.2898
vn 0.1158 0.9621 -0.2467
vn -0.6084 0.7928 0.0371
vn -0.4987 0.5193 0.6940
vn -0.6049 0.5120 0.6098
vn -0.9522 0.1163 0.2825
vn 0.2323 0.6779 0.6975
vn 0.1551 0.5862 0.7952
vn 0.7524 0.3316 0.5691
vn 0.8048 0.3642 0.4686
vn 0.3735 0.8227 0.4286
vn 0.0057 0.5382 -0.8428
vn 0.6695 -0.7412 0.0487
vn 0.9567 0.2905 -0.0165
vn -0.9001 0.0842 -0.4275
vn -0.9508 0.3013 -0.0717
vn -0.6834 0.5897 -0.4304
vn 0.9026 -0.2085 0.3766
vn 0.9026 -0.2084 0.3766
vn 0.9200 -0.0657 0.3864
vn 0.6994 -0.1021 0.7074
vn 0.9570 0.2649 0.1182
vn 0.7540 -0.5623 0.3395
vn 0.7253 -0.5112 0.4611
vn -0.9340 -0.3481 -0.0810
vn -0.9244 -0.3301 -0.1910
vn -0.4020 -0.8219 -0.4035
vn -0.7476 -0.5870 -0.3108
vn -0.4020 -0.8219 -0.4036
vn 0.3135 -0.9130 -0.2609
vn 0.4344 -0.8037 -0.4067
vn 0.7875 -0.5573 -0.2632
vn 0.8320 -0.5143 -0.2080
vn 0.9947 -0.0344 -0.0965
vn 0.9845 -0.1274 0.1203
vn -0.8686 -0.0930 -0.4867
vn 0.3020 -0.9532 -0.0157
vn 0.3020 -0.9532 -0.0158
vn 0.5122 -0.8345 -0.2029
vn 0.8629 -0.4631 -0.2023
vn 0.9477 0.2414 -0.2087
vn 0.9324 0.3007 0.2003
vn 0.7857 0.5617 0.2593
vn 0.8844 -0.2465 -0.3963
vn 0.6733 -0.6070 -0.4221
vn -0.9903 -0.1041 -0.0925
vn -0.3324 -0.5483 -0.7674
vn 0.5474 0.7878 0.2823
vn 0.5947 -0.4563 -0.6619
vn -0.8750 -0.4686 -0.1216
vn -0.9564 0.0816 0.2805
vn -0.8750 -0.4687 -0.1216
vn -0.4211 0.7508 0.5089
vn -0.2214 0.8467 -0.4838
vn -0.4078 0.0420 -0.9121
vn -0.9746 -0.1833 -0.1289
vn -0.6049 0.5120 0.6099
vn 0.9322 -0.2949 -0.2099
vn 0.9740 -0.0336 0.2241
vn 0.9946 0.0829 -0.0618
vn 0.6157 0.7497 -0.2428
vn 0.7652 0.5619 -0.3143
vn 0.9115 -0.2072 -0.3552
vn 0.7064 -0.6113 0.3568
vn 0.9942 0.0822 -0.0689
vn 0.3015 0.2193 0.9279
vn 0.2980 0.9545 0.0109
vn 0.3724 0.9239 0.0876
vn 0.7664 0.6048 -0.2163
vn 0.7655 0.5599 -0.3172
vn -0.3423 0.9263 0.1577
vn -0.7085 0.5846 0.3953
vn -0.1812 0.9246 0.3352
vn -0.6728 0.5699 0.4718
vn -0.9587 0.0098 0.2844
vn -0.6175 -0.5760 0.5356
vn -0.9319 -0.1189 0.3427
vn -0.7376 -0.6341 0.2321
vn -0.9784 -0.1216 0.1669
vn -0.8630 0.4951 0.1007
vn -0.8899 0.4524 0.0583
vn -0.4092 0.9040 -0.1240
vn -0.3564 0.9239 -0.1393
vn 0.1508 0.9406 -0.3042
vn 0.1158 0.9622 -0.2467
vn -0.7980 -0.5893 0.1261
vn -0.8824 0.0506 0.4677
vn -0.7375 -0.6342 0.2320
vn -0.0435 -0.9884 -0.1456
vn -0.2434 -0.9623 -0.1215
vn 0.5576 -0.7826 -0.2769
vn 0.4481 -0.7500 -0.4865
vn 0.8493 -0.2846 -0.4447
vn 0.7064 -0.6113 0.3567
vn 0.8049 0.5656 -0.1797
vn 0.8935 0.4490 -0.0006
vn 0.9698 -0.2293 -0.0829
vn 0.8249 0.4536 0.3372
vn 0.8786 -0.2718 0.3927
vn 0.5876 -0.8060 -0.0719
vn -0.0302 -0.9492 0.3131
vn -0.5501 -0.6367 0.5404
vn -0.7583 -0.5344 0.3734
vn 0.9305 -0.0724 0.3591
vn 0.4731 -0.7689 0.4301
vn 0.3822 -0.5598 0.7352
vn -0.1186 -0.2635 0.9573
vn 0.6660 0.6469 0.3714
vn 0.9305 -0.0724 0.3592
vn -0.1101 -0.3997 0.9100
vn 0.4730 -0.7689 0.4301
vn 0.4814 -0.6821 0.5505
vn 0.4813 -0.6821 0.5505
vn -0.4552 0.0942 0.8854
vn -0.4061 0.5298 0.7446
vn -0.1195 0.8900 0.4399
vn 0.4457 0.8179 0.3639
vn 0.8048 0.5656 -0.1797
vn -0.3882 0.1253 0.9130
vn -0.3110 0.4593 0.8320
vn -0.3110 0.4593 0.8321
vn 0.0038 0.7592 0.6508
vn -0.1195 0.8901 0.4399
vn -0.1102 -0.3997 0.9100
vn 0.4813 -0.6822 0.5505
vn 0.1482 0.5318 0.8338
vn -0.0970 0.8176 0.5676
vn 0.4001 0.8250 0.3992
vn 0.4001 0.8249 0.3992
vn 0.8249 0.4537 0.3372
vn 0.4813 -0.6821 0.5506
vn -0.8615 -0.0764 -0.5019
vn -0.2437 -0.4054 -0.8810
vn 0.5083 -0.2657 -0.8192
vn 0.8581 -0.3078 -0.4111
vn 0.8580 -0.3078 -0.4111
vn 0.7503 -0.5712 -0.3328
vn 0.9594 -0.1969 0.2019
vn 0.8986 -0.3501 0.2645
vn 0.9036 -0.0080 -0.4283
vn 0.4698 0.0625 -0.8805
vn 0.4698 0.0625 -0.8806
vn 0.4628 -0.1768 -0.8687
vn 0.9399 -0.0591 -0.3364
vn -0.8424 -0.2434 -0.4807
vn -0.7630 -0.3414 -0.5488
vn -0.2926 -0.6796 -0.6727
vn -0.0891 -0.4331 -0.8969
vn 0.4682 -0.4972 -0.7305
vn 0.3993 -0.6703 -0.6255
vn -0.7631 -0.3414 -0.5488
vn -0.1074 0.0570 -0.9926
vn -0.8148 0.0510 -0.5774
vn -0.3636 -0.1811 -0.9138
vn -0.9391 -0.0534 -0.3396
vn -0.8149 0.0510 -0.5774
vn 0.7874 -0.5115 -0.3441
vn 0.4681 -0.4972 -0.7305
vn -0.9153 -0.0391 -0.4010
vn -0.9726 0.0349 0.2298
vn -0.9712 0.1151 0.2088
vn -0.6773 0.1757 0.7144
vn -0.6071 0.1953 0.7702
vn -0.0841 0.1819 0.9797
vn 0.2557 0.3396 0.9051
vn -0.6071 0.1953 0.7703
vn -0.8116 0.0442 -0.5826
vn -0.9800 -0.1376 0.1439
vn -0.6448 0.2664 0.7164
vn 0.1134 0.1484 0.9824
vn 0.6123 0.1644 0.7734
vn 0.6122 0.1644 0.7734
vn 0.7451 0.0993 0.6595
vn 0.7452 0.0993 0.6594
vn -0.7383 -0.3256 -0.5907
vn -0.8160 -0.2357 -0.5278
vn -0.9219 0.3818 0.0658
vn -0.6348 0.6866 0.3545
vn -0.6348 0.6866 0.3544
vn 0.1646 0.8649 0.4742
vn 0.7595 0.4536 0.4662
vn 0.6711 -0.1047 0.7339
vn 0.7596 0.4536 0.4662
vn 0.6711 -0.1047 0.7340
vn 0.9594 0.1131 0.2583
vn 0.9808 0.0212 0.1939
vn 0.7452 0.0993 0.6595
vn 0.9398 -0.0591 -0.3364
vn 0.6436 0.6956 -0.3192
vn 0.5929 0.7593 -0.2682
vn 0.8345 0.2454 -0.4934
vn -0.8661 0.1379 0.4805
vn -0.7697 0.3104 0.5578
vn -0.6004 -0.2726 0.7518
vn -0.7527 -0.5102 0.4161
vn -0.6023 0.7588 0.2477
vn -0.5753 0.7323 0.3645
vn -0.0084 0.9993 0.0369
vn -0.0842 0.9891 -0.1211
vn 0.5649 0.6954 -0.4441
vn -0.6083 -0.2701 0.7463
vn 0.8847 -0.3630 -0.2924
vn 0.7665 -0.4643 -0.4437
vn 0.8045 0.0856 -0.5877
vn 0.8350 0.2436 -0.4934
vn 0.9027 0.2694 -0.3356
vn 0.6376 0.7687 -0.0505
vn 0.9034 0.1324 -0.4079
vn -0.7925 0.2922 0.5354
vn -0.8834 0.1642 0.4388
vn -0.7741 -0.4973 0.3918
vn 0.7908 -0.5180 0.3261
vn 0.3133 -0.9370 -0.1545
vn -0.2101 -0.6423 0.7371
vn 0.9039 -0.4145 -0.1054
vn 0.0327 0.9918 0.1234
vn -0.5364 0.7829 0.3151
vn -0.7535 -0.5114 0.4132
vn -0.6033 -0.2710 0.7501
vn -0.4517 -0.8691 0.2015
vn -0.8835 0.1642 0.4388
vn -0.8691 0.1358 0.4757
vn -0.2099 -0.6423 0.7371
vn -0.5733 -0.3820 0.7248
vn 0.9034 0.1340 -0.4073
vn 0.8045 0.0877 -0.5874
vn 0.9026 0.2699 -0.3353
vn -0.7924 0.2923 0.5354
vn -0.2235 0.7722 0.5948
vn 0.0665 0.9834 0.1689
vn 0.6136 0.7732 0.1604
vn 0.6135 0.7732 0.1604
vn 0.9084 0.3596 0.2131
vn 0.7558 0.6123 0.2321
vn -0.2856 0.4338 0.8545
vn -0.2478 0.5397 0.8045
vn -0.2478 0.5397 0.8046
vn -0.1982 0.7611 0.6177
vn 0.2393 0.8568 0.4567
vn 0.6190 0.7672 0.1678
vn 0.1839 0.9473 0.2623
vn 0.4250 0.5335 0.7313
vn 0.4250 0.5334 0.7313
vn 0.9029 -0.0223 0.4293
vn 0.0639 -0.9481 0.3116
vn 0.1839 0.9473 0.2624
vn -0.1982 0.7610 0.6177
vn 0.2393 0.8569 0.4567
vn 0.6190 0.7673 0.1678
vn -0.4359 -0.1380 0.8894
vn 0.4175 -0.8828 0.2155
vn 0.8566 -0.2856 0.4297
vn 0.3814 -0.3353 0.8614
vn 0.4175 -0.8827 0.2155
vn 0.3814 -0.3353 0.8615
vn -0.1140 -0.7557 0.6450
vn -0.0706 -0.0453 0.9965
vn -0.1140 -0.7556 0.6450
vn 0.4174 -0.8828 0.2155
vn 0.9029 -0.0223 0.4292
vn 0.0850 -0.6293 0.7725
vn 0.0849 -0.6293 0.7725
vn 0.7558 0.6123 0.2322
vn 0.9029 -0.0222 0.4292
vn 0.0638 -0.9481 0.3116
vn -0.4359 -0.1380 0.8893
vn -0.3480 0.7831 0.5155
vn -0.1119 0.9937 0.0013
vn 0.3553 0.8024 -0.4795
vn 0.3378 -0.2321 0.9121
vn -0.4243 0.2465 0.8713
vn -0.7916 0.0349 0.6101
vn -0.5557 0.7108 0.4312
vn -0.3492 0.7801 0.5192
vn 0.0875 -0.9570 0.2765
vn -0.2826 -0.9526 0.1129
vn -0.6552 -0.5371 0.5313
vn -0.5648 0.1906 0.8029
vn -0.0648 0.9893 0.1310
vn 0.4034 0.8342 -0.3761
vn 0.6275 0.2178 -0.7475
vn -0.5553 0.7111 0.4313
vn -0.0065 0.9969 0.0783
vn 0.4724 0.8333 -0.2871
vn 0.7631 0.1678 -0.6241
vn 0.6945 -0.3959 -0.6007
vn 0.6991 0.1865 -0.6903
vn 0.7704 0.2388 -0.5911
vn 0.6309 -0.4643 -0.6216
vn 0.7479 -0.3557 -0.5604
vn 0.2300 -0.9156 -0.3297
vn -0.5182 0.7535 0.4046
vn -0.3559 -0.5409 0.7621
vn 0.7552 0.2177 0.6183
vn 0.4978 -0.8530 -0.1565
vn 0.2148 0.9277 0.3052
vn 0.5251 0.8383 -0.1468
vn 0.2719 0.7854 0.5561
vn 0.6418 0.7657 -0.0422
vn 0.2897 0.8887 0.3555
vn 0.6418 0.7657 -0.0421
vn 0.6987 0.7154 -0.0017
vn 0.9401 0.3212 -0.1140
vn 0.9189 0.3410 -0.1985
vn 0.9881 0.1502 -0.0335
vn 0.9843 -0.1080 -0.1394
vn 0.7480 -0.3557 -0.5604
vn 0.7575 0.4834 0.4388
vn 0.6418 0.7657 -0.0420
vn 0.7575 0.4834 0.4387
vn 0.1115 0.4995 0.8591
vn -0.2156 -0.7547 0.6196
vn 0.7575 0.4833 0.4388
vn -0.2157 -0.7547 0.6197
vn 0.8978 -0.3416 0.2779
vn 0.8670 -0.4045 0.2910
vn 0.4978 -0.8531 -0.1565
vn -0.2570 0.7936 0.5515
vn 0.1623 0.7398 0.6529
vn 0.2148 0.9278 0.3052
vn 0.1848 0.4228 0.8872
vn 0.1623 0.7399 0.6529
vn -0.2570 0.7937 0.5514
vn -0.2570 0.7936 0.5514
vn 0.1169 -0.9082 0.4018
vn 0.4831 -0.1490 0.8628
vn 0.4832 -0.1490 0.8628
vn 0.2718 0.7854 0.5561
vn 0.8670 -0.4045 0.2909
vn 0.4832 -0.1490 0.8627
vn -0.0066 -0.4998 0.8661
vn -0.2157 -0.7547 0.6196
vn 0.1114 0.4995 0.8591
vn 0.8978 -0.3416 0.2780
vn 0.8186 0.1398 0.5571
vn 0.5992 0.3678 0.7111
vn 0.7069 -0.2554 0.6596
vn -0.8899 0.1646 0.4255
vn 0.3060 0.5417 0.7829
vn 0.3833 -0.3098 0.8701
vn 0.3834 -0.3098 0.8701
vn -0.5928 0.7976 0.1112
vn -0.5928 0.7976 0.1111
vn 0.7946 0.3180 0.5172
vn 0.2767 0.9213 -0.2734
vn 0.2030 0.4422 -0.8736
vn -0.0510 0.4482 -0.8925
vn 0.1663 -0.1197 -0.9788
vn -0.1232 -0.0438 -0.9914
vn 0.6799 -0.4107 -0.6075
vn 0.2897 -0.5994 0.7462
vn 0.3242 -0.9429 -0.0768
vn 0.4305 -0.8428 -0.3231
vn 0.6428 0.7194 0.2632
vn 0.0787 0.9119 0.4028
vn -0.3411 0.9372 -0.0726
vn 0.2766 0.9213 -0.2734
vn 0.5680 0.4458 0.6918
vn 0.5948 0.4928 0.6351
vn 0.6692 0.4285 0.6071
vn 0.7139 0.2567 0.6515
vn 0.4544 0.5850 0.6718
vn -0.1909 0.9806 0.0455
vn -0.1141 0.8380 -0.5336
vn 0.2682 -0.5247 -0.8080
vn 0.1740 -0.5581 -0.8113
vn 0.0093 0.1674 -0.9858
vn 0.2682 -0.5247 -0.8079
vn 0.0244 0.1315 -0.9910
vn -0.1867 0.7056 -0.6835
vn -0.1867 0.7056 -0.6836
vn 0.3055 0.8560 0.4169
vn 0.0866 0.0005 -0.9962
vn -0.1065 0.2721 -0.9563
vn 0.2681 -0.2766 -0.9228
vn -0.0926 0.8953 0.4357
vn 0.6949 -0.6215 0.3618
vn 0.7042 -0.6952 -0.1445
vn 0.3876 -0.8686 -0.3086
vn 0.3221 0.1058 0.9408
vn 0.7041 -0.6952 -0.1445
vn 0.6717 0.6438 0.3665
vn 0.1622 -0.4657 -0.8700
vn 0.0940 -0.4381 -0.8940
vn -0.6170 0.2081 -0.7589
vn -0.6169 0.2082 -0.7590
vn -0.3719 0.7559 -0.5388
vn -0.6170 0.2082 -0.7589
vn -0.3483 0.6904 -0.6340
vn -0.5418 0.8379 0.0656
vn -0.4622 0.8051 0.3719
vn -0.1924 0.5851 0.7878
vn -0.4622 0.8050 0.3719
vn 0.1492 -0.4430 0.8840
vn 0.7138 0.2573 0.6513
vn 0.6521 -0.7284 -0.2101
vn 0.7829 -0.6063 -0.1393
vn 0.1622 -0.4656 -0.8700
vn 0.6521 -0.7285 -0.2101
vn 0.9240 -0.3573 -0.1365
vn 0.8969 -0.4381 -0.0603
vn 0.9948 -0.0949 0.0370
vn 0.7907 -0.5984 0.1292
vn 0.7882 -0.0616 0.6124
vn 0.2276 -0.9158 0.3310
vn 0.1826 -0.9701 0.1599
vn 0.2376 -0.9346 0.2647
vn 0.8149 -0.1724 0.5533
vn 0.2376 -0.9346 0.2646
vn 0.7563 -0.4763 0.4485
vn -0.2656 -0.9396 -0.2158
vn -0.3558 -0.9270 -0.1187
vn 0.2506 -0.9661 -0.0617
vn -0.7681 -0.6395 0.0327
vn -0.8339 -0.5407 0.1109
vn -0.9468 0.2444 0.2092
vn -0.9334 0.2025 0.2963
vn -0.5607 0.6373 0.5286
vn 0.4280 -0.8768 -0.2191
vn -0.1137 -0.9718 -0.2066
vn -0.8557 -0.5130 -0.0681
vn 0.8563 -0.4993 -0.1319
vn 0.8409 -0.5080 -0.1865
vn 0.9941 0.1071 -0.0158
vn 0.7123 0.6890 0.1341
vn 0.7534 0.6476 0.1144
vn 0.0938 -0.9895 -0.1100
vn -0.0553 0.5156 0.8550
vn 0.5670 0.4303 0.7024
vn 0.8813 -0.1600 0.4447
vn -0.8652 -0.4816 -0.1397
vn -0.5548 0.6408 0.5306
vn 0.0179 0.9660 0.2578
vn 0.7099 -0.6904 0.1393
vn -0.5254 0.8321 0.1776
vn -0.5420 0.8205 0.1817
vn 0.1053 0.9703 0.2177
vn 0.2418 -0.9673 -0.0764
vn 0.3628 -0.9317 0.0175
vn 0.4644 -0.8529 -0.2385
vn -0.3196 -0.9335 -0.1627
vn 0.3834 -0.9228 0.0390
vn 0.3834 -0.9227 0.0390
vn -0.9435 0.2841 0.1706
vn -0.5206 0.7460 0.4154
vn 0.1288 0.8872 0.4431
vn -0.5206 0.7459 0.4154
vn 0.7725 0.5276 0.3535
vn 0.7725 0.5276 0.3534
vn 0.9972 0.0623 0.0419
vn 0.9804 0.0170 0.1962
vn 0.8338 -0.5397 0.1162
vn 0.3902 -0.9205 0.0191
vn -0.4428 0.4638 0.7673
vn 0.1350 0.5943 0.7928
vn 0.6300 0.3492 0.6936
vn 0.7742 -0.1502 0.6149
vn 0.7742 -0.1502 0.6148
vn 0.6448 -0.6140 0.4553
vn 0.2514 -0.8710 0.4222
vn -0.3744 0.3481 0.8594
vn 0.2091 0.5637 0.7991
vn 0.8705 0.2739 0.4088
vn 0.8705 0.2739 0.4089
vn 0.6852 -0.6148 0.3905
vn 0.2801 -0.8806 0.3822
vn 0.2514 -0.8709 0.4222
vn 0.2091 0.5637 0.7990
vn 0.7904 -0.0051 0.6126
vn 0.8706 0.2739 0.4088
vn 0.7904 -0.0052 0.6126
vn 0.6853 -0.6147 0.3905
vn 0.4644 -0.8529 -0.2384
vn 0.3901 -0.9206 0.0191
vn -0.2364 -0.9357 0.2618
vn -0.7787 -0.4871 0.3954
vn -0.8702 0.0802 0.4862
vn -0.5205 0.7460 0.4154
vn 0.2513 -0.8710 0.4222
vn -0.1063 -0.9289 0.3547
vn -0.5241 -0.6265 0.5769
vn -0.7155 -0.0140 0.6984
vn -0.4429 0.4638 0.7673
vn 0.2372 -0.9440 0.2293
vn -0.4937 -0.5711 0.6558
vn -0.5094 0.3357 0.7924
vn -0.5094 0.3357 0.7923
vn -0.7156 -0.0140 0.6984
vn 0.7903 -0.0051 0.6127
vn 0.7903 -0.0052 0.6126
vn 0.1841 0.7528 0.6320
vn 0.1051 0.2579 0.9604
vn 0.1551 0.4154 0.8963
vn -0.5168 -0.1328 0.8457
vn 0.1448 0.5510 0.8218
vn 0.7939 -0.0887 0.6015
vn 0.9691 0.1320 0.2084
vn 0.6791 -0.7295 0.0816
vn 0.2230 -0.9703 0.0939
vn 0.0470 -0.2256 0.9731
vn 0.2230 -0.9703 0.0938
vn 0.0264 0.6237 0.7812
vn 0.0596 0.3488 0.9353
vn 0.6674 -0.1158 0.7356
vn 0.2739 -0.8294 0.4869
vn -0.4761 -0.7069 0.5231
vn -0.4541 -0.8194 0.3497
vn -0.8006 0.0663 0.5955
vn -0.4542 -0.8194 0.3497
vn -0.6015 0.1622 0.7822
vn -0.7361 0.1141 0.6672
vn 0.0959 0.6533 0.7510
vn 0.9138 0.1117 0.3906
vn 0.4966 -0.8596 0.1200
vn -0.7179 0.4779 0.5062
vn -0.9122 -0.3741 0.1670
vn -0.6664 -0.7455 -0.0118
vn -0.9127 -0.4060 -0.0456
vn -0.7368 0.2314 0.6353
vn 0.1214 0.5268 0.8413
vn 0.9003 0.2896 0.3249
vn 0.8482 -0.4485 -0.2817
vn -0.7306 -0.6803 -0.0588
vn -0.6780 -0.2689 0.6841
vn -0.1723 -0.0898 0.9809
vn 0.6633 -0.2065 0.7193
vn 0.6634 -0.2065 0.7192
vn 0.6634 -0.2064 0.7193
vn 0.6582 -0.7085 -0.2546
vn -0.1297 -0.9242 0.3592
vn -0.1298 -0.9242 0.3592
vn -0.8785 -0.4757 0.0438
vn -0.7954 0.2774 0.5388
vn 0.1448 0.5510 0.8219
vn -0.7955 0.2774 0.5388
vn 0.0554 0.6770 0.7339
vn -0.7954 0.2774 0.5389
vn 0.8929 0.2539 0.3717
vn 0.8930 0.2539 0.3717
vn 0.8972 -0.4179 -0.1428
vn -0.7664 -0.2123 0.6063
vn 0.0645 0.0087 0.9979
vn 0.8300 -0.2743 0.4856
vn 0.6075 -0.7221 -0.3309
vn -0.0644 -0.9075 0.4151
vn -0.8001 -0.5936 -0.0865
vn 0.0645 0.0086 0.9979
vn -0.4402 -0.8056 0.3966
vn -0.7830 0.0276 0.6214
vn 0.2704 0.4466 0.8529
vn 0.0131 0.7469 0.6648
vn 0.9183 0.3810 0.1075
vn 0.9417 0.0520 0.3324
vn 0.8191 0.5149 0.2530
vn 0.2825 0.6036 0.7456
vn -0.7681 -0.6299 0.1153
vn -0.6161 -0.0747 0.7841
vn 0.5094 0.3704 0.7767
vn 0.9617 0.2247 0.1570
vn 0.8897 -0.2460 -0.3846
vn 0.7722 -0.6269 -0.1033
vn 0.7722 -0.6270 -0.1033
vn 0.2427 -0.8215 0.5159
vn 0.2426 -0.8215 0.5160
vn 0.2428 -0.8215 0.5160
vn 0.2427 -0.8215 0.5160
vn 0.9082 0.1067 -0.4047
vn 0.7528 -0.6060 -0.2571
vn 0.7527 -0.6060 -0.2571
vn 0.3559 -0.5654 -0.7441
vn 0.8686 0.0562 -0.4922
vn 0.5258 0.7164 -0.4586
vn -0.0497 0.4254 -0.9036
vn 0.0615 -0.9809 -0.1843
vn 0.7527 -0.6061 -0.2571
vn 0.2230 -0.9703 0.0937
vn 0.2231 -0.9703 0.0937
vn 0.0156 -0.9916 -0.1284
vn -0.2196 -0.9750 -0.0340
vn -0.5847 -0.6680 -0.4604
vn -0.9121 -0.3742 0.1673
vn -0.0990 -0.9705 -0.2199
vn -0.4402 -0.8056 0.3965
vn -0.0045 -0.8291 -0.5591
vn -0.7683 -0.6295 0.1159
vn 0.2430 -0.8204 0.5175
vn 0.2430 -0.8205 0.5174
vn 0.1743 -0.9845 -0.0174
vn 0.0522 -0.9193 -0.3900
vn -0.8785 -0.4757 0.0437
vn -0.2174 -0.7360 -0.6412
vn -0.0645 -0.9074 0.4152
vn 0.6075 -0.7222 -0.3308
vn 0.8972 -0.4178 -0.1428
vn -0.1006 -0.9874 -0.1219
vn -0.1043 -0.8057 -0.5831
vn -0.9127 -0.4061 -0.0454
vn -0.1137 -0.8023 -0.5859
vn -0.1137 -0.8024 -0.5859
vn 0.4967 -0.8596 0.1200
vn 0.8482 -0.4485 -0.2816
vn -0.1296 -0.9242 0.3592
vn 0.7317 0.6732 -0.1068
vn 0.3227 0.4333 0.8415
vn -0.6737 -0.1521 -0.7232
vn -0.0507 -0.8579 -0.5113
vn -0.7696 0.2476 -0.5886
vn -0.5369 -0.6724 -0.5095
vn 0.6740 -0.3882 -0.6286
vn 0.6739 -0.3882 -0.6286
vn -0.5369 -0.6724 -0.5096
vn -0.9702 -0.1061 0.2180
vn 0.2990 -0.4122 -0.8606
vn 0.6740 -0.3882 -0.6285
vn -0.9702 -0.1060 0.2179
vn -0.6226 -0.7017 -0.3464
vn -0.0208 -0.9848 -0.1726
vn -0.8701 -0.3982 -0.2904
vn 0.7786 0.4688 -0.4172
vn -0.8701 -0.3983 -0.2904
vn 0.7786 0.4688 -0.4171
vn -0.4108 0.9071 0.0915
vn -0.7417 -0.6071 -0.2852
vn -0.4108 0.9071 0.0916
vn -0.3730 0.3031 -0.8769
vn -0.0440 -0.9193 -0.3912
vn -0.3731 0.3030 -0.8769
vn 0.4343 -0.8578 -0.2750
vn -0.0440 -0.9192 -0.3913
vn 0.2990 -0.4123 -0.8606
vn -0.1448 -0.9600 -0.2396
vn -0.6965 -0.1023 -0.7102
vn -0.1524 -0.3768 -0.9137
vn 0.6765 0.3397 0.6534
vn 0.5680 0.2360 0.7885
vn -0.2688 -0.6679 -0.6940
vn -0.5812 0.7909 0.1915
vn -0.4436 0.8524 0.2770
vn -0.8824 0.2174 -0.4172
vn -0.5294 0.8114 0.2477
vn -0.8800 0.4013 -0.2542
vn -0.3065 0.9474 -0.0919
vn -0.8994 -0.3796 0.2167
vn -0.9531 -0.0195 0.3019
vn 0.3811 -0.9173 -0.1154
vn 0.8617 -0.2130 -0.4605
vn 0.8909 -0.1890 -0.4131
vn -0.8494 -0.2945 -0.4379
vn 0.6156 0.6669 0.4198
vn -0.0718 0.8736 0.4813
vn -0.1768 0.6960 0.6959
vn -0.2517 0.6146 0.7476
vn -0.1932 0.3958 0.8978
vn -0.0182 0.4741 0.8803
vn 0.2290 0.3737 0.8988
vn 0.4341 0.4109 0.8017
vn -0.8627 -0.3116 0.3982
vn -0.0392 -0.9700 -0.2398
vn -0.9466 -0.2794 0.1606
vn -0.9594 -0.2351 0.1556
vn -0.5084 -0.7472 -0.4281
vn 0.5548 -0.4705 -0.6862
vn 0.8688 0.4068 -0.2823
vn -0.7988 -0.1061 0.5922
vn -0.7481 0.1915 0.6354
vn -0.5114 0.0639 0.8570
vn -0.1086 -0.4245 0.8989
vn 0.0693 -0.8956 -0.4395
vn 0.7785 -0.5911 -0.2111
vn -0.1042 0.8541 -0.5096
vn -0.2413 0.9088 -0.3403
vn -0.4064 0.9095 -0.0872
vn 0.3898 -0.7876 0.4773
vn 0.6056 -0.7761 0.1758
vn 0.7708 -0.0757 -0.6326
vn -0.3348 -0.6582 -0.6743
vn 0.5474 -0.3251 -0.7711
vn 0.5474 -0.3252 -0.7711
vn 0.2005 -0.7505 -0.6297
vn -0.8118 -0.0300 -0.5832
vn 0.3999 -0.8672 -0.2967
vn 0.2004 -0.7505 -0.6297
vn -0.3833 -0.5856 -0.7143
vn 0.6113 -0.7204 -0.3275
vn -0.3832 -0.5856 -0.7143
vn -0.3832 -0.5857 -0.7143
vn 0.7094 -0.1951 -0.6773
vn 0.0397 -0.9974 0.0605
vn -0.3878 -0.8891 0.2432
vn 0.0396 -0.9974 0.0606
vn 0.0720 -0.9923 0.1005
vn -0.1469 -0.9877 0.0534
vn 0.6113 -0.7204 -0.3276
vn 0.7814 -0.5791 -0.2327
vn 0.7813 -0.5791 -0.2327
vn -0.4142 0.7553 -0.5080
vn 0.7321 0.6313 -0.2559
vn -0.4142 0.7553 -0.5079
vn 0.2115 -0.9026 -0.3750
vn -0.1141 -0.4395 -0.8910
vn 0.5340 -0.3726 -0.7590
vn 0.5862 -0.7962 0.1499
vn 0.7510 -0.6561 0.0741
vn -0.4490 -0.4656 -0.7627
vn -0.4490 -0.4656 -0.7626
vn 0.8296 -0.5398 0.1428
vn 0.9405 -0.3384 -0.0307
vn 0.8754 -0.4816 -0.0411
vn 0.5782 -0.7986 -0.1671
vn 0.9561 -0.2025 -0.2116
vn 0.9022 -0.2529 -0.3494
vn -0.0805 -0.7304 -0.6783
vn 0.9119 -0.2606 -0.3170
vn 0.9562 -0.2025 -0.2116
vn 0.0074 -0.5635 -0.8261
vn -0.0805 -0.7304 -0.6782
vn 0.0074 -0.5634 -0.8261
vn -0.3927 -0.8713 -0.2945
vn 0.5650 -0.8224 -0.0667
vn -0.3927 -0.8712 -0.2945
vn 0.5495 0.7104 -0.4397
vn 0.5805 0.6719 -0.4600
vn 0.7777 0.3341 -0.5325
vn 0.7902 0.1810 -0.5855
vn 0.7961 0.2672 -0.5429
vn 0.7225 0.1555 -0.6736
vn 0.5897 0.0589 -0.8055
vn 0.4180 -0.0340 -0.9078
vn -0.0042 -0.6938 -0.7201
vn 0.3088 -0.5837 -0.7509
vn 0.7372 -0.4689 -0.4865
vn -0.1372 -0.9893 -0.0488
vn 0.6123 0.7906 0.0056
vn 0.7334 0.6144 -0.2908
vn 0.8853 -0.1151 -0.4505
vn 0.8285 -0.0654 -0.5561
vn 0.8119 0.3455 -0.4706
vn 0.1614 -0.2181 -0.9625
vn 0.1614 -0.2182 -0.9625
vn 0.8546 0.0484 -0.5170
vn 0.7948 0.1141 -0.5960
vn 0.9110 -0.0454 -0.4099
vn 0.6660 -0.6221 -0.4117
vn -0.9994 0.0246 -0.0246
vn -0.1686 -0.9246 -0.3415
vn 0.7619 -0.1726 -0.6243
vn -0.0797 0.5507 -0.8309
vn -0.5880 -0.0761 -0.8052
vn -0.6775 0.7192 -0.1540
vn -0.5881 -0.0761 -0.8052
vn 0.3771 -0.7111 -0.5934
vn -0.5675 -0.8103 -0.1465
vn 0.6399 -0.7682 0.0206
vn -0.9471 -0.2005 0.2504
vn -0.9035 0.4278 -0.0268
vn -0.3451 -0.8653 -0.3634
vn -0.6098 -0.3554 -0.7084
vn -0.3451 -0.8654 -0.3634
vn -0.9179 0.3836 -0.1019
vn -0.5180 -0.6795 -0.5195
vn -0.5180 -0.6796 -0.5195
vn -0.9466 0.1299 0.2950
vn -0.9423 -0.3252 0.0794
vn -0.9178 0.0244 0.3963
vn 0.1484 -0.5399 -0.8286
vn -0.8112 0.5738 0.1127
vn -0.8309 0.4195 0.3656
vn -0.8500 0.2262 0.4758
vn 0.1485 -0.5399 -0.8286
vn -0.6696 0.5967 -0.4422
vn -0.7476 0.6640 0.0164
vn -0.7685 0.6372 0.0578
vn -0.8433 -0.1294 -0.5216
vn -0.6332 -0.7598 -0.1475
vn -0.9611 0.2544 0.1076
vn -0.7316 0.3748 -0.5694
vn -0.8433 -0.1295 -0.5216
vn -0.7316 0.3749 -0.5694
vn -0.2498 0.6427 -0.7243
vn -0.5992 0.5723 -0.5599
vn -0.7866 0.6041 -0.1277
vn -0.9307 -0.1238 -0.3441
vn -0.8587 0.3919 -0.3303
vn -0.4445 0.5302 -0.7220
vn 0.0996 0.3496 -0.9316
vn -0.2272 0.8204 -0.5248
vn -0.2582 -0.5910 -0.7642
vn 0.3689 0.3362 -0.8665
vn 0.0601 -0.1579 -0.9856
vn -0.8685 0.4500 -0.2076
vn 0.1066 0.2935 -0.9500
vn -0.9009 -0.2482 -0.3561
vn -0.4064 0.9095 -0.0873
vn 0.9322 0.2366 -0.2741
vn -0.5367 -0.0488 -0.8424
vn -0.3079 -0.6707 -0.6748
vn -0.5174 0.7609 -0.3915
vn 0.7785 0.5836 -0.2311
vn 0.1984 0.9410 -0.2741
vn 0.1705 0.6136 -0.7710
vn 0.6444 0.7055 -0.2950
vn 0.1252 0.8547 -0.5037
vn 0.1252 0.8548 -0.5037
vn 0.8057 0.5136 -0.2950
vn -0.6583 0.6032 -0.4504
vn -0.9233 -0.3278 0.2002
vn -0.6341 -0.3935 -0.6656
vn -0.0994 -0.9424 -0.3195
vn -0.8498 0.2253 -0.4766
vn -0.2896 0.4538 -0.8427
vn -0.7964 0.4072 -0.4472
vn -0.3720 0.5856 -0.7202
vn -0.3702 -0.3131 -0.8746
vn 0.2279 0.5118 -0.8283
vn -0.0749 0.7978 -0.5983
vn -0.0749 0.7977 -0.5983
vn 0.5504 0.5666 -0.6132
vn 0.2784 0.2451 -0.9287
vn -0.1604 0.0794 -0.9839
vn -0.6583 0.6031 -0.4504
vn -0.6429 0.4105 -0.6466
vn -0.7321 0.5721 -0.3697
vn -0.6429 0.4105 -0.6467
vn -0.8686 0.4500 -0.2076
vn -0.8685 0.4501 -0.2076
vn -0.8498 0.2253 -0.4765
vn -0.7593 0.4097 -0.5056
vn -0.5046 0.3443 -0.7917
vn -0.7322 0.5720 -0.3697
vn -0.2488 0.2526 -0.9350
vn 0.0207 -0.9215 0.3879
vn 0.8817 -0.4234 -0.2080
vn 0.6695 -0.7412 0.0486
vn 0.8817 -0.4234 -0.2081
vn 0.8881 0.2127 -0.4074
vn 0.6694 -0.7426 -0.0217
vn 0.6400 -0.7566 -0.1339
vn 0.8320 -0.4072 0.3768
vn 0.5957 -0.7992 -0.0803
vn 0.2689 -0.7520 -0.6018
vn 0.4484 -0.6524 -0.6110
vn 0.5341 -0.3348 -0.7763
vn 0.6764 0.0450 -0.7352
vn -0.6218 -0.3548 -0.6982
vn -0.2811 -0.6711 -0.6860
vn -0.4235 -0.7680 -0.4805
vn -0.2322 -0.3852 -0.8931
vn -0.8257 -0.2836 -0.4877
vn -0.7817 0.0623 -0.6205
vn -0.5816 0.0229 -0.8132
vn -0.5668 -0.3246 -0.7572
vn 0.1786 -0.4687 -0.8651
vn 0.1766 -0.7156 0.6758
vn -0.5056 -0.8271 0.2455
vn -0.9972 -0.0492 -0.0566
vn -0.8624 -0.2164 -0.4577
vn -0.7442 0.1122 -0.6584
vn -0.6918 0.2914 -0.6607
vn -0.8036 0.2613 -0.5348
vn -0.6541 0.2381 -0.7180
vn -0.1981 0.6766 -0.7092
vn -0.8038 0.2603 -0.5349
vn -0.0590 0.9946 -0.0856
vn 0.5736 0.7264 -0.3785
vn -0.0591 0.9946 -0.0856
vn 0.3205 0.8054 -0.4986
vn 0.5362 0.5542 -0.6367
vn 0.7776 0.0835 -0.6232
vn -0.1623 0.5906 -0.7905
vn 0.3465 0.7858 -0.5122
vn 0.5770 0.6959 -0.4276
vn 0.6094 0.6922 -0.3865
vn 0.6094 0.6923 -0.3865
vn 0.5001 -0.6122 -0.6124
vn 0.3501 -0.4482 -0.8225
vn 0.4010 -0.7015 -0.5891
vn 0.6095 0.6922 -0.3865
vn 0.8943 0.3866 -0.2253
vn 0.4041 -0.6999 -0.5889
vn 0.0957 -0.6997 -0.7080
vn 0.9027 -0.2083 0.3766
vn 0.1040 -0.4444 0.8898
vn -0.9804 -0.1666 -0.1050
vn -0.9729 0.1348 -0.1877
vn -0.9873 0.1253 0.0974
vn -0.5662 -0.5532 0.6111
vn 0.7255 -0.4727 -0.5003
vn 0.7254 -0.4727 -0.5003
vn 0.6695 -0.7412 0.0488
vn -0.8154 -0.5032 -0.2862
vn 0.0281 -0.7618 -0.6472
vn -0.6259 -0.4191 -0.6577
vn 0.8752 0.3577 -0.3257
vn 0.9898 0.0359 -0.1380
vn 0.7095 0.0888 -0.6991
vn 0.5932 -0.5708 -0.5678
vn 0.6282 -0.7761 -0.0549
vn 0.0825 -0.9542 -0.2875
vn -0.2811 -0.6712 -0.6860
vn -0.2811 -0.6712 -0.6859
vn -0.8686 -0.0929 -0.4867
vn 0.9727 -0.1196 -0.1987
vn 0.7118 0.2063 0.6714
vn 0.6856 0.6681 0.2892
vn -0.4852 0.0169 -0.8743
vn 0.4048 -0.4772 -0.7800
vn 0.4361 0.5610 0.7036
vn -0.6126 0.3772 0.6946
vn -0.1557 0.9094 0.3858
vn -0.6042 0.7633 0.2287
vn -0.1743 0.8872 0.4271
vn 0.2240 0.9068 0.3572
vn -0.1743 0.8873 0.4271
vn -0.8437 0.5306 -0.0819
vn -0.3031 0.9385 0.1654
vn -0.3242 0.9218 0.2126
vn -0.9165 -0.3587 0.1769
vn -0.9137 -0.3533 -0.2010
vn -0.5963 -0.0335 -0.8021
vn -0.1422 0.9670 -0.2115
vn -0.8436 0.5306 -0.0819
vn 0.9935 -0.0622 -0.0954
vn 0.5509 0.3533 -0.7561
vn 0.9209 0.3808 -0.0832
vn 0.7837 -0.3781 -0.4928
vn -0.8948 -0.4126 -0.1703
vn -0.3980 -0.9104 -0.1131
vn -0.4732 -0.8137 -0.3375
vn -0.9487 0.2475 -0.1966
vn -0.5655 0.4329 -0.7020
vn -0.6696 -0.6737 -0.3128
vn -0.7303 -0.1390 -0.6688
vn -0.3687 -0.8431 -0.3915
vn 0.3065 -0.9513 0.0333
vn 0.2285 -0.9637 -0.1378
vn -0.9487 0.2476 -0.1966
vn 0.0469 0.1573 -0.9864
vn 0.0470 0.1574 -0.9864
vn 0.0777 -0.1075 -0.9912
vn 0.5899 0.7762 0.2225
vn 0.8633 0.4369 0.2527
vn 0.7628 0.4701 0.4440
vn 0.4362 0.5610 0.7036
vn -0.1557 0.9094 0.3857
vn 0.6855 0.6681 0.2892
vn 0.6855 0.6682 0.2892
vn 0.8618 0.4560 0.2223
vn -0.0141 -0.1455 -0.9893
vn 0.3243 -0.8785 -0.3507
vn 0.7550 -0.6365 0.1579
vn 0.3243 -0.8786 -0.3507
vn 0.7021 -0.7118 0.0205
vn 0.7840 -0.3817 -0.4895
vn -0.0858 0.0185 -0.9961
vn 0.9920 -0.0581 -0.1121
vn 0.9200 0.3688 -0.1329
vn 0.9653 -0.1195 0.2324
vn 0.9652 -0.1195 0.2324
vn 0.9854 -0.1606 0.0569
vn 0.6855 0.6681 0.2893
vn 0.9552 0.2135 -0.2051
vn 0.9651 -0.0921 0.2451
vn 0.9870 -0.1529 0.0499
vn 0.9625 -0.0768 -0.2602
vn 0.5929 -0.3694 -0.7156
vn -0.0023 -0.9767 -0.2148
vn 0.0776 -0.1075 -0.9912
vn 0.0468 0.1573 -0.9864
vn 0.5243 -0.8488 -0.0678
vn -0.5655 0.4330 -0.7019
vn -0.9531 -0.0195 0.3020
vn 0.2793 0.8864 -0.3693
vn -0.3391 0.8424 0.4187
vn -0.1264 0.8977 0.4222
vn -0.3136 0.7077 0.6331
vn -0.4436 0.8524 0.2769
vn -0.1264 0.8976 0.4222
vn -0.1168 0.6704 0.7328
vn 0.0789 0.7603 0.6448
vn 0.2095 0.8426 0.4960
vn 0.3032 0.9515 -0.0524
vn 0.0790 0.7603 0.6448
vn 0.3384 0.7697 -0.5414
vn 0.3236 0.9403 -0.1056
vn 0.2793 0.8863 -0.3693
vn 0.4701 0.4285 -0.7716
vn -0.1319 0.7007 -0.7011
vn -0.1319 0.7007 -0.7012
vn 0.1396 0.3289 -0.9340
vn 0.2925 0.6913 -0.6607
vn 0.2128 0.4199 -0.8822
vn 0.2128 0.4199 -0.8823
vn -0.0597 0.3049 -0.9505
vn -0.0539 0.1847 -0.9813
vn -0.4891 0.6356 0.5973
vn -0.6119 0.3683 0.6999
vn -0.5117 0.6448 0.5678
vn -0.4058 0.6673 0.6246
vn -0.4459 0.7083 0.5473
vn -0.4176 0.6056 0.6774
vn -0.4352 0.6307 0.6425
vn -0.4048 0.8986 0.1691
vn -0.6958 -0.4204 -0.5823
vn 0.0249 -0.9971 -0.0724
vn -0.6685 -0.7236 -0.1718
vn -0.2019 -0.9385 -0.2801
vn -0.6685 -0.7236 -0.1717
vn -0.0565 -0.9440 -0.3250
vn 0.4778 -0.4092 -0.7773
vn 0.4162 0.0306 -0.9088
vn -0.2018 -0.9385 -0.2801
vn -0.8806 -0.0235 0.4733
vn -0.1727 -0.3616 -0.9162
vn 0.4655 -0.6197 -0.6319
vn -0.8806 -0.0235 0.4734
vn 0.5638 -0.3870 -0.7296
vn -0.0698 0.9486 -0.3087
vn -0.8805 -0.0235 0.4734
vn -0.0699 0.9486 -0.3087
vn -0.0759 -0.5246 -0.8480
vn -0.7664 -0.5500 0.3318
vn -0.0760 -0.5246 -0.8479
vn 0.4656 -0.6197 -0.6319
vn 0.5639 -0.3870 -0.7296
vn 0.4656 -0.6196 -0.6319
vn -0.8942 0.0558 0.4441
vn -0.4316 -0.8460 0.3131
vn -0.4315 -0.8460 0.3131
vn -0.7794 -0.5208 0.3482
vn -0.0202 0.9343 -0.3559
vn -0.7794 -0.5208 0.3483
vn -0.0765 -0.5227 -0.8491
vn -0.0363 -0.9982 0.0476
vn -0.7115 -0.4240 -0.5603
vn -0.2033 -0.6186 -0.7589
vn -0.8264 0.0724 0.5584
vn -0.8265 0.0724 0.5583
vn -0.6920 -0.6240 0.3630
vn -0.6456 0.1669 0.7452
vn -0.8091 0.1478 0.5687
vn -0.8264 0.0724 0.5583
vn -0.6239 0.3757 0.6853
vn -0.4626 0.1874 0.8665
vn -0.4450 0.8090 0.3840
vn -0.4776 0.8496 0.2237
vn 0.3793 0.7162 -0.5859
vn -0.4449 0.8091 0.3840
vn -0.4047 0.8987 0.1691
vn -0.7384 0.6486 0.1846
vn 0.4161 0.5495 -0.7245
vn -0.0887 -0.9530 -0.2898
vn -0.7713 -0.6336 -0.0600
vn 0.1025 -0.7395 -0.6653
vn -0.2895 -0.0634 -0.9551
vn -0.9573 0.0633 0.2822
vn -0.2895 -0.0633 -0.9551
vn -0.5494 0.8351 0.0275
vn 0.4268 0.5442 -0.7223
vn 0.6280 -0.1467 -0.7643
vn 0.5951 -0.1931 -0.7801
vn -0.2895 -0.0635 -0.9551
vn 0.1204 -0.7053 -0.6986
vn 0.5616 -0.0934 -0.8221
vn 0.4162 0.5495 -0.7245
vn -0.1093 -0.8010 0.5886
vn 0.4025 -0.7772 0.4837
vn 0.4914 -0.8350 0.2474
vn 0.9346 -0.3180 0.1593
vn 0.7067 -0.6858 0.1740
vn 0.4176 -0.8687 0.2662
vn 0.7136 -0.1677 0.6802
vn 0.7294 -0.0476 0.6825
vn 0.6207 0.5330 0.5750
vn 0.4653 -0.6780 0.5690
vn 0.4652 -0.6781 0.5690
vn 0.5238 -0.6568 0.5425
vn 0.1367 -0.9729 0.1866
vn -0.1199 -0.9813 0.1503
vn -0.4782 -0.8357 -0.2701
vn -0.5610 -0.7114 -0.4233
vn -0.5610 -0.7114 -0.4232
vn -0.6602 -0.7215 -0.2086
vn -0.7844 -0.5358 0.3125
vn -0.4250 -0.8370 0.3446
vn -0.6814 -0.2992 -0.6680
vn -0.5654 -0.7110 -0.4181
vn -0.7590 -0.2548 -0.5992
vn -0.6338 0.1835 -0.7514
vn -0.6939 0.4004 -0.5985
vn -0.2450 0.7962 -0.5533
vn -0.2222 0.9083 -0.3545
vn 0.2848 0.9498 -0.1294
vn 0.2657 0.9640 -0.0120
vn 0.6454 0.7175 0.2620
vn 0.7213 0.6470 0.2471
vn 0.7874 0.1150 0.6056
vn 0.6378 0.3931 0.6624
vn -0.5014 -0.8251 -0.2604
vn -0.9032 -0.2432 -0.3538
vn -0.7995 0.4105 -0.4384
vn -0.3042 0.9279 -0.2156
vn 0.2644 0.9559 0.1281
vn 0.6320 0.6924 0.3481
vn 0.7750 0.1791 0.6060
vn -0.6306 -0.7755 -0.0303
vn -0.6413 -0.7562 -0.1299
vn -0.6851 -0.6006 -0.4122
vn -0.9032 -0.2432 -0.3537
vn -0.7996 0.4105 -0.4384
vn -0.8480 0.1039 -0.5197
vn -0.3521 0.8961 -0.2702
vn 0.2695 0.9420 0.2000
vn 0.6550 0.5817 0.4824
vn 0.7539 0.0408 0.6557
vn 0.5595 -0.5557 0.6150
vn 0.2905 -0.2173 0.9319
vn 0.6377 0.3931 0.6624
vn -0.4842 -0.5575 0.6744
vn 0.5332 -0.7301 0.4273
vn 0.4652 -0.6781 0.5691
vn -0.0701 -0.9685 0.2388
vn -0.6461 -0.7616 -0.0492
vn -0.3890 -0.9129 0.1239
vn -0.8662 -0.4988 0.0290
vn -0.7888 -0.6090 -0.0829
vn -0.6924 -0.3339 -0.6396
vn -0.4400 0.1551 -0.8845
vn 0.0315 0.6574 -0.7529
vn -0.2450 0.7961 -0.5533
vn 0.5291 0.8157 -0.2339
vn 0.7479 0.6283 0.2142
vn 0.1047 0.4707 -0.8760
vn 0.0203 0.9764 0.2150
vn -0.4334 0.5843 -0.6861
vn 0.0204 0.9764 0.2150
vn -0.6516 0.5395 -0.5332
vn -0.5398 0.8418 0.0068
vn 0.2524 0.9346 0.2507
vn -0.7840 -0.1565 -0.6007
vn -0.9213 0.3740 -0.1062
vn -0.4981 -0.8245 -0.2687
vn -0.9213 0.3740 -0.1061
vn -0.9405 -0.2965 -0.1661
vn -0.4980 -0.8245 -0.2687
vn -0.3525 -0.9132 0.2046
vn 0.4818 0.8737 0.0674
vn 0.5890 0.6499 0.4804
vn 0.6254 0.5409 0.5624
vn 0.5676 0.7682 -0.2961
vn 0.7834 0.4873 -0.3858
vn 0.7120 -0.1690 0.6815
vn 0.9352 0.3222 -0.1471
vn 0.9352 0.3221 -0.1471
vn 0.9352 0.3220 -0.1471
vn 0.3896 0.4011 -0.8291
vn 0.4647 0.2288 -0.8554
vn 0.3911 0.4022 -0.8278
vn -0.8116 0.2863 -0.5092
vn -0.8901 0.4241 -0.1671
vn -0.8923 0.1489 -0.4261
vn 0.2418 0.5056 -0.8282
vn 0.3964 0.3767 -0.8372
vn 0.5938 0.3686 -0.7152
vn -0.1381 0.9196 -0.3677
vn -0.2549 0.5082 0.8226
vn -0.8849 0.3269 -0.3319
vn -0.6630 -0.7486 -0.0068
vn -0.7901 -0.3684 -0.4900
vn -0.6627 -0.7413 -0.1064
vn -0.8116 -0.3903 -0.4346
vn -0.7508 -0.6315 -0.1939
vn -0.7449 -0.2326 -0.6254
vn -0.7448 -0.2326 -0.6254
vn -0.6180 -0.4783 -0.6240
vn -0.4292 0.7907 -0.4365
vn -0.6507 0.4412 -0.6180
vn -0.7402 0.1782 -0.6483
vn -0.6306 0.2334 -0.7401
vn -0.6306 0.2334 -0.7402
vn -0.3158 0.4171 -0.8522
vn -0.6510 0.4411 -0.6178
vn -0.1628 -0.4810 0.8615
vn 0.0548 -0.4371 0.8977
vn 0.1259 -0.5544 0.8227
vn -0.1937 -0.7051 0.6822
vn -0.1805 -0.7712 0.6105
vn -0.0208 -0.9329 0.3596
vn -0.1975 -0.8385 0.5078
vn 0.0050 -0.9893 0.1458
vn 0.1659 -0.9458 0.2792
vn 0.2287 0.5123 0.8278
vn 0.4830 0.1387 0.8646
vn -0.0430 0.0291 0.9986
vn -0.0994 0.2149 0.9716
vn -0.0430 0.0291 0.9987
vn -0.1351 -0.4927 0.8597
vn -0.1937 -0.7051 0.6821
vn -0.4072 -0.8547 0.3220
vn -0.5414 -0.8058 0.2400
vn -0.5468 -0.7822 0.2986
vn -0.4673 -0.8743 -0.1311
vn 0.9288 0.3527 -0.1141
vn 0.8748 0.2883 0.3893
vn 0.6522 0.7165 -0.2476
vn -0.0522 0.0121 0.9986
vn -0.2633 0.5019 0.8239
vn -0.1639 0.2347 0.9581
vn -0.0388 -0.3436 0.9383
vn 0.5074 -0.4872 0.7108
vn -0.5143 -0.2234 0.8280
vn 0.5258 -0.1465 0.8379
vn -0.4787 -0.5309 0.6992
vn -0.3861 -0.1077 0.9161
vn -0.4787 -0.5309 0.6993
vn -0.1639 0.2347 0.9582
vn -0.3861 -0.1077 0.9162
vn 0.2487 0.8672 -0.4315
vn 0.2887 0.9126 -0.2897
vn -0.7053 0.2321 0.6698
vn -0.1142 0.1115 0.9872
vn 0.0237 0.8327 -0.5532
vn -0.4424 0.6427 -0.6255
vn -0.5139 0.6609 -0.5470
vn 0.6328 0.4723 -0.6136
vn -0.3266 0.6993 -0.6359
vn -0.3587 0.7892 -0.4985
vn 0.2662 0.5918 -0.7609
vn -0.3778 -0.5830 0.7193
vn -0.4430 -0.5779 0.6854
vn 0.8249 0.3309 0.4582
vn 0.8511 -0.0538 0.5222
vn 0.5364 0.6302 0.5613
vn -0.2974 -0.9022 0.3125
vn -0.6927 0.2980 -0.6567
vn 0.6913 0.6354 0.3440
vn -0.0430 0.0292 0.9986
vn 0.4817 0.8737 0.0674
vn 0.7566 0.5755 -0.3104
vn 0.5422 -0.0707 0.8373
vn -0.1351 -0.4927 0.8596
vn 0.8448 -0.2610 0.4670
vn 0.7017 -0.6491 0.2938
vn 0.4834 -0.8341 0.2656
vn 0.0536 -0.9962 -0.0693
vn -0.0417 -0.9991 0.0027
vn -0.4594 -0.8265 -0.3254
vn 0.8457 -0.3814 0.3733
vn 0.9149 -0.2067 -0.3468
vn 0.9623 -0.0117 0.2717
vn -0.4259 -0.8691 -0.2515
vn -0.8506 -0.3617 -0.3817
vn -0.7304 -0.5221 0.4404
vn -0.8307 0.0454 0.5549
vn -0.5630 -0.4329 0.7040
vn -0.9874 0.1256 0.0966
vn -0.7967 -0.3463 -0.4953
vn -0.4269 -0.3602 -0.8295
vn -0.4268 -0.3602 -0.8295
vn -0.9574 -0.2635 -0.1181
vn -0.8737 -0.4273 -0.2325
vn -0.9547 0.0684 0.2895
vn -0.9813 0.1912 0.0213
vn -0.5595 0.3482 0.7521
vn -0.6292 0.6816 0.3734
vn 0.0364 0.5080 0.8606
vn -0.9263 0.3141 -0.2081
vn -0.7410 0.6339 -0.2215
vn -0.5057 -0.8271 0.2455
vn 0.6287 0.7510 -0.2016
vn 0.7255 -0.4726 -0.5003
vn 0.6287 0.7511 -0.2016
vn -0.5662 -0.5531 0.6111
vn 0.5785 0.2672 -0.7707
vn 0.1197 0.8211 -0.5581
vn -0.7410 0.6340 -0.2215
vn 0.7203 0.3767 0.5825
vn 0.7059 0.2953 0.6438
vn 0.9602 0.0655 0.2716
vn 0.1659 0.7609 0.6273
vn 0.0168 0.9136 0.4063
vn -0.6723 0.7366 -0.0740
vn 0.8726 -0.2942 0.3900
vn 0.7365 0.4878 0.4687
vn 0.8071 -0.2650 0.5276
vn 0.7255 -0.4727 -0.5002
vn -0.8852 0.3308 -0.3271
vn -0.9464 -0.2636 0.1866
vn -0.9555 0.0953 -0.2792
vn -0.7895 -0.6136 0.0133
vn -0.9623 0.1749 -0.2082
vn -0.9777 0.1466 -0.1505
vn -0.3615 -0.5694 0.7383
vn -0.2311 -0.9521 0.2002
vn -0.7127 -0.6993 -0.0549
vn -0.0561 0.8220 -0.5668
vn 0.6026 0.7256 -0.3323
vn 0.9366 0.3386 0.0901
vn 0.5073 -0.4872 0.7108
vn 0.4134 -0.8813 0.2290
vn -0.1680 -0.9854 -0.0276
vn 0.9494 -0.2014 0.2409
vn 0.9025 0.4304 -0.0142
vn 0.4602 0.8856 -0.0626
vn 0.4423 0.8966 0.0204
vn 0.8519 -0.0531 0.5210
vn 0.9494 -0.2013 0.2410
vn 0.9746 -0.1927 0.1137
vn 0.8380 0.5236 0.1538
vn -0.0358 0.9530 -0.3007
vn -0.6474 0.7142 -0.2660
vn -0.1616 0.9819 -0.0987
vn -0.9553 0.0922 -0.2809
vn -0.5441 0.6060 -0.5802
vn 0.0016 0.8283 -0.5602
vn 0.6391 0.6790 -0.3613
vn -0.0358 0.9531 -0.3007
vn 0.9590 0.2734 -0.0745
vn -0.6944 0.7001 -0.1662
vn -0.2549 0.5082 0.8227
vn -0.9466 -0.2673 0.1804
vn -0.0561 0.8220 -0.5667
vn 0.0016 0.8284 -0.5602
vn 0.9747 -0.1927 0.1137
vn 0.5881 -0.7871 0.1859
vn -0.9919 0.1021 0.0761
vn -0.8028 -0.5275 0.2779
vn -0.8924 0.2788 0.3548
vn -0.2254 -0.8889 0.3989
vn -0.6483 -0.3214 0.6902
vn -0.7782 -0.1852 0.6000
vn -0.8200 0.5051 0.2693
vn 0.4385 -0.6464 0.6244
vn -0.0428 -0.2566 0.9656
vn 0.9451 -0.0477 0.3232
vn 0.4793 0.6166 0.6245
vn 0.8150 -0.1224 0.5664
vn -0.9777 0.1466 -0.1506
vn -0.6876 0.7128 0.1383
vn -0.1923 0.9810 0.0240
vn 0.2463 0.9037 0.3502
vn 0.1975 0.8547 0.4801
vn 0.4793 0.6166 0.6246
vn 0.4092 0.6345 0.6557
vn 0.4092 0.6346 0.6557
vn 0.3221 0.2455 0.9143
vn -0.8200 0.5050 0.2693
vn -0.6448 0.7486 0.1545
vn -0.2287 0.9282 0.2935
vn -0.1695 0.9707 0.1702
vn -0.1695 0.9707 0.1703
vn -0.2495 0.7752 0.5803
vn -0.1060 -0.4727 0.8748
vn 0.4092 0.6346 0.6556
vn 0.3628 0.1073 0.9257
vn -0.2495 0.7753 0.5803
vn -0.1060 -0.4728 0.8748
vn -0.0779 -0.5971 0.7984
vn -0.1059 -0.4727 0.8748
vn -0.7782 -0.1852 0.6001
vn 0.8540 0.2734 0.4426
vn 0.8908 -0.0491 0.4517
vn 0.6651 0.0657 0.7439
vn 0.9651 0.2203 -0.1417
vn 0.9230 0.1788 -0.3407
vn 0.8618 0.4948 -0.1117
vn 0.7478 -0.2663 0.6081
vn 0.9353 0.3531 0.0232
vn 0.7478 -0.2663 0.6082
vn 0.8205 0.0086 0.5716
vn -0.0333 -0.2056 -0.9781
vn 0.6226 -0.1307 -0.7716
vn 0.9687 0.1870 -0.1633
vn -0.6696 -0.6737 -0.3127
vn -0.5148 -0.3847 -0.7661
vn 0.9602 0.2295 -0.1590
vn 0.6050 -0.0407 -0.7952
vn 0.9175 0.1850 -0.3522
vn 0.4076 0.2176 -0.8869
vn 0.9174 0.1850 -0.3522
vn 0.4075 0.2176 -0.8869
vn 0.2750 0.6585 -0.7006
vn 0.8509 0.5067 -0.1388
vn 0.4595 0.6195 -0.6365
vn 0.9127 0.4058 -0.0487
vn -0.0752 -0.1038 -0.9918
vn -0.1350 0.0166 -0.9907
vn -0.2608 0.5275 -0.8085
vn -0.2608 0.5275 -0.8086
vn -0.1504 0.5308 -0.8341
vn -0.4746 -0.4001 -0.7840
vn -0.0752 -0.1038 -0.9917
vn -0.7302 0.1381 -0.6692
vn -0.7183 0.2565 -0.6467
vn -0.7184 0.2565 -0.6466
vn 0.9149 -0.2068 -0.3468
vn -0.5404 -0.3377 -0.7706
vn -0.0751 -0.1038 -0.9918
vn -0.5405 -0.3377 -0.7706
vn -0.6630 -0.6630 -0.3477
vn -0.8420 -0.4578 -0.2855
vn -0.9784 -0.1819 -0.0979
vn -0.7184 0.2565 -0.6467
vn -0.9567 -0.2298 -0.1789
vn -0.4267 -0.3602 -0.8295
vn -0.6002 -0.7570 0.2584
vn -0.7896 -0.3950 0.4696
vn -0.8608 -0.3925 0.3240
vn -0.7305 -0.6633 0.1625
vn -0.2241 -0.6744 0.7036
vn -0.1913 -0.3875 0.9018
vn -0.5634 -0.2216 0.7959
vn -0.7305 -0.6633 0.1626
vn -0.3350 -0.3518 0.8741
vn 0.4027 -0.2699 0.8746
vn 0.3788 -0.1994 0.9037
vn 0.2982 -0.1112 0.9480
vn 0.6651 0.0657 0.7438
vn 0.3788 -0.1994 0.9038
vn -0.5662 -0.8242 -0.0095
vn 0.0668 -0.9517 0.2996
vn -0.6722 -0.6727 0.3092
vn 0.7907 0.6062 0.0855
vn 0.9470 -0.0035 0.3213
vn 0.9362 -0.0121 0.3512
vn 0.6682 0.7291 0.1479
vn -0.8354 -0.4373 -0.3330
vn -0.9141 -0.2721 -0.3005
vn -0.8981 0.2425 -0.3670
vn -0.8712 0.3344 -0.3595
vn 0.7782 -0.5000 0.3800
vn 0.7566 0.1813 0.6282
vn -0.3828 0.8575 -0.3436
vn -0.4075 0.8774 -0.2530
vn 0.2769 0.9547 -0.1086
vn -0.3828 0.8576 -0.3436
vn 0.2158 0.9631 -0.1608
vn 0.7901 0.5975 0.1369
vn -0.9139 -0.2737 -0.2997
vn -0.9677 -0.2020 -0.1510
vn -0.8346 -0.4392 -0.3325
vn -0.6962 -0.7078 0.1193
vn -0.9225 -0.3496 -0.1636
vn -0.8906 0.4265 -0.1577
vn 0.6430 0.7473 0.1673
vn 0.7412 0.2934 0.6037
vn 0.9354 -0.0100 0.3535
vn -0.9231 -0.3480 -0.1636
vn -0.8407 0.2104 -0.4990
vn -0.3279 0.8012 -0.5006
vn 0.2776 0.9329 -0.2293
vn 0.6430 0.7474 0.1673
vn 0.2887 0.9125 -0.2897
vn 0.7468 0.2955 0.5958
vn -0.2549 0.5081 0.8227
vn 0.7430 0.2949 0.6008
vn 0.7931 0.5945 0.1327
vn -0.4075 0.8775 -0.2530
vn -0.9678 -0.2015 -0.1509
vn -0.8463 0.5323 0.0207
vn -0.4297 0.8805 -0.2003
vn -0.4075 0.8774 -0.2531
vn -0.0332 0.9837 0.1767
vn 0.6682 0.7291 0.1480
vn -0.9456 0.1185 0.3029
vn -0.9042 0.3858 0.1834
vn -0.8481 0.5290 0.0310
vn -0.5042 0.8505 0.1495
vn -0.0491 0.9769 0.2081
vn 0.1050 0.8904 0.4429
vn 0.1870 0.8356 0.5165
vn -0.5117 0.8562 -0.0718
vn -0.5117 0.8561 -0.0718
vn -0.5117 0.8561 -0.0719
vn -0.5142 0.6456 0.5646
vn 0.5539 0.4177 0.7202
vn -0.5142 0.6456 0.5645
vn -0.5142 0.6457 0.5646
vn 0.3521 -0.6750 0.6484
vn -0.7649 -0.1031 0.6359
vn -0.9041 0.3858 0.1834
vn 0.1966 0.4314 0.8805
vn 0.4765 -0.3091 0.8230
vn -0.1163 -0.0114 0.9931
vn -0.0069 -0.7720 0.6356
vn -0.6186 -0.3096 0.7222
vn 0.5539 0.4176 0.7203
vn 0.2599 -0.2068 0.9432
vn 0.5539 0.4176 0.7202
vn 0.3522 -0.6750 0.6483
vn 0.2598 -0.2068 0.9433
vn 0.3522 -0.6750 0.6484
vn -0.7649 -0.1031 0.6358
vn -0.9041 0.3859 0.1835
vn -0.8334 -0.3740 -0.4068
vn -0.4630 -0.8625 -0.2043
vn -0.8644 -0.3019 -0.4022
vn -0.8906 0.4265 -0.1578
vn 0.0697 0.9949 0.0725
vn -0.7053 0.2321 0.6699
vn 0.3893 0.7284 0.5638
vn 0.8703 -0.0108 0.4925
vn 0.6255 -0.0021 0.7802
vn 0.6468 -0.6617 0.3792
vn -0.3167 0.9087 -0.2719
vn -0.7404 0.4070 -0.5349
vn -0.7927 0.4251 -0.4370
vn -0.2906 0.8686 -0.4013
vn 0.0670 0.9954 0.0684
vn -0.7440 -0.3458 -0.5717
vn -0.6959 0.3487 -0.6278
vn -0.5456 -0.8153 -0.1938
vn 0.5316 0.6941 0.4854
vn 0.7777 0.5465 0.3108
vn 0.2752 0.9607 -0.0362
vn 0.8702 -0.0108 0.4925
vn 0.3304 -0.7053 0.6272
vn 0.5422 -0.0706 0.8373
vn 0.2211 0.9731 -0.0654
vn 0.2747 0.9609 -0.0360
vn -0.3789 0.8735 -0.3055
vn 0.1142 -0.9869 0.1136
vn -0.1348 -0.9389 0.3168
vn -0.2973 -0.9022 0.3125
vn -0.7901 -0.3684 -0.4899
vn -0.6055 -0.7799 -0.1587
vn -0.8705 -0.4555 0.1864
vn -0.9950 -0.0853 -0.0519
vn -0.8643 -0.3019 -0.4022
vn -0.8266 0.4761 -0.3000
vn -0.0161 0.9925 0.1212
vn -0.3653 0.8642 0.3460
vn -0.2337 0.6966 0.6784
vn -0.2825 0.1143 0.9524
vn 0.2984 -0.6173 0.7279
vn -0.5971 -0.4749 0.6465
vn -0.4943 0.8253 0.2732
vn -0.2337 0.6965 0.6784
vn -0.2004 0.7708 0.6047
vn 0.3029 -0.0282 0.9526
vn -0.6514 -0.4374 0.6200
vn -0.6514 -0.4374 0.6199
vn -0.2003 0.7708 0.6047
vn 0.5659 -0.2885 0.7723
vn -0.9638 -0.1925 0.1847
vn -0.9969 -0.0705 0.0361
vn -0.9197 0.3849 -0.0780
vn -0.5743 0.8163 0.0616
vn -0.5273 0.8495 -0.0180
vn -0.8310 0.3701 0.4154
vn -0.8310 0.3701 0.4153
vn -0.8923 0.4264 -0.1482
vn -0.4952 0.8256 0.2705
vn 0.2210 0.9731 -0.0654
vn 0.5659 -0.2884 0.7724
vn 0.5658 -0.2885 0.7724
vn -0.1988 0.7707 0.6054
vn -0.4943 0.8252 0.2732
vn -0.9198 -0.2747 -0.2803
vn -0.9424 -0.1865 -0.2776
vn -0.9843 0.1249 -0.1251
vn -0.7451 -0.4648 -0.4783
vn -0.0496 -0.2097 -0.9765
vn -0.8419 0.1803 -0.5087
vn -0.0496 -0.2098 -0.9765
vn 0.4338 -0.0387 -0.9002
vn -0.8419 0.1802 -0.5087
vn -0.2152 0.1900 -0.9579
vn -0.5767 0.0396 -0.8160
vn -0.2885 0.2308 -0.9292
vn -0.8558 0.1909 0.4809
vn -0.9460 0.3022 -0.1176
vn -0.7577 0.3573 0.5461
vn -0.8557 0.1909 0.4809
vn -0.6595 -0.7477 0.0779
vn -0.9460 0.3021 -0.1176
vn -0.9824 -0.0837 -0.1672
vn -0.9824 -0.0838 -0.1672
vn -0.9265 -0.3104 0.2127
vn -0.9931 -0.1136 -0.0307
vn -0.6111 -0.4232 0.6690
vn -0.7246 -0.6156 -0.3099
vn -0.6705 -0.3891 -0.6317
vn -0.7245 -0.6156 -0.3099
vn -0.2731 -0.2222 -0.9360
vn -0.2598 -0.1573 -0.9528
vn 0.2771 0.3718 -0.8860
vn 0.2149 0.3577 -0.9088
vn 0.6594 0.6540 -0.3709
vn 0.6065 0.7700 -0.1984
vn 0.6594 0.6539 -0.3709
vn 0.6338 0.6758 0.3763
vn 0.4669 0.5319 0.7064
vn -0.5891 -0.4501 0.6711
vn -0.0281 0.2303 0.9727
vn 0.6378 0.3930 0.6624
vn -0.5365 0.5935 0.5999
vn 0.8294 0.5151 0.2160
vn 0.7723 0.4537 -0.4446
vn 0.8753 0.4087 -0.2586
vn 0.4474 0.4385 -0.7794
vn 0.4474 0.4385 -0.7795
vn 0.3944 0.9187 -0.0212
vn 0.1868 0.6789 -0.7100
vn -0.4379 0.4538 0.7761
vn -0.6373 0.0909 0.7653
vn -0.9502 -0.2772 0.1427
vn -0.4261 0.0040 0.9047
vn -0.2988 0.8430 0.4472
vn -0.1903 -0.1239 -0.9739
vn 0.8399 -0.1394 -0.5245
vn 0.8752 0.4087 -0.2586
vn 0.7723 0.4538 -0.4446
vn -0.8165 -0.1060 0.5675
vn -0.4841 -0.5575 0.6744
vn -0.6708 -0.7405 -0.0413
vn -0.6707 -0.7405 -0.0413
vn 0.2986 0.7072 0.6409
vn 0.6742 0.3839 0.6309
vn 0.1942 0.1500 0.9694
vn -0.2906 0.4942 0.8193
vn 0.2986 0.7072 0.6408
vn 0.2986 0.7073 0.6408
vn -0.1228 0.8651 0.4864
vn -0.2906 0.4942 0.8194
vn -0.3573 0.6064 0.7103
vn 0.9358 -0.0984 -0.3386
vn -0.8574 -0.2899 0.4251
vn -0.5308 -0.5587 0.6373
vn -0.6379 0.3491 0.6864
vn -0.4294 0.5859 0.6873
vn -0.6104 0.6304 0.4795
vn 0.2095 0.8426 0.4961
vn -0.3573 0.6064 0.7104
vn 0.8889 0.3105 0.3369
vn 0.8295 0.5151 0.2160
vn 0.8294 0.5152 0.2160
vn -0.0484 0.8363 0.5461
vn -0.6072 0.5015 0.6163
vn -0.3683 0.9208 -0.1283
vn -0.9060 0.4196 0.0560
vn -0.4543 0.8796 -0.1414
vn 0.3135 0.9464 0.0783
vn 0.1706 0.9392 -0.2980
vn 0.1907 0.9364 -0.2944
vn -0.0015 -0.8797 0.4755
vn -0.3585 -0.7346 0.5761
vn 0.1529 -0.9202 0.3604
vn -0.0689 -0.9655 0.2513
vn -0.5872 -0.7681 0.2552
vn -0.1137 -0.9653 0.2351
vn -0.6888 -0.2045 0.6955
vn -0.9502 -0.2225 0.2181
vn -0.9293 0.3634 0.0653
vn 0.0871 -0.9305 0.3558
vn 0.5704 -0.8121 0.1229
vn 0.0062 -0.8581 0.5134
vn 0.1432 -0.9152 0.3767
vn 0.8609 -0.3257 -0.3908
vn 0.6786 -0.7276 0.1006
vn 0.5887 -0.8036 0.0874
vn -0.0689 -0.9655 0.2512
vn 0.7991 0.5856 -0.1357
vn 0.9911 -0.1275 -0.0383
vn 0.9565 -0.2860 0.0572
vn 0.4638 -0.8732 0.1495
vn 0.3161 0.9479 -0.0408
vn 0.7907 0.5894 -0.1657
vn -0.5984 -0.7411 0.3045
vn 0.9747 -0.1983 -0.1027
vn -0.9287 -0.2351 0.2868
vn 0.0103 -0.8835 0.4683
vn -0.5334 -0.6566 0.5332
vn -0.8778 -0.1986 0.4359
vn -0.8719 0.3642 0.3273
vn 0.1634 -0.6182 0.7688
vn -0.2929 -0.5085 0.8097
vn -0.5757 -0.0875 0.8130
vn -0.6325 0.4112 0.6564
vn -0.2668 0.8134 0.5169
vn -0.3215 0.7677 0.5543
vn 0.3024 0.7932 0.5286
vn 0.1365 -0.6531 0.7449
vn -0.3368 -0.5508 0.7637
vn -0.8547 0.1462 0.4981
vn -0.6480 0.0282 0.7611
vn -0.3214 0.7677 0.5543
vn -0.3368 -0.5508 0.7636
vn -0.8547 0.1461 0.4981
vn 0.7673 0.6047 -0.2135
vn 0.1907 0.9365 -0.2944
vn 0.9748 -0.1983 -0.1027
vn 0.8173 0.5529 0.1625
vn 0.9476 0.0081 0.3194
vn 0.6152 -0.5949 0.5174
vn 0.2274 0.9723 -0.0537
vn 0.3085 0.8698 0.3850
vn 0.7379 0.5217 0.4281
vn 0.7911 -0.1051 0.6026
vn 0.5046 -0.5873 0.6328
vn 0.1635 -0.6182 0.7688
vn 0.4227 0.7941 0.4368
vn 0.7509 -0.0329 0.6596
vn 0.1830 -0.7618 0.6214
vn -0.6480 0.0283 0.7611
vn -0.6480 0.0284 0.7611
vn 0.2275 0.9723 -0.0537
vn -0.4170 0.9038 0.0959
vn 0.7665 0.6080 0.2072
vn 0.7664 0.6080 0.2072
vn 0.8922 -0.3097 0.3287
vn -0.1170 0.9834 0.1389
vn -0.0566 0.7064 0.7055
vn 0.0622 0.9266 0.3708
vn -0.2452 0.8445 0.4762
vn -0.5963 -0.0335 -0.8020
vn -0.5655 0.4330 -0.7020
vn -0.6535 0.5958 -0.4668
vn -0.4221 -0.8324 -0.3591
vn -0.8833 -0.1312 -0.4500
vn 0.5206 -0.8512 -0.0667
vn 0.1547 -0.8753 0.4582
vn -0.0855 -0.9186 0.3858
vn -0.2819 -0.7734 0.5678
vn -0.1329 -0.9338 0.3322
vn -0.8006 -0.5934 0.0832
vn -0.8006 -0.5934 0.0833
vn -0.9154 -0.0402 -0.4006
vn 0.8921 -0.3097 0.3291
vn 0.6153 -0.7005 0.3615
vn 0.0309 -0.9207 0.3891
vn -0.5463 -0.6435 0.5361
vn -0.3072 -0.4513 0.8378
vn 0.0275 -0.9945 -0.1011
vn -0.5464 -0.6435 0.5361
vn -0.8866 -0.4623 -0.0165
vn -0.5463 -0.6435 0.5362
vn -0.7129 -0.6878 0.1367
vn 0.0370 -0.9938 -0.1052
vn 0.0838 -0.6281 0.7736
vn 0.6816 -0.6727 0.2880
vn 0.8816 -0.4435 0.1615
vn -0.3073 -0.4513 0.8378
vn 0.4500 -0.3854 0.8056
vn 0.4137 -0.5674 0.7120
vn -0.2387 -0.8448 0.4789
vn -0.7213 -0.5363 0.4382
vn -0.1281 -0.9841 0.1234
vn -0.9277 -0.3627 0.0884
vn -0.6664 -0.7415 0.0774
vn 0.1423 -0.9721 -0.1866
vn -0.6664 -0.7416 0.0774
vn 0.0222 -0.5806 0.8139
vn 0.7554 -0.6171 0.2204
vn 0.8467 -0.4563 0.2737
vn 0.4026 -0.5310 0.7456
vn 0.0263 -0.9549 0.2958
vn -0.8151 -0.5330 0.2270
vn -0.9218 0.2835 0.2643
vn -0.7730 0.6334 -0.0359
vn 0.7292 -0.5443 0.4147
vn -0.0724 -0.9951 -0.0677
vn -0.9188 -0.3358 -0.2073
vn -0.8863 0.4532 -0.0953
vn -0.2054 0.8323 0.5149
vn -0.2116 0.9146 0.3447
vn -0.2759 -0.4295 0.8599
vn -0.9189 -0.3357 -0.2073
vn -0.0216 0.2950 0.9553
vn -0.0216 0.2949 0.9553
vn -0.7726 0.2851 0.5672
vn -0.0907 0.8181 0.5678
vn -0.2452 0.8444 0.4762
vn 0.8081 0.2739 0.5216
vn 0.8081 0.2739 0.5215
vn 0.4026 -0.5310 0.7457
vn 0.4025 -0.5310 0.7457
vn -0.2819 -0.7732 0.5681
vn -0.2818 -0.7732 0.5681
vn -0.7727 0.2851 0.5672
vn -0.7213 -0.5364 0.4382
vn -0.9491 0.2926 0.1169
vn -0.0746 0.8971 0.4354
vn 0.0630 0.9776 0.2010
vn 0.6414 0.2795 0.7145
vn 0.7287 -0.5454 0.4141
vn -0.4519 0.7466 0.4883
vn -0.2755 -0.4331 0.8582
vn -0.2755 -0.4330 0.8582
vn -0.9377 0.3465 0.0259
vn -0.2755 -0.4332 0.8582
vn -0.9277 -0.3628 0.0884
vn -0.8584 0.4736 0.1970
vn -0.9490 0.2926 0.1169
vn 0.0191 0.9550 0.2960
vn -0.0746 0.8971 0.4355
vn 0.8333 0.4472 0.3250
vn 0.8271 0.2929 0.4798
vn 0.5414 0.2680 0.7969
vn -0.0907 0.8182 0.5678
vn -0.8255 0.0698 0.5601
vn -0.0227 0.5109 0.8594
vn -0.0227 0.5109 0.8593
vn -0.0227 0.5108 0.8594
vn 0.7752 0.0606 0.6288
vn 0.8270 0.2929 0.4798
vn 0.0221 -0.5806 0.8139
vn -0.6427 0.3190 0.6965
vn -0.0566 0.7064 0.7056
vn 0.0018 0.7727 0.6347
vn 0.0018 0.7728 0.6347
vn 0.6424 0.4843 0.5939
vn -0.8877 0.3619 0.2846
vn -0.0221 0.9462 0.3228
vn 0.7688 0.3750 0.5180
vn 0.8816 -0.4435 0.1614
vn 0.7758 0.4602 0.4317
vn -0.8654 0.4815 0.1386
vn -0.0521 0.8841 0.4643
vn -0.7129 -0.6878 0.1366
vn -0.6453 0.2323 0.7278
vn 0.2062 0.3992 0.8934
vn 0.6865 0.0574 0.7248
vn 0.0839 -0.6281 0.7736
vn 0.7541 -0.5623 0.3395
vn -0.9940 0.0481 0.0983
vn -0.8157 -0.2713 0.5109
vn -0.8277 -0.3534 0.4359
vn -0.3586 -0.5890 0.7242
vn -0.4565 -0.6367 0.6215
vn 0.0426 -0.7485 0.6618
vn 0.1165 -0.5879 0.8005
vn 0.4959 -0.6161 0.6120
vn 0.4830 -0.7398 0.4685
vn -0.1393 0.1175 -0.9833
vn -0.6121 0.1535 -0.7758
vn -0.4409 -0.0807 -0.8939
vn -0.0384 0.9668 -0.2527
vn -0.1683 0.4655 0.8689
vn -0.3719 0.9063 -0.2006
vn -0.0385 0.9668 -0.2527
vn 0.1203 0.6099 -0.7833
vn -0.8669 0.3251 -0.3779
vn -0.2130 0.4850 -0.8482
vn 0.4368 0.8993 0.0200
vn -0.9840 -0.0934 0.1518
vn -0.4506 0.1198 0.8846
vn -0.1273 0.5016 -0.8557
vn 0.0136 0.0246 -0.9996
vn 0.0143 0.1500 -0.9886
vn 0.0639 0.4061 -0.9116
vn -0.1349 0.4277 -0.8938
vn -0.6184 -0.7702 -0.1562
vn -0.7580 -0.6243 -0.1887
vn -0.3697 0.8888 0.2710
vn 0.0674 0.9709 -0.2299
vn -0.3799 0.5486 -0.7448
vn -0.1698 0.0020 -0.9855
vn 0.0161 -0.6235 -0.7817
vn -0.3719 0.9064 -0.2005
vn -0.5463 -0.1389 0.8260
vn 0.1491 0.0072 0.9888
vn 0.1490 0.0072 0.9888
vn 0.7327 0.6204 0.2798
vn -0.3696 0.8888 0.2711
vn -0.3696 0.8888 0.2710
vn -0.5442 -0.6792 -0.4925
vn -0.3634 -0.8776 -0.3126
vn -0.1437 -0.6475 -0.7484
vn -0.1438 -0.6474 -0.7485
vn -0.4808 -0.6462 -0.5926
vn -0.4808 -0.6463 -0.5926
vn 0.4732 -0.8057 -0.3563
vn -0.9228 -0.2693 -0.2756
vn -0.9228 -0.2692 -0.2756
vn -0.9944 0.0731 -0.0767
vn -0.7580 -0.6244 -0.1887
vn 0.6105 -0.5378 -0.5815
vn -0.1698 0.0019 -0.9855
vn 0.5120 -0.7703 -0.3800
vn 0.1804 -0.6078 -0.7733
vn 0.5120 -0.7703 -0.3801
vn 0.5345 -0.5173 -0.6683
vn -0.1983 0.1226 -0.9724
vn 0.5345 -0.5174 -0.6683
vn -0.1983 0.1226 -0.9725
vn -0.3111 -0.9045 -0.2918
vn 0.9071 -0.0495 -0.4181
vn 0.9244 0.3083 -0.2245
vn 0.9071 -0.0495 -0.4180
vn 0.8482 -0.4276 -0.3125
vn -0.2963 0.3621 -0.8838
vn 0.7543 -0.6019 -0.2620
vn 0.8483 -0.4276 -0.3125
vn 0.6964 0.5170 -0.4978
vn -0.1081 0.4311 -0.8958
vn 0.7543 -0.6020 -0.2621
vn -0.2336 0.9429 -0.2374
vn -0.2337 0.9429 -0.2374
vn -0.0401 0.5062 -0.8615
vn -0.6315 0.7686 0.1024
vn 0.9890 0.1482 -0.0001
vn 0.5371 0.2404 0.8085
vn 0.9890 0.1481 -0.0001
vn 0.1805 0.5081 0.8422
vn -0.1348 0.4277 -0.8938
vn -0.6184 -0.7701 -0.1563
vn -0.4644 -0.6244 0.6280
vn -0.5672 -0.5710 0.5935
vn -0.2131 0.4850 -0.8481
vn -0.3714 -0.2337 0.8986
vn -0.4506 0.1196 0.8847
vn 0.4368 0.8993 0.0201
vn -0.7580 -0.6243 -0.1888
vn -0.4917 -0.5557 0.6704
vn -0.2545 -0.4432 0.8596
vn -0.1397 -0.1813 0.9735
vn -0.0386 0.9669 -0.2524
vn -0.5649 -0.5386 0.6252
vn -0.5301 -0.4850 0.6955
vn -0.4838 -0.6471 0.5892
vn 0.1241 -0.4601 0.8792
vn 0.1165 -0.3714 0.9211
vn 0.0988 -0.1922 0.9764
vn -0.9227 -0.2692 -0.2760
vn 0.4713 -0.8101 -0.3487
vn -0.4816 -0.6495 -0.5884
vn -0.6602 -0.5605 0.5000
vn -0.2889 -0.6849 0.6690
vn 0.1325 -0.5734 0.8085
vn 0.1430 -0.8064 0.5738
vn -0.1439 -0.6475 -0.7483
vn -0.3633 -0.8777 -0.3125
vn -0.4672 -0.8781 0.1035
vn 0.1389 -0.9415 0.3070
vn 0.5423 -0.5831 0.6049
vn 0.7297 -0.3307 0.5984
vn 0.7082 -0.5011 0.4973
vn 0.1405 -0.7186 0.6811
vn -0.5443 -0.6791 -0.4926
vn 0.0161 -0.6234 -0.7818
vn 0.6744 -0.7382 0.0156
vn 0.8431 -0.3764 0.3842
vn 0.7654 -0.3758 0.5224
vn 0.7060 -0.4090 0.5782
vn 0.6104 -0.5377 -0.5816
vn 0.5121 -0.7703 -0.3801
vn 0.1804 -0.6077 -0.7734
vn 0.5338 -0.5175 -0.6688
vn -0.3137 -0.9026 -0.2949
vn 0.9068 -0.0493 -0.4187
vn 0.9244 0.3083 -0.2244
vn 0.6901 -0.4830 0.5390
vn 0.4802 -0.3532 0.8029
vn 0.7544 -0.6020 -0.2618
vn 0.6963 0.5170 -0.4979
vn 0.7705 -0.4072 0.4903
vn 0.3244 -0.1245 0.9377
vn -0.1080 0.4311 -0.8958
vn 0.9889 0.1483 -0.0002
vn 0.5478 -0.1211 0.8278
vn -0.2338 0.9429 -0.2374
vn 0.1805 0.5085 0.8419
vn 0.1248 0.9655 -0.2284
vn 0.5371 0.2405 0.8085
vn -0.6314 0.7687 0.1022
vn 0.7444 0.5698 0.3481
vn -0.0453 0.7125 0.7002
vn -0.8052 0.3718 0.4620
vn -0.3862 0.9029 -0.1888
vn -0.1683 0.4656 0.8689
vn 0.3219 -0.0369 -0.9461
vn -0.1393 0.1175 -0.9832
vn 0.1263 -0.1696 -0.9774
vn 0.8871 -0.3433 0.3086
vn 0.7790 -0.6065 0.1589
vn 0.9984 -0.0446 -0.0357
vn -0.3868 -0.7172 0.5796
vn -0.2759 -0.4444 0.8523
vn 0.1122 -0.6328 0.7661
vn 0.0773 -0.4136 0.9072
vn 0.3009 -0.4316 0.8504
vn 0.6225 -0.6891 0.3711
vn -0.8032 -0.0119 -0.5956
vn -0.8591 0.3564 -0.3673
vn -0.7340 0.4089 -0.5422
vn -0.5790 0.0133 -0.8152
vn -0.2198 0.5395 -0.8128
vn -0.1312 0.0644 -0.9893
vn 0.3886 0.0647 -0.9191
vn 0.4475 0.5340 -0.7173
vn 0.7143 0.1574 -0.6819
vn 0.5159 0.6525 -0.5552
vn 0.5159 0.6525 -0.5551
vn 0.6982 -0.4820 -0.5293
vn 0.6352 -0.0991 -0.7660
vn 0.4204 -0.3212 -0.8486
vn -0.9418 -0.1735 -0.2879
vn -0.9928 -0.1183 0.0208
vn -0.9674 -0.2490 0.0464
vn -0.1180 0.0052 -0.9930
vn 0.9630 0.2158 -0.1613
vn 0.6337 -0.0997 -0.7671
vn 0.8977 -0.3433 -0.2764
vn 0.8976 -0.3433 -0.2764
vn 0.7979 -0.5601 -0.2228
vn -0.9949 0.0746 0.0683
vn -0.8854 0.2520 -0.3906
vn -0.7437 -0.1090 -0.6596
vn -0.7436 -0.1090 -0.6596
vn 0.7143 -0.6679 0.2089
vn 0.9374 -0.2960 -0.1836
vn 0.8221 -0.5464 -0.1602
vn 0.3189 -0.7006 0.6383
vn -0.9943 -0.1067 -0.0083
vn -0.9642 -0.2648 0.0172
vn -0.8305 -0.3886 0.3991
vn -0.4329 -0.5550 0.7104
vn 0.4090 -0.3987 -0.8208
vn 0.5000 -0.7906 0.3536
vn -0.9576 -0.2512 -0.1411
vn 0.0255 -0.1773 -0.9838
vn 0.2273 -0.3466 -0.9101
vn -0.0492 -0.1743 -0.9835
vn -0.1160 -0.0737 -0.9905
vn -0.7405 -0.2051 -0.6400
vn -0.3215 -0.1350 -0.9372
vn -0.8771 -0.1093 -0.4677
vn -0.5705 -0.1999 -0.7966
vn -0.7255 -0.5399 0.4268
vn 0.7138 -0.5880 -0.3804
vn 0.5612 -0.5453 -0.6227
vn -0.2035 -0.1569 -0.9664
vn -0.4971 0.3706 0.7846
vn 0.2261 -0.9045 0.3617
vn 0.0051 0.0129 -0.9999
vn 0.0632 -0.1701 -0.9834
vn 0.5421 0.4543 -0.7069
vn -0.5062 0.3315 -0.7962
vn -0.3019 -0.8602 -0.4110
vn 0.5422 0.4543 -0.7069
vn -0.2406 0.1117 -0.9642
vn -0.1677 -0.0478 -0.9847
vn -0.5525 0.4142 -0.7233
vn -0.5525 0.4141 -0.7233
vn 0.1501 0.0303 -0.9882
vn 0.0341 -0.0533 -0.9980
vn -0.1265 0.0207 -0.9918
vn -0.1265 0.0207 -0.9917
vn -0.0879 -0.0511 -0.9948
vn -0.0866 -0.1052 -0.9907
vn -0.1275 -0.0732 -0.9891
vn -0.1265 0.0208 -0.9917
vn -0.1281 -0.0748 -0.9889
vn -0.2554 0.0666 -0.9645
vn -0.4182 -0.1123 -0.9014
vn -0.5283 0.3207 -0.7862
vn -0.2581 -0.5911 -0.7642
vn 0.0600 -0.1579 -0.9856
vn -0.5428 0.6461 -0.5365
vn -0.2582 -0.5911 -0.7642
vn -0.5282 0.3207 -0.7862
vn -0.4895 -0.7585 0.4302
vn 0.5576 -0.8301 -0.0042
vn 0.7415 0.0685 0.6675
vn 0.5576 -0.8301 -0.0043
vn 0.7415 0.0686 0.6674
vn -0.0003 -0.9819 -0.1892
vn 0.5576 -0.8301 -0.0044
vn 0.1157 -0.9915 -0.0600
vn 0.5577 -0.8300 -0.0043
vn 0.3399 -0.3281 0.8814
vn 0.5413 -0.6157 0.5726
vn 0.5015 -0.6196 0.6038
vn -0.7102 -0.2045 0.6737
vn 0.5014 -0.6196 0.6038
vn 0.1156 -0.9915 -0.0600
vn 0.1814 -0.7767 -0.6032
vn 0.7011 -0.7117 0.0449
vn 0.5159 -0.4310 0.7403
vn 0.7100 -0.6585 0.2496
vn 0.4600 -0.7888 0.4077
vn 0.4461 -0.5655 0.6937
vn 0.2689 -0.5858 0.7646
vn 0.2885 -0.6686 0.6854
vn 0.3844 -0.7113 0.5885
vn 0.2149 -0.6449 0.7334
vn 0.7139 -0.5880 -0.3804
vn 0.5546 -0.1391 -0.8204
vn -0.0443 -0.7469 -0.6635
vn 0.1468 0.1016 -0.9839
vn -0.0443 -0.7469 -0.6634
vn -0.6765 -0.1168 -0.7271
vn -0.3223 -0.1252 -0.9383
vn 0.0824 -0.1262 -0.9886
vn -0.3203 -0.1273 -0.9387
vn -0.3232 -0.3646 -0.8733
vn 0.1854 -0.3079 -0.9332
vn -0.1536 -0.4868 -0.8599
vn -0.8280 -0.5538 0.0879
vn 0.5402 -0.8402 -0.0475
vn 0.8993 -0.3750 -0.2249
vn 0.7871 -0.6011 -0.1384
vn 0.1854 -0.3078 -0.9332
vn 0.3314 -0.3165 -0.8888
vn 0.4812 -0.1600 -0.8619
vn 0.4516 -0.4662 -0.7607
vn -0.5283 -0.5526 -0.6446
vn -0.2996 0.0890 0.9499
vn 0.3314 -0.3164 -0.8888
vn 0.3315 -0.3164 -0.8888
vn -0.2996 0.0889 0.9499
vn 0.4553 -0.8246 0.3358
vn 0.4098 -0.8708 0.2716
vn 0.5422 -0.6238 0.5629
vn 0.1205 -0.9563 -0.2665
vn 0.1206 -0.9563 -0.2665
vn 0.2066 -0.9382 -0.2778
vn 0.2065 -0.9382 -0.2778
vn 0.3622 -0.9189 0.1560
vn 0.3856 -0.8956 0.2219
vn 0.6101 0.4794 -0.6308
vn 0.1178 -0.4177 0.9009
vn 0.5787 -0.6525 0.4893
vn -0.5100 -0.5211 -0.6844
vn -0.3321 -0.9046 -0.2672
vn -0.0350 -0.6484 0.7605
vn -0.8275 -0.5594 -0.0489
vn -0.8275 -0.5593 -0.0489
vn 0.6681 -0.6783 -0.3058
vn -0.1266 -0.4596 0.8790
vn -0.7767 -0.5963 0.2029
vn -0.5293 0.4517 -0.7182
vn -0.7697 0.1781 0.6131
vn -0.5541 0.0192 0.8322
vn 0.3905 -0.8963 0.2102
vn -0.8083 -0.5879 -0.0327
vn 0.3904 -0.8963 0.2102
vn -0.5293 0.4517 -0.7183
vn -0.4609 0.6615 -0.5916
vn -0.3562 -0.7961 0.4893
vn -0.4608 0.6616 -0.5916
vn -0.9467 -0.2794 0.1606
vn -0.9583 0.0164 0.2855
vn -0.9582 0.0164 0.2855
vn -0.3661 -0.8744 -0.3184
vn -0.9698 0.1350 -0.2030
vn -0.6712 -0.0976 0.7348
vn 0.1458 -0.8857 0.4407
vn -0.8816 0.2092 -0.4231
vn -0.7095 0.2425 -0.6616
vn -0.7095 0.2426 -0.6616
vn -0.5320 -0.1951 -0.8240
vn -0.4504 -0.0070 0.8928
vn -0.6712 -0.0976 0.7349
vn -0.5320 -0.1952 -0.8239
vn -0.4504 -0.0069 0.8928
vn -0.5320 -0.1951 -0.8239
vn -0.7968 -0.5998 -0.0735
vn 0.4004 -0.9089 0.1161
vn 0.0083 -0.7096 0.7046
vn 0.4005 -0.9089 0.1161
vn -0.6318 0.0081 -0.7751
vn 0.0083 -0.7095 0.7046
vn -0.7805 -0.6135 0.1203
vn -0.2852 -0.1285 -0.9498
vn 0.2846 -0.7639 -0.5791
vn -0.7805 -0.6135 0.1202
vn 0.2846 -0.7640 -0.5791
vn -0.0649 -0.7337 0.6764
vn -0.2852 -0.1286 -0.9498
vn -0.0648 -0.7337 0.6764
vn 0.2846 -0.7639 -0.5792
vn -0.8816 0.2091 -0.4231
vn -0.4847 0.2608 -0.8349
vn -0.2473 -0.9641 -0.0966
vn -0.2473 -0.9641 -0.0965
vn -0.8304 -0.2112 0.5155
vn 0.1203 -0.6182 0.7768
vn 0.6995 -0.1349 -0.7018
vn 0.5063 -0.3088 -0.8052
vn 0.1857 -0.9553 -0.2302
vn 0.1857 -0.9552 -0.2303
vn 0.5063 -0.3087 -0.8052
vn -0.0535 -0.6298 0.7749
vn -0.0668 -0.5503 0.8323
vn -0.1086 -0.6731 0.7315
vn 0.4039 0.7071 -0.5804
vn 0.3772 -0.7111 -0.5934
vn 0.0374 -0.9803 -0.1941
vn 0.4039 0.7071 -0.5805
vn -0.0242 -0.7597 -0.6498
vn 0.1820 0.5371 -0.8236
vn -0.6703 -0.0299 -0.7415
vn -0.4110 0.3507 -0.8415
vn 0.1820 0.5372 -0.8236
vn -0.0242 -0.7596 -0.6499
vn -0.9029 -0.2810 0.3254
vn -0.6794 -0.5254 0.5123
vn -0.5687 -0.5020 0.6516
vn -0.3872 -0.4843 0.7845
vn -0.2674 -0.5241 0.8086
vn -0.5712 -0.3046 0.7622
vn -0.4048 -0.4156 0.8145
vn -0.4645 -0.4822 0.7428
vn -0.4645 -0.4822 0.7427
vn -0.3387 -0.1606 0.9271
vn -0.6751 -0.3059 0.6713
vn -0.6035 -0.3475 0.7176
vn 0.9358 -0.0984 -0.3385
vn -0.8575 -0.2899 0.4251
vn 0.0413 -0.8835 0.4666
vn -0.3143 0.7227 0.6155
vn 0.0414 -0.8835 0.4666
vn -0.6907 -0.7229 0.0186
vn -0.3143 0.7227 0.6156
vn -0.6971 -0.7153 0.0481
vn -0.3816 0.1088 0.9179
vn -0.6971 -0.7154 0.0481
vn -0.3817 0.1088 0.9179
vn -0.9211 -0.2843 0.2658
vn -0.6372 0.0909 0.7653
vn -0.6970 -0.7154 0.0481
vn -0.6035 -0.3476 0.7176
vn -0.6971 -0.7154 0.0480
vn -0.6036 -0.3476 0.7176
vn 0.6281 -0.5377 0.5625
vn -0.6051 -0.5541 -0.5716
vn -0.5484 -0.7211 0.4234
vn 0.7115 0.0162 0.7025
vn 0.5523 -0.4895 0.6748
vn 0.0968 -0.9927 -0.0714
vn 0.3833 -0.8965 0.2222
vn 0.5205 -0.5685 0.6371
vn 0.5819 -0.6488 0.4904
vn 0.3834 -0.8965 0.2222
vn 0.6748 -0.7083 0.2073
vn -0.7307 -0.1839 0.6575
vn 0.1731 -0.7714 -0.6124
vn -0.6078 -0.1456 0.7806
vn -0.7727 -0.5319 0.3464
vn -0.7832 -0.2837 0.5533
vn -0.4971 0.3706 0.7845
vn -0.8099 -0.5822 0.0714
vn 0.2008 0.4044 0.8923
vn -0.6583 -0.7525 -0.0190
vn -0.8099 -0.5822 0.0713
vn -0.7287 -0.6840 0.0350
vn -0.7727 -0.5320 0.3464
vn -0.7077 -0.6265 0.3267
vn -0.4484 -0.6998 0.5561
vn -0.2793 -0.1383 0.9502
vn -0.8099 -0.5823 0.0714
vn -0.4484 -0.6998 0.5560
vn -0.8099 -0.5822 0.0715
vn -0.2792 -0.1383 0.9502
vn -0.6255 -0.2739 0.7305
vn -0.7286 -0.6840 0.0350
vn -0.0700 -0.5576 0.8272
vn -0.5600 -0.6522 0.5109
vn -0.4485 -0.6998 0.5561
vn -0.2066 -0.8702 0.4474
vn -0.2066 -0.8702 0.4473
vn 0.3379 -0.2976 0.8929
vn 0.2957 0.9363 -0.1896
vn -0.8965 -0.2925 0.3329
vn 0.6310 -0.5374 0.5595
vn -0.6190 -0.5541 -0.5565
vn -0.4863 -0.4617 0.7418
vn -0.1061 -0.6619 0.7421
vn 0.3136 -0.6660 0.6768
vn -0.0700 -0.5576 0.8271
vn 0.3176 -0.9061 0.2796
vn 0.3543 -0.8123 0.4633
vn -0.2589 -0.9185 0.2988
vn -0.5645 -0.6520 0.5062
vn 0.1281 -0.9740 -0.1867
vn 0.2957 0.9363 -0.1895
vn 0.0627 -0.7521 0.6560
vn 0.3543 -0.8123 0.4632
vn 0.0626 -0.7522 0.6560
vn 0.3832 -0.8965 0.2222
vn 0.5818 -0.6488 0.4904
vn 0.2957 0.9363 -0.1897
vn 0.2958 0.9363 -0.1896
vn 0.1627 0.9737 0.1593
vn 0.2380 0.8694 0.4330
vn -0.6272 0.7618 0.1621
vn 0.8505 0.3864 0.3568
vn -0.6934 0.7202 -0.0221
vn -0.9676 0.1839 -0.1728
vn -0.0925 0.8968 -0.4327
vn 0.8386 0.5103 0.1905
vn -0.1289 -0.8952 -0.4266
vn -0.0602 -0.9656 -0.2531
vn -0.7303 -0.5387 -0.4201
vn -0.9653 0.2301 -0.1233
vn -0.7906 0.3160 -0.5244
vn 0.5529 -0.7996 -0.2345
vn 0.5931 -0.5708 -0.5678
vn 0.4386 -0.7819 -0.4429
vn 0.9710 -0.2137 0.1075
vn 0.9813 -0.1645 0.0996
vn 0.6144 0.5710 -0.5445
vn -0.6259 -0.4190 -0.6578
vn -0.6259 -0.4191 -0.6578
vn -0.5032 0.8413 0.1975
vn 0.1590 0.9221 0.3528
vn -0.4260 0.8912 0.1557
vn 0.7547 0.5637 0.3355
vn 0.7548 0.5637 0.3355
vn 0.7437 0.6077 0.2787
vn -0.9698 0.2037 -0.1342
vn -0.9559 0.2763 -0.0996
vn 0.9703 -0.2236 0.0927
vn 0.9732 -0.2079 0.0984
vn -0.8164 -0.4589 -0.3507
vn -0.1405 -0.9132 -0.3825
vn -0.2094 -0.9449 -0.2516
vn -0.1405 -0.9132 -0.3824
vn 0.6093 -0.7707 -0.1866
vn 0.2949 -0.2707 0.9164
vn 0.5739 -0.2436 0.7819
vn 0.3388 0.2977 0.8925
vn 0.2973 -0.5301 0.7941
vn 0.1513 -0.5459 0.8240
vn 0.1513 -0.5459 0.8241
vn 0.0894 -0.6469 0.7573
vn 0.3906 -0.6929 0.6061
vn 0.6718 -0.3899 0.6298
vn 0.1902 0.9386 0.2878
vn -0.8565 -0.4539 -0.2458
vn 0.5718 -0.8141 -0.1019
vn -0.6395 0.6623 0.3904
vn -0.9693 0.2324 -0.0803
vn -0.6720 0.0789 0.7363
vn -0.6305 -0.3532 0.6911
vn -0.8233 -0.3600 0.4389
vn -0.9693 0.2323 -0.0803
vn -0.7622 0.4455 -0.4697
vn -0.4723 0.8428 0.2582
vn 0.0924 0.8458 0.5255
vn 0.0321 0.5743 0.8180
vn -0.3880 0.5384 0.7481
vn -0.1757 -0.6066 0.7753
vn -0.3287 -0.5705 0.7527
vn 0.9274 0.2581 -0.2707
vn 0.5207 0.6196 0.5873
vn 0.6244 0.6790 0.3861
vn 0.9660 0.2299 -0.1184
vn 0.9597 0.1831 0.2131
vn 0.9660 0.2298 -0.1184
vn 0.9274 0.2580 -0.2707
vn 0.5207 0.6196 0.5874
vn 0.7592 0.6363 -0.1368
vn 0.1031 -0.8754 0.4723
vn -0.2497 -0.7769 0.5780
vn 0.7031 -0.7106 -0.0264
vn 0.5625 -0.8055 -0.1865
vn 0.1102 -0.8506 -0.5141
vn 0.0501 -0.9555 -0.2907
vn -0.7983 -0.5081 0.3234
vn -0.8318 -0.3426 -0.4368
vn -0.8318 -0.3425 -0.4368
vn 0.8831 -0.2719 0.3823
vn 0.9013 0.3826 -0.2033
vn 0.7600 -0.1436 -0.6339
vn 0.5727 -0.0419 -0.8187
vn 0.9013 0.3825 -0.2033
vn 0.7600 -0.1435 -0.6339
vn 0.8409 0.2830 -0.4614
vn 0.1501 0.8038 -0.5756
vn -0.2858 -0.9567 -0.0560
vn 0.0772 -0.9058 -0.4165
vn -0.2858 -0.9566 -0.0560
vn -0.9410 0.3112 -0.1326
vn -0.6396 0.6622 0.3904
vn 0.0500 -0.9555 -0.2907
vn 0.1032 -0.8525 -0.5124
vn -0.7348 -0.5116 -0.4454
vn -0.1513 -0.1915 -0.9698
vn 0.3864 0.5550 -0.7366
vn 0.0562 0.4540 -0.8892
vn 0.6214 0.5712 -0.5363
vn 0.7780 -0.4447 -0.4438
vn -0.1474 -0.8186 -0.5551
vn -0.1513 -0.1914 -0.9698
vn 0.0101 -0.8781 -0.4783
vn 0.5049 -0.8486 -0.1576
vn 0.5049 -0.8487 -0.1576
vn 0.0412 -0.9991 -0.0033
vn 0.3865 0.5550 -0.7366
vn 0.8409 0.2829 -0.4614
vn 0.9178 -0.2995 -0.2606
vn 0.1768 -0.9092 -0.3771
vn -0.1024 -0.9814 0.1622
vn 0.7574 0.6286 -0.1767
vn -0.0289 0.7206 -0.6928
vn 0.1501 0.8039 -0.5755
vn 0.0771 -0.9059 -0.4165
vn 0.0772 -0.9059 -0.4165
vn 0.5806 -0.0594 -0.8120
vn 0.1376 -0.9066 -0.3990
vn 0.0772 -0.9058 -0.4166
vn -0.2857 -0.9567 -0.0560
vn -0.2150 -0.9644 -0.1542
vn 0.1376 -0.9066 -0.3989
vn -0.9675 -0.1437 0.2083
vn -0.8558 -0.4687 0.2187
vn -0.8376 -0.2471 0.4873
vn -0.8554 -0.5005 -0.1337
vn -0.7328 -0.5969 -0.3268
vn -0.5840 -0.8102 -0.0500
vn 0.0622 -0.9548 -0.2906
vn 0.0679 -0.9977 0.0074
vn -0.0825 -0.9922 0.0931
vn 0.5305 -0.8342 -0.1505
vn 0.1859 -0.9077 0.3763
vn -0.6700 -0.5816 -0.4614
vn 0.0133 -0.8833 -0.4687
vn 0.1262 -0.7494 -0.6500
vn 0.5164 -0.2313 -0.8245
vn -0.1239 0.2493 -0.9605
vn 0.0712 -0.2092 -0.9753
vn -0.5307 0.4894 -0.6920
vn -0.6700 -0.5816 -0.4613
vn -0.4431 0.6964 -0.5646
vn -0.3702 0.5426 -0.7540
vn -0.7417 0.0235 -0.6703
vn -0.4794 0.3576 -0.8014
vn 0.6588 0.2485 -0.7101
vn 0.6588 0.2485 -0.7100
vn 0.6589 0.2485 -0.7100
vn 0.8468 0.2832 -0.4502
vn -0.9663 -0.1715 0.1921
vn -0.8199 -0.3070 0.4832
vn -0.9375 0.3174 -0.1428
vn -0.9427 0.3080 0.1281
vn -0.9441 0.3123 -0.1060
vn -0.8546 -0.5066 -0.1143
vn -0.7318 -0.6541 -0.1915
vn 0.0664 -0.2470 -0.9667
vn -0.4654 0.0236 -0.8848
vn -0.6882 0.7214 -0.0770
vn -0.4561 0.6907 -0.5612
vn -0.1917 0.8155 -0.5462
vn -0.9419 0.3351 -0.0209
vn 0.0754 -0.2341 -0.9693
vn -0.6315 0.7294 0.2631
vn -0.4601 0.8624 0.2112
vn -0.2972 0.9367 -0.1851
vn -0.2152 0.8418 -0.4951
vn -0.3621 0.5292 -0.7674
vn 0.0931 0.8355 -0.5415
vn -0.6646 0.5835 -0.4668
vn -0.5022 0.7311 -0.4618
vn 0.3570 0.8388 -0.4110
vn 0.7380 0.5037 -0.4490
vn 0.3039 0.8426 -0.4447
vn -0.7308 0.0528 -0.6806
vn -0.4794 0.3577 -0.8014
vn 0.6482 0.5815 -0.4917
vn 0.9232 -0.2227 -0.3131
vn 0.6927 0.3608 -0.6245
vn 0.8817 -0.3624 -0.3021
vn 0.0116 0.5854 -0.8107
vn -0.5799 0.6062 -0.5443
vn 0.0116 0.5854 -0.8106
vn -0.0349 0.5591 -0.8283
vn 0.4634 0.4793 -0.7453
vn -0.9706 -0.0128 -0.2405
vn -0.5487 0.5965 -0.5858
vn -0.1797 0.6874 -0.7037
vn -0.0349 0.5591 -0.8284
vn 0.2619 0.7880 -0.5572
vn 0.1432 0.7812 -0.6077
vn 0.1646 0.8694 -0.4659
vn 0.0385 0.8341 -0.5503
vn 0.3768 0.5884 -0.7154
vn -0.9572 0.1627 -0.2395
vn -0.3966 0.7983 -0.4532
vn 0.4677 0.8492 -0.2451
vn 0.1919 0.9631 -0.1886
vn -0.1077 0.9680 -0.2265
vn -0.2160 0.9647 -0.1509
vn 0.4085 0.8493 0.3344
vn 0.2011 0.9439 0.2620
vn -0.0181 0.9379 0.3464
vn 0.5403 0.8332 -0.1175
vn -0.9921 0.0335 -0.1210
vn -0.7749 -0.6120 0.1580
vn -0.9188 -0.3873 -0.0755
vn -0.6378 -0.7629 -0.1061
vn -0.9189 -0.3873 -0.0755
vn -0.9609 -0.2438 0.1309
vn -0.5505 -0.7670 0.3297
vn -0.1958 -0.9713 0.1348
vn -0.2036 -0.9666 -0.1558
vn -0.1822 -0.9259 0.3309
vn 0.2156 -0.9293 0.2998
vn 0.4762 -0.8714 0.1176
vn 0.2781 -0.9520 -0.1279
vn 0.7855 -0.6154 0.0659
vn 0.9125 -0.3651 -0.1847
vn 0.6793 -0.7247 -0.1157
vn 0.7135 0.5387 0.4480
vn 0.9912 -0.0757 -0.1087
vn 0.9432 -0.2473 0.2217
vn -0.9526 0.2975 -0.0633
vn -0.4225 0.7738 0.4720
vn -0.9491 0.1827 -0.2567
vn -0.9383 0.3277 -0.1105
vn -0.9580 0.1572 0.2399
vn 0.9237 -0.2179 -0.3150
vn 0.9238 -0.2179 -0.3150
vn 0.9842 -0.0913 -0.1515
vn 0.9433 -0.2603 0.2061
vn -0.9563 0.1554 0.2477
vn -0.3443 0.7079 0.6168
vn -0.9875 -0.0730 0.1398
vn -0.4249 0.8434 0.3289
vn -0.3443 0.7078 0.6168
vn 0.3091 0.8388 0.4481
vn 0.7386 0.6044 0.2987
vn 0.6250 0.5062 0.5943
vn 0.0716 0.8881 0.4540
vn 0.8822 -0.4604 0.0991
vn -0.9874 -0.0712 0.1414
vn -0.7581 -0.6520 -0.0132
vn -0.7168 -0.6841 0.1348
vn -0.2035 -0.9766 -0.0701
vn -0.1878 -0.9467 0.2616
vn 0.4352 -0.8994 -0.0409
vn 0.8811 -0.4631 0.0962
vn 0.3930 -0.9135 0.1053
vn 0.1991 0.9333 0.2990
vn -0.4249 0.8434 0.3290
vn 0.1587 0.9752 0.1543
vn 0.2011 0.9795 -0.0079
vn 0.1974 0.9341 0.2975
vn 0.2471 0.9571 0.1512
vn -0.9602 0.1677 0.2234
vn -0.5089 0.7623 0.3998
vn -0.5089 0.7623 0.3999
vn -0.2215 0.7958 0.5636
vn 0.2039 0.9736 0.1026
vn 0.5488 0.6369 0.5415
vn 0.7893 0.4948 0.3635
vn -0.8675 -0.2367 0.4375
vn -0.6903 -0.0546 0.7215
vn -0.6903 -0.0546 0.7214
vn -0.3124 -0.3816 0.8699
vn 0.1348 0.5378 0.8322
vn 0.1836 -0.4839 0.8557
vn 0.6512 -0.3312 0.6828
vn 0.7253 -0.5648 0.3936
vn 0.9589 -0.2244 0.1739
vn -0.0712 -0.4680 0.8809
vn -0.9595 0.1711 0.2239
vn -0.4742 -0.8033 0.3603
vn -0.8675 -0.2363 0.4377
vn 0.1370 -0.9294 0.3428
vn -0.1715 -0.8901 0.4222
vn 0.9581 -0.2278 0.1735
vn 0.7249 -0.5655 0.3933
vn 0.6512 -0.3313 0.6828
vn 0.1836 -0.4840 0.8556
vn -0.0712 -0.4681 0.8808
vn 0.5992 0.3679 0.7110
vn -0.4844 0.7534 -0.4447
vn 0.9660 0.2299 -0.1183
vn -0.9478 0.2896 -0.1336
vn 0.1501 0.8038 -0.5757
vn -0.0326 0.7460 -0.6651
vn -0.0326 0.7460 -0.6652
vn -0.4844 0.7534 -0.4446
vt 0.067186 0.116718
vt 0.097215 0.097536
vt 0.064379 0.086961
vt 0.043334 0.119297
vt 0.047003 0.231504
vt 0.074090 0.264534
vt 0.085665 0.248603
vt 0.071932 0.216289
vt 0.105694 0.225212
vt 0.132490 0.239351
vt 0.133590 0.256593
vt 0.076690 0.185590
vt 0.048508 0.175025
vt 0.042746 0.198889
vt 0.074533 0.204392
vt 0.106667 0.206809
vt 0.107998 0.188147
vt 0.039141 0.430818
vt 0.059393 0.449409
vt 0.049310 0.461840
vt 0.076127 0.172695
vt 0.044167 0.155065
vt 0.108125 0.176176
vt 0.130383 0.187575
vt 0.068152 0.443440
vt 0.062823 0.430067
vt 0.059951 0.456011
vt 0.074688 0.449759
vt 0.075717 0.433873
vt 0.074189 0.143784
vt 0.402972 0.024471
vt 0.393186 0.040172
vt 0.399070 0.005712
vt 0.109665 0.130853
vt 0.137170 0.106387
vt 0.104800 0.147824
vt 0.075172 0.160504
vt 0.129162 0.149376
vt 0.108016 0.163217
vt 0.126686 0.166889
vt 0.134463 0.184950
vt 0.093808 0.477262
vt 0.111572 0.489275
vt 0.112027 0.450356
vt 0.085771 0.457410
vt 0.167842 0.698636
vt 0.162457 0.706714
vt 0.148994 0.682481
vt 0.163355 0.683379
vt 0.152585 0.679788
vt 0.141814 0.667223
vt 0.149892 0.661838
vt 0.137327 0.647477
vt 0.006599 0.458722
vt 0.034638 0.473868
vt 0.006769 0.444371
vt 0.085870 0.446255
vt 0.097859 0.441658
vt 0.118950 0.529127
vt 0.125334 0.530651
vt 0.126482 0.523399
vt 0.116543 0.510952
vt 0.092287 0.504476
vt 0.102014 0.528225
vt 0.107493 0.545030
vt 0.119602 0.545563
vt 0.134399 0.543270
vt 0.136991 0.524272
vt 0.120433 0.503949
vt 0.146703 0.524321
vt 0.137601 0.509360
vt 0.134605 0.498224
vt 0.137762 0.529119
vt 0.141578 0.510918
vt 0.147038 0.511688
vt 0.141517 0.502575
vt 0.145349 0.501576
vt 0.146529 0.498899
vt 0.147572 0.486507
vt 0.157242 0.499279
vt 0.159285 0.487519
vt 0.145131 0.476285
vt 0.139940 0.709477
vt 0.164253 0.727358
vt 0.140019 0.687866
vt 0.132839 0.672609
vt 0.125659 0.652863
vt 0.133737 0.647477
vt 0.126556 0.619655
vt 0.138224 0.632220
vt 0.128664 0.721390
vt 0.121360 0.699536
vt 0.108434 0.683018
vt 0.093509 0.663234
vt 0.088860 0.638053
vt 0.113990 0.626834
vt 0.122966 0.622346
vt 0.121171 0.602601
vt 0.101426 0.714792
vt 0.082578 0.695047
vt 0.059241 0.674403
vt 0.063729 0.649272
vt 0.067319 0.630424
vt 0.103221 0.607089
vt 0.113990 0.604396
vt 0.105913 0.587343
vt 0.035905 0.640298
vt 0.042248 0.624432
vt 0.062788 0.609500
vt 0.092450 0.593626
vt 0.103221 0.589139
vt 0.078090 0.560418
vt 0.092002 0.573880
vt 0.036130 0.615489
vt 0.044638 0.610391
vt 0.045967 0.604848
vt 0.043086 0.586446
vt 0.070012 0.569392
vt 0.076295 0.563110
vt 0.056548 0.549647
vt 0.061934 0.542466
vt 0.039496 0.537979
vt 0.044471 0.607914
vt 0.040039 0.608181
vt 0.030666 0.602084
vt 0.011672 0.579265
vt 0.051164 0.558622
vt 0.011672 0.608884
vt 0.011672 0.547852
vt 0.036803 0.542466
vt 0.027078 0.613175
vt 0.011672 0.627732
vt 0.011672 0.537979
vt 0.011672 0.528106
vt 0.097110 0.541526
vt 0.088643 0.535280
vt 0.079785 0.537308
vt 0.076313 0.531785
vt 0.148712 0.452904
vt 0.139056 0.452042
vt 0.128846 0.431164
vt 0.146395 0.439641
vt 0.160985 0.434346
vt 0.171510 0.421985
vt 0.170956 0.399682
vt 0.179556 0.404941
vt 0.179900 0.381814
vt 0.152759 0.397365
vt 0.115845 0.414632
vt 0.159266 0.385095
vt 0.148077 0.374388
vt 0.151731 0.348712
vt 0.141771 0.350422
vt 0.132876 0.333009
vt 0.112779 0.360391
vt 0.094099 0.408951
vt 0.108519 0.349981
vt 0.092276 0.359294
vt 0.103489 0.337064
vt 0.082720 0.351638
vt 0.073523 0.352584
vt 0.062369 0.414746
vt 0.040238 0.403511
vt 0.875313 0.620563
vt 0.892387 0.656023
vt 0.937953 0.621634
vt 0.847769 0.651297
vt 0.830018 0.619161
vt 0.927343 0.348111
vt 0.925312 0.362317
vt 0.937490 0.348111
vt 0.937490 0.362317
vt 0.924298 0.379568
vt 0.937490 0.379568
vt 0.927342 0.394789
vt 0.937490 0.394789
vt 0.937490 0.413054
vt 0.910092 0.362317
vt 0.908062 0.394789
vt 0.923283 0.413054
vt 0.928357 0.430305
vt 0.937489 0.430305
vt 0.928357 0.450600
vt 0.937489 0.450600
vt 0.937489 0.470895
vt 0.929372 0.470894
vt 0.937490 0.493219
vt 0.907009 0.430305
vt 0.909076 0.470894
vt 0.934852 0.592779
vt 0.872315 0.592779
vt 0.824600 0.592779
vt 0.790881 0.612454
vt 0.782806 0.592779
vt 0.811398 0.624261
vt 0.797887 0.627673
vt 0.789402 0.628707
vt 0.785192 0.627695
vt 0.775320 0.628039
vt 0.762468 0.613512
vt 0.760038 0.605352
vt 0.756068 0.592779
vt 0.937490 0.296358
vt 0.927342 0.301432
vt 0.937489 0.310565
vt 0.928357 0.310565
vt 0.929372 0.322742
vt 0.937490 0.322742
vt 0.937489 0.335934
vt 0.926328 0.335934
vt 0.914150 0.310565
vt 0.913136 0.335934
vt 0.017587 0.813174
vt 0.018279 0.772598
vt 0.047475 0.784145
vt 0.007428 0.814072
vt 0.062177 0.777516
vt 0.055894 0.793672
vt 0.047816 0.811622
vt 0.015649 0.836571
vt 0.007466 0.838014
vt 0.054099 0.814315
vt 0.039739 0.835856
vt 0.023583 0.861884
vt 0.011915 0.862781
vt 0.007428 0.863679
vt 0.063075 0.807135
vt 0.019095 0.864577
vt 0.888797 0.325873
vt 0.903473 0.325873
vt 0.890131 0.340550
vt 0.876787 0.340550
vt 0.876788 0.325873
vt 0.876788 0.316532
vt 0.888796 0.316533
vt 0.894133 0.351225
vt 0.876787 0.351225
vt 0.891465 0.364568
vt 0.876788 0.364568
vt 0.876788 0.377912
vt 0.894134 0.377912
vt 0.876787 0.395257
vt 0.906143 0.351225
vt 0.910145 0.377912
vt 0.896803 0.395257
vt 0.896803 0.412605
vt 0.876787 0.412604
vt 0.876787 0.429950
vt 0.895468 0.429950
vt 0.892800 0.452633
vt 0.876788 0.452633
vt 0.876787 0.469980
vt 0.914149 0.412604
vt 0.915482 0.452633
vt 0.890131 0.469980
vt 0.887463 0.488661
vt 0.876787 0.488661
vt 0.876787 0.504672
vt 0.906143 0.488661
vt 0.042432 0.839446
vt 0.049611 0.829574
vt 0.032558 0.856500
vt 0.040636 0.849319
vt 0.030763 0.862781
vt 0.169637 0.708509
vt 0.171432 0.704022
vt 0.178337 0.694772
vt 0.023583 0.646477
vt 0.026275 0.651862
vt 0.018197 0.649170
vt 0.034354 0.663531
vt 0.034354 0.652760
vt 0.142090 0.964216
vt 0.147814 0.964216
vt 0.148767 0.975662
vt 0.161167 0.977570
vt 0.159259 0.985200
vt 0.169876 0.979477
vt 0.169876 0.988061
vt 0.180492 0.985200
vt 0.178585 0.977570
vt 0.190984 0.975662
vt 0.165936 0.956585
vt 0.169876 0.955632
vt 0.173816 0.956585
vt 0.191937 0.964216
vt 0.197661 0.964216
vt 0.164028 0.954678
vt 0.169876 0.949908
vt 0.175723 0.954678
vt 0.178585 0.948955
vt 0.161167 0.948955
vt 0.007820 0.193194
vt 0.004904 0.180462
vt 0.015810 0.219425
vt 0.032028 0.097782
vt 0.010560 0.141464
vt 0.006282 0.167985
vt 0.045261 0.415841
vt 0.023318 0.410896
vt 0.017743 0.370970
vt 0.012690 0.420434
vt 0.001548 0.413970
vt 0.032293 0.521642
vt 0.060979 0.529193
vt 0.055353 0.514450
vt 0.051695 0.501958
vt 0.039513 0.500431
vt 0.029775 0.495091
vt 0.046394 0.487361
vt 0.042173 0.480512
vt 0.056481 0.477856
vt 0.072637 0.485165
vt 0.021943 0.751487
vt 0.011018 0.747898
vt 0.011915 0.740718
vt 0.043930 0.755383
vt 0.007428 0.768484
vt 0.007428 0.750591
vt 0.056792 0.694944
vt 0.057689 0.709304
vt 0.045123 0.685071
vt 0.030496 0.715265
vt 0.019544 0.693149
vt 0.042432 0.672505
vt 0.043983 0.736351
vt 0.025862 0.740442
vt 0.016670 0.715153
vt 0.006530 0.692252
vt 0.011018 0.651862
vt 0.065767 0.729947
vt 0.006530 0.736230
vt 0.006530 0.714240
vt 0.065767 0.715587
vt 0.013711 0.646477
vt 0.265451 0.523767
vt 0.274169 0.490782
vt 0.249221 0.507328
vt 0.288184 0.516392
vt 0.867900 0.497977
vt 0.867900 0.489972
vt 0.849221 0.489972
vt 0.855891 0.471291
vt 0.867900 0.471292
vt 0.851889 0.452611
vt 0.817196 0.452611
vt 0.850554 0.431261
vt 0.867900 0.431261
vt 0.867900 0.408579
vt 0.854558 0.408579
vt 0.823868 0.408579
vt 0.867900 0.452611
vt 0.854558 0.391232
vt 0.867900 0.392566
vt 0.857226 0.375221
vt 0.837211 0.375221
vt 0.858560 0.364545
vt 0.867900 0.364545
vt 0.859895 0.355205
vt 0.845217 0.355205
vt 0.858560 0.344531
vt 0.867900 0.344531
vt 0.863898 0.333856
vt 0.843882 0.333856
vt 0.857226 0.319179
vt 0.867900 0.319179
vt 0.867900 0.355205
vt 0.867900 0.333856
vt 0.867900 0.375221
vt 0.966025 0.480490
vt 0.945670 0.480490
vt 0.945670 0.489060
vt 0.955312 0.456920
vt 0.945670 0.456920
vt 0.961740 0.432280
vt 0.945670 0.432280
vt 0.963883 0.419425
vt 0.945670 0.419425
vt 0.945670 0.393713
vt 0.958526 0.393713
vt 0.945670 0.377644
vt 0.990512 0.432280
vt 0.992808 0.393713
vt 0.958526 0.377644
vt 0.945670 0.357289
vt 0.952099 0.357289
vt 0.945670 0.345505
vt 0.954241 0.345505
vt 0.952099 0.335863
vt 0.945670 0.335863
vt 0.953169 0.323007
vt 0.945670 0.323007
vt 0.976739 0.357289
vt 0.969240 0.335863
vt 0.006530 0.651862
vt 0.006219 0.914125
vt 0.014298 0.897970
vt 0.023292 0.922187
vt 0.027760 0.888994
vt 0.041917 0.911096
vt 0.057473 0.935383
vt 0.077615 0.914509
vt 0.077097 0.946455
vt 0.051096 0.951822
vt 0.055583 0.964388
vt 0.011605 0.890789
vt 0.025965 0.883610
vt 0.044813 0.880020
vt 0.060442 0.896452
vt 0.022375 0.875532
vt 0.034043 0.871044
vt 0.042121 0.871044
vt 0.055583 0.865659
vt 0.062764 0.872839
vt 0.075160 0.885251
vt 0.002629 0.880917
vt 0.069046 0.846811
vt 0.078919 0.849503
vt 0.089610 0.867463
vt 0.101357 0.887199
vt 0.088783 0.898891
vt 0.080714 0.815397
vt 0.090587 0.820783
vt 0.111541 0.830191
vt 0.134566 0.840528
vt 0.130976 0.883610
vt 0.111230 0.893482
vt 0.102255 0.896175
vt 0.092382 0.799242
vt 0.097767 0.808217
vt 0.117142 0.819095
vt 0.138431 0.831049
vt 0.146234 0.841426
vt 0.117513 0.777701
vt 0.128283 0.786676
vt 0.137232 0.802495
vt 0.147066 0.819879
vt 0.151619 0.836040
vt 0.142644 0.890789
vt 0.147132 0.773214
vt 0.147132 0.782188
vt 0.153119 0.798866
vt 0.159697 0.817192
vt 0.129181 0.769624
vt 0.149824 0.766931
vt 0.170479 0.770521
vt 0.170479 0.777701
vt 0.170479 0.796517
vt 0.170479 0.817192
vt 0.170479 0.764238
vt 0.191134 0.766931
vt 0.193826 0.773214
vt 0.193826 0.782188
vt 0.187839 0.798866
vt 0.181260 0.817192
vt 0.189338 0.836040
vt 0.170479 0.827066
vt 0.211776 0.769624
vt 0.223445 0.777701
vt 0.212674 0.786676
vt 0.203725 0.802495
vt 0.193892 0.819879
vt 0.243190 0.808217
vt 0.223816 0.819095
vt 0.202527 0.831049
vt 0.194724 0.841426
vt 0.198314 0.890789
vt 0.170479 0.889892
vt 0.248576 0.799242
vt 0.250371 0.820783
vt 0.229417 0.830191
vt 0.206391 0.840528
vt 0.209981 0.883610
vt 0.260243 0.815397
vt 0.262038 0.849503
vt 0.251348 0.867463
vt 0.239600 0.887199
vt 0.229727 0.893482
vt 0.220752 0.895277
vt 0.217162 0.903355
vt 0.271911 0.846811
vt 0.278194 0.872839
vt 0.265797 0.885251
vt 0.252175 0.898891
vt 0.238702 0.896175
vt 0.238702 0.907843
vt 0.225240 0.903355
vt 0.285374 0.865659
vt 0.296144 0.880020
vt 0.280516 0.896452
vt 0.263342 0.914509
vt 0.247678 0.908741
vt 0.244985 0.902458
vt 0.298837 0.871044
vt 0.314992 0.883610
vt 0.313197 0.888994
vt 0.299041 0.911096
vt 0.306915 0.871044
vt 0.318582 0.875532
vt 0.329353 0.890789
vt 0.326660 0.897970
vt 0.317666 0.922187
vt 0.283485 0.935383
vt 0.338328 0.880917
vt 0.334738 0.914125
vt 0.246780 0.919510
vt 0.239600 0.917715
vt 0.231522 0.912330
vt 0.228829 0.918613
vt 0.241395 0.929384
vt 0.263861 0.946455
vt 0.241843 0.950027
vt 0.225240 0.928486
vt 0.202633 0.918077
vt 0.180363 0.928486
vt 0.289861 0.951822
vt 0.285374 0.964388
vt 0.170479 0.921306
vt 0.160594 0.928486
vt 0.138324 0.918077
vt 0.123796 0.903355
vt 0.120206 0.895277
vt 0.139502 0.942846
vt 0.115718 0.928486
vt 0.112128 0.918613
vt 0.115718 0.903355
vt 0.102255 0.907843
vt 0.095973 0.902458
vt 0.099114 0.950027
vt 0.099562 0.929384
vt 0.101357 0.917715
vt 0.109435 0.912330
vt 0.104947 0.976952
vt 0.094178 0.919510
vt 0.093280 0.908741
vt 0.201455 0.942846
vt 0.236010 0.976952
vt 0.953169 0.313365
vt 0.969240 0.313365
vt 0.954241 0.300509
vt 0.945670 0.313365
vt 0.945670 0.297295
vt 0.057570 0.763698
vt 0.043116 0.258714
vt 0.736863 0.386354
vt 0.736340 0.398232
vt 0.753181 0.388875
vt 0.718934 0.401478
vt 0.702235 0.392782
vt 0.704527 0.415074
vt 0.736340 0.411331
vt 0.760666 0.407589
vt 0.702630 0.343362
vt 0.710723 0.357306
vt 0.725111 0.340221
vt 0.693055 0.349288
vt 0.695170 0.360807
vt 0.698915 0.368292
vt 0.712397 0.371344
vt 0.700785 0.377648
vt 0.711077 0.382326
vt 0.725111 0.375776
vt 0.721369 0.387003
vt 0.687213 0.360573
vt 0.691428 0.372034
vt 0.695170 0.387003
vt 0.686202 0.343333
vt 0.725111 0.353320
vt 0.738236 0.372051
vt 0.751310 0.381391
vt 0.734468 0.433787
vt 0.760666 0.450629
vt 0.756924 0.433787
vt 0.693300 0.403847
vt 0.762539 0.418816
vt 0.743825 0.495539
vt 0.736637 0.495777
vt 0.741953 0.497411
vt 0.738295 0.348292
vt 0.734999 0.340221
vt 0.750374 0.354257
vt 0.732598 0.461856
vt 0.756924 0.469341
vt 0.713884 0.431915
vt 0.721369 0.497411
vt 0.734468 0.478697
vt 0.749439 0.488054
vt 0.691428 0.482440
vt 0.697043 0.489925
vt 0.713884 0.480569
vt 0.708270 0.459984
vt 0.703119 0.497411
vt 0.755052 0.480569
vt 0.689134 0.497411
vt 0.696971 0.497411
vt 0.682072 0.497411
vt 0.383219 0.096117
vt 0.397812 0.087581
vt 0.402454 0.105303
vt 0.380459 0.074556
vt 0.376400 0.093772
vt 0.865377 0.826776
vt 0.840153 0.794727
vt 0.865969 0.767900
vt 0.826054 0.834189
vt 0.815052 0.809535
vt 0.785289 0.844668
vt 0.797355 0.875221
vt 0.661580 0.387112
vt 0.684018 0.414038
vt 0.646157 0.432567
vt 0.627124 0.407653
vt 0.627474 0.383522
vt 0.602343 0.405062
vt 0.884566 0.864320
vt 0.885997 0.908499
vt 0.845225 0.914395
vt 0.837586 0.867738
vt 0.806005 0.915220
vt 0.899173 0.812241
vt 0.359463 0.798603
vt 0.364315 0.826105
vt 0.351773 0.804164
vt 0.810437 0.777155
vt 0.778218 0.809588
vt 0.788164 0.765818
vt 0.851539 0.979309
vt 0.879856 0.939918
vt 0.897918 0.975928
vt 0.845803 0.943892
vt 0.818774 0.982058
vt 0.810002 0.948472
vt 0.382603 0.103503
vt 0.253556 0.455760
vt 0.223807 0.442378
vt 0.264554 0.422974
vt 0.227464 0.487401
vt 0.247969 0.481244
vt 0.134321 0.314333
vt 0.155365 0.314544
vt 0.108338 0.296483
vt 0.141858 0.334513
vt 0.195318 0.463032
vt 0.171746 0.447717
vt 0.202649 0.415613
vt 0.245288 0.408919
vt 0.168963 0.496716
vt 0.169869 0.488440
vt 0.186137 0.488322
vt 0.172556 0.480451
vt 0.163150 0.475973
vt 0.279504 0.466159
vt 0.287539 0.433908
vt 0.049475 0.296242
vt 0.018286 0.256490
vt 0.016691 0.298241
vt 0.016777 0.326554
vt 0.064834 0.324284
vt 0.329591 0.461177
vt 0.323927 0.492251
vt 0.131941 0.278016
vt 0.357479 0.443497
vt 0.325387 0.424411
vt 0.343764 0.467075
vt 0.368089 0.407916
vt 0.384675 0.441959
vt 0.392943 0.396486
vt 0.418088 0.442624
vt 0.392373 0.500170
vt 0.432329 0.500170
vt 0.317843 0.389472
vt 0.307527 0.364009
vt 0.327613 0.384849
vt 0.347384 0.416353
vt 0.338243 0.380479
vt 0.268785 0.368569
vt 0.274879 0.379705
vt 0.231410 0.390831
vt 0.283808 0.390734
vt 0.296940 0.400187
vt 0.349525 0.370688
vt 0.584581 0.992175
vt 0.585205 0.980507
vt 0.552894 0.992175
vt 0.603556 0.992175
vt 0.604296 0.981436
vt 0.601360 0.967044
vt 0.586850 0.962082
vt 0.569326 0.960362
vt 0.537219 0.628659
vt 0.566628 0.634415
vt 0.534049 0.643071
vt 0.565323 0.597123
vt 0.537542 0.600384
vt 0.562750 0.579421
vt 0.533498 0.583281
vt 0.557232 0.539972
vt 0.586703 0.538089
vt 0.585795 0.511494
vt 0.615407 0.511494
vt 0.622902 0.976020
vt 0.612131 0.974224
vt 0.623496 0.980975
vt 0.498580 0.970707
vt 0.499904 0.992175
vt 0.530593 0.977100
vt 0.514832 0.952684
vt 0.413777 0.992175
vt 0.444742 0.992175
vt 0.443845 0.980507
vt 0.470003 0.992175
vt 0.471219 0.980507
vt 0.623799 0.992175
vt 0.635929 0.983288
vt 0.527847 0.992175
vt 0.551099 0.980507
vt 0.543753 0.960065
vt 0.530293 0.954818
vt 0.637262 0.992175
vt 0.553190 0.960494
vt 0.382541 0.602209
vt 0.415165 0.603472
vt 0.382541 0.619568
vt 0.382541 0.575831
vt 0.414895 0.582940
vt 0.417270 0.543711
vt 0.451190 0.547708
vt 0.451699 0.511494
vt 0.478394 0.511494
vt 0.382541 0.536931
vt 0.418734 0.511494
vt 0.382541 0.511494
vt 0.554671 0.511494
vt 0.522161 0.511494
vt 0.460586 0.612313
vt 0.459563 0.623191
vt 0.418582 0.616938
vt 0.455250 0.588394
vt 0.484164 0.548376
vt 0.497978 0.619504
vt 0.495159 0.636185
vt 0.495917 0.610032
vt 0.490629 0.588591
vt 0.526449 0.543907
vt 0.638314 0.625691
vt 0.680218 0.613615
vt 0.680218 0.635761
vt 0.636981 0.599040
vt 0.638166 0.581817
vt 0.680218 0.585063
vt 0.610348 0.632715
vt 0.611113 0.595833
vt 0.612267 0.579158
vt 0.640469 0.542796
vt 0.680218 0.545428
vt 0.680218 0.511494
vt 0.589979 0.633690
vt 0.589539 0.595597
vt 0.588464 0.577934
vt 0.613951 0.539762
vt 0.643273 0.511494
vt 0.767216 0.354257
vt 0.749439 0.327122
vt 0.758796 0.499281
vt 0.533210 0.937508
vt 0.514918 0.934109
vt 0.501088 0.946803
vt 0.498270 0.928651
vt 0.485479 0.945016
vt 0.486396 0.927811
vt 0.483785 0.911397
vt 0.544816 0.920373
vt 0.544285 0.940218
vt 0.535841 0.920373
vt 0.526866 0.918578
vt 0.515113 0.910258
vt 0.505325 0.910499
vt 0.535994 0.911820
vt 0.495452 0.910500
vt 0.359925 0.911397
vt 0.379736 0.910045
vt 0.365311 0.904217
vt 0.372939 0.920821
vt 0.398519 0.919475
vt 0.399302 0.908480
vt 0.354540 0.909602
vt 0.356335 0.904217
vt 0.351382 0.915453
vt 0.356767 0.919497
vt 0.367195 0.927539
vt 0.383261 0.941016
vt 0.396724 0.933835
vt 0.422094 0.920731
vt 0.418807 0.908263
vt 0.591308 0.946114
vt 0.608541 0.956273
vt 0.602583 0.939635
vt 0.469424 0.967942
vt 0.467871 0.943091
vt 0.468356 0.924679
vt 0.469177 0.908260
vt 0.388646 0.902422
vt 0.398987 0.901849
vt 0.453764 0.967023
vt 0.454019 0.942972
vt 0.456574 0.925138
vt 0.457901 0.911279
vt 0.458654 0.903319
vt 0.442918 0.911731
vt 0.415572 0.901524
vt 0.422285 0.900663
vt 0.572196 0.942072
vt 0.555286 0.940433
vt 0.544966 0.911800
vt 0.556995 0.914186
vt 0.407901 0.948017
vt 0.423108 0.939499
vt 0.388646 0.958966
vt 0.411982 0.967044
vt 0.434420 0.968839
vt 0.440691 0.940903
vt 0.444293 0.924861
vt 0.527388 0.910837
vt 0.426740 0.909103
vt 0.433522 0.902422
vt 0.398248 0.978127
vt 0.410636 0.980507
vt 0.560947 0.909174
vt 0.556484 0.906012
vt 0.607655 0.933835
vt 0.604053 0.926656
vt 0.594688 0.928016
vt 0.582810 0.922943
vt 0.573537 0.920373
vt 0.564264 0.920150
vt 0.566358 0.910500
vt 0.293236 0.615957
vt 0.293236 0.596211
vt 0.306625 0.617490
vt 0.280222 0.598006
vt 0.283812 0.616854
vt 0.271695 0.618649
vt 0.265126 0.601423
vt 0.276631 0.565695
vt 0.332248 0.563695
vt 0.347780 0.551329
vt 0.351236 0.570638
vt 0.346178 0.580341
vt 0.324649 0.573773
vt 0.305802 0.551334
vt 0.318366 0.541462
vt 0.309392 0.530691
vt 0.834754 0.516775
vt 0.862721 0.516775
vt 0.834753 0.573952
vt 0.808400 0.516775
vt 0.177171 0.611131
vt 0.174518 0.586594
vt 0.203668 0.610580
vt 0.190960 0.575573
vt 0.208868 0.569285
vt 0.229591 0.609932
vt 0.222331 0.567490
vt 0.244648 0.608137
vt 0.240282 0.565695
vt 0.254956 0.606512
vt 0.167217 0.578666
vt 0.184624 0.563223
vt 0.204380 0.559412
vt 0.216946 0.555822
vt 0.235924 0.550580
vt 0.255677 0.549176
vt 0.255540 0.565695
vt 0.200504 0.548680
vt 0.185859 0.547264
vt 0.178352 0.623137
vt 0.206176 0.620444
vt 0.269900 0.549539
vt 0.234896 0.617752
vt 0.331843 0.610374
vt 0.310289 0.602045
vt 0.298621 0.568388
vt 0.288748 0.549539
vt 0.290972 0.542476
vt 0.320162 0.623137
vt 0.250155 0.619547
vt 0.259130 0.620444
vt 0.385056 0.899729
vt 0.387251 0.897837
vt 0.386851 0.896551
vt 0.383261 0.896140
vt 0.378049 0.904187
vt 0.569049 0.897037
vt 0.570309 0.889380
vt 0.559177 0.897037
vt 0.560179 0.901594
vt 0.576230 0.897037
vt 0.584308 0.897037
vt 0.576555 0.890799
vt 0.584198 0.890271
vt 0.592386 0.897037
vt 0.603156 0.914987
vt 0.595078 0.913192
vt 0.600463 0.903319
vt 0.593283 0.903319
vt 0.583410 0.912295
vt 0.584308 0.903319
vt 0.576230 0.903319
vt 0.574435 0.911397
vt 0.568152 0.903319
vt 0.600463 0.897037
vt 0.592386 0.889857
vt 0.356335 0.897935
vt 0.356335 0.894344
vt 0.365311 0.896140
vt 0.365311 0.887164
vt 0.377383 0.897609
vt 0.374854 0.888062
vt 0.381466 0.888062
vt 0.386851 0.895242
vt 0.386851 0.887164
vt 0.386851 0.879086
vt 0.379222 0.879535
vt 0.386851 0.871009
vt 0.376979 0.871009
vt 0.373742 0.882093
vt 0.365311 0.881778
vt 0.357232 0.878188
vt 0.354540 0.885369
vt 0.376979 0.867419
vt 0.368901 0.867419
vt 0.368901 0.871009
vt 0.360823 0.871009
vt 0.386851 0.867419
vt 0.361720 0.867419
vt 0.370696 0.856648
vt 0.600463 0.888062
vt 0.591488 0.879086
vt 0.584308 0.883574
vt 0.577127 0.884471
vt 0.571742 0.881779
vt 0.558279 0.886266
vt 0.600463 0.879983
vt 0.595976 0.871009
vt 0.590591 0.876394
vt 0.583410 0.879983
vt 0.578025 0.882676
vt 0.594181 0.870111
vt 0.584308 0.853955
vt 0.582513 0.862931
vt 0.579820 0.871906
vt 0.572640 0.879983
vt 0.567254 0.871906
vt 0.564562 0.871906
vt 0.560075 0.879086
vt 0.568152 0.862033
vt 0.677969 0.343837
vt 0.676459 0.358935
vt 0.678329 0.377648
vt 0.683943 0.392618
vt 0.246564 0.670706
vt 0.257335 0.670706
vt 0.256438 0.676989
vt 0.247462 0.661730
vt 0.233999 0.659936
vt 0.234203 0.627762
vt 0.248515 0.628105
vt 0.212353 0.676571
vt 0.210663 0.670706
vt 0.221434 0.676989
vt 0.223229 0.670706
vt 0.233999 0.670706
vt 0.233101 0.676989
vt 0.221434 0.659038
vt 0.210663 0.655448
vt 0.209296 0.628160
vt 0.185532 0.633907
vt 0.244769 0.676989
vt 0.319264 0.633907
vt 0.305802 0.624932
vt 0.311187 0.662628
vt 0.296826 0.663525
vt 0.293236 0.622240
vt 0.284261 0.663525
vt 0.284709 0.622688
vt 0.321957 0.657243
vt 0.312084 0.670706
vt 0.295928 0.670706
vt 0.285159 0.670706
vt 0.273490 0.662628
vt 0.273490 0.625830
vt 0.326445 0.670706
vt 0.322854 0.676989
vt 0.310289 0.676989
vt 0.296826 0.676989
vt 0.286056 0.676989
vt 0.274388 0.676989
vt 0.272593 0.670706
vt 0.259130 0.661730
vt 0.260924 0.626727
vt 0.528661 0.897037
vt 0.528862 0.887758
vt 0.519685 0.897037
vt 0.552919 0.903149
vt 0.552880 0.909381
vt 0.554775 0.904730
vt 0.544816 0.903319
vt 0.544816 0.897037
vt 0.536739 0.897037
vt 0.536739 0.903319
vt 0.528661 0.903319
vt 0.420060 0.897935
vt 0.418795 0.894128
vt 0.421766 0.893476
vt 0.421855 0.891652
vt 0.421855 0.879535
vt 0.422860 0.895923
vt 0.422065 0.895451
vt 0.389544 0.881779
vt 0.389544 0.894344
vt 0.393134 0.894344
vt 0.412328 0.895348
vt 0.414674 0.877291
vt 0.537214 0.889284
vt 0.553792 0.897037
vt 0.544499 0.887763
vt 0.392236 0.897037
vt 0.390582 0.900211
vt 0.400346 0.896448
vt 0.389544 0.897836
vt 0.396724 0.877291
vt 0.518172 0.904337
vt 0.519263 0.899998
vt 0.519237 0.884023
vt 0.554689 0.883574
vt 0.543918 0.879983
vt 0.536739 0.882676
vt 0.529558 0.879983
vt 0.522378 0.873702
vt 0.525968 0.873702
vt 0.551099 0.874599
vt 0.548406 0.872804
vt 0.543021 0.877291
vt 0.536739 0.879983
vt 0.532251 0.877291
vt 0.536739 0.871009
vt 0.536739 0.863828
vt 0.525968 0.863828
vt 0.536739 0.853955
vt 0.547509 0.866521
vt 0.408392 0.880881
vt 0.412879 0.870111
vt 0.405699 0.870111
vt 0.402110 0.880881
vt 0.396724 0.870111
vt 0.421855 0.870111
vt 0.412879 0.867419
vt 0.404802 0.867419
vt 0.421855 0.867419
vt 0.407495 0.856648
vt 0.396724 0.867419
vt 0.389544 0.867419
vt 0.389544 0.870111
vt 0.511465 0.902494
vt 0.504428 0.903319
vt 0.494555 0.903319
vt 0.425445 0.898832
vt 0.429035 0.891652
vt 0.423650 0.891652
vt 0.423624 0.893938
vt 0.446088 0.904217
vt 0.447883 0.896140
vt 0.436215 0.895242
vt 0.432626 0.878188
vt 0.503530 0.897037
vt 0.493657 0.897037
vt 0.482887 0.903319
vt 0.510711 0.897037
vt 0.501521 0.889866
vt 0.492927 0.890846
vt 0.482887 0.897037
vt 0.470397 0.901334
vt 0.482797 0.889902
vt 0.469424 0.897037
vt 0.471219 0.882676
vt 0.458654 0.897037
vt 0.423650 0.885369
vt 0.440703 0.877291
vt 0.461346 0.877291
vt 0.512506 0.888062
vt 0.499940 0.882676
vt 0.492759 0.884471
vt 0.502633 0.874599
vt 0.490964 0.873702
vt 0.497247 0.879086
vt 0.492759 0.881779
vt 0.485580 0.879983
vt 0.483785 0.882676
vt 0.478399 0.875497
vt 0.474809 0.877291
vt 0.490068 0.864726
vt 0.502633 0.865623
vt 0.489170 0.853955
vt 0.476604 0.864726
vt 0.471219 0.866521
vt 0.511608 0.880881
vt 0.507120 0.876394
vt 0.435318 0.871009
vt 0.423650 0.871009
vt 0.423650 0.878188
vt 0.450576 0.878188
vt 0.445191 0.871009
vt 0.435318 0.867419
vt 0.423650 0.867419
vt 0.455064 0.871009
vt 0.452371 0.867419
vt 0.444293 0.867419
vt 0.446986 0.855750
vt 0.396480 0.829674
vt 0.375153 0.829825
vt 0.401278 0.770193
vt 0.457471 0.673640
vt 0.422572 0.673549
vt 0.372065 0.790536
vt 0.611319 0.385317
vt 0.762565 0.881408
vt 0.760586 0.850102
vt 0.745969 0.852466
vt 0.726823 0.827871
vt 0.718196 0.843023
vt 0.694332 0.817312
vt 0.680218 0.674197
vt 0.646667 0.674353
vt 0.639970 0.641492
vt 0.768246 0.920052
vt 0.753805 0.918511
vt 0.745993 0.886024
vt 0.791905 0.987253
vt 0.774119 0.949053
vt 0.767906 0.987407
vt 0.747575 0.978410
vt 0.758294 0.946832
vt 0.526167 0.673970
vt 0.556158 0.674213
vt 0.611035 0.644315
vt 0.613583 0.674299
vt 0.589213 0.646816
vt 0.585132 0.674320
vt 0.565924 0.647155
vt 0.748347 0.811886
vt 0.721924 0.799219
vt 0.489106 0.673845
vt 0.660295 0.849472
vt 0.651296 0.836676
vt 0.675721 0.840512
vt 0.647837 0.861352
vt 0.638377 0.851335
vt 0.694783 0.835696
vt 0.691794 0.845171
vt 0.707104 0.859321
vt 0.720489 0.875512
vt 0.735017 0.861891
vt 0.728027 0.893233
vt 0.732225 0.917825
vt 0.728445 0.942098
vt 0.719249 0.974621
vt 0.671063 0.821243
vt 0.663752 0.811027
vt 0.640782 0.830125
vt 0.456423 0.838999
vt 0.434959 0.818333
vt 0.460973 0.805514
vt 0.382541 0.673585
vt 0.441174 0.844387
vt 0.421730 0.834216
vt 0.426404 0.792532
vt 0.643545 0.951786
vt 0.632774 0.960761
vt 0.642647 0.966146
vt 0.632774 0.944606
vt 0.623799 0.953581
vt 0.623799 0.939220
vt 0.615721 0.948196
vt 0.610336 0.933835
vt 0.652520 0.958068
vt 0.648930 0.945503
vt 0.637262 0.939220
vt 0.356335 0.961659
vt 0.362618 0.961659
vt 0.359925 0.950889
vt 0.354540 0.939220
vt 0.350949 0.941913
vt 0.634921 0.976265
vt 0.352745 0.924861
vt 0.361720 0.932938
vt 0.370696 0.948196
vt 0.616619 0.961659
vt 0.347360 0.919475
vt 0.348258 0.928451
vt 0.373389 0.963454
vt 0.341975 0.921270
vt 0.338385 0.923963
vt 0.344668 0.932040
vt 0.374286 0.973327
vt 0.362618 0.971532
vt 0.387749 0.976020
vt 0.355438 0.971532
vt 0.627389 0.967942
vt 0.638160 0.972429
vt 0.616619 0.924861
vt 0.613926 0.930246
vt 0.628286 0.932938
vt 0.332999 0.928451
vt 0.340180 0.937425
vt 0.344668 0.945503
vt 0.354540 0.951786
vt 0.346463 0.953581
vt 0.348258 0.961659
vt 0.349155 0.971532
vt 0.330307 0.934733
vt 0.336590 0.940118
vt 0.339282 0.947299
vt 0.341077 0.954479
vt 0.342872 0.960761
vt 0.342872 0.968839
vt 0.328511 0.940118
vt 0.333897 0.946401
vt 0.334794 0.953581
vt 0.338385 0.959863
vt 0.338385 0.967942
vt 0.319537 0.957171
vt 0.660598 0.951786
vt 0.665983 0.943708
vt 0.651623 0.936528
vt 0.643545 0.930246
vt 0.633672 0.924861
vt 0.621107 0.916783
vt 0.669573 0.931143
vt 0.657905 0.923963
vt 0.648930 0.922168
vt 0.644442 0.916783
vt 0.629184 0.907807
vt 0.667778 0.922168
vt 0.663290 0.914090
vt 0.657007 0.909602
vt 0.649827 0.906012
vt 0.639955 0.902422
vt 0.674061 0.911397
vt 0.674959 0.885369
vt 0.649827 0.890754
vt 0.777507 0.433787
vt 0.779380 0.450629
vt 0.786865 0.433787
vt 0.790607 0.445014
vt 0.794349 0.433787
vt 0.790607 0.420688
vt 0.796221 0.422559
vt 0.796221 0.418816
vt 0.794349 0.418816
vt 0.790607 0.418816
vt 0.770023 0.469340
vt 0.777507 0.469341
vt 0.784993 0.456241
vt 0.796221 0.452499
vt 0.798092 0.450629
vt 0.799964 0.448757
vt 0.796221 0.445014
vt 0.777508 0.482440
vt 0.786865 0.480570
vt 0.784993 0.469340
vt 0.790607 0.459984
vt 0.798092 0.454371
vt 0.766281 0.480570
vt 0.781250 0.493667
vt 0.790607 0.489924
vt 0.798092 0.488054
vt 0.796221 0.474955
vt 0.794349 0.469340
vt 0.796221 0.463726
vt 0.799964 0.454371
vt 0.809321 0.480569
vt 0.805578 0.474955
vt 0.805578 0.469340
vt 0.805578 0.465598
vt 0.809321 0.456241
vt 0.820548 0.469340
vt 0.805578 0.446885
vt 0.801835 0.441272
vt 0.799964 0.433787
vt 0.801834 0.424431
vt 0.803706 0.420688
vt 0.811191 0.439400
vt 0.805578 0.433787
vt 0.811191 0.428173
vt 0.813063 0.424431
vt 0.820547 0.433787
vt 0.814933 0.441272
vt 0.794349 0.416944
vt 0.790607 0.413202
vt 0.784993 0.407589
vt 0.790607 0.407589
vt 0.792479 0.396360
vt 0.786865 0.394490
vt 0.777508 0.396360
vt 0.777507 0.407589
vt 0.801835 0.415074
vt 0.799964 0.413202
vt 0.796221 0.407589
vt 0.798092 0.396360
vt 0.799964 0.390748
vt 0.792479 0.388876
vt 0.818677 0.407589
vt 0.779380 0.388875
vt 0.784994 0.387003
vt 0.766281 0.381391
vt 0.766281 0.387003
vt 0.784993 0.381391
vt 0.786865 0.370162
vt 0.786864 0.360807
vt 0.781250 0.336478
vt 0.768151 0.327122
vt 0.781250 0.321509
vt 0.788737 0.325252
vt 0.794349 0.381391
vt 0.792479 0.373906
vt 0.798092 0.381390
vt 0.798092 0.372034
vt 0.811191 0.381391
vt 0.794349 0.366419
vt 0.792479 0.360807
vt 0.792479 0.349578
vt 0.786865 0.347708
vt 0.784993 0.347707
vt 0.799964 0.360807
vt 0.803706 0.347708
vt 0.807448 0.360807
vt 0.809321 0.353320
vt 0.814934 0.360807
vt 0.809321 0.362677
vt 0.803706 0.366420
vt 0.788737 0.345835
vt 0.786864 0.336478
vt 0.794349 0.336478
vt 0.796222 0.325252
vt 0.805578 0.330866
vt 0.807449 0.336478
vt 0.820548 0.336478
vt 0.796221 0.345835
vt 0.807449 0.343965
vt 0.764409 0.396360
vt 0.781250 0.418816
vt 0.187594 0.349730
vt 0.194218 0.369044
vt 0.179677 0.373094
vt 0.202014 0.354499
vt 0.211884 0.363158
vt 0.221038 0.351444
vt 0.232384 0.349914
vt 0.229201 0.365251
vt 0.223768 0.373277
vt 0.215487 0.380830
vt 0.198768 0.388535
vt 0.196339 0.379414
vt 0.194433 0.371140
vt 0.230546 0.370119
vt 0.239489 0.361317
vt 0.242918 0.354129
vt 0.245254 0.345495
vt 0.138626 0.474951
vt 0.676432 0.439644
vt 0.669658 0.462505
vt 0.900240 0.946309
vt 0.907601 0.915424
vt 0.920079 0.885280
vt 0.923059 0.845838
vt 0.634477 0.458632
vt 0.665999 0.491225
vt 0.456512 0.091246
vt 0.471698 0.075900
vt 0.478547 0.093848
vt 0.456092 0.075550
vt 0.454394 0.064659
vt 0.071423 0.470695
vt 0.005758 0.484291
vt 0.943656 0.657031
vt 0.987096 0.658407
vt 0.985399 0.621788
vt 0.987743 0.592779
vt 0.396012 0.060717
vt 0.395947 0.071876
vt 0.155745 0.153682
vt 0.158900 0.136036
vt 0.132612 0.131837
vt 0.950777 0.686876
vt 0.904194 0.682519
vt 0.989583 0.690840
vt 0.980708 0.716114
vt 0.947748 0.710652
vt 0.908077 0.704325
vt 0.964100 0.744445
vt 0.939601 0.740074
vt 0.915836 0.739169
vt 0.946010 0.776338
vt 0.915029 0.765211
vt 0.918553 0.805059
vt 0.945642 0.819200
vt 0.154315 0.223586
vt 0.148957 0.211476
vt 0.130236 0.194478
vt 0.173464 0.227362
vt 0.175601 0.212034
vt 0.220408 0.232421
vt 0.223780 0.215529
vt 0.371069 0.018545
vt 0.387741 0.013592
vt 0.372054 0.034369
vt 0.381847 0.039019
vt 0.364499 0.066375
vt 0.435068 0.020557
vt 0.413030 0.019533
vt 0.166120 0.254209
vt 0.222000 0.260140
vt 0.160604 0.292822
vt 0.177504 0.303967
vt 0.179082 0.287290
vt 0.154646 0.271396
vt 0.217434 0.279951
vt 0.227000 0.311591
vt 0.171161 0.033404
vt 0.148125 0.006636
vt 0.132993 0.032032
vt 0.175021 0.069508
vt 0.191386 0.045806
vt 0.168801 0.052751
vt 0.177926 0.306546
vt 0.150509 0.335668
vt 0.197625 0.338606
vt 0.166830 0.084769
vt 0.129426 0.083722
vt 0.104545 0.051494
vt 0.453565 0.020107
vt 0.426850 0.003739
vt 0.451255 0.005740
vt 0.472006 0.018007
vt 0.463881 0.034310
vt 0.460435 0.043324
vt 0.293902 0.007193
vt 0.315264 0.023348
vt 0.316066 0.042206
vt 0.335660 0.026990
vt 0.325957 0.022697
vt 0.364151 0.003479
vt 0.283461 0.013127
vt 0.312929 0.061365
vt 0.282344 0.035956
vt 0.165357 0.110416
vt 0.187848 0.144637
vt 0.181370 0.129293
vt 0.154505 0.171714
vt 0.169603 0.172248
vt 0.152708 0.183300
vt 0.155209 0.192606
vt 0.218017 0.065541
vt 0.220780 0.017980
vt 0.196762 0.047604
vt 0.160607 0.011612
vt 0.183818 0.128111
vt 0.190547 0.145543
vt 0.225267 0.121649
vt 0.218072 0.143456
vt 0.262776 0.148746
vt 0.215231 0.172060
vt 0.173857 0.173252
vt 0.177168 0.193243
vt 0.219829 0.193815
vt 0.262183 0.171115
vt 0.223508 0.078103
vt 0.212977 0.099190
vt 0.252333 0.102504
vt 0.259908 0.116296
vt 0.268297 0.134841
vt 0.360551 0.561207
vt 0.212458 0.543257
vt 0.148750 0.567697
vt 0.158754 0.550399
vt 0.166797 0.536244
vt 0.184989 0.536639
vt 0.197596 0.537155
vt 0.223834 0.531981
vt 0.207970 0.531589
vt 0.190918 0.522614
vt 0.332331 0.533496
vt 0.246037 0.542539
vt 0.236243 0.524409
vt 0.212854 0.511298
vt 0.193610 0.513639
vt 0.223571 0.503416
vt 0.202388 0.493629
vt 0.191815 0.502385
vt 0.210663 0.487610
vt 0.183737 0.526204
vt 0.172492 0.525988
vt 0.175195 0.523875
vt 0.322792 0.522478
vt 0.874017 0.573952
vt 0.886315 0.516775
vt 0.708912 0.655785
vt 0.708912 0.680061
vt 0.719362 0.680061
vt 0.374757 0.776175
vt 0.563170 0.802237
vt 0.563239 0.767200
vt 0.531671 0.772126
vt 0.563238 0.726359
vt 0.527913 0.726866
vt 0.526085 0.692705
vt 0.563238 0.692704
vt 0.578293 0.693488
vt 0.577880 0.738083
vt 0.620838 0.725628
vt 0.022040 0.028286
vt 0.018257 0.025763
vt 0.020778 0.020721
vt 0.062377 0.024503
vt 0.053554 0.054757
vt 0.042208 0.062321
vt 0.016996 0.042152
vt 0.027081 0.064843
vt 0.010693 0.058539
vt 0.062378 0.010637
vt 0.093893 0.023242
vt 0.088850 0.032067
vt 0.063639 0.040891
vt 0.059856 0.062322
vt 0.066159 0.056018
vt 0.071202 0.043412
vt 0.016996 0.010637
vt 0.106499 0.010637
vt 0.015736 0.018201
vt 0.013215 0.010637
vt 0.103978 0.018200
vt 0.100195 0.021982
vt 0.103978 0.029545
vt 0.096415 0.029546
vt 0.098936 0.034587
vt 0.100195 0.043412
vt 0.088850 0.037109
vt 0.729832 0.242850
vt 0.717824 0.233025
vt 0.710183 0.243942
vt 0.741839 0.269049
vt 0.754939 0.261408
vt 0.745115 0.234117
vt 0.764764 0.231934
vt 0.770222 0.254858
vt 0.785504 0.242850
vt 0.777863 0.263591
vt 0.705817 0.260316
vt 0.715641 0.301798
vt 0.737325 0.302408
vt 0.761488 0.299614
vt 0.773496 0.283240
vt 0.690534 0.288698
vt 0.704725 0.301798
vt 0.708000 0.305072
vt 0.716732 0.311622
vt 0.736235 0.311622
vt 0.762580 0.311622
vt 0.685076 0.272324
vt 0.668701 0.267957
vt 0.673068 0.278874
vt 0.677434 0.285423
vt 0.690534 0.296339
vt 0.692717 0.305073
vt 0.697083 0.311622
vt 0.702542 0.311622
vt 0.667610 0.289790
vt 0.676342 0.298522
vt 0.680710 0.305073
vt 0.679618 0.311622
vt 0.706908 0.311622
vt 0.675251 0.303981
vt 0.675251 0.311622
vt 0.781137 0.286515
vt 0.776771 0.296339
vt 0.783320 0.302889
vt 0.790962 0.311622
vt 0.792162 0.573919
vt 0.778744 0.516775
vt 0.756589 0.573919
vt 0.756589 0.516775
vt 0.920519 0.573699
vt 0.920519 0.516775
vt 0.961386 0.516775
vt 0.961386 0.573820
vt 0.988781 0.516775
vt 0.988781 0.573952
vt 0.607758 0.788254
vt 0.577074 0.783264
vt 0.613464 0.758489
vt 0.600369 0.814309
vt 0.626143 0.819457
vt 0.625369 0.693488
vt 0.576097 0.815884
vt 0.495727 0.775477
vt 0.537355 0.809538
vt 0.497319 0.823166
vt 0.484165 0.730424
vt 0.656299 0.769299
vt 0.462559 0.778515
vt 0.642585 0.799080
vt 0.665243 0.725653
vt 0.696442 0.760202
vt 0.701218 0.728436
vt 0.669192 0.693488
vt 0.687443 0.799586
vt 0.606407 0.430764
vt 0.594266 0.395190
vt 0.756844 0.763011
vt 0.726706 0.761249
vt 0.827184 0.729771
vt 0.796949 0.724927
vt 0.802893 0.693488
vt 0.761799 0.726100
vt 0.732714 0.728009
vt 0.769428 0.693488
vt 0.737171 0.693488
vt 0.705042 0.693488
vt 0.260765 0.028593
vt 0.226685 0.011371
vt 0.363987 0.774379
vt 0.372963 0.772584
vt 0.370270 0.751044
vt 0.381375 0.745605
vt 0.400989 0.743840
vt 0.392339 0.726918
vt 0.384630 0.716938
vt 0.374758 0.715142
vt 0.374758 0.727708
vt 0.375655 0.744762
vt 0.442182 0.801540
vt 0.448560 0.774856
vt 0.425414 0.767959
vt 0.418564 0.740665
vt 0.400222 0.712974
vt 0.449449 0.753619
vt 0.439329 0.735534
vt 0.285751 0.220920
vt 0.325838 0.196316
vt 0.272128 0.196215
vt 0.309087 0.174943
vt 0.265120 0.147425
vt 0.309944 0.157692
vt 0.360482 0.162025
vt 0.364528 0.188810
vt 0.392292 0.186475
vt 0.399363 0.172876
vt 0.410479 0.191421
vt 0.367734 0.208526
vt 0.332026 0.196515
vt 0.315706 0.217242
vt 0.275464 0.245443
vt 0.313310 0.241490
vt 0.374258 0.240471
vt 0.357188 0.225381
vt 0.406083 0.206543
vt 0.306365 0.276679
vt 0.363228 0.252065
vt 0.374735 0.106216
vt 0.388451 0.133694
vt 0.397193 0.131588
vt 0.413574 0.123767
vt 0.416623 0.152280
vt 0.406842 0.158291
vt 0.412583 0.162948
vt 0.428277 0.132104
vt 0.439629 0.157234
vt 0.429769 0.172785
vt 0.420506 0.177195
vt 0.446508 0.135903
vt 0.444820 0.164370
vt 0.443370 0.125541
vt 0.465731 0.129010
vt 0.461700 0.141774
vt 0.452861 0.149074
vt 0.456277 0.152046
vt 0.453532 0.108139
vt 0.469156 0.111660
vt 0.478317 0.111138
vt 0.474494 0.124966
vt 0.468160 0.121472
vt 0.300050 0.075370
vt 0.277880 0.060972
vt 0.259816 0.074843
vt 0.296777 0.104648
vt 0.333965 0.100130
vt 0.341110 0.090460
vt 0.349245 0.100690
vt 0.347410 0.105145
vt 0.326108 0.117348
vt 0.305580 0.120117
vt 0.379191 0.140500
vt 0.306904 0.143686
vt 0.366052 0.151729
vt 0.370338 0.155120
vt 0.255187 0.055863
vt 0.275672 0.053151
vt 0.250096 0.038526
vt 0.429502 0.712533
vt 0.264497 0.286214
vt 0.270604 0.270585
vt 0.317938 0.300224
vt 0.473255 0.692705
vt 0.422369 0.692705
vt 0.413076 0.692704
vt 0.205908 0.321287
vt 0.232286 0.334594
vt 0.356108 0.026977
vt 0.335665 0.072496
vt 0.321283 0.049053
vt 0.352721 0.084133
vt 0.577212 0.430193
vt 0.568237 0.418526
vt 0.591573 0.445452
vt 0.560160 0.456222
vt 0.598754 0.445452
vt 0.551184 0.439169
vt 0.548491 0.454427
vt 0.534131 0.452632
vt 0.597077 0.464965
vt 0.618422 0.491225
vt 0.586936 0.460129
vt 0.579905 0.475070
vt 0.584393 0.476865
vt 0.587983 0.483147
vt 0.555345 0.491225
vt 0.580803 0.482251
vt 0.581700 0.491225
vt 0.536124 0.472279
vt 0.519236 0.490805
vt 0.579985 0.491225
vt 0.741570 0.655785
vt 0.741570 0.608513
vt 0.731119 0.608513
vt 0.731119 0.655786
vt 0.719362 0.608513
vt 0.741570 0.680061
vt 0.698461 0.608513
vt 0.698461 0.655785
vt 0.708912 0.608513
vt 0.719362 0.655785
vt 0.731119 0.680061
vt 0.698461 0.680061
vt 0.731119 0.561240
vt 0.741570 0.561240
vt 0.731118 0.512690
vt 0.719362 0.561240
vt 0.719362 0.512690
vt 0.708912 0.561240
vt 0.698461 0.561240
vt 0.698461 0.512690
vt 0.494669 0.308528
vt 0.475355 0.317785
vt 0.494617 0.303269
vt 0.485217 0.324761
vt 0.498866 0.311207
vt 0.495229 0.328652
vt 0.477534 0.336443
vt 0.465649 0.326586
vt 0.741570 0.512690
vt 0.708912 0.512690
vt 0.519944 0.278537
vt 0.545228 0.286268
vt 0.507662 0.302052
vt 0.507714 0.307311
vt 0.532036 0.309430
vt 0.483332 0.262213
vt 0.500627 0.268934
vt 0.481261 0.272933
vt 0.498206 0.299425
vt 0.503819 0.298463
vt 0.504479 0.310245
vt 0.510449 0.327233
vt 0.464424 0.275819
vt 0.471658 0.292251
vt 0.467211 0.301000
vt 0.461145 0.311215
vt 0.456089 0.313441
vt 0.462806 0.277286
vt 0.493564 0.343721
vt 0.515509 0.343868
vt 0.510708 0.353526
vt 0.504388 0.356309
vt 0.511924 0.366572
vt 0.524262 0.367176
vt 0.533912 0.334256
vt 0.530427 0.348617
vt 0.452655 0.333061
vt 0.439200 0.311068
vt 0.434252 0.342672
vt 0.423655 0.325457
vt 0.417911 0.303842
vt 0.465481 0.254228
vt 0.472987 0.353535
vt 0.454682 0.354803
vt 0.541333 0.277420
vt 0.535841 0.364342
vt 0.534978 0.350386
vt 0.385496 0.290197
vt 0.398796 0.296414
vt 0.380694 0.299856
vt 0.399555 0.299852
vt 0.395461 0.307690
vt 0.381760 0.315986
vt 0.373162 0.308454
vt 0.382571 0.324683
vt 0.403860 0.331909
vt 0.390362 0.342378
vt 0.410784 0.316788
vt 0.416806 0.339035
vt 0.415344 0.356278
vt 0.442431 0.289274
vt 0.456331 0.264292
vt 0.432737 0.354656
vt 0.454178 0.358798
vt 0.476274 0.355860
vt 0.484202 0.458695
vt 0.503698 0.454068
vt 0.493427 0.474067
vt 0.481400 0.445859
vt 0.508285 0.442070
vt 0.492756 0.421983
vt 0.513722 0.430557
vt 0.515991 0.404875
vt 0.534540 0.417691
vt 0.522325 0.433211
vt 0.535408 0.433921
vt 0.485830 0.404549
vt 0.504585 0.389385
vt 0.483264 0.387352
vt 0.494029 0.374378
vt 0.483373 0.377298
vt 0.466906 0.382527
vt 0.463818 0.431346
vt 0.452649 0.411495
vt 0.442763 0.448572
vt 0.430016 0.425574
vt 0.428181 0.411041
vt 0.430105 0.399774
vt 0.413135 0.390105
vt 0.420989 0.374348
vt 0.448604 0.373224
vt 0.437337 0.371300
vt 0.399194 0.381038
vt 0.444028 0.193505
vt 0.457984 0.192642
vt 0.452324 0.207206
vt 0.444537 0.208371
vt 0.434373 0.207564
vt 0.433864 0.192698
vt 0.424865 0.199678
vt 0.417381 0.194674
vt 0.413541 0.209945
vt 0.449041 0.223741
vt 0.436552 0.226222
vt 0.424870 0.218538
vt 0.424412 0.208931
vt 0.415871 0.225518
vt 0.464765 0.218327
vt 0.467854 0.237339
vt 0.452837 0.240932
vt 0.438301 0.247332
vt 0.425685 0.246096
vt 0.425892 0.267131
vt 0.413601 0.252925
vt 0.414257 0.245845
vt 0.462750 0.253167
vt 0.440050 0.268442
vt 0.423368 0.287104
vt 0.410267 0.264201
vt 0.393529 0.258744
vt 0.405155 0.242308
vt 0.407743 0.284175
vt 0.389184 0.278010
vt 0.276597 0.738816
vt 0.268213 0.735222
vt 0.282586 0.716060
vt 0.275399 0.713665
vt 0.282586 0.693305
vt 0.277794 0.693305
vt 0.328236 0.693305
vt 0.333028 0.693305
vt 0.335423 0.713665
vt 0.328236 0.716060
vt 0.317457 0.693305
vt 0.317457 0.718456
vt 0.305341 0.693305
vt 0.305341 0.719653
vt 0.293365 0.718456
vt 0.293365 0.693305
vt 0.342608 0.735222
vt 0.334224 0.738816
vt 0.318655 0.740014
vt 0.305341 0.740014
vt 0.292166 0.740014
vt 0.339015 0.755583
vt 0.319852 0.762769
vt 0.305341 0.762769
vt 0.290969 0.762769
vt 0.271807 0.755583
vt 0.344170 0.665698
vt 0.356645 0.657381
vt 0.343130 0.639710
vt 0.360803 0.640749
vt 0.353526 0.672975
vt 0.362881 0.672975
vt 0.370158 0.657381
vt 0.370158 0.640749
vt 0.370158 0.672975
vt 0.271807 0.765164
vt 0.264620 0.754385
vt 0.263423 0.768757
vt 0.346202 0.754385
vt 0.339015 0.765164
vt 0.336894 0.651145
vt 0.330657 0.639710
vt 0.333775 0.631394
vt 0.347399 0.768757
vt 0.334224 0.781932
vt 0.341411 0.786723
vt 0.331829 0.798699
vt 0.321050 0.783130
vt 0.278992 0.798699
vt 0.276597 0.781932
vt 0.289771 0.783130
vt 0.269410 0.786723
vt 0.340012 0.620999
vt 0.357684 0.627236
vt 0.357684 0.610603
vt 0.370158 0.625157
vt 0.370158 0.611643
vt 0.305341 0.783130
vt 0.319852 0.798699
vt 0.305341 0.798699
vt 0.290969 0.798699
vt 0.336620 0.801094
vt 0.327039 0.810676
vt 0.318655 0.820257
vt 0.305341 0.814269
vt 0.292166 0.820257
vt 0.283783 0.810676
vt 0.331829 0.814269
vt 0.324644 0.823850
vt 0.315062 0.829839
vt 0.305341 0.823850
vt 0.295760 0.829839
vt 0.286178 0.823850
vt 0.278992 0.814269
vt 0.274202 0.801094
vt 0.305341 0.829839
vt 0.345210 0.607484
vt 0.358724 0.596050
vt 0.349368 0.597090
vt 0.370158 0.593971
vt 0.356645 0.589813
vt 0.363921 0.586694
vt 0.370158 0.585655
vt 0.487629 0.256549
vt 0.549680 0.296380
vt 0.477564 0.247399
s 0
g off
g Mega_Gnar_Material
usemtl Material
f 2/1/1 4/2/2 1/3/3
f 3/4/4 2/1/1 1/3/3
f 10/5/5 5/6/6 7/7/7
f 7/7/7 8/8/8 10/5/5
f 8/8/8 7/7/7 6/9/9
f 9/10/10 6/9/11 7/7/7
f 11/7/7 12/11/12 13/10/10
f 19/12/13 18/13/14 14/14/15
f 15/15/16 19/12/13 14/14/15
f 15/15/16 16/16/17 19/12/13
f 16/16/17 17/17/18 19/12/13
f 20/18/19 22/19/20 21/20/21
f 23/20/22 25/19/23 24/18/24
f 31/21/25 27/22/26 30/13/14
f 31/21/25 30/13/14 32/12/13
f 33/23/27 31/21/25 32/12/13
f 29/17/18 33/23/27 32/12/28
f 33/23/27 29/17/18 26/24/29
f 26/24/30 29/17/18 28/16/17
f 36/19/23 35/25/31 34/26/32
f 39/25/33 41/19/20 38/26/34
f 41/19/20 39/25/33 37/27/35
f 37/27/36 39/25/33 42/28/37
f 39/25/33 40/29/38 42/28/37
f 44/25/31 45/28/39 43/29/40
f 46/30/41 48/1/1 47/22/26
f 49/27/42 50/25/43 52/19/23
f 51/28/39 50/25/31 49/27/44
f 58/5/5 56/8/8 54/14/15
f 55/15/16 54/14/45 56/8/8
f 55/15/16 56/8/8 57/16/46
f 56/8/8 53/9/11 57/16/17
f 59/31/47 61/32/48 60/33/49
f 63/34/50 69/35/51 70/2/2
f 63/34/50 70/2/2 66/1/1
f 63/34/50 66/1/1 62/30/41
f 68/36/52 63/34/50 62/30/41
f 62/30/41 65/37/53 68/36/54
f 65/37/53 62/30/41 64/22/26
f 67/21/25 65/37/53 64/22/26
f 76/36/54 77/38/55 71/34/50
f 77/38/55 76/36/54 73/39/56
f 72/37/53 73/39/56 76/36/54
f 72/37/53 74/21/25 73/39/56
f 74/21/25 75/23/27 73/39/56
f 82/40/57 81/38/55 78/39/56
f 78/39/56 80/23/27 82/40/57
f 80/23/27 79/41/58 82/40/57
f 85/19/20 84/18/19 83/26/34
f 87/42/59 86/43/60 89/44/61
f 88/45/62 87/42/59 89/44/63
f 93/46/64 96/47/65 94/48/66
f 93/46/64 94/48/66 90/49/67
f 94/48/66 97/50/68 90/49/67
f 94/48/66 95/51/69 97/50/68
f 95/51/69 92/52/70 97/50/71
f 91/53/72 92/52/73 95/51/69
f 102/54/74 98/55/75 100/56/76
f 98/55/75 101/18/77 100/56/76
f 98/55/75 99/20/22 101/18/78
f 103/26/32 104/18/78 105/19/23
f 108/25/31 107/29/79 106/26/80
f 111/28/81 112/57/82 110/29/40
f 112/57/83 109/58/84 110/29/40
f 119/59/85 124/60/86 115/61/87
f 125/62/88 119/59/85 115/61/87
f 114/63/89 119/59/85 125/62/88
f 114/63/89 116/64/90 119/59/85
f 119/59/85 116/64/91 122/65/92
f 122/65/92 123/66/93 119/59/85
f 123/66/93 133/67/94 119/59/85
f 125/62/95 115/61/87 120/68/96
f 118/69/97 125/62/88 120/68/96
f 117/70/98 118/69/97 120/68/96
f 118/69/99 117/70/100 128/71/101
f 129/72/102 118/69/97 128/71/103
f 120/68/96 115/61/87 121/73/104
f 128/71/101 131/74/105 129/72/102
f 131/74/106 130/75/107 129/72/102
f 129/72/102 130/75/107 126/76/108
f 129/72/102 126/76/108 127/77/109
f 129/72/102 127/77/109 134/78/110
f 136/79/111 129/72/102 134/78/112
f 136/79/113 134/78/114 135/80/115
f 132/81/116 136/79/111 135/80/117
f 113/82/118 136/79/111 132/81/119
f 189/83/120 187/47/65 186/84/121
f 169/85/122 187/47/65 189/83/120
f 187/47/65 169/85/122 170/48/66
f 170/48/66 169/85/122 171/86/123
f 175/51/69 170/48/66 171/86/123
f 175/51/69 171/86/123 201/87/124
f 202/88/125 175/51/69 201/87/124
f 202/88/125 161/53/72 175/51/69
f 196/89/126 161/53/72 202/88/125
f 194/90/127 161/53/72 196/89/126
f 139/91/128 189/83/120 186/84/121
f 183/92/129 189/83/120 139/91/128
f 183/92/129 169/85/122 189/83/120
f 171/86/123 169/85/122 183/92/129
f 185/93/130 171/86/123 183/92/129
f 201/87/124 171/86/123 185/93/130
f 191/94/131 201/87/124 185/93/130
f 201/87/124 191/94/131 179/95/132
f 178/96/133 201/87/124 179/95/132
f 201/87/124 178/96/133 202/88/125
f 178/96/133 197/97/134 202/88/125
f 197/97/134 196/89/126 202/88/125
f 159/98/135 196/89/126 197/97/134
f 155/99/136 183/92/129 139/91/128
f 185/93/130 183/92/129 155/99/136
f 154/100/137 185/93/130 155/99/136
f 191/94/131 185/93/130 154/100/137
f 192/101/138 191/94/131 154/100/137
f 191/94/131 192/101/138 198/102/139
f 179/95/132 191/94/131 198/102/140
f 179/95/132 198/102/140 174/103/141
f 199/104/142 179/95/132 174/103/141
f 178/96/133 179/95/132 199/104/142
f 178/96/133 199/104/142 160/105/143
f 197/97/134 178/96/133 160/105/143
f 160/105/143 159/98/144 197/97/134
f 157/106/145 159/98/144 160/105/143
f 198/102/140 192/101/138 200/107/146
f 174/103/141 198/102/140 200/107/146
f 195/108/147 174/103/141 200/107/146
f 173/109/148 174/103/141 195/108/147
f 199/104/142 174/103/141 173/109/148
f 168/110/149 199/104/142 173/109/148
f 199/104/142 168/110/149 158/111/150
f 160/105/143 199/104/142 158/111/150
f 158/111/150 157/106/145 160/105/143
f 157/106/145 158/111/150 188/112/151
f 157/106/145 188/112/151 184/113/152
f 173/109/148 195/108/147 153/114/153
f 153/114/153 182/115/154 173/109/148
f 172/116/155 173/109/148 182/115/154
f 163/117/156 173/109/148 172/116/155
f 173/109/148 163/117/156 177/118/157
f 177/118/157 168/110/149 173/109/148
f 168/110/149 177/118/157 176/119/158
f 158/111/150 168/110/149 176/119/158
f 158/111/150 176/119/158 188/112/151
f 176/119/158 181/120/159 188/112/151
f 181/120/159 190/121/160 188/112/151
f 167/122/161 190/121/160 181/120/159
f 180/123/162 172/116/155 182/115/154
f 165/124/163 172/116/155 180/123/162
f 165/124/164 163/117/156 172/116/155
f 164/125/165 163/117/156 165/124/166
f 218/126/167 163/117/156 164/125/165
f 162/127/168 163/117/156 218/126/167
f 177/118/157 163/117/156 162/127/168
f 177/118/157 162/127/168 181/120/159
f 176/119/158 177/118/157 181/120/159
f 223/128/169 218/126/167 164/125/165
f 218/126/167 223/128/169 217/125/170
f 228/117/171 218/126/167 217/125/170
f 218/126/167 228/117/171 215/127/172
f 214/129/173 218/126/167 215/127/172
f 214/129/173 162/127/168 218/126/167
f 166/130/174 162/127/168 214/129/173
f 181/120/159 162/127/168 166/130/174
f 223/128/169 164/125/165 193/131/175
f 223/128/169 193/131/176 210/132/177
f 210/132/177 144/131/178 223/128/169
f 144/131/179 217/125/170 223/128/169
f 166/130/174 167/122/161 181/120/159
f 167/122/161 166/130/174 140/133/180
f 211/134/181 167/122/161 140/133/180
f 238/122/182 211/134/181 140/133/180
f 237/130/183 238/122/182 140/133/180
f 238/122/182 237/130/183 205/120/184
f 208/121/185 238/122/182 205/120/184
f 206/112/186 208/121/185 205/120/184
f 140/133/180 166/130/174 214/129/173
f 214/129/173 237/130/183 140/133/180
f 214/129/173 215/127/172 237/130/183
f 237/130/183 215/127/172 205/120/184
f 215/127/172 216/118/187 205/120/184
f 216/118/187 203/119/188 205/120/184
f 203/119/188 206/112/189 205/120/184
f 203/119/188 240/111/190 206/112/189
f 240/111/190 242/106/191 206/112/189
f 150/113/192 206/112/189 242/106/191
f 215/127/172 228/117/171 216/118/187
f 216/118/187 228/117/171 221/109/193
f 221/109/193 220/110/194 216/118/187
f 216/118/187 220/110/194 203/119/188
f 220/110/194 240/111/190 203/119/188
f 240/111/190 220/110/194 230/104/195
f 245/105/196 240/111/190 230/104/195
f 240/111/190 245/105/196 242/106/191
f 245/105/196 243/98/197 242/106/191
f 243/98/197 245/105/196 241/97/198
f 244/89/199 243/98/200 241/97/198
f 227/116/201 221/109/193 228/117/171
f 212/115/202 221/109/203 227/116/201
f 221/109/193 212/115/202 137/114/204
f 137/114/204 213/108/205 221/109/206
f 213/108/205 219/103/207 221/109/193
f 221/109/193 219/103/207 230/104/195
f 220/110/194 221/109/193 230/104/195
f 227/116/201 228/117/171 209/124/208
f 143/123/209 227/116/201 209/124/208
f 143/123/209 212/115/202 227/116/201
f 209/124/208 228/117/171 217/125/170
f 213/108/205 222/107/210 219/103/207
f 222/107/210 231/102/211 219/103/207
f 219/103/207 231/102/211 146/95/212
f 219/103/207 146/95/212 230/104/195
f 230/104/195 146/95/212 224/96/213
f 245/105/196 230/104/195 224/96/213
f 241/97/198 245/105/196 224/96/213
f 222/107/210 138/101/214 231/102/211
f 138/101/214 141/94/215 231/102/211
f 141/94/215 146/95/212 231/102/211
f 146/95/212 141/94/215 156/87/216
f 224/96/213 146/95/212 156/87/216
f 224/96/213 156/87/216 239/88/217
f 241/97/198 224/96/213 239/88/217
f 244/89/199 241/97/198 239/88/217
f 246/53/218 244/89/199 239/88/217
f 244/89/199 246/53/218 142/90/219
f 141/94/215 138/101/214 234/100/220
f 233/93/221 141/94/215 234/100/220
f 141/94/215 233/93/221 156/87/216
f 233/93/221 226/86/222 156/87/216
f 156/87/216 226/86/222 225/51/223
f 239/88/217 156/87/216 225/51/223
f 239/88/217 225/51/223 246/53/218
f 225/51/223 229/52/224 246/53/218
f 151/50/225 229/52/224 225/51/223
f 204/48/226 151/50/225 225/51/223
f 151/50/227 204/48/226 149/49/228
f 233/93/221 234/100/220 235/99/229
f 232/92/230 233/93/221 235/99/229
f 226/86/222 233/93/221 232/92/230
f 207/85/231 226/86/222 232/92/230
f 226/86/222 207/85/231 204/48/226
f 225/51/223 226/86/222 204/48/226
f 232/92/230 235/99/229 236/91/232
f 145/83/233 232/92/230 236/91/232
f 145/83/233 207/85/231 232/92/230
f 145/83/233 147/47/234 207/85/231
f 207/85/231 147/47/234 204/48/226
f 147/47/234 148/46/235 204/48/226
f 204/48/226 148/46/235 149/49/228
f 152/84/236 145/83/233 236/91/232
f 152/84/236 147/47/234 145/83/233
f 251/64/91 250/135/237 253/65/92
f 251/64/90 249/136/238 250/135/239
f 247/63/89 249/136/238 251/64/91
f 247/63/89 248/137/240 249/136/241
f 252/138/242 248/137/240 247/63/89
s 256
f 255/139/243 265/140/244 259/141/245
f 255/139/243 259/141/245 277/142/246
f 270/143/247 277/142/246 259/141/245
f 276/144/248 270/143/247 259/141/245
f 276/144/248 259/141/245 278/145/249
f 260/146/250 276/144/248 278/145/249
f 274/147/251 260/146/250 278/145/249
f 274/147/251 278/145/249 261/148/252
f 278/145/249 259/141/245 261/148/252
f 261/148/252 259/141/245 257/149/253
f 258/150/254 261/148/252 257/149/253
f 258/150/254 257/149/253 267/151/255
f 267/151/255 257/149/253 254/152/256
f 254/152/256 257/149/253 263/153/257
f 263/153/257 257/149/253 268/154/258
f 268/154/258 257/149/253 269/155/259
f 269/155/259 257/149/253 256/156/260
f 262/157/261 269/155/259 256/156/260
f 266/158/262 262/157/261 256/156/260
f 266/158/262 264/159/263 262/157/261
f 273/160/264 266/158/262 256/156/260
f 273/160/264 256/156/260 275/161/265
f 256/156/260 272/162/266 275/161/265
f 271/163/267 275/161/265 272/162/266
s 0
f 279/164/268 281/165/269 282/166/270
f 281/165/269 279/164/271 280/167/272
f 283/168/273 280/167/272 279/164/271
f 290/169/274 285/170/275 287/171/152
f 285/170/276 295/172/277 287/171/152
f 285/170/275 291/173/278 295/172/277
f 291/173/278 292/174/144 295/172/277
f 292/174/144 291/173/278 297/175/279
f 293/176/126 292/174/135 297/175/279
f 297/175/279 299/177/280 293/176/281
f 285/170/275 290/169/274 303/178/282
f 303/178/283 291/173/278 285/170/284
f 297/175/279 291/173/278 304/179/285
f 304/179/286 300/180/287 297/175/279
f 300/180/287 299/177/280 297/175/279
f 289/181/288 299/177/280 300/180/287
f 289/181/288 286/182/289 299/177/280
f 286/182/290 289/181/288 296/183/291
f 294/184/292 286/182/293 296/183/291
f 294/184/292 296/183/291 298/185/294
f 296/183/295 288/186/296 298/185/294
f 284/187/297 298/185/294 288/186/296
f 289/181/288 300/180/298 301/188/299
f 301/188/300 296/183/291 289/181/288
f 302/189/301 284/187/297 288/186/296
f 288/186/296 296/183/291 302/189/302
f 312/166/303 307/164/304 313/190/305
f 307/164/304 311/191/306 313/190/305
f 307/164/304 305/168/307 311/191/306
f 305/168/307 306/192/308 311/191/306
f 306/192/308 305/168/307 309/193/309
f 310/194/310 306/192/308 309/193/311
f 310/194/312 308/193/313 306/192/308
f 316/44/314 317/43/315 314/42/316
f 316/44/317 314/42/316 315/45/318
f 321/165/319 320/164/304 322/166/303
f 318/167/320 320/164/304 321/165/321
f 320/164/304 318/167/320 319/168/307
f 323/54/322 324/56/323 325/55/324
f 324/56/323 326/18/325 325/55/326
f 325/55/326 326/18/327 327/20/21
f 336/168/307 330/195/205 341/193/311
f 341/193/328 330/195/205 329/196/329
f 332/197/202 341/193/330 329/196/331
f 328/198/209 341/193/311 332/197/202
f 328/198/209 331/199/208 341/193/311
f 331/199/332 333/200/170 341/193/311
f 342/201/333 341/193/311 333/200/170
f 341/193/311 342/201/178 343/194/310
f 342/201/179 344/202/334 343/194/310
f 344/202/177 339/201/335 343/194/310
f 339/201/335 340/193/313 343/194/310
f 334/200/165 340/193/336 339/201/335
f 340/193/313 334/200/337 337/199/338
f 340/193/313 337/199/164 338/198/162
f 335/197/339 340/193/313 338/198/162
f 366/29/38 367/57/340 368/28/37
f 366/29/38 345/58/341 367/57/340
f 366/29/342 352/25/33 346/26/343
s 316
f 358/61/344 360/60/345 357/59/346
f 370/62/347 358/61/344 357/59/346
f 356/68/348 358/61/344 370/62/347
f 361/73/349 358/61/344 356/68/348
f 370/62/347 357/59/346 372/63/350
f 357/59/346 354/64/351 372/63/350
f 354/64/351 374/136/352 372/63/350
f 374/136/352 376/137/353 372/63/350
f 372/63/350 376/137/353 347/138/354
f 357/59/346 373/65/355 354/64/351
f 373/65/355 355/135/356 354/64/351
f 355/135/356 374/136/352 354/64/351
f 373/65/355 357/59/346 377/66/357
f 357/59/346 362/67/358 377/66/357
f 356/68/348 370/62/347 369/69/359
f 371/70/360 356/68/348 369/69/359
f 348/71/361 371/70/360 369/69/359
f 348/71/361 369/69/359 365/72/362
f 365/72/362 375/74/363 348/71/361
f 365/72/362 349/75/364 375/74/363
f 359/76/365 349/75/364 365/72/362
f 353/77/366 359/76/365 365/72/362
f 351/78/367 353/77/366 365/72/362
f 350/79/368 351/78/367 365/72/362
f 363/80/369 351/78/367 350/79/368
f 364/81/370 363/80/369 350/79/368
s 0
f 383/166/270 387/190/305 380/164/371
f 387/190/305 386/191/306 380/164/271
f 380/164/371 386/191/306 385/168/273
f 386/191/306 379/192/308 385/168/273
f 384/193/313 385/168/273 379/192/308
f 384/193/313 382/195/147 385/168/372
f 381/196/373 382/195/147 384/193/313
f 381/196/373 384/193/313 378/197/339
f 390/81/370 389/79/374 388/82/375
f 402/203/181 401/204/376 393/205/377
f 401/204/376 397/206/378 393/205/377
f 393/205/379 397/206/378 398/207/380
f 396/208/160 393/205/377 398/207/380
f 396/208/160 398/207/380 391/209/381
f 398/207/380 395/210/382 391/209/383
f 391/209/381 395/210/382 394/169/274
f 392/171/152 391/209/381 394/169/274
f 397/206/378 401/204/376 400/211/384
f 400/211/385 398/207/380 397/206/378
f 399/212/386 394/169/387 395/210/382
f 395/210/382 398/207/380 399/212/388
f 409/141/389 426/140/390 421/139/391
f 416/142/392 409/141/389 421/139/391
f 409/141/389 416/142/392 417/143/393
f 409/141/389 417/143/393 414/144/394
f 409/141/389 414/144/395 406/145/396
f 409/141/389 406/145/397 404/148/398
f 407/149/399 409/141/389 404/148/398
f 414/144/395 410/146/400 406/145/401
f 406/145/397 410/146/402 411/147/403
f 406/145/396 411/147/403 404/148/398
f 407/149/399 404/148/398 405/150/404
f 403/151/405 407/149/399 405/150/406
f 422/152/407 407/149/399 403/151/405
f 424/153/408 407/149/399 422/152/407
f 413/154/409 407/149/399 424/153/408
f 415/155/410 407/149/399 413/154/409
f 419/156/411 407/149/399 415/155/412
f 423/157/413 419/156/411 415/155/410
f 419/156/411 423/157/414 425/158/415
f 419/156/411 425/158/415 408/160/416
f 419/156/411 408/160/417 412/161/418
f 418/162/419 419/156/411 412/161/418
f 418/162/419 412/161/418 420/163/420
f 448/203/421 437/205/422 447/204/423
f 437/205/422 433/206/424 447/204/423
f 429/211/425 447/204/423 433/206/424
f 433/206/424 450/207/426 429/211/427
f 450/207/428 433/206/424 437/205/422
f 436/208/185 450/207/426 437/205/182
f 436/208/185 431/209/429 450/207/426
f 431/209/189 445/210/430 450/207/426
f 449/212/431 450/207/426 445/210/430
f 445/210/430 446/169/432 449/212/431
f 446/169/433 445/210/430 431/209/186
f 432/171/434 446/169/432 431/209/189
f 444/170/435 446/169/432 432/171/434
f 442/178/436 446/169/432 444/170/435
f 444/170/435 430/173/437 442/178/438
f 444/170/435 443/172/191 430/173/439
f 443/172/191 441/174/440 430/173/439
f 430/173/437 441/174/440 434/175/441
f 428/179/442 430/173/437 434/175/441
f 434/175/441 440/180/443 428/179/444
f 443/172/191 444/170/435 432/171/434
f 441/174/445 439/176/446 434/175/441
f 439/176/447 452/177/219 434/175/441
f 434/175/441 452/177/219 440/180/443
f 440/180/443 452/177/219 453/181/448
f 427/188/449 440/180/450 453/181/448
f 453/181/448 457/183/451 427/188/449
f 452/177/219 451/182/452 453/181/448
f 457/183/451 453/181/448 451/182/453
f 455/184/454 457/183/455 451/182/452
f 455/184/454 454/185/456 457/183/451
f 454/185/456 456/186/457 457/183/455
f 438/189/458 457/183/455 456/186/457
f 456/186/457 435/187/459 438/189/458
f 456/186/457 454/185/456 435/187/460
f 458/157/461 459/159/462 460/158/415
f 463/213/463 464/214/464 462/215/465
f 463/213/466 461/216/467 464/214/464
f 465/216/467 467/213/468 466/214/469
f 468/215/470 466/214/469 467/213/468
f 475/217/471 473/218/472 474/215/473
f 474/215/473 473/218/472 483/219/474
f 483/219/475 482/213/466 474/215/473
f 477/220/476 482/213/466 483/219/475
f 482/213/466 477/220/476 469/216/467
f 477/220/476 485/221/477 469/216/467
f 485/221/477 488/220/478 469/216/467
f 488/220/478 471/213/468 469/216/467
f 470/219/479 471/213/468 488/220/478
f 470/219/479 486/215/470 471/213/468
f 473/218/472 478/222/480 483/219/475
f 483/219/475 478/222/480 479/223/481
f 479/223/481 477/220/476 483/219/475
f 479/223/481 480/224/482 477/220/476
f 480/224/482 476/225/483 477/220/476
f 477/220/476 476/225/483 485/221/477
f 476/225/483 484/226/181 485/221/477
f 485/221/477 484/226/181 487/225/484
f 488/220/478 485/221/477 487/225/484
f 481/227/485 478/222/480 473/218/472
f 480/224/482 472/228/486 476/225/483
f 509/229/487 510/230/488 506/231/426
f 506/231/426 508/232/489 509/229/490
f 508/232/489 507/233/484 509/229/487
f 507/233/484 500/234/181 509/229/487
f 500/234/181 512/235/423 509/229/487
f 512/235/423 510/230/491 509/229/487
f 508/232/489 506/231/492 513/236/493
f 499/237/494 508/232/489 513/236/493
f 499/237/494 513/236/493 502/238/432
f 504/239/495 499/237/494 502/238/432
f 504/239/495 502/238/496 501/240/497
f 502/238/432 503/241/498 501/240/497
f 503/241/498 515/242/499 501/240/497
f 506/231/426 491/243/500 513/236/493
f 513/236/493 491/243/500 502/238/432
f 502/238/496 505/244/501 503/241/498
f 503/241/498 505/244/502 518/245/437
f 518/245/439 515/242/499 503/241/498
f 493/246/503 515/242/499 518/245/437
f 519/247/504 515/242/499 493/246/503
f 494/248/505 519/247/504 493/246/503
f 498/249/506 494/248/505 493/246/503
f 494/248/505 498/249/506 492/250/507
f 516/251/508 494/248/505 492/250/507
f 497/252/509 516/251/508 492/250/510
f 518/245/511 489/253/442 493/246/503
f 493/246/503 489/253/512 498/249/513
f 498/249/513 490/254/514 492/250/507
f 492/250/507 490/254/515 495/255/516
f 495/255/516 497/252/509 492/250/517
f 497/252/518 495/255/519 496/256/520
f 517/257/521 497/252/509 496/256/520
f 517/257/521 496/256/520 514/258/522
f 496/256/520 511/259/523 514/258/522
f 495/255/519 511/259/524 496/256/520
f 540/231/380 535/230/525 544/229/526
f 544/229/526 535/230/385 543/235/527
f 544/229/526 543/235/527 550/234/181
f 544/229/526 550/234/181 533/233/528
f 544/229/526 533/233/528 547/232/529
f 540/231/380 544/229/526 547/232/529
f 540/231/380 547/232/529 530/236/530
f 530/236/530 536/243/386 540/231/380
f 549/238/274 536/243/386 530/236/530
f 547/232/529 528/237/531 530/236/530
f 549/238/274 530/236/530 528/237/531
f 548/239/532 549/238/274 528/237/531
f 548/239/532 541/240/533 549/238/534
f 541/240/535 539/241/536 549/238/274
f 539/241/536 538/244/537 549/238/274
f 545/245/278 538/244/538 539/241/536
f 539/241/536 532/242/539 545/245/278
f 545/245/278 532/242/539 546/246/540
f 546/246/540 542/253/285 545/245/278
f 531/249/541 542/253/542 546/246/540
f 541/240/533 532/242/539 539/241/536
f 546/246/540 532/242/539 529/247/543
f 546/246/540 529/247/543 527/248/544
f 531/249/545 546/246/540 527/248/544
f 531/249/545 527/248/544 520/250/546
f 520/250/546 537/254/547 531/249/548
f 524/255/549 537/254/550 520/250/546
f 524/255/549 520/250/546 526/252/551
f 524/255/552 526/252/551 525/256/553
f 525/256/553 534/259/554 524/255/552
f 522/258/555 534/259/554 525/256/553
f 527/248/544 523/251/556 520/250/546
f 520/250/546 523/251/556 526/252/551
f 522/258/555 525/256/553 521/257/557
f 526/252/551 521/257/557 525/256/553
f 559/215/470 562/218/558 560/217/559
f 559/215/470 551/219/479 562/218/558
f 551/219/479 558/222/508 562/218/558
f 562/218/558 558/222/508 557/227/560
f 558/222/508 551/219/479 561/223/561
f 556/260/504 558/222/508 561/223/561
f 558/222/508 556/260/504 566/261/505
f 561/223/561 551/219/479 564/220/478
f 561/223/561 564/220/478 565/224/562
f 561/223/561 565/224/562 555/262/563
f 555/262/563 556/260/504 561/223/561
f 556/260/504 555/262/563 552/263/564
f 564/220/478 563/225/484 565/224/562
f 563/225/484 554/228/489 565/224/562
f 555/262/563 565/224/562 553/264/565
f 567/264/532 570/224/482 574/262/566
f 574/262/566 570/224/482 569/223/481
f 569/223/481 571/260/543 574/262/566
f 573/263/539 574/262/566 571/260/543
f 568/222/480 571/260/543 569/223/481
f 572/261/544 571/260/543 568/222/480
f 576/47/234 579/84/236 580/265/567
f 580/265/567 577/266/568 576/47/234
f 577/266/568 578/46/235 576/47/234
f 577/266/568 575/267/569 578/46/235
s 517
f 589/268/570 593/269/571 592/270/572
f 591/271/573 592/270/572 593/269/571
f 590/272/574 591/271/573 593/269/571
s 518
f 582/273/575 586/274/576 585/275/577
f 585/275/577 586/274/576 584/276/578
f 585/275/577 584/276/578 583/277/579
f 583/277/579 584/276/578 601/278/580
f 602/279/581 583/277/579 601/278/580
f 603/280/582 602/279/581 601/278/580
f 600/281/583 603/280/582 601/278/580
f 603/280/582 600/281/583 595/282/584
f 584/276/578 586/274/576 588/283/585
f 601/278/580 584/276/578 588/283/585
f 594/284/586 601/278/580 588/283/585
f 601/278/580 594/284/586 596/285/587
f 600/281/583 601/278/580 596/285/587
f 600/281/583 596/285/587 605/286/588
f 600/281/583 605/286/588 595/282/584
f 595/282/584 605/286/588 604/287/589
f 586/274/576 587/288/590 588/283/585
f 588/283/585 587/288/590 598/289/591
f 594/284/586 588/283/585 598/289/591
f 598/289/591 596/285/587 594/284/586
f 598/289/591 599/290/592 596/285/587
f 596/285/587 599/290/592 605/286/588
f 599/290/592 597/291/593 605/286/588
f 598/289/591 597/291/593 599/290/592
f 586/274/576 581/292/594 587/288/590
f 587/288/590 581/292/594 598/289/591
s 0
f 606/293/595 608/14/15 607/294/596
f 606/293/595 609/295/597 608/14/15
f 609/295/597 610/5/5 608/14/45
f 618/296/598 616/4/4 615/3/3
f 618/296/598 611/297/599 616/4/4
f 613/22/26 616/4/4 611/297/599
f 613/22/26 611/297/599 617/298/600
f 613/22/26 617/298/600 612/294/596
f 614/13/14 613/22/26 612/294/596
f 630/163/601 632/162/266 631/299/602
f 633/300/603 623/301/604 630/163/601
f 620/302/605 623/301/604 633/300/603
f 619/303/606 623/301/604 620/302/605
s 532
f 628/304/607 626/305/608 635/306/609
f 628/304/607 635/306/609 624/307/610
f 628/304/607 624/307/610 627/308/611
f 627/308/611 629/309/612 628/304/607
f 629/309/612 627/308/611 625/310/613
f 622/311/614 629/309/612 625/310/613
f 622/311/614 625/310/613 634/312/615
f 621/313/616 624/307/610 635/306/609
f 621/313/616 634/312/615 624/307/610
f 634/312/615 625/310/613 624/307/610
f 627/308/611 624/307/610 625/310/613
s 0
f 636/214/469 643/314/617 642/315/618
f 642/315/618 643/314/617 641/316/619
f 640/214/464 639/314/620 638/317/621
f 637/215/473 640/214/464 638/317/621
f 644/318/622 646/319/623 645/315/624
f 647/315/618 646/319/623 644/318/622
f 649/320/625 652/321/626 663/322/627
f 663/322/627 652/321/628 667/323/629
f 663/322/627 667/323/629 656/324/630
f 663/322/627 656/324/630 657/271/573
f 663/322/631 657/271/573 648/325/632
f 652/321/628 654/326/633 667/323/629
f 654/326/633 660/327/634 667/323/629
f 667/323/629 660/327/634 662/328/635
f 656/324/630 667/323/629 662/328/635
f 656/324/630 662/328/635 668/329/636
f 656/324/630 668/329/636 666/330/637
f 659/270/572 656/324/630 666/330/637
f 656/324/630 659/270/572 657/271/573
f 658/331/638 654/326/633 652/321/628
f 654/326/633 658/331/638 653/317/621
f 660/327/634 654/326/633 653/317/621
f 655/314/620 660/327/634 653/317/621
f 665/316/639 660/327/634 655/314/620
f 665/316/639 662/328/635 660/327/634
f 665/316/639 669/332/581 662/328/635
f 669/332/581 670/333/640 662/328/635
f 662/328/635 670/333/640 668/329/636
f 651/334/641 658/331/638 652/321/628
f 650/335/642 659/270/572 666/330/637
f 661/315/643 665/316/639 655/314/620
f 661/315/643 655/314/620 664/214/644
f 671/22/26 672/1/1 673/4/4
f 688/163/420 679/301/645 680/300/646
f 680/300/647 679/301/645 682/302/648
f 682/302/648 679/301/645 685/303/649
s 569
f 677/306/650 675/305/651 674/304/652
f 678/307/653 677/306/650 674/304/652
f 677/306/650 678/307/653 687/313/654
f 681/312/655 687/313/654 678/307/653
f 683/310/656 681/312/655 678/307/653
f 681/312/655 683/310/656 686/311/657
f 686/311/657 683/310/656 684/309/658
f 676/308/659 678/307/653 674/304/652
f 683/310/656 678/307/653 676/308/659
f 683/310/656 676/308/659 684/309/658
f 674/304/652 684/309/658 676/308/659
s 0
f 689/299/660 690/162/419 691/163/420
f 693/336/661 695/337/662 694/338/663
f 695/337/662 693/336/661 692/339/664
f 711/340/665 703/341/666 697/342/667
f 697/342/668 703/341/666 699/343/669
f 699/343/670 703/341/666 707/344/625
f 699/343/670 707/344/625 730/345/671
f 730/345/671 709/346/672 699/343/670
f 720/347/673 709/346/674 730/345/671
f 720/347/675 730/345/671 725/348/676
f 725/348/676 726/349/573 720/347/673
f 726/349/573 722/350/677 720/347/678
f 722/350/677 719/351/679 720/347/678
f 707/344/625 724/352/627 730/345/671
f 730/345/671 724/352/627 725/348/676
f 721/353/680 719/351/681 722/350/677
f 721/353/682 722/350/677 746/354/683
f 721/353/680 746/354/683 729/355/684
f 729/355/684 701/356/685 721/353/680
f 745/357/686 701/356/685 729/355/684
f 745/357/686 729/355/684 728/358/570
f 745/357/686 728/358/570 718/359/687
f 718/359/687 717/360/688 745/357/686
f 722/350/677 726/349/573 746/354/683
f 705/361/689 717/360/690 718/359/687
f 705/361/689 718/359/687 700/362/642
f 714/363/691 705/361/692 700/362/642
f 714/363/691 710/364/693 705/361/689
f 765/365/694 710/364/695 714/363/691
f 765/365/696 714/363/691 749/366/697
f 765/365/698 749/366/697 752/363/699
f 752/363/699 760/364/700 765/365/698
f 718/359/687 698/367/572 700/362/642
f 728/358/570 698/367/572 718/359/687
f 755/361/701 760/364/702 752/363/699
f 754/362/703 755/361/704 752/363/699
f 755/361/704 754/362/703 753/359/705
f 753/359/705 761/360/706 755/361/704
f 778/357/707 761/360/708 753/359/705
f 778/357/709 753/359/705 777/358/710
f 778/357/711 777/358/710 776/355/712
f 776/355/712 773/356/713 778/357/714
f 751/368/715 754/362/703 752/363/699
f 749/366/697 751/368/715 752/363/699
f 771/353/716 773/356/717 776/355/712
f 771/353/718 776/355/712 769/354/719
f 771/353/720 769/354/719 770/350/721
f 770/350/721 766/351/722 771/353/718
f 759/347/723 766/351/724 770/350/721
f 776/355/712 775/369/725 769/354/719
f 777/358/710 775/369/726 776/355/712
f 769/354/719 768/349/727 770/350/721
f 770/350/721 768/349/727 759/347/723
f 768/349/727 758/348/728 759/347/729
f 759/347/729 758/348/728 750/345/730
f 750/345/730 767/346/731 759/347/729
f 757/343/732 767/346/733 750/345/730
f 757/343/732 750/345/730 756/344/734
f 756/344/734 762/341/735 757/343/736
f 757/343/737 762/341/735 764/342/738
f 764/342/739 762/341/735 763/340/740
f 758/348/728 774/352/741 750/345/730
f 750/345/730 774/352/741 756/344/734
f 753/359/705 772/367/742 777/358/710
f 754/362/703 772/367/742 753/359/705
f 714/363/691 733/368/637 749/366/697
f 733/368/637 714/363/691 700/362/743
f 729/355/684 734/369/571 728/358/570
f 746/354/683 734/369/571 729/355/684
s 639
f 736/370/744 740/371/745 696/372/746
f 740/371/745 736/370/744 738/373/747
f 727/374/748 740/371/745 738/373/747
f 738/373/747 732/375/749 727/374/748
f 732/375/749 739/376/750 727/374/748
f 739/376/750 732/375/749 723/377/673
f 735/378/751 739/376/750 723/377/673
f 735/378/751 723/377/673 747/379/752
f 723/377/673 748/380/753 747/379/752
f 747/379/752 748/380/753 744/381/754
f 732/375/749 738/373/747 702/382/755
f 702/382/755 723/377/673 732/375/749
f 748/380/753 723/377/673 708/383/756
f 708/383/756 742/384/757 748/380/753
f 748/380/753 742/384/757 744/381/754
f 741/385/758 744/381/754 742/384/757
f 737/386/759 741/385/758 742/384/757
f 741/385/758 737/386/759 704/387/760
f 737/386/759 712/388/761 704/387/760
f 704/387/760 712/388/761 713/389/762
f 706/390/763 704/387/760 713/389/762
f 706/390/763 713/389/762 743/391/764
f 731/392/765 706/390/763 743/391/764
f 737/386/759 742/384/757 715/393/685
f 715/393/685 712/388/761 737/386/759
f 716/394/766 743/391/764 713/389/762
f 713/389/762 712/388/761 716/394/766
s 0
f 779/265/767 782/47/65 780/266/768
f 779/265/767 781/84/121 782/47/65
f 785/46/64 783/267/769 784/266/768
f 786/47/65 785/46/64 784/266/768
f 919/329/636 917/395/697 852/330/637
f 921/330/770 917/395/697 919/329/636
f 920/324/771 921/330/770 919/329/636
f 921/330/770 920/324/771 934/270/742
f 921/330/770 934/270/742 787/335/703
f 935/328/772 920/324/771 919/329/636
f 935/328/772 942/323/773 920/324/771
f 920/324/771 942/323/773 916/322/741
f 920/324/771 916/322/741 918/271/774
f 934/270/742 920/324/771 918/271/774
f 925/269/726 934/270/742 918/271/774
f 934/270/742 925/269/726 794/268/710
f 931/333/640 935/328/772 919/329/636
f 931/333/640 926/332/581 935/328/772
f 926/332/581 928/316/619 935/328/772
f 936/327/775 935/328/772 928/316/776
f 935/328/772 936/327/775 942/323/773
f 942/323/773 936/327/777 953/326/778
f 942/323/773 953/326/778 941/321/779
f 942/323/773 941/321/780 916/322/741
f 916/322/741 941/321/780 872/320/734
f 929/314/617 936/327/777 928/316/619
f 929/314/617 943/317/781 936/327/775
f 943/317/781 953/326/778 936/327/782
f 943/317/781 954/331/783 953/326/778
f 941/321/779 953/326/778 954/331/783
f 941/321/779 954/331/783 874/334/784
f 925/269/726 918/271/774 803/272/785
f 871/325/728 918/271/786 916/322/741
s 673
f 797/396/787 835/397/788 826/398/789
f 835/397/788 825/399/790 826/398/789
f 800/400/791 826/398/789 825/399/790
f 800/400/791 796/401/792 826/398/789
f 849/402/793 796/401/792 800/400/791
f 796/401/792 849/402/793 798/403/794
f 789/404/795 796/401/792 798/403/794
f 801/405/796 789/404/795 798/403/794
f 835/397/788 834/406/797 825/399/790
f 834/406/797 821/407/798 825/399/790
f 825/399/790 821/407/798 842/408/799
f 800/400/791 825/399/790 842/408/799
f 847/409/800 800/400/791 842/408/799
f 847/409/800 849/402/793 800/400/791
f 821/407/798 834/406/797 822/410/801
f 821/407/798 822/410/801 812/411/802
f 814/412/803 821/407/798 812/411/802
f 821/407/798 814/412/803 842/408/799
f 814/412/803 836/413/804 842/408/799
f 836/413/804 845/414/805 842/408/799
f 847/409/800 842/408/799 845/414/805
f 818/415/806 847/409/800 845/414/805
f 849/402/793 847/409/800 818/415/806
f 834/406/797 846/416/807 822/410/801
f 836/413/804 837/417/751 845/414/805
f 837/417/751 841/418/808 845/414/805
f 841/418/808 828/419/809 845/414/805
f 828/419/809 818/415/806 845/414/805
f 828/419/809 816/420/810 818/415/806
f 816/420/810 806/421/811 818/415/806
f 806/421/811 849/402/793 818/415/806
f 841/418/808 837/417/751 839/422/754
f 844/423/812 841/418/808 839/422/754
f 844/423/812 862/424/813 841/418/808
f 862/424/813 828/419/809 841/418/808
f 862/424/813 860/425/814 828/419/809
f 828/419/809 860/425/814 816/420/810
f 833/426/815 816/420/810 860/425/814
f 816/420/810 833/426/815 817/427/816
f 819/428/817 816/420/810 817/427/816
f 806/421/811 816/420/810 819/428/817
f 839/422/754 838/429/758 844/423/812
f 838/429/758 840/430/818 844/423/812
f 840/430/818 815/431/819 844/423/812
f 815/431/819 862/424/813 844/423/812
f 815/431/819 859/432/820 862/424/813
f 859/432/820 860/425/814 862/424/813
f 832/433/821 860/425/814 859/432/820
f 832/433/821 833/426/815 860/425/814
f 838/429/758 863/434/763 840/430/818
f 863/434/763 848/435/822 840/430/818
f 815/431/819 840/430/818 848/435/822
f 823/436/823 815/431/819 848/435/822
f 859/432/820 815/431/819 823/436/823
f 861/437/824 859/432/820 823/436/823
f 859/432/820 861/437/824 809/438/825
f 809/438/825 832/433/821 859/432/820
f 832/433/821 809/438/825 810/439/826
f 833/426/815 832/433/821 810/439/826
f 848/435/822 863/434/763 864/440/827
f 843/441/828 848/435/822 864/440/827
f 848/435/822 843/441/828 823/436/823
f 843/441/828 811/442/829 823/436/823
f 823/436/823 811/442/829 861/437/824
f 811/442/829 813/443/830 861/437/824
f 813/443/830 809/438/825 861/437/824
f 864/440/827 863/434/763 830/444/765
f 824/445/831 864/440/827 830/444/765
f 944/446/832 864/440/827 824/445/831
f 944/446/832 940/447/833 864/440/827
f 940/447/833 843/441/828 864/440/827
f 843/441/828 940/447/833 811/442/829
f 940/447/833 950/448/834 811/442/829
f 811/442/829 950/448/834 813/443/830
f 950/448/834 884/449/835 813/443/830
f 813/443/830 884/449/835 809/438/825
f 802/450/836 944/446/832 824/445/831
f 802/450/836 791/451/837 944/446/832
f 791/451/837 906/452/838 944/446/832
f 940/447/833 944/446/832 906/452/838
f 907/453/839 940/447/833 906/452/838
f 940/447/833 907/453/839 947/454/840
f 950/448/834 940/447/833 947/454/840
f 950/448/834 947/454/840 945/455/841
f 884/449/835 950/448/834 945/455/841
f 951/456/842 884/449/835 945/455/841
f 884/449/835 951/456/842 900/457/843
f 900/457/843 809/438/825 884/449/835
f 906/452/838 791/451/837 790/458/844
f 911/459/845 906/452/838 790/458/844
f 911/459/845 913/460/846 906/452/838
f 913/460/846 907/453/839 906/452/838
f 907/453/839 913/460/846 886/461/847
f 947/454/840 907/453/839 886/461/847
f 947/454/840 886/461/847 887/462/848
f 945/455/841 947/454/840 887/462/848
f 887/462/848 951/456/842 945/455/841
f 948/463/849 913/460/846 911/459/845
f 913/460/846 948/463/849 899/464/850
f 886/461/847 913/460/846 899/464/850
f 886/461/847 899/464/850 881/465/851
f 887/462/848 886/461/847 881/465/851
f 951/456/842 887/462/848 881/465/851
f 881/465/851 896/466/852 951/456/842
f 952/467/853 951/456/842 896/466/852
f 952/467/853 949/468/854 951/456/842
f 949/468/854 900/457/843 951/456/842
f 912/469/855 948/463/849 911/459/845
f 948/463/849 912/469/855 904/470/856
f 948/463/849 904/470/856 899/464/850
f 904/470/856 885/471/857 899/464/850
f 881/465/851 899/464/850 885/471/857
f 882/472/858 881/465/851 885/471/857
f 881/465/851 882/472/858 896/466/852
f 896/466/852 882/472/858 901/473/859
f 901/473/859 952/467/853 896/466/852
f 912/469/855 910/474/860 904/470/856
f 904/470/856 910/474/860 938/475/861
f 904/470/856 938/475/861 885/471/857
f 938/475/861 903/476/862 885/471/857
f 903/476/862 882/472/858 885/471/857
f 878/477/863 882/472/858 903/476/862
f 882/472/858 878/477/863 901/473/859
f 891/478/864 901/473/859 878/477/863
f 891/478/864 897/479/865 901/473/859
f 897/479/865 902/480/866 901/473/859
f 901/473/859 902/480/866 952/467/853
f 910/474/860 922/481/867 938/475/861
f 924/482/868 938/475/861 922/481/867
f 938/475/861 924/482/868 903/476/862
f 924/482/868 894/483/869 903/476/862
f 878/477/863 903/476/862 894/483/869
f 877/484/870 878/477/863 894/483/869
f 883/485/871 878/477/863 877/484/870
f 891/478/864 878/477/863 883/485/871
f 914/486/872 891/478/864 883/485/871
f 915/487/873 891/478/864 914/486/872
f 891/478/864 915/487/873 897/479/865
f 897/479/865 915/487/873 902/480/866
f 939/488/874 924/482/868 922/481/867
f 937/489/875 924/482/868 939/488/874
f 937/489/875 876/490/876 924/482/868
f 876/490/876 894/483/869 924/482/868
f 876/490/876 868/491/877 894/483/869
f 868/491/877 877/484/870 894/483/869
f 877/484/870 868/491/877 865/492/878
f 892/493/879 877/484/870 865/492/878
f 892/493/879 883/485/871 877/484/870
f 892/493/879 914/486/872 883/485/871
f 946/494/880 937/489/875 939/488/874
f 946/494/880 889/495/881 937/489/875
f 889/495/881 893/496/882 937/489/875
f 893/496/882 793/497/883 937/489/875
f 793/497/883 876/490/876 937/489/875
f 868/491/877 876/490/876 793/497/883
f 889/495/881 946/494/880 890/498/884
f 888/499/885 889/495/881 890/498/884
f 889/495/881 888/499/885 909/500/886
f 893/496/882 889/495/881 909/500/886
f 908/501/887 893/496/882 909/500/886
f 905/502/888 893/496/882 908/501/887
f 893/496/882 905/502/888 793/497/883
f 905/502/888 792/503/889 793/497/883
f 792/503/889 868/491/877 793/497/883
f 888/499/885 923/504/890 909/500/886
f 905/502/888 908/501/887 875/505/891
f 914/486/872 892/493/879 865/492/878
f 869/506/892 914/486/872 865/492/878
f 869/506/892 933/507/893 914/486/872
f 933/507/893 898/508/894 914/486/872
f 898/508/894 915/487/873 914/486/872
f 898/508/894 895/509/895 915/487/873
f 895/509/895 902/480/866 915/487/873
f 869/506/892 865/492/878 868/491/877
f 869/506/892 868/491/877 930/510/896
f 869/506/892 930/510/896 933/507/893
f 933/507/893 930/510/896 895/509/895
f 898/508/894 933/507/893 895/509/895
f 788/511/897 930/510/896 868/491/877
f 930/510/896 788/511/897 867/512/898
f 867/512/898 927/513/899 930/510/896
f 930/510/896 927/513/899 895/509/895
f 927/513/899 902/480/866 895/509/895
f 902/480/866 927/513/899 932/514/900
f 932/514/900 952/467/853 902/480/866
f 932/514/900 880/515/901 952/467/853
f 949/468/854 952/467/853 880/515/901
f 792/503/889 788/511/897 868/491/877
f 788/511/897 792/503/889 870/516/902
f 788/511/897 870/516/902 873/517/903
f 873/517/903 867/512/898 788/511/897
f 879/518/904 949/468/854 880/515/901
f 879/518/904 827/519/905 949/468/854
f 827/519/905 810/439/826 949/468/854
f 810/439/826 809/438/825 949/468/854
f 809/438/825 900/457/843 949/468/854
f 810/439/826 827/519/905 858/520/906
f 829/521/907 810/439/826 858/520/906
f 810/439/826 829/521/907 833/426/815
f 833/426/815 829/521/907 831/522/908
f 833/426/815 831/522/908 817/427/816
f 827/519/905 856/523/909 858/520/906
f 856/523/909 857/524/910 858/520/906
f 858/520/906 857/524/910 829/521/907
f 820/525/911 829/521/907 857/524/910
f 829/521/907 820/525/911 805/526/912
f 829/521/907 805/526/912 831/522/908
f 831/522/908 805/526/912 817/427/816
f 817/427/816 805/526/912 807/527/913
f 819/428/817 817/427/816 807/527/913
f 804/528/914 819/428/817 807/527/913
f 804/528/914 806/421/811 819/428/817
f 857/524/910 856/523/909 853/529/915
f 855/530/916 857/524/910 853/529/915
f 820/525/911 857/524/910 855/530/916
f 820/525/911 855/530/916 851/531/917
f 808/532/918 820/525/911 851/531/917
f 820/525/911 808/532/918 805/526/912
f 805/526/912 808/532/918 807/527/913
f 856/523/909 799/533/919 853/529/915
f 807/527/913 808/532/918 851/531/917
f 850/534/920 807/527/913 851/531/917
f 850/534/920 854/535/921 807/527/913
f 854/535/921 804/528/914 807/527/913
f 804/528/914 854/535/921 806/421/811
f 854/535/921 849/402/793 806/421/811
f 849/402/793 854/535/921 850/534/920
f 855/530/916 849/402/793 850/534/920
f 849/402/793 855/530/916 798/403/794
f 853/529/915 798/403/794 855/530/916
f 798/403/794 853/529/915 801/405/796
f 851/531/917 855/530/916 850/534/920
f 932/514/900 866/536/922 880/515/901
f 932/514/900 927/513/899 866/536/922
f 867/512/898 866/536/922 927/513/899
f 867/512/898 795/537/923 866/536/922
s 0
f 955/338/924 956/337/925 957/336/926
f 969/372/927 984/371/928 985/370/929
f 983/373/930 985/370/931 984/371/928
f 986/374/932 983/373/930 984/371/933
f 992/375/934 983/373/935 986/374/932
f 975/382/936 983/373/930 992/375/934
f 992/375/934 976/377/937 975/382/936
f 980/376/938 992/375/934 986/374/932
f 992/375/934 980/376/938 976/377/937
f 980/376/938 991/378/867 976/377/937
f 976/377/937 991/378/867 981/379/939
f 982/380/940 976/377/729 981/379/939
f 974/383/941 976/377/937 982/380/940
f 982/380/940 988/384/942 974/383/724
f 988/384/942 982/380/940 987/381/860
f 988/384/942 987/381/860 989/385/855
f 990/386/943 988/384/942 989/385/855
f 973/393/944 988/384/942 990/386/943
f 982/380/940 981/379/939 987/381/945
f 990/386/943 978/388/707 973/393/717
f 978/388/707 990/386/943 966/387/946
f 978/388/947 966/387/946 971/389/948
f 968/394/949 978/388/707 971/389/948
f 971/389/948 964/391/704 968/394/708
f 990/386/943 989/385/855 966/387/946
f 966/387/946 970/390/845 971/389/948
f 964/391/704 971/389/948 970/390/950
f 963/392/951 964/391/704 970/390/950
f 964/391/704 963/392/951 965/538/952
f 967/539/700 964/391/704 965/538/952
f 965/538/952 977/540/953 967/539/954
f 963/392/951 972/541/837 965/538/952
f 965/538/952 972/541/837 977/540/953
f 972/541/837 979/542/836 977/540/953
f 977/540/953 979/542/836 962/541/955
f 961/538/956 977/540/953 962/541/955
f 958/539/695 977/540/953 961/538/956
f 961/538/956 960/391/764 958/539/695
f 959/392/765 960/391/764 961/538/956
f 962/541/955 959/392/765 961/538/956
f 994/14/15 995/13/14 993/294/596
f 999/317/781 997/215/470 996/543/957
f 997/215/470 998/217/958 996/543/957
f 1001/544/959 1003/5/5 1002/295/597
f 1003/5/5 1001/544/959 1000/6/960
f 1004/339/961 1006/336/926 1005/337/925
f 1013/215/470 1014/317/781 1008/214/962
f 1014/317/781 1012/314/617 1008/214/469
f 1011/317/963 1007/543/964 1009/215/473
f 1007/543/964 1010/217/471 1009/215/473
f 1017/545/965 1016/546/966 1015/547/967
f 1022/548/968 1018/549/969 1021/550/970
f 1022/548/968 1021/550/970 1019/551/971
f 1019/551/971 1020/546/972 1022/548/968
f 1019/551/971 1023/552/973 1020/546/972
f 1028/553/974 1037/554/975 1031/555/976
f 1037/554/975 1028/553/974 1036/556/977
f 1026/557/978 1037/554/975 1036/556/977
f 1037/554/975 1026/557/978 1035/558/979
f 1032/559/980 1037/554/975 1035/558/979
f 1035/558/979 1034/560/981 1032/559/980
f 1034/560/981 1038/561/982 1032/559/980
f 1032/559/980 1038/561/982 1039/562/983
f 1038/561/982 1042/563/984 1039/562/983
f 1042/563/984 1041/545/985 1039/562/983
f 1036/556/977 1027/564/986 1026/557/978
f 1027/564/986 1029/565/987 1026/557/978
f 1026/557/978 1029/565/987 1035/558/979
f 1035/558/979 1029/565/987 1034/560/981
f 1029/565/987 1025/566/988 1034/560/981
f 1025/566/988 1024/549/969 1034/560/981
f 1024/549/969 1038/561/982 1034/560/981
f 1024/549/969 1040/548/968 1038/561/982
f 1040/548/968 1042/563/984 1038/561/982
f 1040/548/968 1030/546/972 1042/563/984
f 1042/563/984 1030/546/972 1041/545/965
f 1033/567/989 1027/564/986 1036/556/977
f 1047/554/975 1046/568/990 1043/555/976
f 1047/554/975 1045/559/980 1046/568/991
f 1045/559/980 1049/562/983 1046/568/990
f 1046/568/990 1049/562/983 1048/569/992
f 1050/545/993 1048/569/994 1049/562/983
f 1044/570/995 1048/569/992 1050/545/965
f 1052/571/996 1051/572/997 1053/573/998
f 1054/549/969 1055/566/988 1056/574/999
f 1058/571/996 1059/575/1000 1057/551/971
f 1062/576/1001 1064/577/1002 1063/578/1003
f 1068/579/1004 1061/580/1005 1060/555/976
f 1065/568/990 1068/579/1004 1060/555/976
f 1068/579/1006 1065/568/991 1067/569/1007
f 1068/579/1008 1067/569/992 1066/581/1009
f 1069/572/997 1074/582/1010 1076/583/1011
f 1073/571/996 1074/582/1010 1069/572/997
f 1074/582/1010 1073/571/996 1070/584/1012
f 1073/571/996 1071/551/971 1070/584/1012
f 1071/551/971 1078/550/970 1070/584/1012
f 1072/585/1013 1075/577/1002 1077/586/1014
f 1077/586/1014 1075/577/1002 1079/587/1015
f 1085/588/1016 1088/589/1017 1081/590/1018
f 1086/591/1019 1085/588/1016 1081/590/1018
f 1084/582/1010 1086/591/1019 1081/590/1018
f 1086/591/1019 1084/582/1010 1080/584/1020
f 1089/592/1021 1083/585/1013 1088/589/1017
f 1083/585/1013 1081/590/1018 1088/589/1017
f 1081/590/1018 1083/585/1013 1087/586/1014
f 1087/586/1014 1084/582/1010 1081/590/1018
f 1084/582/1010 1087/586/1014 1082/593/1022
f 1090/594/1023 1091/595/1024 1094/592/1021
f 1093/589/1017 1090/594/1023 1094/592/1021
f 1092/596/1025 1090/594/1023 1093/589/1017
f 1097/597/1026 1095/598/1027 1096/599/1028
f 1099/600/1029 1098/598/1027 1101/597/1026
f 1099/600/1029 1101/597/1026 1100/601/1030
f 1105/602/1031 1107/603/1032 1104/604/1033
f 1105/602/1031 1106/605/1034 1107/603/1032
f 1106/605/1034 1103/606/1035 1107/603/1032
f 1106/605/1034 1108/607/1036 1103/606/1035
f 1108/607/1036 1106/605/1034 1102/608/1037
f 1110/609/1038 1113/610/1039 1111/611/1040
f 1110/609/1038 1111/611/1040 1112/612/1041
f 1110/609/1038 1112/612/1041 1114/613/1042
f 1112/612/1041 1109/614/1043 1114/613/1042
f 1116/615/1044 1117/616/1045 1118/617/1046
f 1119/618/1047 1116/615/1044 1118/617/1046
f 1119/618/1048 1118/617/1046 1115/619/1049
f 1124/620/1050 1123/602/1031 1122/604/1033
f 1123/602/1031 1124/620/1050 1121/615/1044
f 1123/602/1031 1121/615/1044 1126/618/1047
f 1125/605/1034 1123/602/1031 1126/618/1047
f 1125/605/1034 1126/618/1047 1120/608/1037
f 1129/621/1051 1128/622/1052 1127/623/1053
f 1132/624/1054 1130/625/1055 1131/626/1056
f 1136/627/1057 1133/628/1058 1137/629/1059
f 1135/630/1060 1133/628/1058 1136/627/1057
f 1135/630/1060 1136/627/1057 1134/631/1061
f 1141/603/1032 1143/624/1054 1139/604/1062
f 1141/603/1032 1138/606/1035 1143/624/1054
f 1143/624/1054 1138/606/1035 1140/625/1055
f 1142/607/1036 1140/625/1055 1138/606/1035
f 1148/616/1045 1144/628/1058 1149/617/1046
f 1144/628/1058 1146/630/1060 1149/617/1046
f 1149/617/1046 1146/630/1060 1147/632/1063
f 1147/632/1063 1146/630/1060 1145/631/1061
f 1152/597/1026 1150/599/1064 1151/633/1065
f 1157/634/1066 1153/635/1067 1158/636/1068
f 1156/637/1069 1153/635/1067 1157/634/1066
f 1154/638/1070 1156/637/1069 1157/634/1066
f 1155/338/924 1156/637/1069 1154/638/1070
f 1160/639/1071 1161/640/1072 1159/641/1073
f 1161/640/1072 1160/639/1074 1162/642/1075
f 1165/643/1076 1163/644/1077 1164/645/1078
f 1166/635/1067 1165/643/1076 1164/645/1078
f 1167/646/1079 1166/635/1067 1164/645/1078
f 1171/647/1080 1172/80/369 1173/81/370
f 1170/648/1081 1171/647/1082 1173/81/1083
f 1174/649/1084 1171/647/1085 1170/648/1086
f 1174/649/1087 1170/648/1081 1168/650/1088
f 1168/650/1088 1170/648/1081 1169/651/1089
f 1180/652/1090 1179/634/1066 1178/653/1091
f 1175/638/1070 1179/634/1066 1180/652/1090
f 1177/337/925 1175/638/1070 1180/652/1090
f 1176/338/924 1175/638/1070 1177/337/925
f 1184/654/1092 1188/655/1093 1187/656/1094
f 1184/654/1092 1187/656/1094 1186/657/1095
f 1185/658/1096 1184/654/1092 1186/657/1095
f 1185/658/1096 1186/657/1095 1182/161/418
f 1186/657/1095 1181/301/645 1182/161/418
f 1182/161/418 1181/301/645 1183/163/420
f 1193/652/1090 1192/653/1097 1194/659/1098
f 1193/652/1090 1194/659/1098 1190/660/1099
f 1191/337/925 1193/652/1090 1190/660/1099
f 1190/660/1099 1189/339/961 1191/337/925
f 1198/7/7 1196/6/1100 1197/641/1073
f 1197/641/1073 1195/661/1101 1198/7/7
f 1200/651/1102 1202/81/370 1199/82/375
f 1201/648/1081 1202/81/370 1200/651/1089
f 1205/662/1103 1207/659/1098 1206/663/1104
f 1205/662/1103 1203/664/1105 1207/659/1098
f 1203/664/1106 1204/660/1099 1207/659/1098
f 1213/665/1107 1214/666/1108 1212/662/1103
f 1213/665/1107 1208/667/1109 1214/666/1108
f 1208/667/1109 1209/668/1110 1214/666/1108
f 1211/669/1111 1214/666/1108 1209/668/1110
f 1210/670/1112 1211/669/1113 1209/668/1110
f 1219/671/1114 1220/672/1115 1216/673/1116
f 1219/671/1114 1216/673/1116 1218/663/1104
f 1216/673/1116 1217/674/1117 1218/663/1104
f 1217/674/1117 1215/662/1103 1218/663/1104
f 1223/673/1116 1226/672/1118 1224/675/1119
f 1223/673/1116 1224/675/1119 1225/674/1117
f 1224/675/1119 1222/665/1107 1225/674/1117
f 1225/674/1117 1222/665/1107 1221/662/1103
f 1230/676/1120 1235/677/1121 1229/678/1122
f 1230/676/1120 1236/672/1115 1235/677/1121
f 1236/672/1123 1227/679/1124 1235/677/1121
f 1236/672/1123 1231/680/1125 1227/679/1124
f 1231/680/1125 1236/672/1115 1233/671/1114
f 1231/680/1125 1233/671/1114 1232/663/1104
f 1228/653/1097 1231/680/1125 1232/663/1104
f 1228/653/1097 1232/663/1104 1234/659/1098
f 1237/635/1067 1238/646/1079 1239/636/1068
f 1242/675/1119 1244/672/1115 1243/681/1126
f 1242/675/1119 1243/681/1126 1241/665/1127
f 1243/681/1126 1240/667/1109 1241/665/1107
f 1248/678/1122 1251/646/1079 1245/645/1078
f 1252/677/1121 1251/646/1128 1248/678/1122
f 1252/677/1121 1246/679/1124 1251/646/1079
f 1246/679/1124 1253/636/1068 1251/646/1079
f 1246/679/1124 1249/680/1125 1253/636/1068
f 1249/680/1125 1247/653/1097 1253/636/1068
f 1250/634/1066 1253/636/1068 1247/653/1097
f 1255/682/1129 1259/683/1130 1257/684/1131
f 1259/683/1130 1255/682/1129 1256/685/1132
f 1254/686/1133 1259/683/1130 1256/685/1132
f 1261/687/1134 1259/683/1130 1254/686/1133
f 1260/688/1135 1259/683/1130 1261/687/1134
f 1260/688/1135 1258/689/1136 1259/683/1130
f 1270/690/1137 1268/691/1138 1272/692/1139
f 1269/693/1140 1268/691/1138 1270/690/1137
f 1271/694/1141 1269/693/1140 1270/690/1137
f 1263/695/1142 1269/693/1140 1271/694/1141
f 1264/696/1143 1263/695/1142 1271/694/1141
f 1263/695/1142 1264/696/1143 1262/697/1144
f 1263/695/1142 1262/697/1144 1265/698/1145
f 1267/699/1146 1265/698/1145 1262/697/1144
f 1267/699/1146 1266/700/1147 1265/698/1145
f 1275/701/1148 1273/702/1149 1274/703/1150
f 1279/704/1151 1276/705/1152 1278/706/1153
f 1279/704/1151 1278/706/1153 1277/707/1154
f 1280/708/1155 1284/709/1156 1282/710/1157
f 1282/710/1157 1284/709/1156 1283/711/1158
f 1281/712/1159 1282/710/1157 1283/711/1158
f 1285/712/1159 1286/711/1158 1287/705/1152
f 1285/712/1159 1287/705/1152 1288/704/1151
f 1291/685/1132 1290/713/1160 1292/703/1150
f 1292/703/1150 1290/713/1160 1289/714/1161
f 1297/705/1152 1294/715/1162 1299/706/1153
f 1293/716/1163 1299/706/1153 1294/715/1162
f 1295/717/1164 1299/706/1153 1293/716/1163
f 1295/717/1164 1296/718/1165 1299/706/1153
f 1298/707/1154 1299/706/1153 1296/718/1165
f 1302/713/1160 1300/719/1166 1301/714/1161
f 1305/684/1131 1303/716/1163 1304/715/1162
f 1309/683/1130 1303/716/1163 1305/684/1167
f 1309/683/1130 1307/689/1136 1303/716/1163
f 1307/689/1136 1308/720/1168 1303/716/1163
f 1308/720/1168 1306/717/1164 1303/716/1163
f 1317/721/1169 1324/722/1170 1316/723/1171
f 1324/722/1170 1317/721/1169 1313/724/1172
f 1310/725/1173 1324/722/1170 1313/724/1174
f 1310/725/1173 1313/724/1172 1321/726/1175
f 1310/725/1173 1321/726/1175 1325/727/1176
f 1315/728/1177 1325/727/1176 1321/726/1175
f 1315/728/1177 1311/729/1178 1325/727/1176
f 1313/724/1172 1322/730/1179 1321/726/1175
f 1323/731/1180 1321/726/1175 1322/730/1179
f 1323/731/1180 1315/728/1177 1321/726/1175
f 1319/732/1181 1323/731/1182 1322/730/1179
f 1318/733/1183 1312/697/1144 1314/734/1184
f 1318/733/1183 1320/699/1146 1312/697/1144
f 1333/735/1185 1331/736/1186 1332/737/1187
f 1334/722/1170 1333/735/1185 1332/737/1187
f 1333/735/1185 1334/722/1170 1326/738/1188
f 1334/722/1170 1327/725/1173 1326/738/1188
f 1326/738/1188 1327/725/1173 1335/727/1176
f 1335/727/1176 1330/739/1189 1326/738/1188
f 1328/729/1178 1330/739/1189 1335/727/1176
f 1328/729/1178 1329/734/1184 1330/739/1189
f 1344/740/1190 1346/741/1191 1341/736/1186
f 1344/740/1192 1341/736/1186 1345/735/1185
f 1345/735/1185 1342/742/1193 1344/740/1190
f 1342/742/1193 1345/735/1185 1338/743/1194
f 1345/735/1185 1336/738/1188 1338/743/1194
f 1340/739/1189 1338/743/1194 1336/738/1188
f 1340/739/1189 1343/744/1195 1338/743/1194
f 1339/734/1184 1343/744/1195 1340/739/1189
f 1337/697/1144 1343/744/1195 1339/734/1184
f 1347/686/1133 1348/685/1132 1351/703/1150
f 1350/702/1149 1347/686/1196 1351/703/1150
f 1350/702/1197 1349/687/1134 1347/686/1133
f 1357/745/1198 1355/746/1199 1356/747/1200
f 1353/748/1201 1355/746/1199 1357/745/1198
f 1355/746/1199 1353/748/1201 1354/749/1202
f 1352/750/1203 1355/746/1199 1354/749/1202
f 1366/745/1198 1365/751/1204 1364/752/1205
f 1360/748/1201 1366/745/1198 1364/752/1205
f 1361/749/1202 1360/748/1201 1364/752/1205
f 1359/753/1206 1361/749/1202 1364/752/1205
f 1361/749/1202 1359/753/1206 1363/754/1207
f 1361/749/1202 1363/754/1207 1358/750/1203
f 1363/754/1207 1362/755/1208 1358/750/1203
f 1367/756/1209 1362/755/1208 1363/754/1207
f 1374/757/1210 1370/758/1211 1376/751/1204
f 1370/758/1211 1375/752/1205 1376/751/1204
f 1369/753/1206 1375/752/1205 1370/758/1211
f 1368/759/1212 1369/753/1206 1370/758/1211
f 1369/753/1206 1368/759/1212 1372/760/1213
f 1369/753/1206 1372/760/1213 1371/754/1207
f 1373/761/1214 1371/754/1207 1372/760/1213
f 1373/761/1214 1377/756/1209 1371/754/1207
f 1385/757/1210 1386/691/1138 1387/693/1140
f 1380/758/1211 1385/757/1210 1387/693/1140
f 1379/759/1212 1380/758/1211 1387/693/1140
f 1378/695/1142 1379/759/1212 1387/693/1140
f 1379/759/1212 1378/695/1142 1381/698/1145
f 1379/759/1212 1381/698/1145 1383/760/1213
f 1382/700/1147 1383/760/1213 1381/698/1145
f 1382/700/1147 1384/761/1214 1383/760/1213
f 1394/690/1137 1396/692/1139 1397/741/1191
f 1393/740/1190 1394/690/1137 1397/741/1191
f 1395/694/1141 1394/690/1137 1393/740/1190
f 1391/742/1193 1395/694/1141 1393/740/1190
f 1389/696/1143 1395/694/1141 1391/742/1193
f 1390/743/1194 1389/696/1143 1391/742/1193
f 1392/744/1195 1389/696/1143 1390/743/1215
f 1389/696/1143 1392/744/1195 1388/697/1144
f 1399/581/1009 1400/569/992 1398/570/1216
f 1399/581/1217 1398/570/995 1401/762/1218
f 1404/587/1015 1402/593/1022 1403/586/1014
f 1408/579/1004 1406/581/1219 1405/763/1220
f 1406/581/1219 1407/762/1218 1405/763/1221
f 1409/576/1222 1412/587/1223 1410/577/1002
f 1412/587/1015 1409/576/1222 1411/764/1224
f 1413/547/1225 1414/570/1226 1415/545/965
f 1419/707/1154 1417/718/1165 1418/765/1227
f 1421/766/1228 1419/707/1154 1418/765/1227
f 1419/707/1154 1421/766/1228 1416/767/1229
f 1421/766/1228 1420/768/1230 1416/767/1229
f 1425/707/1154 1422/767/1229 1426/704/1151
f 1422/767/1229 1424/769/1231 1426/704/1151
f 1422/767/1229 1427/768/1230 1424/769/1231
f 1427/768/1230 1423/770/1232 1424/769/1231
f 1427/768/1230 1428/771/1233 1423/770/1232
f 1433/772/1234 1432/765/1227 1430/773/1235
f 1433/772/1234 1431/774/1236 1432/765/1227
f 1437/775/1237 1432/765/1227 1431/774/1236
f 1435/766/1228 1432/765/1227 1437/775/1237
f 1435/766/1228 1437/775/1237 1436/776/1238
f 1435/766/1228 1436/776/1238 1429/777/1239
f 1429/777/1239 1434/768/1230 1435/766/1228
f 1438/778/1240 1431/774/1236 1433/772/1241
f 1431/774/1236 1438/778/1240 1437/775/1237
f 1440/768/1230 1439/779/1242 1441/771/1243
f 1447/780/1244 1453/781/1245 1456/782/1246
f 1445/783/1247 1453/781/1245 1447/780/1244
f 1450/784/1248 1453/781/1245 1445/783/1247
f 1454/785/1249 1453/781/1245 1450/784/1248
f 1452/786/1250 1447/780/1244 1446/787/1251
f 1452/786/1252 1448/788/1253 1447/780/1244
f 1448/788/1253 1444/789/1254 1447/780/1244
f 1445/783/1247 1447/780/1244 1444/789/1254
f 1443/790/1255 1445/783/1247 1444/789/1254
f 1445/783/1247 1443/790/1255 1442/791/1256
f 1455/792/1257 1445/783/1247 1442/791/1256
f 1450/784/1248 1445/783/1247 1455/792/1257
f 1449/793/1258 1450/784/1248 1455/792/1257
f 1450/784/1248 1449/793/1258 1451/794/1259
f 1454/785/1249 1450/784/1248 1451/794/1259
f 1457/795/1260 1459/796/1261 1458/797/1262
f 1467/798/1263 1461/712/1159 1466/704/1151
f 1467/798/1263 1466/704/1151 1465/769/1231
f 1467/798/1263 1465/769/1231 1460/799/1264
f 1465/769/1231 1464/770/1232 1460/799/1264
f 1464/770/1232 1463/800/1265 1460/799/1264
f 1464/770/1232 1468/771/1243 1463/800/1265
f 1468/771/1243 1462/801/1266 1463/800/1265
f 1472/785/1249 1470/802/1267 1471/781/1245
f 1470/802/1267 1472/785/1249 1469/803/1268
f 1476/796/1261 1473/795/1260 1475/687/1134
f 1473/795/1260 1474/688/1135 1475/687/1134
f 1480/804/1269 1479/710/1157 1478/712/1159
f 1487/798/1263 1480/804/1269 1478/712/1159
f 1480/804/1269 1487/798/1263 1477/799/1264
f 1481/805/1270 1480/804/1269 1477/799/1264
f 1486/806/1271 1481/805/1270 1477/799/1264
f 1484/800/1265 1486/806/1271 1477/799/1264
f 1485/807/1272 1486/806/1271 1484/800/1265
f 1483/801/1266 1485/807/1272 1484/800/1265
f 1485/807/1272 1483/801/1266 1482/808/1273
f 1485/807/1272 1482/808/1273 1488/809/1274
f 1489/810/1275 1490/803/1268 1493/785/1249
f 1491/794/1259 1489/810/1275 1493/785/1249
f 1491/794/1259 1492/811/1276 1489/810/1275
f 1500/688/1135 1498/795/1260 1494/689/1136
f 1498/795/1260 1497/812/1277 1494/689/1136
f 1497/812/1278 1499/813/1279 1494/689/1136
f 1499/813/1279 1495/720/1168 1494/689/1136
f 1499/813/1279 1496/773/1235 1495/720/1168
f 1503/814/1280 1501/772/1234 1502/815/1281
f 1508/792/1257 1505/791/1256 1507/816/1282
f 1504/817/1283 1508/792/1257 1507/816/1282
f 1504/817/1283 1506/793/1258 1508/792/1257
f 1514/816/1282 1515/818/1284 1516/819/1285
f 1516/819/1285 1510/817/1283 1514/816/1282
f 1511/820/1286 1510/817/1283 1516/819/1285
f 1509/821/1287 1510/817/1283 1511/820/1286
f 1509/821/1287 1513/822/1288 1510/817/1283
f 1513/822/1288 1512/793/1258 1510/817/1283
f 1517/776/1238 1518/775/1237 1519/823/1289
f 1523/773/1235 1520/717/1164 1522/720/1168
f 1520/717/1164 1523/773/1235 1521/718/1165
f 1523/773/1235 1524/765/1227 1521/718/1165
f 1528/794/1259 1526/793/1258 1527/824/1290
f 1529/809/1274 1527/824/1290 1526/793/1258
f 1525/825/1291 1527/824/1290 1529/809/1274
f 1531/794/1259 1530/824/1290 1532/811/1276
f 1546/826/1292 1538/827/1293 1545/819/1285
f 1538/827/1293 1537/820/1286 1545/819/1285
f 1535/710/1157 1537/820/1286 1538/827/1293
f 1536/804/1269 1537/820/1286 1535/710/1157
f 1534/821/1287 1537/820/1286 1536/804/1269
f 1539/805/1270 1534/821/1287 1536/804/1269
f 1543/822/1288 1534/821/1287 1539/805/1270
f 1541/806/1271 1543/822/1288 1539/805/1270
f 1543/822/1288 1541/806/1271 1540/807/1272
f 1544/809/1274 1543/822/1288 1540/807/1294
f 1543/822/1288 1544/809/1274 1542/793/1258
f 1538/827/1293 1533/708/1155 1535/710/1157
f 1548/815/1281 1549/828/1295 1547/829/1296
f 1558/797/1262 1557/830/1297 1556/831/1298
f 1559/832/1299 1558/797/1262 1556/831/1298
f 1551/795/1260 1558/797/1262 1559/832/1299
f 1551/795/1260 1559/832/1299 1554/833/1300
f 1554/833/1300 1550/812/1278 1551/795/1260
f 1554/833/1300 1555/834/1301 1550/812/1277
f 1553/835/1302 1550/812/1277 1555/834/1301
f 1553/835/1302 1552/813/1279 1550/812/1277
f 1561/835/1302 1562/834/1301 1560/836/1303
f 1566/835/1302 1567/815/1281 1564/813/1279
f 1564/813/1279 1567/815/1281 1565/772/1234
f 1564/813/1279 1565/772/1304 1563/773/1235
f 1568/837/1305 1570/838/1306 1575/839/1307
f 1572/840/1308 1570/838/1306 1568/837/1305
f 1569/841/1309 1572/840/1308 1568/837/1305
f 1572/840/1308 1569/841/1309 1571/842/1310
f 1573/843/1311 1572/840/1308 1571/842/1310
f 1574/844/1312 1572/840/1308 1573/843/1311
f 1577/845/1313 1576/846/1314 1578/847/1315
f 1584/845/1313 1585/847/1315 1579/848/1316
f 1580/849/1317 1584/845/1313 1579/848/1316
f 1581/850/1318 1584/845/1313 1580/849/1317
f 1584/845/1313 1581/850/1318 1583/851/1319
f 1583/851/1320 1581/850/1318 1582/852/1321
f 1586/853/1322 1589/854/1323 1588/855/1324
f 1586/853/1322 1588/855/1324 1587/856/1325
f 1598/857/1326 1602/858/1327 1590/859/1328
f 1602/858/1327 1591/860/1329 1590/859/1330
f 1590/859/1328 1591/860/1329 1592/861/1331
f 1593/862/1332 1590/859/1328 1592/861/1331
f 1592/861/1331 1604/863/1333 1593/862/1332
f 1604/863/1333 1603/864/1334 1593/862/1332
f 1603/864/1334 1604/863/1333 1600/865/1335
f 1599/866/1336 1603/864/1334 1600/865/1335
f 1591/860/1329 1602/858/1327 1596/867/1337
f 1597/868/1338 1591/860/1329 1596/867/1337
f 1591/860/1329 1597/868/1339 1592/861/1331
f 1597/868/1339 1595/869/1340 1592/861/1331
f 1595/869/1340 1594/870/1341 1592/861/1331
f 1594/870/1341 1604/863/1333 1592/861/1331
f 1594/870/1341 1607/871/1342 1604/863/1333
f 1607/871/1342 1600/865/1335 1604/863/1333
f 1607/871/1342 1601/872/1343 1600/865/1335
f 1601/872/1343 1606/873/1344 1600/865/1335
f 1600/865/1335 1606/873/1344 1599/866/1336
f 1606/873/1344 1605/843/1311 1599/866/1336
f 1608/870/1341 1609/869/1340 1610/874/1345
f 1611/869/1340 1612/868/1339 1613/875/1346
f 1618/876/1347 1616/857/1326 1617/877/1348
f 1616/857/1326 1614/859/1328 1617/877/1348
f 1617/877/1348 1614/859/1328 1615/862/1332
f 1621/873/1344 1622/844/1312 1620/843/1311
f 1623/878/1349 1622/844/1312 1621/873/1344
f 1619/872/1343 1623/878/1349 1621/873/1344
f 1624/879/1350 1626/877/1348 1625/862/1332
f 1624/879/1350 1625/862/1332 1627/864/1334
f 1632/849/1317 1631/848/1316 1630/880/1351
f 1633/881/1352 1632/849/1317 1630/880/1353
f 1632/849/1317 1633/881/1352 1640/882/1354
f 1640/882/1354 1636/850/1318 1632/849/1317
f 1636/850/1318 1640/882/1354 1628/883/1355
f 1636/850/1318 1628/883/1355 1638/884/1356
f 1636/850/1318 1638/884/1356 1637/852/1321
f 1630/880/1353 1629/885/1357 1633/881/1352
f 1629/885/1357 1642/839/1307 1633/881/1352
f 1634/838/1358 1633/881/1352 1642/839/1307
f 1633/881/1352 1634/838/1306 1640/882/1354
f 1634/838/1358 1635/840/1308 1640/882/1354
f 1635/840/1308 1639/844/1312 1640/882/1354
f 1640/882/1354 1639/844/1312 1628/883/1355
f 1628/883/1355 1639/844/1312 1641/878/1349
f 1628/883/1355 1641/878/1349 1638/884/1356
f 1646/886/1359 1643/879/1350 1645/864/1334
f 1646/886/1359 1645/864/1334 1644/866/1336
f 1648/887/1360 1651/886/1359 1647/866/1336
f 1647/866/1336 1650/843/1311 1648/887/1360
f 1650/843/1311 1649/842/1310 1648/887/1360
f 1656/888/1361 1653/889/1362 1658/890/1363
f 1652/891/1364 1656/888/1361 1658/890/1363
f 1657/892/1365 1656/888/1361 1652/891/1364
f 1654/802/1267 1656/888/1361 1657/892/1365
f 1655/781/1245 1654/802/1267 1657/892/1365
f 1661/828/1295 1659/829/1366 1660/829/1367
f 1663/893/1368 1662/894/1369 1664/895/1370
f 1664/895/1370 1665/896/1371 1663/893/1368
f 1669/897/1372 1668/898/1373 1666/899/1374
f 1669/897/1372 1666/899/1374 1667/893/1368
f 1670/900/1375 1672/898/1373 1671/901/1376
f 1688/902/1377 1689/903/1378 1687/831/1298
f 1688/902/1377 1692/904/1379 1689/903/1378
f 1692/904/1379 1674/905/1380 1689/903/1378
f 1678/906/1381 1689/903/1378 1674/905/1380
f 1684/907/1382 1678/906/1381 1674/905/1380
f 1684/907/1382 1677/908/1383 1678/906/1381
f 1677/908/1383 1679/909/1384 1678/906/1381
f 1679/909/1384 1677/908/1383 1675/910/1385
f 1681/836/1386 1679/909/1384 1675/910/1385
f 1691/828/1295 1681/836/1386 1675/910/1385
f 1681/836/1386 1691/828/1295 1690/815/1281
f 1692/904/1379 1673/911/1387 1674/905/1380
f 1673/911/1387 1676/901/1376 1674/905/1380
f 1684/907/1382 1674/905/1380 1676/901/1376
f 1683/898/1373 1684/907/1382 1676/901/1376
f 1683/898/1373 1685/897/1372 1684/907/1382
f 1685/897/1372 1677/908/1383 1684/907/1382
f 1677/908/1383 1685/897/1372 1680/893/1368
f 1675/910/1385 1677/908/1383 1680/893/1368
f 1686/896/1371 1675/910/1385 1680/893/1368
f 1686/896/1371 1691/828/1295 1675/910/1385
f 1682/912/1388 1676/901/1376 1673/911/1387
f 1699/903/1378 1700/832/1299 1698/831/1298
f 1696/833/1300 1700/832/1299 1699/903/1378
f 1693/906/1381 1696/833/1300 1699/903/1378
f 1696/833/1300 1693/906/1381 1697/834/1301
f 1693/906/1381 1694/909/1384 1697/834/1301
f 1697/834/1301 1694/909/1384 1695/836/1386
f 1702/835/1302 1701/836/1303 1703/815/1281
f 1706/913/1389 1704/787/1251 1707/782/1246
f 1705/780/1244 1707/782/1246 1704/787/1251
f 1712/914/1387 1708/915/1390 1709/916/1391
f 1712/914/1387 1710/913/1389 1708/915/1390
f 1708/915/1390 1710/913/1389 1711/782/1246
f 1714/917/1392 1715/918/1393 1713/915/1390
f 1716/891/1364 1719/919/1394 1718/917/1392
f 1718/917/1392 1722/892/1365 1716/891/1364
f 1718/917/1392 1717/915/1390 1722/892/1365
f 1717/915/1390 1721/782/1246 1722/892/1395
f 1720/781/1245 1722/892/1365 1721/782/1246
f 1723/920/1370 1724/891/1364 1725/890/1363
f 1723/920/1370 1726/921/1396 1724/891/1364
f 1730/919/1394 1732/921/1396 1728/922/1397
f 1731/923/1398 1730/919/1394 1728/922/1397
f 1729/918/1393 1730/919/1394 1731/923/1398
f 1730/919/1394 1729/918/1393 1727/917/1392
f 1734/918/1393 1735/916/1391 1733/915/1390
f 1749/923/1398 1742/922/1397 1738/924/1399
f 1747/925/1400 1749/923/1398 1738/924/1399
f 1739/926/1401 1749/923/1398 1747/925/1400
f 1739/926/1401 1744/918/1393 1749/923/1398
f 1744/918/1393 1739/926/1401 1746/916/1391
f 1739/926/1401 1743/927/1402 1746/916/1391
f 1743/927/1402 1748/928/1403 1746/916/1391
f 1748/928/1403 1745/929/1404 1746/916/1391
f 1745/929/1404 1750/914/1387 1746/916/1391
f 1747/925/1400 1738/924/1399 1751/930/1405
f 1747/925/1400 1751/930/1405 1753/931/1406
f 1740/932/1407 1747/925/1400 1753/931/1406
f 1747/925/1400 1740/932/1407 1739/926/1401
f 1739/926/1401 1740/932/1407 1743/927/1402
f 1743/927/1402 1740/932/1407 1741/933/1408
f 1748/928/1403 1743/927/1402 1741/933/1408
f 1738/924/1399 1736/934/1409 1751/930/1410
f 1741/933/1408 1740/932/1407 1752/935/1411
f 1740/932/1407 1753/931/1412 1752/935/1411
f 1737/936/1413 1752/935/1411 1753/931/1412
f 1751/930/1405 1737/936/1414 1753/931/1412
f 1756/912/1388 1754/900/1375 1755/901/1376
f 1759/898/1373 1758/900/1375 1757/899/1374
f 1761/899/1374 1760/894/1369 1762/893/1368
f 1783/937/1404 1779/912/1388 1765/911/1387
f 1776/938/1415 1779/912/1388 1783/937/1404
f 1776/938/1415 1778/939/1416 1779/912/1388
f 1775/900/1375 1779/912/1388 1778/939/1416
f 1775/900/1375 1778/939/1416 1771/940/1417
f 1773/899/1374 1775/900/1375 1771/940/1417
f 1773/899/1374 1771/940/1417 1769/894/1369
f 1771/940/1417 1770/941/1418 1769/894/1369
f 1769/894/1369 1770/941/1418 1772/942/1419
f 1769/894/1369 1772/942/1419 1780/895/1370
f 1782/943/1403 1776/938/1415 1783/937/1404
f 1781/944/1408 1776/938/1415 1782/943/1403
f 1787/945/1420 1776/938/1415 1781/944/1408
f 1787/945/1420 1764/946/1421 1776/938/1415
f 1764/946/1421 1778/939/1416 1776/938/1415
f 1778/939/1416 1764/946/1422 1784/947/1423
f 1771/940/1424 1778/939/1416 1784/947/1423
f 1770/941/1418 1771/940/1424 1784/947/1423
f 1788/948/1425 1787/945/1420 1781/944/1408
f 1768/949/1426 1787/945/1420 1788/948/1425
f 1787/945/1420 1768/949/1414 1786/950/1427
f 1786/950/1427 1766/951/1428 1787/945/1420
f 1787/945/1420 1766/951/1428 1764/946/1422
f 1766/951/1428 1784/947/1423 1764/946/1421
f 1784/947/1423 1766/951/1428 1785/952/1429
f 1785/952/1430 1770/941/1418 1784/947/1423
f 1785/952/1430 1763/953/1409 1770/941/1418
f 1763/953/1409 1774/954/1431 1770/941/1418
f 1777/955/1397 1770/941/1418 1774/954/1431
f 1772/942/1396 1770/941/1418 1777/955/1397
f 1763/953/1409 1786/950/1427 1768/949/1432
f 1763/953/1409 1766/951/1428 1786/950/1427
f 1766/951/1428 1763/953/1409 1785/952/1430
f 1763/953/1409 1768/949/1414 1767/956/1405
f 1791/921/1396 1790/919/1394 1789/891/1364
f 1792/549/969 1793/574/999 1794/550/970
f 1800/567/989 1796/957/1433 1798/564/986
f 1796/957/1433 1802/958/1434 1798/564/986
f 1798/564/986 1802/958/1434 1797/959/1435
f 1798/564/986 1797/959/1435 1799/565/987
f 1797/959/1435 1795/566/988 1799/565/987
f 1803/960/1436 1795/566/988 1797/959/1435
f 1795/566/988 1803/960/1437 1801/574/999
f 1804/588/1016 1805/596/1025 1806/589/1017
f 1813/961/1438 1814/962/1439 1815/963/1440
f 1813/961/1438 1810/964/1441 1814/962/1439
f 1811/965/1442 1810/964/1441 1813/961/1438
f 1810/964/1441 1811/965/1443 1808/966/1444
f 1809/967/1445 1810/964/1441 1808/966/1444
f 1809/967/1445 1808/966/1444 1807/879/1350
f 1812/886/1359 1809/967/1445 1807/879/1350
f 1817/968/1446 1816/969/1447 1818/970/1448
f 1825/971/1449 1826/972/1450 1829/973/1451
f 1828/970/1448 1825/971/1449 1829/973/1451
f 1827/969/1452 1825/971/1449 1828/970/1448
f 1821/974/1453 1825/971/1449 1827/969/1452
f 1824/975/1454 1821/974/1453 1827/969/1452
f 1824/975/1454 1820/976/1455 1821/974/1453
f 1822/977/1456 1820/976/1455 1824/975/1457
f 1820/976/1455 1822/977/1456 1819/877/1348
f 1822/977/1456 1823/876/1347 1819/877/1348
f 1836/978/1458 1837/961/1438 1838/963/1440
f 1837/961/1438 1836/978/1458 1841/973/1451
f 1840/972/1459 1837/961/1438 1841/973/1451
f 1840/972/1459 1835/965/1443 1837/961/1438
f 1840/972/1450 1839/971/1449 1835/965/1442
f 1839/971/1449 1834/974/1453 1835/965/1443
f 1835/965/1442 1834/974/1453 1831/966/1444
f 1834/974/1453 1833/976/1455 1831/966/1444
f 1833/976/1455 1832/877/1348 1831/966/1444
f 1832/877/1348 1830/879/1350 1831/966/1444
f 1860/979/1460 1849/980/1461 1842/885/1357
f 1849/980/1461 1860/979/1460 1850/981/1462
f 1849/980/1461 1850/981/1462 1856/982/1463
f 1845/983/1464 1849/980/1461 1856/982/1463
f 1856/982/1463 1844/984/1465 1845/983/1464
f 1844/984/1465 1847/985/1466 1845/983/1464
f 1847/985/1466 1846/841/1309 1845/983/1467
f 1846/841/1309 1843/837/1305 1845/983/1464
f 1850/981/1462 1860/979/1460 1852/986/1468
f 1868/987/1469 1850/981/1462 1852/986/1468
f 1868/987/1469 1864/988/1470 1850/981/1462
f 1864/988/1470 1856/982/1463 1850/981/1462
f 1856/982/1463 1864/988/1470 1844/984/1465
f 1864/988/1470 1863/989/1471 1844/984/1465
f 1844/984/1465 1863/989/1471 1861/990/1472
f 1861/990/1473 1854/991/1474 1844/984/1465
f 1854/991/1475 1847/985/1466 1844/984/1465
f 1854/991/1475 1855/842/1310 1847/985/1466
f 1855/842/1310 1846/841/1309 1847/985/1466
f 1867/992/1476 1868/987/1469 1852/986/1468
f 1868/987/1469 1867/992/1476 1873/993/1477
f 1866/994/1478 1868/987/1469 1873/993/1477
f 1866/994/1478 1869/995/1479 1868/987/1469
f 1869/995/1480 1864/988/1470 1868/987/1469
f 1864/988/1470 1869/995/1480 1862/996/1481
f 1863/989/1471 1864/988/1470 1862/996/1481
f 1863/989/1471 1862/996/1481 1872/997/1482
f 1865/998/1483 1863/989/1471 1872/997/1484
f 1863/989/1471 1865/998/1485 1861/990/1472
f 1861/990/1472 1865/998/1485 1848/999/1486
f 1861/990/1472 1848/999/1486 1851/1000/1487
f 1854/991/1474 1861/990/1472 1851/1000/1487
f 1851/1000/1487 1853/887/1360 1854/991/1488
f 1853/887/1360 1855/842/1310 1854/991/1474
f 1872/997/1484 1871/963/1440 1865/998/1485
f 1871/963/1440 1870/962/1439 1865/998/1485
f 1865/998/1485 1870/962/1439 1848/999/1486
f 1858/964/1441 1848/999/1486 1870/962/1439
f 1858/964/1441 1857/967/1445 1848/999/1486
f 1857/967/1489 1851/1000/1487 1848/999/1486
f 1857/967/1445 1859/886/1359 1851/1000/1487
f 1859/886/1359 1853/887/1360 1851/1000/1487
f 1877/980/1461 1878/839/1307 1874/885/1357
f 1877/980/1461 1876/983/1464 1878/839/1307
f 1876/983/1464 1875/837/1305 1878/839/1307
f 1880/1001/1490 1879/1002/1491 1881/1003/1492
f 1885/1004/1493 1884/1005/1494 1882/1006/1495
f 1883/1006/1496 1885/1004/1493 1882/1006/1495
f 1889/1005/1494 1895/814/1280 1888/815/1281
f 1895/814/1280 1889/1005/1494 1897/1007/1497
f 1889/1005/1494 1896/1004/1493 1897/1007/1497
f 1890/1008/1498 1897/1007/1497 1896/1004/1493
f 1890/1008/1498 1891/1009/1499 1897/1007/1497
f 1891/1009/1499 1894/1010/1500 1897/1007/1497
f 1892/1011/1501 1894/1010/1500 1891/1009/1499
f 1893/1001/1490 1892/1011/1501 1891/1009/1499
f 1889/1005/1494 1888/815/1281 1886/829/1296
f 1887/829/1502 1889/1005/1494 1886/829/1296
f 1902/811/1276 1900/1012/1503 1901/810/1275
f 1901/810/1275 1900/1012/1503 1899/1013/1504
f 1904/1014/1505 1899/1013/1504 1900/1012/1503
f 1903/1015/1506 1899/1013/1504 1904/1014/1505
f 1903/1015/1506 1898/1016/1507 1899/1013/1504
f 1907/811/1276 1906/1017/1508 1908/1018/1509
f 1905/1012/1503 1907/811/1276 1908/1018/1509
f 1908/1018/1509 1909/1014/1505 1905/1012/1503
f 1917/1019/1510 1913/1020/1511 1912/1021/1512
f 1915/810/1513 1914/1022/1514 1916/803/1515
f 1914/1022/1514 1915/810/1275 1910/1013/1504
f 1911/1023/1516 1914/1022/1514 1910/1013/1504
f 1919/1009/1499 1918/1008/1498 1921/1024/1517
f 1919/1009/1499 1921/1024/1517 1920/1001/1490
f 1923/1025/1511 1922/1008/1498 1924/1004/1493
f 1925/1026/1518 1922/1008/1498 1923/1025/1511
f 1932/1027/1519 1931/1028/1520 1930/803/1268
f 1927/1029/1521 1932/1027/1519 1930/803/1268
f 1932/1027/1519 1927/1029/1521 1926/1021/1512
f 1926/1021/1512 1928/1020/1511 1932/1027/1519
f 1928/1020/1522 1933/1030/1523 1932/1027/1519
f 1929/1022/1514 1927/1029/1521 1930/803/1524
f 1936/1028/1520 1935/802/1267 1934/803/1268
f 1938/1021/1512 1939/1029/1521 1937/1031/1525
f 1941/778/1240 1942/823/1289 1940/775/1237
f 1945/1032/1526 1944/776/1238 1951/823/1289
f 1945/1032/1526 1951/823/1289 1947/1011/1501
f 1953/1033/1527 1945/1032/1526 1947/1011/1501
f 1947/1011/1501 1948/1001/1490 1953/1033/1527
f 1948/1001/1490 1950/1003/1492 1953/1033/1527
f 1952/814/1280 1946/778/1240 1943/772/1304
f 1952/814/1280 1954/1007/1497 1946/778/1240
f 1954/1007/1497 1949/1010/1500 1946/778/1240
f 1946/778/1240 1949/1010/1500 1947/1011/1501
f 1951/823/1289 1946/778/1240 1947/1011/1501
f 1957/1024/1517 1955/1002/1491 1956/1001/1490
f 1972/1002/1491 1961/1034/1528 1976/1003/1492
f 1973/1035/1529 1979/1026/1518 1977/1025/1511
f 1979/1026/1518 1973/1035/1529 1970/1036/1530
f 1979/1026/1518 1970/1036/1530 1978/1037/1531
f 1974/1024/1517 1979/1026/1518 1978/1037/1531
f 1974/1024/1517 1978/1037/1531 1972/1002/1491
f 1978/1037/1531 1975/1038/1532 1972/1002/1491
f 1972/1002/1491 1975/1038/1533 1961/1034/1528
f 1961/1034/1528 1975/1038/1532 1960/1039/1534
f 1965/1040/1535 1960/1039/1534 1975/1038/1532
f 1966/1041/1536 1970/1036/1530 1973/1035/1529
f 1966/1041/1536 1964/1042/1537 1970/1036/1530
f 1964/1042/1538 1958/1043/1539 1970/1036/1530
f 1970/1036/1530 1958/1043/1539 1971/1044/1540
f 1978/1037/1531 1970/1036/1530 1971/1044/1540
f 1975/1038/1532 1978/1037/1531 1971/1044/1540
f 1959/1045/1541 1975/1038/1532 1971/1044/1540
f 1959/1045/1541 1965/1040/1535 1975/1038/1532
f 1967/1046/1542 1965/1040/1535 1959/1045/1541
f 1965/1040/1535 1967/1046/1542 1968/1047/1543
f 1965/1040/1535 1968/1047/1544 1962/1048/1545
f 1968/1047/1543 1963/1049/1546 1962/1048/1545
f 1964/1042/1537 1967/1046/1547 1958/1043/1548
f 1967/1046/1542 1971/1044/1549 1958/1043/1548
f 1971/1044/1540 1967/1046/1542 1959/1045/1550
f 1968/1047/1543 1967/1046/1542 1964/1042/1537
f 1968/1047/1543 1964/1042/1537 1969/1050/1551
f 1969/1050/1551 1963/1049/1546 1968/1047/1543
f 1985/1051/1552 1986/1022/1514 1983/1023/1516
f 1983/1023/1516 1984/1052/1553 1985/1051/1552
f 1984/1052/1553 1981/1053/1554 1985/1051/1555
f 1985/1051/1552 1981/1053/1556 1987/1054/1557
f 1987/1054/1557 1981/1053/1554 1982/1055/1558
f 1980/1031/1525 1987/1054/1559 1982/1055/1558
f 1991/1022/1514 1989/1051/1560 1990/1029/1521
f 1989/1051/1552 1992/1054/1557 1990/1029/1521
f 1990/1029/1521 1992/1054/1557 1988/1031/1525
f 1993/1008/1498 1995/1026/1518 1994/1024/1517
f 2001/1016/1507 2007/1056/1534 2005/1023/1516
f 2005/1023/1516 2007/1056/1534 2006/1052/1553
f 2003/1057/1561 2006/1052/1553 2007/1056/1534
f 1999/1053/1554 2006/1052/1553 2003/1057/1561
f 2002/1058/1562 1999/1053/1556 2003/1057/1561
f 2000/1055/1558 1999/1053/1554 2002/1058/1563
f 1996/1059/1564 2003/1057/1545 2007/1056/1534
f 2003/1057/1565 2004/1060/1566 2002/1058/1563
f 2004/1060/1566 2009/1061/1551 2002/1058/1563
f 2009/1061/1567 2000/1055/1558 2002/1058/1563
f 2009/1061/1567 1997/1062/1537 2000/1055/1558
f 1997/1062/1537 2008/1063/1536 2000/1055/1558
f 2000/1055/1558 2008/1063/1536 1998/1031/1525
f 2008/1063/1536 2010/1019/1510 1998/1031/1525
f 2011/1016/1507 2013/1023/1516 2012/1013/1504
f 2014/1031/1525 2016/1019/1510 2015/1021/1512
f 2023/776/1238 2022/1064/1568 2019/777/1239
f 2022/1064/1568 2017/1065/1569 2019/777/1239
f 2017/1065/1569 2020/1066/1570 2019/777/1239
f 2020/1066/1570 2018/779/1242 2019/777/1239
f 2019/777/1239 2018/779/1242 2021/768/1230
f 2033/824/1571 2029/825/1291 2030/1067/1572
f 2026/1068/1573 2030/1067/1572 2029/825/1291
f 2026/1068/1573 2027/1069/1574 2030/1067/1572
f 2027/1069/1574 2025/1070/1575 2030/1067/1572
f 2031/1071/1576 2029/825/1291 2034/809/1274
f 2031/1071/1576 2028/1072/1577 2029/825/1291
f 2028/1072/1577 2032/1073/1578 2029/825/1291
f 2032/1073/1578 2026/1068/1573 2029/825/1291
f 2026/1068/1573 2032/1073/1578 2024/1074/1579
f 2035/1065/1569 2044/1064/1568 2037/1075/1580
f 2037/1075/1580 2041/1076/1581 2035/1065/1569
f 2041/1076/1581 2040/1066/1570 2035/1065/1569
f 2038/1077/1582 2040/1066/1570 2041/1076/1581
f 2040/1066/1570 2038/1077/1582 2042/771/1233
f 2039/779/1242 2040/1066/1570 2042/771/1233
f 2044/1064/1568 2043/1078/1583 2037/1075/1580
f 2036/1079/1584 2037/1075/1580 2043/1078/1583
f 2049/1076/1581 2047/1075/1580 2046/1080/1585
f 2049/1076/1581 2046/1080/1585 2045/1081/1586
f 2045/1081/1586 2048/1077/1582 2049/1076/1581
f 2051/1082/1587 2048/1077/1582 2045/1081/1586
f 2050/771/1588 2048/1077/1582 2051/1082/1587
f 2052/1081/1586 2053/1083/1589 2055/1084/1590
f 2055/1084/1590 2056/1082/1587 2052/1081/1586
f 2056/1082/1587 2055/1084/1590 2054/808/1273
f 2061/1084/1590 2057/1085/1591 2059/1086/1592
f 2061/1084/1590 2059/1086/1592 2058/808/1273
f 2060/1071/1576 2058/808/1273 2059/1086/1592
f 2058/808/1273 2060/1071/1576 2062/809/1274
f 2064/801/1266 2065/771/1588 2066/1082/1587
f 2064/801/1266 2066/1082/1587 2063/808/1273
f 2070/1087/1593 2068/1069/1574 2067/1068/1573
f 2072/1088/1594 2071/1073/1578 2069/1072/1577
f 2077/811/1276 2075/824/1290 2074/1067/1572
f 2074/1067/1572 2073/1070/1575 2077/811/1276
f 2073/1070/1575 2076/1017/1508 2077/811/1595
f 2081/1089/1596 2079/1072/1577 2078/1086/1592
f 2079/1072/1577 2080/1071/1576 2078/1086/1592
f 2084/1075/1580 2083/1079/1584 2082/1080/1585
f 2091/1090/1593 2087/1079/1584 2092/1078/1583
f 2087/1079/1584 2091/1090/1593 2090/1091/1597
f 2087/1079/1584 2090/1091/1597 2088/1092/1598
f 2086/1080/1585 2087/1079/1584 2088/1092/1598
f 2086/1080/1585 2088/1092/1598 2089/1083/1589
f 2086/1080/1585 2089/1083/1589 2085/1081/1586
f 2102/1093/1599 2098/1094/1600 2097/1095/1601
f 2098/1094/1602 2099/1096/1603 2097/1095/1601
f 2099/1096/1603 2098/1094/1602 2100/1097/1604
f 2100/1097/1604 2095/1098/1605 2099/1096/1603
f 2100/1097/1604 2096/1099/1606 2095/1098/1605
f 2096/1099/1606 2093/1100/1607 2095/1098/1605
f 2094/1085/1591 2095/1098/1605 2093/1100/1607
f 2094/1085/1591 2093/1100/1607 2103/1089/1596
f 2094/1085/1608 2103/1089/1596 2101/1086/1592
f 2104/1074/1579 2106/1087/1593 2105/1068/1573
f 2112/1101/1609 2110/1094/1602 2114/1093/1599
f 2109/1099/1606 2110/1094/1602 2112/1101/1609
f 2110/1094/1610 2109/1099/1606 2113/1097/1604
f 2112/1101/1611 2114/1093/1599 2111/1102/1612
f 2111/1102/1612 2108/1103/1613 2112/1101/1614
f 2112/1101/1609 2108/1103/1615 2115/1104/1616
f 2109/1099/1606 2112/1101/1609 2115/1104/1616
f 2109/1099/1606 2115/1104/1616 2116/1105/1617
f 2107/1100/1607 2109/1099/1606 2116/1105/1617
f 2117/1089/1618 2107/1100/1607 2116/1105/1617
f 2119/1106/1619 2122/1091/1597 2124/1090/1593
f 2128/1107/1620 2122/1091/1597 2119/1106/1619
f 2128/1107/1620 2127/1093/1599 2122/1091/1597
f 2127/1093/1599 2125/1095/1601 2122/1091/1597
f 2122/1091/1621 2125/1095/1601 2120/1092/1598
f 2125/1095/1601 2126/1096/1603 2120/1092/1598
f 2123/1098/1605 2120/1092/1598 2126/1096/1603
f 2120/1092/1598 2123/1098/1605 2121/1083/1589
f 2121/1083/1589 2123/1098/1605 2118/1085/1591
f 2121/1083/1589 2118/1085/1591 2129/1084/1590
f 2137/1073/1578 2139/1088/1594 2130/1074/1579
f 2130/1074/1579 2139/1088/1594 2146/1108/1622
f 2146/1108/1622 2138/1109/1623 2130/1074/1579
f 2138/1109/1623 2144/1110/1624 2130/1074/1579
f 2144/1110/1625 2134/1087/1593 2130/1074/1579
f 2136/1111/1626 2139/1088/1594 2132/1072/1577
f 2136/1111/1626 2145/1112/1627 2139/1088/1594
f 2139/1088/1594 2145/1112/1628 2146/1108/1622
f 2146/1108/1622 2145/1112/1627 2140/1113/1612
f 2140/1113/1612 2143/1114/1629 2146/1108/1622
f 2143/1114/1629 2138/1109/1623 2146/1108/1622
f 2136/1111/1626 2132/1072/1577 2142/1089/1596
f 2142/1089/1596 2133/1115/1630 2136/1111/1626
f 2133/1115/1630 2145/1112/1631 2136/1111/1626
f 2145/1112/1628 2133/1115/1630 2141/1116/1616
f 2135/1117/1632 2145/1112/1628 2141/1116/1616
f 2145/1112/1627 2135/1117/1632 2140/1113/1612
f 2131/1118/1633 2140/1113/1634 2135/1117/1632
f 2141/1116/1635 2131/1118/1633 2135/1117/1632
f 2147/1119/1636 2148/1120/1637 2149/1121/1638
f 2150/736/1639 2153/1122/1640 2152/1123/1641
f 2151/737/1187 2150/736/1186 2152/1123/1642
f 2157/1124/1643 2156/1120/1637 2154/622/1052
f 2155/621/1051 2157/1124/1644 2154/622/1052
f 2159/1125/1645 2160/613/1042 2158/614/1043
f 2161/608/1037 2163/1126/1646 2164/607/1036
f 2163/1126/1646 2162/1127/1647 2164/607/1036
f 2162/1127/1647 2163/1126/1646 2165/1128/1648
f 2165/1128/1648 2167/1129/1649 2162/1127/1647
f 2167/1129/1649 2165/1128/1648 2166/1130/1650
f 2167/1129/1649 2166/1130/1650 2168/1131/1651
f 2169/1132/1652 2171/1133/1653 2172/747/1200
f 2171/1133/1653 2170/1134/1654 2172/747/1200
f 2173/745/1198 2172/747/1200 2170/1134/1654
f 2174/608/1037 2177/618/1047 2175/619/1049
f 2175/619/1049 2179/1135/1655 2174/608/1037
f 2179/1135/1655 2180/1126/1646 2174/608/1037
f 2180/1126/1646 2179/1135/1655 2178/1136/1656
f 2176/1137/1657 2180/1126/1658 2178/1136/1656
f 2180/1126/1646 2176/1137/1657 2181/1128/1648
f 2187/1138/1659 2183/632/1063 2182/631/1061
f 2186/1139/1660 2183/632/1063 2187/1138/1659
f 2187/1138/1659 2185/1140/1661 2186/1139/1660
f 2185/1140/1661 2188/1141/1662 2186/1139/1660
f 2188/1141/1662 2184/1142/1663 2186/1139/1660
f 2190/1143/1664 2191/692/1139 2189/1144/1665
f 2192/741/1191 2191/692/1139 2190/1143/1664
f 2196/1145/1666 2193/1146/1667 2195/1147/1668
f 2196/1145/1666 2195/1147/1668 2194/757/1210
f 2197/751/1204 2196/1145/1669 2194/757/1210
f 2198/1146/1667 2199/1148/1670 2201/1147/1668
f 2202/1149/1671 2201/1147/1668 2199/1148/1670
f 2201/1147/1668 2202/1149/1672 2203/691/1138
f 2200/757/1210 2201/1147/1668 2203/691/1138
f 2204/619/1673 2206/617/1046 2205/632/1063
f 2205/632/1063 2210/1139/1660 2204/619/1049
f 2210/1139/1660 2209/1135/1655 2204/619/1049
f 2209/1135/1655 2210/1139/1660 2207/1142/1663
f 2208/1136/1656 2209/1135/1655 2207/1142/1663
f 2215/607/1036 2214/1127/1647 2211/625/1055
f 2214/1127/1647 2212/1150/1674 2211/625/1675
f 2216/1129/1649 2212/1150/1674 2214/1127/1647
f 2212/1150/1674 2216/1129/1649 2213/1151/1676
f 2216/1129/1649 2217/1131/1651 2213/1151/1676
f 2220/1152/1677 2222/741/1191 2221/1143/1664
f 2222/741/1191 2220/1152/1677 2219/1122/1640
f 2218/736/1186 2222/741/1191 2219/1122/1640
f 2223/1144/1665 2225/1149/1671 2224/1148/1670
f 2227/692/1139 2225/1149/1671 2223/1144/1665
f 2226/691/1138 2225/1149/1671 2227/692/1139
f 2234/1153/1678 2229/1154/1679 2232/1155/1680
f 2234/1153/1678 2240/1156/1681 2229/1154/1682
f 2240/1156/1681 2239/1157/1683 2229/1154/1682
f 2232/1155/1680 2243/1158/1684 2238/1159/1685
f 2248/1160/1686 2238/1159/1685 2243/1158/1684
f 2242/1130/1650 2248/1160/1687 2243/1158/1684
f 2241/1161/1688 2248/1160/1689 2242/1130/1650
f 2237/1162/1690 2241/1161/1688 2242/1130/1650
f 2241/1161/1688 2237/1162/1690 2228/1137/1657
f 2244/1163/1691 2241/1161/1688 2228/1137/1657
f 2235/1164/1692 2244/1163/1691 2228/1137/1657
f 2242/1130/1650 2243/1158/1684 2247/1131/1651
f 2231/1136/1656 2235/1164/1692 2228/1137/1657
f 2236/1165/1693 2235/1164/1694 2231/1136/1656
f 2230/1142/1663 2236/1165/1693 2231/1136/1656
f 2236/1165/1693 2230/1142/1663 2246/1141/1662
f 2245/1166/1695 2236/1165/1693 2246/1141/1696
f 2228/1137/1657 2237/1162/1690 2233/1128/1648
f 2233/1128/1648 2237/1162/1690 2242/1130/1650
f 2254/1131/1651 2250/1167/1697 2252/1168/1698
f 2250/1167/1697 2254/1131/1651 2253/1158/1699
f 2251/1155/1680 2250/1167/1700 2253/1158/1684
f 2249/1154/1679 2250/1167/1697 2251/1155/1680
f 2257/1169/1701 2258/1168/1698 2256/1167/1697
f 2255/1154/1679 2257/1169/1701 2256/1167/1697
f 2261/1170/1702 2260/1171/1703 2259/1172/1704
f 2262/737/1705 2265/1123/1642 2264/1173/1706
f 2263/723/1171 2262/737/1187 2264/1173/1706
f 2266/722/1170 2262/737/1705 2263/723/1707
f 2269/1171/1703 2271/1170/1702 2267/1174/1708
f 2268/1175/1709 2269/1171/1703 2267/1174/1710
f 2272/1119/1636 2269/1171/1703 2268/1175/1709
f 2270/1176/1711 2269/1171/1703 2272/1119/1636
f 2276/1133/1653 2273/1146/1667 2275/1134/1654
f 2273/1146/1667 2274/1145/1669 2275/1134/1654
f 2275/1134/1654 2274/1145/1669 2277/751/1204
f 2278/745/1198 2275/1134/1654 2277/751/1204
f 2286/1177/1712 2288/1178/1713 2289/1179/1714
f 2286/1177/1712 2281/1180/1715 2288/1178/1713
f 2281/1180/1715 2284/1181/1716 2288/1178/1713
f 2281/1180/1715 2283/1182/1717 2284/1181/1716
f 2283/1182/1717 2285/1183/1718 2284/1181/1716
f 2285/1183/1718 2283/1182/1717 2282/1184/1719
f 2285/1183/1718 2282/1184/1719 2287/797/1262
f 2279/1185/1720 2286/1177/1712 2289/1179/1714
f 2280/1186/1721 2286/1177/1712 2279/1185/1720
f 2290/1187/1722 2291/1180/1715 2293/1177/1712
f 2291/1180/1715 2290/1187/1722 2292/1182/1717
f 2296/1188/1723 2295/1189/1724 2294/1190/1725
f 2299/1191/1726 2297/1192/1727 2298/1190/1725
f 2303/1193/1728 2301/703/1150 2300/714/1161
f 2303/1193/1728 2302/701/1148 2301/703/1150
f 2306/789/1254 2307/788/1253 2308/1194/1729
f 2306/789/1254 2308/1194/1729 2305/790/1255
f 2308/1194/1729 2312/1195/1730 2305/790/1255
f 2305/790/1255 2312/1195/1730 2310/1196/1731
f 2304/791/1256 2305/790/1255 2310/1196/1731
f 2304/791/1256 2310/1196/1731 2311/818/1284
f 2304/791/1256 2311/818/1284 2309/816/1282
f 2314/702/1149 2315/1197/1732 2313/687/1134
f 2315/1197/1732 2316/796/1261 2313/687/1134
f 2321/788/1253 2318/1198/1733 2323/1194/1729
f 2323/1194/1729 2318/1198/1733 2329/1199/1734
f 2323/1194/1729 2329/1199/1734 2327/1195/1730
f 2329/1199/1734 2328/1191/1726 2327/1195/1730
f 2327/1195/1730 2328/1191/1726 2325/1196/1731
f 2328/1191/1726 2320/1190/1725 2325/1196/1731
f 2320/1190/1725 2322/1189/1724 2325/1196/1731
f 2322/1189/1724 2317/1200/1735 2325/1196/1731
f 2325/1196/1731 2317/1200/1735 2326/818/1284
f 2318/1198/1733 2319/1201/1736 2329/1199/1734
f 2329/1199/1734 2319/1201/1736 2324/1202/1737
f 2331/1191/1726 2332/1199/1734 2330/1203/1738
f 2335/1204/1739 2333/1200/1735 2334/1205/1720
f 2333/1200/1735 2335/1204/1739 2337/1206/1740
f 2336/818/1284 2333/1200/1735 2337/1206/1740
f 2336/818/1284 2337/1206/1740 2338/819/1285
f 2342/1207/1741 2340/1205/1720 2341/1189/1724
f 2339/1200/1735 2341/1189/1724 2340/1205/1720
f 2345/797/1262 2343/1184/1719 2344/830/1297
f 2347/819/1285 2346/1206/1740 2348/826/1292
f 2349/702/1149 2351/701/1148 2352/1208/1742
f 2350/1197/1732 2349/702/1149 2352/1208/1742
f 2359/1208/1742 2358/701/1148 2360/1193/1728
f 2363/1209/1743 2359/1208/1742 2360/1193/1728
f 2359/1208/1742 2363/1209/1744 2362/1179/1714
f 2361/1178/1713 2359/1208/1742 2362/1179/1714
f 2356/1197/1732 2359/1208/1742 2361/1178/1713
f 2353/1181/1716 2356/1197/1732 2361/1178/1713
f 2353/1181/1716 2354/1183/1718 2356/1197/1732
f 2354/1183/1718 2357/796/1261 2356/1197/1732
f 2357/796/1261 2354/1183/1718 2355/797/1262
f 2367/1210/1737 2366/1211/1736 2365/1182/1717
f 2365/1182/1717 2366/1211/1736 2364/1184/1719
f 2369/1186/1721 2368/1187/1722 2370/1177/1712
f 2371/1187/1722 2373/1212/1745 2372/1182/1717
f 2373/1212/1745 2374/1210/1737 2372/1182/1717
f 2377/1188/1723 2376/1207/1741 2375/1189/1724
f 2397/1203/1738 2396/1202/1737 2399/1213/1746
f 2400/1214/1747 2397/1203/1738 2399/1213/1748
f 2381/1192/1727 2397/1203/1738 2400/1214/1747
f 2378/1215/1749 2381/1192/1727 2400/1214/1747
f 2381/1192/1727 2378/1215/1750 2380/1216/1751
f 2378/1215/1749 2379/1217/1752 2380/1216/1751
f 2379/1217/1752 2398/1218/1753 2380/1216/1751
f 2398/1218/1753 2401/1188/1723 2380/1216/1751
f 2398/1218/1753 2382/1219/1754 2401/1188/1723
f 2382/1219/1754 2395/1207/1741 2401/1188/1723
f 2400/1214/1747 2399/1213/1746 2393/1220/1755
f 2383/1221/1756 2400/1214/1747 2393/1220/1755
f 2378/1215/1749 2400/1214/1747 2383/1221/1756
f 2387/1222/1757 2378/1215/1749 2383/1221/1756
f 2378/1215/1749 2387/1222/1757 2379/1217/1752
f 2387/1222/1757 2389/1223/1758 2379/1217/1752
f 2389/1223/1759 2388/1224/1760 2379/1217/1752
f 2388/1224/1760 2398/1218/1753 2379/1217/1752
f 2388/1224/1760 2385/1225/1761 2398/1218/1753
f 2385/1225/1761 2382/1219/1754 2398/1218/1753
f 2383/1221/1756 2393/1220/1755 2394/1226/1762
f 2384/1227/1763 2383/1221/1756 2394/1226/1762
f 2384/1227/1763 2387/1222/1757 2383/1221/1756
f 2391/1228/1764 2387/1222/1757 2384/1227/1763
f 2389/1223/1759 2387/1222/1757 2391/1228/1764
f 2391/1228/1765 2386/1229/1766 2389/1223/1759
f 2386/1229/1766 2388/1224/1760 2389/1223/1759
f 2386/1229/1766 2390/1230/1767 2388/1224/1760
f 2390/1230/1767 2385/1225/1768 2388/1224/1760
f 2391/1228/1764 2384/1227/1769 2392/1231/1770
f 2391/1228/1771 2392/1231/1772 2386/1229/1773
f 2403/1192/1727 2402/1216/1751 2404/1190/1725
f 2402/1216/1751 2405/1188/1723 2404/1190/1725
f 2427/1232/1774 2418/1186/1721 2409/1185/1720
f 2427/1232/1774 2428/1233/1775 2418/1186/1721
f 2428/1233/1775 2419/1234/1776 2418/1186/1721
f 2418/1186/1721 2419/1234/1776 2417/1187/1722
f 2419/1234/1776 2423/1235/1777 2417/1187/1722
f 2423/1235/1777 2420/1236/1778 2417/1187/1722
f 2420/1236/1778 2425/1212/1745 2417/1187/1722
f 2420/1236/1778 2429/1237/1779 2425/1212/1745
f 2429/1237/1779 2426/1210/1737 2425/1212/1745
f 2428/1233/1775 2422/1238/1780 2419/1234/1776
f 2422/1238/1780 2421/1239/1781 2419/1234/1776
f 2421/1239/1781 2408/1240/1782 2419/1234/1776
f 2408/1240/1782 2423/1235/1777 2419/1234/1776
f 2423/1235/1777 2408/1240/1782 2424/1241/1783
f 2420/1236/1778 2423/1235/1777 2424/1241/1783
f 2424/1241/1783 2416/1242/1784 2420/1236/1778
f 2416/1242/1755 2429/1237/1779 2420/1236/1778
f 2410/1243/1767 2421/1239/1781 2422/1238/1780
f 2410/1243/1767 2411/1244/1785 2421/1239/1781
f 2411/1244/1785 2413/1245/1786 2421/1239/1781
f 2413/1245/1786 2408/1240/1782 2421/1239/1781
f 2408/1240/1782 2413/1245/1786 2424/1241/1783
f 2413/1245/1786 2414/1246/1787 2424/1241/1783
f 2414/1246/1788 2415/1247/1762 2424/1241/1789
f 2415/1247/1762 2416/1242/1755 2424/1241/1783
f 2406/1248/1766 2411/1244/1785 2410/1243/1767
f 2411/1244/1785 2406/1248/1766 2412/1249/1770
f 2413/1245/1786 2411/1244/1785 2412/1249/1790
f 2413/1245/1786 2412/1249/1791 2414/1246/1788
f 2407/1250/1763 2414/1246/1788 2412/1249/1770
f 2414/1246/1788 2407/1250/1763 2415/1247/1762
f 2431/1203/1738 2432/1199/1734 2430/1202/1737
f 2435/583/1011 2434/582/1010 2433/593/1022
f 2511/573/998 2477/572/997 2512/1251/1792
f 2477/572/997 2523/1252/1793 2512/1251/1792
f 2512/1251/1792 2523/1252/1793 2506/1253/1794
f 2523/1252/1793 2518/1254/1795 2506/1253/1794
f 2506/1253/1794 2518/1254/1795 2503/1255/1796
f 2466/1256/1797 2506/1253/1794 2503/1255/1796
f 2487/1257/1798 2466/1256/1797 2503/1255/1796
f 2487/1257/1798 2446/1258/1799 2466/1256/1797
f 2446/1258/1799 2528/1259/1800 2466/1256/1797
f 2465/1260/1801 2466/1256/1797 2528/1259/1802
f 2523/1252/1793 2477/572/997 2462/1261/1803
f 2523/1252/1793 2462/1261/1803 2492/1262/1804
f 2454/1263/1805 2523/1252/1793 2492/1262/1804
f 2504/1264/1806 2523/1252/1793 2454/1263/1805
f 2524/1265/1807 2523/1252/1793 2504/1264/1806
f 2518/1254/1795 2523/1252/1793 2524/1265/1807
f 2518/1254/1795 2524/1265/1807 2519/1266/1808
f 2502/1267/1809 2518/1254/1795 2519/1266/1810
f 2518/1254/1795 2502/1267/1809 2503/1255/1796
f 2492/1262/1804 2462/1261/1803 2475/1268/1811
f 2492/1262/1804 2475/1268/1811 2470/1269/1812
f 2455/1270/1813 2492/1262/1804 2470/1269/1812
f 2492/1262/1804 2455/1270/1813 2454/1263/1805
f 2455/1270/1813 2456/1271/1814 2454/1263/1805
f 2456/1271/1814 2507/1272/1815 2454/1263/1805
f 2507/1272/1815 2504/1264/1806 2454/1263/1805
f 2462/1261/1803 2481/1273/1816 2475/1268/1811
f 2475/1268/1811 2481/1273/1816 2520/1274/1817
f 2475/1268/1811 2520/1274/1817 2470/1269/1812
f 2520/1274/1817 2531/1275/1818 2470/1269/1812
f 2470/1269/1812 2531/1275/1818 2488/1276/1819
f 2453/1277/1820 2470/1269/1812 2488/1276/1819
f 2455/1270/1813 2470/1269/1812 2453/1277/1820
f 2471/1278/1821 2455/1270/1813 2453/1277/1820
f 2455/1270/1813 2471/1278/1821 2472/1279/1822
f 2456/1271/1814 2455/1270/1813 2472/1279/1822
f 2472/1279/1822 2490/1280/1823 2456/1271/1814
f 2490/1280/1823 2507/1272/1815 2456/1271/1814
f 2453/1277/1820 2488/1276/1819 2508/1281/1824
f 2505/1282/1825 2453/1277/1820 2508/1281/1824
f 2453/1277/1820 2505/1282/1825 2464/1283/1826
f 2471/1278/1821 2453/1277/1820 2464/1283/1826
f 2471/1278/1821 2464/1283/1826 2476/1284/1827
f 2472/1279/1822 2471/1278/1821 2476/1284/1828
f 2472/1279/1822 2476/1284/1829 2509/1285/1830
f 2490/1280/1823 2472/1279/1822 2509/1285/1830
f 2505/1282/1825 2508/1281/1824 2500/1286/1831
f 2505/1282/1825 2500/1286/1831 2464/1283/1826
f 2464/1283/1826 2500/1286/1832 2476/1284/1828
f 2509/1285/1830 2476/1284/1828 2500/1286/1831
f 2502/1267/1809 2519/1266/1808 2440/1287/1833
f 2439/1288/1834 2502/1267/1809 2440/1287/1833
f 2503/1255/1835 2502/1267/1809 2439/1288/1836
f 2449/1289/1837 2503/1255/1835 2439/1288/1838
f 2449/1289/1837 2438/1290/1839 2503/1255/1796
f 2438/1290/1839 2487/1257/1798 2503/1255/1796
f 2438/1290/1840 2445/1291/1841 2487/1257/1798
f 2445/1291/1841 2446/1258/1799 2487/1257/1798
f 2439/1288/1834 2440/1287/1833 2491/1292/1842
f 2439/1288/1834 2491/1292/1842 2489/1293/1843
f 2449/1289/1837 2439/1288/1834 2489/1293/1843
f 2449/1289/1837 2489/1293/1843 2438/1290/1840
f 2489/1293/1843 2463/1294/1844 2438/1290/1839
f 2445/1291/1841 2438/1290/1839 2463/1294/1844
f 2468/1295/1845 2445/1291/1841 2463/1294/1844
f 2468/1295/1845 2463/1294/1844 2452/1296/1846
f 2440/1287/1833 2469/1297/1847 2491/1292/1842
f 2491/1292/1842 2469/1297/1847 2452/1296/1846
f 2452/1296/1846 2489/1293/1848 2491/1292/1842
f 2489/1293/1843 2452/1296/1846 2463/1294/1844
f 2465/1260/1801 2528/1259/1802 2493/1298/1849
f 2501/1299/1850 2465/1260/1801 2493/1298/1849
f 2465/1260/1801 2501/1299/1850 2486/1300/1851
f 2501/1299/1850 2529/1301/1852 2486/1300/1851
f 2486/1300/1851 2529/1301/1852 2484/1302/1853
f 2480/1303/1854 2486/1300/1851 2484/1302/1853
f 2486/1300/1851 2480/1303/1854 2479/1304/1855
f 2461/1305/1856 2486/1300/1851 2479/1304/1855
f 2501/1299/1850 2493/1298/1849 2494/1306/1857
f 2483/1307/1858 2501/1299/1850 2494/1306/1857
f 2501/1299/1850 2483/1307/1858 2529/1301/1852
f 2483/1307/1858 2482/1308/1859 2529/1301/1852
f 2484/1302/1853 2529/1301/1852 2482/1308/1859
f 2522/1309/1860 2484/1302/1853 2482/1308/1859
f 2484/1302/1853 2522/1309/1860 2539/1310/1861
f 2533/1311/1862 2484/1302/1853 2539/1310/1861
f 2480/1303/1854 2484/1302/1853 2533/1311/1863
f 2537/1312/1864 2483/1307/1858 2494/1306/1857
f 2483/1307/1858 2537/1312/1865 2482/1308/1859
f 2482/1308/1859 2537/1312/1866 2522/1309/1860
f 2522/1309/1860 2537/1312/1867 2539/1310/1861
f 2479/1304/1855 2480/1303/1854 2521/1313/1868
f 2521/1313/1868 2480/1303/1854 2538/1314/1869
f 2521/1313/1868 2538/1314/1870 2535/1315/1871
f 2521/1313/1868 2535/1315/1871 2530/1316/1872
f 2478/547/1873 2530/1316/1872 2535/1315/1871
f 2485/570/1874 2478/547/1873 2535/1315/1871
f 2485/570/995 2535/1315/1871 2510/762/1218
f 2538/1314/1870 2480/1303/1854 2533/1311/1862
f 2441/1317/1875 2538/1314/1870 2533/1311/1862
f 2535/1315/1871 2538/1314/1876 2441/1317/1875
f 2535/1315/1871 2441/1317/1875 2515/1318/1877
f 2535/1315/1871 2515/1318/1878 2510/762/1218
f 2515/1318/1878 2532/1319/1879 2510/762/1218
f 2510/762/1218 2532/1319/1879 2437/1320/1880
f 2448/1321/1881 2510/762/1218 2437/1320/1880
f 2448/1321/1881 2437/1320/1880 2517/1322/1882
f 2443/1323/1818 2517/1322/1882 2437/1320/1880
f 2527/1324/1883 2441/1317/1875 2533/1311/1862
f 2527/1324/1883 2497/1325/1884 2441/1317/1875
f 2497/1325/1884 2515/1318/1878 2441/1317/1875
f 2499/1326/1885 2527/1324/1883 2533/1311/1862
f 2499/1326/1885 2536/1327/1886 2527/1324/1883
f 2536/1327/1886 2497/1325/1884 2527/1324/1883
f 2539/1310/1861 2499/1326/1885 2533/1311/1862
f 2498/1328/1887 2499/1326/1885 2539/1310/1861
f 2498/1328/1888 2536/1327/1886 2499/1326/1885
f 2515/1318/1878 2526/1329/1799 2532/1319/1879
f 2526/1329/1799 2457/1330/1889 2532/1319/1879
f 2457/1330/1889 2516/1331/1808 2532/1319/1879
f 2516/1331/1808 2514/1332/1807 2532/1319/1879
f 2514/1332/1807 2442/1333/1806 2532/1319/1879
f 2532/1319/1879 2442/1333/1806 2437/1320/1880
f 2444/1334/1890 2457/1330/1889 2526/1329/1799
f 2516/1331/1808 2457/1330/1889 2444/1334/1890
f 2451/1335/1891 2516/1331/1808 2444/1334/1890
f 2451/1335/1891 2444/1334/1890 2459/1336/1892
f 2534/1337/1847 2451/1335/1891 2459/1336/1892
f 2534/1337/1847 2459/1336/1892 2460/1338/1893
f 2460/1338/1893 2459/1336/1892 2458/1339/1894
f 2447/1340/1895 2444/1334/1890 2526/1329/1799
f 2444/1334/1890 2447/1340/1841 2458/1339/1894
f 2459/1336/1892 2444/1334/1890 2458/1339/1894
f 2442/1333/1806 2436/1341/1815 2437/1320/1880
f 2436/1341/1815 2450/1342/1896 2437/1320/1880
f 2450/1342/1896 2443/1323/1818 2437/1320/1880
f 2443/1323/1818 2450/1342/1896 2513/1343/1897
f 2525/1344/1819 2443/1323/1818 2513/1343/1897
f 2467/1345/1824 2525/1344/1898 2513/1343/1897
f 2473/1346/1899 2467/1345/1824 2513/1343/1897
f 2495/1347/1831 2467/1345/1824 2473/1346/1900
f 2513/1343/1897 2450/1342/1896 2436/1341/1901
f 2474/1348/1902 2513/1343/1897 2436/1341/1901
f 2513/1343/1897 2474/1348/1902 2496/1349/1830
f 2473/1346/1900 2513/1343/1897 2496/1349/1830
f 2495/1347/1903 2473/1346/1900 2496/1349/1830
f 2542/587/1015 2540/764/1224 2541/1274/1817
f 2546/552/973 2544/1350/1904 2545/546/972
f 2544/1350/1904 2543/547/967 2545/546/972
f 2549/593/1022 2553/587/1015 2552/1274/1817
f 2550/1273/1816 2549/593/1022 2552/1274/1817
f 2551/583/1011 2549/593/1022 2550/1273/1816
f 2547/1261/1803 2551/583/1011 2550/1273/1816
f 2548/572/997 2551/583/1011 2547/1261/1803
f 2557/551/971 2562/575/1000 2563/552/973
f 2562/575/1000 2559/1351/1905 2563/552/973
f 2559/1351/1905 2554/1305/1856 2563/552/973
f 2554/1305/1856 2558/1304/1855 2563/552/973
f 2558/1304/1855 2556/1350/1904 2563/552/973
f 2558/1304/1855 2560/1313/1868 2556/1350/1904
f 2560/1313/1868 2561/1316/1872 2556/1350/1904
f 2556/1350/1904 2561/1316/1872 2555/547/1225
f 2567/571/996 2571/573/998 2573/575/1000
f 2573/575/1000 2571/573/998 2572/1251/1792
f 2569/1351/1905 2573/575/1000 2572/1251/1792
f 2572/1251/1792 2570/1253/1794 2569/1351/1905
f 2570/1253/1794 2566/1256/1797 2569/1351/1905
f 2569/1351/1905 2566/1256/1797 2565/1260/1801
f 2569/1351/1905 2565/1260/1801 2568/1300/1851
f 2569/1351/1905 2568/1300/1851 2564/1305/1856
f 2576/762/1218 2575/1321/1881 2574/763/1221
f 2580/1352/1906 2582/1353/1907 2581/1354/1908
f 2578/1355/1909 2582/1353/1907 2580/1352/1906
f 2592/1356/1910 2582/1353/1907 2578/1355/1909
f 2592/1356/1911 2578/1355/1912 2583/1357/1913
f 2593/1358/1914 2592/1356/1915 2583/1357/1916
f 2592/1356/1910 2593/1358/1914 2585/1359/1917
f 2592/1356/1910 2585/1359/1917 2596/1360/1918
f 2592/1356/1911 2596/1360/1918 2586/1361/1919
f 2584/1362/1920 2592/1356/1915 2586/1361/1921
f 2592/1356/1915 2584/1362/1922 2589/1363/1923
f 2590/1364/1924 2592/1356/1910 2589/1363/1925
f 2587/1365/1926 2585/1359/1917 2593/1358/1914
f 2588/1366/1927 2587/1365/1928 2593/1358/1914
f 2591/1367/1929 2588/1366/1930 2593/1358/1931
f 2591/1367/1929 2593/1358/1914 2594/1368/1932
s 1971
f 2577/1369/1933 2595/44/61 2579/43/1934
s 0
f 2599/611/1040 2597/1370/1935 2598/1371/1936
f 2600/1370/1935 2601/611/1040 2602/610/1039
f 2605/1372/1937 2608/628/1938 2604/629/1939
f 2605/1372/1937 2606/1373/1940 2608/628/1938
f 2606/1373/1940 2607/616/1941 2608/628/1938
f 2607/616/1941 2606/1373/1940 2603/1374/1942
f 2612/615/1943 2610/616/1941 2609/1374/1942
f 2612/615/1943 2609/1374/1942 2613/1375/1944
f 2613/1375/1944 2611/620/1945 2612/615/1943
f 2616/620/1050 2617/1375/1946 2614/615/1044
f 2617/1375/1946 2615/1374/1947 2614/615/1044
f 2614/615/1044 2615/1374/1947 2618/616/1045
f 2620/1373/1948 2622/1372/1949 2619/628/1058
f 2621/629/1950 2619/628/1058 2622/1372/1949
f 2624/610/1951 2623/611/1952 2625/1370/1953
f 2625/1370/1953 2623/611/1952 2626/1371/1954
f 2628/1371/1954 2627/1376/1955 2629/1377/1956
f 2632/1376/1957 2631/1371/1936 2630/1377/1956
f 2634/1374/1947 2635/1373/1948 2636/616/1045
f 2636/616/1045 2635/1373/1948 2633/628/1058
f 2637/1378/1958 2641/1379/1959 2638/1380/1960
f 2640/1381/1961 2641/1379/1959 2637/1378/1958
f 2639/1382/1962 2641/1379/1959 2640/1381/1961
f 2644/45/62 2642/1383/1963 2643/42/59
s 1996
f 2647/54/74 2646/1384/1964 2645/55/75
s 0
f 2651/1385/1965 2649/1386/1966 2648/1387/1967
f 2650/166/270 2651/1385/1965 2648/1387/1967
f 2648/1387/1967 2652/1388/1968 2650/166/270
f 2652/1388/1968 2653/190/305 2650/166/270
f 2656/600/1029 2654/1389/1969 2657/1390/1970
f 2656/600/1029 2657/1390/1970 2655/598/1027
f 2658/166/303 2660/190/305 2659/1388/1968
f 2663/38/55 2662/1391/1971 2665/1392/1972
f 2664/1393/1973 2663/38/55 2665/1392/1972
f 2663/38/55 2664/1393/1973 2661/34/50
f 2668/1387/1974 2669/166/303 2670/1388/1968
f 2667/1385/1975 2669/166/303 2668/1387/1974
f 2667/1385/1975 2666/165/319 2669/166/303
f 2675/1354/1976 2689/1353/1977 2677/1352/1978
f 2677/1352/1979 2689/1353/1977 2676/1355/1980
f 2676/1355/1980 2689/1353/1977 2680/1356/1981
f 2685/1357/1982 2676/1355/1983 2680/1356/1981
f 2685/1357/1982 2680/1356/1981 2681/1358/1984
f 2672/1359/1985 2681/1358/1986 2680/1356/1981
f 2681/1358/1987 2672/1359/1985 2671/1365/1988
f 2681/1358/1986 2671/1365/1988 2683/1366/1989
f 2679/1367/1990 2681/1358/1986 2683/1366/1991
f 2678/1368/1992 2681/1358/1986 2679/1367/1990
f 2684/1360/1993 2672/1359/1994 2680/1356/1981
f 2674/1361/1995 2684/1360/1993 2680/1356/1981
f 2674/1361/1996 2680/1356/1981 2673/1362/1997
f 2682/1363/1998 2673/1362/1999 2680/1356/1981
f 2682/1363/1998 2680/1356/1981 2690/1364/2000
s 2025
f 2687/43/2001 2686/44/317 2688/1369/2002
s 0
f 2699/1386/2003 2697/1385/1975 2706/1387/1974
f 2702/1394/2004 2697/1385/1975 2699/1386/2003
f 2702/1394/2004 2691/1395/2005 2697/1385/1975
f 2691/1395/2006 2692/165/319 2697/1385/1975
f 2703/1396/2007 2702/1394/2004 2699/1386/2003
f 2703/1396/2007 2707/1397/2008 2702/1394/2004
f 2707/1397/2008 2694/1398/2009 2702/1394/2004
f 2702/1394/2004 2694/1398/2009 2693/1399/2010
f 2691/1395/2005 2702/1394/2004 2693/1399/2010
f 2707/1397/2008 2695/1400/2011 2694/1398/2009
f 2695/1400/2011 2696/1401/2012 2694/1398/2009
f 2696/1401/2012 2705/1402/2013 2694/1398/2009
f 2705/1402/2013 2693/1399/2010 2694/1398/2009
f 2700/1403/2014 2696/1401/2012 2695/1400/2015
f 2704/1404/2016 2696/1401/2012 2700/1403/2014
f 2705/1402/2017 2696/1401/2012 2704/1404/2016
f 2704/1404/2018 2700/1403/2014 2698/1405/2019
f 2700/1403/2014 2701/1406/2020 2698/1405/2021
f 2711/16/17 2710/9/9 2712/1407/2022
f 2711/16/17 2712/1407/2022 2709/1408/2023
f 2711/16/17 2709/1408/2023 2708/1409/2024
f 2718/10/10 2717/1407/2022 2716/9/11
f 2720/1410/2025 2717/1407/2022 2718/10/10
f 2720/1410/2025 2715/1408/2023 2717/1407/2022
f 2720/1410/2025 2713/1411/2026 2715/1408/2023
f 2720/1410/2025 2719/1412/2027 2713/1411/2026
f 2719/1412/2027 2714/1413/2028 2713/1411/2026
f 2721/661/1101 2723/11/12 2722/7/7
f 2730/1414/2029 2724/1415/2030 2726/1416/2031
f 2726/1416/2031 2724/1415/2030 2725/1417/2032
f 2726/1416/2031 2725/1417/2032 2732/1418/2033
s 2057
f 2728/33/49 2731/1419/2034 2729/1420/2035
f 2729/1420/2035 2727/31/47 2728/33/49
s 0
f 2738/1410/2025 2735/10/10 2733/11/12
f 2733/11/12 2737/1421/2036 2738/1410/2025
f 2737/1421/2036 2734/1422/2037 2738/1410/2025
f 2734/1422/2037 2736/1412/2027 2738/1410/2025
f 2744/640/1072 2743/1423/2038 2740/641/1073
f 2744/640/1072 2745/1424/2039 2743/1423/2038
f 2745/1424/2040 2739/1425/2041 2743/1423/2038
f 2739/1425/2041 2742/1426/2042 2743/1423/2038
f 2739/1425/2041 2741/1427/2043 2742/1426/2042
f 2746/1428/2044 2741/1427/2043 2739/1425/2041
f 2751/1429/2045 2747/1430/2046 2748/1431/2047
f 2749/1432/2048 2752/1433/2049 2750/1434/2050
f 2750/1434/2050 2752/1433/2051 2751/1429/2045
f 2755/1428/2044 2753/1425/2041 2754/1435/2052
f 2756/1435/2052 2758/1436/2053 2757/1437/2054
f 2769/1406/2055 2764/1403/2056 2763/1405/2057
f 2764/1403/2056 2762/1404/2058 2763/1405/2059
f 2764/1403/2056 2775/1401/2060 2762/1404/2058
f 2762/1404/2058 2775/1401/2060 2768/1402/2061
f 2768/1402/2062 2775/1401/2060 2772/1398/2063
f 2759/1399/2064 2768/1402/2062 2772/1398/2063
f 2772/1398/2063 2771/1394/2065 2759/1399/2064
f 2771/1394/2065 2761/1395/2066 2759/1399/2064
f 2773/1400/2067 2775/1401/2060 2764/1403/2056
f 2772/1398/2063 2775/1401/2060 2773/1400/2067
f 2770/1397/2068 2772/1398/2063 2773/1400/2067
f 2772/1398/2063 2770/1397/2068 2771/1394/2065
f 2770/1397/2068 2767/1396/2069 2771/1394/2065
f 2767/1396/2069 2765/1386/1966 2771/1394/2065
f 2765/1386/1966 2774/1385/1965 2771/1394/2065
f 2771/1394/2065 2774/1385/1965 2761/1395/2066
f 2774/1385/1965 2760/165/269 2761/1395/2070
f 2760/165/269 2774/1385/1965 2766/166/270
f 2776/1438/2071 2778/1432/2048 2780/1439/2072
f 2778/1432/2048 2779/1434/2050 2780/1439/2072
f 2779/1434/2050 2777/1440/2073 2780/1439/2072
f 2779/1434/2050 2781/1429/2045 2777/1440/2073
f 2789/1441/2074 2787/1442/2075 2790/1443/2076
f 2790/1443/2076 2788/1444/2077 2789/1441/2074
f 2789/1441/2078 2788/1444/2079 2785/1445/2080
f 2783/1446/2081 2789/1441/2074 2785/1445/2080
s 2099
f 2786/1447/2082 2794/1448/2083 2796/1449/2084
f 2796/1449/2084 2794/1448/2083 2793/1450/2085
f 2794/1448/2083 2795/1451/2086 2793/1450/2085
f 2795/1451/2086 2792/1452/2087 2793/1450/2085
s 2100
f 2791/1453/2088 2784/1454/2089 2782/1455/2090
s 0
f 2799/35/51 2798/1456/2091 2797/1438/2071
f 2800/1439/2072 2799/35/51 2797/1438/2071
f 2801/2/2 2799/35/51 2800/1439/2072
f 2805/1391/1971 2808/1457/2092 2809/1392/1972
f 2808/1457/2092 2804/1458/2093 2809/1392/1972
f 2809/1392/1972 2804/1458/2093 2803/1456/2091
f 2807/1393/2094 2809/1392/1972 2803/1456/2091
f 2806/35/51 2807/1393/1973 2803/1456/2091
f 2802/34/50 2807/1393/1973 2806/35/51
f 2816/1423/2038 2810/661/1101 2811/641/2095
f 2810/661/1101 2816/1423/2038 2815/1426/2042
f 2812/11/12 2810/661/1101 2815/1426/2042
f 2812/11/12 2815/1426/2042 2817/1421/2036
f 2817/1421/2036 2815/1426/2042 2814/1427/2043
f 2813/1422/2037 2817/1421/2036 2814/1427/2043
f 2820/42/316 2821/1383/2096 2822/45/2097
s 2117
f 2819/55/326 2823/1384/2098 2818/54/2099
s 0
f 2829/1391/1971 2831/1459/2100 2834/1460/2101
f 2830/1461/2102 2834/1460/2101 2831/1459/2100
f 2831/1459/2100 2833/40/57 2830/1461/2102
f 2833/40/57 2828/41/2103 2830/1461/2102
f 2828/41/2104 2824/1409/2024 2830/1461/2102
f 2824/1409/2024 2827/1462/2105 2830/1461/2102
f 2826/1408/2023 2827/1462/2105 2824/1409/2024
f 2826/1408/2023 2825/1411/2026 2827/1462/2105
f 2833/40/57 2831/1459/2100 2829/1391/1971
f 2832/38/55 2833/40/57 2829/1391/1971
f 2843/1463/2106 2842/1464/2107 2840/1465/2108
f 2843/1463/2106 2840/1465/2108 2839/1438/2071
f 2841/1466/2109 2840/1465/2108 2842/1464/2107
f 2835/1467/2110 2853/1468/2111 2850/1469/2112
f 2853/1468/2111 2844/1470/2113 2850/1469/2112
f 2836/1471/2114 2850/1469/2112 2844/1470/2113
f 2836/1471/2114 2844/1470/2113 2845/1472/2115
f 2844/1470/2113 2853/1468/2111 2845/1472/2115
f 2853/1468/2111 2852/1473/2116 2845/1472/2115
f 2845/1472/2115 2852/1473/2117 2855/1474/2118
f 2847/1475/2119 2845/1472/2115 2855/1474/2118
f 2845/1472/2115 2847/1475/2119 2854/1476/2120
f 2853/1468/2111 2848/1391/1971 2852/1473/2117
f 2851/1460/2101 2852/1473/2117 2848/1391/1971
f 2852/1473/2117 2851/1460/2101 2849/1461/2102
f 2852/1473/2117 2849/1461/2102 2855/1474/2118
f 2849/1461/2102 2846/1462/2105 2855/1474/2118
f 2837/1411/2026 2855/1474/2118 2846/1462/2105
f 2855/1474/2118 2837/1411/2026 2838/1413/2028
f 2847/1475/2119 2855/1474/2118 2838/1413/2028
f 2859/1463/2121 2857/1438/2071 2861/1477/2122
f 2862/1478/2123 2861/1477/2124 2857/1438/2071
f 2858/1456/2125 2862/1478/2123 2857/1438/2071
f 2862/1478/2123 2858/1456/2126 2856/1467/2110
f 2862/1478/2123 2856/1467/2127 2860/1469/2112
f 2865/1477/2124 2867/1478/2123 2866/1479/2128
f 2868/1480/2129 2866/1479/2128 2867/1478/2130
f 2864/1469/2112 2868/1480/2129 2867/1478/2123
f 2864/1469/2112 2863/1481/2131 2868/1480/2129
f 2870/847/2132 2869/1482/2133 2871/846/1314
f 2871/846/2134 2869/1482/2135 2872/847/1315
f 2874/874/1345 2873/869/1340 2875/875/1346
f 2880/1483/2136 2877/870/1341 2878/874/1345
f 2880/1483/2136 2889/871/1342 2877/870/1341
f 2882/1484/2137 2884/1485/2138 2879/867/1337
f 2882/1484/2137 2886/867/2139 2884/1485/2138
f 2886/867/2139 2887/868/2140 2884/1485/2138
f 2884/1485/2138 2887/868/2140 2888/875/2141
f 2881/1486/2142 2884/1485/2138 2888/875/2141
f 2881/1486/2142 2885/875/1346 2884/1485/2138
f 2883/1487/2143 2885/875/1346 2881/1486/2142
f 2883/1487/2143 2876/1488/2144 2885/875/1346
f 2876/1488/2144 2878/874/1345 2885/875/1346
f 2878/874/1345 2876/1488/2144 2880/1483/2136
f 2890/1483/2145 2891/874/2146 2893/870/2147
f 2891/874/2146 2890/1483/2145 2892/1488/2148
f 2897/870/2147 2901/871/2149 2894/1483/2145
f 2901/871/2149 2900/1489/2150 2894/1483/2145
f 2900/1489/2150 2895/1490/2151 2894/1483/2145
f 2894/1483/2145 2895/1490/2151 2896/1488/2148
f 2896/1488/2148 2895/1490/2151 2898/1491/2152
f 2896/1488/2148 2898/1491/2152 2899/1487/2153
f 2904/851/1320 2903/846/1314 2905/845/1313
f 2906/1492/2154 2903/846/1314 2904/851/1320
f 2902/851/2155 2903/846/1314 2906/1492/2154
f 2915/871/2149 2914/872/2156 2911/1493/2157
f 2911/1493/2157 2913/1494/2158 2915/871/2149
f 2913/1494/2158 2912/1489/2150 2915/871/2149
f 2910/1495/2159 2912/1489/2150 2913/1494/2158
f 2912/1489/2150 2910/1495/2159 2907/1490/2151
f 2907/1490/2151 2910/1495/2159 2908/1496/2160
f 2907/1490/2151 2908/1496/2160 2909/1491/2152
f 2933/1497/2161 2937/1495/2159 2939/1494/2158
f 2916/1498/2162 2937/1495/2159 2933/1497/2161
f 2935/1496/2163 2937/1495/2159 2916/1498/2162
f 2932/1499/2164 2935/1496/2160 2916/1498/2162
f 2918/1496/2165 2932/1499/2166 2916/1498/2162
f 2930/1495/2167 2918/1496/2165 2916/1498/2162
f 2918/1496/2165 2930/1495/2167 2921/1490/2168
f 2919/1491/2169 2918/1496/2165 2921/1490/2168
f 2931/1500/2170 2916/1498/2162 2933/1497/2161
f 2931/1500/2170 2928/1497/2171 2916/1498/2162
f 2928/1497/2171 2930/1495/2167 2916/1498/2162
f 2928/1497/2171 2941/1494/2172 2930/1495/2167
f 2941/1494/2172 2940/1489/2173 2930/1495/2167
f 2921/1490/2168 2930/1495/2167 2940/1489/2173
f 2920/1483/2136 2921/1490/2168 2940/1489/2174
f 2917/1488/2144 2921/1490/2168 2920/1483/2136
f 2917/1488/2144 2919/1491/2169 2921/1490/2168
f 2917/1488/2144 2926/1487/2143 2919/1491/2169
f 2926/1487/2143 2929/1501/2175 2919/1491/2169
f 2926/1487/2143 2923/1502/2176 2929/1501/2175
f 2923/1502/2176 2925/1503/2177 2929/1501/2175
f 2942/871/1342 2940/1489/2173 2941/1494/2172
f 2920/1483/2136 2940/1489/2178 2942/871/1342
f 2927/1493/2179 2942/871/1342 2941/1494/2172
f 2927/1493/2179 2922/872/1343 2942/871/1342
f 2925/1503/2180 2923/1502/2176 2934/1501/2181
f 2923/1502/2176 2938/1487/2153 2934/1501/2181
f 2936/1491/2152 2934/1501/2181 2938/1487/2153
f 2923/1502/2176 2924/1486/2142 2938/1487/2153
f 2923/1502/2176 2926/1487/2143 2924/1486/2142
f 2945/851/2182 2944/852/1321 2943/1504/2183
f 2948/1505/2184 2946/1506/2185 2947/854/2186
f 2949/852/2187 2950/851/2155 2951/1504/2183
f 2953/845/2188 2952/847/2132 2955/846/1314
f 2953/845/2189 2955/846/2190 2954/851/2155
f 2956/1507/2191 2958/1508/2192 2957/1509/2193
f 2961/854/1323 2959/1506/2194 2960/1505/2195
f 2963/1509/2196 2964/1508/2197 2962/1507/2198
f 2967/869/2199 2966/874/2200 2970/875/2141
f 2966/874/2201 2968/1488/2148 2970/875/2141
f 2968/1488/2148 2969/1487/2153 2970/875/2141
f 2965/1486/2142 2970/875/2141 2969/1487/2153
f 2973/1485/2138 2972/868/1339 2971/867/2202
f 2974/875/1346 2972/868/1339 2973/1485/2138
f 2977/587/2203 2975/577/2204 2976/586/2205
f 2978/578/2206 2980/577/2204 2979/576/2207
f 2982/591/2208 2986/584/2209 2984/582/2210
f 2986/584/2209 2981/571/2211 2984/582/2210
f 2985/572/2212 2984/582/2210 2981/571/2211
f 2983/583/2213 2984/582/2210 2985/572/2214
f 2988/551/2215 2987/571/2211 2990/584/2209
f 2988/551/2215 2989/575/2216 2987/571/2211
f 2993/573/2217 2992/572/2212 2991/571/2211
f 2997/550/2218 2994/551/2215 2998/584/2209
f 2994/551/2215 2997/550/2218 2999/548/2219
f 2999/548/2219 2996/546/2220 2994/551/2215
f 2995/552/2221 2994/551/2222 2996/546/2220
f 3001/556/2223 3003/564/2224 3000/567/2225
f 3002/557/2226 3003/564/2224 3001/556/2223
f 3007/549/2227 3011/548/2219 3010/550/2218
f 3007/549/2227 3008/561/2228 3011/548/2219
f 3008/561/2228 3004/563/2229 3011/548/2219
f 3004/563/2229 3009/546/2220 3011/548/2219
f 3006/545/2230 3009/546/2220 3004/563/2229
f 3005/547/2231 3009/546/2220 3006/545/2230
f 3017/549/2227 3022/574/2232 3020/566/2233
f 3017/549/2227 3020/566/2233 3019/560/2234
f 3021/561/2228 3017/549/2227 3019/560/2234
f 3021/561/2228 3019/560/2234 3015/559/2235
f 3021/561/2228 3015/559/2235 3016/562/2236
f 3012/563/2229 3021/561/2228 3016/562/2236
f 3012/563/2229 3016/562/2236 3013/545/2237
f 3016/562/2236 3014/569/2238 3013/545/2230
f 3014/569/2239 3018/570/2240 3013/545/2230
f 3026/590/2241 3023/589/2242 3024/588/2243
f 3027/591/2244 3026/590/2241 3024/588/2243
f 3026/590/2241 3027/591/2244 3028/582/2245
f 3025/586/2246 3026/590/2241 3028/582/2210
f 3025/586/2247 3028/582/2210 3029/593/2248
f 3037/560/2234 3038/566/2233 3030/565/2249
f 3037/560/2234 3030/565/2249 3031/558/2250
f 3037/560/2234 3031/558/2250 3034/559/2235
f 3033/554/2251 3034/559/2235 3031/558/2252
f 3033/554/2251 3040/568/2253 3034/559/2235
f 3040/568/2253 3035/562/2236 3034/559/2235
f 3032/569/2238 3035/562/2236 3040/568/2253
f 3039/579/2254 3032/569/2238 3040/568/2253
f 3036/581/2255 3032/569/2238 3039/579/2254
f 3046/595/2256 3043/594/2257 3042/592/2258
f 3043/594/2257 3041/589/2242 3042/592/2259
f 3042/592/2259 3041/589/2242 3045/585/2260
f 3041/589/2242 3049/590/2241 3045/585/2260
f 3045/585/2260 3049/590/2241 3048/586/2205
f 3047/577/2204 3045/585/2260 3048/586/2261
f 3043/594/2257 3044/596/2262 3041/589/2242
f 3053/557/2226 3050/565/2249 3058/564/2224
f 3054/558/2250 3050/565/2249 3053/557/2226
f 3053/557/2226 3056/554/2251 3054/558/2250
f 3053/557/2226 3052/556/2223 3056/554/2251
f 3052/556/2223 3057/553/2263 3056/554/2251
f 3056/554/2251 3057/553/2263 3051/555/2264
f 3060/568/2253 3056/554/2251 3051/555/2264
f 3060/568/2253 3051/555/2264 3059/579/2254
f 3051/555/2264 3055/580/2265 3059/579/2254
f 3061/586/2246 3062/593/2248 3063/587/2203
f 3064/763/2266 3066/581/2255 3068/579/2254
f 3065/762/2267 3066/581/2255 3064/763/2266
f 3067/570/2268 3066/581/2255 3065/762/2267
f 3071/570/2240 3069/569/2269 3070/581/2255
f 3073/764/2270 3072/576/2207 3074/587/2203
f 3077/570/2240 3075/547/2271 3076/545/2230
f 3079/577/2204 3080/587/2203 3078/576/2207
f 3085/620/2272 3087/602/2273 3086/615/1943
f 3083/631/2274 3082/627/2275 3081/630/2276
f 3082/627/2275 3088/628/1938 3081/630/2276
f 3084/629/2277 3088/628/1938 3082/627/2278
f 3091/632/2279 3090/631/2274 3089/630/2276
f 3089/630/2276 3094/617/2280 3091/632/2279
f 3094/617/2280 3089/630/2276 3095/628/1938
f 3092/616/1941 3094/617/2280 3095/628/1938
f 3092/616/1941 3093/615/1943 3094/617/2280
f 3100/619/2281 3099/617/2280 3096/618/2282
f 3097/615/1943 3096/618/2282 3099/617/2283
f 3097/615/1943 3098/602/2273 3096/618/2282
f 3102/618/2282 3103/605/2284 3107/608/2285
f 3106/602/2273 3103/605/2284 3102/618/2282
f 3106/602/2286 3104/603/2287 3103/605/2284
f 3105/604/2288 3104/603/2287 3106/602/2273
f 3104/603/2287 3105/604/2289 3101/624/2290
f 3109/605/2284 3113/607/2291 3112/608/2285
f 3109/605/2284 3110/606/2292 3113/607/2291
f 3111/603/2287 3110/606/2293 3109/605/2284
f 3108/624/2290 3110/606/2293 3111/603/2287
f 3116/606/2293 3115/625/2294 3118/607/2291
f 3115/625/2294 3116/606/2293 3114/624/2290
f 3117/626/2295 3115/625/2294 3114/624/2290
f 3119/613/2296 3121/614/2297 3120/612/2298
f 3119/613/2296 3120/612/2298 3123/609/2299
f 3120/612/2298 3122/611/1952 3123/609/2299
f 3122/611/1952 3124/610/1951 3123/609/2299
f 3125/620/2272 3126/604/2288 3127/602/2273
f 3128/623/2300 3130/622/2301 3129/621/2302
f 3133/1439/2072 3131/1440/2073 3134/2/2
f 3134/2/2 3131/1440/2073 3132/3/3
f 3136/1440/2073 3137/1429/2045 3135/1431/2047
f 3144/660/2303 3145/337/662 3142/339/664
f 3143/670/2304 3138/668/2305 3139/669/2306
f 3138/668/2305 3147/666/2307 3139/669/2308
f 3147/666/2307 3138/668/2305 3140/667/2309
f 3141/665/2310 3147/666/2307 3140/667/2309
f 3146/662/2311 3147/666/2312 3141/665/2310
f 3151/651/2313 3148/82/2314 3152/81/2315
f 3151/651/2316 3152/81/116 3149/648/2317
f 3154/650/2318 3151/651/2319 3149/648/2317
f 3154/650/2320 3149/648/2317 3153/649/2321
f 3149/648/2317 3150/647/2322 3153/649/2323
f 3152/81/2324 3155/80/117 3150/647/2322
f 3149/648/2325 3152/81/2326 3150/647/2322
f 3162/163/601 3161/301/604 3163/161/265
f 3161/301/604 3157/657/2327 3163/161/265
f 3157/657/2327 3156/658/2328 3163/161/265
f 3156/658/2329 3157/657/2327 3160/654/2330
f 3157/657/2327 3158/656/2331 3160/654/2332
f 3158/656/2331 3159/655/2333 3160/654/2330
f 3168/645/2334 3167/644/2335 3166/643/2336
f 3165/635/2337 3168/645/2334 3166/643/2336
f 3165/635/2338 3164/646/2339 3168/645/2334
f 3170/635/2338 3171/634/2340 3169/636/2341
f 3175/635/2342 3178/637/2343 3177/634/2340
f 3178/637/2343 3174/638/2344 3177/634/2340
f 3177/634/2340 3174/638/2344 3172/652/2345
f 3177/634/2340 3172/652/2345 3173/653/2346
f 3173/653/2346 3172/652/2345 3176/659/2347
f 3182/638/2344 3185/637/2343 3186/338/663
f 3187/337/662 3182/638/2344 3186/338/663
f 3182/638/2344 3187/337/662 3179/652/2348
f 3187/337/662 3183/660/2303 3179/652/2345
f 3183/660/2303 3184/659/2347 3179/652/2345
f 3184/659/2347 3183/660/2349 3181/664/2350
f 3184/659/2347 3181/664/2350 3188/662/2311
f 3184/659/2347 3188/662/2311 3180/663/2351
f 3191/646/2339 3199/678/2352 3200/645/2334
f 3191/646/2339 3193/677/2353 3199/678/2352
f 3193/677/2353 3201/676/2354 3199/678/2352
f 3193/677/2353 3198/672/2355 3201/676/2354
f 3191/646/2339 3195/635/2337 3192/636/2341
f 3191/646/2339 3192/636/2341 3196/679/2356
f 3193/677/2353 3191/646/2339 3196/679/2356
f 3193/677/2353 3196/679/2356 3198/672/2357
f 3196/679/2356 3189/680/2358 3198/672/2355
f 3190/671/2359 3198/672/2355 3189/680/2358
f 3197/673/2360 3198/672/2357 3190/671/2359
f 3194/675/2361 3198/672/2362 3197/673/2360
f 3202/681/2363 3198/672/2355 3194/675/2361
f 3206/674/2364 3207/662/2311 3205/665/2310
f 3206/674/2364 3205/665/2310 3203/675/2361
f 3208/681/2363 3203/675/2361 3205/665/2310
f 3204/667/2309 3208/681/2363 3205/665/2310
f 3210/636/2341 3213/634/2340 3211/653/2346
f 3210/636/2341 3211/653/2346 3209/680/2358
f 3212/679/2356 3210/636/2341 3209/680/2358
f 3216/663/2351 3217/653/2346 3218/659/2347
f 3214/680/2358 3217/653/2346 3216/663/2351
f 3215/671/2359 3214/680/2358 3216/663/2365
f 3215/671/2359 3216/663/2351 3219/673/2360
f 3224/662/2311 3222/674/2364 3220/663/2351
f 3220/663/2351 3222/674/2364 3223/673/2360
f 3223/673/2360 3222/674/2364 3221/675/2361
f 3227/713/2366 3226/685/2367 3225/703/2368
f 3226/685/2367 3228/686/2369 3225/703/2368
f 3228/686/2369 3230/702/2370 3225/703/2368
f 3230/702/2370 3229/701/2371 3225/703/2368
f 3232/729/2372 3231/739/2373 3233/734/2374
f 3236/727/2375 3231/739/2373 3232/729/2372
f 3231/739/2373 3236/727/2376 3235/738/2377
f 3237/725/2378 3235/738/2377 3236/727/2376
f 3237/725/2378 3238/722/2379 3235/738/2377
f 3237/725/2378 3234/724/2380 3238/722/2379
f 3234/724/2380 3239/721/2381 3238/722/2379
f 3239/721/2382 3240/723/2383 3238/722/2379
f 3242/719/2384 3244/713/2366 3243/714/2385
f 3244/713/2366 3241/703/2368 3243/714/2385
f 3273/748/2386 3249/746/2387 3261/749/2388
f 3248/752/2389 3273/748/2386 3261/749/2388
f 3260/753/2390 3248/752/2389 3261/749/2388
f 3247/758/2391 3248/752/2389 3260/753/2390
f 3268/759/2392 3247/758/2391 3260/753/2390
f 3250/693/2393 3247/758/2391 3268/759/2392
f 3270/695/2394 3250/693/2393 3268/759/2392
f 3251/694/2395 3250/693/2393 3270/695/2394
f 3250/693/2393 3251/694/2395 3252/690/2396
f 3252/690/2396 3251/694/2395 3246/740/2397
f 3246/740/2397 3245/741/2398 3252/690/2396
f 3249/746/2387 3262/750/2399 3261/749/2388
f 3254/754/2400 3261/749/2388 3262/750/2399
f 3260/753/2390 3261/749/2388 3254/754/2400
f 3263/760/2401 3260/753/2390 3254/754/2400
f 3268/759/2392 3260/753/2390 3263/760/2401
f 3256/698/2402 3268/759/2392 3263/760/2401
f 3270/695/2394 3268/759/2392 3256/698/2402
f 3257/697/2403 3270/695/2394 3256/698/2402
f 3271/696/2404 3270/695/2394 3257/697/2403
f 3271/696/2404 3251/694/2395 3270/695/2394
f 3272/742/2405 3251/694/2395 3271/696/2404
f 3251/694/2395 3272/742/2405 3246/740/2397
f 3264/755/2406 3254/754/2400 3262/750/2399
f 3254/754/2400 3264/755/2406 3265/756/2407
f 3278/761/2408 3254/754/2409 3265/756/2407
f 3254/754/2400 3278/761/2408 3263/760/2410
f 3278/761/2408 3279/700/2411 3263/760/2410
f 3256/698/2402 3263/760/2401 3279/700/2411
f 3255/699/2412 3256/698/2402 3279/700/2411
f 3257/697/2403 3256/698/2402 3255/699/2412
f 3267/733/2413 3257/697/2403 3255/699/2412
f 3257/697/2403 3267/733/2413 3258/734/2374
f 3259/744/2414 3257/697/2403 3258/734/2374
f 3259/744/2414 3271/696/2404 3257/697/2403
f 3269/743/2415 3271/696/2404 3259/744/2414
f 3269/743/2415 3272/742/2405 3271/696/2404
f 3277/735/2416 3272/742/2405 3269/743/2415
f 3246/740/2397 3272/742/2405 3277/735/2416
f 3277/735/2416 3274/736/2417 3246/740/2397
f 3274/736/2417 3245/741/2418 3246/740/2397
f 3253/739/2373 3259/744/2414 3258/734/2374
f 3253/739/2373 3269/743/2415 3259/744/2414
f 3269/743/2415 3253/739/2373 3266/738/2377
f 3266/738/2377 3277/735/2416 3269/743/2415
f 3275/722/2379 3277/735/2416 3266/738/2377
f 3277/735/2416 3275/722/2379 3276/737/2419
f 3274/736/2417 3277/735/2416 3276/737/2419
f 3283/728/2420 3282/727/2376 3280/729/2372
f 3282/727/2421 3283/728/2420 3288/726/2422
f 3288/726/2422 3284/725/2378 3282/727/2376
f 3281/724/2380 3284/725/2378 3288/726/2422
f 3286/730/2423 3281/724/2380 3288/726/2422
f 3288/726/2422 3285/731/2424 3286/730/2423
f 3285/731/2424 3287/732/2425 3286/730/2423
f 3283/728/2420 3285/731/2424 3288/726/2422
f 3292/747/2426 3297/746/2387 3293/745/2427
f 3293/745/2427 3297/746/2387 3301/748/2386
f 3293/745/2427 3301/748/2386 3296/752/2389
f 3294/751/2428 3293/745/2427 3296/752/2389
f 3294/751/2428 3296/752/2389 3291/758/2391
f 3290/757/2429 3294/751/2428 3291/758/2391
f 3291/758/2430 3298/693/2393 3290/757/2429
f 3298/693/2393 3299/691/2431 3290/757/2429
f 3299/691/2431 3298/693/2393 3300/690/2396
f 3299/691/2431 3300/690/2396 3295/692/2432
f 3289/741/2398 3295/692/2432 3300/690/2396
f 3302/718/2433 3304/706/2434 3303/707/2435
f 3308/707/2435 3309/706/2436 3307/704/2437
f 3306/705/2438 3307/704/2437 3309/706/2436
f 3305/715/2439 3306/705/2438 3309/706/2436
f 3313/704/2437 3312/705/2438 3311/712/2440
f 3312/705/2438 3310/711/2441 3311/712/2440
f 3314/710/2442 3317/712/2440 3315/711/2443
f 3316/709/2444 3314/710/2445 3315/711/2441
f 3318/710/2442 3319/709/2444 3320/708/2446
f 3323/706/2436 3321/718/2433 3322/717/2447
f 3325/716/2448 3328/684/2449 3326/715/2439
f 3330/706/2436 3325/716/2448 3326/715/2439
f 3325/716/2448 3330/706/2436 3327/717/2447
f 3325/716/2448 3327/717/2447 3324/720/2450
f 3325/716/2448 3324/720/2450 3329/689/2451
f 3334/682/2452 3337/683/2453 3331/685/2367
f 3334/682/2452 3333/684/2449 3337/683/2454
f 3333/684/2449 3332/716/2448 3337/683/2455
f 3332/716/2448 3335/689/2451 3337/683/2454
f 3337/683/2454 3335/689/2451 3338/688/2456
f 3336/687/2457 3337/683/2454 3338/688/2458
f 3343/683/2454 3340/686/2369 3339/685/2367
f 3340/686/2369 3343/683/2454 3342/687/2457
f 3340/686/2369 3342/687/2457 3341/702/2370
f 3344/775/2459 3345/776/2460 3346/823/2461
f 3347/720/2450 3349/813/2462 3348/689/2451
f 3349/813/2462 3350/812/2463 3348/689/2451
f 3348/689/2451 3350/812/2463 3351/795/2464
f 3352/688/2456 3348/689/2451 3351/795/2464
f 3355/815/2465 3354/829/2466 3353/828/2467
f 3363/801/2468 3364/771/2469 3358/800/2470
f 3364/771/2469 3359/770/2471 3358/800/2470
f 3356/799/2472 3358/800/2470 3359/770/2471
f 3362/769/2473 3356/799/2472 3359/770/2471
f 3356/799/2472 3362/769/2474 3361/798/2475
f 3362/769/2473 3360/704/2437 3361/798/2475
f 3360/704/2437 3357/712/2440 3361/798/2475
f 3374/777/2476 3368/776/2460 3367/766/2477
f 3367/766/2477 3373/768/2478 3374/777/2476
f 3365/767/2479 3373/768/2478 3367/766/2477
f 3365/767/2480 3372/769/2473 3373/768/2478
f 3369/704/2437 3372/769/2473 3365/767/2479
f 3368/776/2460 3366/775/2459 3367/766/2477
f 3366/775/2459 3371/765/2481 3367/766/2482
f 3367/766/2477 3371/765/2481 3370/707/2435
f 3370/707/2435 3365/767/2480 3367/766/2477
f 3369/704/2437 3365/767/2480 3370/707/2435
f 3381/792/2483 3382/793/2484 3378/817/2485
f 3382/793/2484 3383/822/2486 3378/817/2485
f 3383/822/2486 3379/821/2487 3378/817/2485
f 3375/820/2488 3378/817/2485 3379/821/2487
f 3377/819/2489 3378/817/2485 3375/820/2488
f 3377/819/2489 3375/820/2488 3376/827/2490
f 3377/819/2489 3376/827/2490 3380/826/2491
f 3387/789/2492 3385/780/2493 3386/783/2494
f 3384/790/2495 3387/789/2492 3386/783/2496
f 3398/809/2497 3399/822/2498 3395/793/2484
f 3399/822/2486 3398/809/2497 3397/807/2499
f 3396/806/2500 3399/822/2486 3397/807/2499
f 3399/822/2486 3396/806/2500 3391/805/2501
f 3394/821/2487 3399/822/2486 3391/805/2501
f 3393/804/2502 3394/821/2487 3391/805/2501
f 3393/804/2502 3388/820/2488 3394/821/2487
f 3390/710/2442 3388/820/2488 3393/804/2502
f 3389/827/2490 3388/820/2488 3390/710/2442
f 3389/827/2490 3390/710/2442 3392/708/2446
f 3402/832/2503 3400/831/2504 3401/797/2505
f 3404/781/2506 3405/802/2507 3407/785/2508
f 3403/784/2509 3404/781/2506 3407/785/2508
f 3408/783/2496 3404/781/2506 3403/784/2509
f 3406/780/2493 3404/781/2506 3408/783/2496
f 3404/781/2506 3406/780/2493 3409/782/2510
f 3411/791/2511 3410/790/2495 3412/783/2496
f 3420/785/2508 3418/802/2507 3414/803/2512
f 3420/785/2508 3414/803/2512 3413/810/2513
f 3419/794/2514 3420/785/2508 3413/810/2515
f 3417/784/2509 3420/785/2516 3419/794/2517
f 3416/793/2484 3417/784/2509 3419/794/2517
f 3415/792/2483 3417/784/2509 3416/793/2484
f 3415/792/2483 3421/783/2494 3417/784/2509
f 3423/815/2465 3422/772/2518 3424/814/2519
f 3427/811/2520 3428/794/2517 3425/810/2515
f 3427/811/2520 3429/824/2521 3428/794/2517
f 3429/824/2521 3426/793/2484 3428/794/2517
f 3431/834/2522 3430/835/2523 3432/836/2524
f 3434/687/2457 3437/688/2456 3436/795/2464
f 3435/796/2525 3434/687/2457 3436/795/2464
f 3433/797/2505 3435/796/2525 3436/795/2464
f 3439/774/2526 3440/778/2527 3438/772/2518
f 3447/774/2526 3442/775/2459 3448/778/2527
f 3447/774/2526 3446/765/2481 3442/775/2459
f 3446/765/2481 3447/774/2526 3445/772/2518
f 3441/773/2528 3446/765/2481 3445/772/2518
f 3443/718/2433 3446/765/2481 3441/773/2528
f 3446/765/2481 3443/718/2433 3444/707/2435
f 3453/816/2529 3452/792/2483 3451/817/2485
f 3453/816/2529 3451/817/2485 3449/819/2489
f 3449/819/2489 3450/818/2530 3453/816/2529
f 3455/786/2531 3456/787/2532 3454/780/2493
f 3457/788/2533 3455/786/2531 3454/780/2493
f 3458/789/2492 3457/788/2533 3454/780/2493
f 3459/808/2534 3467/807/2499 3468/809/2497
f 3470/801/2468 3467/807/2499 3459/808/2534
f 3470/801/2468 3465/800/2470 3467/807/2499
f 3465/800/2470 3466/806/2500 3467/807/2499
f 3466/806/2500 3465/800/2470 3460/799/2472
f 3462/805/2501 3466/806/2500 3460/799/2472
f 3463/804/2502 3462/805/2501 3460/799/2472
f 3469/798/2475 3463/804/2502 3460/799/2472
f 3463/804/2502 3469/798/2475 3464/712/2440
f 3461/710/2442 3463/804/2502 3464/712/2440
f 3474/771/2469 3475/779/2535 3473/768/2478
f 3471/770/2471 3474/771/2469 3473/768/2478
f 3472/769/2473 3471/770/2471 3473/768/2478
f 3476/831/2504 3477/830/2536 3478/797/2505
f 3479/792/2483 3481/791/2511 3482/783/2537
f 3479/792/2483 3480/816/2529 3481/791/2511
f 3491/717/2538 3490/718/2433 3484/773/2528
f 3491/717/2447 3484/773/2528 3483/720/2450
f 3484/773/2528 3493/813/2462 3483/720/2450
f 3484/773/2528 3492/772/2518 3493/813/2462
f 3492/772/2518 3494/815/2465 3493/813/2462
f 3493/813/2462 3494/815/2465 3485/835/2523
f 3495/812/2463 3493/813/2462 3485/835/2523
f 3487/834/2522 3495/812/2463 3485/835/2523
f 3495/812/2463 3487/834/2522 3486/833/2539
f 3496/795/2464 3495/812/2463 3486/833/2539
f 3486/833/2539 3489/832/2503 3496/795/2464
f 3489/832/2503 3488/797/2505 3496/795/2464
f 3500/824/2521 3497/825/2540 3499/809/2497
f 3500/824/2521 3499/809/2541 3498/793/2484
f 3506/858/2542 3507/860/2543 3501/867/2139
f 3507/860/2543 3506/858/2542 3505/859/2544
f 3510/861/2545 3507/860/2543 3505/859/2544
f 3509/862/2546 3510/861/2545 3505/859/2544
f 3508/863/2547 3510/861/2545 3509/862/2546
f 3510/861/2545 3508/863/2547 3504/870/2147
f 3503/869/2199 3510/861/2545 3504/870/2147
f 3502/874/2146 3503/869/2199 3504/870/2147
f 3514/858/2542 3519/857/2548 3513/859/2544
f 3513/859/2544 3519/857/2548 3518/877/2549
f 3517/862/2546 3513/859/2544 3518/877/2549
f 3519/857/2548 3511/876/2550 3518/877/2549
f 3516/864/2551 3515/863/2547 3517/862/2546
f 3515/863/2547 3516/864/2551 3521/865/2552
f 3521/865/2552 3520/871/2149 3515/863/2547
f 3520/871/2149 3512/870/2147 3515/863/2547
f 3524/855/2553 3525/853/2554 3522/856/2555
f 3523/854/2556 3525/853/2554 3524/855/2553
f 3526/886/2557 3527/864/2551 3529/879/2558
f 3527/864/2551 3528/862/2546 3529/879/2559
f 3529/879/2559 3528/862/2546 3530/877/2549
f 3531/886/2557 3533/887/2560 3534/866/2561
f 3532/864/2551 3531/886/2557 3534/866/2561
f 3536/887/2560 3535/842/2562 3538/843/2563
f 3537/866/2561 3536/887/2560 3538/843/2563
f 3539/842/2562 3540/841/2564 3541/840/2565
f 3542/843/2563 3539/842/2562 3541/840/2565
f 3545/840/2565 3543/841/2564 3544/837/2566
f 3546/864/2551 3547/866/2561 3550/865/2552
f 3551/873/2567 3550/865/2552 3547/866/2561
f 3550/865/2552 3551/873/2567 3548/872/2156
f 3549/871/2149 3550/865/2552 3548/872/2156
f 3555/860/2543 3553/868/2140 3552/867/2139
f 3555/860/2543 3556/861/2545 3553/868/2140
f 3556/861/2545 3554/869/2199 3553/868/2140
f 3553/868/2140 3554/869/2199 3557/875/2141
f 3558/872/2156 3559/873/2567 3560/878/2568
f 3565/851/2569 3563/850/2570 3564/845/2571
f 3563/850/2572 3565/851/2155 3562/852/2573
f 3561/884/2574 3563/850/2572 3562/852/2573
f 3561/884/2574 3566/883/2575 3563/850/2570
f 3561/884/2574 3567/878/2576 3566/883/2575
f 3574/881/2577 3569/839/2578 3583/885/2579
f 3574/881/2577 3577/838/2580 3569/839/2578
f 3577/838/2580 3576/837/2566 3569/839/2578
f 3577/838/2580 3578/840/2565 3576/837/2566
f 3578/840/2565 3577/838/2580 3573/882/2581
f 3584/844/2582 3578/840/2565 3573/882/2581
f 3578/840/2565 3584/844/2582 3585/843/2563
f 3570/880/2583 3574/881/2577 3583/885/2579
f 3574/881/2577 3570/880/2583 3572/849/2584
f 3572/849/2584 3573/882/2581 3574/881/2577
f 3573/882/2581 3577/838/2580 3574/881/2577
f 3570/880/2583 3568/848/2585 3572/849/2584
f 3572/849/2584 3568/848/2585 3581/845/2188
f 3572/849/2584 3581/845/2586 3571/850/2572
f 3573/882/2581 3572/849/2584 3571/850/2572
f 3571/850/2572 3582/883/2575 3573/882/2581
f 3582/883/2575 3584/844/2582 3573/882/2581
f 3586/878/2568 3584/844/2582 3582/883/2575
f 3580/873/2567 3584/844/2582 3586/878/2568
f 3584/844/2582 3580/873/2567 3585/843/2563
f 3585/843/2563 3580/873/2567 3575/866/2561
f 3568/848/2585 3579/847/2132 3581/845/2586
f 3588/889/2587 3591/888/2588 3592/890/2589
f 3591/888/2588 3590/891/2590 3592/890/2589
f 3592/890/2589 3590/891/2590 3589/920/2591
f 3589/920/2591 3590/891/2590 3587/921/2592
f 3595/836/2524 3593/835/2523 3594/815/2465
f 3600/888/2588 3597/892/2593 3598/891/2590
f 3597/892/2593 3599/917/2594 3598/891/2590
f 3598/891/2590 3599/917/2594 3596/919/2595
f 3608/909/2596 3603/834/2522 3607/836/2524
f 3603/834/2522 3608/909/2596 3606/906/2597
f 3602/833/2539 3603/834/2522 3606/906/2597
f 3606/906/2597 3605/903/2598 3602/833/2539
f 3605/903/2598 3604/832/2503 3602/833/2539
f 3604/832/2503 3605/903/2598 3601/831/2504
f 3616/888/2588 3611/802/2507 3612/892/2593
f 3611/802/2507 3610/781/2506 3612/892/2593
f 3612/892/2593 3610/781/2506 3613/782/2510
f 3613/782/2599 3615/915/2600 3612/892/2593
f 3615/915/2600 3614/917/2594 3612/892/2593
f 3614/917/2594 3615/915/2600 3609/918/2601
f 3618/787/2532 3619/782/2510 3617/780/2493
f 3618/787/2532 3620/913/2602 3619/782/2510
f 3620/913/2602 3621/915/2600 3619/782/2510
f 3624/901/2603 3623/898/2604 3622/900/2605
f 3627/902/2606 3626/903/2598 3628/904/2607
f 3626/903/2598 3627/902/2606 3625/831/2504
f 3629/911/2608 3631/901/2603 3630/912/2609
f 3633/897/2610 3635/893/2611 3634/899/2612
f 3632/898/2604 3633/897/2610 3634/899/2612
f 3637/896/2613 3641/910/2614 3639/828/2467
f 3641/910/2614 3637/896/2613 3649/893/2611
f 3642/908/2615 3641/910/2614 3649/893/2611
f 3646/897/2610 3642/908/2615 3649/893/2611
f 3640/907/2616 3642/908/2615 3646/897/2610
f 3645/898/2604 3640/907/2616 3646/897/2617
f 3645/898/2604 3648/901/2603 3640/907/2616
f 3648/901/2603 3636/905/2618 3640/907/2616
f 3636/905/2618 3648/901/2603 3643/911/2608
f 3650/904/2607 3636/905/2618 3643/911/2608
f 3638/903/2598 3636/905/2618 3650/904/2607
f 3637/896/2613 3647/895/2591 3649/893/2611
f 3649/893/2611 3647/895/2591 3644/894/2619
f 3652/829/2620 3653/829/2621 3651/828/2467
f 3656/828/2467 3662/836/2524 3657/815/2465
f 3659/910/2614 3662/836/2524 3656/828/2467
f 3662/836/2524 3659/910/2614 3663/909/2596
f 3659/910/2614 3660/908/2615 3663/909/2596
f 3663/909/2622 3660/908/2623 3661/906/2597
f 3660/908/2615 3658/907/2616 3661/906/2597
f 3661/906/2597 3658/907/2616 3654/905/2618
f 3655/903/2598 3661/906/2597 3654/905/2618
f 3667/915/2600 3665/913/2602 3666/914/2608
f 3667/915/2600 3666/914/2624 3664/916/2625
f 3673/891/2590 3670/919/2595 3672/921/2592
f 3672/921/2592 3670/919/2595 3671/922/2626
f 3670/919/2595 3669/923/2627 3671/922/2626
f 3668/924/2628 3671/922/2626 3669/923/2627
f 3682/917/2594 3674/918/2601 3679/919/2595
f 3679/919/2595 3674/918/2601 3678/923/2627
f 3674/918/2601 3676/926/2629 3678/923/2627
f 3675/925/2630 3678/923/2627 3676/926/2629
f 3675/925/2630 3677/924/2628 3678/923/2627
f 3680/930/2631 3677/924/2628 3675/925/2630
f 3680/930/2631 3681/934/2632 3677/924/2628
f 3683/900/2605 3684/898/2604 3685/899/2612
f 3688/893/2611 3686/894/2619 3687/899/2612
f 3695/915/2600 3692/916/2625 3689/918/2601
f 3689/918/2601 3692/916/2625 3691/926/2629
f 3692/916/2625 3694/927/2633 3691/926/2629
f 3694/927/2633 3693/932/2634 3691/926/2629
f 3691/926/2629 3693/932/2634 3690/925/2630
f 3698/937/2635 3711/911/2608 3718/912/2609
f 3698/937/2635 3718/912/2609 3701/938/2636
f 3698/937/2635 3701/938/2636 3703/943/2637
f 3719/895/2591 3700/942/2638 3712/894/2619
f 3700/942/2638 3720/941/2639 3712/894/2619
f 3720/941/2639 3714/940/2640 3712/894/2619
f 3714/940/2640 3716/899/2612 3712/894/2619
f 3713/900/2605 3716/899/2612 3714/940/2640
f 3721/939/2641 3713/900/2605 3714/940/2640
f 3721/939/2641 3718/912/2609 3713/900/2605
f 3718/912/2609 3721/939/2641 3701/938/2636
f 3721/939/2641 3717/946/2642 3701/938/2643
f 3717/946/2642 3705/945/2644 3701/938/2636
f 3701/938/2636 3705/945/2645 3696/944/2646
f 3703/943/2637 3701/938/2636 3696/944/2646
f 3699/955/2626 3720/941/2639 3700/942/2638
f 3706/954/2628 3720/941/2639 3699/955/2626
f 3706/954/2628 3710/953/2647 3720/941/2639
f 3710/953/2647 3702/952/2648 3720/941/2639
f 3702/952/2648 3697/947/2649 3720/941/2639
f 3697/947/2649 3714/940/2640 3720/941/2639
f 3714/940/2640 3697/947/2649 3721/939/2641
f 3697/947/2649 3717/946/2642 3721/939/2641
f 3717/946/2642 3697/947/2649 3715/951/2650
f 3705/945/2645 3717/946/2642 3715/951/2651
f 3705/945/2645 3715/951/2650 3708/950/2652
f 3708/950/2652 3707/949/2653 3705/945/2654
f 3704/948/2655 3705/945/2654 3707/949/2653
f 3705/945/2645 3704/948/2655 3696/944/2646
f 3710/953/2647 3715/951/2650 3702/952/2648
f 3715/951/2650 3697/947/2649 3702/952/2648
f 3708/950/2656 3715/951/2650 3710/953/2647
f 3707/949/2657 3708/950/2656 3710/953/2647
f 3709/956/2631 3707/949/2653 3710/953/2647
f 3723/912/2609 3724/901/2603 3722/900/2605
f 3735/914/2624 3727/929/2635 3728/916/2625
f 3727/929/2635 3732/928/2637 3728/916/2625
f 3732/928/2637 3734/927/2633 3728/916/2625
f 3726/933/2646 3734/927/2633 3732/928/2637
f 3726/933/2646 3729/932/2634 3734/927/2633
f 3729/932/2634 3726/933/2646 3731/935/2655
f 3730/931/2658 3729/932/2634 3731/935/2655
f 3725/925/2630 3729/932/2634 3730/931/2658
f 3733/930/2631 3725/925/2630 3730/931/2658
f 3730/931/2658 3736/936/2659 3733/930/2660
f 3730/931/2658 3731/935/2655 3736/936/2653
f 3739/596/2262 3738/588/2243 3737/589/2242
f 3746/994/2661 3747/987/2662 3741/995/2663
f 3747/987/2662 3746/994/2661 3745/993/2664
f 3744/992/2665 3747/987/2662 3745/993/2664
f 3744/992/2665 3749/986/2666 3747/987/2662
f 3749/986/2666 3748/981/2667 3747/987/2662
f 3749/986/2666 3742/979/2668 3748/981/2669
f 3748/981/2669 3742/979/2668 3743/980/2670
f 3742/979/2668 3750/885/2579 3743/980/2670
f 3750/885/2579 3740/839/2578 3743/980/2670
f 3753/959/2671 3754/958/2672 3755/564/2224
f 3755/564/2224 3754/958/2672 3752/957/2673
f 3755/564/2224 3752/957/2673 3751/567/2225
f 3759/574/2674 3760/960/2675 3758/566/2233
f 3757/959/2671 3758/566/2233 3760/960/2675
f 3756/565/2249 3758/566/2233 3757/959/2671
f 3762/574/2232 3761/549/2227 3763/550/2218
f 3777/968/2676 3783/970/2677 3776/969/2678
f 3783/970/2677 3780/971/2679 3776/969/2680
f 3780/971/2681 3770/974/2682 3776/969/2678
f 3770/974/2682 3771/975/2683 3776/969/2678
f 3770/974/2682 3786/976/2684 3771/975/2683
f 3771/975/2683 3786/976/2684 3764/977/2685
f 3786/976/2684 3774/877/2549 3764/977/2685
f 3774/877/2549 3766/876/2550 3764/977/2685
f 3780/971/2679 3783/970/2677 3778/973/2686
f 3775/972/2687 3780/971/2679 3778/973/2686
f 3775/972/2687 3765/965/2688 3780/971/2681
f 3765/965/2688 3770/974/2682 3780/971/2679
f 3765/965/2689 3772/966/2690 3770/974/2682
f 3772/966/2690 3786/976/2684 3770/974/2682
f 3774/877/2549 3786/976/2684 3772/966/2690
f 3782/961/2691 3775/972/2687 3778/973/2692
f 3775/972/2687 3782/961/2691 3765/965/2689
f 3782/961/2691 3767/964/2693 3765/965/2688
f 3765/965/2689 3767/964/2693 3772/966/2690
f 3767/964/2693 3769/967/2694 3772/966/2690
f 3772/966/2690 3769/967/2695 3773/879/2559
f 3773/879/2559 3774/877/2696 3772/966/2690
f 3779/978/2697 3782/961/2691 3778/973/2698
f 3779/978/2699 3781/963/2700 3782/961/2691
f 3781/963/2700 3784/962/2701 3782/961/2691
f 3782/961/2691 3784/962/2701 3767/964/2693
f 3784/962/2701 3787/999/2702 3767/964/2693
f 3769/967/2703 3767/964/2693 3787/999/2702
f 3785/1000/2704 3769/967/2703 3787/999/2702
f 3769/967/2703 3785/1000/2704 3768/886/2557
f 3769/967/2695 3768/886/2557 3773/879/2705
f 3793/962/2701 3792/963/2700 3791/998/2706
f 3793/962/2701 3791/998/2706 3795/999/2702
f 3791/998/2706 3796/990/2707 3795/999/2702
f 3795/999/2702 3796/990/2707 3794/1000/2704
f 3796/990/2707 3789/991/2708 3794/1000/2704
f 3794/1000/2704 3789/991/2708 3790/887/2560
f 3794/1000/2704 3790/887/2560 3788/886/2557
f 3801/963/2700 3802/997/2709 3800/998/2706
f 3800/998/2706 3802/997/2709 3803/989/2710
f 3800/998/2706 3803/989/2710 3805/990/2707
f 3803/989/2710 3804/984/2711 3805/990/2707
f 3805/990/2707 3804/984/2711 3798/991/2708
f 3804/984/2711 3806/985/2712 3798/991/2708
f 3798/991/2708 3806/985/2712 3797/842/2562
f 3798/991/2708 3797/842/2562 3799/887/2560
f 3807/565/2249 3808/959/2671 3809/564/2224
f 3816/997/2713 3813/996/2714 3817/989/2710
f 3817/989/2710 3813/996/2714 3814/988/2715
f 3817/989/2710 3814/988/2715 3818/984/2711
f 3814/988/2715 3815/982/2716 3818/984/2711
f 3815/982/2716 3811/983/2717 3818/984/2711
f 3811/983/2717 3819/985/2712 3818/984/2711
f 3812/841/2564 3819/985/2712 3811/983/2717
f 3819/985/2712 3812/841/2564 3810/842/2562
f 3823/996/2714 3825/995/2663 3824/988/2715
f 3828/987/2662 3824/988/2715 3825/995/2718
f 3828/987/2662 3829/981/2669 3824/988/2715
f 3829/981/2669 3827/982/2719 3824/988/2715
f 3827/982/2719 3829/981/2669 3826/980/2670
f 3820/983/2717 3827/982/2716 3826/980/2670
f 3820/983/2717 3826/980/2670 3821/839/2578
f 3830/837/2566 3820/983/2717 3821/839/2578
f 3830/837/2566 3822/841/2564 3820/983/2717
f 3835/1013/2720 3832/1022/2721 3836/1023/2722
f 3833/1020/2723 3834/1021/2724 3831/1027/2725
f 3834/1021/2724 3833/1020/2723 3837/1019/2726
f 3839/1033/2727 3838/1003/2728 3840/1001/2729
f 3840/1001/2729 3838/1003/2728 3841/1002/2730
f 3844/1021/2724 3843/1029/2731 3842/1027/2725
f 3845/1031/2732 3843/1029/2731 3844/1021/2724
f 3846/775/2459 3847/823/2461 3848/778/2527
f 3850/1009/2733 3849/1001/2729 3851/1024/2734
f 3852/1008/2735 3850/1009/2736 3851/1024/2734
f 3853/1025/2723 3855/1008/2735 3856/1026/2737
f 3853/1025/2723 3854/1004/2738 3855/1008/2735
f 3862/1015/2739 3861/1013/2720 3864/1016/2740
f 3860/1014/2741 3861/1013/2720 3862/1015/2739
f 3863/1012/2742 3861/1013/2720 3860/1014/2741
f 3858/1018/2743 3863/1012/2742 3860/1014/2741
f 3857/811/2520 3863/1012/2742 3858/1018/2743
f 3859/1017/2744 3857/811/2520 3858/1018/2743
f 3866/1005/2745 3868/1004/2738 3865/1006/2746
f 3868/1004/2738 3867/1006/2747 3865/1006/2746
f 3869/1032/2748 3873/1033/2727 3878/1011/2749
f 3878/1011/2749 3873/1033/2727 3876/1001/2729
f 3876/1001/2729 3879/1009/2736 3878/1011/2749
f 3879/1009/2733 3877/1010/2750 3878/1011/2749
f 3875/1007/2751 3877/1010/2750 3879/1009/2733
f 3880/1008/2735 3875/1007/2751 3879/1009/2733
f 3874/1004/2738 3875/1007/2751 3880/1008/2735
f 3875/1007/2751 3874/1004/2738 3870/1005/2745
f 3872/814/2519 3875/1007/2751 3870/1005/2752
f 3870/1005/2745 3871/815/2465 3872/814/2753
f 3881/829/2620 3884/815/2465 3882/1005/2745
f 3883/829/2754 3881/829/2755 3882/1005/2745
f 3885/776/2460 3886/1032/2748 3888/823/2461
f 3888/823/2461 3886/1032/2748 3893/1011/2749
f 3888/823/2461 3893/1011/2749 3889/778/2527
f 3893/1011/2749 3892/1010/2750 3889/778/2527
f 3889/778/2527 3892/1010/2750 3891/1007/2751
f 3890/814/2753 3889/778/2527 3891/1007/2751
f 3889/778/2527 3890/814/2753 3887/772/2518
f 3901/802/2507 3897/1028/2756 3899/803/2512
f 3899/803/2512 3897/1028/2756 3894/1027/2725
f 3896/1029/2731 3899/803/2512 3894/1027/2725
f 3899/803/2512 3896/1029/2731 3895/1022/2721
f 3898/810/2515 3899/803/2512 3895/1022/2721
f 3898/810/2515 3895/1022/2721 3902/1013/2720
f 3903/1012/2742 3898/810/2515 3902/1013/2720
f 3903/1012/2742 3900/811/2520 3898/810/2515
f 3904/1030/2757 3906/1020/2723 3905/1027/2725
f 3907/1001/2729 3909/1002/2730 3908/1024/2758
f 3920/1003/2728 3919/1034/2759 3929/1002/2730
f 3919/1034/2759 3927/1038/2760 3929/1002/2730
f 3927/1038/2760 3930/1037/2761 3929/1002/2730
f 3930/1037/2761 3928/1024/2762 3929/1002/2730
f 3931/1026/2737 3928/1024/2734 3930/1037/2761
f 3915/1036/2763 3931/1026/2737 3930/1037/2761
f 3915/1036/2763 3918/1035/2764 3931/1026/2737
f 3918/1035/2764 3921/1025/2723 3931/1026/2737
f 3917/1039/2765 3927/1038/2760 3919/1034/2759
f 3917/1039/2765 3924/1040/2766 3927/1038/2760
f 3924/1040/2766 3926/1045/2767 3927/1038/2760
f 3926/1045/2767 3925/1044/2768 3927/1038/2760
f 3925/1044/2768 3930/1037/2761 3927/1038/2760
f 3930/1037/2761 3925/1044/2768 3915/1036/2763
f 3925/1044/2768 3923/1043/2769 3915/1036/2763
f 3915/1036/2763 3923/1043/2769 3922/1042/2770
f 3916/1041/2771 3915/1036/2763 3922/1042/2770
f 3918/1035/2764 3915/1036/2763 3916/1041/2771
f 3924/1040/2766 3910/1046/2772 3926/1045/2767
f 3910/1046/2772 3925/1044/2768 3926/1045/2767
f 3923/1043/2769 3925/1044/2768 3910/1046/2773
f 3922/1042/2770 3923/1043/2769 3910/1046/2774
f 3922/1042/2770 3910/1046/2772 3912/1047/2775
f 3914/1050/2776 3922/1042/2770 3912/1047/2777
f 3912/1047/2778 3911/1049/2779 3914/1050/2776
f 3913/1048/2780 3911/1049/2779 3912/1047/2775
f 3913/1048/2780 3912/1047/2775 3924/1040/2781
f 3912/1047/2775 3910/1046/2772 3924/1040/2766
f 3940/1031/2732 3932/1021/2724 3937/1019/2726
f 3940/1031/2732 3937/1019/2726 3933/1063/2771
f 3940/1031/2732 3933/1063/2771 3938/1055/2782
f 3938/1055/2782 3939/1054/2783 3940/1031/2732
f 3938/1055/2782 3934/1053/2784 3939/1054/2783
f 3939/1054/2783 3934/1053/2784 3941/1051/2785
f 3941/1051/2785 3934/1053/2784 3936/1052/2786
f 3941/1051/2785 3936/1052/2786 3935/1023/2722
f 3944/1026/2737 3943/1008/2735 3942/1024/2734
f 3947/1063/2771 3957/1062/2770 3953/1055/2782
f 3957/1062/2770 3951/1061/2787 3953/1055/2782
f 3951/1061/2787 3952/1058/2788 3953/1055/2782
f 3952/1058/2788 3948/1053/2784 3953/1055/2782
f 3952/1058/2788 3954/1057/2780 3948/1053/2784
f 3954/1057/2780 3950/1052/2786 3948/1053/2784
f 3950/1052/2786 3954/1057/2780 3955/1056/2765
f 3950/1052/2786 3955/1056/2765 3949/1023/2722
f 3949/1023/2722 3955/1056/2765 3958/1016/2740
f 3946/1013/2720 3949/1023/2722 3958/1016/2740
f 3952/1058/2788 3951/1061/2789 3945/1060/2790
f 3952/1058/2791 3945/1060/2792 3954/1057/2793
f 3954/1057/2780 3956/1059/2794 3955/1056/2765
f 3963/1031/2732 3962/1054/2783 3960/1029/2731
f 3960/1029/2731 3962/1054/2783 3964/1051/2785
f 3959/1022/2721 3960/1029/2731 3964/1051/2785
f 3961/1023/2722 3959/1022/2721 3964/1051/2785
f 3965/1081/2795 3966/1084/2796 3967/1083/2797
f 3973/1017/2798 3969/1070/2799 3971/811/2800
f 3969/1070/2799 3968/1067/2801 3971/811/2520
f 3971/811/2520 3968/1067/2801 3972/824/2521
f 3968/1067/2801 3970/825/2540 3972/824/2521
f 3975/1073/2802 3974/1088/2803 3976/1072/2804
f 3979/1075/2805 3978/1076/2806 3982/1080/2807
f 3979/1075/2805 3980/1065/2808 3978/1076/2806
f 3980/1065/2808 3979/1075/2805 3977/1064/2809
f 3980/1065/2808 3977/1064/2809 3981/777/2476
f 3985/1076/2806 3983/1081/2795 3991/1080/2807
f 3983/1081/2795 3985/1076/2806 3984/1077/2810
f 3985/1076/2806 3987/1066/2811 3984/1077/2810
f 3989/1065/2808 3987/1066/2811 3985/1076/2806
f 3987/1066/2811 3989/1065/2808 3990/777/2476
f 3988/779/2535 3987/1066/2811 3990/777/2476
f 3986/768/2478 3988/779/2535 3990/777/2476
f 3992/1082/2812 3994/801/2468 3993/808/2534
f 3995/771/2469 3994/801/2468 3992/1082/2812
f 3998/1074/2813 3996/1073/2802 3997/1068/2814
f 4001/1070/2799 4004/1069/2815 4000/1067/2801
f 4004/1069/2815 4006/1068/2814 4000/1067/2801
f 4003/825/2540 4000/1067/2801 4006/1068/2814
f 4005/1073/2816 4003/825/2540 4006/1068/2814
f 4003/825/2540 4005/1073/2802 4007/1072/2804
f 4002/1071/2817 4003/825/2540 4007/1072/2804
f 4003/825/2818 4002/1071/2817 4008/809/2541
f 4006/1068/2814 4004/1069/2815 3999/1087/2819
f 4009/1078/2820 4013/1075/2805 4012/1079/2821
f 4013/1075/2805 4009/1078/2820 4010/1064/2809
f 4010/1064/2809 4011/776/2460 4014/777/2476
f 4017/1086/2822 4018/1072/2804 4015/1089/2823
f 4016/1071/2817 4018/1072/2804 4017/1086/2822
f 4019/808/2534 4016/1071/2817 4017/1086/2822
f 4016/1071/2817 4019/808/2824 4020/809/2497
f 4023/1082/2812 4025/808/2534 4024/1084/2796
f 4023/1082/2812 4024/1084/2796 4021/1081/2795
f 4022/1077/2810 4023/1082/2812 4021/1081/2795
f 4022/1077/2810 4027/771/2825 4023/1082/2812
f 4022/1077/2810 4026/1066/2811 4027/771/2469
f 4026/1066/2811 4028/779/2535 4027/771/2469
f 4032/1086/2822 4029/1089/2823 4035/1085/2826
f 4029/1089/2823 4034/1100/2827 4035/1085/2826
f 4034/1100/2827 4031/1098/2828 4035/1085/2826
f 4035/1085/2826 4031/1098/2828 4033/1083/2829
f 4031/1098/2828 4030/1092/2830 4033/1083/2829
f 4030/1092/2830 4038/1080/2807 4033/1083/2829
f 4036/1079/2821 4038/1080/2807 4030/1092/2830
f 4036/1079/2821 4037/1075/2805 4038/1080/2807
f 4039/1081/2795 4040/1083/2829 4041/1080/2807
f 4042/1084/2796 4044/1085/2826 4043/1083/2829
f 4057/1074/2813 4053/1087/2819 4059/1110/2831
f 4057/1074/2813 4059/1110/2831 4058/1109/2832
f 4057/1074/2813 4058/1109/2832 4051/1108/2833
f 4051/1108/2833 4049/1088/2803 4057/1074/2813
f 4051/1108/2833 4050/1112/2834 4049/1088/2803
f 4049/1088/2803 4050/1112/2834 4045/1111/2835
f 4045/1111/2835 4050/1112/2834 4052/1115/2836
f 4045/1111/2835 4052/1115/2836 4046/1089/2823
f 4058/1109/2832 4047/1114/2837 4051/1108/2838
f 4047/1114/2837 4054/1113/2839 4051/1108/2833
f 4050/1112/2834 4051/1108/2833 4054/1113/2839
f 4055/1117/2840 4050/1112/2834 4054/1113/2839
f 4055/1117/2840 4048/1116/2841 4050/1112/2834
f 4048/1116/2842 4052/1115/2836 4050/1112/2834
f 4055/1117/2840 4054/1113/2843 4056/1118/2844
f 4055/1117/2840 4056/1118/2844 4048/1116/2842
f 4062/1074/2813 4060/1088/2803 4061/1073/2802
f 4065/1074/2813 4064/1068/2814 4063/1087/2819
f 4066/1105/2836 4085/1100/2827 4067/1089/2823
f 4085/1100/2827 4066/1105/2836 4083/1099/2845
f 4085/1100/2827 4083/1099/2845 4071/1098/2828
f 4083/1099/2845 4078/1097/2846 4071/1098/2828
f 4078/1097/2846 4076/1096/2847 4071/1098/2828
f 4076/1096/2847 4070/1092/2830 4071/1098/2828
f 4076/1096/2847 4075/1095/2848 4070/1092/2830
f 4075/1095/2848 4073/1091/2849 4070/1092/2830
f 4073/1091/2849 4086/1079/2821 4070/1092/2830
f 4066/1105/2836 4072/1104/2841 4083/1099/2845
f 4072/1104/2842 4081/1101/2850 4083/1099/2845
f 4081/1101/2851 4080/1094/2852 4083/1099/2845
f 4083/1099/2845 4080/1094/2852 4078/1097/2846
f 4080/1094/2852 4076/1096/2847 4078/1097/2846
f 4075/1095/2848 4076/1096/2847 4080/1094/2852
f 4077/1093/2837 4075/1095/2848 4080/1094/2852
f 4073/1091/2849 4075/1095/2848 4077/1093/2837
f 4084/1107/2832 4073/1091/2849 4077/1093/2853
f 4074/1106/2831 4073/1091/2849 4084/1107/2832
f 4068/1090/2854 4073/1091/2849 4074/1106/2831
f 4073/1091/2849 4068/1090/2854 4086/1079/2821
f 4072/1104/2842 4082/1103/2855 4081/1101/2851
f 4081/1101/2851 4082/1103/2856 4079/1102/2857
f 4079/1102/2857 4077/1093/2837 4081/1101/2851
f 4077/1093/2858 4080/1094/2852 4081/1101/2851
f 4068/1090/2854 4069/1078/2820 4086/1079/2821
f 4089/1088/2803 4087/1111/2835 4090/1072/2804
f 4088/1089/2823 4090/1072/2804 4087/1111/2835
f 4097/1154/2859 4096/1167/2860 4092/1169/2861
f 4095/1155/2862 4096/1167/2860 4097/1154/2859
f 4096/1167/2860 4095/1155/2862 4093/1158/2863
f 4099/1131/2864 4096/1167/2860 4093/1158/2865
f 4093/1158/2863 4091/1130/2866 4099/1131/2867
f 4091/1130/2866 4094/1129/2868 4099/1131/2864
f 4099/1131/2864 4094/1129/2868 4100/1151/2869
f 4100/1151/2869 4094/1129/2868 4098/1150/2870
f 4102/1175/2871 4104/1171/2872 4106/1119/2873
f 4102/1175/2874 4103/1174/2875 4104/1171/2876
f 4103/1174/2875 4101/1170/2877 4104/1171/2876
f 4104/1171/2872 4101/1170/2878 4105/1172/2879
f 4109/1167/2860 4108/1168/2880 4107/1169/2861
f 4109/1167/2860 4110/1131/2864 4108/1168/2880
f 4125/1132/2881 4114/747/2426 4124/1133/2882
f 4114/747/2426 4121/1134/2883 4124/1133/2884
f 4124/1133/2882 4121/1134/2883 4123/1146/2885
f 4121/1134/2883 4126/1145/2886 4123/1146/2885
f 4123/1146/2885 4126/1145/2886 4120/1147/2887
f 4122/1148/2888 4123/1146/2885 4120/1147/2887
f 4120/1147/2887 4113/1149/2889 4122/1148/2888
f 4113/1149/2889 4111/1144/2890 4122/1148/2888
f 4121/1134/2883 4114/747/2426 4115/745/2427
f 4121/1134/2883 4115/745/2427 4116/751/2428
f 4126/1145/2886 4121/1134/2883 4116/751/2428
f 4126/1145/2886 4116/751/2428 4112/757/2429
f 4120/1147/2887 4126/1145/2886 4112/757/2429
f 4112/757/2429 4119/691/2431 4120/1147/2887
f 4119/691/2431 4113/1149/2889 4120/1147/2887
f 4113/1149/2891 4119/691/2431 4117/692/2432
f 4113/1149/2889 4117/692/2432 4111/1144/2890
f 4117/692/2432 4118/1143/2892 4111/1144/2890
f 4129/1143/2892 4128/692/2432 4127/741/2398
f 4130/1152/2893 4129/1143/2892 4127/741/2398
f 4136/737/2419 4133/1123/2894 4135/736/2417
f 4133/1123/2894 4134/1122/2895 4135/736/2417
f 4135/736/2417 4134/1122/2895 4131/741/2896
f 4134/1122/2895 4132/1152/2893 4131/741/2398
f 4139/614/2297 4137/613/2296 4138/1125/2897
f 4145/1137/2898 4144/1162/2899 4140/1161/2900
f 4143/1128/2901 4144/1162/2899 4145/1137/2898
f 4143/1128/2902 4145/1137/2898 4142/1126/2903
f 4146/1127/2904 4143/1128/2902 4142/1126/2903
f 4147/607/2291 4146/1127/2904 4142/1126/2903
f 4147/607/2291 4141/625/2294 4146/1127/2904
f 4148/1120/2905 4150/1119/2873 4149/1121/2906
f 4158/1153/2907 4159/1155/2862 4161/1154/2859
f 4158/1153/2907 4161/1154/2859 4154/1156/2908
f 4161/1154/2859 4164/1157/2909 4154/1156/2908
f 4153/1159/2910 4152/1158/2863 4159/1155/2862
f 4153/1159/2910 4155/1160/2911 4152/1158/2863
f 4155/1160/2911 4151/1130/2866 4152/1158/2863
f 4155/1160/2911 4156/1161/2912 4151/1130/2866
f 4156/1161/2900 4165/1162/2913 4151/1130/2866
f 4165/1162/2899 4163/1128/2902 4151/1130/2866
f 4163/1128/2902 4157/1129/2868 4151/1130/2866
f 4157/1129/2868 4163/1128/2902 4166/1127/2904
f 4162/1150/2870 4157/1129/2868 4166/1127/2904
f 4160/625/2294 4162/1150/2870 4166/1127/2904
f 4169/1119/2873 4168/1171/2872 4167/1176/2914
f 4174/723/2383 4173/737/2915 4172/722/2379
f 4174/723/2383 4170/1173/2916 4173/737/2419
f 4170/1173/2917 4171/1123/2894 4173/737/2419
f 4183/1136/2918 4175/1164/2919 4180/1165/2920
f 4177/1142/2921 4183/1136/2922 4180/1165/2920
f 4183/1136/2923 4177/1142/2921 4178/1135/2924
f 4177/1142/2925 4179/1139/2926 4178/1135/2924
f 4182/619/2281 4178/1135/2924 4179/1139/2926
f 4178/1135/2924 4182/619/2281 4181/608/2285
f 4181/608/2285 4182/619/2281 4176/618/2282
f 4188/622/2301 4185/1124/2927 4187/621/2302
f 4188/622/2301 4186/1120/2905 4185/1124/2927
f 4184/1510/2928 4185/1124/2927 4186/1120/2905
f 4194/1166/2929 4191/1141/2930 4192/1165/2920
f 4189/631/2274 4190/632/2279 4193/1138/2931
f 4199/1141/2930 4195/1142/2925 4200/1165/2920
f 4195/1142/2925 4199/1141/2930 4196/1139/2926
f 4199/1141/2930 4198/1140/2932 4196/1139/2926
f 4196/1139/2926 4198/1140/2932 4201/1138/2931
f 4201/1138/2931 4197/632/2279 4196/1139/2926
f 4197/632/2279 4203/619/2933 4196/1139/2934
f 4202/617/2280 4203/619/2933 4197/632/2279
f 4204/1163/2935 4210/1137/2936 4206/1161/2900
f 4204/1163/2935 4205/1164/2919 4210/1137/2898
f 4205/1164/2919 4212/1136/2922 4210/1137/2898
f 4210/1137/2937 4212/1136/2922 4207/1126/2903
f 4212/1136/2922 4208/1135/2924 4207/1126/2903
f 4207/1126/2903 4208/1135/2924 4209/608/2285
f 4209/608/2285 4211/607/2291 4207/1126/2903
f 4214/1194/2938 4219/789/2492 4216/790/2495
f 4213/1195/2939 4214/1194/2938 4216/790/2495
f 4217/1199/2940 4214/1194/2938 4213/1195/2939
f 4218/1191/2941 4217/1199/2940 4213/1195/2939
f 4215/1203/2942 4217/1199/2940 4218/1191/2941
f 4224/788/2533 4225/789/2492 4220/1194/2938
f 4223/1198/2943 4224/788/2533 4220/1194/2938
f 4223/1198/2943 4220/1194/2938 4222/1199/2940
f 4226/1201/2944 4223/1198/2943 4222/1199/2940
f 4221/1202/2945 4226/1201/2944 4222/1199/2940
f 4227/819/2489 4228/1206/2946 4229/818/2530
f 4229/818/2530 4228/1206/2946 4233/1200/2947
f 4228/1206/2946 4231/1204/2948 4233/1200/2947
f 4231/1204/2948 4234/1205/2949 4233/1200/2947
f 4234/1205/2949 4232/1189/2950 4233/1200/2947
f 4234/1205/2949 4230/1207/2951 4232/1189/2950
f 4237/826/2491 4236/1206/2946 4235/819/2489
f 4240/791/2511 4242/1196/2952 4239/790/2495
f 4242/1196/2952 4238/1195/2939 4239/790/2495
f 4238/1195/2939 4242/1196/2952 4244/1191/2941
f 4242/1196/2952 4243/1190/2953 4244/1191/2941
f 4244/1191/2941 4243/1190/2953 4241/1192/2954
f 4246/714/2385 4245/703/2368 4249/1193/2955
f 4245/703/2368 4247/701/2371 4249/1193/2955
f 4247/701/2371 4248/1208/2956 4249/1193/2955
f 4248/1208/2956 4250/1209/2957 4249/1193/2955
f 4250/1209/2957 4248/1208/2956 4251/1179/2958
f 4255/701/2371 4257/702/2370 4256/1208/2956
f 4257/702/2370 4258/1197/2959 4256/1208/2956
f 4256/1208/2956 4258/1197/2959 4253/1178/2960
f 4256/1208/2956 4253/1178/2960 4259/1179/2958
f 4253/1178/2960 4254/1177/2961 4259/1179/2958
f 4254/1177/2961 4252/1185/2962 4259/1179/2958
f 4265/702/2370 4266/687/2457 4268/1197/2959
f 4266/687/2457 4267/796/2525 4268/1197/2959
f 4267/796/2525 4260/1183/2963 4268/1197/2959
f 4260/1183/2963 4263/1181/2964 4268/1197/2959
f 4268/1197/2959 4263/1181/2964 4261/1178/2960
f 4263/1181/2964 4264/1180/2965 4261/1178/2960
f 4264/1180/2965 4262/1177/2961 4261/1178/2960
f 4269/797/2505 4270/1183/2963 4271/796/2525
f 4277/1177/2961 4272/1186/2966 4273/1185/2962
f 4275/1184/2967 4274/1211/2944 4276/1182/2968
f 4276/1182/2968 4274/1211/2944 4278/1210/2945
f 4281/816/2529 4279/818/2530 4282/791/2511
f 4283/1196/2952 4282/791/2511 4279/818/2530
f 4286/1200/2947 4283/1196/2952 4279/818/2530
f 4286/1200/2947 4285/1189/2950 4283/1196/2952
f 4285/1189/2950 4284/1190/2953 4283/1196/2952
f 4284/1190/2953 4285/1189/2950 4280/1188/2969
f 4288/830/2536 4289/1184/2967 4290/797/2505
f 4290/797/2505 4289/1184/2967 4291/1183/2963
f 4291/1183/2963 4289/1184/2967 4292/1182/2968
f 4291/1183/2963 4292/1182/2968 4294/1181/2964
f 4292/1182/2968 4295/1180/2965 4294/1181/2964
f 4295/1180/2965 4292/1182/2968 4287/1187/2970
f 4295/1180/2965 4287/1187/2970 4293/1177/2961
f 4298/1216/2971 4299/1190/2953 4296/1188/2969
f 4299/1190/2953 4298/1216/2971 4297/1192/2954
f 4301/1207/2951 4300/1188/2969 4302/1189/2950
f 4306/1207/2951 4307/1219/2972 4305/1188/2969
f 4307/1219/2972 4308/1218/2973 4305/1188/2969
f 4310/1216/2971 4305/1188/2969 4308/1218/2973
f 4320/1217/2974 4310/1216/2971 4308/1218/2973
f 4310/1216/2971 4320/1217/2974 4321/1215/2975
f 4309/1192/2954 4310/1216/2971 4321/1215/2975
f 4307/1219/2972 4303/1225/2976 4308/1218/2973
f 4303/1225/2976 4311/1224/2977 4308/1218/2973
f 4320/1217/2974 4308/1218/2973 4311/1224/2977
f 4314/1223/2978 4320/1217/2974 4311/1224/2977
f 4320/1217/2974 4314/1223/2978 4318/1222/2979
f 4321/1215/2975 4320/1217/2974 4318/1222/2979
f 4318/1222/2979 4313/1221/2980 4321/1215/2975
f 4313/1221/2980 4318/1222/2979 4315/1227/2981
f 4313/1221/2980 4315/1227/2981 4316/1226/2982
f 4311/1224/2977 4303/1225/2976 4304/1230/2983
f 4312/1229/2984 4311/1224/2977 4304/1230/2983
f 4314/1223/2978 4311/1224/2977 4312/1229/2984
f 4314/1223/2978 4312/1229/2984 4319/1228/2985
f 4319/1228/2985 4318/1222/2979 4314/1223/2978
f 4315/1227/2981 4318/1222/2979 4319/1228/2985
f 4317/1231/2986 4315/1227/2987 4319/1228/2985
f 4312/1229/2988 4317/1231/2986 4319/1228/2989
f 4329/1212/2990 4336/1182/2968 4344/1210/2991
f 4336/1182/2968 4329/1212/2990 4327/1187/2992
f 4329/1212/2990 4333/1236/2993 4327/1187/2992
f 4333/1236/2993 4328/1235/2994 4327/1187/2992
f 4327/1187/2970 4328/1235/2994 4325/1234/2995
f 4331/1186/2966 4327/1187/2992 4325/1234/2995
f 4331/1186/2966 4325/1234/2995 4343/1233/2972
f 4338/1232/2951 4331/1186/2966 4343/1233/2972
f 4331/1186/2966 4338/1232/2951 4335/1185/2962
f 4329/1212/2990 4344/1210/2991 4337/1237/2996
f 4333/1236/2993 4329/1212/2990 4337/1237/2996
f 4333/1236/2993 4337/1237/2996 4330/1242/2997
f 4334/1241/2998 4333/1236/2993 4330/1242/2997
f 4328/1235/2994 4333/1236/2993 4334/1241/2998
f 4326/1240/2999 4328/1235/2994 4334/1241/2998
f 4325/1234/2995 4328/1235/2994 4326/1240/2999
f 4324/1239/3000 4325/1234/2995 4326/1240/2999
f 4325/1234/2995 4324/1239/3000 4332/1238/3001
f 4343/1233/2972 4325/1234/2995 4332/1238/3001
f 4334/1241/2998 4330/1242/2997 4322/1247/2982
f 4334/1241/2998 4322/1247/2982 4341/1246/3002
f 4341/1246/3002 4339/1245/3003 4334/1241/2998
f 4339/1245/3003 4326/1240/2999 4334/1241/2998
f 4324/1239/3000 4326/1240/2999 4339/1245/3003
f 4345/1244/3004 4324/1239/3000 4339/1245/3003
f 4324/1239/3000 4345/1244/3004 4323/1243/2983
f 4332/1238/3001 4324/1239/3000 4323/1243/2983
f 4322/1247/2982 4340/1250/2981 4341/1246/3002
f 4342/1249/3005 4341/1246/3002 4340/1250/2981
f 4341/1246/3002 4342/1249/2986 4339/1245/3003
f 4342/1249/3006 4345/1244/3004 4339/1245/3003
f 4342/1249/3005 4346/1248/2984 4345/1244/3004
f 4323/1243/2983 4345/1244/3004 4346/1248/2984
f 4347/1203/2942 4348/1202/2991 4352/1199/2940
f 4351/1213/3007 4348/1202/2991 4347/1203/2942
f 4350/1214/3008 4351/1213/3007 4347/1203/2942
f 4349/1220/2997 4351/1213/3007 4350/1214/3008
f 4354/1192/2954 4353/1203/2942 4358/1191/2941
f 4357/1214/3008 4353/1203/2942 4354/1192/2954
f 4360/1215/2975 4357/1214/3008 4354/1192/2954
f 4355/1221/2980 4357/1214/3008 4360/1215/2975
f 4355/1221/2980 4356/1220/2997 4357/1214/3008
f 4356/1220/2997 4355/1221/2980 4359/1226/2982
f 4361/1187/2992 4362/1186/2966 4363/1177/2961
f 4368/582/2210 4366/583/2213 4369/593/2248
f 4369/593/2248 4366/583/2213 4367/1273/3009
f 4369/593/2248 4367/1273/3010 4364/1274/3011
f 4370/587/2203 4369/593/2248 4364/1274/3011
f 4364/1274/3011 4365/764/2270 4370/587/2203
f 4373/575/2216 4372/573/2217 4371/571/2211
f 4380/573/2217 4374/1251/3012 4379/572/2212
f 4374/1251/3012 4375/1252/3013 4379/572/2214
f 4379/572/2214 4375/1252/3013 4377/1261/3014
f 4376/583/2213 4379/572/2212 4377/1261/3014
f 4376/583/2213 4377/1261/3014 4378/1273/3009
f 4384/552/2221 4386/575/2216 4383/551/2215
f 4386/575/2216 4384/552/2221 4381/1351/3015
f 4386/575/2216 4381/1351/3015 4382/1251/3012
f 4385/573/2217 4386/575/2216 4382/1251/3012
f 4390/546/3016 4387/547/3017 4389/1350/3018
f 4389/1350/3018 4388/552/2221 4390/546/2220
f 4463/1315/3019 4466/570/2268 4462/762/2267
f 4435/547/3017 4466/570/2240 4463/1315/3019
f 4434/1316/3020 4435/547/2271 4463/1315/3019
f 4435/547/3017 4434/1316/3020 4493/1350/3018
f 4456/1321/3021 4462/762/2267 4446/763/2266
f 4456/1321/3021 4459/1320/3022 4462/762/2267
f 4459/1320/3022 4465/1319/3023 4462/762/2267
f 4465/1319/3023 4478/1318/3024 4462/762/2267
f 4478/1318/3024 4463/1315/3019 4462/762/2267
f 4478/1318/3024 4457/1317/3025 4463/1315/3019
f 4457/1317/3025 4473/1314/3026 4463/1315/3019
f 4463/1315/3019 4473/1314/3027 4430/1313/3028
f 4434/1316/3020 4463/1315/3019 4430/1313/3028
f 4434/1316/3020 4430/1313/3028 4493/1350/3018
f 4482/1322/3029 4459/1320/3022 4456/1321/3021
f 4459/1320/3022 4482/1322/3029 4483/1323/3030
f 4461/1342/3031 4459/1320/3022 4483/1323/3030
f 4459/1320/3022 4461/1342/3031 4460/1341/3032
f 4458/1333/3033 4459/1320/3022 4460/1341/3032
f 4459/1320/3022 4458/1333/3033 4465/1319/3023
f 4461/1342/3031 4483/1323/3030 4486/1343/3034
f 4461/1342/3031 4486/1343/3034 4460/1341/3035
f 4486/1343/3034 4433/1348/3036 4460/1341/3037
f 4433/1348/3036 4486/1343/3034 4408/1349/3038
f 4486/1343/3034 4491/1346/3039 4408/1349/3038
f 4408/1349/3038 4491/1346/3039 4492/1347/3040
f 4491/1346/3039 4445/1345/3041 4492/1347/3040
f 4483/1323/3030 4407/1344/3042 4486/1343/3034
f 4407/1344/3042 4445/1345/3041 4486/1343/3034
f 4445/1345/3041 4491/1346/3039 4486/1343/3034
f 4465/1319/3023 4458/1333/3043 4479/1332/3044
f 4465/1319/3023 4479/1332/3044 4481/1331/3045
f 4484/1330/3046 4465/1319/3023 4481/1331/3045
f 4465/1319/3023 4484/1330/3046 4467/1329/3047
f 4478/1318/3024 4465/1319/3023 4467/1329/3047
f 4484/1330/3046 4481/1331/3045 4449/1334/3048
f 4484/1330/3046 4449/1334/3048 4467/1329/3047
f 4449/1334/3048 4448/1340/3049 4467/1329/3047
f 4448/1340/3049 4449/1334/3048 4477/1339/3050
f 4449/1334/3048 4485/1336/3051 4477/1339/3050
f 4477/1339/3052 4485/1336/3051 4476/1338/3053
f 4476/1338/3053 4485/1336/3051 4480/1337/3054
f 4480/1337/3054 4485/1336/3051 4447/1335/3055
f 4481/1331/3045 4447/1335/3055 4449/1334/3048
f 4485/1336/3051 4449/1334/3048 4447/1335/3055
f 4457/1317/3025 4478/1318/3024 4469/1325/3056
f 4468/1324/3057 4457/1317/3025 4469/1325/3056
f 4457/1317/3025 4468/1324/3057 4405/1311/3058
f 4473/1314/3027 4457/1317/3025 4405/1311/3058
f 4437/1303/3059 4473/1314/3027 4405/1311/3058
f 4473/1314/3027 4437/1303/3059 4430/1313/3028
f 4430/1313/3028 4437/1303/3059 4494/1304/3060
f 4430/1313/3028 4494/1304/3060 4493/1350/3018
f 4468/1324/3057 4469/1325/3056 4471/1327/3061
f 4496/1326/3062 4468/1324/3057 4471/1327/3061
f 4405/1311/3058 4468/1324/3057 4496/1326/3062
f 4495/1310/3063 4405/1311/3058 4496/1326/3062
f 4444/1302/3064 4405/1311/3058 4495/1310/3063
f 4444/1302/3064 4437/1303/3059 4405/1311/3058
f 4432/1300/3065 4437/1303/3059 4444/1302/3064
f 4437/1303/3059 4432/1300/3065 4494/1304/3060
f 4432/1300/3065 4489/1305/3066 4494/1304/3060
f 4494/1304/3060 4489/1305/3066 4487/552/2221
f 4493/1350/3018 4494/1304/3060 4487/552/2221
f 4496/1326/3062 4471/1327/3061 4472/1328/3067
f 4495/1310/3068 4496/1326/3062 4472/1328/3067
f 4487/552/2221 4489/1305/3066 4400/1351/3015
f 4489/1305/3066 4432/1300/3065 4400/1351/3015
f 4432/1300/3065 4423/1260/3069 4400/1351/3015
f 4423/1260/3070 4413/1256/3071 4400/1351/3015
f 4413/1256/3071 4396/1253/3072 4400/1351/3073
f 4396/1253/3072 4411/1251/3012 4400/1351/3015
f 4411/1251/3012 4396/1253/3072 4440/1252/3013
f 4436/1299/3074 4423/1260/3069 4432/1300/3065
f 4436/1299/3075 4474/1298/3076 4423/1260/3069
f 4474/1298/3077 4464/1259/3078 4423/1260/3069
f 4464/1259/3079 4413/1256/3071 4423/1260/3069
f 4413/1256/3080 4464/1259/3078 4454/1258/3081
f 4414/1257/3082 4413/1256/3071 4454/1258/3081
f 4414/1257/3082 4421/1255/3083 4413/1256/3071
f 4421/1255/3083 4396/1253/3072 4413/1256/3071
f 4404/1301/3084 4436/1299/3074 4432/1300/3065
f 4403/1307/3085 4436/1299/3074 4404/1301/3084
f 4403/1307/3085 4470/1306/3086 4436/1299/3075
f 4470/1306/3086 4474/1298/3056 4436/1299/3074
f 4404/1301/3084 4432/1300/3065 4444/1302/3064
f 4404/1301/3084 4444/1302/3064 4431/1308/3087
f 4431/1308/3087 4403/1307/3085 4404/1301/3084
f 4431/1308/3087 4475/1312/3088 4403/1307/3085
f 4470/1306/3086 4403/1307/3085 4475/1312/3089
f 4444/1302/3064 4409/1309/3090 4431/1308/3087
f 4409/1309/3090 4475/1312/3088 4431/1308/3087
f 4495/1310/3063 4475/1312/3091 4409/1309/3090
f 4409/1309/3090 4444/1302/3064 4495/1310/3063
f 4454/1258/3081 4453/1291/3092 4414/1257/3082
f 4453/1291/3092 4450/1290/3093 4414/1257/3094
f 4421/1255/3083 4414/1257/3082 4450/1290/3093
f 4452/1289/3095 4421/1255/3083 4450/1290/3093
f 4421/1255/3096 4452/1289/3095 4455/1288/3097
f 4415/1267/3098 4421/1255/3096 4455/1288/3097
f 4415/1267/3098 4443/1254/3099 4421/1255/3083
f 4443/1254/3099 4396/1253/3100 4421/1255/3083
f 4402/1294/3101 4450/1290/3093 4453/1291/3092
f 4402/1294/3101 4424/1293/3102 4450/1290/3093
f 4424/1293/3103 4452/1289/3095 4450/1290/3093
f 4455/1288/3097 4452/1289/3095 4424/1293/3104
f 4427/1292/3105 4455/1288/3097 4424/1293/3103
f 4451/1287/3055 4455/1288/3097 4427/1292/3105
f 4455/1288/3097 4451/1287/3055 4415/1267/3106
f 4451/1287/3055 4422/1266/3045 4415/1267/3106
f 4415/1267/3106 4422/1266/3045 4443/1254/3099
f 4401/1295/3050 4402/1294/3101 4453/1291/3092
f 4428/1296/3107 4402/1294/3101 4401/1295/3050
f 4402/1294/3101 4428/1296/3107 4424/1293/3104
f 4427/1292/3105 4424/1293/3102 4428/1296/3107
f 4428/1296/3107 4399/1297/3054 4427/1292/3105
f 4399/1297/3054 4451/1287/3055 4427/1292/3105
f 4422/1266/3045 4442/1265/3044 4443/1254/3099
f 4442/1265/3044 4440/1252/3013 4443/1254/3099
f 4396/1253/3072 4443/1254/3099 4440/1252/3013
f 4395/1264/3033 4440/1252/3013 4442/1265/3044
f 4418/1263/3108 4440/1252/3109 4395/1264/3033
f 4440/1252/3013 4418/1263/3108 4410/1262/3110
f 4488/1261/3014 4440/1252/3013 4410/1262/3111
f 4488/1261/3014 4410/1262/3110 4438/1268/3112
f 4490/1273/3009 4488/1261/3014 4438/1268/3112
f 4419/1274/3011 4490/1273/3009 4438/1268/3112
f 4395/1264/3033 4394/1272/3032 4418/1263/3108
f 4394/1272/3032 4417/1271/3113 4418/1263/3108
f 4417/1271/3113 4441/1270/3114 4418/1263/3108
f 4441/1270/3114 4410/1262/3110 4418/1263/3108
f 4441/1270/3114 4397/1269/3115 4410/1262/3111
f 4397/1269/3115 4438/1268/3112 4410/1262/3110
f 4419/1274/3011 4438/1268/3112 4397/1269/3115
f 4416/1275/3030 4419/1274/3011 4397/1269/3115
f 4416/1275/3030 4397/1269/3115 4406/1276/3116
f 4397/1269/3115 4439/1277/3117 4406/1276/3116
f 4406/1276/3116 4439/1277/3117 4425/1281/3041
f 4394/1272/3032 4426/1280/3036 4417/1271/3113
f 4426/1280/3036 4391/1279/3118 4417/1271/3113
f 4417/1271/3113 4391/1279/3118 4441/1270/3114
f 4391/1279/3118 4398/1278/3119 4441/1270/3114
f 4398/1278/3119 4439/1277/3117 4441/1270/3114
f 4439/1277/3117 4397/1269/3115 4441/1270/3114
f 4426/1280/3036 4429/1285/3120 4391/1279/3118
f 4429/1285/3120 4392/1284/3121 4391/1279/3118
f 4391/1279/3118 4392/1284/3121 4398/1278/3119
f 4392/1284/3121 4412/1283/3122 4398/1278/3119
f 4398/1278/3119 4412/1283/3122 4439/1277/3117
f 4412/1283/3122 4393/1282/3123 4439/1277/3117
f 4439/1277/3117 4393/1282/3123 4425/1281/3041
f 4420/1286/3040 4425/1281/3041 4393/1282/3123
f 4412/1283/3122 4420/1286/3124 4393/1282/3123
f 4392/1284/3121 4420/1286/3040 4412/1283/3122
f 4420/1286/3040 4392/1284/3121 4429/1285/3120
f 4499/854/1323 4497/1505/2195 4498/855/3125
f 4500/1511/3126 4501/1512/3127 4504/1513/3128
f 4504/1513/3128 4501/1512/3127 4503/1514/3129
f 4502/1515/3130 4504/1513/3128 4503/1514/3129
f 4502/1515/3130 4503/1514/3129 4506/1516/3131
f 4503/1514/3129 4508/1517/3132 4506/1516/3131
f 4506/1516/3131 4508/1517/3132 4507/1514/3133
f 4505/1515/3134 4506/1516/3131 4507/1514/3133
f 4511/1492/2154 4510/851/1320 4509/1504/2183
f 4512/851/2155 4514/1492/2154 4513/1504/2183
f 4516/1518/3135 4517/1519/3136 4515/1520/3137
f 4567/1521/3138 4520/1522/3139 4544/1523/3140
f 4567/1521/3141 4544/1523/3140 4523/1524/3142
f 4523/1524/3142 4543/1525/3143 4567/1521/3141
f 4543/1525/3143 4548/1526/3144 4567/1521/3141
f 4548/1526/3144 4541/1527/3145 4567/1521/3141
f 4540/1528/3146 4541/1527/3145 4548/1526/3144
f 4540/1528/3146 4569/1529/3147 4541/1527/3145
f 4523/1524/3142 4544/1523/3140 4594/1530/3148
f 4571/1531/3149 4523/1524/3142 4594/1530/3148
f 4523/1524/3142 4571/1531/3149 4522/1532/3150
f 4542/1533/3151 4523/1524/3142 4522/1532/3150
f 4542/1533/3151 4543/1525/3143 4523/1524/3142
f 4570/1534/3152 4543/1525/3143 4542/1533/3151
f 4570/1534/3152 4542/1533/3151 4530/1535/3153
f 4542/1533/3151 4528/1536/3154 4530/1535/3153
f 4544/1523/3140 4637/1537/3155 4594/1530/3148
f 4594/1530/3148 4637/1537/3155 4595/1523/3156
f 4594/1530/3148 4595/1523/3156 4596/1524/3157
f 4594/1530/3148 4596/1524/3157 4621/1531/3158
f 4636/1538/3159 4594/1530/3148 4621/1531/3158
f 4636/1538/3159 4571/1531/3149 4594/1530/3148
f 4544/1523/3160 4519/1539/3161 4637/1537/3155
f 4637/1537/3155 4519/1539/3161 4575/1540/3162
f 4575/1540/3163 4630/1539/3164 4637/1537/3165
f 4637/1537/3166 4630/1539/3164 4595/1523/3156
f 4636/1538/3159 4524/1541/3167 4571/1531/3149
f 4527/1542/3168 4571/1531/3149 4524/1541/3167
f 4571/1531/3149 4527/1542/3168 4525/1543/3169
f 4571/1531/3149 4525/1543/3170 4521/1544/3171
f 4571/1531/3149 4521/1544/3172 4522/1532/3150
f 4518/1545/3173 4522/1532/3150 4521/1544/3171
f 4522/1532/3150 4518/1545/3173 4529/1546/3174
f 4522/1532/3150 4529/1546/3175 4526/1547/3176
f 4522/1532/3150 4526/1547/3176 4528/1536/3177
f 4542/1533/3151 4522/1532/3150 4528/1536/3154
f 4621/1531/3158 4611/1541/3178 4636/1538/3159
f 4611/1541/3178 4621/1531/3179 4631/1542/3180
f 4632/1543/3181 4631/1542/3182 4621/1531/3158
f 4633/1544/3183 4632/1543/3181 4621/1531/3158
f 4629/1532/3184 4633/1544/3185 4621/1531/3158
f 4633/1544/3185 4629/1532/3186 4577/1545/3187
f 4612/1546/3188 4577/1545/3187 4629/1532/3184
f 4574/1547/3189 4612/1546/3190 4629/1532/3184
f 4576/1536/3191 4574/1547/3189 4629/1532/3184
f 4634/1533/3192 4576/1536/3191 4629/1532/3184
f 4578/1535/3193 4576/1536/3194 4634/1533/3192
f 4629/1532/3184 4621/1531/3158 4596/1524/3157
f 4634/1533/3192 4629/1532/3184 4596/1524/3157
f 4596/1524/3157 4619/1525/3195 4634/1533/3192
f 4634/1533/3192 4619/1525/3195 4620/1534/3196
f 4620/1534/3196 4578/1535/3197 4634/1533/3192
f 4638/1521/3198 4619/1525/3195 4596/1524/3157
f 4638/1521/3199 4635/1526/3200 4619/1525/3195
f 4638/1521/3198 4606/1527/3201 4635/1526/3200
f 4635/1526/3200 4606/1527/3201 4605/1528/3202
f 4606/1527/3201 4592/1529/3203 4605/1528/3204
f 4596/1524/3157 4595/1523/3156 4638/1521/3198
f 4595/1523/3156 4628/1522/3205 4638/1521/3198
s 3529
f 4561/1548/3143 4546/1549/3206 4533/1550/3207
f 4533/1550/3207 4565/1551/3208 4561/1548/3143
f 4565/1551/3208 4535/1552/3209 4561/1548/3143
f 4535/1552/3209 4549/1553/3210 4561/1548/3143
f 4534/1554/3146 4549/1553/3210 4535/1552/3209
f 4564/1555/3211 4534/1554/3146 4535/1552/3209
f 4551/1556/3212 4534/1554/3146 4564/1555/3211
f 4550/1557/3213 4551/1556/3212 4564/1555/3211
f 4565/1551/3208 4533/1550/3207 4532/1558/3214
f 4532/1558/3214 4531/1559/3215 4565/1551/3208
f 4531/1559/3215 4547/1560/3216 4565/1551/3208
f 4547/1560/3216 4554/1561/3217 4565/1551/3208
f 4554/1561/3217 4535/1552/3209 4565/1551/3208
f 4535/1552/3209 4554/1561/3217 4564/1555/3211
f 4554/1561/3217 4553/1562/3218 4564/1555/3211
f 4553/1562/3218 4550/1557/3213 4564/1555/3211
f 4531/1559/3215 4532/1558/3214 4562/1563/3219
f 4560/1564/3220 4531/1559/3215 4562/1563/3219
f 4560/1564/3220 4539/1565/3221 4531/1559/3215
f 4580/1566/3222 4531/1559/3215 4539/1565/3221
f 4531/1559/3215 4580/1566/3222 4547/1560/3216
f 4580/1566/3222 4587/1567/3223 4547/1560/3216
f 4587/1567/3223 4583/1568/3224 4547/1560/3216
f 4583/1568/3224 4554/1561/3217 4547/1560/3216
f 4562/1563/3219 4532/1558/3214 4536/1569/3176
f 4536/1569/3176 4558/1570/3225 4562/1563/3219
f 4558/1570/3225 4568/1571/3226 4562/1563/3219
f 4568/1571/3226 4556/1572/3227 4562/1563/3219
f 4545/1573/3228 4562/1563/3219 4556/1572/3227
f 4545/1573/3228 4560/1564/3220 4562/1563/3219
f 4552/1574/3229 4560/1564/3220 4545/1573/3228
f 4560/1564/3220 4552/1574/3229 4604/1575/3230
f 4610/1576/3231 4560/1564/3220 4604/1575/3230
f 4539/1565/3221 4560/1564/3220 4610/1576/3231
f 4556/1572/3227 4563/1577/3232 4545/1573/3228
f 4538/1578/3233 4545/1573/3228 4563/1577/3232
f 4545/1573/3228 4538/1578/3233 4537/1579/3234
f 4552/1574/3229 4545/1573/3228 4537/1579/3234
f 4552/1574/3229 4537/1579/3234 4602/1580/3235
f 4604/1575/3230 4552/1574/3229 4602/1580/3235
f 4604/1575/3230 4602/1580/3235 4626/1574/3236
f 4604/1575/3230 4626/1574/3236 4573/1564/3237
f 4610/1576/3231 4604/1575/3230 4573/1564/3237
f 4573/1564/3237 4589/1565/3238 4610/1576/3231
f 4589/1565/3238 4609/1581/3239 4610/1576/3231
f 4609/1581/3239 4539/1565/3221 4610/1576/3231
f 4609/1581/3239 4580/1566/3222 4539/1565/3221
f 4538/1578/3233 4555/1582/3240 4537/1579/3234
f 4537/1579/3234 4555/1582/3240 4600/1583/3241
f 4602/1580/3235 4537/1579/3234 4600/1583/3241
f 4602/1580/3235 4600/1583/3241 4597/1579/3242
f 4602/1580/3235 4597/1579/3242 4626/1574/3236
f 4597/1579/3242 4572/1573/3243 4626/1574/3236
f 4572/1573/3243 4573/1564/3237 4626/1574/3236
f 4622/1563/3244 4573/1564/3237 4572/1573/3243
f 4617/1559/3245 4573/1564/3237 4622/1563/3244
f 4617/1559/3245 4589/1565/3238 4573/1564/3237
f 4617/1559/3245 4580/1566/3222 4589/1565/3238
f 4580/1566/3222 4609/1581/3239 4589/1565/3238
f 4600/1583/3241 4613/1582/3246 4597/1579/3242
f 4613/1582/3246 4615/1578/3247 4597/1579/3242
f 4615/1578/3247 4572/1573/3243 4597/1579/3242
f 4579/1577/3248 4572/1573/3243 4615/1578/3247
f 4572/1573/3243 4579/1577/3248 4581/1572/3249
f 4581/1572/3249 4622/1563/3244 4572/1573/3243
f 4622/1563/3244 4581/1572/3249 4590/1571/3250
f 4622/1563/3244 4590/1571/3250 4614/1570/3251
f 4622/1563/3244 4614/1570/3251 4618/1569/3252
f 4618/1569/3252 4586/1558/3191 4622/1563/3244
f 4586/1558/3191 4617/1559/3245 4622/1563/3244
f 4586/1558/3191 4584/1551/3253 4617/1559/3245
f 4584/1551/3253 4585/1560/3254 4617/1559/3245
f 4617/1559/3245 4585/1560/3254 4580/1566/3222
f 4585/1560/3254 4587/1567/3223 4580/1566/3222
f 4587/1567/3223 4585/1560/3254 4583/1568/3224
f 4586/1558/3191 4599/1550/3255 4584/1551/3253
f 4616/1548/3256 4584/1551/3253 4599/1550/3255
f 4607/1552/3257 4584/1551/3253 4616/1548/3256
f 4584/1551/3253 4607/1552/3257 4582/1561/3258
f 4585/1560/3254 4584/1551/3253 4582/1561/3258
f 4585/1560/3254 4582/1561/3258 4583/1568/3224
f 4599/1550/3255 4588/1549/3259 4616/1548/3256
f 4627/1553/3200 4607/1552/3257 4616/1548/3256
f 4607/1552/3257 4627/1553/3200 4598/1554/3260
f 4608/1555/3261 4607/1552/3257 4598/1554/3260
f 4608/1555/3261 4582/1561/3258 4607/1552/3257
f 4582/1561/3258 4608/1555/3261 4591/1562/3262
f 4624/1584/3263 4582/1561/3258 4591/1562/3262
f 4603/1585/3264 4582/1561/3258 4624/1584/3263
f 4582/1561/3258 4603/1585/3264 4583/1568/3224
f 4608/1555/3261 4598/1554/3260 4625/1556/3265
f 4608/1555/3261 4625/1556/3265 4623/1557/3266
f 4608/1555/3261 4623/1557/3266 4591/1562/3262
f 4603/1585/3264 4601/1586/3267 4583/1568/3224
f 4601/1586/3267 4593/1587/3268 4583/1568/3224
f 4583/1568/3224 4593/1587/3268 4559/1586/3269
f 4583/1568/3224 4559/1586/3269 4557/1585/3270
f 4554/1561/3217 4583/1568/3224 4557/1585/3270
f 4566/1584/3271 4554/1561/3217 4557/1585/3270
f 4553/1562/3218 4554/1561/3217 4566/1584/3271
s 0
f 4639/1519/3272 4641/1518/3273 4640/1520/3274
f 4643/1514/3133 4644/1512/3275 4645/1513/3276
f 4645/1513/3276 4644/1512/3275 4642/1511/3277
f 4646/1515/3134 4647/1514/3133 4648/1513/3276
f 4650/1588/3278 4652/1589/3279 4658/1590/3280
f 4658/1590/3280 4652/1589/3279 4657/1591/3281
f 4657/1591/3281 4653/1589/3282 4658/1590/3280
f 4658/1590/3280 4653/1589/3282 4656/1588/3283
f 4654/856/1325 4656/1588/3283 4653/1589/3282
f 4655/855/3125 4656/1588/3283 4654/856/1325
f 4652/1589/3279 4650/1588/3278 4649/856/2555
f 4650/1588/3278 4651/855/2553 4649/856/2555
f 4661/1505/2184 4659/854/2556 4660/855/2553
f 4662/1506/2185 4666/1505/2184 4663/1592/3284
f 4665/1593/3285 4662/1506/2185 4663/1592/3284
f 4665/1593/3285 4663/1592/3284 4664/1594/3286
f 4663/1592/3284 4667/1595/3287 4664/1594/3286
f 4671/1596/3288 4664/1594/3286 4667/1595/3287
f 4674/1597/3289 4671/1596/3288 4667/1595/3287
f 4674/1597/3289 4675/1595/3290 4671/1596/3288
f 4675/1595/3290 4669/1594/3291 4671/1596/3288
f 4669/1594/3291 4675/1595/3290 4673/1592/3292
f 4668/1593/3293 4669/1594/3291 4673/1592/3292
f 4670/1506/2194 4668/1593/3294 4673/1592/3292
f 4672/1505/2195 4670/1506/2194 4673/1592/3292
f 4677/1598/3295 4676/1599/3296 4678/1600/3297
f 4681/1598/3298 4679/1601/3299 4680/1602/3300
f 4683/1603/3301 4685/1518/3135 4682/1520/3137
f 4685/1518/3135 4683/1603/3301 4684/1520/3274
f 4689/1604/3302 4686/1599/3303 4690/1601/3304
f 4686/1599/3303 4687/1598/3295 4690/1601/3305
f 4688/1602/3306 4690/1601/3305 4687/1598/3295
f 4692/1604/3307 4691/1601/3299 4694/1599/3308
f 4691/1601/3299 4693/1598/3298 4694/1599/3308
f 4696/1600/3309 4694/1599/3308 4693/1598/3298
f 4697/1519/3136 4694/1599/3308 4696/1600/3310
f 4697/1519/3136 4696/1600/3309 4695/1520/3137
f 4700/1600/3297 4699/1599/3303 4698/1519/3272
f 4701/1520/3274 4700/1600/3297 4698/1519/3272
f 4702/1515/3134 4706/1513/3276 4703/1605/3311
f 4706/1513/3276 4704/1606/3312 4703/1605/3311
f 4704/1606/3312 4705/1607/3313 4703/1605/3311
f 4708/1516/3131 4707/1515/3134 4710/1608/3314
f 4710/1608/3314 4707/1515/3134 4709/1605/3311
f 4712/1606/3312 4713/1513/3276 4711/1511/3277
f 4715/1606/3315 4714/1511/3126 4716/1513/3128
f 4718/1607/3316 4717/1606/3315 4721/1605/3317
f 4717/1606/3315 4722/1513/3128 4721/1605/3317
f 4722/1513/3128 4719/1515/3130 4721/1605/3317
f 4719/1515/3130 4720/1608/3318 4721/1605/3317
f 4720/1608/3318 4719/1515/3130 4723/1516/3131
f 4724/1600/3297 4725/1520/3274 4726/1609/3319
f 4729/1605/3311 4730/1607/3313 4727/1172/1704
f 4729/1605/3311 4727/1172/1704 4728/1610/3320
f 4733/1611/3321 4732/1602/3300 4731/1169/2861
f 4734/1612/3322 4735/1613/3323 4737/1609/3319
f 4736/1520/3274 4734/1612/3322 4737/1609/3319
f 4738/1614/3324 4739/1612/3322 4740/1615/3325
f 4742/1611/3321 4744/1598/3298 4741/1602/3300
f 4742/1611/3321 4746/1609/3326 4744/1598/3298
f 4746/1609/3326 4747/1600/3309 4744/1598/3298
f 4747/1600/3310 4746/1609/3326 4745/1520/3137
f 4746/1609/3326 4743/1612/3327 4745/1520/3137
f 4745/1520/3137 4743/1612/3327 4748/1603/3301
f 4749/1611/3321 4751/1616/3328 4750/1609/3326
f 4753/1609/3326 4754/1613/3329 4752/1612/3327
f 4756/1170/2878 4755/1607/3316 4759/1172/2879
f 4759/1172/2879 4755/1607/3316 4758/1605/3317
f 4757/1610/3330 4759/1172/2879 4758/1605/3317
f 4762/1600/3297 4764/1609/3319 4761/1598/3295
f 4764/1609/3319 4763/1611/3331 4761/1598/3295
f 4764/1609/3319 4760/1616/3332 4763/1611/3331
f 4766/1611/3331 4767/1602/3306 4765/1598/3295
f 4767/1602/3306 4766/1611/3331 4768/1169/1701
f 4769/1172/1704 4771/1607/3313 4770/1170/1702
f 4773/1612/3327 4772/1614/3333 4777/1615/3325
f 4773/1612/3327 4777/1615/3325 4775/1603/3301
f 4775/1603/3301 4777/1615/3325 4774/1612/3322
f 4776/1520/3274 4775/1603/3301 4774/1612/3322
f 4779/614/2297 4781/1617/3334 4778/612/2298
f 4781/1617/3334 4780/611/1952 4778/612/2298
f 4780/611/1952 4781/1617/3334 4782/1376/1955
f 4780/611/1952 4782/1376/1955 4783/1371/1954
f 4785/614/2297 4784/1125/2897 4786/1618/3335
f 4789/1131/1651 4788/1616/3332 4787/1151/1676
f 4794/1619/3336 4795/626/1056 4791/625/1055
f 4792/1150/1674 4794/1619/3336 4791/625/1675
f 4794/1619/3336 4792/1150/1674 4796/1151/1676
f 4793/1620/3337 4794/1619/3336 4796/1151/1676
f 4797/1613/3323 4793/1620/3337 4796/1151/1676
f 4798/1616/3332 4797/1613/3323 4796/1151/1676
f 4797/1613/3323 4798/1616/3332 4799/1609/3319
f 4801/624/1054 4800/1621/3338 4790/604/1062
f 4803/1621/3338 4804/624/1054 4802/626/1056
f 4813/1622/3339 4814/1623/3340 4815/1621/3341
f 4813/1622/3339 4815/1621/3338 4811/626/1056
f 4808/1624/3342 4813/1622/3339 4811/626/1056
f 4809/1619/3336 4808/1624/3342 4811/626/1056
f 4808/1624/3342 4809/1619/3336 4810/1625/3343
f 4809/1619/3336 4807/1620/3337 4810/1625/3343
f 4805/1614/3324 4810/1625/3343 4807/1620/3337
f 4812/1613/3323 4805/1614/3324 4807/1620/3337
f 4805/1614/3324 4812/1613/3323 4806/1612/3322
f 4830/604/2288 4816/1621/3344 4817/624/2290
f 4817/624/2290 4816/1621/3345 4831/626/2295
f 4816/1621/3345 4819/1622/3346 4831/626/2295
f 4819/1622/3346 4818/1624/3347 4831/626/2295
f 4826/1626/3348 4818/1624/3347 4819/1622/3346
f 4818/1624/3347 4826/1626/3349 4823/1627/3350
f 4829/1625/3351 4818/1624/3347 4823/1627/3350
f 4829/1625/3351 4823/1627/3350 4824/1628/3352
f 4816/1621/3345 4828/1623/3340 4819/1622/3346
f 4828/1623/3340 4826/1626/3348 4819/1622/3346
f 4826/1626/3353 4828/1623/3340 4825/1622/3339
f 4821/1624/3342 4826/1626/3348 4825/1622/3339
f 4826/1626/3348 4821/1624/3342 4823/1627/3350
f 4821/1624/3342 4822/1625/3343 4823/1627/3350
f 4824/1628/3352 4823/1627/3350 4822/1625/3343
f 4820/1614/3324 4824/1628/3352 4822/1625/3343
f 4824/1628/3354 4820/1614/3324 4827/1615/3325
f 4834/1150/2870 4833/625/2294 4837/1619/3355
f 4833/625/2294 4836/626/2295 4837/1619/3355
f 4832/1624/3347 4837/1619/3355 4836/626/2295
f 4837/1619/3355 4832/1624/3347 4835/1625/3351
f 4838/1150/2870 4842/1619/3355 4840/1151/2869
f 4842/1619/3355 4841/1620/3356 4840/1151/2869
f 4841/1620/3356 4842/1619/3355 4839/1625/3351
f 4847/1131/2864 4850/1616/3328 4843/1168/2880
f 4850/1616/3328 4847/1131/2864 4849/1151/2869
f 4850/1616/3328 4849/1151/2869 4852/1613/3329
f 4849/1151/2869 4851/1620/3356 4852/1613/3329
f 4852/1613/3329 4851/1620/3356 4844/1614/3333
f 4851/1620/3356 4848/1625/3351 4844/1614/3333
f 4844/1614/3333 4848/1625/3351 4845/1628/3352
f 4844/1614/3333 4845/1628/3352 4846/1615/3325
f 4854/1612/3327 4855/1613/3329 4853/1614/3333
f 4856/1609/3326 4857/1616/3328 4858/1613/3329
f 4860/1629/3357 4862/1453/3358 4859/1455/3359
f 4861/1630/3360 4862/1453/3361 4860/1629/3362
f 4864/1168/2880 4865/1611/3321 4863/1169/2861
f 4864/1168/2880 4866/1616/3328 4865/1611/3321
f 4868/1631/3363 4872/1510/3364 4867/1124/1643
f 4868/1631/3363 4869/1632/3365 4872/1510/3366
f 4872/1510/3366 4869/1632/3367 4871/1633/3368
f 4872/1510/3369 4871/1633/3368 4870/1634/3370
f 4874/1120/1637 4882/1510/3366 4875/1121/1638
f 4882/1510/3371 4880/1634/3370 4875/1121/1638
f 4880/1634/3370 4873/1635/3372 4875/1121/1638
f 4880/1634/3370 4877/1636/3373 4873/1635/3372
f 4884/1637/3374 4877/1636/3373 4880/1634/3370
f 4883/1637/3375 4884/1637/3376 4880/1634/3377
f 4880/1634/3377 4879/1638/3378 4883/1637/3375
f 4879/1638/3378 4880/1634/3370 4878/1639/3379
f 4878/1639/3379 4880/1634/3370 4876/1640/3380
f 4880/1634/3370 4881/1633/3368 4876/1640/3380
f 4887/1176/1711 4885/1641/3381 4886/1171/1703
f 4885/1641/3381 4887/1176/1711 4889/1642/3382
f 4887/1176/1711 4890/1643/3383 4889/1642/3382
f 4887/1176/1711 4893/1121/1638 4890/1643/3383
f 4893/1121/1638 4891/1635/3372 4890/1643/3383
f 4891/1635/3372 4888/1644/3384 4890/1643/3383
f 4888/1644/3384 4891/1635/3372 4894/1645/3385
f 4894/1645/3385 4891/1635/3372 4895/1636/3373
f 4895/1636/3373 4896/1637/3374 4894/1645/3385
f 4892/1119/1636 4893/1121/1638 4887/1176/1711
f 4899/1171/1703 4898/1641/3381 4897/1172/1704
f 4900/1610/3320 4897/1172/1704 4898/1641/3381
f 4904/1642/3382 4900/1610/3320 4898/1641/3381
f 4903/1646/3386 4900/1610/3320 4904/1642/3382
f 4904/1642/3382 4905/1643/3383 4903/1646/3386
f 4903/1646/3386 4905/1643/3383 4901/1644/3384
f 4903/1646/3386 4901/1644/3384 4902/1647/3387
f 4906/1611/3388 4908/1168/1698 4907/1169/1701
f 4916/1648/3389 4915/1649/3390 4914/1650/3391
f 4914/1650/3391 4915/1649/3390 4932/1476/2120
f 4932/1476/2120 4915/1649/3392 4929/1651/3393
f 4926/1652/3394 4932/1476/2120 4929/1651/3393
f 4928/1653/3395 4926/1652/3394 4929/1651/3393
f 4912/1481/2131 4926/1652/3394 4928/1653/3395
f 4912/1481/2131 4931/1469/2112 4926/1652/3396
f 4911/1654/3397 4928/1653/3395 4929/1651/3393
f 4917/1655/3398 4911/1654/3397 4929/1651/3393
f 4917/1655/3398 4925/1656/3399 4911/1654/3397
f 4925/1656/3399 4921/1657/3400 4911/1654/3397
f 4921/1657/3400 4925/1656/3399 4923/1658/3401
f 4923/1658/3401 4925/1656/3399 4922/1659/3402
f 4910/1660/3403 4917/1655/3398 4929/1651/3393
f 4917/1655/3404 4910/1660/3403 4924/1661/3405
f 4922/1659/3402 4917/1655/3398 4924/1661/3405
f 4922/1659/3402 4925/1656/3399 4917/1655/3398
f 4924/1661/3405 4910/1660/3403 4916/1648/3389
f 4924/1661/3405 4916/1648/3389 4920/1662/3406
f 4919/1663/3407 4924/1661/3405 4920/1662/3406
f 4919/1663/3407 4927/1664/3408 4924/1661/3405
f 4930/1665/3409 4924/1661/3410 4927/1664/3408
f 4922/1659/3402 4924/1661/3411 4930/1665/3412
f 4922/1659/3402 4930/1665/3412 4913/1666/3413
f 4920/1662/3406 4918/1667/3414 4919/1663/3407
f 4918/1667/3414 4909/1668/3415 4919/1663/3407
f 4909/1668/3415 4927/1664/3408 4919/1663/3407
f 4936/1669/3416 4933/601/1030 4935/597/1026
f 4936/1669/3417 4935/597/1026 4934/633/1065
f 4938/1611/3331 4937/1616/3332 4939/1168/1698
f 4937/1616/3332 4940/1131/1651 4939/1168/1698
f 4942/1670/3418 4943/633/1065 4941/599/1064
f 4942/1670/3419 4941/599/3420 4944/1671/3421
f 4947/1671/3421 4945/599/1028 4948/1672/3422
f 4947/1671/3421 4948/1672/3422 4963/1673/3423
f 4963/1673/3423 4951/1674/3424 4947/1671/3421
f 4950/1675/3425 4951/1674/3424 4963/1673/3423
f 4964/1676/3426 4963/1673/3423 4948/1672/3422
f 4964/1676/3426 4946/1677/3427 4963/1673/3423
f 4946/1677/3427 4962/1678/3428 4963/1673/3423
f 4962/1678/3429 4957/1679/3430 4963/1673/3423
f 4966/1680/3431 4946/1677/3427 4964/1676/3426
f 4959/1681/3432 4946/1677/3427 4966/1680/3431
f 4966/1680/3431 4964/1676/3426 4967/1682/3433
f 4966/1680/3431 4967/1682/3433 4968/1683/3434
f 4958/1684/3435 4966/1680/3431 4968/1683/3434
f 4949/1685/3436 4966/1680/3431 4958/1684/3435
f 4956/1686/3437 4949/1685/3438 4958/1684/3435
f 4967/1682/3439 4952/1687/3440 4968/1683/3434
f 4968/1683/3434 4952/1687/3440 4965/1688/3441
f 4965/1688/3441 4952/1687/3442 4954/1378/1958
f 4965/1688/3441 4954/1378/1958 4955/1380/3443
f 4965/1688/3441 4955/1380/3443 4961/1689/3444
f 4965/1688/3441 4961/1689/3445 4960/1690/3446
f 4965/1688/3441 4960/1690/3446 4953/1691/3447
f 4976/1692/3448 4970/1693/3449 4980/1694/3450
f 4976/1692/3448 4980/1694/3450 4977/1695/3451
f 4976/1692/3448 4977/1695/3452 4971/1696/3453
f 4973/1697/3454 4976/1692/3455 4971/1696/3456
f 4973/1697/3457 4971/1696/3458 4974/1698/3459
f 4974/1698/3459 4971/1696/3458 4969/1699/3460
f 4972/1700/3461 4969/1699/3462 4971/1696/3453
f 4980/1694/3450 4981/1479/2128 4977/1695/3452
f 4981/1479/2128 4982/1480/2129 4977/1695/3452
f 4982/1480/2129 4975/1701/3463 4977/1695/3452
f 4971/1696/3453 4977/1695/3452 4975/1701/3463
f 4972/1700/3461 4971/1696/3458 4975/1701/3463
f 4972/1700/3464 4975/1701/3463 4983/1702/3465
f 4975/1701/3463 4984/1703/3466 4983/1702/3465
f 4984/1703/3466 4985/1704/3467 4983/1702/3465
f 4983/1702/3468 4985/1704/3469 4978/1705/3470
f 4980/1694/3450 4979/1477/2124 4981/1479/2128
f 4987/1646/3386 4988/1605/3311 4986/1610/3320
f 4999/1480/2129 4992/1481/2131 4993/1701/3463
f 4992/1481/2131 5000/1703/3466 4993/1701/3463
f 5000/1703/3471 4992/1481/2131 4996/1653/3395
f 4996/1653/3395 4991/1654/3397 5000/1703/3466
f 4991/1654/3397 5001/1704/3467 5000/1703/3466
f 4991/1654/3397 4995/1705/3472 5001/1704/3473
f 4994/1657/3400 4995/1705/3470 4991/1654/3397
f 4998/1694/3474 4989/1706/3475 4997/1477/2124
f 4989/1706/3475 4990/1463/2121 4997/1477/2124
f 5004/1706/3475 5007/1694/3450 5002/1707/3476
f 5004/1706/3475 5002/1707/3477 5003/1708/3478
f 5003/1708/3478 5006/1463/2106 5004/1706/3475
f 5003/1708/3478 5005/1464/2107 5006/1463/2106
f 5009/1650/3391 5010/1475/2119 5008/1413/2028
f 5010/1475/2119 5009/1650/3391 5011/1476/2120
f 5017/1608/3314 5016/1605/3311 5015/1646/3386
f 5013/1647/3387 5017/1608/3314 5015/1646/3386
f 5017/1608/3314 5013/1647/3387 5014/1709/3479
f 5013/1647/3387 5012/1644/3384 5014/1709/3479
f 5012/1644/3384 5018/1645/3385 5014/1709/3479
f 5024/1662/3406 5021/1412/2027 5020/1422/2037
f 5021/1412/2027 5024/1662/3406 5019/1413/2028
f 5024/1662/3406 5023/1648/3389 5019/1413/2028
f 5023/1648/3389 5022/1650/3391 5019/1413/2028
f 5029/1710/3480 5026/1422/2037 5027/1427/2043
f 5025/1711/3481 5026/1422/2037 5029/1710/3480
f 5028/1662/3406 5026/1422/2037 5025/1711/3481
f 5036/1710/3480 5032/1427/2043 5034/1428/2044
f 5034/1428/2044 5035/1712/3482 5036/1710/3480
f 5035/1712/3483 5030/1711/3481 5036/1710/3480
f 5031/1667/3414 5030/1711/3484 5035/1712/3483
f 5030/1711/3481 5031/1667/3414 5033/1662/3406
f 5037/1713/3485 5038/1608/3318 5039/1516/3131
f 5037/1713/3485 5039/1516/3131 5043/1608/3314
f 5037/1713/3485 5043/1608/3314 5040/1709/3479
f 5037/1713/3485 5040/1709/3479 5041/1714/3486
f 5041/1714/3486 5040/1709/3479 5042/1715/3487
f 5040/1709/3479 5044/1645/3385 5042/1715/3487
f 5047/1716/3488 5049/1428/2044 5045/1435/3489
f 5048/1717/3490 5049/1428/2044 5047/1716/3488
f 5046/1437/2054 5048/1717/3490 5047/1716/3488
f 5046/1437/2054 5047/1716/3491 5045/1435/2052
f 5052/1718/3492 5053/1719/3493 5050/1720/3494
f 5051/1721/3495 5053/1719/3496 5052/1718/3497
f 5063/1641/3498 5062/1171/2872 5064/1172/2879
f 5064/1172/2879 5058/1610/3330 5063/1641/3498
f 5058/1610/3330 5061/1642/3499 5063/1641/3498
f 5061/1642/3499 5058/1610/3330 5060/1646/3500
f 5058/1610/3330 5059/1605/3317 5060/1646/3500
f 5060/1646/3500 5059/1605/3317 5057/1608/3318
f 5060/1646/3500 5057/1608/3318 5055/1647/3501
f 5054/1709/3502 5055/1647/3501 5057/1608/3318
f 5054/1709/3502 5057/1608/3318 5056/1713/3485
f 5065/1714/3486 5054/1709/3502 5056/1713/3485
f 5065/1714/3486 5066/1715/3487 5054/1709/3502
f 5074/1171/2872 5075/1641/3498 5073/1176/2914
f 5075/1641/3498 5072/1642/3499 5073/1176/2914
f 5072/1642/3499 5070/1643/3503 5073/1176/2914
f 5071/1646/3500 5070/1643/3503 5072/1642/3499
f 5076/1644/3504 5070/1643/3503 5071/1646/3500
f 5068/1647/3501 5076/1644/3504 5071/1646/3500
f 5076/1644/3504 5068/1647/3501 5067/1709/3502
f 5069/1645/3505 5076/1644/3504 5067/1709/3502
f 5077/1715/3487 5069/1645/3506 5067/1709/3502
f 5083/1176/2914 5084/1121/2906 5086/1119/2873
f 5081/1643/3503 5084/1121/2906 5083/1176/2914
f 5084/1121/2906 5081/1643/3503 5082/1635/3507
f 5081/1643/3503 5085/1644/3504 5082/1635/3507
f 5079/1645/3506 5082/1635/3507 5085/1644/3504
f 5080/1636/3508 5082/1635/3507 5079/1645/3505
f 5079/1645/3506 5078/1637/3509 5080/1636/3508
f 5096/1124/3510 5087/1510/3511 5097/1631/3512
f 5087/1510/3511 5091/1632/3513 5097/1631/3514
f 5088/1633/3515 5091/1632/3516 5087/1510/3511
f 5095/1634/3517 5088/1633/3515 5087/1510/3511
f 5098/1640/3518 5088/1633/3515 5095/1634/3519
f 5098/1640/3520 5095/1634/3519 5093/1639/3521
f 5087/1510/3511 5099/1120/2905 5101/1121/3522
f 5095/1634/3519 5087/1510/3511 5101/1121/2906
f 5100/1635/3507 5095/1634/3519 5101/1121/2906
f 5100/1635/3507 5094/1636/3508 5095/1634/3523
f 5095/1634/3519 5094/1636/3508 5090/1637/3524
f 5095/1634/3525 5090/1637/3526 5089/1637/3527
f 5089/1637/3527 5092/1638/3528 5095/1634/3519
f 5093/1639/3521 5095/1634/3519 5092/1638/3528
f 5109/1618/3529 5108/1125/1645 5102/614/1043
f 5107/612/1041 5106/611/1040 5103/1617/3530
f 5107/612/1041 5103/1617/3530 5102/614/1043
f 5104/1722/3531 5102/614/1043 5103/1617/3530
f 5104/1722/3531 5105/1723/3532 5102/614/1043
f 5112/1722/3531 5117/1724/3533 5110/1725/3534
f 5112/1722/3531 5111/1617/3530 5117/1724/3533
f 5111/1617/3530 5114/1726/3535 5117/1724/3536
f 5116/1727/3537 5112/1722/3531 5110/1725/3534
f 5113/1728/3538 5116/1727/3537 5110/1725/3534
f 5113/1728/3538 5115/1729/3539 5116/1727/3537
f 5130/1617/3334 5124/614/2297 5129/1722/3540
f 5126/1724/3541 5130/1617/3334 5129/1722/3540
f 5126/1724/3541 5133/1726/3542 5130/1617/3543
f 5132/1376/1955 5130/1617/3334 5133/1726/3542
f 5132/1376/1955 5133/1726/3542 5134/1730/3544
f 5132/1376/1955 5134/1730/3544 5150/1731/3545
f 5124/614/2297 5131/1723/3546 5129/1722/3540
f 5134/1730/3547 5133/1726/3542 5126/1724/3541
f 5122/1732/3548 5134/1730/3544 5126/1724/3549
f 5119/1733/3550 5134/1730/3544 5122/1732/3548
f 5127/1734/3551 5134/1730/3544 5119/1733/3550
f 5135/1735/3552 5134/1730/3553 5127/1734/3554
f 5150/1731/3545 5134/1730/3555 5135/1735/3556
f 5126/1724/3541 5128/1725/3557 5122/1732/3548
f 5122/1732/3558 5128/1725/3557 5119/1733/3550
f 5128/1725/3557 5143/1736/3559 5119/1733/3550
f 5143/1736/3559 5123/1737/3560 5119/1733/3550
f 5123/1737/3560 5127/1734/3561 5119/1733/3550
f 5135/1735/3556 5127/1734/3551 5123/1737/3560
f 5152/1738/3562 5135/1735/3556 5123/1737/3560
f 5152/1738/3563 5150/1731/3545 5135/1735/3556
f 5148/1735/3564 5150/1731/3545 5152/1738/3563
f 5148/1735/3564 5151/1730/3565 5150/1731/3545
f 5150/1731/3545 5151/1730/3565 5145/1376/1957
f 5128/1725/3557 5126/1724/3541 5129/1722/3540
f 5129/1722/3540 5121/1727/3566 5128/1725/3557
f 5121/1727/3566 5120/1728/3567 5128/1725/3557
f 5121/1727/3566 5118/1729/3568 5120/1728/3567
f 5125/1739/3569 5143/1736/3559 5128/1725/3557
f 5142/1740/3570 5143/1736/3559 5125/1739/3569
f 5137/1739/3571 5143/1736/3572 5142/1740/3570
f 5139/1725/3534 5143/1736/3559 5137/1739/3571
f 5143/1736/3559 5139/1725/3534 5140/1733/3573
f 5154/1737/3574 5143/1736/3559 5140/1733/3573
f 5153/1741/3575 5143/1736/3559 5154/1737/3574
f 5123/1737/3576 5143/1736/3572 5153/1741/3575
f 5152/1738/3563 5123/1737/3560 5153/1741/3575
f 5153/1741/3575 5154/1737/3574 5152/1738/3563
f 5154/1737/3574 5148/1735/3564 5152/1738/3562
f 5140/1733/3573 5139/1725/3534 5147/1732/3577
f 5147/1732/3577 5151/1730/3565 5140/1733/3573
f 5140/1733/3573 5151/1730/3578 5138/1734/3579
f 5140/1733/3573 5138/1734/3579 5154/1737/3574
f 5154/1737/3580 5138/1734/3579 5148/1735/3564
f 5138/1734/3581 5151/1730/3565 5148/1735/3564
f 5147/1732/3577 5139/1725/3534 5149/1724/3533
f 5151/1730/3565 5147/1732/3577 5149/1724/3582
f 5146/1726/3583 5151/1730/3584 5149/1724/3533
f 5151/1730/3585 5146/1726/3583 5145/1376/1957
f 5146/1726/3535 5141/1617/3530 5145/1376/1957
f 5145/1376/1957 5141/1617/3530 5144/611/1040
f 5145/1376/1957 5144/611/1040 5136/1371/1936
f 5155/1376/1955 5158/1731/3545 5156/1377/1956
f 5158/1731/3545 5157/1376/1957 5156/1377/1956
f 5162/1742/3586 5161/1743/3587 5159/1744/3588
f 5160/1744/3589 5161/1743/3587 5162/1742/3586
f 5164/1745/3590 5163/1744/3588 5165/1746/3591
f 5164/1745/3590 5167/1742/3586 5163/1744/3588
f 5169/1747/3592 5167/1742/3586 5164/1745/3590
f 5168/1745/3593 5167/1742/3586 5169/1747/3592
f 5168/1745/3593 5166/1744/3589 5167/1742/3586
f 5177/1748/3594 5176/1749/3595 5175/1750/3596
f 5176/1749/3595 5171/1507/2191 5175/1750/3596
f 5175/1750/3596 5171/1507/2191 5174/1746/3591
f 5171/1507/2191 5170/1751/3597 5174/1746/3591
f 5170/1751/3597 5172/1745/3590 5174/1746/3591
f 5172/1745/3590 5170/1751/3597 5173/1752/3598
f 5173/1752/3598 5178/1747/3592 5172/1745/3590
f 5184/1748/3594 5183/1750/3599 5182/1749/3595
f 5183/1750/3599 5185/1507/2198 5182/1749/3595
f 5185/1507/2198 5186/1508/3600 5182/1749/3595
f 5186/1508/2197 5181/1753/3601 5182/1749/3595
f 5182/1749/3595 5181/1753/3601 5180/1508/2192
f 5179/1507/2191 5182/1749/3595 5180/1508/2192
f 5188/1750/3599 5187/1746/3602 5189/1507/2198
f 5187/1746/3602 5191/1751/3603 5189/1507/2198
f 5191/1751/3603 5190/1509/2196 5189/1507/2198
f 5192/1744/3589 5194/1745/3593 5193/1746/3602
f 5194/1745/3593 5197/1751/3603 5193/1746/3602
f 5194/1745/3593 5195/1752/3604 5197/1751/3603
f 5195/1752/3604 5196/1509/2196 5197/1751/3603
f 5195/1752/3604 5194/1745/3593 5198/1747/3592
f 5199/1751/3597 5200/1507/2191 5201/1509/3605
f 5199/1751/3597 5201/1509/3606 5202/1752/3598
f 5203/1754/3607 5207/1755/3608 5204/1756/3609
f 5208/1743/3587 5207/1755/3608 5203/1754/3607
f 5206/1754/3610 5207/1755/3608 5208/1743/3587
f 5206/1754/3611 5205/1756/3612 5207/1755/3608
f 5212/1757/3613 5210/1754/3607 5211/1758/3614
f 5209/1744/3588 5210/1754/3607 5212/1757/3613
f 5209/1744/3588 5213/1743/3587 5210/1754/3607
f 5214/1744/3589 5216/1754/3610 5218/1743/3587
f 5216/1754/3610 5214/1744/3589 5215/1757/3615
f 5216/1754/3611 5215/1757/3615 5217/1758/3616
f 5220/1759/3617 5224/1757/3613 5223/1758/3614
f 5220/1759/3617 5222/1750/3596 5224/1757/3613
f 5222/1750/3596 5221/1746/3591 5224/1757/3613
f 5221/1746/3591 5219/1744/3588 5224/1757/3613
f 5228/1760/3618 5225/1759/3617 5229/1761/3619
f 5228/1760/3620 5227/1748/3594 5225/1759/3617
f 5227/1748/3594 5226/1750/3596 5225/1759/3617
f 5233/1759/3621 5232/1760/3620 5234/1761/3619
f 5232/1760/3620 5233/1759/3621 5231/1748/3594
f 5233/1759/3621 5230/1750/3599 5231/1748/3594
f 5236/1758/3616 5235/1757/3615 5239/1759/3621
f 5239/1759/3621 5235/1757/3615 5238/1750/3599
f 5235/1757/3615 5237/1746/3602 5238/1750/3599
f 5240/1744/3589 5242/1746/3602 5241/1757/3615
f 5244/1762/3622 5245/1763/3623 5243/1764/3624
f 5249/1765/3625 5251/1763/3623 5248/1762/3622
f 5246/1766/3626 5249/1765/3625 5248/1762/3622
f 5246/1766/3627 5247/1767/3628 5249/1765/3625
f 5250/1768/3629 5249/1765/3625 5247/1767/3628
f 5254/1769/3630 5253/1763/3623 5252/1765/3625
f 5257/1755/3608 5256/1770/3631 5255/1756/3609
f 5262/1756/3612 5261/1770/3631 5263/1755/3608
f 5258/1754/3607 5259/1756/3609 5260/1758/3614
f 5264/1756/3612 5265/1754/3610 5266/1758/3616
f 5268/1771/3632 5267/1759/3617 5269/1758/3614
f 5267/1759/3617 5268/1771/3632 5270/1761/3619
f 5271/1771/3633 5273/1759/3621 5274/1761/3619
f 5271/1771/3633 5272/1758/3616 5273/1759/3621
f 5277/1772/3634 5275/1773/3635 5276/1774/3636
f 5278/1775/3637 5281/1774/3636 5280/1776/3638
f 5281/1774/3636 5279/1773/3639 5280/1776/3638
f 5282/1777/3640 5288/1778/3641 5283/1779/3642
f 5286/1780/3643 5283/1779/3642 5288/1778/3641
f 5284/1781/3644 5286/1780/3643 5288/1778/3641
f 5284/1781/3644 5288/1778/3641 5287/1772/3634
f 5284/1781/3644 5287/1772/3634 5285/1774/3636
f 5292/1782/3645 5289/1775/3637 5291/1783/3646
f 5289/1775/3637 5290/1776/3638 5291/1783/3646
f 5293/1766/3627 5296/1782/3645 5294/1767/3628
f 5296/1782/3645 5295/1783/3646 5294/1767/3628
f 5303/1784/3647 5299/1779/3642 5300/1785/3648
f 5300/1785/3648 5299/1779/3642 5305/1780/3643
f 5301/1764/3624 5300/1785/3648 5305/1780/3643
f 5301/1764/3624 5302/1786/3649 5300/1785/3648
f 5304/1763/3623 5302/1786/3649 5301/1764/3624
f 5297/1787/3650 5302/1786/3649 5304/1763/3623
f 5298/1788/3651 5302/1786/3649 5297/1787/3652
f 5308/1784/3653 5306/1785/3654 5309/1789/3655
f 5306/1785/3648 5307/1786/3649 5309/1789/3655
f 5316/1790/3656 5313/1767/3628 5314/1783/3646
f 5315/1791/3657 5316/1790/3656 5314/1783/3646
f 5317/1792/3658 5316/1790/3656 5315/1791/3657
f 5317/1792/3658 5312/1793/3659 5316/1790/3656
f 5311/1794/3660 5312/1793/3659 5317/1792/3658
f 5310/1795/3661 5311/1794/3660 5317/1792/3658
f 5322/1783/3646 5321/1776/3638 5320/1796/3662
f 5323/1791/3657 5322/1783/3646 5320/1796/3662
f 5318/1797/3663 5323/1791/3657 5320/1796/3662
f 5319/1795/3661 5323/1791/3657 5318/1797/3664
f 5319/1795/3661 5324/1792/3658 5323/1791/3657
f 5331/1769/3630 5328/1788/3651 5330/1763/3623
f 5328/1788/3651 5331/1769/3630 5329/1798/3665
f 5327/1799/3666 5328/1788/3651 5329/1798/3665
f 5326/1800/3667 5327/1799/3666 5329/1798/3665
f 5325/1801/3668 5327/1799/3669 5326/1800/3670
f 5332/1802/3671 5327/1799/3666 5325/1801/3668
f 5338/1786/3649 5335/1788/3651 5333/1799/3666
f 5334/1803/3672 5336/1777/3640 5337/1779/3642
f 5343/1790/3656 5342/1768/3629 5340/1767/3628
f 5342/1768/3629 5343/1790/3656 5339/1804/3673
f 5341/1805/3674 5342/1768/3629 5339/1804/3675
f 5358/1806/3676 5359/1773/3635 5365/1772/3677
f 5346/1795/3678 5344/1797/3664 5345/1807/3679
f 5344/1797/3664 5349/1808/3680 5345/1807/3679
f 5344/1797/3664 5357/1796/3662 5349/1808/3680
f 5351/1809/3681 5347/1810/3682 5348/1811/3683
f 5348/1811/3683 5347/1810/3682 5362/1812/3684
f 5348/1811/3683 5362/1812/3684 5366/1813/3685
f 5348/1811/3683 5366/1813/3685 5361/1814/3686
f 5348/1811/3683 5361/1814/3686 5350/1815/3687
f 5350/1815/3687 5361/1814/3686 5352/1816/3688
f 5361/1814/3686 5360/1817/3689 5352/1816/3688
f 5352/1816/3688 5360/1817/3690 5356/1818/3691
f 5347/1810/3692 5364/1802/3693 5362/1812/3684
f 5362/1812/3684 5364/1802/3671 5363/1819/3694
f 5366/1813/3685 5362/1812/3684 5363/1819/3694
f 5366/1813/3685 5363/1819/3694 5360/1817/3690
f 5361/1814/3686 5366/1813/3685 5360/1817/3690
f 5363/1819/3694 5364/1802/3671 5355/1801/3668
f 5363/1819/3694 5355/1801/3668 5353/1820/3695
f 5360/1817/3690 5363/1819/3694 5353/1820/3695
f 5360/1817/3690 5353/1820/3695 5356/1818/3691
f 5353/1820/3695 5354/1821/3696 5356/1818/3691
f 5372/1786/3649 5369/1822/3697 5374/1789/3655
f 5369/1822/3697 5372/1786/3649 5367/1799/3666
f 5368/1803/3672 5373/1784/3653 5370/1823/3698
f 5368/1803/3699 5371/1779/3642 5373/1784/3653
f 5383/1768/3629 5384/1769/3630 5380/1765/3625
f 5381/1798/3665 5384/1769/3630 5383/1768/3629
f 5382/1805/3700 5381/1798/3665 5383/1768/3629
f 5381/1798/3665 5382/1805/3701 5379/1800/3670
f 5378/1824/3702 5379/1800/3670 5382/1805/3674
f 5376/1825/3703 5378/1824/3702 5382/1805/3674
f 5382/1805/3704 5377/1804/3705 5376/1825/3703
f 5377/1804/3673 5375/1826/3706 5376/1825/3707
f 5419/1827/3708 5418/1828/3709 5390/1829/3710
f 5418/1828/3709 5419/1827/3708 5436/1830/3711
f 5420/1831/3712 5418/1828/3709 5436/1830/3711
f 5434/1832/3713 5420/1831/3712 5436/1830/3711
f 5434/1832/3713 5400/1833/3714 5420/1831/3712
f 5434/1832/3713 5446/1834/3715 5400/1833/3714
f 5446/1834/3715 5410/1835/3716 5400/1833/3714
f 5409/1836/3717 5400/1833/3714 5410/1835/3716
f 5407/1837/3718 5409/1836/3717 5410/1835/3716
f 5435/1838/3719 5434/1832/3713 5436/1830/3711
f 5446/1834/3715 5434/1832/3713 5435/1838/3719
f 5431/1839/3720 5446/1834/3715 5435/1838/3719
f 5425/1840/3721 5431/1839/3720 5435/1838/3719
f 5396/1841/3681 5431/1839/3720 5425/1840/3721
f 5426/1842/3722 5396/1841/3681 5425/1840/3721
f 5427/1843/3723 5426/1842/3722 5425/1840/3721
f 5435/1838/3719 5436/1830/3711 5433/1844/3724
f 5432/1845/3725 5435/1838/3719 5433/1844/3724
f 5427/1843/3723 5435/1838/3726 5432/1845/3725
f 5427/1843/3723 5425/1840/3721 5435/1838/3719
f 5432/1845/3725 5433/1844/3724 5430/1846/3727
f 5432/1845/3725 5430/1846/3727 5393/1847/3728
f 5385/1848/3729 5432/1845/3725 5393/1847/3728
f 5428/1849/3730 5432/1845/3725 5385/1848/3729
f 5427/1843/3723 5432/1845/3725 5428/1849/3730
f 5428/1849/3730 5440/1850/3731 5427/1843/3723
f 5427/1843/3723 5440/1850/3732 5437/1851/3692
f 5427/1843/3723 5437/1851/3692 5397/1852/3722
f 5437/1851/3692 5386/1853/3681 5397/1852/3722
f 5437/1851/3692 5440/1850/3733 5447/1854/3734
s 4101
f 5401/1855/3735 5388/1856/3736 5389/1857/3737
f 5417/1858/3738 5401/1855/3735 5389/1857/3737
f 5401/1855/3735 5417/1858/3738 5402/1859/3739
f 5404/1860/3740 5401/1855/3735 5402/1859/3739
f 5398/1861/3741 5404/1860/3740 5402/1859/3739
f 5391/1862/3742 5404/1860/3740 5398/1861/3741
f 5391/1862/3742 5398/1861/3741 5403/1863/3743
f 5417/1858/3738 5389/1857/3737 5429/1864/3744
f 5402/1859/3739 5417/1858/3738 5429/1864/3744
f 5424/1865/3745 5402/1859/3739 5429/1864/3744
f 5402/1859/3739 5424/1865/3745 5416/1866/3746
f 5399/1867/3747 5402/1859/3739 5416/1866/3746
f 5399/1867/3747 5398/1861/3741 5402/1859/3739
f 5403/1863/3743 5398/1861/3741 5399/1867/3747
f 5403/1863/3743 5399/1867/3747 5416/1866/3746
f 5395/1868/3748 5403/1863/3743 5416/1866/3746
f 5424/1865/3745 5395/1868/3748 5416/1866/3746
f 5389/1857/3737 5415/1869/3749 5429/1864/3744
f 5429/1864/3744 5415/1869/3749 5405/1870/3750
f 5423/1871/3751 5429/1864/3744 5405/1870/3750
f 5424/1865/3745 5429/1864/3744 5423/1871/3751
f 5423/1871/3751 5394/1872/3752 5424/1865/3745
f 5445/1873/3753 5424/1865/3745 5394/1872/3752
f 5442/1874/3754 5445/1873/3753 5394/1872/3752
f 5443/1875/3755 5445/1873/3753 5442/1874/3754
f 5443/1875/3755 5444/1876/3729 5445/1873/3753
f 5423/1871/3751 5405/1870/3750 5412/1877/3756
f 5423/1871/3751 5412/1877/3756 5413/1823/3698
f 5423/1871/3751 5413/1823/3698 5394/1872/3752
f 5413/1823/3698 5414/1878/3757 5394/1872/3752
f 5414/1878/3757 5442/1874/3754 5394/1872/3752
f 5442/1874/3754 5414/1878/3757 5448/1879/3758
f 5438/1880/3759 5442/1874/3754 5448/1879/3758
f 5438/1880/3759 5443/1875/3755 5442/1874/3754
f 5438/1880/3759 5408/1881/3760 5443/1875/3755
f 5408/1881/3760 5444/1876/3729 5443/1875/3755
f 5387/1882/3761 5444/1876/3729 5408/1881/3760
f 5413/1823/3698 5422/1789/3655 5414/1878/3757
f 5422/1789/3655 5411/1822/3697 5414/1878/3757
f 5414/1878/3757 5411/1822/3697 5448/1879/3758
f 5448/1879/3758 5411/1822/3697 5406/1799/3666
f 5441/1802/3671 5448/1879/3758 5406/1799/3666
f 5439/1883/3733 5448/1879/3758 5441/1802/3671
f 5439/1883/3733 5438/1880/3759 5448/1879/3758
f 5408/1881/3760 5438/1880/3759 5439/1883/3733
f 5392/1884/3730 5408/1881/3760 5439/1883/3733
f 5421/1784/3653 5422/1789/3655 5413/1823/3698
s 0
f 5451/1885/3762 5449/1886/3763 5450/1887/3764
f 5454/315/618 5452/318/622 5453/214/469
f 5456/216/467 5455/318/622 5458/214/464
f 5455/318/622 5456/216/467 5457/214/469
f 5461/214/464 5459/318/622 5460/315/624
f 5462/1886/3763 5463/1888/3765 5464/1887/3764
f 5464/1887/3764 5463/1888/3765 5466/1889/3766
f 5463/1888/3765 5465/1890/3767 5466/1889/3768
f 5468/1891/3769 5471/1892/3770 5470/1893/3771
f 5469/1894/3772 5468/1891/3769 5470/1893/3771
f 5472/1895/3773 5468/1891/3774 5469/1894/3772
f 5474/1896/3775 5472/1895/3773 5469/1894/3772
f 5472/1895/3773 5474/1896/3775 5481/1897/3776
f 5474/1896/3775 5482/1898/3777 5481/1897/3776
f 5481/1897/3776 5482/1898/3777 5477/1899/3778
f 5481/1897/3776 5477/1899/3778 5476/1900/3779
f 5469/1894/3772 5470/1893/3771 5467/1901/3780
f 5473/1902/3781 5469/1894/3772 5467/1901/3780
f 5474/1896/3775 5469/1894/3772 5473/1902/3781
f 5475/1903/3782 5474/1896/3775 5473/1902/3781
f 5474/1896/3775 5475/1903/3782 5482/1898/3777
f 5475/1903/3782 5484/1904/3783 5482/1898/3777
f 5482/1898/3777 5484/1904/3783 5483/1905/3784
f 5477/1899/3778 5482/1898/3777 5483/1905/3784
f 5477/1899/3778 5483/1905/3784 5479/1885/3762
f 5478/1887/3764 5477/1899/3778 5479/1885/3762
f 5476/1900/3779 5477/1899/3778 5478/1887/3764
f 5480/1889/3766 5476/1900/3779 5478/1887/3764
f 5486/1902/3781 5485/1906/3785 5487/1903/3782
f 5485/1906/3785 5488/1907/3786 5487/1903/3782
f 5488/1907/3786 5493/1908/3787 5487/1903/3782
f 5493/1908/3787 5492/1904/3783 5487/1903/3782
f 5492/1904/3783 5493/1908/3787 5491/1905/3784
f 5493/1908/3787 5494/1909/3788 5491/1905/3784
f 5494/1909/3788 5489/1910/3789 5491/1905/3784
f 5489/1910/3789 5490/1885/3762 5491/1905/3784
f 5495/1911/3790 5496/1912/3791 5497/1913/3792
f 5496/1912/3791 5498/1914/3793 5497/1913/3794
f 5501/1912/3791 5499/1911/3790 5500/1915/3795
f 5502/1916/3796 5501/1912/3791 5500/1915/3795
f 5501/1912/3791 5502/1916/3796 5504/1917/3797
f 5501/1912/3791 5504/1917/3797 5503/1914/3793
f 5503/1914/3793 5504/1917/3797 5505/1918/3798
f 5506/1916/3796 5508/1919/3799 5512/1917/3797
f 5508/1919/3799 5507/1916/3800 5512/1917/3797
f 5507/1916/3800 5514/1912/3801 5512/1917/3797
f 5509/1914/3802 5512/1917/3797 5514/1912/3801
f 5513/1918/3798 5512/1917/3797 5509/1914/3802
f 5510/1915/3803 5514/1912/3801 5507/1916/3800
f 5510/1915/3803 5515/1911/3804 5514/1912/3801
f 5511/1913/3805 5514/1912/3801 5515/1911/3804
f 5511/1913/3805 5509/1914/3802 5514/1912/3801
f 5521/1909/3788 5517/1920/3806 5516/1910/3789
f 5516/1910/3789 5517/1920/3806 5518/1921/3807
f 5516/1910/3789 5518/1921/3807 5520/1885/3762
f 5518/1921/3807 5519/1886/3763 5520/1885/3762
f 5522/1920/3806 5524/1922/3808 5523/1921/3807
f 5525/1901/3780 5527/1923/3809 5528/1902/3781
f 5527/1923/3809 5526/1906/3785 5528/1902/3781
f 5529/1924/3810 5530/1906/3785 5531/1923/3809
f 5530/1906/3785 5529/1924/3810 5532/1907/3786
f 5534/1911/3790 5537/1913/3794 5535/1925/3811
f 5537/1913/3792 5533/1926/3812 5535/1925/3811
f 5533/1926/3812 5537/1913/3792 5536/1927/3813
f 5538/1925/3814 5539/1913/3805 5542/1911/3804
f 5538/1925/3815 5541/1926/3816 5539/1913/3805
f 5540/1927/3817 5539/1913/3805 5541/1926/3816
f 5544/1928/3818 5543/1924/3810 5545/1923/3809
f 5550/1929/3819 5546/1924/3810 5547/1928/3818
f 5548/1930/3820 5550/1929/3819 5547/1928/3818
f 5551/1931/3821 5550/1929/3822 5548/1930/3820
f 5550/1929/3819 5551/1931/3821 5549/1932/3823
f 5552/1933/3824 5553/1934/3825 5554/1935/3826
f 5554/1935/3826 5553/1934/3825 5555/1909/3788
f 5556/1936/3827 5560/1934/3825 5557/1933/3824
f 5560/1934/3825 5556/1936/3827 5559/1922/3808
f 5558/1920/3806 5560/1934/3825 5559/1922/3808
f 5561/1909/3788 5560/1934/3825 5558/1920/3806
f 5564/1913/3794 5566/1937/3828 5563/1927/3813
f 5562/1938/3829 5566/1937/3828 5564/1913/3794
f 5566/1937/3828 5562/1938/3829 5565/1939/3830
f 5568/1913/3794 5569/1914/3793 5567/1938/3829
f 5567/1938/3829 5569/1914/3793 5571/1940/3831
f 5567/1938/3829 5571/1940/3831 5570/1941/3832
f 5572/1914/3793 5574/1918/3798 5576/1940/3831
f 5576/1940/3831 5574/1918/3798 5573/1914/3802
f 5576/1940/3831 5573/1914/3802 5577/1938/3833
f 5575/1941/3832 5576/1940/3831 5577/1938/3833
f 5582/1938/3833 5578/1914/3802 5579/1913/3805
f 5579/1913/3805 5580/1937/3834 5582/1938/3833
f 5581/1939/3835 5582/1938/3833 5580/1937/3834
f 5585/1927/3817 5584/1937/3834 5583/1913/3805
f 5586/1924/3810 5588/1929/3819 5589/1907/3786
f 5589/1907/3786 5588/1929/3819 5587/1932/3823
f 5592/1908/3787 5589/1907/3786 5587/1932/3823
f 5590/1942/3836 5592/1908/3787 5587/1932/3823
f 5592/1908/3787 5590/1942/3836 5591/1935/3826
f 5593/1909/3788 5592/1908/3787 5591/1935/3826
f 5596/1931/3837 5595/1943/3838 5594/1932/3823
f 5598/1942/3836 5594/1932/3823 5595/1943/3838
f 5601/1944/3839 5598/1942/3840 5595/1943/3838
f 5601/1944/3839 5600/1945/3841 5598/1942/3836
f 5600/1945/3841 5599/1935/3826 5598/1942/3836
f 5600/1945/3841 5597/1933/3824 5599/1935/3826
f 5607/1946/3842 5608/1931/3837 5603/1930/3820
f 5606/1947/3843 5608/1931/3837 5607/1946/3842
f 5608/1931/3837 5606/1947/3844 5605/1943/3838
f 5606/1947/3843 5610/1948/3845 5605/1943/3838
f 5605/1943/3838 5610/1948/3845 5616/1949/3846
f 5605/1943/3838 5616/1949/3846 5621/1944/3839
f 5621/1944/3839 5616/1949/3846 5618/1945/3841
f 5616/1949/3846 5615/1950/3847 5618/1945/3841
f 5618/1945/3841 5615/1950/3847 5620/1951/3848
f 5618/1945/3841 5620/1951/3848 5612/1933/3824
f 5609/1952/3849 5606/1947/3843 5607/1946/3842
f 5609/1952/3849 5602/1953/3850 5606/1947/3843
f 5602/1953/3851 5610/1948/3845 5606/1947/3843
f 5610/1948/3845 5602/1953/3851 5604/1954/3852
f 5610/1948/3845 5604/1954/3852 5617/1955/3853
f 5610/1948/3845 5617/1955/3853 5616/1949/3846
f 5616/1949/3846 5617/1955/3853 5615/1950/3847
f 5617/1955/3853 5623/1956/3854 5615/1950/3847
f 5623/1956/3854 5613/1957/3855 5615/1950/3847
f 5615/1950/3847 5613/1957/3855 5620/1951/3848
f 5613/1957/3855 5619/1958/3856 5620/1951/3848
f 5620/1951/3848 5619/1958/3856 5614/1959/3857
f 5612/1933/3824 5620/1951/3848 5614/1959/3857
f 5604/1954/3852 5622/1960/3858 5617/1955/3853
f 5617/1955/3853 5622/1960/3858 5623/1956/3854
f 5614/1959/3857 5611/1936/3827 5612/1933/3824
f 5624/1961/3859 5626/1937/3828 5625/1939/3830
f 5630/1939/3830 5627/1938/3829 5632/1941/3832
f 5630/1939/3830 5632/1941/3832 5631/1962/3860
f 5631/1962/3860 5628/1963/3861 5630/1939/3830
f 5628/1963/3861 5629/1961/3859 5630/1939/3830
f 5634/1939/3835 5637/1941/3832 5638/1938/3833
f 5636/1962/3862 5637/1941/3832 5634/1939/3835
f 5635/1964/3863 5637/1941/3832 5636/1962/3862
f 5633/1962/3860 5637/1941/3832 5635/1964/3863
f 5645/1939/3835 5644/1937/3834 5646/1961/3864
f 5645/1939/3835 5646/1961/3864 5647/1963/3865
f 5650/1962/3862 5645/1939/3835 5647/1963/3865
f 5648/1965/3866 5650/1962/3862 5647/1963/3865
f 5650/1962/3862 5648/1965/3866 5643/1966/3867
f 5643/1966/3867 5649/1964/3863 5650/1962/3862
f 5651/1967/3868 5649/1964/3863 5643/1966/3867
f 5639/1966/3852 5649/1964/3863 5651/1967/3868
f 5642/1962/3860 5649/1964/3863 5639/1966/3852
f 5639/1966/3852 5640/1965/3850 5642/1962/3860
f 5641/1963/3861 5642/1962/3860 5640/1965/3850
f 5652/1120/3869 5653/1124/1643 5654/1510/3366
f 5655/1192/1727 5657/1191/1726 5656/1203/1738
f 5660/808/2534 5659/1086/2822 5658/1084/2796
f 5658/1084/2796 5659/1086/2822 5661/1085/2826
f 5667/1778/3641 5665/1777/3640 5663/1968/3870
f 5664/1788/3651 5662/1787/3871 5666/1763/3623
f 5668/1969/3872 5670/1776/3638 5669/1773/3635
f 5672/1803/3873 5674/1970/3874 5673/1777/3640
f 5674/1970/3875 5671/1968/3876 5673/1777/3640
f 5675/1826/3706 5676/1804/3673 5677/1790/3656
