# Blender v2.93.6 OBJ File: ''
# www.blender.org
mtllib Ring.mtl
o Ring_Matte.001
v 11.601329 4.226809 -11.522919
v 11.581306 4.226808 -6.429244
v 12.223249 4.226809 -11.968243
v 11.566281 4.226806 -2.627946
v 12.223247 4.226806 -2.630038
v 12.223247 4.226808 -6.483322
v 12.223249 4.226809 -11.968243
v 12.288420 4.185777 -12.033413
v 12.288419 4.185775 -6.493371
v 12.354074 4.042968 -12.098179
v 12.288419 4.185773 -2.632652
v 12.354073 4.042965 -2.641238
v 12.354073 4.042966 -6.514767
v 12.291416 1.640955 -7.351243
v 12.270499 2.505053 -12.098179
v 12.270499 -0.241714 -12.098181
v 12.270498 -0.241714 -7.713697
v 12.388366 1.436596 -5.686608
v 12.800301 -0.241715 -5.277492
v 12.546060 1.158619 -2.986104
v 12.997014 -0.241716 -3.072998
v 12.851391 -0.241716 -2.376250
v 12.351761 1.002937 -1.966727
v 12.433020 -0.241717 -1.613527
v 12.301874 -0.241717 0.453385
v 12.270498 1.002936 1.109505
v 12.512671 -0.241717 1.387479
v 13.135801 -0.241718 2.508230
v 12.354073 4.042964 2.125514
v 12.630136 1.158617 3.061769
v 13.208211 -0.241718 3.552548
v 12.821218 -0.241719 5.209539
v 12.443076 1.427742 5.574408
v 12.372677 -0.241720 7.766027
v 12.288419 4.185772 2.136639
v 12.338079 1.649800 7.464316
v 12.270497 -0.241720 12.093713
v 12.270497 2.505045 12.093715
v 12.354073 4.042960 12.093715
v 12.354074 4.042962 6.552968
v 12.288419 4.185771 6.560977
v 12.288418 4.185769 12.028548
v 12.223247 4.226804 2.140727
v 11.566281 4.226806 -2.627946
v 11.547377 4.226804 2.153738
v 12.223248 4.226803 6.563256
v 11.547377 4.226804 2.153738
v 12.223248 4.226802 11.963779
v 11.529945 4.226803 6.562931
v 11.510612 4.226802 11.424726
v -11.428782 4.226803 11.511616
v -11.428780 4.226804 6.533550
v -12.054326 4.226803 11.963778
v -12.054323 4.226805 6.550744
v -12.119493 4.185770 12.028546
v -12.054323 4.226805 2.652019
v -11.428782 4.226805 2.664625
v -12.119493 4.185771 6.557316
v -12.184902 4.042961 12.093713
v -12.054325 4.226807 -2.122686
v -11.428782 4.226807 -2.154417
v -12.119493 4.185773 2.653971
v -12.184901 4.042964 2.664019
v -12.184901 4.042963 6.575756
v -12.119493 4.185775 -2.113859
v -12.054325 4.226809 -6.538732
v -11.428782 4.226809 -6.530811
v -12.054324 4.226810 -11.968245
v -11.428781 4.226810 -11.516486
v -12.290925 1.640950 7.403974
v -12.270008 2.505046 12.093713
v -12.270008 -0.241720 12.093711
v -12.270007 -0.241719 7.766026
v -12.387875 1.436593 5.738937
v -12.799810 -0.241718 5.329820
v -12.545568 1.158618 3.038435
v -12.996523 -0.241717 3.125327
v -12.850900 -0.241717 2.428981
v -12.351269 1.002938 2.019058
v -12.432528 -0.241717 1.666257
v -12.301384 -0.241716 -0.401057
v -12.270007 1.002938 -1.057174
v -12.512178 -0.241715 -1.335151
v -13.135311 -0.241715 -2.455902
v -12.184901 4.042966 -2.091326
v -12.629646 1.158620 -3.009438
v -13.207720 -0.241715 -3.500220
v -12.820728 -0.241714 -5.156809
v -12.442584 1.427746 -5.521676
v -12.372187 -0.241713 -7.713698
v -12.184903 4.042967 -6.524687
v -12.337589 1.649805 -7.411987
v -12.270006 -0.241713 -12.098183
v -12.270006 2.505054 -12.098181
v -12.184900 4.042969 -12.098181
v -12.119493 4.185776 -6.536053
v -12.119492 4.185778 -12.033415
v -12.054324 4.226810 -11.968245
v -12.054324 4.226810 -11.968245
v -11.428781 4.226810 -11.516486
v -11.880539 4.226810 -12.142029
v -6.444109 4.226810 -11.517878
v -6.507334 4.226810 -12.142028
v -2.622541 4.226810 -12.142028
v -2.632756 4.226810 -11.518943
v 2.126130 4.226810 -12.142027
v 2.114419 4.226810 -11.520270
v 6.553768 4.226810 -12.142028
v 6.515893 4.226810 -11.521499
v 12.049468 4.226810 -12.142027
v 11.601329 4.226809 -11.522919
v 12.223249 4.226809 -11.968243
v 12.114635 4.185777 -12.207197
v 12.223249 4.226809 -11.968243
v 12.288420 4.185777 -12.033413
v 6.555484 4.185777 -12.207198
v 12.179805 4.042968 -12.274948
v 12.354074 4.042968 -12.098179
v 2.123894 4.185777 -12.207198
v 6.551837 4.042968 -12.276443
v -2.625004 4.185778 -12.207198
v 7.438150 1.649806 -12.345921
v 12.095742 2.505053 -12.277934
v 12.095742 -0.241714 -12.277936
v 7.739860 -0.241713 -12.380117
v 5.547838 1.427748 -12.450917
v 5.183373 -0.241713 -12.828658
v 2.113148 4.042969 -12.276443
v -2.636163 4.042969 -12.276443
v 3.035602 1.158623 -12.637980
v 3.526384 -0.241712 -13.215651
v 2.482065 -0.241713 -13.143645
v 1.083340 1.002942 -12.277937
v 1.361315 -0.241713 -12.520512
v 0.427221 -0.241713 -12.309717
v -1.992892 1.002942 -12.359198
v -1.640093 -0.241713 -12.440458
v -2.402816 -0.241713 -12.858828
v -3.012269 1.158624 -12.553902
v -3.099161 -0.241713 -13.004858
v -5.303655 -0.241713 -12.808144
v -5.712772 1.436599 -12.396206
v -7.739859 -0.241713 -12.277937
v -7.377405 1.640958 -12.299256
v -12.095740 -0.241713 -12.277938
v -12.095740 2.505054 -12.277936
v -12.010878 4.042969 -12.274950
v -6.551777 4.042969 -12.276443
v -6.520815 4.185778 -12.207198
v -11.945709 4.185778 -12.207199
v -12.184900 4.042969 -12.098181
v -12.119492 4.185778 -12.033415
v -12.054324 4.226810 -11.968245
v -11.880541 4.226803 12.137562
v -11.428782 4.226803 11.511616
v -12.054326 4.226803 11.963778
v -6.496096 4.226802 11.492932
v -6.542034 4.226802 12.137563
v -2.118901 4.226802 11.476352
v -11.945711 4.185770 12.202329
v -12.054326 4.226803 11.963778
v -12.119493 4.185770 12.028546
v -2.126776 4.226802 12.137563
v 2.594743 4.226802 11.458497
v -12.010880 4.042961 12.269502
v -12.184902 4.042961 12.093713
v -6.546728 4.185770 12.202330
v 2.609324 4.226802 12.137562
v 6.467635 4.226802 11.443827
v -2.124155 4.185770 12.202330
v -6.551857 4.042961 12.270504
v 6.530488 4.226802 12.137562
v 11.510612 4.226802 11.424726
v 12.049466 4.226802 12.137564
v 2.616057 4.185769 12.202330
v -7.438150 1.649799 12.339489
v -12.095742 2.505046 12.271504
v -12.095742 -0.241720 12.271502
v -7.739860 -0.241720 12.373682
v -5.547838 1.427741 12.444082
v -5.183373 -0.241720 12.822222
v -2.113163 4.042961 12.270504
v 2.636117 4.042961 12.270504
v -3.035602 1.158616 12.631544
v -3.526384 -0.241721 13.209217
v -2.482066 -0.241720 13.137209
v -1.083340 1.002934 12.271503
v -1.361315 -0.241720 12.514077
v -0.427222 -0.241720 12.302880
v 1.992892 1.002933 12.352765
v 1.640093 -0.241720 12.434025
v 2.402816 -0.241720 12.852393
v 3.012269 1.158615 12.547067
v 3.099161 -0.241720 12.998020
v 5.303655 -0.241720 12.801307
v 5.712772 1.436590 12.389774
v 7.739859 -0.241720 12.271503
v 7.377405 1.640949 12.292423
v 12.095740 -0.241720 12.271504
v 12.095740 2.505045 12.271506
v 12.179803 4.042960 12.269504
v 6.551838 4.042960 12.270504
v 6.538433 4.185769 12.202330
v 12.114634 4.185769 12.202331
v 12.354073 4.042960 12.093715
v 12.288418 4.185769 12.028548
v 12.223248 4.226802 11.963779
v 11.510612 4.226802 11.424726
v -13.027422 2.189255 14.818357
v -13.027422 0.979600 14.818355
v -11.769897 2.189255 13.560830
v -10.512371 -0.230054 12.303303
v -14.284544 -0.230055 16.075882
v -14.284544 0.979600 16.075882
v -10.512371 3.398911 12.303305
v -11.769897 3.398911 13.560830
v -11.769897 3.398911 13.560830
v -10.512371 3.398911 12.303305
v -12.349980 3.398912 10.465691
v -13.607509 3.398912 11.723215
v -16.122562 0.979600 14.237865
v -16.122562 -0.230055 14.237865
v -14.284544 -0.230055 16.075882
v -14.284544 0.979600 16.075882
v -16.122562 -0.230055 14.237865
v -16.122562 0.979600 14.237865
v -14.865035 0.979602 12.980742
v -12.349980 -0.230053 10.465689
v -13.607509 2.189256 11.723215
v -14.865035 2.189255 12.980743
v -12.349980 3.398912 10.465691
v -13.607509 3.398912 11.723215
v -11.769897 2.189255 13.560830
v -11.769897 3.398911 13.560830
v -13.607509 3.398912 11.723215
v -13.607509 2.189256 11.723215
v -13.027422 2.189255 14.818357
v -11.769897 2.189255 13.560830
v -13.607509 2.189256 11.723215
v -14.865035 2.189255 12.980743
v -13.027422 0.979600 14.818355
v -13.027422 2.189255 14.818357
v -14.865035 2.189255 12.980743
v -14.865035 0.979602 12.980742
v -14.284544 0.979600 16.075882
v -13.027422 0.979600 14.818355
v -14.865035 0.979602 12.980742
v -16.122562 0.979600 14.237865
v 13.027423 2.189264 -14.824832
v 13.027423 0.979609 -14.824834
v 11.769898 2.189264 -13.567305
v 10.512373 -0.230047 -12.309781
v 14.284547 -0.230046 -16.082357
v 14.284547 0.979609 -16.082357
v 10.512373 3.398919 -12.309779
v 11.769898 3.398919 -13.567305
v 11.769898 3.398919 -13.567305
v 10.512373 3.398919 -12.309779
v 12.349982 3.398917 -10.472166
v 13.607512 3.398918 -11.729692
v 16.122564 0.979609 -14.244344
v 16.122564 -0.230047 -14.244344
v 14.284547 -0.230046 -16.082357
v 14.284547 0.979609 -16.082357
v 16.122564 -0.230047 -14.244344
v 16.122564 0.979609 -14.244344
v 14.865037 0.979608 -12.987220
v 12.349982 -0.230047 -10.472168
v 13.607512 2.189263 -11.729692
v 14.865037 2.189263 -12.987218
v 12.349982 3.398917 -10.472166
v 13.607512 3.398918 -11.729692
v 11.769898 2.189264 -13.567305
v 11.769898 3.398919 -13.567305
v 13.607512 3.398918 -11.729692
v 13.607512 2.189263 -11.729692
v 13.027423 2.189264 -14.824832
v 11.769898 2.189264 -13.567305
v 13.607512 2.189263 -11.729692
v 14.865037 2.189263 -12.987218
v 13.027423 0.979609 -14.824834
v 13.027423 2.189264 -14.824832
v 14.865037 2.189263 -12.987218
v 14.865037 0.979608 -12.987220
v 14.284547 0.979609 -16.082357
v 13.027423 0.979609 -14.824834
v 14.865037 0.979608 -12.987220
v 16.122564 0.979609 -14.244344
v -11.428782 4.226807 -2.154417
v -6.464970 4.226807 -2.256636
v -11.428782 4.226809 -6.530811
v -6.470404 4.226806 0.148929
v -11.428782 4.226807 0.255104
v -6.475839 4.226805 2.554494
v -11.428782 4.226805 2.664625
v -6.484842 4.226804 6.539876
v -11.428780 4.226804 6.533550
v -6.496096 4.226802 11.492932
v -11.428782 4.226803 11.511616
v -2.118901 4.226802 11.476352
v -2.229730 4.226804 6.545323
v 2.594743 4.226802 11.458497
v -2.320974 4.226805 2.462109
v 2.489476 4.226804 6.550424
v 6.467635 4.226802 11.443827
v -2.374625 4.226806 0.061173
v 2.403899 4.226805 2.357049
v 6.474820 4.226804 6.555774
v 11.510612 4.226802 11.424726
v 11.529945 4.226803 6.562931
v 6.486980 4.226804 2.266259
v 11.547377 4.226804 2.153738
v 2.353792 4.226806 -0.040079
v 6.492013 4.226806 -0.128649
v 11.556829 4.226806 -0.237104
v -2.428277 4.226807 -2.339762
v 6.497046 4.226806 -2.523557
v 11.566281 4.226806 -2.627946
v 2.303685 4.226806 -2.437206
v -6.455361 4.226808 -6.508858
v -11.428782 4.226809 -6.530811
v -11.428781 4.226810 -11.516486
v -6.444109 4.226810 -11.517878
v -2.521052 4.226808 -6.491493
v -2.632756 4.226810 -11.518943
v 2.219375 4.226808 -6.470569
v 2.114419 4.226810 -11.520270
v 6.505300 4.226808 -6.451649
v 11.581306 4.226808 -6.429244
v 6.515893 4.226810 -11.521499
v 11.601329 4.226809 -11.522919
vt 0.447292 0.175153
vt 0.353334 0.171485
vt 0.455527 0.160981
vt 0.282615 0.168356
vt 0.282049 0.154151
vt 0.353993 0.157290
vt 0.455527 0.160981
vt 0.456732 0.159191
vt 0.354180 0.155516
vt 0.457931 0.155601
vt 0.282099 0.152388
vt 0.282261 0.148812
vt 0.354579 0.151934
vt 0.370926 0.097087
vt 0.457490 0.120485
vt 0.459236 0.057981
vt 0.378927 0.054631
vt 0.340199 0.091233
vt 0.333202 0.051838
vt 0.290202 0.083036
vt 0.292668 0.049551
vt 0.279863 0.049863
vt 0.270828 0.079681
vt 0.264267 0.051425
vt 0.226162 0.051251
vt 0.213845 0.079428
vt 0.208629 0.050866
vt 0.185843 0.047878
vt 0.194273 0.148695
vt 0.176929 0.082355
vt 0.167079 0.048152
vt 0.136367 0.051457
vt 0.130342 0.090413
vt 0.088728 0.054006
vt 0.194065 0.152264
vt 0.095440 0.096765
vt 0.008369 0.056996
vt 0.009926 0.119514
vt 0.011379 0.155007
vt 0.113365 0.151613
vt 0.113214 0.155174
vt 0.012579 0.158562
vt 0.193987 0.154012
vt 0.282615 0.168356
vt 0.194685 0.168226
vt 0.113170 0.156909
vt 0.194685 0.168226
vt 0.013773 0.160281
vt 0.114422 0.171133
vt 0.025311 0.174531
vt 0.446553 0.175984
vt 0.353728 0.171963
vt 0.454899 0.161733
vt 0.354044 0.157713
vt 0.456095 0.159979
vt 0.282079 0.155706
vt 0.282312 0.169956
vt 0.354166 0.155958
vt 0.457297 0.156407
vt 0.193944 0.155719
vt 0.193359 0.169969
vt 0.282115 0.153951
vt 0.282300 0.150379
vt 0.354506 0.152386
vt 0.194107 0.153964
vt 0.112429 0.157748
vt 0.112577 0.171999
vt 0.013144 0.161798
vt 0.021484 0.176048
vt 0.370880 0.097551
vt 0.457460 0.120855
vt 0.459161 0.058350
vt 0.378844 0.055087
vt 0.340142 0.091730
vt 0.333120 0.052341
vt 0.290141 0.083580
vt 0.292587 0.050093
vt 0.279795 0.050417
vt 0.270771 0.080239
vt 0.264205 0.051988
vt 0.226099 0.051833
vt 0.213791 0.080015
vt 0.208572 0.051454
vt 0.185790 0.048470
vt 0.194523 0.150391
vt 0.176878 0.082946
vt 0.167032 0.048742
vt 0.136331 0.052042
vt 0.130302 0.090997
vt 0.088688 0.054579
vt 0.112688 0.152420
vt 0.095392 0.097340
vt 0.008336 0.057545
vt 0.009882 0.120062
vt 0.010745 0.156469
vt 0.112479 0.155993
vt 0.011941 0.160042
vt 0.013144 0.161798
vt 0.460377 0.288437
vt 0.448629 0.299045
vt 0.456880 0.284803
vt 0.354920 0.294537
vt 0.356033 0.280332
vt 0.284713 0.277860
vt 0.284928 0.292040
vt 0.197033 0.277921
vt 0.197240 0.292071
vt 0.114872 0.280500
vt 0.115530 0.294621
vt 0.015033 0.285110
vt 0.023230 0.299193
vt 0.011539 0.288749
vt 0.013914 0.283468
vt 0.011539 0.288749
vt 0.010199 0.286626
vt 0.114885 0.278857
vt 0.012520 0.280118
vt 0.008482 0.283187
vt 0.197088 0.276279
vt 0.114851 0.275506
vt 0.284738 0.276217
vt 0.097522 0.221158
vt 0.012078 0.244262
vt 0.010351 0.181752
vt 0.090693 0.178427
vt 0.132414 0.214659
vt 0.138325 0.175680
vt 0.197253 0.272927
vt 0.284986 0.272866
vt 0.178970 0.206407
vt 0.169028 0.172249
vt 0.187789 0.171894
vt 0.215879 0.203328
vt 0.210583 0.174786
vt 0.228116 0.175098
vt 0.272861 0.203336
vt 0.266227 0.175109
vt 0.281818 0.173482
vt 0.292244 0.206607
vt 0.294614 0.173111
vt 0.335154 0.175222
vt 0.342264 0.214586
vt 0.380887 0.177816
vt 0.373007 0.220306
vt 0.461204 0.180815
vt 0.459638 0.243326
vt 0.459387 0.279808
vt 0.356905 0.275338
vt 0.356235 0.278689
vt 0.457997 0.283159
vt 0.463428 0.282870
vt 0.461715 0.286311
vt 0.460377 0.288437
vt 0.016149 0.284197
vt 0.024502 0.298361
vt 0.012683 0.287875
vt 0.117274 0.295893
vt 0.116352 0.281229
vt 0.198557 0.292971
vt 0.015013 0.282575
vt 0.012683 0.287875
vt 0.011328 0.285779
vt 0.198282 0.277921
vt 0.285647 0.292540
vt 0.013595 0.279236
vt 0.009586 0.282358
vt 0.116292 0.279595
vt 0.285727 0.277078
vt 0.356795 0.295212
vt 0.198325 0.276285
vt 0.116069 0.276243
vt 0.357717 0.279407
vt 0.447518 0.300299
vt 0.457165 0.283973
vt 0.285812 0.275441
vt 0.098272 0.221120
vt 0.012815 0.244144
vt 0.011124 0.181631
vt 0.091469 0.178383
vt 0.133167 0.214653
vt 0.139098 0.175677
vt 0.198467 0.272928
vt 0.286195 0.272081
vt 0.179724 0.206435
vt 0.169799 0.172269
vt 0.188556 0.171926
vt 0.216632 0.203375
vt 0.211345 0.174831
vt 0.228874 0.175149
vt 0.273612 0.203396
vt 0.266980 0.175169
vt 0.282566 0.173541
vt 0.292990 0.206667
vt 0.295357 0.173171
vt 0.335894 0.175274
vt 0.343009 0.214635
vt 0.381624 0.177852
vt 0.373754 0.220345
vt 0.461941 0.180823
vt 0.460389 0.243335
vt 0.459624 0.278951
vt 0.358115 0.274407
vt 0.357796 0.277768
vt 0.458259 0.282323
vt 0.463680 0.281968
vt 0.461999 0.285431
vt 0.460689 0.287561
vt 0.447518 0.300299
vt 0.864036 0.110643
vt 0.864009 0.058472
vt 0.926184 0.110601
vt 0.988272 0.006207
vt 0.801851 0.006338
vt 0.801872 0.058506
vt 0.988373 0.162699
vt 0.926229 0.162777
vt 0.956102 0.494463
vt 0.956102 0.571160
vt 0.865283 0.571160
vt 0.865283 0.494463
vt 0.865282 0.236755
vt 0.865283 0.184586
vt 0.956102 0.184586
vt 0.956102 0.236755
vt 0.801899 0.006261
vt 0.801906 0.058425
vt 0.864045 0.058413
vt 0.988322 0.006204
vt 0.926200 0.110571
vt 0.864050 0.110578
vt 0.988373 0.162699
vt 0.926229 0.162746
vt 0.956102 0.442296
vt 0.956102 0.494463
vt 0.865283 0.494463
vt 0.865283 0.442296
vt 0.956102 0.365602
vt 0.956102 0.442296
vt 0.865283 0.442296
vt 0.865283 0.365602
vt 0.956102 0.313437
vt 0.956102 0.365602
vt 0.865283 0.365602
vt 0.865283 0.313437
vt 0.956102 0.236755
vt 0.956102 0.313437
vt 0.865283 0.313437
vt 0.865282 0.236755
vt 0.864036 0.110643
vt 0.864009 0.058472
vt 0.926184 0.110601
vt 0.988272 0.006207
vt 0.801851 0.006338
vt 0.801872 0.058506
vt 0.988373 0.162699
vt 0.926229 0.162777
vt 0.956102 0.494463
vt 0.956102 0.571160
vt 0.865283 0.571160
vt 0.865283 0.494463
vt 0.865282 0.236755
vt 0.865283 0.184586
vt 0.956102 0.184586
vt 0.956102 0.236755
vt 0.801899 0.006261
vt 0.801906 0.058425
vt 0.864045 0.058413
vt 0.988322 0.006204
vt 0.926200 0.110571
vt 0.864050 0.110578
vt 0.988373 0.162699
vt 0.926229 0.162746
vt 0.956102 0.442296
vt 0.956102 0.494463
vt 0.865283 0.494463
vt 0.865283 0.442296
vt 0.956102 0.365602
vt 0.956102 0.442296
vt 0.865283 0.442296
vt 0.865283 0.365602
vt 0.956102 0.313437
vt 0.956102 0.365602
vt 0.865283 0.365602
vt 0.865283 0.313437
vt 0.956102 0.236755
vt 0.956102 0.313437
vt 0.865283 0.313437
vt 0.865282 0.236755
vt 0.006305 0.722670
vt 0.176792 0.722670
vt 0.006305 0.843990
vt 0.176792 0.651424
vt 0.006305 0.651424
vt 0.176792 0.580177
vt 0.006305 0.580177
vt 0.176792 0.457433
vt 0.006305 0.457433
vt 0.176792 0.310672
vt 0.006305 0.310672
vt 0.317589 0.310672
vt 0.317589 0.457433
vt 0.480208 0.310672
vt 0.317589 0.580177
vt 0.480208 0.457433
vt 0.622459 0.310672
vt 0.317589 0.651424
vt 0.480208 0.580177
vt 0.622459 0.457433
vt 0.796586 0.310672
vt 0.796586 0.457433
vt 0.622459 0.580177
vt 0.796586 0.580177
vt 0.480208 0.651424
vt 0.622459 0.651424
vt 0.796586 0.651424
vt 0.317589 0.722670
vt 0.622459 0.722670
vt 0.796586 0.722670
vt 0.480208 0.722670
vt 0.176792 0.843990
vt 0.006305 0.843990
vt 0.006305 0.992599
vt 0.176792 0.992599
vt 0.317589 0.843990
vt 0.317589 0.992599
vt 0.480208 0.843990
vt 0.480208 0.992599
vt 0.622459 0.843990
vt 0.796586 0.843990
vt 0.622459 0.992599
vt 0.796586 0.992599
vn 0.0000 1.0000 0.0000
vn 0.2786 0.9574 -0.0757
vn 0.2773 0.9608 0.0000
vn 0.6641 0.7037 -0.2525
vn 0.7519 0.6593 0.0000
vn 0.9131 0.3305 -0.2388
vn 0.9751 0.2218 0.0078
vn 0.9767 0.2141 -0.0118
vn 0.9985 0.0156 -0.0528
vn 0.9997 -0.0220 -0.0040
vn 1.0000 -0.0043 -0.0027
vn 0.9969 0.0444 -0.0656
vn 0.9927 0.0961 -0.0734
vn 0.9755 0.1994 -0.0925
vn 0.9826 0.1554 0.1018
vn 0.9582 0.2785 0.0649
vn 0.9217 0.2692 0.2794
vn 0.9832 0.0940 0.1567
vn 0.9766 0.1334 0.1686
vn 0.9959 0.0755 -0.0498
vn 0.9887 0.0909 -0.1192
vn 0.9357 0.2273 -0.2698
vn 0.9243 0.3214 -0.2059
vn 0.9738 0.2271 -0.0124
vn 0.9795 0.1876 -0.0736
vn 0.9445 0.3262 0.0397
vn 0.9684 0.2219 0.1142
vn 0.9902 0.1178 0.0753
vn 0.9965 0.0555 0.0630
vn 0.9984 0.0275 0.0485
vn 0.9998 0.0086 0.0181
vn 0.9999 -0.0092 0.0128
vn 0.9111 0.3348 0.2403
vn 0.9746 0.2235 0.0128
vn 0.6644 0.7034 0.2526
vn 0.2787 0.9574 0.0760
vn -0.2787 0.9574 0.0760
vn -0.2773 0.9608 0.0000
vn -0.6649 0.7030 0.2526
vn -0.7523 0.6588 0.0000
vn -0.9032 0.3598 0.2341
vn -0.9684 0.2493 -0.0089
vn -0.9687 0.2481 0.0088
vn -0.2786 0.9574 -0.0757
vn -0.9974 0.0532 0.0490
vn -0.9997 0.0249 0.0001
vn -1.0000 -0.0042 0.0028
vn -0.9969 0.0444 0.0656
vn -0.9893 0.1275 0.0709
vn -0.9755 0.1994 0.0925
vn -0.9774 0.1843 -0.1036
vn -0.9582 0.2785 -0.0649
vn -0.9217 0.2691 -0.2794
vn -0.9800 0.1204 -0.1582
vn -0.9766 0.1334 -0.1686
vn -0.9959 0.0755 0.0498
vn -0.9857 0.1184 0.1196
vn -0.9357 0.2273 0.2698
vn -0.9243 0.3214 0.2059
vn -0.9669 0.2548 0.0130
vn -0.9734 0.2163 0.0750
vn -0.9445 0.3262 -0.0397
vn -0.9684 0.2219 -0.1142
vn -0.9861 0.1490 -0.0729
vn -0.9965 0.0556 -0.0627
vn -0.9663 0.2572 -0.0099
vn -0.9969 0.0651 -0.0448
vn -0.9998 0.0087 -0.0179
vn -0.9993 0.0377 -0.0088
vn -0.9013 0.3642 -0.2345
vn -0.6646 0.7033 -0.2524
vn -0.0757 0.9574 -0.2786
vn 0.0000 0.9608 -0.2773
vn 0.0757 0.9574 -0.2786
vn 0.2537 0.7077 -0.6594
vn 0.0000 0.6662 -0.7458
vn 0.2406 0.3583 -0.9021
vn 0.0000 0.6670 -0.7451
vn 0.0114 0.2498 -0.9682
vn 0.0467 0.0464 -0.9978
vn 0.0107 0.0147 -0.9998
vn 0.0181 0.0085 -0.9998
vn 0.0629 0.0553 -0.9965
vn 0.0740 0.1335 -0.9883
vn 0.1142 0.2217 -0.9684
vn -0.0127 0.2516 -0.9678
vn 0.0085 0.2461 -0.9692
vn -0.0744 0.2022 -0.9765
vn 0.0399 0.3261 -0.9445
vn -0.2058 0.3215 -0.9243
vn -0.1194 0.1049 -0.9873
vn -0.2699 0.2275 -0.9356
vn -0.0498 0.0757 -0.9959
vn 0.1577 0.1072 -0.9817
vn 0.1687 0.1335 -0.9766
vn 0.2798 0.2690 -0.9216
vn 0.1026 0.1698 -0.9801
vn 0.0652 0.2784 -0.9582
vn -0.0926 0.1994 -0.9755
vn -0.0721 0.1120 -0.9911
vn -0.0657 0.0443 -0.9969
vn -0.0510 0.0347 -0.9981
vn -0.0028 -0.0043 -1.0000
vn -0.0021 0.0018 -1.0000
vn -0.2341 0.3453 -0.9088
vn -0.0103 0.2406 -0.9706
vn -0.0000 0.6666 -0.7454
vn -0.2539 0.7075 -0.6596
vn -0.0758 0.9570 0.2799
vn 0.0000 0.9604 0.2786
vn -0.2538 0.7060 0.6612
vn -0.6649 0.7029 0.2526
vn -0.2349 0.3484 0.9074
vn 0.0000 0.6632 0.7484
vn 0.0000 0.6637 0.7480
vn -0.0114 0.2471 0.9689
vn 0.0758 0.9570 0.2799
vn -0.0467 0.0464 0.9978
vn -0.0110 0.0145 0.9998
vn -0.0181 0.0085 0.9998
vn -0.0629 0.0554 0.9965
vn -0.0740 0.1335 0.9883
vn -0.1142 0.2217 0.9684
vn 0.0129 0.2483 0.9686
vn -0.0084 0.2430 0.9700
vn 0.0744 0.2021 0.9765
vn -0.0399 0.3261 0.9445
vn 0.2058 0.3215 0.9243
vn 0.1195 0.1048 0.9873
vn 0.2701 0.2275 0.9356
vn 0.0499 0.0755 0.9959
vn -0.1576 0.1071 0.9817
vn -0.1686 0.1334 0.9766
vn -0.2794 0.2691 0.9217
vn -0.1025 0.1697 0.9802
vn -0.0650 0.2784 0.9583
vn 0.0925 0.1993 0.9756
vn 0.0722 0.1119 0.9911
vn 0.0656 0.0444 0.9969
vn 0.0510 0.0345 0.9981
vn 0.0027 -0.0043 1.0000
vn 0.0021 0.0017 1.0000
vn 0.2399 0.3525 0.9045
vn 0.0103 0.2379 0.9712
vn -0.0000 0.6631 0.7485
vn 0.2538 0.7059 0.6613
vn 0.7071 -0.0000 0.7071
vn 0.7071 0.0001 0.7071
vn 0.7072 0.0001 0.7070
vn 0.7072 0.0000 0.7070
vn -0.7071 0.0000 0.7071
vn -0.7070 0.0001 -0.7072
vn -0.7070 0.0000 -0.7072
vn -0.7071 0.0001 -0.7071
vn -0.7071 0.0000 -0.7071
vn -0.7072 0.0001 -0.7070
vn -0.7072 0.0000 -0.7070
vn 0.7071 0.0000 -0.7071
vn 0.7070 0.0001 0.7072
vn 0.7070 0.0000 0.7072
usemtl Ring.001
s 1
f 1/1/1 2/2/1 3/3/2
f 4/4/1 5/5/3 2/2/1
f 5/5/3 6/6/3 2/2/1
f 2/2/1 6/6/3 7/7/2
f 7/7/2 6/6/3 8/8/4
f 6/6/3 9/9/5 8/8/4
f 8/8/4 9/9/5 10/10/6
f 5/5/3 11/11/5 6/6/3
f 11/11/5 9/9/5 6/6/3
f 11/11/5 12/12/7 9/9/5
f 9/9/5 13/13/8 10/10/6
f 12/12/7 13/13/8 9/9/5
f 10/10/6 13/13/8 14/14/9
f 15/15/10 10/10/6 14/14/9
f 15/15/10 14/14/9 16/16/11
f 14/14/9 17/17/12 16/16/11
f 18/18/13 14/14/9 13/13/8
f 17/17/12 14/14/9 18/18/13
f 18/18/13 13/13/8 12/12/7
f 19/19/14 17/17/12 18/18/13
f 19/19/14 18/18/13 20/20/15
f 20/20/15 18/18/13 12/12/7
f 21/21/16 19/19/14 20/20/15
f 20/20/15 22/22/17 21/21/16
f 20/20/15 23/23/18 22/22/17
f 23/23/18 20/20/15 12/12/7
f 23/23/18 24/24/19 22/22/17
f 24/24/19 23/23/18 25/25/20
f 23/23/18 26/26/21 25/25/20
f 26/26/21 23/23/18 12/12/7
f 26/26/21 27/27/22 25/25/20
f 27/27/22 26/26/21 28/28/23
f 29/29/24 26/26/21 12/12/7
f 29/29/24 12/12/7 11/11/5
f 26/26/21 30/30/25 28/28/23
f 30/30/25 26/26/21 29/29/24
f 30/30/25 31/31/26 28/28/23
f 31/31/26 30/30/25 32/32/27
f 30/30/25 33/33/28 32/32/27
f 33/33/28 30/30/25 29/29/24
f 32/32/27 33/33/28 34/34/29
f 35/35/5 29/29/24 11/11/5
f 35/35/5 11/11/5 5/5/3
f 33/33/28 36/36/30 34/34/29
f 34/34/29 36/36/30 37/37/31
f 36/36/30 38/38/32 37/37/31
f 38/38/32 36/36/30 39/39/33
f 40/40/34 33/33/28 29/29/24
f 36/36/30 33/33/28 40/40/34
f 36/36/30 40/40/34 39/39/33
f 40/40/34 29/29/24 35/35/5
f 39/39/33 40/40/34 41/41/5
f 41/41/5 40/40/34 35/35/5
f 42/42/35 39/39/33 41/41/5
f 43/43/3 35/35/5 5/5/3
f 41/41/5 35/35/5 43/43/3
f 43/43/3 5/5/3 44/44/1
f 45/45/1 43/43/3 44/44/1
f 42/42/35 41/41/5 46/46/3
f 46/46/3 41/41/5 43/43/3
f 46/46/3 43/43/3 47/47/1
f 48/48/36 42/42/35 46/46/3
f 49/49/1 46/46/3 47/47/1
f 48/48/36 46/46/3 49/49/1
f 50/50/1 48/48/36 49/49/1
f 51/51/1 52/52/1 53/53/37
f 52/52/1 54/54/38 53/53/37
f 53/53/37 54/54/38 55/55/39
f 56/56/38 54/54/38 52/52/1
f 57/57/1 56/56/38 52/52/1
f 54/54/38 58/58/40 55/55/39
f 55/55/39 58/58/40 59/59/41
f 60/60/38 56/56/38 57/57/1
f 61/61/1 60/60/38 57/57/1
f 56/56/38 62/62/40 54/54/38
f 62/62/40 58/58/40 54/54/38
f 62/62/40 63/63/42 58/58/40
f 58/58/40 64/64/43 59/59/41
f 63/63/42 64/64/43 58/58/40
f 65/65/40 62/62/40 56/56/38
f 60/60/38 65/65/40 56/56/38
f 66/66/38 60/60/38 61/61/1
f 67/67/1 66/66/38 61/61/1
f 68/68/44 66/66/38 67/67/1
f 69/69/1 68/68/44 67/67/1
f 59/59/41 64/64/43 70/70/45
f 71/71/46 59/59/41 70/70/45
f 71/71/46 70/70/45 72/72/47
f 70/70/45 73/73/48 72/72/47
f 74/74/49 70/70/45 64/64/43
f 73/73/48 70/70/45 74/74/49
f 75/75/50 73/73/48 74/74/49
f 74/74/49 64/64/43 63/63/42
f 75/75/50 74/74/49 76/76/51
f 76/76/51 74/74/49 63/63/42
f 77/77/52 75/75/50 76/76/51
f 76/76/51 78/78/53 77/77/52
f 76/76/51 79/79/54 78/78/53
f 79/79/54 76/76/51 63/63/42
f 79/79/54 80/80/55 78/78/53
f 80/80/55 79/79/54 81/81/56
f 79/79/54 82/82/57 81/81/56
f 82/82/57 79/79/54 63/63/42
f 82/82/57 83/83/58 81/81/56
f 83/83/58 82/82/57 84/84/59
f 85/85/60 82/82/57 63/63/42
f 85/85/60 63/63/42 62/62/40
f 65/65/40 85/85/60 62/62/40
f 82/82/57 86/86/61 84/84/59
f 86/86/61 82/82/57 85/85/60
f 86/86/61 87/87/62 84/84/59
f 87/87/62 86/86/61 88/88/63
f 86/86/61 89/89/64 88/88/63
f 89/89/64 86/86/61 85/85/60
f 88/88/63 89/89/64 90/90/65
f 91/91/66 85/85/60 65/65/40
f 91/91/66 89/89/64 85/85/60
f 89/89/64 92/92/67 90/90/65
f 92/92/67 89/89/64 91/91/66
f 90/90/65 92/92/67 93/93/68
f 92/92/67 94/94/69 93/93/68
f 94/94/69 92/92/67 95/95/70
f 92/92/67 91/91/66 95/95/70
f 96/96/40 91/91/66 65/65/40
f 95/95/70 91/91/66 96/96/40
f 96/96/40 65/65/40 60/60/38
f 97/97/71 95/95/70 96/96/40
f 66/66/38 96/96/40 60/60/38
f 97/97/71 96/96/40 66/66/38
f 98/98/44 97/97/71 66/66/38
f 99/99/44 100/100/1 101/101/72
f 100/100/1 102/102/1 101/101/72
f 102/102/1 103/103/73 101/101/72
f 104/104/73 103/103/73 102/102/1
f 105/105/1 104/104/73 102/102/1
f 106/106/73 104/104/73 105/105/1
f 107/107/1 106/106/73 105/105/1
f 108/108/73 106/106/73 107/107/1
f 109/109/1 108/108/73 107/107/1
f 110/110/74 108/108/73 109/109/1
f 111/111/1 110/110/74 109/109/1
f 110/110/74 111/111/1 112/112/2
f 110/110/74 113/113/75 108/108/73
f 110/110/74 114/114/2 113/113/75
f 114/114/2 115/115/4 113/113/75
f 108/108/73 116/116/76 106/106/73
f 113/113/75 116/116/76 108/108/73
f 113/113/75 115/115/4 117/117/77
f 113/113/75 117/117/77 116/116/76
f 115/115/4 118/118/6 117/117/77
f 106/106/73 119/119/78 104/104/73
f 116/116/76 119/119/78 106/106/73
f 117/117/77 120/120/79 116/116/76
f 116/116/76 120/120/79 119/119/78
f 119/119/78 121/121/78 104/104/73
f 104/104/73 121/121/78 103/103/73
f 122/122/80 120/120/79 117/117/77
f 123/123/81 122/122/80 117/117/77
f 122/122/80 123/123/81 124/124/82
f 125/125/83 122/122/80 124/124/82
f 126/126/84 122/122/80 125/125/83
f 122/122/80 126/126/84 120/120/79
f 127/127/85 126/126/84 125/125/83
f 120/120/79 128/128/86 119/119/78
f 120/120/79 126/126/84 128/128/86
f 119/119/78 128/128/86 121/121/78
f 128/128/86 129/129/87 121/121/78
f 130/130/88 126/126/84 127/127/85
f 126/126/84 130/130/88 128/128/86
f 131/131/89 130/130/88 127/127/85
f 130/130/88 131/131/89 132/132/90
f 130/130/88 133/133/91 128/128/86
f 133/133/91 130/130/88 132/132/90
f 128/128/86 133/133/91 129/129/87
f 134/134/92 133/133/91 132/132/90
f 133/133/91 134/134/92 135/135/93
f 136/136/94 133/133/91 135/135/93
f 133/133/91 136/136/94 129/129/87
f 137/137/95 136/136/94 135/135/93
f 136/136/94 137/137/95 138/138/96
f 139/139/97 136/136/94 138/138/96
f 136/136/94 139/139/97 129/129/87
f 139/139/97 138/138/96 140/140/98
f 140/140/98 141/141/99 139/139/97
f 141/141/99 142/142/100 139/139/97
f 139/139/97 142/142/100 129/129/87
f 141/141/99 143/143/101 142/142/100
f 143/143/101 144/144/102 142/142/100
f 144/144/102 143/143/101 145/145/103
f 146/146/104 144/144/102 145/145/103
f 146/146/104 147/147/105 144/144/102
f 142/142/100 144/144/102 148/148/106
f 142/142/100 148/148/106 129/129/87
f 147/147/105 148/148/106 144/144/102
f 129/129/87 148/148/106 149/149/107
f 149/149/107 148/148/106 147/147/105
f 121/121/78 129/129/87 149/149/107
f 121/121/78 149/149/107 103/103/73
f 150/150/108 149/149/107 147/147/105
f 103/103/73 149/149/107 150/150/108
f 150/150/108 147/147/105 151/151/70
f 101/101/72 103/103/73 150/150/108
f 152/152/71 150/150/108 151/151/70
f 101/101/72 150/150/108 152/152/71
f 153/153/44 101/101/72 152/152/71
f 154/154/109 155/155/1 156/156/37
f 155/155/1 154/154/109 157/157/1
f 154/154/109 158/158/110 157/157/1
f 157/157/1 158/158/110 159/159/1
f 154/154/109 160/160/111 158/158/110
f 160/160/111 154/154/109 161/161/37
f 162/162/112 160/160/111 161/161/37
f 158/158/110 163/163/110 159/159/1
f 159/159/1 163/163/110 164/164/1
f 165/165/113 160/160/111 162/162/112
f 166/166/41 165/165/113 162/162/112
f 160/160/111 167/167/114 158/158/110
f 158/158/110 167/167/114 163/163/110
f 160/160/111 165/165/113 167/167/114
f 163/163/110 168/168/110 164/164/1
f 164/164/1 168/168/110 169/169/1
f 167/167/114 170/170/115 163/163/110
f 163/163/110 170/170/115 168/168/110
f 165/165/113 171/171/116 167/167/114
f 167/167/114 171/171/116 170/170/115
f 168/168/110 172/172/110 169/169/1
f 173/173/1 169/169/1 172/172/110
f 174/174/117 173/173/1 172/172/110
f 170/170/115 175/175/115 168/168/110
f 168/168/110 175/175/115 172/172/110
f 176/176/118 171/171/116 165/165/113
f 177/177/119 176/176/118 165/165/113
f 176/176/118 177/177/119 178/178/120
f 179/179/121 176/176/118 178/178/120
f 180/180/122 176/176/118 179/179/121
f 176/176/118 180/180/122 171/171/116
f 181/181/123 180/180/122 179/179/121
f 171/171/116 182/182/124 170/170/115
f 171/171/116 180/180/122 182/182/124
f 170/170/115 182/182/124 175/175/115
f 182/182/124 183/183/125 175/175/115
f 184/184/126 180/180/122 181/181/123
f 180/180/122 184/184/126 182/182/124
f 185/185/127 184/184/126 181/181/123
f 184/184/126 185/185/127 186/186/128
f 184/184/126 187/187/129 182/182/124
f 187/187/129 184/184/126 186/186/128
f 182/182/124 187/187/129 183/183/125
f 188/188/130 187/187/129 186/186/128
f 187/187/129 188/188/130 189/189/131
f 190/190/132 187/187/129 189/189/131
f 187/187/129 190/190/132 183/183/125
f 191/191/133 190/190/132 189/189/131
f 190/190/132 191/191/133 192/192/134
f 193/193/135 190/190/132 192/192/134
f 190/190/132 193/193/135 183/183/125
f 193/193/135 192/192/134 194/194/136
f 194/194/136 195/195/137 193/193/135
f 195/195/137 196/196/138 193/193/135
f 193/193/135 196/196/138 183/183/125
f 195/195/137 197/197/139 196/196/138
f 197/197/139 198/198/140 196/196/138
f 198/198/140 197/197/139 199/199/141
f 200/200/142 198/198/140 199/199/141
f 200/200/142 201/201/143 198/198/140
f 196/196/138 198/198/140 202/202/144
f 196/196/138 202/202/144 183/183/125
f 201/201/143 202/202/144 198/198/140
f 183/183/125 202/202/144 203/203/145
f 203/203/145 202/202/144 201/201/143
f 175/175/115 183/183/125 203/203/145
f 175/175/115 203/203/145 172/172/110
f 204/204/146 203/203/145 201/201/143
f 172/172/110 203/203/145 204/204/146
f 201/201/143 205/205/33 204/204/146
f 205/205/33 206/206/35 204/204/146
f 174/174/117 172/172/110 204/204/146
f 204/204/146 206/206/35 174/174/117
f 206/206/35 207/207/36 174/174/117
f 208/208/1 174/174/117 207/207/36
f 209/209/147 210/210/148 211/211/147
f 212/212/147 211/211/147 210/210/148
f 213/213/149 212/212/147 210/210/148
f 213/213/149 210/210/148 214/214/150
f 211/211/147 212/212/147 215/215/147
f 216/216/147 211/211/147 215/215/147
f 217/217/1 218/218/1 219/219/1
f 220/220/1 217/217/1 219/219/1
f 221/221/151 222/222/151 223/223/151
f 224/224/151 221/221/151 223/223/151
f 225/225/152 226/226/153 227/227/154
f 228/228/155 225/225/152 227/227/154
f 229/229/155 228/228/155 227/227/154
f 230/230/155 229/229/155 227/227/154
f 228/228/155 229/229/155 231/231/155
f 232/232/155 231/231/155 229/229/155
f 233/233/151 234/234/151 235/235/151
f 236/236/151 233/233/151 235/235/151
f 237/237/1 238/238/1 239/239/1
f 240/240/1 237/237/1 239/239/1
f 241/241/151 242/242/151 243/243/151
f 244/244/151 241/241/151 243/243/151
f 245/245/1 246/246/1 247/247/1
f 248/248/1 245/245/1 247/247/1
f 249/249/155 250/250/154 251/251/155
f 252/252/155 251/251/155 250/250/154
f 253/253/156 252/252/155 250/250/154
f 253/253/156 250/250/154 254/254/157
f 251/251/155 252/252/155 255/255/155
f 256/256/155 251/251/155 255/255/155
f 257/257/1 258/258/1 259/259/1
f 260/260/1 257/257/1 259/259/1
f 261/261/158 262/262/158 263/263/158
f 264/264/158 261/261/158 263/263/158
f 265/265/159 266/266/160 267/267/148
f 268/268/147 265/265/159 267/267/148
f 269/269/147 268/268/147 267/267/148
f 270/270/147 269/269/147 267/267/148
f 268/268/147 269/269/147 271/271/147
f 272/272/147 271/271/147 269/269/147
f 273/273/158 274/274/158 275/275/158
f 276/276/158 273/273/158 275/275/158
f 277/277/1 278/278/1 279/279/1
f 280/280/1 277/277/1 279/279/1
f 281/281/158 282/282/158 283/283/158
f 284/284/158 281/281/158 283/283/158
f 285/285/1 286/286/1 287/287/1
f 288/288/1 285/285/1 287/287/1
f 289/289/1 290/290/1 291/291/1
f 290/290/1 289/289/1 292/292/1
f 289/289/1 293/293/1 292/292/1
f 292/292/1 293/293/1 294/294/1
f 293/293/1 295/295/1 294/294/1
f 296/296/1 294/294/1 295/295/1
f 297/297/1 296/296/1 295/295/1
f 298/298/1 296/296/1 297/297/1
f 299/299/1 298/298/1 297/297/1
f 298/298/1 300/300/1 296/296/1
f 300/300/1 301/301/1 296/296/1
f 296/296/1 301/301/1 294/294/1
f 300/300/1 302/302/1 301/301/1
f 292/292/1 294/294/1 303/303/1
f 301/301/1 303/303/1 294/294/1
f 302/302/1 304/304/1 301/301/1
f 301/301/1 304/304/1 303/303/1
f 302/302/1 305/305/1 304/304/1
f 306/306/1 292/292/1 303/303/1
f 290/290/1 292/292/1 306/306/1
f 304/304/1 307/307/1 303/303/1
f 306/306/1 303/303/1 307/307/1
f 305/305/1 308/308/1 304/304/1
f 304/304/1 308/308/1 307/307/1
f 305/305/1 309/309/1 308/308/1
f 309/309/1 310/310/1 308/308/1
f 308/308/1 310/310/1 311/311/1
f 308/308/1 311/311/1 307/307/1
f 310/310/1 312/312/1 311/311/1
f 313/313/1 306/306/1 307/307/1
f 313/313/1 307/307/1 311/311/1
f 314/314/1 311/311/1 312/312/1
f 314/314/1 313/313/1 311/311/1
f 315/315/1 314/314/1 312/312/1
f 316/316/1 290/290/1 306/306/1
f 316/316/1 306/306/1 313/313/1
f 317/317/1 314/314/1 315/315/1
f 318/318/1 317/317/1 315/315/1
f 319/319/1 313/313/1 314/314/1
f 319/319/1 316/316/1 313/313/1
f 317/317/1 319/319/1 314/314/1
f 320/320/1 290/290/1 316/316/1
f 290/290/1 320/320/1 321/321/1
f 322/322/1 321/321/1 320/320/1
f 323/323/1 322/322/1 320/320/1
f 324/324/1 320/320/1 316/316/1
f 323/323/1 320/320/1 324/324/1
f 316/316/1 319/319/1 324/324/1
f 325/325/1 323/323/1 324/324/1
f 319/319/1 326/326/1 324/324/1
f 325/325/1 324/324/1 326/326/1
f 326/326/1 319/319/1 317/317/1
f 327/327/1 325/325/1 326/326/1
f 328/328/1 317/317/1 318/318/1
f 328/328/1 326/326/1 317/317/1
f 327/327/1 326/326/1 328/328/1
f 329/329/1 328/328/1 318/318/1
f 330/330/1 327/327/1 328/328/1
f 330/330/1 328/328/1 329/329/1
f 331/331/1 330/330/1 329/329/1
o Ropes_S.001
v -11.065509 8.960434 -11.221628
v -11.769900 8.960432 -11.926019
v -11.769900 9.075889 -11.926019
v -11.769900 9.075889 -11.926019
v -11.065509 9.075889 -11.221628
v -11.054647 9.017960 -11.232490
v -11.769900 9.075889 -11.926019
v -11.065509 8.960434 -11.221628
v -11.769900 8.960432 -11.926019
v -11.095276 8.918197 -11.191858
v -11.136310 8.902507 -11.151231
v -11.840300 8.902506 -11.855220
v -11.206709 8.960434 -11.080430
v -11.217973 9.017960 -11.069569
v -11.206709 9.075889 -11.080430
v -11.206709 9.075889 -11.080430
v -11.911102 9.075889 -11.784820
v -11.206709 8.960434 -11.080430
v -11.911102 8.960432 -11.784820
v -11.840300 8.902506 -11.855220
v -11.769900 9.075889 -11.926019
v -11.769900 8.960432 -11.926019
v -11.840300 9.133413 -11.855220
v -11.769900 9.075889 -11.926019
v -11.840300 9.133413 -11.855220
v -11.136310 9.133415 -11.151231
v -11.176939 9.117727 -11.110199
v -11.840300 9.133413 -11.855220
v -11.840300 9.133413 -11.855220
v -11.206709 9.075889 -11.080430
v -11.911102 9.075889 -11.784820
v -10.526250 9.264759 -11.158068
v -10.458870 9.382024 -11.107785
v -10.458468 9.382024 -11.107785
v -11.068826 7.474855 -11.221628
v -11.771008 7.472962 -11.926020
v -11.771008 7.588418 -11.926020
v -11.771008 7.588418 -11.926020
v -11.068826 7.590310 -11.221628
v -11.057961 7.532382 -11.232490
v -11.771008 7.588418 -11.926020
v -11.068826 7.474855 -11.221628
v -11.771008 7.472962 -11.926020
v -11.098592 7.432617 -11.191858
v -11.139627 7.416927 -11.151228
v -11.841405 7.415035 -11.855220
v -11.210025 7.474855 -11.080428
v -11.912209 7.472962 -11.784820
v -11.841405 7.415035 -11.855220
v -11.139627 7.416927 -11.151228
v -11.180255 7.432617 -11.110198
v -11.210025 7.474855 -11.080428
v -11.912209 7.588418 -11.784820
v -11.912209 7.472962 -11.784820
v -11.210025 7.474855 -11.080428
v -11.221290 7.532382 -11.069567
v -11.210025 7.590310 -11.080428
v -11.210025 7.590310 -11.080428
v -11.912209 7.588418 -11.784820
v -11.210025 7.474855 -11.080428
v -11.912209 7.472962 -11.784820
v -11.841405 7.415035 -11.855220
v -11.771008 7.588418 -11.926020
v -11.771008 7.472962 -11.926020
v -11.841405 7.645945 -11.855220
v -11.771008 7.588418 -11.926020
v -11.841405 7.645945 -11.855220
v -11.139627 7.647837 -11.151228
v -11.180255 7.632148 -11.110198
v -11.841405 7.645945 -11.855220
v -11.841405 7.645945 -11.855220
v -11.210025 7.590310 -11.080428
v -11.912209 7.588418 -11.784820
v -10.530673 7.780127 -11.158068
v -10.463292 7.897390 -11.107785
v -10.462890 7.897390 -11.107785
v -11.068178 5.949719 -11.221628
v -11.770791 5.949719 -11.926021
v -11.770791 6.065175 -11.926021
v -11.770791 6.065175 -11.926021
v -11.068178 6.065175 -11.221628
v -11.057315 6.007246 -11.232491
v -11.770791 6.065175 -11.926021
v -11.068178 5.949719 -11.221628
v -11.770791 5.949719 -11.926021
v -11.097944 5.907481 -11.191860
v -11.138977 5.891792 -11.151228
v -11.841189 5.891791 -11.855222
v -11.209377 5.949719 -11.080428
v -11.220641 6.007246 -11.069567
v -11.209377 6.065175 -11.080428
v -11.209377 6.065175 -11.080428
v -11.911992 6.065175 -11.784821
v -11.209377 5.949719 -11.080428
v -11.911992 5.949719 -11.784821
v -11.841189 5.891791 -11.855222
v -11.770791 6.065175 -11.926021
v -11.770791 5.949719 -11.926021
v -11.841189 6.122701 -11.855222
v -11.770791 6.065175 -11.926021
v -11.841189 6.122701 -11.855222
v -11.138977 6.122701 -11.151228
v -11.179607 6.107013 -11.110198
v -11.841189 6.122701 -11.855222
v -11.841189 6.122701 -11.855222
v -11.209377 6.065175 -11.080428
v -11.911992 6.065175 -11.784821
v -10.529808 6.254045 -11.158068
v -10.462427 6.371309 -11.107785
v -10.462026 6.371309 -11.107785
v -11.840300 8.902506 -11.855220
v -11.136310 8.902507 -11.151231
v -11.176939 8.918197 -11.110199
v -11.206709 8.960434 -11.080430
v -11.911102 8.960432 -11.784820
v -11.911102 9.075889 -11.784820
v -12.030982 8.970490 -12.063597
v -12.006041 9.005488 -12.088135
v -11.822199 8.970490 -11.854815
v -11.797659 9.005489 -11.879759
v -12.015292 9.052958 -12.079285
v -11.806509 9.052959 -11.870506
v -12.048682 9.065429 -12.045899
v -11.840300 9.065429 -11.837116
v -12.073626 9.030832 -12.020958
v -11.864842 9.030832 -11.812577
v -12.064373 8.983364 -12.030212
v -11.855583 8.983364 -11.821427
v -12.030982 8.970490 -12.063597
v -11.822199 8.970490 -11.854815
v -11.136310 8.970491 -11.169335
v -11.111773 9.005489 -11.193872
v -10.807647 8.970491 -10.840669
v -10.783109 9.005489 -10.865210
v -11.120622 9.052959 -11.184620
v -10.791958 9.052959 -10.855957
v -11.154411 9.065430 -11.151231
v -10.825749 9.065430 -10.822568
v -11.178952 9.030834 -11.126691
v -10.850289 9.030834 -10.798028
v -11.169698 8.983364 -11.135543
v -10.841038 8.983364 -10.806876
v -11.136310 8.970491 -11.169335
v -10.807647 8.970491 -10.840669
v -11.095276 9.117727 -11.191858
v -11.065509 9.075889 -11.221628
v -11.769900 9.075889 -11.926019
v -11.136310 9.133415 -11.151231
v -11.136310 9.133415 -11.151231
v -11.176939 9.117727 -11.110199
v -11.095276 9.117727 -11.191858
v -11.054647 9.017960 -11.232490
v -11.065509 9.075889 -11.221628
v -11.176939 8.918197 -11.110199
v -11.217973 9.017960 -11.069569
v -11.206709 9.075889 -11.080430
v -11.206709 8.960434 -11.080430
v -11.095276 8.918197 -11.191858
v -11.136310 8.902507 -11.151231
v -11.065509 8.960434 -11.221628
v -11.024475 8.960032 -10.562293
v -11.069531 8.990606 -10.666080
v -11.196852 8.891645 -10.599302
v -11.207913 8.929661 -10.723605
v -10.654377 8.990606 -11.081234
v -11.236878 8.720676 -10.730042
v -11.234867 8.750848 -10.608958
v -11.119213 8.537840 -10.612378
v -10.711904 8.929661 -11.219618
v -10.718340 8.720676 -11.248583
v -10.587599 8.891645 -11.208556
v -10.550591 8.960032 -11.036176
v -10.597252 8.750848 -11.246571
v -10.512172 8.617492 -11.161490
v -10.600675 8.537840 -11.130917
v -10.512172 8.617492 -11.161490
v -10.358904 8.561575 -10.889346
v -10.330544 8.639215 -10.979857
v -10.877443 8.561575 -10.370606
v -11.149785 8.617492 -10.523875
v -11.234867 8.750848 -10.608958
v -10.968156 8.639215 -10.342246
v -10.208653 8.796305 -10.739295
v -10.210664 8.826878 -10.859979
v -10.727592 8.796305 -10.220758
v -10.204026 9.135629 -10.734267
v -10.394506 8.906931 -10.932391
v -10.206240 9.115514 -10.855353
v -10.425077 8.767742 -11.084050
v -10.512172 8.617492 -11.161490
v -10.597252 8.750848 -11.246571
v -10.587599 8.891645 -11.208556
v -10.550591 8.960032 -11.036176
v -10.338589 9.133013 -11.003997
v -10.550591 8.960032 -11.036176
v -10.526250 9.264759 -11.158068
v -10.458468 9.382024 -11.107785
v -10.398528 9.411794 -11.047844
v -10.306809 9.351853 -10.955924
v -10.306809 9.351853 -10.955924
v -10.327125 9.422453 -10.857568
v -10.398528 9.411794 -11.047844
v -10.722565 9.135628 -10.215731
v -10.848278 8.826878 -10.222367
v -10.845862 9.422453 -10.338824
v -10.507145 9.482191 -11.037383
v -10.398528 9.411794 -11.047844
v -10.458468 9.382024 -11.107785
v -10.843651 9.115513 -10.217939
v -10.922698 8.909346 -10.408217
v -11.072749 8.770558 -10.442412
v -11.149785 8.617492 -10.523875
v -11.234867 8.750848 -10.608958
v -11.024475 8.960032 -10.562293
v -11.196852 8.891645 -10.599302
v -11.234867 8.750848 -10.608958
v -10.994305 9.135025 -10.351501
v -11.024475 8.960032 -10.562293
v -10.944221 9.351853 -10.318510
v -11.146367 9.264759 -10.537954
v -11.066113 9.396908 -10.440402
v -11.024475 8.960032 -10.562293
v -11.146367 9.264759 -10.537954
v -11.069531 8.990606 -10.666080
v -11.150187 9.285275 -10.657434
v -10.654377 8.990606 -11.081234
v -11.025681 9.482191 -10.518847
v -11.066113 9.396908 -10.440402
v -10.645728 9.285275 -11.161891
v -10.526250 9.264759 -11.158068
v -10.550591 8.960032 -11.036176
v -10.458870 9.382024 -11.107785
v -10.458468 9.382024 -11.107785
v -10.944221 9.351853 -10.318510
v -10.843651 9.115513 -10.217939
v -11.066113 9.396908 -10.440402
v -11.951734 8.950777 -12.065610
v -12.051498 8.950777 -11.965845
v -12.163333 8.950777 -12.077274
v -12.063569 8.950777 -12.177039
v -12.163333 9.087152 -12.077274
v -12.051498 9.087152 -11.965845
v -11.951734 9.087152 -12.065610
v -12.063569 9.087152 -12.177039
v -12.051498 9.087152 -11.965845
v -12.051498 8.950777 -11.965845
v -11.951734 8.950777 -12.065610
v -11.951734 9.087152 -12.065610
v -11.951734 9.087152 -12.065610
v -11.951734 8.950777 -12.065610
v -12.063569 8.950777 -12.177039
v -12.063569 9.087152 -12.177039
v -12.163333 9.087152 -12.077274
v -12.163333 8.950777 -12.077274
v -12.051498 8.950777 -11.965845
v -12.051498 9.087152 -11.965845
v -12.030982 7.482075 -12.063597
v -12.006041 7.517074 -12.088135
v -11.823305 7.483021 -11.854815
v -11.798764 7.518019 -11.879759
v -12.015292 7.564543 -12.079285
v -11.807614 7.565489 -11.870506
v -12.048682 7.577013 -12.045899
v -11.841405 7.577959 -11.837116
v -12.073626 7.542418 -12.020958
v -11.865946 7.543364 -11.812577
v -12.064373 7.494947 -12.030212
v -11.856691 7.495894 -11.821427
v -12.030982 7.482075 -12.063597
v -11.823305 7.483021 -11.854815
v -11.139627 7.484914 -11.169333
v -11.115086 7.519912 -11.193871
v -10.812068 7.485858 -10.840669
v -10.787530 7.520856 -10.865208
v -11.123940 7.567382 -11.184620
v -10.796380 7.568326 -10.855957
v -11.157728 7.579852 -11.151228
v -10.830172 7.580796 -10.822568
v -11.182268 7.545257 -11.126690
v -10.854711 7.546202 -10.798028
v -11.173013 7.497786 -11.135542
v -10.845460 7.498732 -10.806878
v -11.139627 7.484914 -11.169333
v -10.812068 7.485858 -10.840669
v -11.098592 7.632148 -11.191858
v -11.068826 7.590310 -11.221628
v -11.771008 7.588418 -11.926020
v -11.139627 7.647837 -11.151228
v -11.139627 7.647837 -11.151228
v -11.180255 7.632148 -11.110198
v -11.098592 7.632148 -11.191858
v -11.057961 7.532382 -11.232490
v -11.068826 7.590310 -11.221628
v -11.180255 7.432617 -11.110198
v -11.221290 7.532382 -11.069567
v -11.210025 7.590310 -11.080428
v -11.210025 7.474855 -11.080428
v -11.098592 7.432617 -11.191858
v -11.139627 7.416927 -11.151228
v -11.068826 7.474855 -11.221628
v -11.028897 7.475398 -10.562292
v -11.073953 7.505973 -10.666080
v -11.201273 7.407012 -10.599300
v -11.212335 7.445026 -10.723605
v -10.658798 7.505974 -11.081234
v -11.241301 7.236043 -10.730043
v -11.239288 7.266214 -10.608957
v -11.123634 7.053207 -10.612378
v -10.716326 7.445026 -11.219618
v -10.722762 7.236044 -11.248582
v -10.592021 7.407013 -11.208554
v -10.555010 7.475399 -11.036176
v -10.601674 7.266214 -11.246569
v -10.516594 7.132860 -11.161490
v -10.605097 7.053208 -11.130917
v -10.516594 7.132860 -11.161490
v -10.363326 7.076941 -10.889347
v -10.334965 7.154583 -10.979858
v -10.881865 7.076941 -10.370605
v -11.154207 7.132858 -10.523877
v -11.239288 7.266214 -10.608957
v -10.972578 7.154581 -10.342245
v -10.213076 7.311671 -10.739295
v -10.215085 7.342244 -10.859980
v -10.732014 7.311671 -10.220757
v -10.208447 7.650994 -10.734266
v -10.398928 7.422298 -10.932388
v -10.210661 7.630880 -10.855352
v -10.429501 7.283110 -11.084048
v -10.516594 7.132860 -11.161490
v -10.601674 7.266214 -11.246569
v -10.592021 7.407013 -11.208554
v -10.555010 7.475399 -11.036176
v -10.343009 7.648379 -11.003995
v -10.555010 7.475399 -11.036176
v -10.530673 7.780127 -11.158068
v -10.462890 7.897390 -11.107785
v -10.402949 7.927159 -11.047844
v -10.311231 7.867219 -10.955923
v -10.311231 7.867219 -10.955923
v -10.331547 7.937820 -10.857566
v -10.402949 7.927159 -11.047844
v -10.726987 7.650994 -10.215729
v -10.852699 7.342244 -10.222365
v -10.850285 7.937820 -10.338826
v -10.511565 7.997559 -11.037383
v -10.402949 7.927159 -11.047844
v -10.462890 7.897390 -11.107785
v -10.848072 7.630880 -10.217939
v -10.927120 7.424711 -10.408218
v -11.077172 7.285925 -10.442413
v -11.154207 7.132858 -10.523877
v -11.239288 7.266214 -10.608957
v -11.028897 7.475398 -10.562292
v -11.201273 7.407012 -10.599300
v -11.239288 7.266214 -10.608957
v -10.998727 7.650392 -10.351501
v -11.028897 7.475398 -10.562292
v -10.948642 7.867219 -10.318510
v -11.150788 7.780127 -10.537954
v -11.070535 7.912274 -10.440402
v -11.028897 7.475398 -10.562292
v -11.150788 7.780127 -10.537954
v -11.073953 7.505973 -10.666080
v -11.154611 7.800641 -10.657431
v -10.658798 7.505974 -11.081234
v -11.030105 7.997559 -10.518847
v -11.070535 7.912274 -10.440402
v -10.650150 7.800642 -11.161891
v -10.530673 7.780127 -11.158068
v -10.555010 7.475399 -11.036176
v -10.463292 7.897390 -11.107785
v -10.462890 7.897390 -11.107785
v -10.948642 7.867219 -10.318510
v -10.848072 7.630880 -10.217939
v -11.070535 7.912274 -10.440402
v -11.951734 7.462362 -12.065610
v -12.051498 7.462362 -11.965845
v -12.163333 7.462362 -12.077274
v -12.063569 7.462362 -12.177039
v -12.163333 7.598736 -12.077274
v -12.051498 7.598736 -11.965845
v -11.951734 7.598736 -12.065610
v -12.063569 7.598736 -12.177039
v -12.051498 7.598736 -11.965845
v -12.051498 7.462362 -11.965845
v -11.951734 7.462362 -12.065610
v -11.951734 7.598736 -12.065610
v -11.951734 7.598736 -12.065610
v -11.951734 7.462362 -12.065610
v -12.063569 7.462362 -12.177039
v -12.063569 7.598736 -12.177039
v -12.163333 7.598736 -12.077274
v -12.163333 7.462362 -12.077274
v -12.051498 7.462362 -11.965845
v -12.051498 7.598736 -11.965845
v -11.841189 5.891791 -11.855222
v -11.138977 5.891792 -11.151228
v -11.179607 5.907481 -11.110198
v -11.209377 5.949719 -11.080428
v -11.911992 5.949719 -11.784821
v -11.911992 6.065175 -11.784821
v -12.030982 5.959778 -12.063599
v -12.006041 5.994776 -12.088137
v -11.823087 5.959778 -11.854817
v -11.798549 5.994776 -11.879761
v -12.015292 6.042246 -12.079287
v -11.807398 6.042246 -11.870508
v -12.048682 6.054715 -12.045901
v -11.841189 6.054715 -11.837118
v -12.073626 6.020120 -12.020960
v -11.865729 6.020120 -11.812577
v -12.064373 5.972650 -12.030214
v -11.856475 5.972650 -11.821429
v -12.030982 5.959778 -12.063599
v -11.823087 5.959778 -11.854817
v -11.138977 5.959777 -11.169333
v -11.114440 5.994776 -11.193871
v -10.811202 5.959777 -10.840669
v -10.786664 5.994776 -10.865208
v -11.123290 6.042245 -11.184619
v -10.795515 6.042245 -10.855956
v -11.157079 6.054716 -11.151228
v -10.829305 6.054716 -10.822566
v -11.181620 6.020121 -11.126691
v -10.853845 6.020121 -10.798026
v -11.172366 5.972651 -11.135541
v -10.844595 5.972651 -10.806877
v -11.138977 5.959777 -11.169333
v -10.811202 5.959777 -10.840669
v -11.097944 6.107013 -11.191860
v -11.068178 6.065175 -11.221628
v -11.770791 6.065175 -11.926021
v -11.138977 6.122701 -11.151228
v -11.138977 6.122701 -11.151228
v -11.179607 6.107013 -11.110198
v -11.097944 6.107013 -11.191860
v -11.057315 6.007246 -11.232491
v -11.068178 6.065175 -11.221628
v -11.179607 5.907481 -11.110198
v -11.220641 6.007246 -11.069567
v -11.209377 6.065175 -11.080428
v -11.209377 5.949719 -11.080428
v -11.097944 5.907481 -11.191860
v -11.138977 5.891792 -11.151228
v -11.068178 5.949719 -11.221628
v -11.028032 5.949317 -10.562290
v -11.073089 5.979893 -10.666079
v -11.200408 5.880931 -10.599301
v -11.211472 5.918946 -10.723605
v -10.657934 5.979893 -11.081232
v -11.240436 5.709961 -10.730042
v -11.238423 5.740132 -10.608957
v -11.122768 5.527125 -10.612375
v -10.715462 5.918946 -11.219616
v -10.721898 5.709961 -11.248581
v -10.591157 5.880931 -11.208553
v -10.554146 5.949317 -11.036176
v -10.600811 5.740133 -11.246568
v -10.515730 5.606776 -11.161487
v -10.604231 5.527125 -11.130915
v -10.515730 5.606776 -11.161487
v -10.362461 5.550859 -10.889343
v -10.334100 5.628500 -10.979856
v -10.881000 5.550859 -10.370604
v -11.153341 5.606776 -10.523873
v -11.238423 5.740132 -10.608957
v -10.971713 5.628500 -10.342244
v -10.212210 5.785591 -10.739294
v -10.214221 5.816164 -10.859979
v -10.731150 5.785590 -10.220756
v -10.207582 6.124913 -10.734265
v -10.398063 5.896217 -10.932388
v -10.209795 6.104799 -10.855350
v -10.428636 5.757028 -11.084048
v -10.515730 5.606776 -11.161487
v -10.600811 5.740133 -11.246568
v -10.591157 5.880931 -11.208553
v -10.554146 5.949317 -11.036176
v -10.342146 6.122298 -11.003995
v -10.554146 5.949317 -11.036176
v -10.529808 6.254045 -11.158068
v -10.462026 6.371309 -11.107785
v -10.402083 6.401080 -11.047844
v -10.310366 6.341138 -10.955922
v -10.310366 6.341138 -10.955922
v -10.330681 6.411739 -10.857565
v -10.402083 6.401080 -11.047844
v -10.726121 6.124913 -10.215729
v -10.851833 5.816163 -10.222364
v -10.849419 6.411739 -10.338824
v -10.510700 6.471478 -11.037382
v -10.402083 6.401080 -11.047844
v -10.462026 6.371309 -11.107785
v -10.847207 6.104799 -10.217939
v -10.926255 5.898631 -10.408217
v -11.076305 5.759844 -10.442411
v -11.153341 5.606776 -10.523873
v -11.238423 5.740132 -10.608957
v -11.028032 5.949317 -10.562290
v -11.200408 5.880931 -10.599301
v -11.238423 5.740132 -10.608957
v -10.997861 6.124310 -10.351500
v -11.028032 5.949317 -10.562290
v -10.947777 6.341138 -10.318509
v -11.149923 6.254045 -10.537954
v -11.069668 6.386193 -10.440400
v -11.028032 5.949317 -10.562290
v -11.149923 6.254045 -10.537954
v -11.073089 5.979893 -10.666079
v -11.153744 6.274560 -10.657431
v -10.657934 5.979893 -11.081232
v -11.029238 6.471478 -10.518846
v -11.069668 6.386193 -10.440400
v -10.649286 6.274562 -11.161889
v -10.529808 6.254045 -11.158068
v -10.554146 5.949317 -11.036176
v -10.462427 6.371309 -11.107785
v -10.462026 6.371309 -11.107785
v -10.947777 6.341138 -10.318509
v -10.847207 6.104799 -10.217939
v -11.069668 6.386193 -10.440400
v -11.951734 5.940064 -12.065612
v -12.051498 5.940064 -11.965847
v -12.163333 5.940064 -12.077276
v -12.063569 5.940064 -12.177041
v -12.163333 6.076439 -12.077276
v -12.051498 6.076438 -11.965847
v -11.951734 6.076438 -12.065612
v -12.063569 6.076439 -12.177041
v -12.051498 6.076438 -11.965847
v -12.051498 5.940064 -11.965847
v -11.951734 5.940064 -12.065612
v -11.951734 6.076438 -12.065612
v -11.951734 6.076438 -12.065612
v -11.951734 5.940064 -12.065612
v -12.063569 5.940064 -12.177041
v -12.063569 6.076439 -12.177041
v -12.163333 6.076439 -12.077276
v -12.163333 5.940064 -12.077276
v -12.051498 5.940064 -11.965847
v -12.051498 6.076438 -11.965847
v -10.757301 8.988249 -10.914020
v -10.757303 8.953331 -10.868885
v -10.757303 9.044012 -10.901888
v -10.757302 8.974176 -10.811608
v -10.757303 9.064857 -10.844614
v -10.757301 9.029939 -10.799477
v 10.750911 9.029939 -10.799470
v 10.750912 8.974175 -10.811603
v 10.750911 9.064856 -10.844609
v 10.750912 9.044010 -10.901882
v 10.750911 8.953331 -10.868877
v 10.750912 8.988247 -10.914016
v 10.750912 9.044010 -10.901882
v -10.757303 9.044012 -10.901888
v 10.750911 9.064856 -10.844609
v -10.757303 9.064857 -10.844614
v 10.750911 9.029939 -10.799470
v -10.757301 9.029939 -10.799477
v 10.750912 8.974175 -10.811603
v -10.757302 8.974176 -10.811608
v 10.750911 8.953331 -10.868877
v -10.757303 8.953331 -10.868885
v 10.750912 8.988247 -10.914016
v -10.757301 8.988249 -10.914020
v 10.750912 9.044010 -10.901882
v -10.757303 9.044012 -10.901888
v -10.761723 7.515780 -10.914050
v -10.761723 7.480864 -10.868914
v -10.761723 7.571542 -10.901917
v -10.761723 7.501708 -10.811642
v -10.761723 7.592387 -10.844646
v -10.761723 7.557469 -10.799507
v 10.752157 7.550464 -10.799512
v 10.752156 7.494702 -10.811646
v 10.752156 7.585381 -10.844648
v 10.752156 7.564536 -10.901919
v 10.752156 7.473856 -10.868917
v 10.752156 7.508773 -10.914053
v 10.752156 7.564536 -10.901919
v -10.761723 7.571542 -10.901917
v 10.752156 7.585381 -10.844648
v -10.761723 7.592387 -10.844646
v 10.752157 7.550464 -10.799512
v -10.761723 7.557469 -10.799507
v 10.752156 7.494702 -10.811646
v -10.761723 7.501708 -10.811642
v 10.752156 7.473856 -10.868917
v -10.761723 7.480864 -10.868914
v 10.752156 7.508773 -10.914053
v -10.761723 7.515780 -10.914050
v 10.752156 7.564536 -10.901919
v -10.761723 7.571542 -10.901917
v -10.760859 5.999187 -10.914035
v -10.760859 5.964271 -10.868896
v -10.760859 6.054950 -10.901901
v -10.760859 5.985116 -10.811625
v -10.760859 6.075794 -10.844629
v -10.760856 6.040876 -10.799492
v 10.752075 6.040875 -10.799496
v 10.752075 5.985115 -10.811627
v 10.752074 6.075793 -10.844633
v 10.752074 6.054948 -10.901908
v 10.752075 5.964270 -10.868904
v 10.752075 5.999186 -10.914040
v 10.752074 6.054948 -10.901908
v -10.760859 6.054950 -10.901901
v 10.752074 6.075793 -10.844633
v -10.760859 6.075794 -10.844629
v 10.752075 6.040875 -10.799496
v -10.760856 6.040876 -10.799492
v 10.752075 5.985115 -10.811627
v -10.760859 5.985116 -10.811625
v 10.752075 5.964270 -10.868904
v -10.760859 5.964271 -10.868896
v 10.752075 5.999186 -10.914040
v -10.760859 5.999187 -10.914035
v 10.752074 6.054948 -10.901908
v -10.760859 6.054950 -10.901901
v -12.078987 9.207031 -12.460719
v -11.995126 9.207031 -12.340953
v -12.078987 -0.222404 -12.460729
v -11.995126 -0.222404 -12.340962
v -11.982406 9.207031 -12.195330
v -11.982406 -0.222404 -12.195338
v -12.044234 9.207031 -12.062445
v -12.044234 -0.222404 -12.062452
v -12.164001 9.207031 -11.978585
v -12.164001 -0.222404 -11.978589
v -12.309623 9.207031 -11.965863
v -12.309622 -0.222404 -11.965867
v -12.442111 9.207031 -12.027623
v -12.442110 -0.222404 -12.027628
v -12.525974 9.207031 -12.147388
v -12.525972 -0.222404 -12.147396
v -12.538624 9.207031 -12.293405
v -12.538624 -0.222404 -12.293416
v -12.476867 9.207031 -12.425896
v -12.476866 -0.222404 -12.425907
v -12.357099 9.207031 -12.509758
v -12.357097 -0.222404 -12.509766
v -12.211477 9.207031 -12.522479
v -12.211474 -0.222404 -12.522486
v -12.078987 9.207031 -12.460719
v -12.078987 -0.222404 -12.460729
v -12.164001 9.207031 -11.978585
v -12.260514 9.207031 -12.244370
v -12.309623 9.207031 -11.965863
v -12.442111 9.207031 -12.027623
v -12.044234 9.207031 -12.062445
v -12.525974 9.207031 -12.147388
v -11.982406 9.207031 -12.195330
v -12.538624 9.207031 -12.293405
v -11.995126 9.207031 -12.340953
v -12.476867 9.207031 -12.425896
v -12.078987 9.207031 -12.460719
v -12.357099 9.207031 -12.509758
v -12.211477 9.207031 -12.522479
vt 0.934899 0.870115
vt 0.938933 0.978354
vt 0.939070 0.827163
vt 0.939070 0.827163
vt 0.939070 0.870115
vt 0.936979 0.870115
vt 0.939070 0.827163
vt 0.934899 0.870115
vt 0.934899 0.827163
vt 0.932818 0.870115
vt 0.930728 0.870115
vt 0.930728 0.827163
vt 0.951581 0.870115
vt 0.949496 0.870115
vt 0.947399 0.870115
vt 0.947399 0.870115
vt 0.934900 0.986968
vt 0.951581 0.870115
vt 0.938935 0.986968
vt 0.940959 0.982662
vt 0.934899 0.978356
vt 0.938933 0.978354
vt 0.932889 0.982662
vt 0.934899 0.978356
vt 0.943234 0.827163
vt 0.943234 0.870115
vt 0.945324 0.870115
vt 0.943234 0.827163
vt 0.943234 0.827163
vt 0.947399 0.870115
vt 0.947399 0.827163
vt 0.995519 0.946562
vt 0.993641 0.952309
vt 0.993645 0.952287
vt 0.934899 0.870115
vt 0.938933 0.978354
vt 0.939070 0.827163
vt 0.939070 0.827163
vt 0.939070 0.870115
vt 0.936979 0.870115
vt 0.939070 0.827163
vt 0.934899 0.870115
vt 0.934899 0.827163
vt 0.932818 0.870115
vt 0.930728 0.870115
vt 0.930728 0.827163
vt 0.951581 0.870115
vt 0.951581 0.827163
vt 0.955756 0.827163
vt 0.955756 0.870115
vt 0.953664 0.870115
vt 0.951581 0.870115
vt 0.934900 0.986968
vt 0.951581 0.827163
vt 0.951581 0.870115
vt 0.949496 0.870115
vt 0.947399 0.870115
vt 0.947399 0.870115
vt 0.934900 0.986968
vt 0.951581 0.870115
vt 0.938935 0.986968
vt 0.940959 0.982662
vt 0.934899 0.978356
vt 0.938933 0.978354
vt 0.932889 0.982662
vt 0.934899 0.978356
vt 0.943234 0.827163
vt 0.943234 0.870115
vt 0.945324 0.870115
vt 0.943234 0.827163
vt 0.943234 0.827163
vt 0.947399 0.870115
vt 0.947399 0.827163
vt 0.995519 0.946562
vt 0.993641 0.952309
vt 0.993645 0.952287
vt 0.934899 0.870115
vt 0.938933 0.978354
vt 0.939070 0.827163
vt 0.939070 0.827163
vt 0.939070 0.870115
vt 0.936979 0.870115
vt 0.939070 0.827163
vt 0.934899 0.870115
vt 0.934899 0.827163
vt 0.932818 0.870115
vt 0.930728 0.870115
vt 0.930728 0.827163
vt 0.951581 0.870115
vt 0.949496 0.870115
vt 0.947399 0.870115
vt 0.947399 0.870115
vt 0.934900 0.986968
vt 0.951581 0.870115
vt 0.938935 0.986968
vt 0.940959 0.982662
vt 0.934899 0.978356
vt 0.938933 0.978354
vt 0.932889 0.982662
vt 0.934899 0.978356
vt 0.943234 0.827163
vt 0.943234 0.870115
vt 0.945324 0.870115
vt 0.943234 0.827163
vt 0.943234 0.827163
vt 0.947399 0.870115
vt 0.947399 0.827163
vt 0.995519 0.946562
vt 0.993641 0.952309
vt 0.993645 0.952287
vt 0.955756 0.827163
vt 0.955756 0.870115
vt 0.953664 0.870115
vt 0.951581 0.870115
vt 0.951581 0.827163
vt 0.934900 0.986968
vt 0.960773 0.858325
vt 0.962503 0.858325
vt 0.960773 0.871057
vt 0.962505 0.871057
vt 0.964222 0.858325
vt 0.964223 0.871057
vt 0.965928 0.858325
vt 0.965940 0.871057
vt 0.967654 0.858325
vt 0.967654 0.871057
vt 0.969375 0.858325
vt 0.969374 0.871057
vt 0.971084 0.858325
vt 0.971084 0.871057
vt 0.960785 0.831517
vt 0.962508 0.831517
vt 0.960785 0.851561
vt 0.962508 0.851561
vt 0.964226 0.831517
vt 0.964226 0.851561
vt 0.965941 0.831517
vt 0.965941 0.851561
vt 0.967653 0.831517
vt 0.967653 0.851561
vt 0.969372 0.831517
vt 0.969372 0.851561
vt 0.971091 0.831517
vt 0.971091 0.851561
vt 0.941143 0.870115
vt 0.939070 0.870115
vt 0.934899 0.978356
vt 0.943234 0.870115
vt 0.940371 0.968480
vt 0.939824 0.970971
vt 0.939824 0.965991
vt 0.936336 0.963513
vt 0.938361 0.964176
vt 0.932852 0.970974
vt 0.936339 0.973460
vt 0.938363 0.972787
vt 0.934329 0.972789
vt 0.932852 0.965994
vt 0.932303 0.968483
vt 0.934326 0.964178
vt 0.947239 0.876395
vt 0.950702 0.879853
vt 0.945162 0.885649
vt 0.949343 0.886448
vt 0.972192 0.879737
vt 0.948673 0.895262
vt 0.944395 0.895013
vt 0.948636 0.905455
vt 0.973599 0.886318
vt 0.974335 0.895124
vt 0.977771 0.885471
vt 0.975626 0.876241
vt 0.978610 0.894823
vt 0.978843 0.905250
vt 0.974455 0.905318
vt 0.978843 0.905250
vt 0.974456 0.919598
vt 0.978829 0.920365
vt 0.948773 0.919725
vt 0.944247 0.905441
vt 0.944395 0.895013
vt 0.944398 0.920546
vt 0.974166 0.932185
vt 0.977896 0.931961
vt 0.949182 0.932284
vt 0.974640 0.945778
vt 0.984904 0.932109
vt 0.979156 0.944952
vt 0.985434 0.922099
vt 0.986034 0.913784
vt 0.992085 0.915900
vt 0.993834 0.921891
vt 0.991460 0.929535
vt 0.986166 0.943452
vt 0.991692 0.933174
vt 0.995519 0.946562
vt 0.993645 0.952287
vt 0.991049 0.954381
vt 0.986126 0.953319
vt 0.979052 0.959903
vt 0.974667 0.959718
vt 0.978870 0.968615
vt 0.948791 0.945865
vt 0.945455 0.932106
vt 0.948834 0.959764
vt 0.974557 0.971033
vt 0.978870 0.968615
vt 0.978833 0.973201
vt 0.944272 0.945082
vt 0.938327 0.932372
vt 0.937631 0.922416
vt 0.937115 0.914104
vt 0.931099 0.916314
vt 0.931878 0.929885
vt 0.929418 0.922310
vt 0.931099 0.916314
vt 0.937161 0.943708
vt 0.931654 0.933421
vt 0.937361 0.953516
vt 0.927925 0.946858
vt 0.931143 0.953600
vt 0.947575 0.997916
vt 0.945147 0.982465
vt 0.951239 0.995271
vt 0.949341 0.982485
vt 0.972257 0.995256
vt 0.948937 0.971103
vt 0.944648 0.971152
vt 0.974149 0.982460
vt 0.978340 0.982457
vt 0.975925 0.997897
vt 0.978850 0.973912
vt 0.978833 0.973201
vt 0.944455 0.959936
vt 0.944272 0.945082
vt 0.944648 0.971152
vt 0.937069 0.807993
vt 0.937049 0.814077
vt 0.931533 0.814063
vt 0.931551 0.807979
vt 0.947331 0.814135
vt 0.941816 0.814099
vt 0.941834 0.808015
vt 0.947349 0.808051
vt 0.941816 0.814099
vt 0.937049 0.814077
vt 0.937069 0.807993
vt 0.941834 0.808015
vt 0.941834 0.808015
vt 0.937069 0.807993
vt 0.937088 0.801184
vt 0.941853 0.801206
vt 0.941793 0.820908
vt 0.937028 0.820886
vt 0.937049 0.814077
vt 0.941816 0.814099
vt 0.960773 0.858325
vt 0.962503 0.858325
vt 0.960773 0.871057
vt 0.962505 0.871057
vt 0.964222 0.858325
vt 0.964223 0.871057
vt 0.965928 0.858325
vt 0.965940 0.871057
vt 0.967654 0.858325
vt 0.967654 0.871057
vt 0.969375 0.858325
vt 0.969374 0.871057
vt 0.971084 0.858325
vt 0.971084 0.871057
vt 0.960785 0.831517
vt 0.962508 0.831517
vt 0.960785 0.851561
vt 0.962508 0.851561
vt 0.964226 0.831517
vt 0.964226 0.851561
vt 0.965941 0.831517
vt 0.965941 0.851561
vt 0.967653 0.831517
vt 0.967653 0.851561
vt 0.969372 0.831517
vt 0.969372 0.851561
vt 0.971091 0.831517
vt 0.971091 0.851561
vt 0.941143 0.870115
vt 0.939070 0.870115
vt 0.934899 0.978356
vt 0.943234 0.870115
vt 0.940371 0.968480
vt 0.939824 0.970971
vt 0.939824 0.965991
vt 0.936336 0.963513
vt 0.938361 0.964176
vt 0.932852 0.970974
vt 0.936339 0.973460
vt 0.938363 0.972787
vt 0.934329 0.972789
vt 0.932852 0.965994
vt 0.932303 0.968483
vt 0.934326 0.964178
vt 0.947239 0.876395
vt 0.950702 0.879853
vt 0.945162 0.885649
vt 0.949343 0.886448
vt 0.972192 0.879737
vt 0.948673 0.895262
vt 0.944395 0.895013
vt 0.948636 0.905455
vt 0.973599 0.886318
vt 0.974335 0.895124
vt 0.977771 0.885471
vt 0.975626 0.876241
vt 0.978610 0.894823
vt 0.978843 0.905250
vt 0.974455 0.905318
vt 0.978843 0.905250
vt 0.974456 0.919598
vt 0.978829 0.920365
vt 0.948773 0.919725
vt 0.944247 0.905441
vt 0.944395 0.895013
vt 0.944398 0.920546
vt 0.974166 0.932185
vt 0.977896 0.931961
vt 0.949182 0.932284
vt 0.974640 0.945778
vt 0.984904 0.932109
vt 0.979156 0.944952
vt 0.985434 0.922099
vt 0.986034 0.913784
vt 0.992085 0.915900
vt 0.993834 0.921891
vt 0.991460 0.929535
vt 0.986166 0.943452
vt 0.991692 0.933174
vt 0.995519 0.946562
vt 0.993645 0.952287
vt 0.991049 0.954381
vt 0.986126 0.953319
vt 0.979052 0.959903
vt 0.974667 0.959718
vt 0.978870 0.968615
vt 0.948791 0.945865
vt 0.945455 0.932106
vt 0.948834 0.959764
vt 0.974557 0.971033
vt 0.978870 0.968615
vt 0.978833 0.973201
vt 0.944272 0.945082
vt 0.938327 0.932372
vt 0.937631 0.922416
vt 0.937115 0.914104
vt 0.931099 0.916314
vt 0.931878 0.929885
vt 0.929418 0.922310
vt 0.931099 0.916314
vt 0.937161 0.943708
vt 0.931654 0.933421
vt 0.937361 0.953516
vt 0.927925 0.946858
vt 0.931143 0.953600
vt 0.947575 0.997916
vt 0.945147 0.982465
vt 0.951239 0.995271
vt 0.949341 0.982485
vt 0.972257 0.995256
vt 0.948937 0.971103
vt 0.944648 0.971152
vt 0.974149 0.982460
vt 0.978340 0.982457
vt 0.975925 0.997897
vt 0.978850 0.973912
vt 0.978833 0.973201
vt 0.944455 0.959936
vt 0.944272 0.945082
vt 0.944648 0.971152
vt 0.937069 0.807993
vt 0.937049 0.814077
vt 0.931533 0.814063
vt 0.931551 0.807979
vt 0.947331 0.814135
vt 0.941816 0.814099
vt 0.941834 0.808015
vt 0.947349 0.808051
vt 0.941816 0.814099
vt 0.937049 0.814077
vt 0.937069 0.807993
vt 0.941834 0.808015
vt 0.941834 0.808015
vt 0.937069 0.807993
vt 0.937088 0.801184
vt 0.941853 0.801206
vt 0.941793 0.820908
vt 0.937028 0.820886
vt 0.937049 0.814077
vt 0.941816 0.814099
vt 0.955756 0.827163
vt 0.955756 0.870115
vt 0.953664 0.870115
vt 0.951581 0.870115
vt 0.951581 0.827163
vt 0.934900 0.986968
vt 0.960773 0.858325
vt 0.962503 0.858325
vt 0.960773 0.871057
vt 0.962505 0.871057
vt 0.964222 0.858325
vt 0.964223 0.871057
vt 0.965928 0.858325
vt 0.965940 0.871057
vt 0.967654 0.858325
vt 0.967654 0.871057
vt 0.969375 0.858325
vt 0.969374 0.871057
vt 0.971084 0.858325
vt 0.971084 0.871057
vt 0.960785 0.831517
vt 0.962508 0.831517
vt 0.960785 0.851561
vt 0.962508 0.851561
vt 0.964226 0.831517
vt 0.964226 0.851561
vt 0.965941 0.831517
vt 0.965941 0.851561
vt 0.967653 0.831517
vt 0.967653 0.851561
vt 0.969372 0.831517
vt 0.969372 0.851561
vt 0.971091 0.831517
vt 0.971091 0.851561
vt 0.941143 0.870115
vt 0.939070 0.870115
vt 0.934899 0.978356
vt 0.943234 0.870115
vt 0.940371 0.968480
vt 0.939824 0.970971
vt 0.939824 0.965991
vt 0.936336 0.963513
vt 0.938361 0.964176
vt 0.932852 0.970974
vt 0.936339 0.973460
vt 0.938363 0.972787
vt 0.934329 0.972789
vt 0.932852 0.965994
vt 0.932303 0.968483
vt 0.934326 0.964178
vt 0.947239 0.876395
vt 0.950702 0.879853
vt 0.945162 0.885649
vt 0.949343 0.886448
vt 0.972192 0.879737
vt 0.948673 0.895262
vt 0.944395 0.895013
vt 0.948636 0.905455
vt 0.973599 0.886318
vt 0.974335 0.895124
vt 0.977771 0.885471
vt 0.975626 0.876241
vt 0.978610 0.894823
vt 0.978843 0.905250
vt 0.974455 0.905318
vt 0.978843 0.905250
vt 0.974456 0.919598
vt 0.978829 0.920365
vt 0.948773 0.919725
vt 0.944247 0.905441
vt 0.944395 0.895013
vt 0.944398 0.920546
vt 0.974166 0.932185
vt 0.977896 0.931961
vt 0.949182 0.932284
vt 0.974640 0.945778
vt 0.984904 0.932109
vt 0.979156 0.944952
vt 0.985434 0.922099
vt 0.986034 0.913784
vt 0.992085 0.915900
vt 0.993834 0.921891
vt 0.991460 0.929535
vt 0.986166 0.943452
vt 0.991692 0.933174
vt 0.995519 0.946562
vt 0.993645 0.952287
vt 0.991049 0.954381
vt 0.986126 0.953319
vt 0.979052 0.959903
vt 0.974667 0.959718
vt 0.978870 0.968615
vt 0.948791 0.945865
vt 0.945455 0.932106
vt 0.948834 0.959764
vt 0.974557 0.971033
vt 0.978870 0.968615
vt 0.978833 0.973201
vt 0.944272 0.945082
vt 0.938327 0.932372
vt 0.937631 0.922416
vt 0.937115 0.914104
vt 0.931099 0.916314
vt 0.931878 0.929885
vt 0.929418 0.922310
vt 0.931099 0.916314
vt 0.937161 0.943708
vt 0.931654 0.933421
vt 0.937361 0.953516
vt 0.927925 0.946858
vt 0.931143 0.953600
vt 0.947575 0.997916
vt 0.945147 0.982465
vt 0.951239 0.995271
vt 0.949341 0.982485
vt 0.972257 0.995256
vt 0.948937 0.971103
vt 0.944648 0.971152
vt 0.974149 0.982460
vt 0.978340 0.982457
vt 0.975925 0.997897
vt 0.978850 0.973912
vt 0.978833 0.973201
vt 0.944455 0.959936
vt 0.944272 0.945082
vt 0.944648 0.971152
vt 0.937069 0.807993
vt 0.937049 0.814077
vt 0.931533 0.814063
vt 0.931551 0.807979
vt 0.947331 0.814135
vt 0.941816 0.814099
vt 0.941834 0.808015
vt 0.947349 0.808051
vt 0.941816 0.814099
vt 0.937049 0.814077
vt 0.937069 0.807993
vt 0.941834 0.808015
vt 0.941834 0.808015
vt 0.937069 0.807993
vt 0.937088 0.801184
vt 0.941853 0.801206
vt 0.941793 0.820908
vt 0.937028 0.820886
vt 0.937049 0.814077
vt 0.941816 0.814099
vt 0.943671 0.886919
vt 0.942155 0.889888
vt 0.942151 0.883954
vt 0.939119 0.889892
vt 0.939115 0.883958
vt 0.937598 0.886925
vt 0.943828 0.877257
vt 0.942312 0.880226
vt 0.942308 0.874292
vt 0.939271 0.874295
vt 0.939275 0.880229
vt 0.937755 0.877264
vt 0.005601 0.023671
vt 0.760645 0.023671
vt 0.005601 0.027419
vt 0.760645 0.027419
vt 0.005601 0.030922
vt 0.760645 0.030920
vt 0.005601 0.034412
vt 0.760645 0.034412
vt 0.005601 0.038146
vt 0.760645 0.038146
vt 0.005601 0.041653
vt 0.760645 0.041653
vt 0.005601 0.045162
vt 0.760645 0.045162
vt 0.943671 0.886919
vt 0.942155 0.889888
vt 0.942151 0.883954
vt 0.939119 0.889892
vt 0.939115 0.883958
vt 0.937598 0.886925
vt 0.943828 0.877257
vt 0.942312 0.880226
vt 0.942308 0.874292
vt 0.939271 0.874295
vt 0.939275 0.880229
vt 0.937755 0.877264
vt 0.005601 0.023671
vt 0.760645 0.023671
vt 0.005601 0.027419
vt 0.760645 0.027419
vt 0.005601 0.030922
vt 0.760645 0.030920
vt 0.005601 0.034412
vt 0.760645 0.034412
vt 0.005601 0.038146
vt 0.760645 0.038146
vt 0.005601 0.041653
vt 0.760645 0.041653
vt 0.005601 0.045162
vt 0.760645 0.045162
vt 0.943671 0.886919
vt 0.942155 0.889888
vt 0.942151 0.883954
vt 0.939119 0.889892
vt 0.939115 0.883958
vt 0.937598 0.886925
vt 0.943828 0.877257
vt 0.942312 0.880226
vt 0.942308 0.874292
vt 0.939271 0.874295
vt 0.939275 0.880229
vt 0.937755 0.877264
vt 0.005601 0.023671
vt 0.760645 0.023671
vt 0.005601 0.027419
vt 0.760645 0.027419
vt 0.005601 0.030922
vt 0.760645 0.030920
vt 0.005601 0.034412
vt 0.760645 0.034412
vt 0.005601 0.038146
vt 0.760645 0.038146
vt 0.005601 0.041653
vt 0.760645 0.041653
vt 0.005601 0.045162
vt 0.760645 0.045162
vt 0.925736 0.989749
vt 0.920628 0.989749
vt 0.925736 0.583090
vt 0.920628 0.583090
vt 0.915519 0.989749
vt 0.915519 0.583090
vt 0.910398 0.989749
vt 0.910398 0.583090
vt 0.905289 0.989749
vt 0.905289 0.583090
vt 0.900181 0.989749
vt 0.900181 0.583090
vt 0.895073 0.989749
vt 0.895073 0.583090
vt 0.889964 0.989749
vt 0.889964 0.583090
vt 0.884843 0.989749
vt 0.884843 0.583090
vt 0.879735 0.989749
vt 0.879735 0.583090
vt 0.874626 0.989749
vt 0.874626 0.583090
vt 0.869518 0.989749
vt 0.869518 0.583090
vt 0.864409 0.989749
vt 0.864409 0.583090
vt 0.847857 0.766683
vt 0.852793 0.756118
vt 0.852792 0.768315
vt 0.857727 0.766685
vt 0.844245 0.762223
vt 0.861341 0.762225
vt 0.842925 0.756116
vt 0.862661 0.756116
vt 0.844246 0.750028
vt 0.861340 0.750027
vt 0.847859 0.745570
vt 0.857726 0.745569
vt 0.852792 0.743939
vn 0.6117 -0.4990 -0.6138
vn 0.5787 -0.4981 -0.6458
vn 0.5496 0.4976 -0.6711
vn 0.6115 0.4999 -0.6134
vn 0.7593 0.0001 -0.6508
vn 0.5496 0.4975 -0.6711
vn 0.7593 -0.0000 -0.6508
vn 0.5786 -0.4981 -0.6458
vn 0.3494 -0.8649 -0.3603
vn -0.0063 -1.0000 -0.0063
vn -0.6135 -0.4998 0.6114
vn -0.6745 -0.0000 0.7382
vn -0.5783 0.5000 0.6446
vn -0.5784 0.5000 0.6446
vn -0.6711 0.4976 0.5495
vn -0.6136 -0.4997 0.6114
vn -0.6459 -0.4981 0.5786
vn -0.6711 0.4977 0.5495
vn -0.7071 -0.0008 -0.7071
vn -0.0334 0.9989 -0.0334
vn 0.0330 0.9989 0.0330
vn -0.3584 0.8665 0.3476
vn -0.3584 0.8664 0.3476
vn -0.6712 0.4976 0.5495
vn 0.2898 -0.1178 -0.9498
vn 0.3150 0.3247 -0.8918
vn 0.6172 0.1182 -0.7779
vn 0.6135 -0.4987 -0.6123
vn 0.5803 -0.4983 -0.6442
vn 0.5501 0.4969 -0.6712
vn 0.6115 0.5006 -0.6128
vn 0.7604 0.0000 -0.6495
vn 0.5500 0.4969 -0.6712
vn 0.5802 -0.4984 -0.6442
vn 0.3511 -0.8650 -0.3586
vn -0.0054 -1.0000 -0.0046
vn -0.0046 -1.0000 -0.0053
vn -0.6142 -0.4990 0.6113
vn -0.6459 -0.4988 0.5779
vn -0.0046 -1.0000 -0.0054
vn -0.0047 -1.0000 -0.0054
vn -0.3597 -0.8649 0.3500
vn -0.6142 -0.4990 0.6114
vn -0.6728 0.4973 0.5478
vn -0.6459 -0.4988 0.5780
vn -0.6755 -0.0000 0.7373
vn -0.5799 0.5002 0.6431
vn -0.5799 0.5003 0.6430
vn -0.6459 -0.4987 0.5780
vn -0.6728 0.4972 0.5478
vn 0.5802 -0.4983 -0.6442
vn -0.0345 0.9988 -0.0351
vn -0.0344 0.9988 -0.0351
vn 0.0313 0.9990 0.0321
vn -0.3601 0.8664 0.3459
vn 0.2898 -0.1176 -0.9498
vn 0.3150 0.3248 -0.8918
vn 0.6172 0.1183 -0.7779
vn 0.6124 -0.4992 -0.6130
vn 0.5795 -0.4979 -0.6452
vn 0.5504 0.4974 -0.6706
vn 0.5504 0.4975 -0.6705
vn 0.6122 0.5000 -0.6126
vn 0.7602 0.0000 -0.6497
vn 0.5504 0.4974 -0.6705
vn 0.3498 -0.8649 -0.3599
vn -0.0066 -1.0000 -0.0060
vn -0.0061 -1.0000 -0.0066
vn -0.6144 -0.4996 0.6107
vn -0.6754 -0.0000 0.7374
vn -0.5792 0.4999 0.6440
vn -0.5793 0.4998 0.6439
vn -0.6718 0.4977 0.5485
vn -0.6145 -0.4996 0.6106
vn -0.6465 -0.4983 0.5777
vn -0.6718 0.4977 0.5486
vn -0.7071 -0.0013 -0.7071
vn -0.0331 0.9989 -0.0338
vn -0.0331 0.9989 -0.0337
vn 0.0328 0.9989 0.0333
vn -0.3589 0.8664 0.3471
vn -0.0332 0.9989 -0.0338
vn -0.0332 0.9989 -0.0337
vn -0.5793 0.4998 0.6440
vn -0.3589 0.8664 0.3472
vn 0.2893 -0.1131 -0.9505
vn 0.3153 0.3280 -0.8905
vn 0.6177 0.1209 -0.7771
vn -0.3603 -0.8649 0.3494
vn 0.1829 -0.9660 -0.1829
vn 0.6828 -0.2597 -0.6828
vn 0.1828 -0.9660 -0.1828
vn 0.6828 -0.2597 -0.6829
vn 0.4982 0.7097 -0.4982
vn 0.4990 0.7086 -0.4989
vn -0.1831 0.9659 0.1832
vn -0.1828 0.9660 0.1829
vn -0.6828 0.2588 0.6832
vn -0.6829 0.2580 0.6834
vn -0.5005 -0.7061 0.5009
vn -0.5001 -0.7069 0.5001
vn 0.1827 -0.9660 -0.1829
vn 0.1828 -0.9660 -0.1829
vn 0.1846 -0.9653 -0.1845
vn 0.6833 -0.2575 -0.6833
vn 0.1830 -0.9659 -0.1830
vn 0.6836 -0.2555 -0.6836
vn 0.4983 0.7094 -0.4983
vn 0.4983 0.7095 -0.4983
vn -0.1847 0.9653 0.1847
vn -0.1830 0.9659 0.1830
vn -0.6830 0.2591 0.6830
vn -0.6834 0.2569 0.6834
vn -0.5003 -0.7067 0.5003
vn 0.1845 -0.9654 -0.1845
vn 0.1831 -0.9659 -0.1830
vn 0.3847 0.8656 -0.3206
vn 0.6115 0.4998 -0.6134
vn 0.5495 0.4976 -0.6711
vn 0.0330 0.9989 0.0329
vn 0.7067 0.0003 0.7075
vn 0.6115 0.4999 -0.6133
vn 0.7068 -0.0003 0.7074
vn -0.5783 0.5000 0.6447
vn -0.6134 -0.4997 0.6116
vn 0.7071 -0.0023 0.7071
vn 0.7071 -0.0025 0.7071
vn 0.6115 -0.4990 -0.6141
vn -0.8487 0.0298 0.5280
vn -0.7853 0.2623 -0.5608
vn -0.7276 0.5050 0.4642
vn -0.6950 0.4588 -0.5535
vn -0.5608 0.2623 -0.7853
vn -0.7217 -0.3474 -0.5987
vn -0.9499 -0.1068 0.2939
vn -0.2664 -0.9511 -0.1566
vn -0.5536 0.4588 -0.6950
vn -0.5987 -0.3474 -0.7217
vn 0.4653 0.5080 -0.7249
vn 0.5305 0.0353 -0.8469
vn 0.2922 -0.1064 -0.9504
vn 0.4870 -0.5209 -0.7011
vn -0.1565 -0.9511 -0.2663
vn 0.3562 -0.9025 0.2421
vn 0.7877 -0.3194 -0.5267
vn 0.2421 -0.9025 0.3562
vn -0.7015 -0.5170 0.4905
vn -0.9498 -0.1068 0.2939
vn -0.5321 -0.3134 0.7866
vn 0.7201 -0.3543 0.5966
vn 0.8820 -0.1173 -0.4564
vn 0.5965 -0.3543 0.7201
vn 0.7432 0.2564 0.6180
vn 0.5985 0.0109 -0.8010
vn 0.9019 0.0463 -0.4294
vn 0.6916 0.3125 -0.6512
vn 0.2922 -0.1063 -0.9504
vn 0.5306 0.0353 -0.8469
vn 0.5293 -0.2287 -0.8170
vn 0.2897 -0.1171 -0.9499
vn 0.6172 0.1187 -0.7778
vn 0.6809 0.5318 -0.5035
vn 0.8557 0.3956 -0.3336
vn 0.4979 0.7723 0.3945
vn 0.6810 0.5318 -0.5035
vn 0.6178 0.2569 0.7432
vn -0.4599 -0.1162 0.8803
vn 0.3873 0.7737 0.5014
vn -0.1695 0.9563 -0.2384
vn -0.4314 0.0444 0.9011
vn -0.8029 0.0057 0.5961
vn -0.6542 0.3099 0.6899
vn -0.8488 0.0299 0.5279
vn -0.8157 -0.2197 0.5352
vn -0.3700 0.3983 0.8393
vn -0.9475 -0.0830 0.3088
vn -0.7312 0.4575 0.5060
vn -0.9475 -0.0830 0.3087
vn -0.7451 0.2987 -0.5963
vn -0.2574 0.9545 -0.1505
vn -0.6028 0.2964 -0.7408
vn 0.5306 0.0354 -0.8469
vn 0.3150 0.3253 -0.8916
vn 0.6172 0.1189 -0.7778
vn -0.3699 0.3983 0.8393
vn 0.0000 -1.0000 0.0000
vn 0.0000 1.0000 0.0000
vn 0.7071 0.0000 0.7071
vn 0.7058 0.0000 -0.7084
vn -0.7058 0.0000 0.7084
vn 0.1859 -0.9658 -0.1806
vn 0.6851 -0.2606 -0.6803
vn 0.1851 -0.9661 -0.1798
vn 0.6854 -0.2589 -0.6806
vn 0.4985 0.7088 -0.4991
vn 0.4980 0.7096 -0.4985
vn -0.1854 0.9660 0.1801
vn -0.1859 0.9658 0.1807
vn -0.6852 0.2588 0.6808
vn -0.6852 0.2589 0.6808
vn -0.4996 -0.7071 0.5005
vn -0.5005 -0.7060 0.5011
vn 0.1859 -0.9658 -0.1805
vn 0.1863 -0.9653 -0.1832
vn 0.6847 -0.2580 -0.6816
vn 0.1845 -0.9660 -0.1811
vn 0.6852 -0.2554 -0.6822
vn 0.4986 0.7089 -0.4989
vn 0.4977 0.7100 -0.4981
vn -0.1859 0.9655 0.1825
vn -0.1854 0.9657 0.1820
vn -0.6846 0.2587 0.6815
vn -0.6848 0.2575 0.6817
vn -0.4997 -0.7073 0.5000
vn -0.5006 -0.7061 0.5009
vn 0.1865 -0.9652 -0.1831
vn 0.3841 0.8656 -0.3211
vn 0.0314 0.9990 0.0321
vn 0.3841 0.8656 -0.3212
vn 0.7068 -0.0007 0.7074
vn -0.6757 -0.0000 0.7372
vn -0.6143 -0.4990 0.6113
vn 0.7071 -0.0024 0.7071
vn 0.6134 -0.4987 -0.6124
vn -0.8488 0.0298 0.5280
vn -0.5607 0.2623 -0.7853
vn -0.1565 -0.9511 -0.2664
vn 0.4870 -0.5208 -0.7011
vn -0.9499 -0.1068 0.2938
vn 0.7432 0.2563 0.6180
vn 0.6810 0.5318 -0.5034
vn -0.3700 0.3984 0.8393
vn -0.2574 0.9545 -0.1506
vn 0.5305 0.0354 -0.8470
vn 0.3151 0.3246 -0.8918
vn 0.6175 0.1172 -0.7778
vn -0.3699 0.3984 0.8393
vn -0.4314 0.0443 0.9011
vn -0.3607 -0.8650 0.3489
vn -0.6466 -0.4982 0.5777
vn -0.6719 0.4977 0.5485
vn 0.1837 -0.9658 -0.1830
vn 0.6843 -0.2596 -0.6814
vn 0.1828 -0.9662 -0.1820
vn 0.6843 -0.2600 -0.6813
vn 0.4998 0.7089 -0.4976
vn 0.4998 0.7090 -0.4976
vn -0.1831 0.9660 0.1824
vn -0.1837 0.9658 0.1831
vn -0.6841 0.2597 0.6815
vn -0.6844 0.2579 0.6820
vn -0.5014 -0.7064 0.4996
vn -0.5014 -0.7066 0.4993
vn 0.1837 -0.9658 -0.1829
vn 0.1851 -0.9652 -0.1845
vn 0.6843 -0.2569 -0.6825
vn 0.1830 -0.9660 -0.1825
vn 0.6845 -0.2558 -0.6827
vn 0.4992 0.7092 -0.4978
vn 0.4989 0.7097 -0.4975
vn -0.1849 0.9653 0.1844
vn -0.1837 0.9658 0.1832
vn -0.6839 0.2591 0.6821
vn -0.6843 0.2569 0.6825
vn -0.5008 -0.7069 0.4995
vn -0.5011 -0.7065 0.4998
vn 0.1850 -0.9652 -0.1846
vn 0.3851 0.8656 -0.3201
vn 0.0327 0.9989 0.0334
vn 0.0329 0.9989 0.0335
vn 0.7067 0.0004 0.7075
vn 0.7601 -0.0000 -0.6498
vn 0.6121 0.5001 -0.6126
vn -0.6755 -0.0000 0.7374
vn -0.6145 -0.4995 0.6107
vn 0.7071 -0.0018 0.7071
vn 0.6124 -0.4992 -0.6131
vn -0.8488 0.0298 0.5279
vn -0.2664 -0.9511 -0.1565
vn 0.5305 0.0354 -0.8469
vn 0.8557 0.3957 -0.3336
vn 0.6809 0.5319 -0.5035
vn -0.9475 -0.0829 0.3087
vn 0.3150 0.3238 -0.8921
vn 0.6177 0.1155 -0.7779
vn -0.0027 -0.3420 -0.9397
vn -0.0027 -0.9907 -0.1361
vn -0.0027 0.6714 -0.7411
vn -0.0027 -0.6714 0.7411
vn -0.0027 0.9907 0.1361
vn -0.0027 0.3421 0.9397
vn 0.0027 0.3420 0.9397
vn 0.0027 -0.6715 0.7410
vn 0.0027 0.9907 0.1361
vn 0.0027 0.6715 -0.7410
vn 0.0027 -0.9907 -0.1361
vn 0.0027 -0.3420 -0.9397
vn 0.0027 0.6714 -0.7411
vn -0.0027 0.3420 0.9397
vn 0.0027 -0.6714 0.7411
vn 0.0027 -0.9907 -0.1362
vn -0.0028 -0.3419 -0.9397
vn -0.0030 -0.9907 -0.1362
vn -0.0024 0.6714 -0.7410
vn -0.0029 -0.6714 0.7411
vn -0.0023 0.9907 0.1361
vn 0.0028 0.3419 0.9397
vn 0.0025 -0.6713 0.7411
vn 0.0030 0.9907 0.1362
vn 0.0029 0.6714 -0.7411
vn 0.0024 -0.9907 -0.1361
vn 0.0027 -0.3421 -0.9397
vn 0.0029 0.6713 -0.7411
vn -0.0025 0.6714 -0.7410
vn -0.0024 0.9907 0.1361
vn -0.0025 0.3421 0.9397
vn 0.0025 -0.6714 0.7411
vn 0.0025 -0.3421 -0.9397
vn -0.0029 -0.3419 -0.9397
vn -0.0025 0.6714 -0.7411
vn -0.0026 -0.3420 -0.9397
vn -0.0027 0.6715 -0.7410
vn 0.0028 0.3421 0.9397
vn 0.0027 -0.6714 0.7410
vn 0.0027 0.6713 -0.7411
vn 0.0027 0.9907 0.1362
vn -0.0028 -0.3420 -0.9397
vn 0.6428 0.0001 -0.7661
vn 0.9397 0.0000 -0.3420
vn 0.6428 0.0000 -0.7661
vn 0.9849 -0.0000 0.1733
vn 0.9848 -0.0000 0.1737
vn 0.7663 -0.0000 0.6425
vn 0.7666 -0.0000 0.6422
vn 0.3420 -0.0000 0.9397
vn -0.1736 -0.0000 0.9848
vn -0.6427 -0.0000 0.7661
vn -0.9398 -0.0000 0.3416
vn -0.9400 -0.0000 0.3413
vn -0.9847 0.0000 -0.1740
vn -0.7661 0.0000 -0.6427
vn -0.3420 0.0000 -0.9397
vn -0.3419 0.0000 -0.9397
vn 0.1736 0.0000 -0.9848
vn 0.1737 0.0000 -0.9848
vn 0.6427 0.0000 -0.7661
usemtl Ring.001
s 1
f 332/332/161 333/333/162 334/334/163
f 335/335/163 336/336/164 337/337/165
f 338/338/166 337/337/167 339/339/161
f 340/340/168 339/339/161 341/341/169
f 341/341/169 342/342/170 340/340/168
f 342/342/170 343/343/170 340/340/168
f 344/344/171 345/345/172 346/346/173
f 347/347/174 348/348/175 349/349/176
f 350/350/177 348/348/178 351/351/179
f 348/348/178 352/352/166 351/351/179
f 351/351/179 352/352/166 353/353/168
f 354/354/180 352/352/166 348/348/178
f 355/355/163 356/356/180 357/357/181
f 358/358/182 357/357/181 359/359/180
f 360/360/180 361/361/174 358/358/183
f 360/360/180 362/362/184 361/361/174
f 363/363/185 364/364/186 365/365/187
f 366/366/188 367/367/189 368/368/190
f 369/369/190 370/370/191 371/371/192
f 372/372/193 371/371/192 373/373/188
f 374/374/194 373/373/188 375/375/195
f 375/375/195 376/376/196 374/374/194
f 376/376/196 377/377/197 374/374/194
f 378/378/198 379/379/199 380/380/200
f 380/380/201 381/381/196 382/382/202
f 382/382/202 383/383/203 380/380/201
f 384/384/204 385/385/205 383/383/198
f 386/386/203 387/387/206 388/388/207
f 389/389/208 390/390/204 391/391/203
f 392/392/209 390/390/210 393/393/179
f 390/390/210 394/394/190 393/393/179
f 393/393/179 394/394/190 395/395/211
f 396/396/212 394/394/190 390/390/210
f 397/397/190 398/398/213 399/399/214
f 400/400/215 399/399/214 401/401/212
f 402/402/213 403/403/208 400/400/215
f 402/402/213 404/404/204 403/403/208
f 405/405/216 406/406/217 407/407/218
f 408/408/219 409/409/220 410/410/221
f 411/411/222 412/412/223 413/413/224
f 414/414/225 413/413/224 415/415/219
f 416/416/220 415/415/219 417/417/226
f 417/417/226 418/418/227 416/416/220
f 418/418/227 419/419/228 416/416/220
f 420/420/229 421/421/230 422/422/231
f 423/423/232 424/424/233 425/425/234
f 426/426/235 424/424/236 427/427/237
f 424/424/236 428/428/222 427/427/237
f 427/427/237 428/428/222 429/429/220
f 430/430/238 428/428/222 424/424/236
f 431/431/221 432/432/239 433/433/240
f 434/434/241 433/433/240 435/435/242
f 436/436/243 437/437/244 434/434/245
f 436/436/243 438/438/233 437/437/244
f 439/439/246 440/440/247 441/441/248
f 442/442/170 443/443/170 444/444/249
f 444/444/249 445/445/176 442/442/170
f 445/445/176 446/446/177 442/442/170
f 447/447/175 446/446/177 445/445/176
f 448/448/250 449/449/251 450/450/252
f 449/449/251 451/451/253 450/450/252
f 449/449/251 452/452/254 451/451/253
f 452/452/254 453/453/255 451/451/253
f 452/452/254 454/454/256 453/453/255
f 454/454/256 455/455/257 453/453/255
f 454/454/256 456/456/258 455/455/257
f 456/456/258 457/457/259 455/455/257
f 456/456/258 458/458/260 457/457/259
f 458/458/260 459/459/261 457/457/259
f 458/458/260 460/460/262 459/459/261
f 460/460/262 461/461/263 459/459/261
f 462/462/264 463/463/265 464/464/266
f 463/463/265 465/465/267 464/464/266
f 463/463/265 466/466/268 465/465/267
f 466/466/268 467/467/269 465/465/267
f 466/466/268 468/468/270 467/467/269
f 468/468/270 469/469/271 467/467/269
f 468/468/270 470/470/272 469/469/271
f 470/470/272 471/471/273 469/469/271
f 470/470/272 472/472/274 471/471/273
f 472/472/274 473/473/274 471/471/273
f 472/472/274 474/474/275 473/473/274
f 474/474/275 475/475/276 473/473/274
f 476/476/277 477/477/278 478/478/279
f 478/478/279 479/479/181 476/476/277
f 480/480/280 481/481/281 482/482/277
f 481/481/281 483/483/167 482/482/277
f 482/482/277 483/483/167 484/484/282
f 485/485/283 483/483/167 481/481/281
f 486/486/172 485/485/283 481/481/281
f 487/487/284 486/486/172 481/481/281
f 488/488/285 485/485/283 486/486/172
f 489/489/286 483/483/167 485/485/283
f 490/490/287 489/489/286 485/485/283
f 491/491/288 483/483/167 489/489/286
f 492/492/289 493/493/290 494/494/291
f 493/493/290 495/495/292 494/494/291
f 495/495/292 493/493/290 496/496/293
f 494/494/291 495/495/292 497/497/294
f 498/498/295 494/494/291 497/497/294
f 497/497/294 499/499/296 498/498/295
f 500/500/297 495/495/292 496/496/293
f 497/497/294 495/495/292 501/501/298
f 495/495/292 500/500/297 501/501/298
f 502/502/299 500/500/297 496/496/293
f 501/501/298 500/500/297 502/502/299
f 503/503/300 502/502/299 496/496/293
f 504/504/301 501/501/298 502/502/299
f 501/501/298 504/504/301 505/505/302
f 497/497/294 501/501/298 506/506/303
f 499/499/296 497/497/294 506/506/303
f 506/506/303 501/501/298 507/507/302
f 508/508/304 506/506/303 507/507/302
f 499/499/296 506/506/303 508/508/304
f 509/509/305 508/508/304 507/507/302
f 510/510/306 499/499/296 508/508/304
f 511/511/307 499/499/296 510/510/306
f 499/499/296 511/511/307 512/512/308
f 513/513/309 511/511/307 510/510/306
f 510/510/306 508/508/304 514/514/310
f 508/508/304 509/509/305 515/515/311
f 514/514/310 508/508/304 515/515/311
f 516/516/312 510/510/306 514/514/310
f 510/510/306 516/516/312 513/513/309
f 517/517/313 514/514/310 515/515/311
f 516/516/312 514/514/310 517/517/313
f 518/518/314 515/515/311 509/509/305
f 519/519/315 517/517/313 515/515/311
f 515/515/311 518/518/314 519/519/315
f 520/520/316 518/518/314 509/509/305
f 521/521/302 520/520/316 509/509/305
f 522/522/317 520/520/316 521/521/302
f 523/523/299 520/520/316 522/522/317
f 520/520/316 523/523/299 524/524/318
f 518/518/314 520/520/316 524/524/318
f 518/518/314 525/525/319 519/519/315
f 525/525/319 518/518/314 526/526/318
f 527/527/320 525/525/319 526/526/318
f 525/525/319 527/527/320 528/528/321
f 529/529/322 525/525/319 528/528/321
f 525/525/319 529/529/322 530/530/323
f 519/519/315 525/525/319 530/530/323
f 517/517/313 519/519/315 531/531/323
f 532/532/324 517/517/313 531/531/323
f 531/531/323 533/533/325 532/532/324
f 534/534/326 517/517/313 532/532/324
f 534/534/326 516/516/312 517/517/313
f 535/535/327 516/516/312 534/534/326
f 516/516/312 535/535/327 513/513/309
f 536/536/328 534/534/326 532/532/324
f 536/536/328 532/532/324 537/537/329
f 538/538/325 537/537/329 532/532/324
f 538/538/325 539/539/321 537/537/329
f 540/540/330 535/535/327 534/534/326
f 534/534/326 536/536/328 540/540/330
f 535/535/327 541/541/331 513/513/309
f 535/535/327 540/540/330 541/541/331
f 541/541/331 542/542/332 513/513/309
f 543/543/307 513/513/309 542/542/332
f 543/543/307 542/542/332 544/544/295
f 541/541/331 545/545/333 542/542/332
f 545/545/333 546/546/291 542/542/332
f 547/547/295 542/542/332 546/546/291
f 540/540/330 548/548/334 541/541/331
f 541/541/331 548/548/334 549/549/333
f 550/550/335 548/548/334 540/540/330
f 548/548/334 551/551/336 549/549/333
f 552/552/337 548/548/334 550/550/335
f 551/551/336 548/548/334 552/552/337
f 553/553/289 554/554/338 555/555/290
f 554/554/338 556/556/339 555/555/290
f 555/555/290 556/556/339 557/557/293
f 558/558/340 556/556/339 554/554/338
f 559/559/337 558/558/340 554/554/338
f 536/536/328 558/558/340 559/559/337
f 556/556/339 560/560/341 557/557/293
f 556/556/339 558/558/340 560/560/341
f 558/558/340 536/536/328 537/537/329
f 558/558/340 537/537/329 560/560/341
f 557/557/293 560/560/341 561/561/320
f 561/561/320 560/560/341 537/537/329
f 562/562/342 557/557/293 561/561/320
f 563/563/343 561/561/320 537/537/329
f 564/564/344 563/563/343 537/537/329
f 536/536/328 565/565/345 566/566/330
f 565/565/345 536/536/328 567/567/337
f 568/568/346 569/569/346 570/570/346
f 571/571/346 568/568/346 570/570/346
f 572/572/347 573/573/347 574/574/347
f 575/575/347 572/572/347 574/574/347
f 576/576/348 577/577/348 578/578/348
f 579/579/348 576/576/348 578/578/348
f 580/580/349 581/581/349 582/582/349
f 583/583/349 580/580/349 582/582/349
f 584/584/350 585/585/350 586/586/350
f 587/587/350 584/584/350 586/586/350
f 588/588/351 589/589/352 590/590/353
f 589/589/352 591/591/354 590/590/353
f 589/589/352 592/592/355 591/591/354
f 592/592/355 593/593/356 591/591/354
f 592/592/355 594/594/357 593/593/356
f 594/594/357 595/595/358 593/593/356
f 594/594/357 596/596/359 595/595/358
f 596/596/359 597/597/360 595/595/358
f 596/596/359 598/598/361 597/597/360
f 598/598/361 599/599/362 597/597/360
f 598/598/361 600/600/363 599/599/362
f 600/600/363 601/601/353 599/599/362
f 602/602/364 603/603/365 604/604/366
f 603/603/365 605/605/367 604/604/366
f 603/603/365 606/606/368 605/605/367
f 606/606/368 607/607/369 605/605/367
f 606/606/368 608/608/370 607/607/369
f 608/608/370 609/609/371 607/607/369
f 608/608/370 610/610/372 609/609/371
f 610/610/372 611/611/373 609/609/371
f 610/610/372 612/612/374 611/611/373
f 612/612/374 613/613/375 611/611/373
f 612/612/374 614/614/376 613/613/375
f 614/614/376 615/615/366 613/613/375
f 616/616/377 617/617/191 618/618/190
f 618/618/190 619/619/214 616/616/377
f 620/620/378 621/621/281 622/622/379
f 621/621/281 623/623/192 622/622/379
f 622/622/379 623/623/192 624/624/191
f 625/625/380 623/623/192 621/621/281
f 626/626/381 625/625/380 621/621/281
f 627/627/208 626/626/381 621/621/281
f 628/628/382 625/625/380 626/626/381
f 629/629/287 623/623/192 625/625/380
f 630/630/383 629/629/287 625/625/380
f 631/631/384 623/623/192 629/629/287
f 632/632/385 633/633/290 634/634/291
f 633/633/290 635/635/292 634/634/291
f 635/635/292 633/633/290 636/636/386
f 634/634/291 635/635/292 637/637/294
f 638/638/295 634/634/291 637/637/294
f 637/637/294 639/639/296 638/638/295
f 640/640/297 635/635/292 636/636/386
f 637/637/294 635/635/292 641/641/298
f 635/635/292 640/640/297 641/641/298
f 642/642/299 640/640/297 636/636/386
f 641/641/298 640/640/297 642/642/299
f 643/643/300 642/642/299 636/636/386
f 644/644/301 641/641/298 642/642/299
f 641/641/298 644/644/301 645/645/302
f 637/637/294 641/641/298 646/646/387
f 639/639/296 637/637/294 646/646/387
f 646/646/387 641/641/298 647/647/388
f 648/648/304 646/646/387 647/647/388
f 639/639/296 646/646/387 648/648/304
f 649/649/305 648/648/304 647/647/388
f 650/650/306 639/639/296 648/648/304
f 651/651/307 639/639/296 650/650/306
f 639/639/296 651/651/307 652/652/389
f 653/653/309 651/651/307 650/650/306
f 650/650/306 648/648/304 654/654/310
f 648/648/304 649/649/305 655/655/311
f 654/654/310 648/648/304 655/655/311
f 656/656/312 650/650/306 654/654/310
f 650/650/306 656/656/312 653/653/309
f 657/657/390 654/654/310 655/655/311
f 656/656/312 654/654/310 657/657/390
f 658/658/314 655/655/311 649/649/305
f 659/659/315 657/657/390 655/655/311
f 655/655/311 658/658/314 659/659/315
f 660/660/316 658/658/314 649/649/305
f 661/661/302 660/660/316 649/649/305
f 662/662/317 660/660/316 661/661/302
f 663/663/299 660/660/316 662/662/317
f 660/660/316 663/663/299 664/664/300
f 658/658/314 660/660/316 664/664/300
f 658/658/314 665/665/319 659/659/315
f 665/665/319 658/658/314 666/666/318
f 667/667/320 665/665/319 666/666/318
f 665/665/319 667/667/320 668/668/321
f 669/669/322 665/665/319 668/668/321
f 665/665/319 669/669/322 670/670/323
f 659/659/315 665/665/319 670/670/323
f 657/657/390 659/659/315 671/671/323
f 672/672/324 657/657/390 671/671/323
f 671/671/323 673/673/391 672/672/324
f 674/674/326 657/657/390 672/672/324
f 674/674/326 656/656/312 657/657/390
f 675/675/327 656/656/312 674/674/326
f 656/656/312 675/675/327 653/653/309
f 676/676/328 674/674/326 672/672/324
f 676/676/328 672/672/324 677/677/329
f 678/678/325 677/677/329 672/672/324
f 678/678/325 679/679/321 677/677/329
f 680/680/330 675/675/327 674/674/326
f 674/674/326 676/676/328 680/680/330
f 675/675/327 681/681/331 653/653/309
f 675/675/327 680/680/330 681/681/331
f 681/681/331 682/682/332 653/653/309
f 683/683/307 653/653/309 682/682/332
f 683/683/307 682/682/332 684/684/295
f 681/681/331 685/685/333 682/682/332
f 685/685/333 686/686/291 682/682/332
f 687/687/295 682/682/332 686/686/291
f 680/680/330 688/688/334 681/681/331
f 681/681/331 688/688/334 689/689/333
f 690/690/392 688/688/334 680/680/330
f 688/688/334 691/691/336 689/689/333
f 692/692/337 688/688/334 690/690/392
f 691/691/336 688/688/334 692/692/337
f 693/693/289 694/694/338 695/695/290
f 694/694/338 696/696/339 695/695/290
f 695/695/290 696/696/339 697/697/293
f 698/698/393 696/696/339 694/694/338
f 699/699/337 698/698/393 694/694/338
f 676/676/328 698/698/393 699/699/337
f 696/696/339 700/700/341 697/697/293
f 696/696/339 698/698/393 700/700/341
f 698/698/393 676/676/328 677/677/329
f 698/698/393 677/677/329 700/700/341
f 697/697/293 700/700/341 701/701/320
f 701/701/320 700/700/341 677/677/329
f 702/702/394 697/697/293 701/701/320
f 703/703/395 701/701/320 677/677/329
f 704/704/396 703/703/395 677/677/329
f 676/676/328 705/705/397 706/706/398
f 705/705/397 676/676/328 707/707/337
f 708/708/346 709/709/346 710/710/346
f 711/711/346 708/708/346 710/710/346
f 712/712/347 713/713/347 714/714/347
f 715/715/347 712/712/347 714/714/347
f 716/716/348 717/717/348 718/718/348
f 719/719/348 716/716/348 718/718/348
f 720/720/349 721/721/349 722/722/349
f 723/723/349 720/720/349 722/722/349
f 724/724/350 725/725/350 726/726/350
f 727/727/350 724/724/350 726/726/350
f 728/728/228 729/729/227 730/730/399
f 730/730/399 731/731/234 728/728/228
f 731/731/234 732/732/400 728/728/228
f 733/733/401 732/732/400 731/731/234
f 734/734/402 735/735/403 736/736/404
f 735/735/403 737/737/405 736/736/404
f 735/735/403 738/738/406 737/737/405
f 738/738/406 739/739/407 737/737/405
f 738/738/406 740/740/408 739/739/407
f 740/740/408 741/741/409 739/739/407
f 740/740/408 742/742/410 741/741/409
f 742/742/410 743/743/411 741/741/409
f 742/742/410 744/744/412 743/743/411
f 744/744/412 745/745/413 743/743/411
f 744/744/412 746/746/414 745/745/413
f 746/746/414 747/747/404 745/745/413
f 748/748/415 749/749/416 750/750/417
f 749/749/416 751/751/418 750/750/417
f 749/749/416 752/752/419 751/751/418
f 752/752/419 753/753/420 751/751/418
f 752/752/419 754/754/421 753/753/420
f 754/754/421 755/755/422 753/753/420
f 754/754/421 756/756/423 755/755/422
f 756/756/423 757/757/424 755/755/422
f 756/756/423 758/758/425 757/757/424
f 758/758/425 759/759/426 757/757/424
f 758/758/425 760/760/427 759/759/426
f 760/760/427 761/761/417 759/759/426
f 762/762/428 763/763/223 764/764/221
f 764/764/221 765/765/429 762/762/428
f 766/766/430 767/767/431 768/768/428
f 767/767/431 769/769/432 768/768/428
f 768/768/428 769/769/432 770/770/433
f 771/771/380 769/769/432 767/767/431
f 772/772/434 771/771/380 767/767/431
f 773/773/232 772/772/434 767/767/431
f 774/774/435 771/771/380 772/772/434
f 775/775/436 769/769/432 771/771/380
f 776/776/286 775/775/436 771/771/380
f 777/777/437 769/769/432 775/775/436
f 778/778/438 779/779/290 780/780/291
f 779/779/290 781/781/292 780/780/291
f 781/781/292 779/779/290 782/782/386
f 780/780/291 781/781/292 783/783/294
f 784/784/295 780/780/291 783/783/294
f 783/783/294 785/785/439 784/784/295
f 786/786/297 781/781/292 782/782/386
f 783/783/294 781/781/292 787/787/298
f 781/781/292 786/786/297 787/787/298
f 788/788/299 786/786/297 782/782/386
f 787/787/298 786/786/297 788/788/299
f 789/789/440 788/788/299 782/782/386
f 790/790/301 787/787/298 788/788/299
f 787/787/298 790/790/301 791/791/302
f 783/783/294 787/787/298 792/792/303
f 785/785/439 783/783/294 792/792/303
f 792/792/303 787/787/298 793/793/388
f 794/794/304 792/792/303 793/793/388
f 785/785/439 792/792/303 794/794/304
f 795/795/305 794/794/304 793/793/388
f 796/796/306 785/785/439 794/794/304
f 797/797/307 785/785/439 796/796/306
f 785/785/439 797/797/307 798/798/308
f 799/799/309 797/797/307 796/796/306
f 796/796/306 794/794/304 800/800/310
f 794/794/304 795/795/305 801/801/311
f 800/800/310 794/794/304 801/801/311
f 802/802/312 796/796/306 800/800/310
f 796/796/306 802/802/312 799/799/309
f 803/803/313 800/800/310 801/801/311
f 802/802/312 800/800/310 803/803/313
f 804/804/314 801/801/311 795/795/305
f 805/805/315 803/803/313 801/801/311
f 801/801/311 804/804/314 805/805/315
f 806/806/316 804/804/314 795/795/305
f 807/807/302 806/806/316 795/795/305
f 808/808/317 806/806/316 807/807/302
f 809/809/299 806/806/316 808/808/317
f 806/806/316 809/809/299 810/810/300
f 804/804/314 806/806/316 810/810/300
f 804/804/314 811/811/319 805/805/315
f 811/811/319 804/804/314 812/812/318
f 813/813/320 811/811/319 812/812/318
f 811/811/319 813/813/320 814/814/321
f 815/815/322 811/811/319 814/814/321
f 811/811/319 815/815/322 816/816/323
f 805/805/315 811/811/319 816/816/323
f 803/803/313 805/805/315 817/817/441
f 818/818/324 803/803/313 817/817/441
f 817/817/441 819/819/391 818/818/324
f 820/820/326 803/803/313 818/818/324
f 820/820/326 802/802/312 803/803/313
f 821/821/327 802/802/312 820/820/326
f 802/802/312 821/821/327 799/799/309
f 822/822/328 820/820/326 818/818/324
f 822/822/328 818/818/324 823/823/329
f 824/824/442 823/823/329 818/818/324
f 824/824/442 825/825/321 823/823/329
f 826/826/330 821/821/327 820/820/326
f 820/820/326 822/822/328 826/826/330
f 821/821/327 827/827/331 799/799/309
f 821/821/327 826/826/330 827/827/331
f 827/827/331 828/828/332 799/799/309
f 829/829/307 799/799/309 828/828/332
f 829/829/307 828/828/332 830/830/295
f 827/827/331 831/831/438 828/828/332
f 831/831/438 832/832/291 828/828/332
f 833/833/295 828/828/332 832/832/291
f 826/826/330 834/834/334 827/827/331
f 827/827/331 834/834/334 835/835/438
f 836/836/335 834/834/334 826/826/330
f 834/834/334 837/837/443 835/835/438
f 838/838/337 834/834/334 836/836/335
f 837/837/443 834/834/334 838/838/337
f 839/839/289 840/840/336 841/841/290
f 840/840/336 842/842/339 841/841/290
f 841/841/290 842/842/339 843/843/293
f 844/844/393 842/842/339 840/840/336
f 845/845/337 844/844/393 840/840/336
f 822/822/328 844/844/393 845/845/337
f 842/842/339 846/846/341 843/843/293
f 842/842/339 844/844/393 846/846/341
f 844/844/393 822/822/328 823/823/329
f 844/844/393 823/823/329 846/846/341
f 843/843/293 846/846/341 847/847/320
f 847/847/320 846/846/341 823/823/329
f 848/848/318 843/843/293 847/847/320
f 849/849/444 847/847/320 823/823/329
f 850/850/445 849/849/444 823/823/329
f 822/822/328 851/851/345 852/852/398
f 851/851/345 822/822/328 853/853/337
f 854/854/346 855/855/346 856/856/346
f 857/857/346 854/854/346 856/856/346
f 858/858/347 859/859/347 860/860/347
f 861/861/347 858/858/347 860/860/347
f 862/862/348 863/863/348 864/864/348
f 865/865/348 862/862/348 864/864/348
f 866/866/349 867/867/349 868/868/349
f 869/869/349 866/866/349 868/868/349
f 870/870/350 871/871/350 872/872/350
f 873/873/350 870/870/350 872/872/350
f 874/874/446 875/875/447 876/876/448
f 875/875/447 877/877/449 876/876/448
f 878/878/450 876/876/448 877/877/449
f 879/879/451 878/878/450 877/877/449
f 880/880/452 881/881/453 882/882/454
f 881/881/453 883/883/455 882/882/454
f 881/881/453 884/884/456 883/883/455
f 884/884/456 885/885/457 883/883/455
f 886/886/458 887/887/448 888/888/454
f 887/887/448 889/889/450 888/888/454
f 888/888/454 889/889/450 890/890/452
f 889/889/450 891/891/459 890/890/452
f 890/890/452 891/891/459 892/892/460
f 891/891/459 893/893/449 892/892/460
f 892/892/460 893/893/449 894/894/461
f 893/893/449 895/895/447 894/894/461
f 894/894/461 895/895/447 896/896/457
f 895/895/447 897/897/446 896/896/457
f 896/896/457 897/897/446 898/898/458
f 897/897/446 899/899/448 898/898/458
f 900/900/462 901/901/463 902/902/464
f 901/901/463 903/903/465 902/902/464
f 904/904/466 902/902/464 903/903/465
f 905/905/451 904/904/466 903/903/465
f 906/906/467 907/907/468 908/908/469
f 907/907/468 909/909/470 908/908/469
f 907/907/468 910/910/471 909/909/470
f 910/910/471 911/911/472 909/909/470
f 912/912/473 913/913/474 914/914/469
f 913/913/474 915/915/475 914/914/469
f 914/914/469 915/915/475 916/916/467
f 915/915/475 917/917/476 916/916/467
f 916/916/467 917/917/476 918/918/477
f 917/917/476 919/919/465 918/918/477
f 918/918/477 919/919/465 920/920/471
f 919/919/465 921/921/463 920/920/471
f 920/920/471 921/921/463 922/922/478
f 921/921/463 923/923/479 922/922/478
f 922/922/478 923/923/479 924/924/470
f 923/923/479 925/925/480 924/924/470
f 926/926/481 927/927/447 928/928/482
f 927/927/447 929/929/449 928/928/482
f 930/930/450 928/928/482 929/929/449
f 931/931/451 930/930/450 929/929/449
f 932/932/483 933/933/484 934/934/454
f 933/933/484 935/935/485 934/934/454
f 933/933/484 936/936/456 935/935/485
f 936/936/456 937/937/457 935/935/485
f 938/938/458 939/939/448 940/940/486
f 939/939/448 941/941/450 940/940/486
f 940/940/486 941/941/450 942/942/452
f 941/941/450 943/943/459 942/942/452
f 942/942/452 943/943/459 944/944/460
f 943/943/459 945/945/449 944/944/460
f 944/944/460 945/945/449 946/946/456
f 945/945/449 947/947/447 946/946/456
f 946/946/456 947/947/447 948/948/472
f 947/947/447 949/949/487 948/948/472
f 948/948/472 949/949/487 950/950/485
f 949/949/487 951/951/448 950/950/485
f 952/952/488 953/953/489 954/954/490
f 953/953/489 955/955/489 954/954/490
f 953/953/489 956/956/491 955/955/489
f 956/956/491 957/957/492 955/955/489
f 956/956/491 958/958/493 957/957/492
f 958/958/493 959/959/494 957/957/492
f 958/958/493 960/960/495 959/959/494
f 960/960/495 961/961/495 959/959/494
f 960/960/495 962/962/496 961/961/495
f 962/962/496 963/963/496 961/961/495
f 962/962/496 964/964/497 963/963/496
f 964/964/497 965/965/497 963/963/496
f 964/964/497 966/966/498 965/965/497
f 966/966/498 967/967/499 965/965/497
f 966/966/498 968/968/500 967/967/499
f 968/968/500 969/969/500 967/967/499
f 968/968/500 970/970/501 969/969/500
f 970/970/501 971/971/501 969/969/500
f 970/970/501 972/972/502 971/971/501
f 972/972/502 973/973/503 971/971/501
f 972/972/502 974/974/504 973/973/503
f 974/974/504 975/975/505 973/973/503
f 974/974/504 976/976/490 975/975/505
f 976/976/490 977/977/506 975/975/505
f 978/978/347 979/979/347 980/980/347
f 980/980/347 979/979/347 981/981/347
f 982/982/347 979/979/347 978/978/347
f 981/981/347 979/979/347 983/983/347
f 984/984/347 979/979/347 982/982/347
f 983/983/347 979/979/347 985/985/347
f 986/986/347 979/979/347 984/984/347
f 985/985/347 979/979/347 987/987/347
f 988/988/347 979/979/347 986/986/347
f 987/987/347 979/979/347 989/989/347
f 990/990/347 979/979/347 988/988/347
f 989/989/347 979/979/347 990/990/347
o Ropes_W.001
v 11.940097 8.960432 -11.757056
v 11.940097 9.075887 -11.757056
v 11.238190 9.075887 -11.052668
v 11.869298 9.133412 -11.827456
v 11.167790 9.133413 -11.123468
v 11.798898 9.075887 -11.898257
v 11.798898 9.075887 -11.898257
v 11.096989 9.075887 -11.193868
v 11.096989 9.075887 -11.193868
v 11.126758 9.117725 -11.164099
v 11.167790 9.133413 -11.123468
v 11.208419 9.117725 -11.082435
v 11.238190 9.075887 -11.052668
v 11.940097 9.075887 -11.757056
v 11.869298 9.133412 -11.827456
v 11.249051 9.017960 -11.041805
v 11.238190 8.960432 -11.052668
v 11.940097 8.960432 -11.757056
v 11.208419 8.918196 -11.082435
v 11.167790 8.902506 -11.123468
v 11.167790 8.902506 -11.123468
v 11.096989 8.960432 -11.193868
v 11.798898 8.960432 -11.898257
v 11.798898 8.960432 -11.898257
v 11.869298 8.902504 -11.827456
v 11.798898 9.075887 -11.898257
v 11.096989 8.960432 -11.193868
v 11.167790 8.902506 -11.123468
v 11.126758 8.918196 -11.164099
v 11.096989 8.960432 -11.193868
v 11.175869 9.264759 -10.513412
v 11.125588 9.382023 -10.446031
v 11.125588 9.382023 -10.445626
v 11.940409 7.471210 -11.757059
v 11.940409 7.586666 -11.757059
v 11.239123 7.585055 -11.052674
v 11.869610 7.644192 -11.827458
v 11.168725 7.642582 -11.123475
v 11.799211 7.586666 -11.898260
v 11.097924 7.585055 -11.193873
v 11.097924 7.585055 -11.193873
v 11.127694 7.626893 -11.164104
v 11.168725 7.642582 -11.123475
v 11.209354 7.626893 -11.082440
v 11.239123 7.585055 -11.052674
v 11.940409 7.586666 -11.757059
v 11.869610 7.644192 -11.827458
v 11.249986 7.527126 -11.041810
v 11.239123 7.469601 -11.052674
v 11.940409 7.471210 -11.757059
v 11.209354 7.427362 -11.082440
v 11.168725 7.411673 -11.123475
v 11.168725 7.411673 -11.123475
v 11.127694 7.427362 -11.164104
v 11.097924 7.469601 -11.193873
v 11.087062 7.527126 -11.205137
v 11.799211 7.586666 -11.898260
v 11.799211 7.471210 -11.898260
v 11.087062 7.527126 -11.205137
v 11.097924 7.585055 -11.193873
v 11.799211 7.586666 -11.898260
v 11.799211 7.471210 -11.898260
v 11.869610 7.413283 -11.827458
v 11.940409 7.586666 -11.757059
v 11.940409 7.471210 -11.757059
v 11.869610 7.644192 -11.827458
v 11.177115 7.773119 -10.513417
v 11.126832 7.890383 -10.446037
v 11.126832 7.890383 -10.445635
v 11.940388 5.949718 -11.757060
v 11.940388 6.065174 -11.757060
v 11.239060 6.065174 -11.052672
v 11.869589 6.122700 -11.827458
v 11.168662 6.122700 -11.123473
v 11.799188 6.065174 -11.898262
v 11.097861 6.065174 -11.193871
v 11.097861 6.065174 -11.193871
v 11.127631 6.107010 -11.164103
v 11.168662 6.122700 -11.123473
v 11.209293 6.107010 -11.082438
v 11.239060 6.065174 -11.052672
v 11.940388 6.065174 -11.757060
v 11.869589 6.122700 -11.827458
v 11.249923 6.007245 -11.041811
v 11.239060 5.949718 -11.052672
v 11.940388 5.949718 -11.757060
v 11.209293 5.907480 -11.082438
v 11.168662 5.891791 -11.123473
v 11.168662 5.891791 -11.123473
v 11.127631 5.907480 -11.164103
v 11.097861 5.949718 -11.193871
v 11.087001 6.007245 -11.205135
v 11.799188 6.065174 -11.898262
v 11.799188 5.949718 -11.898262
v 11.087001 6.007245 -11.205135
v 11.097861 6.065174 -11.193871
v 11.799188 6.065174 -11.898262
v 11.799188 5.949718 -11.898262
v 11.869589 5.891791 -11.827458
v 11.940388 6.065174 -11.757060
v 11.940388 5.949718 -11.757060
v 11.869589 6.122700 -11.827458
v 11.177033 6.254045 -10.513417
v 11.126749 6.371308 -10.446036
v 11.126749 6.371308 -10.445634
v 11.869298 8.902504 -11.827456
v 11.940097 8.960432 -11.757056
v 11.238190 8.960432 -11.052668
v 11.167790 8.902506 -11.123468
v 12.076438 8.970490 -12.018137
v 12.100975 9.005487 -11.993195
v 11.868894 8.970490 -11.809355
v 11.893837 9.005487 -11.784814
v 12.092126 9.052958 -12.002446
v 11.884583 9.052958 -11.793665
v 12.058737 9.065428 -12.035837
v 11.851194 9.065428 -11.827456
v 12.033795 9.030832 -12.060776
v 11.826654 9.030832 -11.851996
v 12.043050 8.983362 -12.051526
v 11.835505 8.983364 -11.842740
v 12.076438 8.970490 -12.018137
v 11.868894 8.970490 -11.809355
v 11.185894 8.970490 -11.123468
v 11.210430 9.005488 -11.098930
v 10.858469 8.970490 -10.794805
v 10.883007 9.005489 -10.770267
v 11.201180 9.052958 -11.107780
v 10.873755 9.052959 -10.779117
v 11.167790 9.065429 -11.141569
v 10.840365 9.065429 -10.812908
v 11.143251 9.030834 -11.166109
v 10.815825 9.030834 -10.837447
v 11.152102 8.983364 -11.156857
v 10.824678 8.983364 -10.828197
v 11.185894 8.970490 -11.123468
v 10.858469 8.970490 -10.794805
v 11.869298 8.902504 -11.827456
v 11.940097 9.075887 -11.757056
v 11.940097 8.960432 -11.757056
v 11.798898 9.075887 -11.898257
v 11.798898 8.960432 -11.898257
v 11.869298 9.133412 -11.827456
v 11.096989 8.960432 -11.193868
v 11.086128 9.017960 -11.205131
v 11.096989 9.075887 -11.193868
v 11.167790 9.133413 -11.123468
v 11.126758 9.117725 -11.164099
v 11.208419 9.117725 -11.082435
v 11.249051 9.017960 -11.041805
v 11.238190 9.075887 -11.052668
v 11.126758 8.918196 -11.164099
v 11.086128 9.017960 -11.205131
v 11.096989 9.075887 -11.193868
v 11.096989 8.960432 -11.193868
v 11.208419 8.918196 -11.082435
v 11.167790 8.902506 -11.123468
v 11.238190 8.960432 -11.052668
v 10.580093 8.960031 -11.011635
v 10.683879 8.990606 -11.056691
v 10.617102 8.891644 -11.184011
v 10.741407 8.929659 -11.195073
v 11.099034 8.990606 -10.641537
v 10.747845 8.720675 -11.224038
v 10.626759 8.750847 -11.222026
v 10.630178 8.537840 -11.106371
v 11.237419 8.929659 -10.699063
v 11.266381 8.720675 -10.705500
v 11.226355 8.891644 -10.574758
v 11.053976 8.960031 -10.537748
v 11.264369 8.750847 -10.584413
v 11.179289 8.617491 -10.499331
v 11.148718 8.537840 -10.587833
v 11.179289 8.617491 -10.499331
v 10.907145 8.561573 -10.346064
v 10.997659 8.639214 -10.317702
v 10.388406 8.561573 -10.864603
v 10.541674 8.617491 -11.136945
v 10.626759 8.750847 -11.222026
v 10.360046 8.639214 -10.955316
v 10.757095 8.796303 -10.195813
v 10.877781 8.826876 -10.197823
v 10.238558 8.796305 -10.714752
v 10.752065 9.135626 -10.191185
v 10.950191 8.906931 -10.381664
v 10.873153 9.115512 -10.193398
v 11.101849 8.767742 -10.412238
v 11.179289 8.617491 -10.499331
v 11.264369 8.750847 -10.584413
v 11.226355 8.891644 -10.574758
v 11.053976 8.960031 -10.537748
v 11.021796 9.133012 -10.325746
v 11.053976 8.960031 -10.537748
v 11.175869 9.264759 -10.513412
v 11.125588 9.382023 -10.445626
v 11.065646 9.411793 -10.385687
v 10.973722 9.351851 -10.293967
v 10.973722 9.351851 -10.293967
v 10.875366 9.422453 -10.314284
v 11.065646 9.411793 -10.385687
v 10.233531 9.135628 -10.709724
v 10.240169 8.826877 -10.835436
v 10.356628 9.422453 -10.833022
v 11.055185 9.482191 -10.494302
v 11.065646 9.411793 -10.385687
v 11.125588 9.382023 -10.445626
v 10.235742 9.115514 -10.830812
v 10.426020 8.909345 -10.909859
v 10.460215 8.770557 -11.059909
v 10.541674 8.617491 -11.136945
v 10.626759 8.750847 -11.222026
v 10.580093 8.960031 -11.011635
v 10.617102 8.891644 -11.184011
v 10.626759 8.750847 -11.222026
v 10.369301 9.135023 -10.981464
v 10.580093 8.960031 -11.011635
v 10.336313 9.351851 -10.931381
v 10.555755 9.264759 -11.133527
v 10.458203 9.396908 -11.053272
v 10.580093 8.960031 -11.011635
v 10.555755 9.264759 -11.133527
v 10.683879 8.990606 -11.056691
v 10.675233 9.285275 -11.137347
v 11.099034 8.990606 -10.641537
v 10.536649 9.482191 -11.012841
v 10.458203 9.396908 -11.053272
v 11.179691 9.285275 -10.632888
v 11.175869 9.264759 -10.513412
v 11.053976 8.960031 -10.537748
v 11.125588 9.382023 -10.446031
v 11.125588 9.382023 -10.445626
v 10.336313 9.351851 -10.931381
v 10.235742 9.115514 -10.830812
v 10.458203 9.396908 -11.053272
v 12.078449 8.950777 -11.938888
v 11.978682 8.950777 -12.038652
v 12.090116 8.950777 -12.150483
v 12.189879 8.950777 -12.050722
v 12.090116 9.087151 -12.150483
v 11.978682 9.087151 -12.038652
v 12.078449 9.087151 -11.938888
v 12.189879 9.087151 -12.050722
v 11.978682 9.087151 -12.038652
v 11.978682 8.950777 -12.038652
v 12.078449 8.950777 -11.938888
v 12.078449 9.087151 -11.938888
v 12.078449 9.087151 -11.938888
v 12.078449 8.950777 -11.938888
v 12.189879 8.950777 -12.050722
v 12.189879 9.087151 -12.050722
v 12.090116 9.087151 -12.150483
v 12.090116 8.950777 -12.150483
v 11.978682 8.950777 -12.038652
v 11.978682 9.087151 -12.038652
v 11.799211 7.471210 -11.898260
v 11.869610 7.413283 -11.827458
v 11.168725 7.411673 -11.123475
v 11.097924 7.469601 -11.193873
v 11.087062 7.527126 -11.205137
v 11.869610 7.413283 -11.827458
v 11.940409 7.471210 -11.757059
v 11.239123 7.469601 -11.052674
v 11.168725 7.411673 -11.123475
v 12.076438 7.482075 -12.018137
v 12.100975 7.517073 -11.993195
v 11.869206 7.481269 -11.809355
v 11.894149 7.516267 -11.784818
v 12.092126 7.564543 -12.002446
v 11.884894 7.563737 -11.793668
v 12.058737 7.577012 -12.035837
v 11.851506 7.576207 -11.827458
v 12.033795 7.542417 -12.060776
v 11.826967 7.541612 -11.851997
v 12.043050 7.494947 -12.051526
v 11.835817 7.494142 -11.842744
v 12.076438 7.482075 -12.018137
v 11.869206 7.481269 -11.809355
v 11.186830 7.479659 -11.123475
v 11.211367 7.514657 -11.098934
v 10.856610 7.480463 -10.794809
v 10.881151 7.515461 -10.770270
v 11.202115 7.562127 -11.107787
v 10.871899 7.562931 -10.779122
v 11.168725 7.574595 -11.141576
v 10.838511 7.575401 -10.812913
v 11.144185 7.540001 -11.166117
v 10.813970 7.540805 -10.837454
v 11.153038 7.492531 -11.156861
v 10.822820 7.493337 -10.828201
v 11.186830 7.479659 -11.123475
v 10.856610 7.480463 -10.794809
v 11.168725 7.642582 -11.123475
v 11.127694 7.626893 -11.164104
v 11.209354 7.626893 -11.082440
v 11.249986 7.527126 -11.041810
v 11.239123 7.585055 -11.052674
v 11.127694 7.427362 -11.164104
v 11.087062 7.527126 -11.205137
v 11.097924 7.585055 -11.193873
v 11.097924 7.469601 -11.193873
v 11.209354 7.427362 -11.082440
v 11.168725 7.411673 -11.123475
v 11.239123 7.469601 -11.052674
v 10.581340 7.468392 -11.011642
v 10.685127 7.498968 -11.056699
v 10.618349 7.400005 -11.184019
v 10.742654 7.438021 -11.195082
v 11.100281 7.498966 -10.641544
v 10.749092 7.229036 -11.224047
v 10.628005 7.259208 -11.222034
v 10.631423 7.046201 -11.106381
v 11.238665 7.438021 -10.699071
v 11.267630 7.229036 -10.705507
v 11.227602 7.400005 -10.574767
v 11.055223 7.468392 -10.537756
v 11.265615 7.259207 -10.584420
v 11.180536 7.125852 -10.499341
v 11.149962 7.046200 -10.587843
v 11.180536 7.125852 -10.499341
v 10.908392 7.069934 -10.346072
v 10.998905 7.147574 -10.317711
v 10.389652 7.069934 -10.864612
v 10.542923 7.125852 -11.136953
v 10.628005 7.259208 -11.222034
v 10.361292 7.147574 -10.955326
v 10.758343 7.304665 -10.195820
v 10.879027 7.335238 -10.197831
v 10.239805 7.304665 -10.714760
v 10.753313 7.643989 -10.191192
v 10.951436 7.415291 -10.381673
v 10.874399 7.623874 -10.193405
v 11.103096 7.276102 -10.412245
v 11.180536 7.125852 -10.499341
v 11.265615 7.259207 -10.584420
v 11.227602 7.400005 -10.574767
v 11.055223 7.468392 -10.537756
v 11.023043 7.641373 -10.325755
v 11.055223 7.468392 -10.537756
v 11.177115 7.773119 -10.513417
v 11.126832 7.890383 -10.445635
v 11.066892 7.920154 -10.385695
v 10.974971 7.860212 -10.293976
v 10.974971 7.860212 -10.293976
v 10.876613 7.930813 -10.314291
v 11.066892 7.920154 -10.385695
v 10.234776 7.643989 -10.709731
v 10.241413 7.335238 -10.835444
v 10.357873 7.930813 -10.833029
v 11.056431 7.990551 -10.494311
v 11.066892 7.920154 -10.385695
v 11.126832 7.890383 -10.445635
v 10.236988 7.623874 -10.830818
v 10.427266 7.417706 -10.909865
v 10.461462 7.278920 -11.059915
v 10.542923 7.125852 -11.136953
v 10.628005 7.259208 -11.222034
v 10.581340 7.468392 -11.011642
v 10.618349 7.400005 -11.184019
v 10.628005 7.259208 -11.222034
v 10.370548 7.643386 -10.981471
v 10.581340 7.468392 -11.011642
v 10.337558 7.860212 -10.931388
v 10.557002 7.773120 -11.133533
v 10.459451 7.905269 -11.053279
v 10.581340 7.468392 -11.011642
v 10.557002 7.773120 -11.133533
v 10.685127 7.498968 -11.056699
v 10.676479 7.793635 -11.137354
v 11.100281 7.498966 -10.641544
v 10.537895 7.990552 -11.012850
v 10.459451 7.905269 -11.053279
v 11.180939 7.793635 -10.632896
v 11.177115 7.773119 -10.513417
v 11.055223 7.468392 -10.537756
v 11.126832 7.890383 -10.446037
v 11.126832 7.890383 -10.445635
v 10.337558 7.860212 -10.931388
v 10.236988 7.623874 -10.830818
v 10.459451 7.905269 -11.053279
v 12.078449 7.462361 -11.938888
v 11.978682 7.462361 -12.038652
v 12.090116 7.462361 -12.150483
v 12.189879 7.462361 -12.050722
v 12.090116 7.598736 -12.150483
v 11.978682 7.598736 -12.038652
v 12.078449 7.598736 -11.938888
v 12.189879 7.598736 -12.050722
v 11.978682 7.598736 -12.038652
v 11.978682 7.462361 -12.038652
v 12.078449 7.462361 -11.938888
v 12.078449 7.598736 -11.938888
v 12.078449 7.598736 -11.938888
v 12.078449 7.462361 -11.938888
v 12.189879 7.462361 -12.050722
v 12.189879 7.598736 -12.050722
v 12.090116 7.598736 -12.150483
v 12.090116 7.462361 -12.150483
v 11.978682 7.462361 -12.038652
v 11.978682 7.598736 -12.038652
v 11.799188 5.949718 -11.898262
v 11.869589 5.891791 -11.827458
v 11.168662 5.891791 -11.123473
v 11.097861 5.949718 -11.193871
v 11.087001 6.007245 -11.205135
v 11.869589 5.891791 -11.827458
v 11.940388 5.949718 -11.757060
v 11.239060 5.949718 -11.052672
v 11.168662 5.891791 -11.123473
v 12.076438 5.959777 -12.018139
v 12.100975 5.994775 -11.993197
v 11.869184 5.959777 -11.809359
v 11.894126 5.994775 -11.784820
v 12.092126 6.042244 -12.002448
v 11.884874 6.042244 -11.793671
v 12.058737 6.054715 -12.035839
v 11.851484 6.054715 -11.827458
v 12.033795 6.020120 -12.060778
v 11.826944 6.020120 -11.852000
v 12.043050 5.972650 -12.051528
v 11.835795 5.972650 -11.842747
v 12.076438 5.959777 -12.018139
v 11.869184 5.959777 -11.809359
v 11.186768 5.959776 -11.123473
v 11.211305 5.994774 -11.098935
v 10.859633 5.959776 -10.794812
v 10.884172 5.994774 -10.770274
v 11.202052 6.042244 -11.107786
v 10.874920 6.042244 -10.779124
v 11.168662 6.054714 -11.141575
v 10.841532 6.054714 -10.812915
v 11.144124 6.020119 -11.166116
v 10.816993 6.020120 -10.837456
v 11.152974 5.972650 -11.156859
v 10.825842 5.972650 -10.828203
v 11.186768 5.959776 -11.123473
v 10.859633 5.959776 -10.794812
v 11.168662 6.122700 -11.123473
v 11.127631 6.107010 -11.164103
v 11.209293 6.107010 -11.082438
v 11.249923 6.007245 -11.041811
v 11.239060 6.065174 -11.052672
v 11.127631 5.907480 -11.164103
v 11.087001 6.007245 -11.205135
v 11.097861 6.065174 -11.193871
v 11.097861 5.949718 -11.193871
v 11.209293 5.907480 -11.082438
v 11.168662 5.891791 -11.123473
v 11.239060 5.949718 -11.052672
v 10.581257 5.949317 -11.011642
v 10.685043 5.979891 -11.056697
v 10.618266 5.880930 -11.184017
v 10.742570 5.918945 -11.195080
v 11.100197 5.979891 -10.641543
v 10.749008 5.709960 -11.224045
v 10.627922 5.740131 -11.222034
v 10.631340 5.527124 -11.106380
v 11.238582 5.918945 -10.699069
v 11.267546 5.709960 -10.705506
v 11.227518 5.880930 -10.574765
v 11.055140 5.949317 -10.537755
v 11.265532 5.740131 -10.584419
v 11.180451 5.606775 -10.499338
v 11.149879 5.527124 -10.587840
v 11.180451 5.606775 -10.499338
v 10.908309 5.550858 -10.346069
v 10.998822 5.628500 -10.317708
v 10.389569 5.550858 -10.864610
v 10.542840 5.606776 -11.136951
v 10.627922 5.740131 -11.222034
v 10.361209 5.628500 -10.955322
v 10.758260 5.785589 -10.195819
v 10.878943 5.816161 -10.197829
v 10.239721 5.785589 -10.714759
v 10.753229 6.124912 -10.191191
v 10.951354 5.896216 -10.381672
v 10.874316 6.104798 -10.193403
v 11.103012 5.757026 -10.412244
v 11.180451 5.606775 -10.499338
v 11.265532 5.740131 -10.584419
v 11.227518 5.880930 -10.574765
v 11.055140 5.949317 -10.537755
v 11.022959 6.122297 -10.325753
v 11.055140 5.949317 -10.537755
v 11.177033 6.254045 -10.513417
v 11.126749 6.371308 -10.445634
v 11.066808 6.401077 -10.385693
v 10.974887 6.341137 -10.293975
v 10.974887 6.341137 -10.293975
v 10.876530 6.411738 -10.314290
v 11.066808 6.401077 -10.385693
v 10.234693 6.124912 -10.709731
v 10.241329 5.816163 -10.835444
v 10.357790 6.411738 -10.833029
v 11.056349 6.471477 -10.494309
v 11.066808 6.401077 -10.385693
v 11.126749 6.371308 -10.445634
v 10.236904 6.104798 -10.830816
v 10.427182 5.898631 -10.909865
v 10.461377 5.759843 -11.059916
v 10.542840 5.606776 -11.136951
v 10.627922 5.740131 -11.222034
v 10.581257 5.949317 -11.011642
v 10.618266 5.880930 -11.184017
v 10.627922 5.740131 -11.222034
v 10.370464 6.124310 -10.981471
v 10.581257 5.949317 -11.011642
v 10.337475 6.341137 -10.931387
v 10.556920 6.254045 -11.133533
v 10.459366 6.386193 -11.053278
v 10.581257 5.949317 -11.011642
v 10.556920 6.254045 -11.133533
v 10.685043 5.979891 -11.056697
v 10.676395 6.274561 -11.137354
v 11.100197 5.979891 -10.641543
v 10.537810 6.471477 -11.012848
v 10.459366 6.386193 -11.053278
v 11.180855 6.274560 -10.632895
v 11.177033 6.254045 -10.513417
v 11.055140 5.949317 -10.537755
v 11.126749 6.371308 -10.446036
v 11.126749 6.371308 -10.445634
v 10.337475 6.341137 -10.931387
v 10.236904 6.104798 -10.830816
v 10.459366 6.386193 -11.053278
v 12.078449 5.940063 -11.938890
v 11.978682 5.940063 -12.038654
v 12.090116 5.940064 -12.150485
v 12.189879 5.940063 -12.050724
v 12.090116 6.076438 -12.150485
v 11.978682 6.076437 -12.038654
v 12.078449 6.076437 -11.938890
v 12.189879 6.076437 -12.050724
v 11.978682 6.076437 -12.038654
v 11.978682 5.940063 -12.038654
v 12.078449 5.940063 -11.938890
v 12.078449 6.076437 -11.938890
v 12.078449 6.076437 -11.938890
v 12.078449 5.940063 -11.938890
v 12.189879 5.940063 -12.050724
v 12.189879 6.076437 -12.050724
v 12.090116 6.076438 -12.150485
v 12.090116 5.940064 -12.150485
v 11.978682 5.940063 -12.038654
v 11.978682 6.076437 -12.038654
v 10.931820 8.988247 -10.741830
v 10.886683 8.953331 -10.741830
v 10.919691 9.044010 -10.741830
v 10.829410 8.974175 -10.741830
v 10.862414 9.064856 -10.741830
v 10.817280 9.029938 -10.741830
v 10.812307 9.029930 10.751822
v 10.824437 8.974169 10.751823
v 10.857444 9.064849 10.751822
v 10.914717 9.044003 10.751823
v 10.881712 8.953323 10.751823
v 10.926848 8.988239 10.751822
v 10.914717 9.044003 10.751823
v 10.914778 9.044004 10.080150
v 10.857444 9.064849 10.751822
v 10.857507 9.064852 10.080146
v 10.812307 9.029930 10.751822
v 10.857663 9.064852 9.408466
v 10.914936 9.044004 9.408474
v 10.812368 9.029932 10.080140
v 10.824437 8.974169 10.751823
v 10.858053 9.064850 8.065110
v 10.915325 9.044004 8.065121
v 10.812527 9.029932 9.408457
v 10.824500 8.974169 10.080140
v 10.881712 8.953323 10.751823
v 10.858405 9.064848 6.721754
v 10.915676 9.044004 6.721767
v 10.812918 9.029932 8.065099
v 10.824657 8.974169 9.408460
v 10.881775 8.953325 10.080147
v 10.926848 8.988239 10.751822
v 10.813267 9.029930 6.721744
v 10.858708 9.064848 5.378400
v 10.915980 9.044003 5.378412
v 10.825048 8.974169 8.065102
v 10.881932 8.953325 9.408468
v 10.926910 8.988241 10.080151
v 10.914717 9.044003 10.751823
v 10.914778 9.044004 10.080150
v 10.914936 9.044004 9.408474
v 10.927069 8.988241 9.408475
v 10.915325 9.044004 8.065121
v 10.927460 8.988241 8.065125
v 10.915676 9.044004 6.721767
v 10.882322 8.953325 8.065115
v 10.927810 8.988241 6.721771
v 10.915980 9.044003 5.378412
v 10.882672 8.953325 6.721760
v 10.928113 8.988241 5.378416
v 10.916275 9.044003 4.035058
v 10.825398 8.974170 6.721748
v 10.928407 8.988241 4.035062
v 10.916593 9.044004 2.691706
v 10.882975 8.953323 5.378404
v 10.825701 8.974168 5.378391
v 10.928725 8.988241 2.691709
v 10.916902 9.044006 1.348352
v 10.883269 8.953323 4.035051
v 10.813571 9.029930 5.378387
v 10.929033 8.988243 1.348355
v 10.917204 9.044006 0.004999
v 10.825995 8.974169 4.035037
v 10.883587 8.953325 2.691698
v 10.813866 9.029931 4.035034
v 10.929336 8.988243 0.005002
v 10.917510 9.044006 -1.338355
v 10.883898 8.953325 1.348344
v 10.826314 8.974171 2.691684
v 10.859002 9.064850 4.035045
v 10.916275 9.044003 4.035058
v 10.929642 8.988241 -1.338352
v 10.917830 9.044006 -2.681710
v 10.814184 9.029932 2.691682
v 10.859321 9.064850 2.691692
v 10.916593 9.044004 2.691706
v 10.826624 8.974171 1.348331
v 10.884199 8.953325 0.004990
v 10.929963 8.988243 -2.681705
v 10.918141 9.044006 -4.025063
v 10.859630 9.064851 1.348339
v 10.916902 9.044006 1.348352
v 10.814493 9.029934 1.348328
v 10.884504 8.953325 -1.338364
v 10.826924 8.974171 0.004977
v 10.930273 8.988243 -4.025059
v 10.918427 9.044008 -5.368417
v 10.859931 9.064851 0.004984
v 10.917204 9.044006 0.004999
v 10.814795 9.029932 0.004974
v 10.827234 8.974171 -1.338377
v 10.884823 8.953327 -2.681717
v 10.930558 8.988245 -5.368414
v 10.918747 9.044006 -6.711767
v 10.860238 9.064850 -1.338368
v 10.917510 9.044006 -1.338355
v 10.815100 9.029932 -1.338380
v 10.885135 8.953327 -4.025070
v 10.827554 8.974173 -2.681730
v 10.930877 8.988243 -6.711764
v 10.919092 9.044007 -8.055117
v 10.860558 9.064852 -2.681723
v 10.917830 9.044006 -2.681710
v 10.815420 9.029934 -2.681734
v 10.827864 8.974173 -4.025083
v 10.885422 8.953329 -5.368424
v 10.931223 8.988245 -8.055115
v 10.919402 9.044007 -9.398472
v 10.860868 9.064852 -4.025076
v 10.918141 9.044006 -4.025063
v 10.815730 9.029934 -4.025086
v 10.885738 8.953327 -6.711774
v 10.828150 8.974173 -5.368437
v 10.931536 8.988244 -9.398469
v 10.919581 9.044008 -10.070149
v 10.861156 9.064854 -5.368430
v 10.918427 9.044008 -5.368417
v 10.816017 9.029936 -5.368440
v 10.828468 8.974173 -6.711788
v 10.886087 8.953327 -8.055122
v 10.931713 8.988245 -10.070148
v 10.919691 9.044010 -10.741830
v 10.931820 8.988247 -10.741830
v 10.861475 9.064852 -6.711781
v 10.918747 9.044006 -6.711767
v 10.816336 9.029934 -6.711791
v 10.886398 8.953327 -9.398479
v 10.886577 8.953328 -10.070154
v 10.886683 8.953331 -10.741830
v 10.828815 8.974173 -8.055136
v 10.861821 9.064854 -8.055129
v 10.919092 9.044007 -8.055117
v 10.816682 9.029935 -8.055138
v 10.829126 8.974173 -9.398489
v 10.829304 8.974173 -10.070160
v 10.829410 8.974175 -10.741830
v 10.816992 9.029935 -9.398490
v 10.862130 9.064852 -9.398484
v 10.919402 9.044007 -9.398472
v 10.817171 9.029936 -10.070162
v 10.817280 9.029938 -10.741830
v 10.862309 9.064854 -10.070156
v 10.919581 9.044008 -10.070149
v 10.862414 9.064856 -10.741830
v 10.919691 9.044010 -10.741830
v 10.933103 7.508772 -10.741838
v 10.887964 7.473854 -10.741834
v 10.920970 7.564533 -10.741836
v 10.830689 7.494699 -10.741838
v 10.863698 7.585380 -10.741838
v 10.818558 7.550461 -10.741838
v 10.812348 7.545663 10.751825
v 10.824480 7.489902 10.751825
v 10.857487 7.580581 10.751825
v 10.914758 7.559736 10.751827
v 10.881755 7.469057 10.751827
v 10.926892 7.503974 10.751825
v 10.914758 7.559736 10.751827
v 10.914873 7.559820 10.080152
v 10.857487 7.580581 10.751825
v 10.857602 7.580666 10.080149
v 10.812348 7.545663 10.751825
v 10.857801 7.580822 9.408472
v 10.915072 7.559978 9.408479
v 10.812464 7.545748 10.080136
v 10.824480 7.489902 10.751825
v 10.858232 7.581165 8.065116
v 10.915504 7.560321 8.065125
v 10.812663 7.545905 9.408457
v 10.824597 7.489987 10.080132
v 10.881755 7.469057 10.751827
v 10.858665 7.581506 6.721763
v 10.915936 7.560660 6.721775
v 10.813093 7.546248 8.065096
v 10.824793 7.490143 9.408449
v 10.881869 7.469141 10.080136
v 10.926892 7.503974 10.751825
v 10.813526 7.546588 6.721742
v 10.859046 7.581804 5.378407
v 10.916319 7.560960 5.378418
v 10.825227 7.490486 8.065087
v 10.882069 7.469299 9.408457
v 10.927006 7.504059 10.080149
v 10.914758 7.559736 10.751827
v 10.914873 7.559820 10.080152
v 10.915072 7.559978 9.408479
v 10.927206 7.504215 9.408474
v 10.915504 7.560321 8.065125
v 10.927637 7.504559 8.065117
v 10.915936 7.560660 6.721775
v 10.882500 7.469641 8.065098
v 10.928069 7.504899 6.721766
v 10.916319 7.560960 5.378418
v 10.882931 7.469981 6.721744
v 10.928452 7.505197 5.378409
v 10.916706 7.561254 4.035065
v 10.825661 7.490827 6.721734
v 10.928840 7.505491 4.035056
v 10.917100 7.561544 2.691710
v 10.883313 7.470279 5.378387
v 10.826042 7.491125 5.378376
v 10.929234 7.505781 2.691701
v 10.917480 7.561841 1.348358
v 10.883701 7.470575 4.035035
v 10.813908 7.546886 5.378386
v 10.929617 7.506079 1.348348
v 10.917871 7.562136 0.005005
v 10.826429 7.491419 4.035022
v 10.884095 7.470864 2.691681
v 10.814295 7.547181 4.035031
v 10.930003 7.506373 0.004996
v 10.918248 7.562439 -1.338348
v 10.884477 7.471161 1.348328
v 10.826821 7.491709 2.691669
v 10.859436 7.582098 4.035053
v 10.916706 7.561254 4.035065
v 10.930383 7.506677 -1.338358
v 10.918633 7.562728 -2.681703
v 10.814689 7.547471 2.691679
v 10.859827 7.582389 2.691699
v 10.917100 7.561544 2.691710
v 10.827206 7.492005 1.348316
v 10.884866 7.471457 0.004975
v 10.930764 7.506965 -2.681711
v 10.919012 7.563015 -4.025054
v 10.860210 7.582685 1.348347
v 10.917480 7.561841 1.348358
v 10.815072 7.547769 1.348326
v 10.885245 7.471759 -1.338379
v 10.827593 7.492302 0.004964
v 10.931148 7.507253 -4.025064
v 10.919394 7.563306 -5.368408
v 10.860599 7.582981 0.004994
v 10.917871 7.562136 0.005005
v 10.815459 7.548064 0.004974
v 10.827970 7.492605 -1.338390
v 10.885629 7.472048 -2.681731
v 10.931529 7.507544 -5.368415
v 10.919786 7.563604 -6.711760
v 10.860976 7.583283 -1.338360
v 10.918248 7.562439 -1.338348
v 10.815839 7.548366 -1.338380
v 10.886008 7.472334 -4.025084
v 10.828353 7.492893 -2.681742
v 10.931918 7.507842 -6.711769
v 10.920172 7.563911 -8.055110
v 10.861359 7.583572 -2.681714
v 10.918633 7.562728 -2.681703
v 10.816220 7.548656 -2.681735
v 10.828734 7.493180 -4.025095
v 10.886389 7.472628 -5.368436
v 10.932306 7.508149 -8.055120
v 10.920589 7.564246 -9.398467
v 10.861739 7.583859 -4.025065
v 10.919012 7.563015 -4.025054
v 10.816600 7.548942 -4.025085
v 10.886782 7.472925 -6.711790
v 10.829115 7.493472 -5.368449
v 10.932722 7.508484 -9.398475
v 10.920827 7.564430 -10.070148
v 10.862123 7.584150 -5.368419
v 10.919394 7.563306 -5.368408
v 10.816986 7.549233 -5.368440
v 10.829507 7.493770 -6.711801
v 10.887167 7.473232 -8.055139
v 10.932961 7.508668 -10.070151
v 10.920970 7.564533 -10.741836
v 10.933103 7.508772 -10.741838
v 10.862513 7.584449 -6.711771
v 10.919786 7.563604 -6.711760
v 10.817373 7.549532 -6.711791
v 10.887587 7.473566 -9.398494
v 10.887823 7.473751 -10.070165
v 10.887964 7.473854 -10.741834
v 10.829892 7.494077 -8.055151
v 10.862900 7.584755 -8.055121
v 10.920172 7.563911 -8.055110
v 10.817761 7.549839 -8.055143
v 10.830315 7.494412 -9.398502
v 10.830548 7.494596 -10.070172
v 10.830689 7.494699 -10.741838
v 10.818178 7.550173 -9.398496
v 10.863318 7.585091 -9.398477
v 10.920589 7.564246 -9.398467
v 10.818419 7.550358 -10.070168
v 10.818558 7.550461 -10.741838
v 10.863555 7.585276 -10.070154
v 10.920827 7.564430 -10.070148
v 10.863698 7.585380 -10.741838
v 10.920970 7.564533 -10.741836
v 10.933002 5.999186 -10.741838
v 10.887867 5.964270 -10.741838
v 10.920869 6.054950 -10.741838
v 10.830592 5.985115 -10.741838
v 10.863599 6.075793 -10.741838
v 10.818460 6.040876 -10.741838
v 10.812331 6.040870 10.751822
v 10.824465 5.985108 10.751822
v 10.857470 6.075788 10.751822
v 10.914741 6.054942 10.751822
v 10.881738 5.964263 10.751820
v 10.926874 5.999180 10.751820
v 10.914741 6.054942 10.751822
v 10.914853 6.054942 10.080147
v 10.857470 6.075788 10.751822
v 10.857582 6.075788 10.080138
v 10.812331 6.040870 10.751822
v 10.857770 6.075787 9.408458
v 10.915042 6.054942 9.408469
v 10.812444 6.040870 10.080132
v 10.824465 5.985108 10.751822
v 10.858259 6.075788 8.065100
v 10.915531 6.054942 8.065116
v 10.812631 6.040870 9.408448
v 10.824577 5.985108 10.080132
v 10.881738 5.964263 10.751820
v 10.858637 6.075788 6.721749
v 10.915908 6.054944 6.721766
v 10.813123 6.040871 8.065087
v 10.824765 5.985108 9.408451
v 10.881850 5.964263 10.080141
v 10.926874 5.999180 10.751820
v 10.813499 6.040871 6.721736
v 10.859016 6.075789 5.378396
v 10.916288 6.054944 5.378414
v 10.825255 5.985108 8.065091
v 10.882037 5.964262 9.408464
v 10.926987 5.999180 10.080147
v 10.914741 6.054942 10.751822
v 10.914853 6.054942 10.080147
v 10.915042 6.054942 9.408469
v 10.927176 5.999180 9.408472
v 10.915531 6.054942 8.065116
v 10.927665 5.999180 8.065120
v 10.915908 6.054944 6.721766
v 10.882528 5.964263 8.065109
v 10.928041 5.999181 6.721767
v 10.916288 6.054944 5.378414
v 10.882905 5.964263 6.721756
v 10.928422 5.999181 5.378415
v 10.916668 6.054945 4.035058
v 10.825633 5.985108 6.721738
v 10.928802 5.999182 4.035060
v 10.917045 6.054945 2.691703
v 10.883284 5.964265 5.378404
v 10.826013 5.985110 5.378386
v 10.929180 5.999183 2.691707
v 10.917406 6.054946 1.348351
v 10.883662 5.964265 4.035048
v 10.813877 6.040872 5.378384
v 10.929540 5.999184 1.348355
v 10.917805 6.054947 0.004999
v 10.826392 5.985111 4.035031
v 10.884041 5.964265 2.691694
v 10.814260 6.040872 4.035028
v 10.929938 5.999185 0.005002
v 10.918196 6.054947 -1.338356
v 10.884401 5.964268 1.348342
v 10.826770 5.985111 2.691678
v 10.859396 6.075790 4.035041
v 10.916668 6.054945 4.035058
v 10.930327 5.999185 -1.338352
v 10.918564 6.054947 -2.681709
v 10.814636 6.040872 2.691676
v 10.859774 6.075790 2.691688
v 10.917045 6.054945 2.691703
v 10.827132 5.985112 1.348325
v 10.884803 5.964268 0.004989
v 10.930696 5.999185 -2.681705
v 10.918936 6.054947 -4.025062
v 10.860134 6.075791 1.348335
v 10.917406 6.054946 1.348351
v 10.814996 6.040874 1.348321
v 10.885193 5.964268 -1.338365
v 10.827530 5.985113 0.004971
v 10.931069 5.999186 -4.025057
v 10.919316 6.054949 -5.368413
v 10.860534 6.075793 0.004982
v 10.917805 6.054947 0.004999
v 10.815396 6.040874 0.004967
v 10.827916 5.985113 -1.338381
v 10.885560 5.964268 -2.681719
v 10.931446 5.999186 -5.368412
v 10.919694 6.054949 -6.711769
v 10.860925 6.075793 -1.338372
v 10.918196 6.054947 -1.338356
v 10.815784 6.040875 -1.338385
v 10.885934 5.964267 -4.025070
v 10.828286 5.985113 -2.681734
v 10.931829 5.999186 -6.711763
v 10.920122 6.054949 -8.055122
v 10.861293 6.075792 -2.681724
v 10.918564 6.054947 -2.681709
v 10.816152 6.040875 -2.681738
v 10.828659 5.985113 -4.025085
v 10.886312 5.964269 -5.368423
v 10.932258 5.999186 -8.055121
v 10.920545 6.054949 -9.398480
v 10.861663 6.075793 -4.025076
v 10.918936 6.054947 -4.025062
v 10.816525 6.040875 -4.025090
v 10.886693 5.964269 -6.711778
v 10.829037 5.985114 -5.368441
v 10.932676 5.999187 -9.398477
v 10.920748 6.054949 -10.070156
v 10.862042 6.075793 -5.368431
v 10.919316 6.054949 -5.368413
v 10.816904 6.040875 -5.368443
v 10.829418 5.985114 -6.711792
v 10.887120 5.964270 -8.055131
v 10.932881 5.999187 -10.070153
v 10.920869 6.054950 -10.741838
v 10.933002 5.999186 -10.741838
v 10.862425 6.075794 -6.711782
v 10.919694 6.054949 -6.711769
v 10.817286 6.040876 -6.711797
v 10.887543 5.964270 -9.398486
v 10.887745 5.964270 -10.070160
v 10.887867 5.964270 -10.741838
v 10.829847 5.985115 -8.055146
v 10.862854 6.075794 -8.055139
v 10.920122 6.054949 -8.055122
v 10.817713 6.040877 -8.055151
v 10.830267 5.985115 -9.398498
v 10.830471 5.985114 -10.070168
v 10.830592 5.985115 -10.741838
v 10.818132 6.040876 -9.398503
v 10.863274 6.075795 -9.398494
v 10.920545 6.054949 -9.398480
v 10.818338 6.040877 -10.070173
v 10.818460 6.040876 -10.741838
v 10.863478 6.075794 -10.070164
v 10.920748 6.054949 -10.070156
v 10.863599 6.075793 -10.741838
v 10.920869 6.054950 -10.741838
v 12.485847 9.207029 -12.062645
v 12.366096 9.207029 -11.978822
v 12.485847 -0.222404 -12.062650
v 12.366093 -0.222404 -11.978826
v 12.220476 9.207029 -11.966060
v 12.220475 -0.222404 -11.966065
v 12.087964 9.207029 -12.027852
v 12.087961 -0.222404 -12.027856
v 12.004139 9.207029 -12.147601
v 12.004138 -0.222404 -12.147606
v 11.991379 9.207029 -12.293221
v 11.991378 -0.222404 -12.293226
v 12.053169 9.207029 -12.425732
v 12.053171 -0.222404 -12.425736
v 12.172785 9.207029 -12.509936
v 12.172785 -0.222404 -12.509941
v 12.318540 9.207029 -12.522317
v 12.318538 -0.222404 -12.522323
v 12.451050 9.207029 -12.460528
v 12.451049 -0.222404 -12.460533
v 12.534876 9.207029 -12.340775
v 12.534876 -0.222404 -12.340780
v 12.547637 9.207029 -12.195158
v 12.547635 -0.222404 -12.195163
v 12.485847 9.207029 -12.062645
v 12.485847 -0.222404 -12.062650
v 12.087964 9.207029 -12.027852
v 12.269506 9.207029 -12.244189
v 12.004139 9.207029 -12.147601
v 11.991379 9.207029 -12.293221
v 12.220476 9.207029 -11.966060
v 12.053169 9.207029 -12.425732
v 12.366096 9.207029 -11.978822
v 12.172785 9.207029 -12.509936
v 12.485847 9.207029 -12.062645
v 12.318540 9.207029 -12.522317
v 12.547637 9.207029 -12.195158
v 12.451050 9.207029 -12.460528
v 12.534876 9.207029 -12.340775
vt 0.938933 0.978354
vt 0.939070 0.827163
vt 0.939070 0.870115
vt 0.943234 0.827163
vt 0.943234 0.870115
vt 0.947399 0.827163
vt 0.947399 0.827163
vt 0.947399 0.870115
vt 0.947399 0.870115
vt 0.945324 0.870115
vt 0.943234 0.870115
vt 0.941143 0.870115
vt 0.939070 0.870115
vt 0.934899 0.978356
vt 0.943234 0.827163
vt 0.936979 0.870115
vt 0.934899 0.870115
vt 0.938933 0.978354
vt 0.932818 0.870115
vt 0.930728 0.870115
vt 0.955756 0.870115
vt 0.951581 0.870115
vt 0.951581 0.827163
vt 0.951581 0.827163
vt 0.955756 0.827163
vt 0.934900 0.986968
vt 0.951581 0.870115
vt 0.955756 0.870115
vt 0.953664 0.870115
vt 0.951581 0.870115
vt 0.995519 0.946562
vt 0.993641 0.952309
vt 0.993645 0.952287
vt 0.938933 0.978354
vt 0.939070 0.827163
vt 0.939070 0.870115
vt 0.943234 0.827163
vt 0.943234 0.870115
vt 0.947399 0.827163
vt 0.947399 0.870115
vt 0.947399 0.870115
vt 0.945324 0.870115
vt 0.943234 0.870115
vt 0.941143 0.870115
vt 0.939070 0.870115
vt 0.934899 0.978356
vt 0.943234 0.827163
vt 0.936979 0.870115
vt 0.934899 0.870115
vt 0.938933 0.978354
vt 0.932818 0.870115
vt 0.930728 0.870115
vt 0.955756 0.870115
vt 0.953664 0.870115
vt 0.951581 0.870115
vt 0.949496 0.870115
vt 0.934900 0.986968
vt 0.951581 0.827163
vt 0.949496 0.870115
vt 0.947399 0.870115
vt 0.934900 0.986968
vt 0.938935 0.986968
vt 0.940959 0.982662
vt 0.934899 0.978356
vt 0.938933 0.978354
vt 0.932889 0.982662
vt 0.995519 0.946562
vt 0.993641 0.952309
vt 0.993645 0.952287
vt 0.938933 0.978354
vt 0.939070 0.827163
vt 0.939070 0.870115
vt 0.943234 0.827163
vt 0.943234 0.870115
vt 0.947399 0.827163
vt 0.947399 0.870115
vt 0.947399 0.870115
vt 0.945324 0.870115
vt 0.943234 0.870115
vt 0.941143 0.870115
vt 0.939070 0.870115
vt 0.934899 0.978356
vt 0.943234 0.827163
vt 0.936979 0.870115
vt 0.934899 0.870115
vt 0.938933 0.978354
vt 0.932818 0.870115
vt 0.930728 0.870115
vt 0.955756 0.870115
vt 0.953664 0.870115
vt 0.951581 0.870115
vt 0.949496 0.870115
vt 0.934900 0.986968
vt 0.951581 0.827163
vt 0.949496 0.870115
vt 0.947399 0.870115
vt 0.934900 0.986968
vt 0.938935 0.986968
vt 0.940959 0.982662
vt 0.934899 0.978356
vt 0.938933 0.978354
vt 0.932889 0.982662
vt 0.995519 0.946562
vt 0.993641 0.952309
vt 0.993645 0.952287
vt 0.930728 0.827163
vt 0.934899 0.827163
vt 0.934899 0.870115
vt 0.930728 0.870115
vt 0.960773 0.858325
vt 0.962503 0.858325
vt 0.960773 0.871057
vt 0.962505 0.871057
vt 0.964222 0.858325
vt 0.964223 0.871057
vt 0.965928 0.858325
vt 0.965940 0.871057
vt 0.967654 0.858325
vt 0.967654 0.871057
vt 0.969375 0.858325
vt 0.969374 0.871057
vt 0.971084 0.858325
vt 0.971084 0.871057
vt 0.960785 0.831517
vt 0.962508 0.831517
vt 0.960785 0.851561
vt 0.962508 0.851561
vt 0.964226 0.831517
vt 0.964226 0.851561
vt 0.965941 0.831517
vt 0.965941 0.851561
vt 0.967653 0.831517
vt 0.967653 0.851561
vt 0.969372 0.831517
vt 0.969372 0.851561
vt 0.971091 0.831517
vt 0.971091 0.851561
vt 0.940959 0.982662
vt 0.934899 0.978356
vt 0.938933 0.978354
vt 0.934900 0.986968
vt 0.938935 0.986968
vt 0.932889 0.982662
vt 0.951581 0.870115
vt 0.949496 0.870115
vt 0.947399 0.870115
vt 0.940371 0.968480
vt 0.939824 0.970971
vt 0.939824 0.965991
vt 0.936336 0.963513
vt 0.938361 0.964176
vt 0.932852 0.970974
vt 0.936339 0.973460
vt 0.938363 0.972787
vt 0.934329 0.972789
vt 0.932852 0.965994
vt 0.932303 0.968483
vt 0.934326 0.964178
vt 0.947239 0.876395
vt 0.950702 0.879853
vt 0.945162 0.885649
vt 0.949343 0.886448
vt 0.972192 0.879737
vt 0.948673 0.895262
vt 0.944395 0.895013
vt 0.948636 0.905455
vt 0.973599 0.886318
vt 0.974335 0.895124
vt 0.977771 0.885471
vt 0.975626 0.876241
vt 0.978610 0.894823
vt 0.978843 0.905250
vt 0.974455 0.905318
vt 0.978843 0.905250
vt 0.974456 0.919598
vt 0.978829 0.920365
vt 0.948773 0.919725
vt 0.944247 0.905441
vt 0.944395 0.895013
vt 0.944398 0.920546
vt 0.974166 0.932185
vt 0.977896 0.931961
vt 0.949182 0.932284
vt 0.974640 0.945778
vt 0.984904 0.932109
vt 0.979156 0.944952
vt 0.985434 0.922099
vt 0.986034 0.913784
vt 0.992085 0.915900
vt 0.993834 0.921891
vt 0.991460 0.929535
vt 0.986166 0.943452
vt 0.991692 0.933174
vt 0.995519 0.946562
vt 0.993645 0.952287
vt 0.991049 0.954381
vt 0.986126 0.953319
vt 0.979052 0.959903
vt 0.974667 0.959718
vt 0.978870 0.968615
vt 0.948791 0.945865
vt 0.945455 0.932106
vt 0.948834 0.959764
vt 0.974557 0.971033
vt 0.978870 0.968615
vt 0.978833 0.973201
vt 0.944272 0.945082
vt 0.938327 0.932372
vt 0.937631 0.922416
vt 0.937115 0.914104
vt 0.931099 0.916314
vt 0.931878 0.929885
vt 0.929418 0.922310
vt 0.931099 0.916314
vt 0.937161 0.943708
vt 0.931654 0.933421
vt 0.937361 0.953516
vt 0.927925 0.946858
vt 0.931143 0.953600
vt 0.947575 0.997916
vt 0.945147 0.982465
vt 0.951239 0.995271
vt 0.949341 0.982485
vt 0.972257 0.995256
vt 0.948937 0.971103
vt 0.944648 0.971152
vt 0.974149 0.982460
vt 0.978340 0.982457
vt 0.975925 0.997897
vt 0.978850 0.973912
vt 0.978833 0.973201
vt 0.944455 0.959936
vt 0.944272 0.945082
vt 0.944648 0.971152
vt 0.937069 0.807993
vt 0.937049 0.814077
vt 0.931533 0.814063
vt 0.931551 0.807979
vt 0.947331 0.814135
vt 0.941816 0.814099
vt 0.941834 0.808015
vt 0.947349 0.808051
vt 0.941816 0.814099
vt 0.937049 0.814077
vt 0.937069 0.807993
vt 0.941834 0.808015
vt 0.941834 0.808015
vt 0.937069 0.807993
vt 0.937088 0.801184
vt 0.941853 0.801206
vt 0.941793 0.820908
vt 0.937028 0.820886
vt 0.937049 0.814077
vt 0.941816 0.814099
vt 0.951581 0.827163
vt 0.955756 0.827163
vt 0.955756 0.870115
vt 0.951581 0.870115
vt 0.949496 0.870115
vt 0.930728 0.827163
vt 0.934899 0.827163
vt 0.934899 0.870115
vt 0.930728 0.870115
vt 0.960773 0.858325
vt 0.962503 0.858325
vt 0.960773 0.871057
vt 0.962505 0.871057
vt 0.964222 0.858325
vt 0.964223 0.871057
vt 0.965928 0.858325
vt 0.965940 0.871057
vt 0.967654 0.858325
vt 0.967654 0.871057
vt 0.969375 0.858325
vt 0.969374 0.871057
vt 0.971084 0.858325
vt 0.971084 0.871057
vt 0.960785 0.831517
vt 0.962508 0.831517
vt 0.960785 0.851561
vt 0.962508 0.851561
vt 0.964226 0.831517
vt 0.964226 0.851561
vt 0.965941 0.831517
vt 0.965941 0.851561
vt 0.967653 0.831517
vt 0.967653 0.851561
vt 0.969372 0.831517
vt 0.969372 0.851561
vt 0.971091 0.831517
vt 0.971091 0.851561
vt 0.940371 0.968480
vt 0.939824 0.970971
vt 0.939824 0.965991
vt 0.936336 0.963513
vt 0.938361 0.964176
vt 0.932852 0.970974
vt 0.936339 0.973460
vt 0.938363 0.972787
vt 0.934329 0.972789
vt 0.932852 0.965994
vt 0.932303 0.968483
vt 0.934326 0.964178
vt 0.947239 0.876395
vt 0.950702 0.879853
vt 0.945162 0.885649
vt 0.949343 0.886448
vt 0.972192 0.879737
vt 0.948673 0.895262
vt 0.944395 0.895013
vt 0.948636 0.905455
vt 0.973599 0.886318
vt 0.974335 0.895124
vt 0.977771 0.885471
vt 0.975626 0.876241
vt 0.978610 0.894823
vt 0.978843 0.905250
vt 0.974455 0.905318
vt 0.978843 0.905250
vt 0.974456 0.919598
vt 0.978829 0.920365
vt 0.948773 0.919725
vt 0.944247 0.905441
vt 0.944395 0.895013
vt 0.944398 0.920546
vt 0.974166 0.932185
vt 0.977896 0.931961
vt 0.949182 0.932284
vt 0.974640 0.945778
vt 0.984904 0.932109
vt 0.979156 0.944952
vt 0.985434 0.922099
vt 0.986034 0.913784
vt 0.992085 0.915900
vt 0.993834 0.921891
vt 0.991460 0.929535
vt 0.986166 0.943452
vt 0.991692 0.933174
vt 0.995519 0.946562
vt 0.993645 0.952287
vt 0.991049 0.954381
vt 0.986126 0.953319
vt 0.979052 0.959903
vt 0.974667 0.959718
vt 0.978870 0.968615
vt 0.948791 0.945865
vt 0.945455 0.932106
vt 0.948834 0.959764
vt 0.974557 0.971033
vt 0.978870 0.968615
vt 0.978833 0.973201
vt 0.944272 0.945082
vt 0.938327 0.932372
vt 0.937631 0.922416
vt 0.937115 0.914104
vt 0.931099 0.916314
vt 0.931878 0.929885
vt 0.929418 0.922310
vt 0.931099 0.916314
vt 0.937161 0.943708
vt 0.931654 0.933421
vt 0.937361 0.953516
vt 0.927925 0.946858
vt 0.931143 0.953600
vt 0.947575 0.997916
vt 0.945147 0.982465
vt 0.951239 0.995271
vt 0.949341 0.982485
vt 0.972257 0.995256
vt 0.948937 0.971103
vt 0.944648 0.971152
vt 0.974149 0.982460
vt 0.978340 0.982457
vt 0.975925 0.997897
vt 0.978850 0.973912
vt 0.978833 0.973201
vt 0.944455 0.959936
vt 0.944272 0.945082
vt 0.944648 0.971152
vt 0.937069 0.807993
vt 0.937049 0.814077
vt 0.931533 0.814063
vt 0.931551 0.807979
vt 0.947331 0.814135
vt 0.941816 0.814099
vt 0.941834 0.808015
vt 0.947349 0.808051
vt 0.941816 0.814099
vt 0.937049 0.814077
vt 0.937069 0.807993
vt 0.941834 0.808015
vt 0.941834 0.808015
vt 0.937069 0.807993
vt 0.937088 0.801184
vt 0.941853 0.801206
vt 0.941793 0.820908
vt 0.937028 0.820886
vt 0.937049 0.814077
vt 0.941816 0.814099
vt 0.951581 0.827163
vt 0.955756 0.827163
vt 0.955756 0.870115
vt 0.951581 0.870115
vt 0.949496 0.870115
vt 0.930728 0.827163
vt 0.934899 0.827163
vt 0.934899 0.870115
vt 0.930728 0.870115
vt 0.960773 0.858325
vt 0.962503 0.858325
vt 0.960773 0.871057
vt 0.962505 0.871057
vt 0.964222 0.858325
vt 0.964223 0.871057
vt 0.965928 0.858325
vt 0.965940 0.871057
vt 0.967654 0.858325
vt 0.967654 0.871057
vt 0.969375 0.858325
vt 0.969374 0.871057
vt 0.971084 0.858325
vt 0.971084 0.871057
vt 0.960785 0.831517
vt 0.962508 0.831517
vt 0.960785 0.851561
vt 0.962508 0.851561
vt 0.964226 0.831517
vt 0.964226 0.851561
vt 0.965941 0.831517
vt 0.965941 0.851561
vt 0.967653 0.831517
vt 0.967653 0.851561
vt 0.969372 0.831517
vt 0.969372 0.851561
vt 0.971091 0.831517
vt 0.971091 0.851561
vt 0.940371 0.968480
vt 0.939824 0.970971
vt 0.939824 0.965991
vt 0.936336 0.963513
vt 0.938361 0.964176
vt 0.932852 0.970974
vt 0.936339 0.973460
vt 0.938363 0.972787
vt 0.934329 0.972789
vt 0.932852 0.965994
vt 0.932303 0.968483
vt 0.934326 0.964178
vt 0.947239 0.876395
vt 0.950702 0.879853
vt 0.945162 0.885649
vt 0.949343 0.886448
vt 0.972192 0.879737
vt 0.948673 0.895262
vt 0.944395 0.895013
vt 0.948636 0.905455
vt 0.973599 0.886318
vt 0.974335 0.895124
vt 0.977771 0.885471
vt 0.975626 0.876241
vt 0.978610 0.894823
vt 0.978843 0.905250
vt 0.974455 0.905318
vt 0.978843 0.905250
vt 0.974456 0.919598
vt 0.978829 0.920365
vt 0.948773 0.919725
vt 0.944247 0.905441
vt 0.944395 0.895013
vt 0.944398 0.920546
vt 0.974166 0.932185
vt 0.977896 0.931961
vt 0.949182 0.932284
vt 0.974640 0.945778
vt 0.984904 0.932109
vt 0.979156 0.944952
vt 0.985434 0.922099
vt 0.986034 0.913784
vt 0.992085 0.915900
vt 0.993834 0.921891
vt 0.991460 0.929535
vt 0.986166 0.943452
vt 0.991692 0.933174
vt 0.995519 0.946562
vt 0.993645 0.952287
vt 0.991049 0.954381
vt 0.986126 0.953319
vt 0.979052 0.959903
vt 0.974667 0.959718
vt 0.978870 0.968615
vt 0.948791 0.945865
vt 0.945455 0.932106
vt 0.948834 0.959764
vt 0.974557 0.971033
vt 0.978870 0.968615
vt 0.978833 0.973201
vt 0.944272 0.945082
vt 0.938327 0.932372
vt 0.937631 0.922416
vt 0.937115 0.914104
vt 0.931099 0.916314
vt 0.931878 0.929885
vt 0.929418 0.922310
vt 0.931099 0.916314
vt 0.937161 0.943708
vt 0.931654 0.933421
vt 0.937361 0.953516
vt 0.927925 0.946858
vt 0.931143 0.953600
vt 0.947575 0.997916
vt 0.945147 0.982465
vt 0.951239 0.995271
vt 0.949341 0.982485
vt 0.972257 0.995256
vt 0.948937 0.971103
vt 0.944648 0.971152
vt 0.974149 0.982460
vt 0.978340 0.982457
vt 0.975925 0.997897
vt 0.978850 0.973912
vt 0.978833 0.973201
vt 0.944455 0.959936
vt 0.944272 0.945082
vt 0.944648 0.971152
vt 0.937069 0.807993
vt 0.937049 0.814077
vt 0.931533 0.814063
vt 0.931551 0.807979
vt 0.947331 0.814135
vt 0.941816 0.814099
vt 0.941834 0.808015
vt 0.947349 0.808051
vt 0.941816 0.814099
vt 0.937049 0.814077
vt 0.937069 0.807993
vt 0.941834 0.808015
vt 0.941834 0.808015
vt 0.937069 0.807993
vt 0.937088 0.801184
vt 0.941853 0.801206
vt 0.941793 0.820908
vt 0.937028 0.820886
vt 0.937049 0.814077
vt 0.941816 0.814099
vt 0.943671 0.886919
vt 0.942155 0.889888
vt 0.942151 0.883954
vt 0.939119 0.889892
vt 0.939115 0.883958
vt 0.937598 0.886925
vt 0.943828 0.877257
vt 0.942312 0.880226
vt 0.942308 0.874292
vt 0.939271 0.874295
vt 0.939275 0.880229
vt 0.937755 0.877264
vt 0.005601 0.023671
vt 0.024490 0.023671
vt 0.005601 0.027419
vt 0.024490 0.027419
vt 0.005601 0.030922
vt 0.043379 0.027419
vt 0.043379 0.023671
vt 0.024490 0.030922
vt 0.005601 0.034412
vt 0.118912 0.027419
vt 0.118912 0.023671
vt 0.043379 0.030921
vt 0.024490 0.034412
vt 0.005601 0.038146
vt 0.155021 0.027419
vt 0.155021 0.023671
vt 0.118912 0.030921
vt 0.043379 0.034412
vt 0.024490 0.038146
vt 0.005601 0.041653
vt 0.155021 0.030921
vt 0.193900 0.027419
vt 0.193900 0.023671
vt 0.118912 0.034412
vt 0.043379 0.038146
vt 0.024490 0.041653
vt 0.005601 0.045162
vt 0.024490 0.045162
vt 0.043379 0.045162
vt 0.043379 0.041653
vt 0.118912 0.045162
vt 0.118912 0.041653
vt 0.155021 0.045162
vt 0.118912 0.038146
vt 0.155021 0.041653
vt 0.193900 0.045162
vt 0.155021 0.038146
vt 0.193900 0.041653
vt 0.231394 0.045162
vt 0.155021 0.034412
vt 0.231394 0.041653
vt 0.306750 0.045162
vt 0.193900 0.038146
vt 0.193900 0.034412
vt 0.306750 0.041653
vt 0.345629 0.045162
vt 0.231394 0.038146
vt 0.193900 0.030921
vt 0.345629 0.041653
vt 0.383123 0.045162
vt 0.231394 0.034412
vt 0.306750 0.038146
vt 0.231394 0.030921
vt 0.383123 0.041653
vt 0.422695 0.045162
vt 0.345629 0.038146
vt 0.306750 0.034412
vt 0.231394 0.027419
vt 0.231394 0.023671
vt 0.422695 0.041653
vt 0.496748 0.045162
vt 0.306750 0.030921
vt 0.306750 0.027419
vt 0.306750 0.023671
vt 0.345629 0.034412
vt 0.383123 0.038146
vt 0.496748 0.041653
vt 0.534419 0.045162
vt 0.345629 0.027419
vt 0.345629 0.023671
vt 0.345629 0.030921
vt 0.422695 0.038146
vt 0.383123 0.034412
vt 0.534419 0.041653
vt 0.571884 0.045162
vt 0.383123 0.027419
vt 0.383123 0.023671
vt 0.383123 0.030921
vt 0.422695 0.034412
vt 0.496748 0.038146
vt 0.571884 0.041653
vt 0.647631 0.045162
vt 0.422695 0.027419
vt 0.422695 0.023671
vt 0.422695 0.030921
vt 0.534419 0.038146
vt 0.496748 0.034412
vt 0.647631 0.041653
vt 0.685364 0.045162
vt 0.496748 0.027419
vt 0.496748 0.023671
vt 0.496748 0.030920
vt 0.534419 0.034412
vt 0.571884 0.038146
vt 0.685364 0.041653
vt 0.722870 0.045162
vt 0.534419 0.027419
vt 0.534419 0.023671
vt 0.534419 0.030920
vt 0.647631 0.038146
vt 0.571884 0.034412
vt 0.722870 0.041653
vt 0.741758 0.045162
vt 0.571884 0.027419
vt 0.571884 0.023671
vt 0.571884 0.030920
vt 0.647631 0.034412
vt 0.685364 0.038146
vt 0.741758 0.041653
vt 0.760645 0.045162
vt 0.760645 0.041653
vt 0.647631 0.027419
vt 0.647631 0.023671
vt 0.647631 0.030920
vt 0.722870 0.038146
vt 0.741758 0.038146
vt 0.760645 0.038146
vt 0.685364 0.034412
vt 0.685364 0.027419
vt 0.685364 0.023671
vt 0.685364 0.030920
vt 0.722870 0.034412
vt 0.741758 0.034412
vt 0.760645 0.034412
vt 0.722870 0.030920
vt 0.722870 0.027419
vt 0.722870 0.023671
vt 0.741758 0.030920
vt 0.760645 0.030920
vt 0.741758 0.027419
vt 0.741758 0.023671
vt 0.760645 0.027419
vt 0.760645 0.023671
vt 0.943671 0.886919
vt 0.942155 0.889888
vt 0.942151 0.883954
vt 0.939119 0.889892
vt 0.939115 0.883958
vt 0.937598 0.886925
vt 0.943828 0.877257
vt 0.942312 0.880226
vt 0.942308 0.874292
vt 0.939271 0.874295
vt 0.939275 0.880229
vt 0.937755 0.877264
vt 0.005601 0.023671
vt 0.024490 0.023671
vt 0.005601 0.027419
vt 0.024490 0.027419
vt 0.005601 0.030922
vt 0.043379 0.027419
vt 0.043379 0.023671
vt 0.024490 0.030922
vt 0.005601 0.034412
vt 0.118912 0.027419
vt 0.118912 0.023671
vt 0.043379 0.030921
vt 0.024490 0.034412
vt 0.005601 0.038146
vt 0.155021 0.027419
vt 0.155021 0.023671
vt 0.118912 0.030921
vt 0.043379 0.034412
vt 0.024490 0.038146
vt 0.005601 0.041653
vt 0.155021 0.030921
vt 0.193900 0.027419
vt 0.193900 0.023671
vt 0.118912 0.034412
vt 0.043379 0.038146
vt 0.024490 0.041653
vt 0.005601 0.045162
vt 0.024490 0.045162
vt 0.043379 0.045162
vt 0.043379 0.041653
vt 0.118912 0.045162
vt 0.118912 0.041653
vt 0.155021 0.045162
vt 0.118912 0.038146
vt 0.155021 0.041653
vt 0.193900 0.045162
vt 0.155021 0.038146
vt 0.193900 0.041653
vt 0.231394 0.045162
vt 0.155021 0.034412
vt 0.231394 0.041653
vt 0.306750 0.045162
vt 0.193900 0.038146
vt 0.193900 0.034412
vt 0.306750 0.041653
vt 0.345629 0.045162
vt 0.231394 0.038146
vt 0.193900 0.030921
vt 0.345629 0.041653
vt 0.383123 0.045162
vt 0.231394 0.034412
vt 0.306750 0.038146
vt 0.231394 0.030921
vt 0.383123 0.041653
vt 0.422695 0.045162
vt 0.345629 0.038146
vt 0.306750 0.034412
vt 0.231394 0.027419
vt 0.231394 0.023671
vt 0.422695 0.041653
vt 0.496748 0.045162
vt 0.306750 0.030921
vt 0.306750 0.027419
vt 0.306750 0.023671
vt 0.345629 0.034412
vt 0.383123 0.038146
vt 0.496748 0.041653
vt 0.534419 0.045162
vt 0.345629 0.027419
vt 0.345629 0.023671
vt 0.345629 0.030921
vt 0.422695 0.038146
vt 0.383123 0.034412
vt 0.534419 0.041653
vt 0.571884 0.045162
vt 0.383123 0.027419
vt 0.383123 0.023671
vt 0.383123 0.030921
vt 0.422695 0.034412
vt 0.496748 0.038146
vt 0.571884 0.041653
vt 0.647631 0.045162
vt 0.422695 0.027419
vt 0.422695 0.023671
vt 0.422695 0.030921
vt 0.534419 0.038146
vt 0.496748 0.034412
vt 0.647631 0.041653
vt 0.685364 0.045162
vt 0.496748 0.027419
vt 0.496748 0.023671
vt 0.496748 0.030920
vt 0.534419 0.034412
vt 0.571884 0.038146
vt 0.685364 0.041653
vt 0.722870 0.045162
vt 0.534419 0.027419
vt 0.534419 0.023671
vt 0.534419 0.030920
vt 0.647631 0.038146
vt 0.571884 0.034412
vt 0.722870 0.041653
vt 0.741758 0.045162
vt 0.571884 0.027419
vt 0.571884 0.023671
vt 0.571884 0.030920
vt 0.647631 0.034412
vt 0.685364 0.038146
vt 0.741758 0.041653
vt 0.760645 0.045162
vt 0.760645 0.041653
vt 0.647631 0.027419
vt 0.647631 0.023671
vt 0.647631 0.030920
vt 0.722870 0.038146
vt 0.741758 0.038146
vt 0.760645 0.038146
vt 0.685364 0.034412
vt 0.685364 0.027419
vt 0.685364 0.023671
vt 0.685364 0.030920
vt 0.722870 0.034412
vt 0.741758 0.034412
vt 0.760645 0.034412
vt 0.722870 0.030920
vt 0.722870 0.027419
vt 0.722870 0.023671
vt 0.741758 0.030920
vt 0.760645 0.030920
vt 0.741758 0.027419
vt 0.741758 0.023671
vt 0.760645 0.027419
vt 0.760645 0.023671
vt 0.943671 0.886919
vt 0.942155 0.889888
vt 0.942151 0.883954
vt 0.939119 0.889892
vt 0.939115 0.883958
vt 0.937598 0.886925
vt 0.943828 0.877257
vt 0.942312 0.880226
vt 0.942308 0.874292
vt 0.939271 0.874295
vt 0.939275 0.880229
vt 0.937755 0.877264
vt 0.005601 0.023671
vt 0.024490 0.023671
vt 0.005601 0.027419
vt 0.024490 0.027419
vt 0.005601 0.030922
vt 0.043379 0.027419
vt 0.043379 0.023671
vt 0.024490 0.030922
vt 0.005601 0.034412
vt 0.118912 0.027419
vt 0.118912 0.023671
vt 0.043379 0.030921
vt 0.024490 0.034412
vt 0.005601 0.038146
vt 0.155021 0.027419
vt 0.155021 0.023671
vt 0.118912 0.030921
vt 0.043379 0.034412
vt 0.024490 0.038146
vt 0.005601 0.041653
vt 0.155021 0.030921
vt 0.193900 0.027419
vt 0.193900 0.023671
vt 0.118912 0.034412
vt 0.043379 0.038146
vt 0.024490 0.041653
vt 0.005601 0.045162
vt 0.024490 0.045162
vt 0.043379 0.045162
vt 0.043379 0.041653
vt 0.118912 0.045162
vt 0.118912 0.041653
vt 0.155021 0.045162
vt 0.118912 0.038146
vt 0.155021 0.041653
vt 0.193900 0.045162
vt 0.155021 0.038146
vt 0.193900 0.041653
vt 0.231394 0.045162
vt 0.155021 0.034412
vt 0.231394 0.041653
vt 0.306750 0.045162
vt 0.193900 0.038146
vt 0.193900 0.034412
vt 0.306750 0.041653
vt 0.345629 0.045162
vt 0.231394 0.038146
vt 0.193900 0.030921
vt 0.345629 0.041653
vt 0.383123 0.045162
vt 0.231394 0.034412
vt 0.306750 0.038146
vt 0.231394 0.030921
vt 0.383123 0.041653
vt 0.422695 0.045162
vt 0.345629 0.038146
vt 0.306750 0.034412
vt 0.231394 0.027419
vt 0.231394 0.023671
vt 0.422695 0.041653
vt 0.496748 0.045162
vt 0.306750 0.030921
vt 0.306750 0.027419
vt 0.306750 0.023671
vt 0.345629 0.034412
vt 0.383123 0.038146
vt 0.496748 0.041653
vt 0.534419 0.045162
vt 0.345629 0.027419
vt 0.345629 0.023671
vt 0.345629 0.030921
vt 0.422695 0.038146
vt 0.383123 0.034412
vt 0.534419 0.041653
vt 0.571884 0.045162
vt 0.383123 0.027419
vt 0.383123 0.023671
vt 0.383123 0.030921
vt 0.422695 0.034412
vt 0.496748 0.038146
vt 0.571884 0.041653
vt 0.647631 0.045162
vt 0.422695 0.027419
vt 0.422695 0.023671
vt 0.422695 0.030921
vt 0.534419 0.038146
vt 0.496748 0.034412
vt 0.647631 0.041653
vt 0.685364 0.045162
vt 0.496748 0.027419
vt 0.496748 0.023671
vt 0.496748 0.030920
vt 0.534419 0.034412
vt 0.571884 0.038146
vt 0.685364 0.041653
vt 0.722870 0.045162
vt 0.534419 0.027419
vt 0.534419 0.023671
vt 0.534419 0.030920
vt 0.647631 0.038146
vt 0.571884 0.034412
vt 0.722870 0.041653
vt 0.741758 0.045162
vt 0.571884 0.027419
vt 0.571884 0.023671
vt 0.571884 0.030920
vt 0.647631 0.034412
vt 0.685364 0.038146
vt 0.741758 0.041653
vt 0.760645 0.045162
vt 0.760645 0.041653
vt 0.647631 0.027419
vt 0.647631 0.023671
vt 0.647631 0.030920
vt 0.722870 0.038146
vt 0.741758 0.038146
vt 0.760645 0.038146
vt 0.685364 0.034412
vt 0.685364 0.027419
vt 0.685364 0.023671
vt 0.685364 0.030920
vt 0.722870 0.034412
vt 0.741758 0.034412
vt 0.760645 0.034412
vt 0.722870 0.030920
vt 0.722870 0.027419
vt 0.722870 0.023671
vt 0.741758 0.030920
vt 0.760645 0.030920
vt 0.741758 0.027419
vt 0.741758 0.023671
vt 0.760645 0.027419
vt 0.760645 0.023671
vt 0.925717 0.989749
vt 0.920609 0.989749
vt 0.925717 0.583088
vt 0.920609 0.583088
vt 0.915500 0.989750
vt 0.915500 0.583088
vt 0.910391 0.989749
vt 0.910391 0.583088
vt 0.905283 0.989749
vt 0.905283 0.583088
vt 0.900175 0.989749
vt 0.900175 0.583088
vt 0.895066 0.989749
vt 0.895066 0.583088
vt 0.889955 0.989749
vt 0.889955 0.583088
vt 0.884843 0.989749
vt 0.884843 0.583088
vt 0.879734 0.989749
vt 0.879734 0.583088
vt 0.874626 0.989749
vt 0.874626 0.583088
vt 0.869518 0.989749
vt 0.869518 0.583088
vt 0.864409 0.989749
vt 0.864409 0.583088
vt 0.861334 0.762227
vt 0.852789 0.756135
vt 0.862657 0.756137
vt 0.861337 0.750047
vt 0.857721 0.766685
vt 0.857725 0.745587
vt 0.852785 0.768315
vt 0.852792 0.743939
vt 0.847851 0.766680
vt 0.847857 0.745584
vt 0.844240 0.762220
vt 0.844244 0.750042
vt 0.842921 0.756130
vn 0.6468 -0.4983 0.5774
vn 0.6720 0.4977 0.5483
vn 0.6146 0.4996 0.6105
vn 0.0331 0.9989 -0.0339
vn -0.0326 0.9989 0.0335
vn -0.5506 0.4974 -0.6704
vn -0.6455 0.5002 -0.5771
vn -0.3481 0.8664 -0.3579
vn -0.0325 0.9989 0.0334
vn -0.0324 0.9989 0.0334
vn 0.3211 0.8657 0.3841
vn 0.6144 0.4995 0.6107
vn 0.6720 0.4978 0.5483
vn 0.0330 0.9989 -0.0338
vn 0.6519 -0.0000 0.7583
vn 0.6150 -0.4987 0.6108
vn 0.6151 -0.4987 0.6107
vn 0.3610 -0.8649 0.3487
vn 0.0069 -1.0000 -0.0059
vn 0.0068 -1.0000 -0.0059
vn -0.6123 -0.5000 -0.6124
vn -0.5797 -0.4979 -0.6450
vn 0.0060 -1.0000 -0.0067
vn 0.0068 -1.0000 -0.0058
vn 0.0069 -1.0000 -0.0060
vn -0.3498 -0.8650 -0.3598
vn -0.6123 -0.5000 -0.6125
vn 0.9502 -0.1154 0.2895
vn 0.8912 0.3264 0.3151
vn 0.7775 0.1196 0.6174
vn 0.6478 -0.4979 0.5766
vn 0.6716 0.4982 0.5484
vn 0.6145 0.4991 0.6110
vn 0.0319 0.9989 -0.0329
vn -0.0337 0.9988 0.0348
vn 0.6145 0.4990 0.6110
vn -0.5513 0.4978 -0.6695
vn -0.6465 0.4998 -0.5764
vn -0.3494 0.8664 -0.3567
vn -0.0337 0.9988 0.0349
vn 0.3203 0.8655 0.3850
vn 0.6717 0.4982 0.5484
vn 0.0319 0.9990 -0.0328
vn 0.6523 -0.0000 0.7579
vn 0.6157 -0.4990 0.6098
vn 0.6477 -0.4979 0.5767
vn 0.6156 -0.4990 0.6099
vn 0.3620 -0.8649 0.3476
vn 0.0081 -0.9999 -0.0069
vn 0.0080 -0.9999 -0.0069
vn -0.3491 -0.8649 -0.3605
vn -0.6119 -0.5005 -0.6125
vn -0.7397 -0.0000 -0.6729
vn -0.5796 -0.4974 -0.6455
vn -0.7398 0.0000 -0.6728
vn -0.5514 0.4978 -0.6695
vn 0.7071 -0.0008 -0.7071
vn 0.6716 0.4983 0.5483
vn 0.0318 0.9990 -0.0328
vn 0.9511 -0.1097 0.2888
vn 0.8895 0.3304 0.3155
vn 0.7765 0.1228 0.6181
vn 0.6470 -0.4983 0.5771
vn 0.6723 0.4978 0.5479
vn 0.6149 0.4995 0.6103
vn 0.0330 0.9989 -0.0340
vn -0.0325 0.9989 0.0336
vn -0.5509 0.4974 -0.6702
vn -0.6458 0.5003 -0.5768
vn -0.6458 0.5002 -0.5768
vn -0.3483 0.8664 -0.3577
vn -0.0324 0.9989 0.0336
vn 0.3213 0.8657 0.3840
vn 0.6148 0.4995 0.6103
vn 0.6524 -0.0000 0.7579
vn 0.6153 -0.4986 0.6105
vn 0.6153 -0.4987 0.6105
vn 0.3611 -0.8649 0.3486
vn 0.0069 -1.0000 -0.0057
vn 0.0069 -1.0000 -0.0058
vn -0.3502 -0.8650 -0.3595
vn -0.6126 -0.5001 -0.6120
vn -0.5800 -0.4978 -0.6448
vn -0.7397 -0.0001 -0.6729
vn -0.5509 0.4973 -0.6702
vn 0.7071 -0.0013 -0.7071
vn 0.6470 -0.4984 0.5771
vn 0.9503 -0.1145 0.2894
vn 0.8909 0.3270 0.3152
vn 0.7773 0.1201 0.6175
vn 0.0059 -1.0000 -0.0067
vn 0.6150 -0.4987 0.6107
vn 0.1828 -0.9662 0.1818
vn 0.6848 -0.2599 0.6808
vn 0.1840 -0.9658 0.1829
vn 0.6849 -0.2595 0.6808
vn 0.4995 0.7098 0.4966
vn 0.5006 0.7082 0.4978
vn -0.1844 0.9656 -0.1832
vn -0.1829 0.9662 -0.1817
vn -0.6851 0.2593 -0.6807
vn -0.6854 0.2584 -0.6808
vn -0.5027 -0.7057 -0.4993
vn -0.5013 -0.7074 -0.4983
vn 0.1828 -0.9662 0.1817
vn 0.1840 -0.9657 0.1830
vn 0.1844 -0.9655 0.1838
vn 0.6846 -0.2572 0.6820
vn 0.1838 -0.9658 0.1831
vn 0.6849 -0.2555 0.6824
vn 0.4991 0.7097 0.4972
vn 0.4995 0.7092 0.4976
vn -0.1853 0.9652 -0.1846
vn -0.1829 0.9661 -0.1822
vn -0.6843 0.2589 -0.6817
vn -0.6846 0.2571 -0.6821
vn -0.5015 -0.7064 -0.4996
vn -0.5010 -0.7070 -0.4992
vn 0.1845 -0.9655 0.1838
vn 0.6721 0.4977 0.5483
vn -0.7394 -0.0000 -0.6733
vn -0.0327 0.9989 0.0336
vn -0.7075 0.0005 0.7067
vn 0.3212 0.8656 0.3841
vn 0.6520 -0.0000 0.7582
vn -0.7074 -0.0008 0.7069
vn -0.7393 -0.0000 -0.6733
vn -0.6455 0.5002 -0.5772
vn -0.7071 -0.0018 0.7071
vn -0.7071 -0.0023 0.7071
vn 0.6150 -0.4987 0.6109
vn -0.5280 0.0298 -0.8487
vn 0.5608 0.2623 -0.7853
vn -0.4642 0.5050 -0.7276
vn 0.5536 0.4588 -0.6950
vn 0.7853 0.2623 -0.5608
vn 0.5987 -0.3474 -0.7217
vn -0.2938 -0.1068 -0.9499
vn 0.1565 -0.9511 -0.2663
vn 0.6950 0.4588 -0.5536
vn 0.7217 -0.3474 -0.5987
vn 0.7249 0.5080 0.4653
vn 0.8469 0.0354 0.5305
vn 0.9504 -0.1064 0.2922
vn 0.7011 -0.5209 0.4870
vn 0.2664 -0.9511 -0.1565
vn -0.2421 -0.9025 0.3562
vn 0.5267 -0.3194 0.7877
vn -0.3562 -0.9025 0.2421
vn -0.4905 -0.5170 -0.7015
vn -0.7866 -0.3134 -0.5321
vn -0.5966 -0.3543 0.7201
vn 0.4564 -0.1173 0.8820
vn -0.7201 -0.3543 0.5965
vn -0.6180 0.2564 0.7432
vn 0.8010 0.0109 0.5985
vn 0.4294 0.0463 0.9019
vn 0.6512 0.3125 0.6916
vn 0.9504 -0.1063 0.2922
vn 0.8469 0.0353 0.5305
vn 0.8170 -0.2287 0.5293
vn 0.8469 0.0353 0.5306
vn 0.9499 -0.1171 0.2897
vn 0.7778 0.1187 0.6172
vn 0.5034 0.5318 0.6810
vn 0.3336 0.3956 0.8557
vn -0.3945 0.7723 0.4979
vn -0.7432 0.2569 0.6178
vn -0.8803 -0.1162 -0.4599
vn -0.5014 0.7737 0.3873
vn 0.2384 0.9563 -0.1695
vn 0.5035 0.5318 0.6810
vn 0.7778 0.1187 0.6173
vn -0.9011 0.0444 -0.4314
vn -0.5961 0.0057 -0.8029
vn -0.6899 0.3100 -0.6542
vn -0.2939 -0.1068 -0.9499
vn -0.5279 0.0299 -0.8488
vn -0.5352 -0.2197 -0.8157
vn -0.8393 0.3983 -0.3699
vn -0.3088 -0.0830 -0.9475
vn -0.5060 0.4575 -0.7312
vn 0.5963 0.2987 -0.7451
vn 0.1506 0.9545 -0.2574
vn 0.7408 0.2964 -0.6028
vn 0.8470 0.0354 0.5305
vn 0.8916 0.3253 0.3150
vn 0.7778 0.1189 0.6172
vn 0.0000 -1.0000 -0.0000
vn 0.0000 1.0000 -0.0000
vn -0.7071 0.0000 0.7071
vn 0.7084 0.0000 0.7058
vn -0.7084 0.0000 -0.7059
vn -0.7084 0.0000 -0.7058
vn 0.0070 -0.9999 -0.0080
vn -0.6123 -0.5005 -0.6121
vn -0.7398 -0.0000 -0.6729
vn 0.6158 -0.4990 0.6098
vn 0.1847 -0.9662 0.1797
vn 0.6859 -0.2594 0.6798
vn 0.1860 -0.9658 0.1809
vn 0.6858 -0.2603 0.6797
vn 0.4979 0.7107 0.4969
vn 0.5000 0.7077 0.4992
vn -0.1864 0.9656 -0.1811
vn -0.1850 0.9662 -0.1797
vn -0.6860 0.2601 -0.6796
vn -0.6864 0.2578 -0.6800
vn -0.5021 -0.7051 -0.5007
vn -0.4999 -0.7079 -0.4989
vn 0.1861 -0.9657 0.1809
vn 0.1832 -0.9652 0.1867
vn 0.6812 -0.2580 0.6851
vn 0.1810 -0.9661 0.1842
vn 0.6818 -0.2553 0.6856
vn 0.4985 0.7088 0.4991
vn 0.4976 0.7101 0.4982
vn -0.1826 0.9655 -0.1858
vn -0.1818 0.9658 -0.1850
vn -0.6811 0.2587 -0.6850
vn -0.6814 0.2571 -0.6853
vn -0.4995 -0.7074 -0.5001
vn -0.5004 -0.7060 -0.5011
vn 0.1833 -0.9652 0.1865
vn 0.1810 -0.9661 0.1843
vn -0.0335 0.9988 0.0347
vn 0.3203 0.8656 0.3850
vn 0.6523 -0.0000 0.7580
vn 0.6144 0.4990 0.6111
vn -0.7074 -0.0008 0.7068
vn -0.6464 0.4998 -0.5766
vn -0.6118 -0.5005 -0.6126
vn -0.7071 -0.0025 0.7071
vn 0.6157 -0.4992 0.6097
vn -0.5281 0.0298 -0.8487
vn 0.1566 -0.9511 -0.2664
vn 0.2663 -0.9511 -0.1565
vn 0.5035 0.5318 0.6809
vn -0.5279 0.0298 -0.8488
vn -0.5278 0.0299 -0.8488
vn -0.3087 -0.0830 -0.9475
vn 0.8469 0.0354 0.5306
vn 0.8923 0.3233 0.3150
vn 0.7779 0.1145 0.6179
vn -0.5800 -0.4979 -0.6448
vn 0.0059 -1.0000 -0.0068
vn -0.6131 -0.5001 -0.6115
vn 0.6153 -0.4986 0.6106
vn 0.1827 -0.9663 0.1814
vn 0.6853 -0.2600 0.6803
vn 0.1843 -0.9657 0.1829
vn 0.6854 -0.2594 0.6804
vn 0.4996 0.7103 0.4959
vn 0.5012 0.7080 0.4976
vn -0.1847 0.9656 -0.1832
vn -0.1830 0.9662 -0.1814
vn -0.6856 0.2592 -0.6802
vn -0.6859 0.2584 -0.6803
vn -0.5031 -0.7056 -0.4990
vn -0.5016 -0.7075 -0.4979
vn 0.1843 -0.9657 0.1830
vn 0.1845 -0.9655 0.1836
vn 0.6849 -0.2572 0.6817
vn 0.1840 -0.9657 0.1831
vn 0.6854 -0.2548 0.6822
vn 0.4992 0.7098 0.4969
vn 0.4998 0.7091 0.4974
vn -0.1856 0.9651 -0.1848
vn -0.1830 0.9661 -0.1822
vn -0.6846 0.2588 -0.6814
vn -0.6849 0.2572 -0.6817
vn -0.5017 -0.7063 -0.4994
vn -0.5012 -0.7070 -0.4989
vn 0.1844 -0.9655 0.1836
vn 0.3213 0.8656 0.3840
vn 0.6522 -0.0000 0.7580
vn 0.6148 0.4995 0.6104
vn -0.7074 -0.0007 0.7068
vn -0.6459 0.5002 -0.5767
vn -0.6126 -0.5001 -0.6121
vn -0.7071 -0.0022 0.7071
vn 0.6152 -0.4987 0.6106
vn 0.5535 0.4588 -0.6950
vn -0.2939 -0.1068 -0.9498
vn 0.7011 -0.5208 0.4870
vn 0.4294 0.0464 0.9019
vn 0.5035 0.5319 0.6809
vn -0.6899 0.3099 -0.6542
vn 0.8920 0.3242 0.3150
vn 0.7778 0.1165 0.6176
vn 0.9362 -0.3407 -0.0868
vn 0.1357 -0.9870 -0.0860
vn 0.7383 0.6689 -0.0859
vn -0.7383 -0.6689 -0.0861
vn -0.1356 0.9870 -0.0860
vn -0.9361 0.3408 -0.0871
vn -0.9362 0.3407 0.0868
vn -0.7383 -0.6689 0.0859
vn -0.1357 0.9870 0.0860
vn 0.7383 0.6689 0.0861
vn 0.1356 -0.9870 0.0860
vn 0.9361 -0.3407 0.0871
vn 0.7411 0.6714 0.0001
vn -0.1361 0.9907 0.0000
vn -0.9361 0.3407 0.0869
vn -0.1362 0.9907 0.0000
vn 0.7411 0.6714 0.0002
vn -0.9397 0.3420 -0.0002
vn -0.7384 -0.6689 0.0859
vn -0.7411 -0.6714 -0.0001
vn -0.9397 0.3420 -0.0003
vn -0.7411 -0.6714 -0.0002
vn 0.1361 -0.9907 0.0000
vn 0.9361 -0.3408 0.0871
vn 0.9397 -0.3420 0.0002
vn 0.7383 0.6689 0.0860
vn 0.9397 -0.3420 0.0003
vn 0.1362 -0.9907 -0.0000
vn 0.9397 -0.3421 0.0002
vn 0.7384 0.6689 -0.0858
vn 0.1356 -0.9870 -0.0859
vn 0.7384 0.6689 -0.0859
vn 0.1357 -0.9870 -0.0861
vn 0.7383 0.6690 -0.0857
vn -0.7383 -0.6689 -0.0863
vn -0.1356 0.9870 -0.0859
vn -0.9361 0.3408 -0.0870
vn -0.9362 0.3407 0.0870
vn -0.7383 -0.6690 0.0858
vn -0.1357 0.9870 0.0861
vn 0.7383 0.6690 0.0862
vn 0.1356 -0.9870 0.0859
vn 0.9361 -0.3408 0.0872
vn 0.7383 0.6689 0.0862
vn 0.7411 0.6714 0.0003
vn -0.1361 0.9907 0.0001
vn -0.1361 0.9907 0.0002
vn 0.7411 0.6714 0.0004
vn -0.7411 -0.6714 -0.0003
vn -0.7411 -0.6714 -0.0004
vn 0.1361 -0.9907 -0.0001
vn 0.1361 -0.9907 -0.0002
vn 0.1362 -0.9907 -0.0002
vn -0.7410 -0.6715 -0.0004
vn -0.9397 0.3421 -0.0002
vn 0.7384 0.6689 -0.0857
vn -0.1362 0.9907 0.0002
vn 0.1357 -0.9870 -0.0859
vn -0.7383 -0.6690 -0.0861
vn -0.9362 0.3407 0.0867
vn 0.7383 0.6690 0.0861
vn 0.9361 -0.3408 0.0870
vn 0.7410 0.6715 0.0001
vn -0.7410 -0.6715 -0.0002
vn 0.7660 -0.0000 0.6428
vn 0.3420 -0.0000 0.9397
vn -0.1736 -0.0000 0.9848
vn -0.6428 -0.0000 0.7660
vn -0.9397 -0.0000 0.3420
vn -0.9848 0.0000 -0.1736
vn -0.7669 0.0000 -0.6418
vn -0.7668 0.0000 -0.6418
vn -0.3420 0.0000 -0.9397
vn 0.1749 0.0000 -0.9846
vn 0.6428 0.0000 -0.7660
vn 0.9397 0.0000 -0.3420
vn 0.9848 -0.0000 0.1736
usemtl Ring.001
s 1
f 991/991/507 992/992/508 993/993/509
f 994/994/510 995/995/511 993/993/509
f 995/995/511 994/994/510 996/996/512
f 997/997/512 998/998/513 995/995/511
f 999/999/513 1000/1000/514 1001/1001/515
f 1001/1001/516 1002/1002/517 1003/1003/518
f 1003/1003/509 1004/1004/519 1005/1005/520
f 1003/1003/509 1006/1006/521 1007/1007/522
f 1007/1007/522 1008/1008/507 1003/1003/509
f 1007/1007/523 1009/1009/524 1010/1010/525
f 1011/1011/526 1012/1012/527 1013/1013/528
f 1014/1014/528 1015/1015/529 1011/1011/530
f 1016/1016/512 1014/1014/528 1017/1017/527
f 1018/1018/531 1019/1019/532 1020/1020/533
f 1021/1021/534 1022/1022/535 1023/1023/536
f 1024/1024/537 1025/1025/538 1026/1026/539
f 1027/1027/540 1028/1028/541 1026/1026/542
f 1028/1028/541 1027/1027/540 1029/1029/543
f 1029/1029/543 1030/1030/544 1028/1028/541
f 1031/1031/544 1032/1032/545 1033/1033/546
f 1033/1033/546 1034/1034/547 1035/1035/542
f 1035/1035/539 1036/1036/548 1037/1037/549
f 1035/1035/539 1038/1038/550 1039/1039/551
f 1039/1039/551 1040/1040/552 1035/1035/539
f 1039/1039/553 1041/1041/554 1042/1042/555
f 1043/1043/556 1044/1044/557 1045/1045/558
f 1046/1046/559 1047/1047/543 1048/1048/560
f 1049/1049/561 1050/1050/544 1051/1051/543
f 1052/1052/560 1051/1051/562 1053/1053/563
f 1051/1051/562 1054/1054/564 1053/1053/563
f 1053/1053/563 1054/1054/564 1055/1055/537
f 1056/1056/565 1054/1054/564 1051/1051/562
f 1057/1057/566 1058/1058/567 1059/1059/568
f 1060/1060/569 1061/1061/570 1062/1062/571
f 1063/1063/572 1064/1064/573 1062/1062/571
f 1064/1064/573 1063/1063/572 1065/1065/574
f 1065/1065/574 1066/1066/575 1064/1064/573
f 1067/1067/576 1068/1068/577 1069/1069/573
f 1069/1069/578 1070/1070/579 1071/1071/580
f 1071/1071/580 1072/1072/570 1073/1073/572
f 1071/1071/571 1074/1074/581 1075/1075/582
f 1075/1075/582 1076/1076/569 1071/1071/571
f 1075/1075/583 1077/1077/584 1078/1078/585
f 1079/1079/586 1080/1080/587 1081/1081/588
f 1082/1082/559 1083/1083/574 1084/1084/589
f 1085/1085/590 1086/1086/576 1087/1087/591
f 1088/1088/589 1087/1087/574 1089/1089/592
f 1087/1087/574 1090/1090/570 1089/1089/592
f 1089/1089/592 1090/1090/570 1091/1091/593
f 1092/1092/572 1090/1090/570 1087/1087/574
f 1093/1093/594 1094/1094/595 1095/1095/596
f 1096/1096/597 1097/1097/507 1098/1098/598
f 1098/1098/598 1099/1099/526 1096/1096/597
f 1100/1100/599 1101/1101/600 1102/1102/601
f 1101/1101/600 1103/1103/602 1102/1102/601
f 1101/1101/600 1104/1104/603 1103/1103/602
f 1104/1104/603 1105/1105/604 1103/1103/602
f 1104/1104/603 1106/1106/605 1105/1105/604
f 1106/1106/605 1107/1107/606 1105/1105/604
f 1106/1106/605 1108/1108/607 1107/1107/606
f 1108/1108/607 1109/1109/608 1107/1107/606
f 1108/1108/607 1110/1110/609 1109/1109/608
f 1110/1110/609 1111/1111/610 1109/1109/608
f 1110/1110/609 1112/1112/611 1111/1111/610
f 1112/1112/611 1113/1113/612 1111/1111/610
f 1114/1114/613 1115/1115/614 1116/1116/615
f 1115/1115/614 1117/1117/616 1116/1116/615
f 1115/1115/614 1118/1118/617 1117/1117/616
f 1118/1118/617 1119/1119/618 1117/1117/616
f 1118/1118/617 1120/1120/619 1119/1119/618
f 1120/1120/619 1121/1121/620 1119/1119/618
f 1120/1120/619 1122/1122/621 1121/1121/620
f 1122/1122/621 1123/1123/622 1121/1121/620
f 1122/1122/621 1124/1124/623 1123/1123/622
f 1124/1124/623 1125/1125/624 1123/1123/622
f 1124/1124/623 1126/1126/625 1125/1125/624
f 1126/1126/625 1127/1127/615 1125/1125/624
f 1128/1128/563 1129/1129/626 1130/1130/507
f 1131/1131/512 1129/1129/626 1128/1128/563
f 1132/1132/528 1131/1131/512 1128/1128/563
f 1133/1133/510 1129/1129/626 1131/1131/512
f 1134/1134/527 1135/1135/627 1131/1131/512
f 1135/1135/627 1136/1136/513 1131/1131/512
f 1137/1137/628 1138/1138/629 1139/1139/630
f 1138/1138/629 1140/1140/631 1139/1139/630
f 1139/1139/630 1140/1140/631 1141/1141/509
f 1142/1142/632 1140/1140/631 1138/1138/629
f 1143/1143/633 1142/1142/632 1138/1138/629
f 1144/1144/634 1143/1143/633 1138/1138/629
f 1145/1145/527 1142/1142/632 1143/1143/633
f 1146/1146/635 1140/1140/631 1142/1142/632
f 1147/1147/636 1146/1146/635 1142/1142/632
f 1148/1148/637 1140/1140/631 1146/1146/635
f 1149/1149/638 1150/1150/639 1151/1151/640
f 1150/1150/639 1152/1152/641 1151/1151/640
f 1152/1152/641 1150/1150/639 1153/1153/642
f 1151/1151/640 1152/1152/641 1154/1154/643
f 1155/1155/644 1151/1151/640 1154/1154/643
f 1154/1154/643 1156/1156/645 1155/1155/644
f 1157/1157/646 1152/1152/641 1153/1153/642
f 1154/1154/643 1152/1152/641 1158/1158/647
f 1152/1152/641 1157/1157/646 1158/1158/647
f 1159/1159/648 1157/1157/646 1153/1153/642
f 1158/1158/647 1157/1157/646 1159/1159/648
f 1160/1160/649 1159/1159/648 1153/1153/642
f 1161/1161/650 1158/1158/647 1159/1159/648
f 1158/1158/647 1161/1161/650 1162/1162/651
f 1154/1154/643 1158/1158/647 1163/1163/652
f 1156/1156/645 1154/1154/643 1163/1163/652
f 1163/1163/652 1158/1158/647 1164/1164/651
f 1165/1165/653 1163/1163/652 1164/1164/651
f 1156/1156/645 1163/1163/652 1165/1165/653
f 1166/1166/654 1165/1165/653 1164/1164/651
f 1167/1167/655 1156/1156/645 1165/1165/653
f 1168/1168/656 1156/1156/645 1167/1167/655
f 1156/1156/645 1168/1168/656 1169/1169/644
f 1170/1170/657 1168/1168/656 1167/1167/655
f 1167/1167/655 1165/1165/653 1171/1171/658
f 1165/1165/653 1166/1166/654 1172/1172/659
f 1171/1171/658 1165/1165/653 1172/1172/659
f 1173/1173/660 1167/1167/655 1171/1171/658
f 1167/1167/655 1173/1173/660 1170/1170/657
f 1174/1174/661 1171/1171/658 1172/1172/659
f 1173/1173/660 1171/1171/658 1174/1174/661
f 1175/1175/662 1172/1172/659 1166/1166/654
f 1176/1176/663 1174/1174/661 1172/1172/659
f 1172/1172/659 1175/1175/662 1176/1176/663
f 1177/1177/664 1175/1175/662 1166/1166/654
f 1178/1178/651 1177/1177/664 1166/1166/654
f 1179/1179/665 1177/1177/664 1178/1178/651
f 1180/1180/648 1177/1177/664 1179/1179/665
f 1177/1177/664 1180/1180/648 1181/1181/666
f 1175/1175/662 1177/1177/664 1181/1181/666
f 1175/1175/662 1182/1182/667 1176/1176/663
f 1182/1182/667 1175/1175/662 1183/1183/668
f 1184/1184/669 1182/1182/667 1183/1183/668
f 1182/1182/667 1184/1184/669 1185/1185/670
f 1186/1186/671 1182/1182/667 1185/1185/670
f 1182/1182/667 1186/1186/671 1187/1187/672
f 1176/1176/663 1182/1182/667 1187/1187/672
f 1174/1174/661 1176/1176/663 1188/1188/672
f 1189/1189/673 1174/1174/661 1188/1188/672
f 1188/1188/672 1190/1190/671 1189/1189/673
f 1191/1191/674 1174/1174/661 1189/1189/673
f 1191/1191/674 1173/1173/660 1174/1174/661
f 1192/1192/675 1173/1173/660 1191/1191/674
f 1173/1173/660 1192/1192/675 1170/1170/657
f 1193/1193/676 1191/1191/674 1189/1189/673
f 1193/1193/676 1189/1189/673 1194/1194/677
f 1195/1195/678 1194/1194/677 1189/1189/673
f 1195/1195/678 1196/1196/679 1194/1194/677
f 1197/1197/680 1192/1192/675 1191/1191/674
f 1191/1191/674 1193/1193/676 1197/1197/680
f 1192/1192/675 1198/1198/681 1170/1170/657
f 1192/1192/675 1197/1197/680 1198/1198/681
f 1198/1198/681 1199/1199/682 1170/1170/657
f 1200/1200/656 1170/1170/657 1199/1199/682
f 1200/1200/656 1199/1199/682 1201/1201/683
f 1198/1198/681 1202/1202/684 1199/1199/682
f 1202/1202/684 1203/1203/640 1199/1199/682
f 1204/1204/644 1199/1199/682 1203/1203/640
f 1197/1197/680 1205/1205/685 1198/1198/681
f 1198/1198/681 1205/1205/685 1206/1206/684
f 1207/1207/686 1205/1205/685 1197/1197/680
f 1205/1205/685 1208/1208/687 1206/1206/684
f 1209/1209/688 1205/1205/685 1207/1207/686
f 1208/1208/687 1205/1205/685 1209/1209/688
f 1210/1210/638 1211/1211/687 1212/1212/639
f 1211/1211/687 1213/1213/689 1212/1212/639
f 1212/1212/639 1213/1213/689 1214/1214/642
f 1215/1215/690 1213/1213/689 1211/1211/687
f 1216/1216/688 1215/1215/690 1211/1211/687
f 1193/1193/676 1215/1215/690 1216/1216/688
f 1213/1213/689 1217/1217/691 1214/1214/642
f 1213/1213/689 1215/1215/690 1217/1217/691
f 1215/1215/690 1193/1193/676 1194/1194/677
f 1215/1215/690 1194/1194/677 1217/1217/691
f 1214/1214/642 1217/1217/691 1218/1218/669
f 1218/1218/669 1217/1217/691 1194/1194/677
f 1219/1219/692 1214/1214/642 1218/1218/669
f 1220/1220/693 1218/1218/669 1194/1194/677
f 1221/1221/694 1220/1220/693 1194/1194/677
f 1193/1193/676 1222/1222/686 1223/1223/680
f 1222/1222/686 1193/1193/676 1224/1224/688
f 1225/1225/695 1226/1226/695 1227/1227/695
f 1228/1228/695 1225/1225/695 1227/1227/695
f 1229/1229/696 1230/1230/696 1231/1231/696
f 1232/1232/696 1229/1229/696 1231/1231/696
f 1233/1233/697 1234/1234/697 1235/1235/697
f 1236/1236/697 1233/1233/697 1235/1235/697
f 1237/1237/698 1238/1238/698 1239/1239/698
f 1240/1240/698 1237/1237/698 1239/1239/698
f 1241/1241/699 1242/1242/699 1243/1243/700
f 1244/1244/700 1241/1241/699 1243/1243/700
f 1245/1245/560 1246/1246/701 1247/1247/556
f 1247/1247/556 1248/1248/702 1245/1245/560
f 1245/1245/560 1248/1248/702 1249/1249/703
f 1250/1250/701 1251/1251/537 1252/1252/704
f 1252/1252/704 1253/1253/555 1250/1250/701
f 1254/1254/705 1255/1255/706 1256/1256/707
f 1255/1255/706 1257/1257/708 1256/1256/707
f 1255/1255/706 1258/1258/709 1257/1257/708
f 1258/1258/709 1259/1259/710 1257/1257/708
f 1258/1258/709 1260/1260/711 1259/1259/710
f 1260/1260/711 1261/1261/712 1259/1259/710
f 1260/1260/711 1262/1262/713 1261/1261/712
f 1262/1262/713 1263/1263/714 1261/1261/712
f 1262/1262/713 1264/1264/715 1263/1263/714
f 1264/1264/715 1265/1265/716 1263/1263/714
f 1264/1264/715 1266/1266/705 1265/1265/716
f 1266/1266/705 1267/1267/717 1265/1265/716
f 1268/1268/718 1269/1269/719 1270/1270/720
f 1269/1269/719 1271/1271/721 1270/1270/720
f 1269/1269/719 1272/1272/722 1271/1271/721
f 1272/1272/722 1273/1273/723 1271/1271/721
f 1272/1272/722 1274/1274/724 1273/1273/723
f 1274/1274/724 1275/1275/725 1273/1273/723
f 1274/1274/724 1276/1276/726 1275/1275/725
f 1276/1276/726 1277/1277/727 1275/1275/725
f 1276/1276/726 1278/1278/728 1277/1277/727
f 1278/1278/728 1279/1279/729 1277/1277/727
f 1278/1278/728 1280/1280/730 1279/1279/729
f 1280/1280/730 1281/1281/731 1279/1279/729
f 1282/1282/732 1283/1283/629 1284/1284/733
f 1283/1283/629 1285/1285/734 1284/1284/733
f 1284/1284/733 1285/1285/734 1286/1286/735
f 1287/1287/736 1285/1285/734 1283/1283/629
f 1288/1288/559 1287/1287/736 1283/1283/629
f 1289/1289/737 1288/1288/559 1283/1283/629
f 1290/1290/738 1287/1287/736 1288/1288/559
f 1291/1291/635 1285/1285/734 1287/1287/736
f 1292/1292/739 1291/1291/635 1287/1287/736
f 1293/1293/740 1285/1285/734 1291/1291/635
f 1294/1294/741 1295/1295/639 1296/1296/640
f 1295/1295/639 1297/1297/641 1296/1296/640
f 1297/1297/641 1295/1295/639 1298/1298/642
f 1296/1296/640 1297/1297/641 1299/1299/643
f 1300/1300/683 1296/1296/640 1299/1299/643
f 1299/1299/643 1301/1301/742 1300/1300/683
f 1302/1302/646 1297/1297/641 1298/1298/642
f 1299/1299/643 1297/1297/641 1303/1303/647
f 1297/1297/641 1302/1302/646 1303/1303/647
f 1304/1304/648 1302/1302/646 1298/1298/642
f 1303/1303/647 1302/1302/646 1304/1304/648
f 1305/1305/649 1304/1304/648 1298/1298/642
f 1306/1306/650 1303/1303/647 1304/1304/648
f 1303/1303/647 1306/1306/650 1307/1307/651
f 1299/1299/643 1303/1303/647 1308/1308/743
f 1301/1301/742 1299/1299/643 1308/1308/743
f 1308/1308/743 1303/1303/647 1309/1309/651
f 1310/1310/653 1308/1308/743 1309/1309/651
f 1301/1301/742 1308/1308/743 1310/1310/653
f 1311/1311/654 1310/1310/653 1309/1309/651
f 1312/1312/655 1301/1301/742 1310/1310/653
f 1313/1313/656 1301/1301/742 1312/1312/655
f 1301/1301/742 1313/1313/656 1314/1314/644
f 1315/1315/657 1313/1313/656 1312/1312/655
f 1312/1312/655 1310/1310/653 1316/1316/658
f 1310/1310/653 1311/1311/654 1317/1317/659
f 1316/1316/658 1310/1310/653 1317/1317/659
f 1318/1318/660 1312/1312/655 1316/1316/658
f 1312/1312/655 1318/1318/660 1315/1315/657
f 1319/1319/661 1316/1316/658 1317/1317/659
f 1318/1318/660 1316/1316/658 1319/1319/661
f 1320/1320/662 1317/1317/659 1311/1311/654
f 1321/1321/663 1319/1319/661 1317/1317/659
f 1317/1317/659 1320/1320/662 1321/1321/663
f 1322/1322/664 1320/1320/662 1311/1311/654
f 1323/1323/651 1322/1322/664 1311/1311/654
f 1324/1324/665 1322/1322/664 1323/1323/651
f 1325/1325/648 1322/1322/664 1324/1324/665
f 1322/1322/664 1325/1325/648 1326/1326/666
f 1320/1320/662 1322/1322/664 1326/1326/666
f 1320/1320/662 1327/1327/667 1321/1321/663
f 1327/1327/667 1320/1320/662 1328/1328/668
f 1329/1329/669 1327/1327/667 1328/1328/668
f 1327/1327/667 1329/1329/669 1330/1330/670
f 1331/1331/744 1327/1327/667 1330/1330/670
f 1327/1327/667 1331/1331/744 1332/1332/672
f 1321/1321/663 1327/1327/667 1332/1332/672
f 1319/1319/661 1321/1321/663 1333/1333/672
f 1334/1334/673 1319/1319/661 1333/1333/672
f 1333/1333/672 1335/1335/671 1334/1334/673
f 1336/1336/674 1319/1319/661 1334/1334/673
f 1336/1336/674 1318/1318/660 1319/1319/661
f 1337/1337/675 1318/1318/660 1336/1336/674
f 1318/1318/660 1337/1337/675 1315/1315/657
f 1338/1338/676 1336/1336/674 1334/1334/673
f 1338/1338/676 1334/1334/673 1339/1339/677
f 1340/1340/678 1339/1339/677 1334/1334/673
f 1340/1340/678 1341/1341/670 1339/1339/677
f 1342/1342/680 1337/1337/675 1336/1336/674
f 1336/1336/674 1338/1338/676 1342/1342/680
f 1337/1337/675 1343/1343/681 1315/1315/657
f 1337/1337/675 1342/1342/680 1343/1343/681
f 1343/1343/681 1344/1344/682 1315/1315/657
f 1345/1345/656 1315/1315/657 1344/1344/682
f 1345/1345/656 1344/1344/682 1346/1346/683
f 1343/1343/681 1347/1347/745 1344/1344/682
f 1347/1347/745 1348/1348/640 1344/1344/682
f 1349/1349/683 1344/1344/682 1348/1348/640
f 1342/1342/680 1350/1350/685 1343/1343/681
f 1343/1343/681 1350/1350/685 1351/1351/684
f 1352/1352/686 1350/1350/685 1342/1342/680
f 1350/1350/685 1353/1353/687 1351/1351/684
f 1354/1354/688 1350/1350/685 1352/1352/686
f 1353/1353/687 1350/1350/685 1354/1354/688
f 1355/1355/746 1356/1356/747 1357/1357/639
f 1356/1356/747 1358/1358/689 1357/1357/639
f 1357/1357/639 1358/1358/689 1359/1359/642
f 1360/1360/690 1358/1358/689 1356/1356/747
f 1361/1361/688 1360/1360/690 1356/1356/747
f 1338/1338/676 1360/1360/690 1361/1361/688
f 1358/1358/689 1362/1362/691 1359/1359/642
f 1358/1358/689 1360/1360/690 1362/1362/691
f 1360/1360/690 1338/1338/676 1339/1339/677
f 1360/1360/690 1339/1339/677 1362/1362/691
f 1359/1359/642 1362/1362/691 1363/1363/669
f 1363/1363/669 1362/1362/691 1339/1339/677
f 1364/1364/748 1359/1359/642 1363/1363/669
f 1365/1365/749 1363/1363/669 1339/1339/677
f 1366/1366/750 1365/1365/749 1339/1339/677
f 1338/1338/676 1367/1367/686 1368/1368/680
f 1367/1367/686 1338/1338/676 1369/1369/688
f 1370/1370/695 1371/1371/695 1372/1372/695
f 1373/1373/695 1370/1370/695 1372/1372/695
f 1374/1374/696 1375/1375/696 1376/1376/696
f 1377/1377/696 1374/1374/696 1376/1376/696
f 1378/1378/697 1379/1379/697 1380/1380/697
f 1381/1381/697 1378/1378/697 1380/1380/697
f 1382/1382/698 1383/1383/698 1384/1384/698
f 1385/1385/698 1382/1382/698 1384/1384/698
f 1386/1386/699 1387/1387/699 1388/1388/699
f 1389/1389/700 1386/1386/699 1388/1388/699
f 1390/1390/751 1391/1391/752 1392/1392/586
f 1392/1392/586 1393/1393/753 1390/1390/751
f 1390/1390/751 1393/1393/753 1394/1394/559
f 1395/1395/752 1396/1396/569 1397/1397/754
f 1397/1397/754 1398/1398/586 1395/1395/752
f 1399/1399/755 1400/1400/756 1401/1401/757
f 1400/1400/756 1402/1402/758 1401/1401/757
f 1400/1400/756 1403/1403/759 1402/1402/758
f 1403/1403/759 1404/1404/760 1402/1402/758
f 1403/1403/759 1405/1405/761 1404/1404/760
f 1405/1405/761 1406/1406/762 1404/1404/760
f 1405/1405/761 1407/1407/763 1406/1406/762
f 1407/1407/763 1408/1408/764 1406/1406/762
f 1407/1407/763 1409/1409/765 1408/1408/764
f 1409/1409/765 1410/1410/766 1408/1408/764
f 1409/1409/765 1411/1411/755 1410/1410/766
f 1411/1411/755 1412/1412/767 1410/1410/766
f 1413/1413/768 1414/1414/769 1415/1415/770
f 1414/1414/769 1416/1416/771 1415/1415/770
f 1414/1414/769 1417/1417/772 1416/1416/771
f 1417/1417/772 1418/1418/773 1416/1416/771
f 1417/1417/772 1419/1419/774 1418/1418/773
f 1419/1419/774 1420/1420/775 1418/1418/773
f 1419/1419/774 1421/1421/776 1420/1420/775
f 1421/1421/776 1422/1422/777 1420/1420/775
f 1421/1421/776 1423/1423/778 1422/1422/777
f 1423/1423/778 1424/1424/779 1422/1422/777
f 1423/1423/778 1425/1425/780 1424/1424/779
f 1425/1425/780 1426/1426/770 1424/1424/779
f 1427/1427/573 1428/1428/629 1429/1429/781
f 1428/1428/629 1430/1430/782 1429/1429/781
f 1429/1429/781 1430/1430/782 1431/1431/783
f 1432/1432/784 1430/1430/782 1428/1428/629
f 1433/1433/559 1432/1432/784 1428/1428/629
f 1434/1434/785 1433/1433/559 1428/1428/629
f 1435/1435/786 1432/1432/784 1433/1433/559
f 1436/1436/787 1430/1430/782 1432/1432/784
f 1437/1437/739 1436/1436/787 1432/1432/784
f 1438/1438/788 1430/1430/782 1436/1436/787
f 1439/1439/638 1440/1440/639 1441/1441/640
f 1440/1440/639 1442/1442/789 1441/1441/640
f 1442/1442/789 1440/1440/639 1443/1443/642
f 1441/1441/640 1442/1442/789 1444/1444/643
f 1445/1445/790 1441/1441/640 1444/1444/643
f 1444/1444/643 1446/1446/742 1445/1445/790
f 1447/1447/646 1442/1442/789 1443/1443/642
f 1444/1444/643 1442/1442/789 1448/1448/647
f 1442/1442/789 1447/1447/646 1448/1448/647
f 1449/1449/648 1447/1447/646 1443/1443/642
f 1448/1448/647 1447/1447/646 1449/1449/648
f 1450/1450/649 1449/1449/648 1443/1443/642
f 1451/1451/650 1448/1448/647 1449/1449/648
f 1448/1448/647 1451/1451/650 1452/1452/651
f 1444/1444/643 1448/1448/647 1453/1453/652
f 1446/1446/742 1444/1444/643 1453/1453/652
f 1453/1453/652 1448/1448/647 1454/1454/791
f 1455/1455/653 1453/1453/652 1454/1454/791
f 1446/1446/742 1453/1453/652 1455/1455/653
f 1456/1456/654 1455/1455/653 1454/1454/791
f 1457/1457/655 1446/1446/742 1455/1455/653
f 1458/1458/656 1446/1446/742 1457/1457/655
f 1446/1446/742 1458/1458/656 1459/1459/644
f 1460/1460/657 1458/1458/656 1457/1457/655
f 1457/1457/655 1455/1455/653 1461/1461/658
f 1455/1455/653 1456/1456/654 1462/1462/659
f 1461/1461/658 1455/1455/653 1462/1462/659
f 1463/1463/660 1457/1457/655 1461/1461/658
f 1457/1457/655 1463/1463/660 1460/1460/657
f 1464/1464/661 1461/1461/658 1462/1462/659
f 1463/1463/660 1461/1461/658 1464/1464/661
f 1465/1465/662 1462/1462/659 1456/1456/654
f 1466/1466/792 1464/1464/661 1462/1462/659
f 1462/1462/659 1465/1465/662 1466/1466/792
f 1467/1467/664 1465/1465/662 1456/1456/654
f 1468/1468/651 1467/1467/664 1456/1456/654
f 1469/1469/665 1467/1467/664 1468/1468/651
f 1470/1470/648 1467/1467/664 1469/1469/665
f 1467/1467/664 1470/1470/648 1471/1471/666
f 1465/1465/662 1467/1467/664 1471/1471/666
f 1465/1465/662 1472/1472/667 1466/1466/792
f 1472/1472/667 1465/1465/662 1473/1473/668
f 1474/1474/669 1472/1472/667 1473/1473/668
f 1472/1472/667 1474/1474/669 1475/1475/670
f 1476/1476/744 1472/1472/667 1475/1475/670
f 1472/1472/667 1476/1476/744 1477/1477/672
f 1466/1466/792 1472/1472/667 1477/1477/672
f 1464/1464/661 1466/1466/792 1478/1478/672
f 1479/1479/673 1464/1464/661 1478/1478/672
f 1478/1478/672 1480/1480/793 1479/1479/673
f 1481/1481/674 1464/1464/661 1479/1479/673
f 1481/1481/674 1463/1463/660 1464/1464/661
f 1482/1482/675 1463/1463/660 1481/1481/674
f 1463/1463/660 1482/1482/675 1460/1460/657
f 1483/1483/676 1481/1481/674 1479/1479/673
f 1483/1483/676 1479/1479/673 1484/1484/677
f 1485/1485/793 1484/1484/677 1479/1479/673
f 1485/1485/793 1486/1486/670 1484/1484/677
f 1487/1487/680 1482/1482/675 1481/1481/674
f 1481/1481/674 1483/1483/676 1487/1487/680
f 1482/1482/675 1488/1488/681 1460/1460/657
f 1482/1482/675 1487/1487/680 1488/1488/681
f 1488/1488/681 1489/1489/794 1460/1460/657
f 1490/1490/656 1460/1460/657 1489/1489/794
f 1490/1490/656 1489/1489/794 1491/1491/683
f 1488/1488/681 1492/1492/684 1489/1489/794
f 1492/1492/684 1493/1493/640 1489/1489/794
f 1494/1494/644 1489/1489/794 1493/1493/640
f 1487/1487/680 1495/1495/685 1488/1488/681
f 1488/1488/681 1495/1495/685 1496/1496/684
f 1497/1497/686 1495/1495/685 1487/1487/680
f 1495/1495/685 1498/1498/687 1496/1496/684
f 1499/1499/688 1495/1495/685 1497/1497/686
f 1498/1498/687 1495/1495/685 1499/1499/688
f 1500/1500/745 1501/1501/747 1502/1502/639
f 1501/1501/747 1503/1503/689 1502/1502/639
f 1502/1502/639 1503/1503/689 1504/1504/642
f 1505/1505/690 1503/1503/689 1501/1501/747
f 1506/1506/688 1505/1505/690 1501/1501/747
f 1483/1483/676 1505/1505/690 1506/1506/688
f 1503/1503/689 1507/1507/691 1504/1504/642
f 1503/1503/689 1505/1505/690 1507/1507/691
f 1505/1505/690 1483/1483/676 1484/1484/677
f 1505/1505/690 1484/1484/677 1507/1507/691
f 1504/1504/642 1507/1507/691 1508/1508/669
f 1508/1508/669 1507/1507/691 1484/1484/677
f 1509/1509/649 1504/1504/642 1508/1508/669
f 1510/1510/795 1508/1508/669 1484/1484/677
f 1511/1511/796 1510/1510/795 1484/1484/677
f 1483/1483/676 1512/1512/686 1513/1513/680
f 1512/1512/686 1483/1483/676 1514/1514/688
f 1515/1515/695 1516/1516/695 1517/1517/695
f 1518/1518/695 1515/1515/695 1517/1517/695
f 1519/1519/696 1520/1520/696 1521/1521/696
f 1522/1522/696 1519/1519/696 1521/1521/696
f 1523/1523/697 1524/1524/697 1525/1525/697
f 1526/1526/697 1523/1523/697 1525/1525/697
f 1527/1527/698 1528/1528/698 1529/1529/698
f 1530/1530/698 1527/1527/698 1529/1529/698
f 1531/1531/699 1532/1532/699 1533/1533/699
f 1534/1534/700 1531/1531/699 1533/1533/699
f 1535/1535/797 1536/1536/798 1537/1537/799
f 1536/1536/798 1538/1538/800 1537/1537/799
f 1539/1539/801 1537/1537/799 1538/1538/800
f 1540/1540/802 1539/1539/801 1538/1538/800
f 1541/1541/803 1542/1542/804 1543/1543/805
f 1542/1542/804 1544/1544/806 1543/1543/805
f 1542/1542/804 1545/1545/807 1544/1544/806
f 1545/1545/807 1546/1546/808 1544/1544/806
f 1547/1547/806 1548/1548/809 1549/1549/805
f 1548/1548/809 1550/1550/810 1549/1549/805
f 1549/1549/805 1550/1550/810 1551/1551/811
f 1552/1552/812 1550/1550/810 1548/1548/809
f 1553/1553/813 1552/1552/812 1548/1548/809
f 1550/1550/810 1554/1554/814 1551/1551/811
f 1551/1551/811 1554/1554/814 1555/1555/815
f 1556/1556/810 1552/1552/812 1553/1553/813
f 1557/1557/813 1556/1556/810 1553/1553/813
f 1552/1552/812 1558/1558/814 1550/1550/810
f 1558/1558/814 1554/1554/814 1550/1550/810
f 1554/1554/814 1559/1559/816 1555/1555/815
f 1555/1555/815 1559/1559/816 1560/1560/807
f 1561/1561/810 1556/1556/810 1557/1557/813
f 1562/1562/813 1561/1561/810 1557/1557/813
f 1556/1556/810 1563/1563/817 1552/1552/812
f 1563/1563/817 1558/1558/814 1552/1552/812
f 1558/1558/814 1564/1564/818 1554/1554/814
f 1564/1564/818 1559/1559/816 1554/1554/814
f 1559/1559/816 1565/1565/819 1560/1560/807
f 1560/1560/807 1565/1565/819 1566/1566/820
f 1561/1561/810 1567/1567/814 1556/1556/810
f 1567/1567/814 1563/1563/817 1556/1556/810
f 1568/1568/810 1561/1561/810 1562/1562/813
f 1569/1569/813 1568/1568/810 1562/1562/813
f 1563/1563/817 1570/1570/818 1558/1558/814
f 1570/1570/818 1564/1564/818 1558/1558/814
f 1564/1564/818 1571/1571/819 1559/1559/816
f 1571/1571/819 1565/1565/819 1559/1559/816
f 1565/1565/819 1572/1572/821 1566/1566/820
f 1566/1566/820 1572/1572/821 1573/1573/822
f 1572/1572/821 1574/1574/809 1573/1573/822
f 1575/1575/813 1574/1574/809 1572/1572/821
f 1576/1576/821 1572/1572/821 1565/1565/819
f 1576/1576/821 1575/1575/813 1572/1572/821
f 1571/1571/819 1576/1576/821 1565/1565/819
f 1577/1577/813 1575/1575/813 1576/1576/821
f 1578/1578/823 1577/1577/813 1576/1576/821
f 1578/1578/823 1576/1576/821 1571/1571/819
f 1579/1579/813 1577/1577/813 1578/1578/823
f 1580/1580/819 1571/1571/819 1564/1564/818
f 1580/1580/819 1578/1578/823 1571/1571/819
f 1570/1570/818 1580/1580/819 1564/1564/818
f 1581/1581/821 1579/1579/813 1578/1578/823
f 1581/1581/821 1578/1578/823 1580/1580/819
f 1582/1582/813 1579/1579/813 1581/1581/821
f 1583/1583/819 1580/1580/819 1570/1570/818
f 1583/1583/819 1581/1581/821 1580/1580/819
f 1584/1584/821 1582/1582/813 1581/1581/821
f 1584/1584/821 1581/1581/821 1583/1583/819
f 1585/1585/809 1582/1582/813 1584/1584/821
f 1586/1586/818 1583/1583/819 1570/1570/818
f 1586/1586/818 1570/1570/818 1563/1563/817
f 1567/1567/814 1586/1586/818 1563/1563/817
f 1587/1587/821 1585/1585/809 1584/1584/821
f 1588/1588/809 1585/1585/809 1587/1587/821
f 1589/1589/819 1584/1584/821 1583/1583/819
f 1589/1589/819 1583/1583/819 1586/1586/818
f 1587/1587/821 1584/1584/821 1589/1589/819
f 1590/1590/818 1586/1586/818 1567/1567/814
f 1590/1590/818 1589/1589/819 1586/1586/818
f 1591/1591/821 1588/1588/809 1587/1587/821
f 1592/1592/813 1588/1588/809 1591/1591/821
f 1593/1593/819 1587/1587/821 1589/1589/819
f 1593/1593/819 1589/1589/819 1590/1590/818
f 1591/1591/821 1587/1587/821 1593/1593/819
f 1594/1594/814 1590/1590/818 1567/1567/814
f 1594/1594/814 1567/1567/814 1561/1561/810
f 1568/1568/810 1594/1594/814 1561/1561/810
f 1595/1595/821 1592/1592/813 1591/1591/821
f 1596/1596/813 1592/1592/813 1595/1595/821
f 1597/1597/818 1593/1593/819 1590/1590/818
f 1597/1597/818 1590/1590/818 1594/1594/814
f 1598/1598/819 1591/1591/821 1593/1593/819
f 1595/1595/821 1591/1591/821 1598/1598/819
f 1598/1598/819 1593/1593/819 1597/1597/818
f 1599/1599/814 1594/1594/814 1568/1568/810
f 1599/1599/814 1597/1597/818 1594/1594/814
f 1600/1600/821 1596/1596/813 1595/1595/821
f 1601/1601/809 1596/1596/813 1600/1600/821
f 1602/1602/824 1595/1595/821 1598/1598/819
f 1600/1600/821 1595/1595/821 1602/1602/824
f 1603/1603/818 1598/1598/819 1597/1597/818
f 1603/1603/818 1597/1597/818 1599/1599/814
f 1602/1602/824 1598/1598/819 1603/1603/818
f 1604/1604/810 1599/1599/814 1568/1568/810
f 1604/1604/810 1568/1568/810 1569/1569/813
f 1605/1605/813 1604/1604/810 1569/1569/813
f 1606/1606/821 1601/1601/809 1600/1600/821
f 1607/1607/813 1601/1601/809 1606/1606/821
f 1608/1608/814 1603/1603/818 1599/1599/814
f 1608/1608/814 1599/1599/814 1604/1604/810
f 1609/1609/810 1604/1604/810 1605/1605/813
f 1609/1609/810 1608/1608/814 1604/1604/810
f 1610/1610/813 1609/1609/810 1605/1605/813
f 1611/1611/818 1602/1602/824 1603/1603/818
f 1611/1611/818 1603/1603/818 1608/1608/814
f 1612/1612/819 1600/1600/821 1602/1602/824
f 1606/1606/821 1600/1600/821 1612/1612/819
f 1612/1612/819 1602/1602/824 1611/1611/818
f 1613/1613/825 1607/1607/813 1606/1606/821
f 1614/1614/813 1607/1607/813 1613/1613/825
f 1615/1615/810 1609/1609/810 1610/1610/813
f 1616/1616/813 1615/1615/810 1610/1610/813
f 1617/1617/814 1608/1608/814 1609/1609/810
f 1617/1617/814 1611/1611/818 1608/1608/814
f 1615/1615/810 1617/1617/814 1609/1609/810
f 1618/1618/819 1606/1606/821 1612/1612/819
f 1613/1613/825 1606/1606/821 1618/1618/819
f 1619/1619/818 1612/1612/819 1611/1611/818
f 1619/1619/818 1611/1611/818 1617/1617/814
f 1618/1618/819 1612/1612/819 1619/1619/818
f 1620/1620/821 1614/1614/813 1613/1613/825
f 1621/1621/809 1614/1614/813 1620/1620/821
f 1622/1622/812 1615/1615/810 1616/1616/813
f 1623/1623/809 1622/1622/812 1616/1616/813
f 1624/1624/814 1617/1617/814 1615/1615/810
f 1624/1624/814 1619/1619/818 1617/1617/814
f 1622/1622/812 1624/1624/814 1615/1615/810
f 1625/1625/818 1618/1618/819 1619/1619/818
f 1625/1625/818 1619/1619/818 1624/1624/814
f 1626/1626/819 1613/1613/825 1618/1618/819
f 1620/1620/821 1613/1613/825 1626/1626/819
f 1626/1626/819 1618/1618/819 1625/1625/818
f 1627/1627/821 1621/1621/809 1620/1620/821
f 1628/1628/813 1621/1621/809 1627/1627/821
f 1629/1629/810 1622/1622/812 1623/1623/809
f 1630/1630/813 1629/1629/810 1623/1623/809
f 1631/1631/814 1624/1624/814 1622/1622/812
f 1631/1631/814 1625/1625/818 1624/1624/814
f 1629/1629/810 1631/1631/814 1622/1622/812
f 1632/1632/819 1620/1620/821 1626/1626/819
f 1627/1627/821 1620/1620/821 1632/1632/819
f 1633/1633/818 1626/1626/819 1625/1625/818
f 1633/1633/818 1625/1625/818 1631/1631/814
f 1632/1632/819 1626/1626/819 1633/1633/818
f 1634/1634/825 1628/1628/813 1627/1627/821
f 1635/1635/813 1628/1628/813 1634/1634/825
f 1636/1636/810 1629/1629/810 1630/1630/813
f 1637/1637/813 1636/1636/810 1630/1630/813
f 1638/1638/814 1631/1631/814 1629/1629/810
f 1638/1638/814 1633/1633/818 1631/1631/814
f 1636/1636/810 1638/1638/814 1629/1629/810
f 1639/1639/818 1632/1632/819 1633/1633/818
f 1639/1639/818 1633/1633/818 1638/1638/814
f 1640/1640/824 1627/1627/821 1632/1632/819
f 1634/1634/825 1627/1627/821 1640/1640/824
f 1640/1640/824 1632/1632/819 1639/1639/818
f 1641/1641/821 1635/1635/813 1634/1634/825
f 1642/1642/813 1635/1635/813 1641/1641/821
f 1643/1643/810 1636/1636/810 1637/1637/813
f 1644/1644/813 1643/1643/810 1637/1637/813
f 1645/1645/814 1638/1638/814 1636/1636/810
f 1645/1645/814 1639/1639/818 1638/1638/814
f 1643/1643/810 1645/1645/814 1636/1636/810
f 1646/1646/819 1634/1634/825 1640/1640/824
f 1641/1641/821 1634/1634/825 1646/1646/819
f 1647/1647/818 1640/1640/824 1639/1639/818
f 1647/1647/818 1639/1639/818 1645/1645/814
f 1646/1646/819 1640/1640/824 1647/1647/818
f 1648/1648/821 1642/1642/813 1641/1641/821
f 1649/1649/813 1642/1642/813 1648/1648/821
f 1650/1650/810 1643/1643/810 1644/1644/813
f 1651/1651/813 1650/1650/810 1644/1644/813
f 1652/1652/814 1645/1645/814 1643/1643/810
f 1652/1652/814 1647/1647/818 1645/1645/814
f 1650/1650/810 1652/1652/814 1643/1643/810
f 1653/1653/818 1646/1646/819 1647/1647/818
f 1653/1653/818 1647/1647/818 1652/1652/814
f 1654/1654/824 1641/1641/821 1646/1646/819
f 1648/1648/821 1641/1641/821 1654/1654/824
f 1654/1654/824 1646/1646/819 1653/1653/818
f 1655/1655/821 1649/1649/813 1648/1648/821
f 1656/1656/826 1649/1649/813 1655/1655/821
f 1657/1657/797 1656/1656/826 1655/1655/821
f 1658/1658/810 1650/1650/810 1651/1651/813
f 1659/1659/813 1658/1658/810 1651/1651/813
f 1660/1660/814 1652/1652/814 1650/1650/810
f 1660/1660/814 1653/1653/818 1652/1652/814
f 1658/1658/810 1660/1660/814 1650/1650/810
f 1661/1661/824 1648/1648/821 1654/1654/824
f 1655/1655/821 1648/1648/821 1661/1661/824
f 1657/1657/797 1655/1655/821 1662/1662/819
f 1662/1662/819 1655/1655/821 1661/1661/824
f 1663/1663/827 1657/1657/797 1662/1662/819
f 1664/1664/818 1654/1654/824 1653/1653/818
f 1664/1664/818 1653/1653/818 1660/1660/814
f 1661/1661/824 1654/1654/824 1664/1664/818
f 1665/1665/810 1658/1658/810 1659/1659/813
f 1666/1666/813 1665/1665/810 1659/1659/813
f 1667/1667/814 1660/1660/814 1658/1658/810
f 1667/1667/814 1664/1664/818 1660/1660/814
f 1665/1665/810 1667/1667/814 1658/1658/810
f 1668/1668/818 1661/1661/824 1664/1664/818
f 1662/1662/819 1661/1661/824 1668/1668/818
f 1668/1668/818 1664/1664/818 1667/1667/814
f 1663/1663/827 1662/1662/819 1669/1669/818
f 1669/1669/818 1662/1662/819 1668/1668/818
f 1670/1670/800 1663/1663/827 1669/1669/818
f 1671/1671/814 1668/1668/818 1667/1667/814
f 1671/1671/814 1667/1667/814 1665/1665/810
f 1669/1669/818 1668/1668/818 1671/1671/814
f 1672/1672/810 1665/1665/810 1666/1666/813
f 1672/1672/810 1671/1671/814 1665/1665/810
f 1673/1673/813 1672/1672/810 1666/1666/813
f 1670/1670/800 1669/1669/818 1674/1674/814
f 1674/1674/814 1669/1669/818 1671/1671/814
f 1674/1674/814 1671/1671/814 1672/1672/810
f 1675/1675/802 1670/1670/800 1674/1674/814
f 1676/1676/810 1672/1672/810 1673/1673/813
f 1676/1676/810 1674/1674/814 1672/1672/810
f 1675/1675/802 1674/1674/814 1676/1676/810
f 1677/1677/813 1676/1676/810 1673/1673/813
f 1678/1678/801 1675/1675/802 1676/1676/810
f 1678/1678/801 1676/1676/810 1677/1677/813
f 1679/1679/828 1678/1678/801 1677/1677/813
f 1680/1680/797 1681/1681/829 1682/1682/830
f 1681/1681/829 1683/1683/831 1682/1682/830
f 1684/1684/832 1682/1682/830 1683/1683/831
f 1685/1685/833 1684/1684/832 1683/1683/831
f 1686/1686/834 1687/1687/835 1688/1688/836
f 1687/1687/835 1689/1689/837 1688/1688/836
f 1687/1687/835 1690/1690/838 1689/1689/837
f 1690/1690/838 1691/1691/839 1689/1689/837
f 1692/1692/840 1693/1693/841 1694/1694/836
f 1693/1693/841 1695/1695/842 1694/1694/836
f 1694/1694/836 1695/1695/842 1696/1696/811
f 1697/1697/843 1695/1695/842 1693/1693/841
f 1698/1698/844 1697/1697/843 1693/1693/841
f 1695/1695/842 1699/1699/814 1696/1696/811
f 1696/1696/811 1699/1699/814 1700/1700/835
f 1701/1701/843 1697/1697/843 1698/1698/844
f 1702/1702/844 1701/1701/843 1698/1698/844
f 1697/1697/843 1703/1703/814 1695/1695/842
f 1703/1703/814 1699/1699/814 1695/1695/842
f 1699/1699/814 1704/1704/845 1700/1700/835
f 1700/1700/835 1704/1704/845 1705/1705/838
f 1706/1706/843 1701/1701/843 1702/1702/844
f 1707/1707/844 1706/1706/843 1702/1702/844
f 1701/1701/843 1708/1708/814 1697/1697/843
f 1708/1708/814 1703/1703/814 1697/1697/843
f 1703/1703/814 1709/1709/846 1699/1699/814
f 1709/1709/846 1704/1704/845 1699/1699/814
f 1704/1704/845 1710/1710/847 1705/1705/838
f 1705/1705/838 1710/1710/847 1711/1711/820
f 1706/1706/843 1712/1712/814 1701/1701/843
f 1712/1712/814 1708/1708/814 1701/1701/843
f 1713/1713/843 1706/1706/843 1707/1707/844
f 1714/1714/841 1713/1713/843 1707/1707/844
f 1708/1708/814 1715/1715/846 1703/1703/814
f 1715/1715/846 1709/1709/846 1703/1703/814
f 1709/1709/846 1716/1716/848 1704/1704/845
f 1716/1716/848 1710/1710/847 1704/1704/845
f 1710/1710/847 1717/1717/821 1711/1711/820
f 1711/1711/820 1717/1717/821 1718/1718/840
f 1717/1717/821 1719/1719/841 1718/1718/840
f 1720/1720/844 1719/1719/841 1717/1717/821
f 1721/1721/821 1717/1717/821 1710/1710/847
f 1721/1721/821 1720/1720/844 1717/1717/821
f 1716/1716/848 1721/1721/821 1710/1710/847
f 1722/1722/844 1720/1720/844 1721/1721/821
f 1723/1723/821 1722/1722/844 1721/1721/821
f 1723/1723/821 1721/1721/821 1716/1716/848
f 1724/1724/844 1722/1722/844 1723/1723/821
f 1725/1725/848 1716/1716/848 1709/1709/846
f 1725/1725/848 1723/1723/821 1716/1716/848
f 1715/1715/846 1725/1725/848 1709/1709/846
f 1726/1726/821 1724/1724/844 1723/1723/821
f 1726/1726/821 1723/1723/821 1725/1725/848
f 1727/1727/841 1724/1724/844 1726/1726/821
f 1728/1728/848 1725/1725/848 1715/1715/846
f 1728/1728/848 1726/1726/821 1725/1725/848
f 1729/1729/821 1727/1727/841 1726/1726/821
f 1729/1729/821 1726/1726/821 1728/1728/848
f 1730/1730/841 1727/1727/841 1729/1729/821
f 1731/1731/846 1728/1728/848 1715/1715/846
f 1731/1731/846 1715/1715/846 1708/1708/814
f 1712/1712/814 1731/1731/846 1708/1708/814
f 1732/1732/821 1730/1730/841 1729/1729/821
f 1733/1733/844 1730/1730/841 1732/1732/821
f 1734/1734/848 1729/1729/821 1728/1728/848
f 1734/1734/848 1728/1728/848 1731/1731/846
f 1732/1732/821 1729/1729/821 1734/1734/848
f 1735/1735/846 1731/1731/846 1712/1712/814
f 1735/1735/846 1734/1734/848 1731/1731/846
f 1736/1736/821 1733/1733/844 1732/1732/821
f 1737/1737/841 1733/1733/844 1736/1736/821
f 1738/1738/848 1732/1732/821 1734/1734/848
f 1738/1738/848 1734/1734/848 1735/1735/846
f 1736/1736/821 1732/1732/821 1738/1738/848
f 1739/1739/814 1735/1735/846 1712/1712/814
f 1739/1739/814 1712/1712/814 1706/1706/843
f 1713/1713/843 1739/1739/814 1706/1706/843
f 1740/1740/821 1737/1737/841 1736/1736/821
f 1741/1741/844 1737/1737/841 1740/1740/821
f 1742/1742/846 1738/1738/848 1735/1735/846
f 1742/1742/846 1735/1735/846 1739/1739/814
f 1743/1743/848 1736/1736/821 1738/1738/848
f 1740/1740/821 1736/1736/821 1743/1743/848
f 1743/1743/848 1738/1738/848 1742/1742/846
f 1744/1744/814 1739/1739/814 1713/1713/843
f 1744/1744/814 1742/1742/846 1739/1739/814
f 1745/1745/821 1741/1741/844 1740/1740/821
f 1746/1746/841 1741/1741/844 1745/1745/821
f 1747/1747/848 1740/1740/821 1743/1743/848
f 1745/1745/821 1740/1740/821 1747/1747/848
f 1748/1748/846 1743/1743/848 1742/1742/846
f 1748/1748/846 1742/1742/846 1744/1744/814
f 1747/1747/848 1743/1743/848 1748/1748/846
f 1749/1749/843 1744/1744/814 1713/1713/843
f 1749/1749/843 1713/1713/843 1714/1714/841
f 1750/1750/841 1749/1749/843 1714/1714/841
f 1751/1751/821 1746/1746/841 1745/1745/821
f 1752/1752/844 1746/1746/841 1751/1751/821
f 1753/1753/814 1748/1748/846 1744/1744/814
f 1753/1753/814 1744/1744/814 1749/1749/843
f 1754/1754/843 1749/1749/843 1750/1750/841
f 1754/1754/843 1753/1753/814 1749/1749/843
f 1755/1755/844 1754/1754/843 1750/1750/841
f 1756/1756/846 1747/1747/848 1748/1748/846
f 1756/1756/846 1748/1748/846 1753/1753/814
f 1757/1757/848 1745/1745/821 1747/1747/848
f 1751/1751/821 1745/1745/821 1757/1757/848
f 1757/1757/848 1747/1747/848 1756/1756/846
f 1758/1758/821 1752/1752/844 1751/1751/821
f 1759/1759/841 1752/1752/844 1758/1758/821
f 1760/1760/843 1754/1754/843 1755/1755/844
f 1761/1761/841 1760/1760/843 1755/1755/844
f 1762/1762/814 1753/1753/814 1754/1754/843
f 1762/1762/814 1756/1756/846 1753/1753/814
f 1760/1760/843 1762/1762/814 1754/1754/843
f 1763/1763/848 1751/1751/821 1757/1757/848
f 1758/1758/821 1751/1751/821 1763/1763/848
f 1764/1764/846 1757/1757/848 1756/1756/846
f 1764/1764/846 1756/1756/846 1762/1762/814
f 1763/1763/848 1757/1757/848 1764/1764/846
f 1765/1765/821 1759/1759/841 1758/1758/821
f 1766/1766/844 1759/1759/841 1765/1765/821
f 1767/1767/843 1760/1760/843 1761/1761/841
f 1768/1768/844 1767/1767/843 1761/1761/841
f 1769/1769/814 1762/1762/814 1760/1760/843
f 1769/1769/814 1764/1764/846 1762/1762/814
f 1767/1767/843 1769/1769/814 1760/1760/843
f 1770/1770/846 1763/1763/848 1764/1764/846
f 1770/1770/846 1764/1764/846 1769/1769/814
f 1771/1771/849 1758/1758/821 1763/1763/848
f 1765/1765/821 1758/1758/821 1771/1771/849
f 1771/1771/849 1763/1763/848 1770/1770/846
f 1772/1772/821 1766/1766/844 1765/1765/821
f 1773/1773/844 1766/1766/844 1772/1772/821
f 1774/1774/843 1767/1767/843 1768/1768/844
f 1775/1775/841 1774/1774/843 1768/1768/844
f 1776/1776/814 1769/1769/814 1767/1767/843
f 1776/1776/814 1770/1770/846 1769/1769/814
f 1774/1774/843 1776/1776/814 1767/1767/843
f 1777/1777/848 1765/1765/821 1771/1771/849
f 1772/1772/821 1765/1765/821 1777/1777/848
f 1778/1778/850 1771/1771/849 1770/1770/846
f 1778/1778/850 1770/1770/846 1776/1776/814
f 1777/1777/848 1771/1771/849 1778/1778/850
f 1779/1779/821 1773/1773/844 1772/1772/821
f 1780/1780/844 1773/1773/844 1779/1779/821
f 1781/1781/843 1774/1774/843 1775/1775/841
f 1782/1782/844 1781/1781/843 1775/1775/841
f 1783/1783/814 1776/1776/814 1774/1774/843
f 1783/1783/814 1778/1778/850 1776/1776/814
f 1781/1781/843 1783/1783/814 1774/1774/843
f 1784/1784/846 1777/1777/848 1778/1778/850
f 1784/1784/846 1778/1778/850 1783/1783/814
f 1785/1785/848 1772/1772/821 1777/1777/848
f 1779/1779/821 1772/1772/821 1785/1785/848
f 1785/1785/848 1777/1777/848 1784/1784/846
f 1786/1786/821 1780/1780/844 1779/1779/821
f 1787/1787/844 1780/1780/844 1786/1786/821
f 1788/1788/843 1781/1781/843 1782/1782/844
f 1789/1789/841 1788/1788/843 1782/1782/844
f 1790/1790/814 1783/1783/814 1781/1781/843
f 1790/1790/814 1784/1784/846 1783/1783/814
f 1788/1788/843 1790/1790/814 1781/1781/843
f 1791/1791/849 1779/1779/821 1785/1785/848
f 1786/1786/821 1779/1779/821 1791/1791/849
f 1792/1792/846 1785/1785/848 1784/1784/846
f 1792/1792/846 1784/1784/846 1790/1790/814
f 1791/1791/849 1785/1785/848 1792/1792/846
f 1793/1793/821 1787/1787/844 1786/1786/821
f 1794/1794/844 1787/1787/844 1793/1793/821
f 1795/1795/843 1788/1788/843 1789/1789/841
f 1796/1796/841 1795/1795/843 1789/1789/841
f 1797/1797/851 1790/1790/814 1788/1788/843
f 1797/1797/851 1792/1792/846 1790/1790/814
f 1795/1795/843 1797/1797/851 1788/1788/843
f 1798/1798/846 1791/1791/849 1792/1792/846
f 1798/1798/846 1792/1792/846 1797/1797/851
f 1799/1799/848 1786/1786/821 1791/1791/849
f 1793/1793/821 1786/1786/821 1799/1799/848
f 1799/1799/848 1791/1791/849 1798/1798/846
f 1800/1800/821 1794/1794/844 1793/1793/821
f 1801/1801/852 1794/1794/844 1800/1800/821
f 1802/1802/797 1801/1801/852 1800/1800/821
f 1803/1803/843 1795/1795/843 1796/1796/841
f 1804/1804/844 1803/1803/843 1796/1796/841
f 1805/1805/814 1797/1797/851 1795/1795/843
f 1805/1805/814 1798/1798/846 1797/1797/851
f 1803/1803/843 1805/1805/814 1795/1795/843
f 1806/1806/849 1793/1793/821 1799/1799/848
f 1800/1800/821 1793/1793/821 1806/1806/849
f 1802/1802/797 1800/1800/821 1807/1807/849
f 1807/1807/849 1800/1800/821 1806/1806/849
f 1808/1808/829 1802/1802/797 1807/1807/849
f 1809/1809/846 1799/1799/848 1798/1798/846
f 1809/1809/846 1798/1798/846 1805/1805/814
f 1806/1806/849 1799/1799/848 1809/1809/846
f 1810/1810/843 1803/1803/843 1804/1804/844
f 1811/1811/844 1810/1810/843 1804/1804/844
f 1812/1812/814 1805/1805/814 1803/1803/843
f 1812/1812/814 1809/1809/846 1805/1805/814
f 1810/1810/843 1812/1812/814 1803/1803/843
f 1813/1813/846 1806/1806/849 1809/1809/846
f 1807/1807/849 1806/1806/849 1813/1813/846
f 1813/1813/846 1809/1809/846 1812/1812/814
f 1808/1808/829 1807/1807/849 1814/1814/846
f 1814/1814/846 1807/1807/849 1813/1813/846
f 1815/1815/831 1808/1808/829 1814/1814/846
f 1816/1816/814 1813/1813/846 1812/1812/814
f 1816/1816/814 1812/1812/814 1810/1810/843
f 1814/1814/846 1813/1813/846 1816/1816/814
f 1817/1817/853 1810/1810/843 1811/1811/844
f 1817/1817/853 1816/1816/814 1810/1810/843
f 1818/1818/844 1817/1817/853 1811/1811/844
f 1815/1815/831 1814/1814/846 1819/1819/851
f 1819/1819/851 1814/1814/846 1816/1816/814
f 1819/1819/851 1816/1816/814 1817/1817/853
f 1820/1820/802 1815/1815/831 1819/1819/851
f 1821/1821/843 1817/1817/853 1818/1818/844
f 1821/1821/843 1819/1819/851 1817/1817/853
f 1820/1820/802 1819/1819/851 1821/1821/843
f 1822/1822/844 1821/1821/843 1818/1818/844
f 1823/1823/832 1820/1820/802 1821/1821/843
f 1823/1823/832 1821/1821/843 1822/1822/844
f 1824/1824/826 1823/1823/832 1822/1822/844
f 1825/1825/797 1826/1826/854 1827/1827/826
f 1826/1826/854 1828/1828/855 1827/1827/826
f 1829/1829/801 1827/1827/826 1828/1828/855
f 1830/1830/802 1829/1829/801 1828/1828/855
f 1831/1831/856 1832/1832/815 1833/1833/805
f 1832/1832/815 1834/1834/857 1833/1833/805
f 1832/1832/815 1835/1835/807 1834/1834/857
f 1835/1835/807 1836/1836/858 1834/1834/857
f 1837/1837/806 1838/1838/813 1839/1839/805
f 1838/1838/813 1840/1840/810 1839/1839/805
f 1839/1839/805 1840/1840/810 1841/1841/803
f 1842/1842/812 1840/1840/810 1838/1838/813
f 1843/1843/813 1842/1842/812 1838/1838/813
f 1840/1840/810 1844/1844/814 1841/1841/803
f 1841/1841/803 1844/1844/814 1845/1845/815
f 1846/1846/810 1842/1842/812 1843/1843/813
f 1847/1847/813 1846/1846/810 1843/1843/813
f 1842/1842/812 1848/1848/817 1840/1840/810
f 1848/1848/817 1844/1844/814 1840/1840/810
f 1844/1844/814 1849/1849/818 1845/1845/815
f 1845/1845/815 1849/1849/818 1850/1850/807
f 1851/1851/810 1846/1846/810 1847/1847/813
f 1852/1852/813 1851/1851/810 1847/1847/813
f 1846/1846/810 1853/1853/817 1842/1842/812
f 1853/1853/817 1848/1848/817 1842/1842/812
f 1848/1848/817 1854/1854/818 1844/1844/814
f 1854/1854/818 1849/1849/818 1844/1844/814
f 1849/1849/818 1855/1855/819 1850/1850/807
f 1850/1850/807 1855/1855/819 1856/1856/808
f 1851/1851/810 1857/1857/817 1846/1846/810
f 1857/1857/817 1853/1853/817 1846/1846/810
f 1858/1858/810 1851/1851/810 1852/1852/813
f 1859/1859/813 1858/1858/810 1852/1852/813
f 1853/1853/817 1860/1860/818 1848/1848/817
f 1860/1860/818 1854/1854/818 1848/1848/817
f 1854/1854/818 1861/1861/819 1849/1849/818
f 1861/1861/819 1855/1855/819 1849/1849/818
f 1855/1855/819 1862/1862/821 1856/1856/808
f 1856/1856/808 1862/1862/821 1863/1863/806
f 1862/1862/821 1864/1864/859 1863/1863/806
f 1865/1865/841 1864/1864/859 1862/1862/821
f 1866/1866/823 1862/1862/821 1855/1855/819
f 1866/1866/823 1865/1865/841 1862/1862/821
f 1861/1861/819 1866/1866/823 1855/1855/819
f 1867/1867/841 1865/1865/841 1866/1866/823
f 1868/1868/823 1867/1867/841 1866/1866/823
f 1868/1868/823 1866/1866/823 1861/1861/819
f 1869/1869/813 1867/1867/841 1868/1868/823
f 1870/1870/824 1861/1861/819 1854/1854/818
f 1870/1870/824 1868/1868/823 1861/1861/819
f 1860/1860/818 1870/1870/824 1854/1854/818
f 1871/1871/823 1869/1869/813 1868/1868/823
f 1871/1871/823 1868/1868/823 1870/1870/824
f 1872/1872/813 1869/1869/813 1871/1871/823
f 1873/1873/819 1870/1870/824 1860/1860/818
f 1873/1873/819 1871/1871/823 1870/1870/824
f 1874/1874/823 1872/1872/813 1871/1871/823
f 1874/1874/823 1871/1871/823 1873/1873/819
f 1875/1875/813 1872/1872/813 1874/1874/823
f 1876/1876/818 1873/1873/819 1860/1860/818
f 1876/1876/818 1860/1860/818 1853/1853/817
f 1857/1857/817 1876/1876/818 1853/1853/817
f 1877/1877/823 1875/1875/813 1874/1874/823
f 1878/1878/813 1875/1875/813 1877/1877/823
f 1879/1879/819 1874/1874/823 1873/1873/819
f 1879/1879/819 1873/1873/819 1876/1876/818
f 1877/1877/823 1874/1874/823 1879/1879/819
f 1880/1880/818 1876/1876/818 1857/1857/817
f 1880/1880/818 1879/1879/819 1876/1876/818
f 1881/1881/823 1878/1878/813 1877/1877/823
f 1882/1882/813 1878/1878/813 1881/1881/823
f 1883/1883/819 1877/1877/823 1879/1879/819
f 1883/1883/819 1879/1879/819 1880/1880/818
f 1881/1881/823 1877/1877/823 1883/1883/819
f 1884/1884/817 1880/1880/818 1857/1857/817
f 1884/1884/817 1857/1857/817 1851/1851/810
f 1858/1858/810 1884/1884/817 1851/1851/810
f 1885/1885/823 1882/1882/813 1881/1881/823
f 1886/1886/813 1882/1882/813 1885/1885/823
f 1887/1887/818 1883/1883/819 1880/1880/818
f 1887/1887/818 1880/1880/818 1884/1884/817
f 1888/1888/819 1881/1881/823 1883/1883/819
f 1885/1885/823 1881/1881/823 1888/1888/819
f 1888/1888/819 1883/1883/819 1887/1887/818
f 1889/1889/817 1884/1884/817 1858/1858/810
f 1889/1889/817 1887/1887/818 1884/1884/817
f 1890/1890/823 1886/1886/813 1885/1885/823
f 1891/1891/813 1886/1886/813 1890/1890/823
f 1892/1892/819 1885/1885/823 1888/1888/819
f 1890/1890/823 1885/1885/823 1892/1892/819
f 1893/1893/818 1888/1888/819 1887/1887/818
f 1893/1893/818 1887/1887/818 1889/1889/817
f 1892/1892/819 1888/1888/819 1893/1893/818
f 1894/1894/810 1889/1889/817 1858/1858/810
f 1894/1894/810 1858/1858/810 1859/1859/813
f 1895/1895/813 1894/1894/810 1859/1859/813
f 1896/1896/823 1891/1891/813 1890/1890/823
f 1897/1897/813 1891/1891/813 1896/1896/823
f 1898/1898/817 1893/1893/818 1889/1889/817
f 1898/1898/817 1889/1889/817 1894/1894/810
f 1899/1899/810 1894/1894/810 1895/1895/813
f 1899/1899/810 1898/1898/817 1894/1894/810
f 1900/1900/813 1899/1899/810 1895/1895/813
f 1901/1901/818 1892/1892/819 1893/1893/818
f 1901/1901/818 1893/1893/818 1898/1898/817
f 1902/1902/819 1890/1890/823 1892/1892/819
f 1896/1896/823 1890/1890/823 1902/1902/819
f 1902/1902/819 1892/1892/819 1901/1901/818
f 1903/1903/823 1897/1897/813 1896/1896/823
f 1904/1904/813 1897/1897/813 1903/1903/823
f 1905/1905/810 1899/1899/810 1900/1900/813
f 1906/1906/813 1905/1905/810 1900/1900/813
f 1907/1907/817 1898/1898/817 1899/1899/810
f 1907/1907/817 1901/1901/818 1898/1898/817
f 1905/1905/810 1907/1907/817 1899/1899/810
f 1908/1908/824 1896/1896/823 1902/1902/819
f 1903/1903/823 1896/1896/823 1908/1908/824
f 1909/1909/818 1902/1902/819 1901/1901/818
f 1909/1909/818 1901/1901/818 1907/1907/817
f 1908/1908/824 1902/1902/819 1909/1909/818
f 1910/1910/823 1904/1904/813 1903/1903/823
f 1911/1911/813 1904/1904/813 1910/1910/823
f 1912/1912/810 1905/1905/810 1906/1906/813
f 1913/1913/813 1912/1912/810 1906/1906/813
f 1914/1914/817 1907/1907/817 1905/1905/810
f 1914/1914/817 1909/1909/818 1907/1907/817
f 1912/1912/810 1914/1914/817 1905/1905/810
f 1915/1915/818 1908/1908/824 1909/1909/818
f 1915/1915/818 1909/1909/818 1914/1914/817
f 1916/1916/824 1903/1903/823 1908/1908/824
f 1910/1910/823 1903/1903/823 1916/1916/824
f 1916/1916/824 1908/1908/824 1915/1915/818
f 1917/1917/823 1911/1911/813 1910/1910/823
f 1918/1918/813 1911/1911/813 1917/1917/823
f 1919/1919/810 1912/1912/810 1913/1913/813
f 1920/1920/813 1919/1919/810 1913/1913/813
f 1921/1921/817 1914/1914/817 1912/1912/810
f 1921/1921/817 1915/1915/818 1914/1914/817
f 1919/1919/810 1921/1921/817 1912/1912/810
f 1922/1922/819 1910/1910/823 1916/1916/824
f 1917/1917/823 1910/1910/823 1922/1922/819
f 1923/1923/818 1916/1916/824 1915/1915/818
f 1923/1923/818 1915/1915/818 1921/1921/817
f 1922/1922/819 1916/1916/824 1923/1923/818
f 1924/1924/823 1918/1918/813 1917/1917/823
f 1925/1925/813 1918/1918/813 1924/1924/823
f 1926/1926/810 1919/1919/810 1920/1920/813
f 1927/1927/813 1926/1926/810 1920/1920/813
f 1928/1928/817 1921/1921/817 1919/1919/810
f 1928/1928/817 1923/1923/818 1921/1921/817
f 1926/1926/810 1928/1928/817 1919/1919/810
f 1929/1929/818 1922/1922/819 1923/1923/818
f 1929/1929/818 1923/1923/818 1928/1928/817
f 1930/1930/819 1917/1917/823 1922/1922/819
f 1924/1924/823 1917/1917/823 1930/1930/819
f 1930/1930/819 1922/1922/819 1929/1929/818
f 1931/1931/823 1925/1925/813 1924/1924/823
f 1932/1932/841 1925/1925/813 1931/1931/823
f 1933/1933/810 1926/1926/810 1927/1927/813
f 1934/1934/813 1933/1933/810 1927/1927/813
f 1935/1935/817 1928/1928/817 1926/1926/810
f 1935/1935/817 1929/1929/818 1928/1928/817
f 1933/1933/810 1935/1935/817 1926/1926/810
f 1936/1936/819 1924/1924/823 1930/1930/819
f 1931/1931/823 1924/1924/823 1936/1936/819
f 1937/1937/818 1930/1930/819 1929/1929/818
f 1937/1937/818 1929/1929/818 1935/1935/817
f 1936/1936/819 1930/1930/819 1937/1937/818
f 1938/1938/823 1932/1932/841 1931/1931/823
f 1939/1939/813 1932/1932/841 1938/1938/823
f 1940/1940/810 1933/1933/810 1934/1934/813
f 1941/1941/813 1940/1940/810 1934/1934/813
f 1942/1942/817 1935/1935/817 1933/1933/810
f 1942/1942/817 1937/1937/818 1935/1935/817
f 1940/1940/810 1942/1942/817 1933/1933/810
f 1943/1943/818 1936/1936/819 1937/1937/818
f 1943/1943/818 1937/1937/818 1942/1942/817
f 1944/1944/819 1931/1931/823 1936/1936/819
f 1938/1938/823 1931/1931/823 1944/1944/819
f 1944/1944/819 1936/1936/819 1943/1943/818
f 1945/1945/821 1939/1939/813 1938/1938/823
f 1946/1946/828 1939/1939/813 1945/1945/821
f 1947/1947/797 1946/1946/828 1945/1945/821
f 1948/1948/810 1940/1940/810 1941/1941/813
f 1949/1949/813 1948/1948/810 1941/1941/813
f 1950/1950/817 1942/1942/817 1940/1940/810
f 1950/1950/817 1943/1943/818 1942/1942/817
f 1948/1948/810 1950/1950/817 1940/1940/810
f 1951/1951/819 1938/1938/823 1944/1944/819
f 1945/1945/821 1938/1938/823 1951/1951/819
f 1947/1947/797 1945/1945/821 1952/1952/824
f 1952/1952/824 1945/1945/821 1951/1951/819
f 1953/1953/854 1947/1947/797 1952/1952/824
f 1954/1954/818 1944/1944/819 1943/1943/818
f 1954/1954/818 1943/1943/818 1950/1950/817
f 1951/1951/819 1944/1944/819 1954/1954/818
f 1955/1955/812 1948/1948/810 1949/1949/813
f 1956/1956/841 1955/1955/812 1949/1949/813
f 1957/1957/817 1950/1950/817 1948/1948/810
f 1957/1957/817 1954/1954/818 1950/1950/817
f 1955/1955/812 1957/1957/817 1948/1948/810
f 1958/1958/860 1951/1951/819 1954/1954/818
f 1952/1952/824 1951/1951/819 1958/1958/860
f 1958/1958/860 1954/1954/818 1957/1957/817
f 1953/1953/854 1952/1952/824 1959/1959/818
f 1959/1959/818 1952/1952/824 1958/1958/860
f 1960/1960/800 1953/1953/854 1959/1959/818
f 1961/1961/817 1958/1958/860 1957/1957/817
f 1961/1961/817 1957/1957/817 1955/1955/812
f 1959/1959/818 1958/1958/860 1961/1961/817
f 1962/1962/810 1955/1955/812 1956/1956/841
f 1962/1962/810 1961/1961/817 1955/1955/812
f 1963/1963/813 1962/1962/810 1956/1956/841
f 1960/1960/800 1959/1959/818 1964/1964/814
f 1964/1964/814 1959/1959/818 1961/1961/817
f 1964/1964/814 1961/1961/817 1962/1962/810
f 1965/1965/802 1960/1960/800 1964/1964/814
f 1966/1966/810 1962/1962/810 1963/1963/813
f 1966/1966/810 1964/1964/814 1962/1962/810
f 1965/1965/802 1964/1964/814 1966/1966/810
f 1967/1967/813 1966/1966/810 1963/1963/813
f 1968/1968/801 1965/1965/802 1966/1966/810
f 1968/1968/801 1966/1966/810 1967/1967/813
f 1969/1969/826 1968/1968/801 1967/1967/813
f 1970/1970/861 1971/1971/862 1972/1972/861
f 1971/1971/862 1973/1973/862 1972/1972/861
f 1971/1971/862 1974/1974/863 1973/1973/862
f 1974/1974/863 1975/1975/863 1973/1973/862
f 1974/1974/863 1976/1976/864 1975/1975/863
f 1976/1976/864 1977/1977/864 1975/1975/863
f 1976/1976/864 1978/1978/865 1977/1977/864
f 1978/1978/865 1979/1979/865 1977/1977/864
f 1978/1978/865 1980/1980/866 1979/1979/865
f 1980/1980/866 1981/1981/866 1979/1979/865
f 1980/1980/866 1982/1982/867 1981/1981/866
f 1982/1982/867 1983/1983/868 1981/1981/866
f 1982/1982/867 1984/1984/869 1983/1983/868
f 1984/1984/869 1985/1985/869 1983/1983/868
f 1984/1984/869 1986/1986/870 1985/1985/869
f 1986/1986/870 1987/1987/870 1985/1985/869
f 1986/1986/870 1988/1988/871 1987/1987/870
f 1988/1988/871 1989/1989/871 1987/1987/870
f 1988/1988/871 1990/1990/872 1989/1989/871
f 1990/1990/872 1991/1991/872 1989/1989/871
f 1990/1990/872 1992/1992/873 1991/1991/872
f 1992/1992/873 1993/1993/873 1991/1991/872
f 1992/1992/873 1994/1994/861 1993/1993/873
f 1994/1994/861 1995/1995/861 1993/1993/873
f 1996/1996/696 1997/1997/696 1998/1998/696
f 1998/1998/696 1997/1997/696 1999/1999/696
f 2000/2000/696 1997/1997/696 1996/1996/696
f 1999/1999/696 1997/1997/696 2001/2001/696
f 2002/2002/696 1997/1997/696 2000/2000/696
f 2001/2001/696 1997/1997/696 2003/2003/696
f 2004/2004/696 1997/1997/696 2002/2002/696
f 2003/2003/696 1997/1997/696 2005/2005/696
f 2006/2006/696 1997/1997/696 2004/2004/696
f 2005/2005/696 1997/1997/696 2007/2007/696
f 2008/2008/696 1997/1997/696 2006/2006/696
f 2007/2007/696 1997/1997/696 2008/2008/696
o Ropes_E.001
v -11.937735 8.963571 11.782728
v -11.937735 9.079025 11.782728
v -11.231097 9.085320 11.078341
v -11.241959 9.027393 11.067477
v -11.231097 8.969866 11.078341
v -11.231097 9.085320 11.078341
v -11.937735 8.963571 11.782728
v -11.937735 9.079025 11.782728
v -11.866933 9.136553 11.853127
v -11.201329 9.127157 11.108109
v -11.866933 9.136553 11.853127
v -11.160699 9.142847 11.149142
v -11.796535 9.079025 11.923931
v -11.119667 9.127157 11.189773
v -11.796535 9.079025 11.923931
v -11.089899 9.085320 11.219541
v -11.796535 9.079025 11.923931
v -11.796535 8.963571 11.923931
v -11.089899 8.969866 11.219541
v -11.166412 9.277339 10.539086
v -11.116130 9.394603 10.471704
v -11.116130 9.394603 10.471302
v -11.938858 7.472010 11.782727
v -11.938858 7.587465 11.782727
v -11.234470 7.587466 11.078340
v -11.245331 7.529537 11.067473
v -11.234470 7.472012 11.078340
v -11.868058 7.414083 11.853127
v -11.938858 7.472010 11.782727
v -11.204699 7.429774 11.108104
v -11.164067 7.414083 11.149140
v -11.204699 7.629304 11.108104
v -11.868058 7.644991 11.853127
v -11.164067 7.644993 11.149140
v -11.797659 7.587465 11.923928
v -11.123036 7.629304 11.189767
v -11.797659 7.587465 11.923928
v -11.093267 7.587466 11.219539
v -11.234470 7.587466 11.078340
v -11.234470 7.472012 11.078340
v -11.938858 7.472010 11.782727
v -11.938858 7.587465 11.782727
v -11.868058 7.644991 11.853127
v -11.170906 7.776337 10.539083
v -11.120623 7.893601 10.471702
v -11.120623 7.893601 10.471299
v -11.938859 5.949712 11.782723
v -11.938859 6.065166 11.782723
v -11.234474 6.065167 11.078333
v -11.245331 6.007239 11.067470
v -11.234474 5.949712 11.078333
v -11.868058 5.891784 11.853124
v -11.938859 5.949712 11.782723
v -11.204702 5.907474 11.108100
v -11.164074 5.891785 11.149132
v -11.204702 6.107005 11.108100
v -11.868058 6.122693 11.853124
v -11.164074 6.122693 11.149132
v -11.797660 6.065166 11.923924
v -11.123040 6.107005 11.189763
v -11.797660 6.065166 11.923924
v -11.093270 6.065167 11.219530
v -11.234474 6.065167 11.078333
v -11.234474 5.949712 11.078333
v -11.938859 5.949712 11.782723
v -11.938859 6.065166 11.782723
v -11.868058 6.122693 11.853124
v -11.170911 6.254038 10.539075
v -11.120627 6.371302 10.471694
v -11.120627 6.371302 10.471291
v -11.119667 8.927629 11.189773
v -11.089899 8.969866 11.219541
v -11.796535 8.963571 11.923931
v -11.160699 8.911938 11.149142
v -11.866933 8.905643 11.853127
v -11.201329 8.927629 11.108109
v -11.160699 8.911938 11.149142
v -11.866933 8.905643 11.853127
v -11.231097 8.969866 11.078341
v -11.937735 8.963571 11.782728
v -12.076438 8.970482 12.043804
v -12.100976 9.005480 12.018864
v -11.866531 8.973630 11.835026
v -11.891471 9.008628 11.810487
v -12.092126 9.052951 12.028115
v -11.882221 9.056098 11.819337
v -12.058738 9.065418 12.061505
v -11.848832 9.068567 11.853127
v -12.033796 9.030825 12.086442
v -11.824292 9.033972 11.877667
v -12.043052 8.983355 12.077192
v -11.833142 8.986502 11.868413
v -12.076438 8.970482 12.043804
v -11.866531 8.973630 11.835026
v -11.178802 8.979923 11.149144
v -11.203340 9.014921 11.124601
v -10.849013 8.983072 10.820480
v -10.873551 9.018068 10.795943
v -11.194086 9.062391 11.133453
v -10.864302 9.065540 10.804790
v -11.160697 9.074862 11.167244
v -10.830914 9.078009 10.838584
v -11.136157 9.040267 11.191783
v -10.806374 9.043413 10.863124
v -11.145010 8.992797 11.182530
v -10.815223 8.995943 10.853872
v -11.178802 8.979923 11.149144
v -10.849013 8.983072 10.820480
v -11.866933 8.905643 11.853127
v -11.937735 9.079025 11.782728
v -11.937735 8.963571 11.782728
v -11.796535 9.079025 11.923931
v -11.796535 8.963571 11.923931
v -11.866933 9.136553 11.853127
v -11.089899 8.969866 11.219541
v -11.079036 9.027393 11.230805
v -11.089899 9.085320 11.219541
v -11.160699 9.142847 11.149142
v -11.119667 9.127157 11.189773
v -11.201329 9.127157 11.108109
v -11.241959 9.027393 11.067477
v -11.231097 9.085320 11.078341
v -11.119667 8.927629 11.189773
v -11.079036 9.027393 11.230805
v -11.089899 9.085320 11.219541
v -11.089899 8.969866 11.219541
v -11.201329 8.927629 11.108109
v -11.160699 8.911938 11.149142
v -11.231097 8.969866 11.078341
v -10.570636 8.972610 11.037310
v -10.674426 9.003185 11.082366
v -10.607644 8.904224 11.209686
v -10.731951 8.942240 11.220749
v -11.089576 9.003185 10.667212
v -10.738389 8.733255 11.249714
v -10.617301 8.763427 11.247701
v -10.620720 8.550419 11.132048
v -11.227961 8.942240 10.724738
v -11.256927 8.733255 10.731175
v -11.216901 8.904224 10.600434
v -11.044521 8.972610 10.563424
v -11.254910 8.763427 10.610087
v -11.169830 8.630071 10.525008
v -11.139259 8.550420 10.613509
v -11.169830 8.630071 10.525008
v -10.897687 8.574153 10.371737
v -10.988203 8.651794 10.343377
v -10.378948 8.574153 10.890278
v -10.532221 8.630070 11.162621
v -10.617301 8.763427 11.247701
v -10.350590 8.651794 10.980991
v -10.747642 8.808884 10.221488
v -10.868323 8.839457 10.223498
v -10.229101 8.808884 10.740427
v -10.742608 9.148209 10.216861
v -10.940733 8.919512 10.407340
v -10.863695 9.128094 10.219073
v -11.092395 8.780321 10.437914
v -11.169830 8.630071 10.525008
v -11.254910 8.763427 10.610087
v -11.216901 8.904224 10.600434
v -11.044521 8.972610 10.563424
v -11.012338 9.145592 10.351422
v -11.044521 8.972610 10.563424
v -11.166412 9.277339 10.539086
v -11.116130 9.394603 10.471302
v -11.056190 9.424372 10.411362
v -10.964265 9.364433 10.319643
v -10.964265 9.364433 10.319643
v -10.865909 9.435033 10.339959
v -11.056190 9.424372 10.411362
v -10.224072 9.148208 10.735400
v -10.230710 8.839456 10.861114
v -10.347171 9.435033 10.858697
v -11.045728 9.494771 10.519979
v -11.056190 9.424372 10.411362
v -11.116130 9.394603 10.471302
v -10.226287 9.128093 10.856487
v -10.416563 8.921925 10.935534
v -10.450758 8.783138 11.085585
v -10.532221 8.630070 11.162621
v -10.617301 8.763427 11.247701
v -10.570636 8.972610 11.037310
v -10.607644 8.904224 11.209686
v -10.617301 8.763427 11.247701
v -10.359842 9.147604 11.007140
v -10.570636 8.972610 11.037310
v -10.326857 9.364433 10.957056
v -10.546301 9.277339 11.159203
v -10.448748 9.409487 11.078948
v -10.570636 8.972610 11.037310
v -10.546301 9.277339 11.159203
v -10.674426 9.003185 11.082366
v -10.665775 9.297855 11.163023
v -11.089576 9.003185 10.667212
v -10.527190 9.494771 11.038517
v -10.448748 9.409487 11.078948
v -11.170234 9.297855 10.658565
v -11.166412 9.277339 10.539086
v -11.044521 8.972610 10.563424
v -11.116130 9.394603 10.471704
v -11.116130 9.394603 10.471302
v -10.326857 9.364433 10.957056
v -10.226287 9.128093 10.856487
v -10.448748 9.409487 11.078948
v -12.078451 8.950769 11.964556
v -11.978684 8.950769 12.064323
v -12.090117 8.950769 12.176150
v -12.189881 8.950769 12.076387
v -12.090117 9.087143 12.176150
v -11.978684 9.087143 12.064323
v -12.078451 9.087142 11.964556
v -12.189881 9.087143 12.076387
v -11.978684 9.087143 12.064323
v -11.978684 8.950769 12.064323
v -12.078451 8.950769 11.964556
v -12.078451 9.087142 11.964556
v -12.078451 9.087142 11.964556
v -12.078451 8.950769 11.964556
v -12.189881 8.950769 12.076387
v -12.189881 9.087143 12.076387
v -12.090117 9.087143 12.176150
v -12.090117 8.950769 12.176150
v -11.978684 8.950769 12.064323
v -11.978684 9.087143 12.064323
v -11.797659 7.472010 11.923928
v -11.164067 7.414083 11.149140
v -11.123036 7.429774 11.189767
v -11.797659 7.472010 11.923928
v -11.868058 7.414083 11.853127
v -11.093267 7.472012 11.219539
v -11.797659 7.587465 11.923928
v -12.076438 7.482067 12.043804
v -12.100976 7.517065 12.018864
v -11.867655 7.482068 11.835024
v -11.892596 7.517066 11.810487
v -12.092126 7.564535 12.028115
v -11.883346 7.564536 11.819336
v -12.058738 7.577004 12.061505
v -11.849955 7.577004 11.853127
v -12.033796 7.542409 12.086442
v -11.825415 7.542410 11.877665
v -12.043052 7.494940 12.077192
v -11.834267 7.494941 11.868412
v -12.076438 7.482067 12.043804
v -11.867655 7.482068 11.835024
v -11.182174 7.482069 11.149140
v -11.206709 7.517067 11.124600
v -10.853507 7.482070 10.820477
v -10.878046 7.517068 10.795938
v -11.197458 7.564537 11.133452
v -10.868793 7.564538 10.804790
v -11.164067 7.577007 11.167240
v -10.835405 7.577007 10.838581
v -11.139527 7.542412 11.191783
v -10.810865 7.542412 10.863120
v -11.148379 7.494942 11.182525
v -10.819715 7.494943 10.853868
v -11.182174 7.482069 11.149140
v -10.853507 7.482070 10.820477
v -11.868058 7.414083 11.853127
v -11.938858 7.587465 11.782727
v -11.938858 7.472010 11.782727
v -11.797659 7.587465 11.923928
v -11.797659 7.472010 11.923928
v -11.868058 7.644991 11.853127
v -11.093267 7.472012 11.219539
v -11.082408 7.529537 11.230803
v -11.093267 7.587466 11.219539
v -11.164067 7.644993 11.149140
v -11.123036 7.629304 11.189767
v -11.204699 7.629304 11.108104
v -11.245331 7.529537 11.067473
v -11.234470 7.587466 11.078340
v -11.123036 7.429774 11.189767
v -11.082408 7.529537 11.230803
v -11.093267 7.587466 11.219539
v -11.093267 7.472012 11.219539
v -11.204699 7.429774 11.108104
v -11.164067 7.414083 11.149140
v -11.234470 7.472012 11.078340
v -10.575130 7.471610 11.037309
v -10.678917 7.502184 11.082364
v -10.612140 7.403223 11.209684
v -10.736443 7.441237 11.220746
v -11.094070 7.502184 10.667210
v -10.742881 7.232254 11.249712
v -10.621795 7.262424 11.247701
v -10.625214 7.049417 11.132043
v -11.232455 7.441238 10.724736
v -11.261419 7.232254 10.731173
v -11.221393 7.403223 10.600430
v -11.049013 7.471610 10.563421
v -11.259407 7.262425 10.610085
v -11.174324 7.129069 10.525002
v -11.143753 7.049418 10.613505
v -11.174324 7.129069 10.525002
v -10.902182 7.073152 10.371735
v -10.992695 7.150792 10.343373
v -10.383443 7.073152 10.890274
v -10.536713 7.129069 11.162617
v -10.621795 7.262424 11.247701
v -10.355083 7.150792 10.980988
v -10.752132 7.307882 10.221486
v -10.872816 7.338455 10.223495
v -10.233594 7.307882 10.740426
v -10.747103 7.647206 10.216858
v -10.945227 7.418509 10.407337
v -10.868190 7.627092 10.219069
v -11.096886 7.279320 10.437910
v -11.174324 7.129069 10.525002
v -11.259407 7.262425 10.610085
v -11.221393 7.403223 10.600430
v -11.049013 7.471610 10.563421
v -11.016831 7.644590 10.351418
v -11.049013 7.471610 10.563421
v -11.170906 7.776337 10.539083
v -11.120623 7.893601 10.471299
v -11.060680 7.923370 10.411359
v -10.968760 7.863430 10.319640
v -10.968760 7.863430 10.319640
v -10.870403 7.934031 10.339956
v -11.060680 7.923370 10.411359
v -10.228565 7.647206 10.735398
v -10.235204 7.338455 10.861110
v -10.351664 7.934031 10.858694
v -11.050221 7.993769 10.519976
v -11.060680 7.923370 10.411359
v -11.120623 7.893601 10.471299
v -10.230779 7.627092 10.856484
v -10.421056 7.420923 10.935532
v -10.455251 7.282136 11.085582
v -10.536713 7.129069 11.162617
v -10.621795 7.262424 11.247701
v -10.575130 7.471610 11.037309
v -10.612140 7.403223 11.209684
v -10.621795 7.262424 11.247701
v -10.364337 7.646602 11.007137
v -10.575130 7.471610 11.037309
v -10.331348 7.863430 10.957052
v -10.550793 7.776337 11.159199
v -10.453239 7.908484 11.078945
v -10.575130 7.471610 11.037309
v -10.550793 7.776337 11.159199
v -10.678917 7.502184 11.082364
v -10.670270 7.796853 11.163019
v -11.094070 7.502184 10.667210
v -10.531684 7.993769 11.038515
v -10.453239 7.908484 11.078945
v -11.174727 7.796853 10.658561
v -11.170906 7.776337 10.539083
v -11.049013 7.471610 10.563421
v -11.120623 7.893601 10.471702
v -11.120623 7.893601 10.471299
v -10.331348 7.863430 10.957052
v -10.230779 7.627092 10.856484
v -10.453239 7.908484 11.078945
v -12.078451 7.462355 11.964556
v -11.978684 7.462355 12.064323
v -12.090117 7.462355 12.176150
v -12.189881 7.462355 12.076387
v -12.090117 7.598728 12.176150
v -11.978684 7.598728 12.064323
v -12.078451 7.598728 11.964556
v -12.189881 7.598728 12.076387
v -11.978684 7.598728 12.064323
v -11.978684 7.462355 12.064323
v -12.078451 7.462355 11.964556
v -12.078451 7.598728 11.964556
v -12.078451 7.598728 11.964556
v -12.078451 7.462355 11.964556
v -12.189881 7.462355 12.076387
v -12.189881 7.598728 12.076387
v -12.090117 7.598728 12.176150
v -12.090117 7.462355 12.176150
v -11.978684 7.462355 12.064323
v -11.978684 7.598728 12.064323
v -11.797660 5.949712 11.923924
v -11.164074 5.891785 11.149132
v -11.123040 5.907474 11.189763
v -11.797660 5.949712 11.923924
v -11.868058 5.891784 11.853124
v -11.093270 5.949712 11.219530
v -11.797660 6.065166 11.923924
v -12.076438 5.959770 12.043802
v -12.100976 5.994768 12.018862
v -11.867657 5.959770 11.835019
v -11.892598 5.994768 11.810483
v -12.092126 6.042238 12.028113
v -11.883346 6.042238 11.819331
v -12.058738 6.054707 12.061503
v -11.849955 6.054708 11.853124
v -12.033796 6.020112 12.086440
v -11.825418 6.020112 11.877663
v -12.043052 5.972642 12.077190
v -11.834269 5.972643 11.868408
v -12.076438 5.959770 12.043802
v -11.867657 5.959770 11.835019
v -11.182175 5.959771 11.149132
v -11.206713 5.994768 11.124593
v -10.853512 5.959771 10.820470
v -10.878050 5.994768 10.795932
v -11.197460 6.042238 11.133444
v -10.868798 6.042238 10.804781
v -11.164074 6.054708 11.167233
v -10.835410 6.054708 10.838573
v -11.139532 6.020113 11.191774
v -10.810870 6.020113 10.863112
v -11.148383 5.972643 11.182520
v -10.819720 5.972643 10.853860
v -11.182175 5.959771 11.149132
v -10.853512 5.959771 10.820470
v -11.868058 5.891784 11.853124
v -11.938859 6.065166 11.782723
v -11.938859 5.949712 11.782723
v -11.797660 6.065166 11.923924
v -11.797660 5.949712 11.923924
v -11.868058 6.122693 11.853124
v -11.093270 5.949712 11.219530
v -11.082411 6.007239 11.230794
v -11.093270 6.065167 11.219530
v -11.164074 6.122693 11.149132
v -11.123040 6.107005 11.189763
v -11.204702 6.107005 11.108100
v -11.245331 6.007239 11.067470
v -11.234474 6.065167 11.078333
v -11.123040 5.907474 11.189763
v -11.082411 6.007239 11.230794
v -11.093270 6.065167 11.219530
v -11.093270 5.949712 11.219530
v -11.204702 5.907474 11.108100
v -11.164074 5.891785 11.149132
v -11.234474 5.949712 11.078333
v -10.575134 5.949311 11.037299
v -10.678921 5.979885 11.082355
v -10.612143 5.880924 11.209674
v -10.736448 5.918939 11.220737
v -11.094076 5.979885 10.667201
v -10.742886 5.709955 11.249702
v -10.621799 5.740126 11.247690
v -10.625217 5.527119 11.132036
v -11.232459 5.918939 10.724728
v -11.261424 5.709955 10.731164
v -11.221397 5.880924 10.600423
v -11.049018 5.949311 10.563413
v -11.259411 5.740126 10.610076
v -11.174330 5.606771 10.524996
v -11.143757 5.527119 10.613497
v -11.174330 5.606771 10.524996
v -10.902186 5.550854 10.371726
v -10.992701 5.628494 10.343365
v -10.383446 5.550853 10.890265
v -10.536716 5.606770 11.162608
v -10.621799 5.740126 11.247690
v -10.355086 5.628494 10.980981
v -10.752135 5.785584 10.221477
v -10.872823 5.816156 10.223487
v -10.233599 5.785583 10.740417
v -10.747107 6.124907 10.216848
v -10.945231 5.896210 10.407329
v -10.868195 6.104792 10.219062
v -11.096891 5.757021 10.437901
v -11.174330 5.606771 10.524996
v -11.259411 5.740126 10.610076
v -11.221397 5.880924 10.600423
v -11.049018 5.949311 10.563413
v -11.016838 6.122291 10.351411
v -11.049018 5.949311 10.563413
v -11.170911 6.254038 10.539075
v -11.120627 6.371302 10.471291
v -11.060686 6.401071 10.411351
v -10.968765 6.341131 10.319632
v -10.968765 6.341131 10.319632
v -10.870408 6.411732 10.339947
v -11.060686 6.401071 10.411351
v -10.228570 6.124906 10.735388
v -10.235207 5.816156 10.861101
v -10.351666 6.411732 10.858685
v -11.050226 6.471470 10.519967
v -11.060686 6.401071 10.411351
v -11.120627 6.371302 10.471291
v -10.230782 6.104792 10.856475
v -10.421061 5.898624 10.935522
v -10.455256 5.759837 11.085572
v -10.536716 5.606770 11.162608
v -10.621799 5.740126 11.247690
v -10.575134 5.949311 11.037299
v -10.612143 5.880924 11.209674
v -10.621799 5.740126 11.247690
v -10.364342 6.124303 11.007128
v -10.575134 5.949311 11.037299
v -10.331352 6.341131 10.957045
v -10.550797 6.254037 11.159190
v -10.453243 6.386186 11.078936
v -10.575134 5.949311 11.037299
v -10.550797 6.254037 11.159190
v -10.678921 5.979885 11.082355
v -10.670273 6.274553 11.163011
v -11.094076 5.979885 10.667201
v -10.531688 6.471470 11.038506
v -10.453243 6.386186 11.078936
v -11.174733 6.274554 10.658552
v -11.170911 6.254038 10.539075
v -11.049018 5.949311 10.563413
v -11.120627 6.371302 10.471694
v -11.120627 6.371302 10.471291
v -10.331352 6.341131 10.957045
v -10.230782 6.104792 10.856475
v -10.453243 6.386186 11.078936
v -12.078451 5.940057 11.964554
v -11.978684 5.940057 12.064321
v -12.090117 5.940057 12.176148
v -12.189881 5.940057 12.076385
v -12.090117 6.076431 12.176148
v -11.978684 6.076431 12.064321
v -12.078451 6.076431 11.964554
v -12.189881 6.076431 12.076385
v -11.978684 6.076431 12.064321
v -11.978684 5.940057 12.064321
v -12.078451 5.940057 11.964554
v -12.078451 6.076431 11.964554
v -12.078451 6.076431 11.964554
v -12.078451 5.940057 11.964554
v -12.189881 5.940057 12.076385
v -12.189881 6.076431 12.076385
v -12.090117 6.076431 12.176148
v -12.090117 5.940057 12.176148
v -11.978684 5.940057 12.064321
v -11.978684 6.076431 12.064321
v -10.922364 9.000828 10.767509
v -10.877228 8.965911 10.767510
v -10.910232 9.056591 10.767510
v -10.819954 8.986755 10.767509
v -10.852958 9.077436 10.767510
v -10.807821 9.042518 10.767509
v -10.812311 9.029936 -10.726141
v -10.824444 8.974173 -10.726141
v -10.857448 9.064855 -10.726141
v -10.914719 9.044008 -10.726141
v -10.881715 8.953329 -10.726141
v -10.926852 8.988245 -10.726143
v -10.914719 9.044008 -10.726141
v -10.915641 9.044198 -10.054459
v -10.857448 9.064855 -10.726141
v -10.858371 9.065042 -10.054476
v -10.812311 9.029936 -10.726141
v -10.859592 9.065432 -9.382811
v -10.916865 9.044586 -9.382785
v -10.813233 9.030125 -10.054472
v -10.824444 8.974173 -10.726141
v -10.860304 9.066275 -8.039463
v -10.917575 9.045427 -8.039432
v -10.814456 9.030514 -9.382809
v -10.825367 8.974363 -10.054456
v -10.881715 8.953329 -10.726141
v -10.860713 9.067200 -6.696118
v -10.917983 9.046354 -6.696078
v -10.815164 9.031355 -8.039463
v -10.826588 8.974749 -9.382782
v -10.882637 8.953520 -10.054441
v -10.926852 8.988245 -10.726143
v -10.815573 9.032280 -6.696117
v -10.860985 9.067961 -5.352767
v -10.918257 9.047115 -5.352724
v -10.827297 8.975594 -8.039429
v -10.883861 8.953906 -9.382755
v -10.927772 8.988436 -10.054445
v -10.914719 9.044008 -10.726141
v -10.915641 9.044198 -10.054459
v -10.916865 9.044586 -9.382785
v -10.928997 8.988821 -9.382758
v -10.917575 9.045427 -8.039432
v -10.929708 8.989665 -8.039399
v -10.917983 9.046354 -6.696078
v -10.884571 8.954749 -8.039398
v -10.930117 8.990591 -6.696041
v -10.918257 9.047115 -5.352724
v -10.884978 8.955673 -6.696042
v -10.930389 8.991352 -5.352685
v -10.918257 9.047880 -4.009369
v -10.827706 8.976519 -6.696080
v -10.930389 8.992119 -4.009331
v -10.918062 9.048666 -2.666017
v -10.885250 8.956434 -5.352689
v -10.827980 8.977281 -5.352732
v -10.930194 8.992905 -2.665978
v -10.917624 9.049453 -1.322664
v -10.885253 8.957202 -4.009337
v -10.815848 9.033044 -5.352770
v -10.929755 8.993690 -1.322624
v -10.916945 9.050226 0.020688
v -10.827980 8.978047 -4.009383
v -10.885057 8.957987 -2.665983
v -10.815848 9.033810 -4.009424
v -10.929080 8.994464 0.020728
v -10.916393 9.051012 1.364042
v -10.884619 8.958773 -1.322631
v -10.827785 8.978832 -2.666028
v -10.860985 9.068726 -4.009416
v -10.918257 9.047880 -4.009369
v -10.928526 8.995251 1.364082
v -10.915733 9.051798 2.707396
v -10.815652 9.034595 -2.666067
v -10.860792 9.069512 -2.666063
v -10.918062 9.048666 -2.666017
v -10.827348 8.979618 -1.322679
v -10.883943 8.959545 0.020721
v -10.927869 8.996035 2.707437
v -10.914874 9.052588 4.050749
v -10.860353 9.070297 -1.322711
v -10.917624 9.049453 -1.322664
v -10.815214 9.035379 -1.322719
v -10.883389 8.960333 1.364074
v -10.826670 8.980391 0.020674
v -10.927005 8.996825 4.050791
v -10.913920 9.053379 5.394102
v -10.859675 9.071071 0.020641
v -10.916945 9.050226 0.020688
v -10.814537 9.036154 0.020634
v -10.826116 8.981178 1.364026
v -10.882731 8.961119 2.707427
v -10.926053 8.997617 5.394143
v -10.912811 9.054174 6.737454
v -10.859121 9.071859 1.363993
v -10.916393 9.051012 1.364042
v -10.813982 9.036940 1.363985
v -10.881868 8.961907 4.050779
v -10.825427 8.981964 2.707376
v -10.924945 8.998411 6.737495
v -10.911734 9.055031 8.080805
v -10.858431 9.072645 2.707345
v -10.915733 9.051798 2.707396
v -10.813293 9.037726 2.707335
v -10.824596 8.982754 4.050726
v -10.880915 8.962700 5.394131
v -10.923867 8.999269 8.080843
v -10.910764 9.055912 9.424156
v -10.857601 9.073435 4.050697
v -10.914874 9.052588 4.050749
v -10.812463 9.038515 4.050684
v -10.879806 8.963495 6.737486
v -10.823643 8.983545 5.394079
v -10.922895 9.000151 9.424187
v -10.910420 9.056267 10.095831
v -10.856648 9.074224 5.394048
v -10.913920 9.053379 5.394102
v -10.811510 9.039307 5.394036
v -10.822534 8.984339 6.737436
v -10.878731 8.964352 8.080836
v -10.922554 9.000505 10.095857
v -10.910232 9.056591 10.767510
v -10.922364 9.000828 10.767509
v -10.855538 9.075020 6.737402
v -10.912811 9.054174 6.737454
v -10.810402 9.040100 6.737395
v -10.877758 8.965231 9.424187
v -10.877414 8.965586 10.095858
v -10.877228 8.965911 10.767510
v -10.821457 8.985197 8.080792
v -10.854465 9.075876 8.080760
v -10.911734 9.055031 8.080805
v -10.809323 9.040960 8.080756
v -10.820483 8.986077 9.424153
v -10.820143 8.986431 10.095838
v -10.819954 8.986755 10.767509
v -10.808352 9.041840 9.424125
v -10.853490 9.076757 9.424124
v -10.910764 9.055912 9.424156
v -10.808007 9.042194 10.095811
v -10.807821 9.042518 10.767509
v -10.853148 9.077112 10.095809
v -10.910420 9.056267 10.095831
v -10.852958 9.077436 10.767510
v -10.910232 9.056591 10.767510
v -10.926890 7.511989 10.767505
v -10.881753 7.477072 10.767505
v -10.914757 7.567751 10.767505
v -10.824479 7.497917 10.767507
v -10.857484 7.588596 10.767505
v -10.812346 7.553679 10.767505
v -10.816764 7.557466 -10.726138
v -10.828897 7.501704 -10.726137
v -10.861902 7.592382 -10.726138
v -10.919175 7.571537 -10.726140
v -10.886168 7.480858 -10.726138
v -10.931307 7.515777 -10.726140
v -10.919175 7.571537 -10.726140
v -10.919061 7.571445 -10.054450
v -10.861902 7.592382 -10.726138
v -10.861789 7.592290 -10.054457
v -10.816764 7.557466 -10.726138
v -10.861629 7.592144 -9.382775
v -10.918900 7.571298 -9.382769
v -10.816650 7.557372 -10.054465
v -10.828897 7.501704 -10.726137
v -10.861331 7.591873 -8.039425
v -10.918602 7.571028 -8.039417
v -10.816489 7.557227 -9.382792
v -10.828783 7.501612 -10.054471
v -10.886168 7.480858 -10.726138
v -10.861149 7.591629 -6.696075
v -10.918422 7.570783 -6.696067
v -10.816192 7.556955 -8.039439
v -10.828625 7.501464 -9.382796
v -10.886056 7.480765 -10.054465
v -10.931307 7.515777 -10.726140
v -10.816012 7.556710 -6.696094
v -10.860884 7.591389 -5.352726
v -10.918154 7.570545 -5.352715
v -10.828326 7.501194 -8.039447
v -10.885896 7.480619 -9.382790
v -10.931194 7.515683 -10.054457
v -10.919175 7.571537 -10.726140
v -10.919061 7.571445 -10.054450
v -10.918900 7.571298 -9.382769
v -10.931033 7.515537 -9.382775
v -10.918602 7.571028 -8.039417
v -10.930736 7.515266 -8.039422
v -10.918422 7.570783 -6.696067
v -10.885597 7.480348 -8.039439
v -10.930554 7.515020 -6.696074
v -10.918154 7.570545 -5.352715
v -10.885415 7.480103 -6.696093
v -10.930288 7.514782 -5.352723
v -10.917857 7.570308 -4.009364
v -10.828144 7.500949 -6.696100
v -10.929989 7.514545 -4.009370
v -10.917541 7.570072 -2.666009
v -10.885151 7.479864 -5.352740
v -10.827878 7.500710 -5.352747
v -10.929673 7.514310 -2.666018
v -10.917232 7.569836 -1.322657
v -10.884851 7.479629 -4.009387
v -10.815744 7.556471 -5.352743
v -10.929365 7.514074 -1.322664
v -10.916978 7.569604 0.020696
v -10.827579 7.500473 -4.009398
v -10.884535 7.479392 -2.666034
v -10.815445 7.556235 -4.009389
v -10.929111 7.513841 0.020690
v -10.916698 7.569372 1.364049
v -10.884227 7.479156 -1.322680
v -10.827264 7.500238 -2.666044
v -10.860584 7.591152 -4.009373
v -10.917857 7.570308 -4.009364
v -10.928831 7.513612 1.364041
v -10.916430 7.569145 2.707402
v -10.815129 7.556000 -2.666038
v -10.860269 7.590917 -2.666019
v -10.917541 7.570072 -2.666009
v -10.826956 7.500003 -1.322690
v -10.883973 7.478924 0.020674
v -10.928561 7.513384 2.707396
v -10.916162 7.568921 4.050756
v -10.859961 7.590681 -1.322667
v -10.917232 7.569836 -1.322657
v -10.814821 7.555764 -1.322683
v -10.883694 7.478693 1.364026
v -10.826701 7.499770 0.020665
v -10.928294 7.513159 4.050748
v -10.915892 7.568696 5.394107
v -10.859706 7.590448 0.020687
v -10.916978 7.569604 0.020696
v -10.814566 7.555531 0.020672
v -10.826421 7.499539 1.364018
v -10.883424 7.478467 2.707381
v -10.928026 7.512934 5.394102
v -10.915621 7.568470 6.737462
v -10.859425 7.590218 1.364041
v -10.916698 7.569372 1.364049
v -10.814286 7.555301 1.364026
v -10.883158 7.478241 4.050733
v -10.826153 7.499312 2.707371
v -10.927755 7.512710 6.737456
v -10.915334 7.568230 8.080812
v -10.859156 7.589993 2.707394
v -10.916430 7.569145 2.707402
v -10.814017 7.555073 2.707380
v -10.825885 7.499087 4.050725
v -10.882889 7.478016 5.394086
v -10.927467 7.512468 8.080805
v -10.915001 7.567944 9.424163
v -10.858891 7.589766 4.050747
v -10.916162 7.568921 4.050756
v -10.813751 7.554848 4.050733
v -10.882618 7.477791 6.737440
v -10.825616 7.498863 5.394077
v -10.927134 7.512182 9.424156
v -10.914861 7.567826 10.095838
v -10.858620 7.589541 5.394100
v -10.915892 7.568696 5.394107
v -10.813482 7.554623 5.394085
v -10.825346 7.498635 6.737432
v -10.882330 7.477551 8.080788
v -10.926995 7.512064 10.095835
v -10.914757 7.567751 10.767505
v -10.926890 7.511989 10.767505
v -10.858349 7.589315 6.737453
v -10.915621 7.568470 6.737462
v -10.813212 7.554399 6.737440
v -10.881997 7.477264 9.424143
v -10.881858 7.477147 10.095821
v -10.881753 7.477072 10.767505
v -10.825058 7.498396 8.080782
v -10.858063 7.589076 8.080803
v -10.915334 7.568230 8.080812
v -10.812923 7.554158 8.080789
v -10.824726 7.498110 9.424138
v -10.824586 7.497992 10.095819
v -10.824479 7.497917 10.767507
v -10.812591 7.553871 9.424143
v -10.857730 7.588788 9.424154
v -10.915001 7.567944 9.424163
v -10.812450 7.553754 10.095821
v -10.812346 7.553679 10.767505
v -10.857588 7.588672 10.095831
v -10.914861 7.567826 10.095838
v -10.857484 7.588596 10.767505
v -10.914757 7.567751 10.767505
v -10.926876 5.999180 10.767494
v -10.881740 5.964263 10.767494
v -10.914746 6.054943 10.767494
v -10.824469 5.985109 10.767494
v -10.857473 6.075788 10.767494
v -10.812333 6.040870 10.767494
v -10.815883 6.040875 -10.726138
v -10.828014 5.985114 -10.726138
v -10.861019 6.075793 -10.726138
v -10.918292 6.054947 -10.726138
v -10.885289 5.964269 -10.726138
v -10.930426 5.999185 -10.726138
v -10.918292 6.054947 -10.726138
v -10.918215 6.054949 -10.054464
v -10.861019 6.075793 -10.726138
v -10.860947 6.075794 -10.054470
v -10.815883 6.040875 -10.726138
v -10.860878 6.075794 -9.382792
v -10.918150 6.054949 -9.382785
v -10.815807 6.040876 -10.054475
v -10.828014 5.985114 -10.726138
v -10.860727 6.075796 -8.039443
v -10.918000 6.054951 -8.039433
v -10.815740 6.040876 -9.382799
v -10.827943 5.985114 -10.054471
v -10.885289 5.964269 -10.726138
v -10.860617 6.075798 -6.696091
v -10.917887 6.054953 -6.696081
v -10.815589 6.040878 -8.039451
v -10.827874 5.985115 -9.382796
v -10.885214 5.964268 -10.054467
v -10.930426 5.999185 -10.726138
v -10.815475 6.040880 -6.696098
v -10.860437 6.075798 -5.352736
v -10.917708 6.054952 -5.352726
v -10.827724 5.985117 -8.039447
v -10.885144 5.964269 -9.382789
v -10.930351 5.999186 -10.054462
v -10.918292 6.054947 -10.726138
v -10.918215 6.054949 -10.054464
v -10.918150 6.054949 -9.382785
v -10.930282 5.999187 -9.382782
v -10.918000 6.054951 -8.039433
v -10.930134 5.999188 -8.039430
v -10.917887 6.054953 -6.696081
v -10.884995 5.964271 -8.039439
v -10.930021 5.999190 -6.696077
v -10.917708 6.054952 -5.352726
v -10.884885 5.964272 -6.696086
v -10.929842 5.999188 -5.352726
v -10.917491 6.054951 -4.009375
v -10.827610 5.985118 -6.696095
v -10.929624 5.999188 -4.009373
v -10.917271 6.054950 -2.666022
v -10.884705 5.964272 -5.352734
v -10.827433 5.985117 -5.352743
v -10.929403 5.999186 -2.666019
v -10.917029 6.054948 -1.322670
v -10.884486 5.964272 -4.009379
v -10.815299 6.040879 -5.352745
v -10.929162 5.999185 -1.322667
v -10.916794 6.054946 0.020683
v -10.827213 5.985117 -4.009391
v -10.884267 5.964270 -2.666028
v -10.815080 6.040878 -4.009394
v -10.928926 5.999183 0.020685
v -10.916582 6.054944 1.364036
v -10.884026 5.964268 -1.322676
v -10.826995 5.985115 -2.666039
v -10.860218 6.075796 -4.009386
v -10.917491 6.054951 -4.009375
v -10.928714 5.999180 1.364039
v -10.916299 6.054943 2.707392
v -10.814860 6.040878 -2.666041
v -10.860000 6.075795 -2.666033
v -10.917271 6.054950 -2.666022
v -10.826752 5.985114 -1.322687
v -10.883789 5.964267 0.020677
v -10.928432 5.999180 2.707394
v -10.916008 6.054943 4.050744
v -10.859758 6.075794 -1.322680
v -10.917029 6.054948 -1.322670
v -10.814618 6.040876 -1.322689
v -10.883577 5.964263 1.364030
v -10.826518 5.985112 0.020667
v -10.928141 5.999180 4.050746
v -10.915716 6.054943 5.394095
v -10.859522 6.075792 0.020673
v -10.916794 6.054946 0.020683
v -10.814384 6.040874 0.020665
v -10.826304 5.985109 1.364020
v -10.883295 5.964263 2.707384
v -10.927846 5.999179 5.394097
v -10.915438 6.054937 6.737447
v -10.859310 6.075788 1.364026
v -10.916582 6.054944 1.364036
v -10.814171 6.040871 1.364017
v -10.883005 5.964263 4.050737
v -10.826021 5.985109 2.707372
v -10.927571 5.999176 6.737449
v -10.915200 6.054934 8.080793
v -10.859025 6.075788 2.707379
v -10.916299 6.054943 2.707392
v -10.813889 6.040870 2.707369
v -10.825732 5.985108 4.050725
v -10.882711 5.964263 5.394088
v -10.927335 5.999170 8.080796
v -10.914959 6.054936 9.424144
v -10.858735 6.075788 4.050732
v -10.916008 6.054943 4.050744
v -10.813599 6.040871 4.050722
v -10.882432 5.964259 6.737442
v -10.825438 5.985108 5.394076
v -10.927093 5.999173 9.424147
v -10.914806 6.054939 10.095819
v -10.858443 6.075788 5.394084
v -10.915716 6.054943 5.394095
v -10.813305 6.040870 5.394074
v -10.825159 5.985104 6.737430
v -10.882197 5.964254 8.080788
v -10.926939 5.999176 10.095819
v -10.914746 6.054943 10.767494
v -10.926876 5.999180 10.767494
v -10.858162 6.075784 6.737436
v -10.915438 6.054937 6.737447
v -10.813025 6.040866 6.737428
v -10.881955 5.964256 9.424140
v -10.881803 5.964259 10.095816
v -10.881740 5.964263 10.767494
v -10.824924 5.985099 8.080778
v -10.857928 6.075778 8.080785
v -10.915200 6.054934 8.080793
v -10.812792 6.040861 8.080776
v -10.824681 5.985101 9.424129
v -10.824532 5.985105 10.095812
v -10.824469 5.985109 10.767494
v -10.812548 6.040863 9.424129
v -10.857686 6.075781 9.424138
v -10.914959 6.054936 9.424144
v -10.812395 6.040866 10.095812
v -10.812333 6.040870 10.767494
v -10.857534 6.075784 10.095815
v -10.914806 6.054939 10.095819
v -10.857473 6.075788 10.767494
v -10.914746 6.054943 10.767494
v -12.462517 9.207022 12.047183
v -12.335895 9.207021 11.974077
v -12.462523 3.354259 12.047179
v -12.335897 3.354259 11.974073
v -12.189613 9.207021 11.973709
v -12.189615 3.354259 11.973703
v -12.063117 9.207022 12.047168
v -12.063122 3.354259 12.047164
v -11.989625 9.207022 12.173893
v -11.989631 3.354259 12.173888
v -11.989645 9.207022 12.320065
v -11.989652 3.354259 12.320063
v -12.062715 9.207022 12.446668
v -12.062717 3.354259 12.446664
v -12.189723 9.207022 12.519670
v -12.189724 3.354259 12.519667
v -12.335901 9.207022 12.519651
v -12.335903 3.354259 12.519647
v -12.462502 9.207022 12.446579
v -12.462502 3.354259 12.446575
v -12.535606 9.207022 12.319956
v -12.535609 3.354259 12.319954
v -12.535587 9.207022 12.173782
v -12.535589 3.354259 12.173779
v -12.462517 9.207022 12.047183
v -12.462523 3.354259 12.047179
v -11.989625 9.207022 12.173893
v -12.262810 9.207022 12.246872
v -11.989645 9.207022 12.320065
v -12.062715 9.207022 12.446668
v -12.063117 9.207022 12.047168
v -12.189723 9.207022 12.519670
v -12.189613 9.207021 11.973709
v -12.335901 9.207022 12.519651
v -12.335895 9.207021 11.974077
v -12.462502 9.207022 12.446579
v -12.462517 9.207022 12.047183
v -12.535606 9.207022 12.319956
v -12.535587 9.207022 12.173782
vt 0.938933 0.978354
vt 0.939070 0.827163
vt 0.939070 0.870115
vt 0.936979 0.870115
vt 0.934899 0.870115
vt 0.939070 0.870115
vt 0.938933 0.978354
vt 0.934899 0.978356
vt 0.943234 0.827163
vt 0.941143 0.870115
vt 0.943234 0.827163
vt 0.943234 0.870115
vt 0.947399 0.827163
vt 0.945324 0.870115
vt 0.947399 0.827163
vt 0.947399 0.870115
vt 0.934900 0.986968
vt 0.951581 0.827163
vt 0.951581 0.870115
vt 0.995519 0.946562
vt 0.993641 0.952309
vt 0.993645 0.952287
vt 0.938933 0.978354
vt 0.939070 0.827163
vt 0.939070 0.870115
vt 0.936979 0.870115
vt 0.934899 0.870115
vt 0.930728 0.827163
vt 0.934899 0.827163
vt 0.932818 0.870115
vt 0.930728 0.870115
vt 0.941143 0.870115
vt 0.943234 0.827163
vt 0.943234 0.870115
vt 0.947399 0.827163
vt 0.945324 0.870115
vt 0.947399 0.827163
vt 0.947399 0.870115
vt 0.939070 0.870115
vt 0.934899 0.870115
vt 0.938933 0.978354
vt 0.934899 0.978356
vt 0.943234 0.827163
vt 0.995519 0.946562
vt 0.993641 0.952309
vt 0.993645 0.952287
vt 0.938933 0.978354
vt 0.939070 0.827163
vt 0.939070 0.870115
vt 0.936979 0.870115
vt 0.934899 0.870115
vt 0.930728 0.827163
vt 0.934899 0.827163
vt 0.932818 0.870115
vt 0.930728 0.870115
vt 0.941143 0.870115
vt 0.943234 0.827163
vt 0.943234 0.870115
vt 0.947399 0.827163
vt 0.945324 0.870115
vt 0.947399 0.827163
vt 0.947399 0.870115
vt 0.939070 0.870115
vt 0.934899 0.870115
vt 0.938933 0.978354
vt 0.934899 0.978356
vt 0.943234 0.827163
vt 0.995519 0.946562
vt 0.993641 0.952309
vt 0.993645 0.952287
vt 0.953664 0.870115
vt 0.951581 0.870115
vt 0.951581 0.827163
vt 0.955756 0.870115
vt 0.955756 0.827163
vt 0.932818 0.870115
vt 0.930728 0.870115
vt 0.930728 0.827163
vt 0.934899 0.870115
vt 0.934899 0.827163
vt 0.960773 0.858325
vt 0.962503 0.858325
vt 0.960773 0.871057
vt 0.962505 0.871057
vt 0.964222 0.858325
vt 0.964223 0.871057
vt 0.965928 0.858325
vt 0.965940 0.871057
vt 0.967654 0.858325
vt 0.967654 0.871057
vt 0.969375 0.858325
vt 0.969374 0.871057
vt 0.971084 0.858325
vt 0.971084 0.871057
vt 0.960785 0.831517
vt 0.962508 0.831517
vt 0.960785 0.851561
vt 0.962508 0.851561
vt 0.964226 0.831517
vt 0.964226 0.851561
vt 0.965941 0.831517
vt 0.965941 0.851561
vt 0.967653 0.831517
vt 0.967653 0.851561
vt 0.969372 0.831517
vt 0.969372 0.851561
vt 0.971091 0.831517
vt 0.971091 0.851561
vt 0.940959 0.982662
vt 0.934899 0.978356
vt 0.938933 0.978354
vt 0.934900 0.986968
vt 0.938935 0.986968
vt 0.932889 0.982662
vt 0.951581 0.870115
vt 0.949496 0.870115
vt 0.947399 0.870115
vt 0.940371 0.968480
vt 0.939824 0.970971
vt 0.939824 0.965991
vt 0.936336 0.963513
vt 0.938361 0.964176
vt 0.932852 0.970974
vt 0.936339 0.973460
vt 0.938363 0.972787
vt 0.934329 0.972789
vt 0.932852 0.965994
vt 0.932303 0.968483
vt 0.934326 0.964178
vt 0.947239 0.876395
vt 0.950702 0.879853
vt 0.945162 0.885649
vt 0.949343 0.886448
vt 0.972192 0.879737
vt 0.948673 0.895262
vt 0.944395 0.895013
vt 0.948636 0.905455
vt 0.973599 0.886318
vt 0.974335 0.895124
vt 0.977771 0.885471
vt 0.975626 0.876241
vt 0.978610 0.894823
vt 0.978843 0.905250
vt 0.974455 0.905318
vt 0.978843 0.905250
vt 0.974456 0.919598
vt 0.978829 0.920365
vt 0.948773 0.919725
vt 0.944247 0.905441
vt 0.944395 0.895013
vt 0.944398 0.920546
vt 0.974166 0.932185
vt 0.977896 0.931961
vt 0.949182 0.932284
vt 0.974640 0.945778
vt 0.984904 0.932109
vt 0.979156 0.944952
vt 0.985434 0.922099
vt 0.986034 0.913784
vt 0.992085 0.915900
vt 0.993834 0.921891
vt 0.991460 0.929535
vt 0.986166 0.943452
vt 0.991692 0.933174
vt 0.995519 0.946562
vt 0.993645 0.952287
vt 0.991049 0.954381
vt 0.986126 0.953319
vt 0.979052 0.959903
vt 0.974667 0.959718
vt 0.978870 0.968615
vt 0.948791 0.945865
vt 0.945455 0.932106
vt 0.948834 0.959764
vt 0.974557 0.971033
vt 0.978870 0.968615
vt 0.978833 0.973201
vt 0.944272 0.945082
vt 0.938327 0.932372
vt 0.937631 0.922416
vt 0.937115 0.914104
vt 0.931099 0.916314
vt 0.931878 0.929885
vt 0.929418 0.922310
vt 0.931099 0.916314
vt 0.937161 0.943708
vt 0.931654 0.933421
vt 0.937361 0.953516
vt 0.927925 0.946858
vt 0.931143 0.953600
vt 0.947575 0.997916
vt 0.945147 0.982465
vt 0.951239 0.995271
vt 0.949341 0.982485
vt 0.972257 0.995256
vt 0.948937 0.971103
vt 0.944648 0.971152
vt 0.974149 0.982460
vt 0.978340 0.982457
vt 0.975925 0.997897
vt 0.978850 0.973912
vt 0.978833 0.973201
vt 0.944455 0.959936
vt 0.944272 0.945082
vt 0.944648 0.971152
vt 0.937069 0.807993
vt 0.937049 0.814077
vt 0.931533 0.814063
vt 0.931551 0.807979
vt 0.947331 0.814135
vt 0.941816 0.814099
vt 0.941834 0.808015
vt 0.947349 0.808051
vt 0.941816 0.814099
vt 0.937049 0.814077
vt 0.937069 0.807993
vt 0.941834 0.808015
vt 0.941834 0.808015
vt 0.937069 0.807993
vt 0.937088 0.801184
vt 0.941853 0.801206
vt 0.941793 0.820908
vt 0.937028 0.820886
vt 0.937049 0.814077
vt 0.941816 0.814099
vt 0.951581 0.827163
vt 0.955756 0.870115
vt 0.953664 0.870115
vt 0.951581 0.827163
vt 0.955756 0.827163
vt 0.951581 0.870115
vt 0.934900 0.986968
vt 0.960773 0.858325
vt 0.962503 0.858325
vt 0.960773 0.871057
vt 0.962505 0.871057
vt 0.964222 0.858325
vt 0.964223 0.871057
vt 0.965928 0.858325
vt 0.965940 0.871057
vt 0.967654 0.858325
vt 0.967654 0.871057
vt 0.969375 0.858325
vt 0.969374 0.871057
vt 0.971084 0.858325
vt 0.971084 0.871057
vt 0.960785 0.831517
vt 0.962508 0.831517
vt 0.960785 0.851561
vt 0.962508 0.851561
vt 0.964226 0.831517
vt 0.964226 0.851561
vt 0.965941 0.831517
vt 0.965941 0.851561
vt 0.967653 0.831517
vt 0.967653 0.851561
vt 0.969372 0.831517
vt 0.969372 0.851561
vt 0.971091 0.831517
vt 0.971091 0.851561
vt 0.940959 0.982662
vt 0.934899 0.978356
vt 0.938933 0.978354
vt 0.934900 0.986968
vt 0.938935 0.986968
vt 0.932889 0.982662
vt 0.951581 0.870115
vt 0.949496 0.870115
vt 0.947399 0.870115
vt 0.940371 0.968480
vt 0.939824 0.970971
vt 0.939824 0.965991
vt 0.936336 0.963513
vt 0.938361 0.964176
vt 0.932852 0.970974
vt 0.936339 0.973460
vt 0.938363 0.972787
vt 0.934329 0.972789
vt 0.932852 0.965994
vt 0.932303 0.968483
vt 0.934326 0.964178
vt 0.947239 0.876395
vt 0.950702 0.879853
vt 0.945162 0.885649
vt 0.949343 0.886448
vt 0.972192 0.879737
vt 0.948673 0.895262
vt 0.944395 0.895013
vt 0.948636 0.905455
vt 0.973599 0.886318
vt 0.974335 0.895124
vt 0.977771 0.885471
vt 0.975626 0.876241
vt 0.978610 0.894823
vt 0.978843 0.905250
vt 0.974455 0.905318
vt 0.978843 0.905250
vt 0.974456 0.919598
vt 0.978829 0.920365
vt 0.948773 0.919725
vt 0.944247 0.905441
vt 0.944395 0.895013
vt 0.944398 0.920546
vt 0.974166 0.932185
vt 0.977896 0.931961
vt 0.949182 0.932284
vt 0.974640 0.945778
vt 0.984904 0.932109
vt 0.979156 0.944952
vt 0.985434 0.922099
vt 0.986034 0.913784
vt 0.992085 0.915900
vt 0.993834 0.921891
vt 0.991460 0.929535
vt 0.986166 0.943452
vt 0.991692 0.933174
vt 0.995519 0.946562
vt 0.993645 0.952287
vt 0.991049 0.954381
vt 0.986126 0.953319
vt 0.979052 0.959903
vt 0.974667 0.959718
vt 0.978870 0.968615
vt 0.948791 0.945865
vt 0.945455 0.932106
vt 0.948834 0.959764
vt 0.974557 0.971033
vt 0.978870 0.968615
vt 0.978833 0.973201
vt 0.944272 0.945082
vt 0.938327 0.932372
vt 0.937631 0.922416
vt 0.937115 0.914104
vt 0.931099 0.916314
vt 0.931878 0.929885
vt 0.929418 0.922310
vt 0.931099 0.916314
vt 0.937161 0.943708
vt 0.931654 0.933421
vt 0.937361 0.953516
vt 0.927925 0.946858
vt 0.931143 0.953600
vt 0.947575 0.997916
vt 0.945147 0.982465
vt 0.951239 0.995271
vt 0.949341 0.982485
vt 0.972257 0.995256
vt 0.948937 0.971103
vt 0.944648 0.971152
vt 0.974149 0.982460
vt 0.978340 0.982457
vt 0.975925 0.997897
vt 0.978850 0.973912
vt 0.978833 0.973201
vt 0.944455 0.959936
vt 0.944272 0.945082
vt 0.944648 0.971152
vt 0.937069 0.807993
vt 0.937049 0.814077
vt 0.931533 0.814063
vt 0.931551 0.807979
vt 0.947331 0.814135
vt 0.941816 0.814099
vt 0.941834 0.808015
vt 0.947349 0.808051
vt 0.941816 0.814099
vt 0.937049 0.814077
vt 0.937069 0.807993
vt 0.941834 0.808015
vt 0.941834 0.808015
vt 0.937069 0.807993
vt 0.937088 0.801184
vt 0.941853 0.801206
vt 0.941793 0.820908
vt 0.937028 0.820886
vt 0.937049 0.814077
vt 0.941816 0.814099
vt 0.951581 0.827163
vt 0.955756 0.870115
vt 0.953664 0.870115
vt 0.951581 0.827163
vt 0.955756 0.827163
vt 0.951581 0.870115
vt 0.934900 0.986968
vt 0.960773 0.858325
vt 0.962503 0.858325
vt 0.960773 0.871057
vt 0.962505 0.871057
vt 0.964222 0.858325
vt 0.964223 0.871057
vt 0.965928 0.858325
vt 0.965940 0.871057
vt 0.967654 0.858325
vt 0.967654 0.871057
vt 0.969375 0.858325
vt 0.969374 0.871057
vt 0.971084 0.858325
vt 0.971084 0.871057
vt 0.960785 0.831517
vt 0.962508 0.831517
vt 0.960785 0.851561
vt 0.962508 0.851561
vt 0.964226 0.831517
vt 0.964226 0.851561
vt 0.965941 0.831517
vt 0.965941 0.851561
vt 0.967653 0.831517
vt 0.967653 0.851561
vt 0.969372 0.831517
vt 0.969372 0.851561
vt 0.971091 0.831517
vt 0.971091 0.851561
vt 0.940959 0.982662
vt 0.934899 0.978356
vt 0.938933 0.978354
vt 0.934900 0.986968
vt 0.938935 0.986968
vt 0.932889 0.982662
vt 0.951581 0.870115
vt 0.949496 0.870115
vt 0.947399 0.870115
vt 0.940371 0.968480
vt 0.939824 0.970971
vt 0.939824 0.965991
vt 0.936336 0.963513
vt 0.938361 0.964176
vt 0.932852 0.970974
vt 0.936339 0.973460
vt 0.938363 0.972787
vt 0.934329 0.972789
vt 0.932852 0.965994
vt 0.932303 0.968483
vt 0.934326 0.964178
vt 0.947239 0.876395
vt 0.950702 0.879853
vt 0.945162 0.885649
vt 0.949343 0.886448
vt 0.972192 0.879737
vt 0.948673 0.895262
vt 0.944395 0.895013
vt 0.948636 0.905455
vt 0.973599 0.886318
vt 0.974335 0.895124
vt 0.977771 0.885471
vt 0.975626 0.876241
vt 0.978610 0.894823
vt 0.978843 0.905250
vt 0.974455 0.905318
vt 0.978843 0.905250
vt 0.974456 0.919598
vt 0.978829 0.920365
vt 0.948773 0.919725
vt 0.944247 0.905441
vt 0.944395 0.895013
vt 0.944398 0.920546
vt 0.974166 0.932185
vt 0.977896 0.931961
vt 0.949182 0.932284
vt 0.974640 0.945778
vt 0.984904 0.932109
vt 0.979156 0.944952
vt 0.985434 0.922099
vt 0.986034 0.913784
vt 0.992085 0.915900
vt 0.993834 0.921891
vt 0.991460 0.929535
vt 0.986166 0.943452
vt 0.991692 0.933174
vt 0.995519 0.946562
vt 0.993645 0.952287
vt 0.991049 0.954381
vt 0.986126 0.953319
vt 0.979052 0.959903
vt 0.974667 0.959718
vt 0.978870 0.968615
vt 0.948791 0.945865
vt 0.945455 0.932106
vt 0.948834 0.959764
vt 0.974557 0.971033
vt 0.978870 0.968615
vt 0.978833 0.973201
vt 0.944272 0.945082
vt 0.938327 0.932372
vt 0.937631 0.922416
vt 0.937115 0.914104
vt 0.931099 0.916314
vt 0.931878 0.929885
vt 0.929418 0.922310
vt 0.931099 0.916314
vt 0.937161 0.943708
vt 0.931654 0.933421
vt 0.937361 0.953516
vt 0.927925 0.946858
vt 0.931143 0.953600
vt 0.947575 0.997916
vt 0.945147 0.982465
vt 0.951239 0.995271
vt 0.949341 0.982485
vt 0.972257 0.995256
vt 0.948937 0.971103
vt 0.944648 0.971152
vt 0.974149 0.982460
vt 0.978340 0.982457
vt 0.975925 0.997897
vt 0.978850 0.973912
vt 0.978833 0.973201
vt 0.944455 0.959936
vt 0.944272 0.945082
vt 0.944648 0.971152
vt 0.937069 0.807993
vt 0.937049 0.814077
vt 0.931533 0.814063
vt 0.931551 0.807979
vt 0.947331 0.814135
vt 0.941816 0.814099
vt 0.941834 0.808015
vt 0.947349 0.808051
vt 0.941816 0.814099
vt 0.937049 0.814077
vt 0.937069 0.807993
vt 0.941834 0.808015
vt 0.941834 0.808015
vt 0.937069 0.807993
vt 0.937088 0.801184
vt 0.941853 0.801206
vt 0.941793 0.820908
vt 0.937028 0.820886
vt 0.937049 0.814077
vt 0.941816 0.814099
vt 0.943671 0.886919
vt 0.942155 0.889888
vt 0.942151 0.883954
vt 0.939119 0.889892
vt 0.939115 0.883958
vt 0.937598 0.886925
vt 0.943828 0.877257
vt 0.942312 0.880226
vt 0.942308 0.874292
vt 0.939271 0.874295
vt 0.939275 0.880229
vt 0.937755 0.877264
vt 0.005601 0.023671
vt 0.024490 0.023671
vt 0.005601 0.027419
vt 0.024490 0.027419
vt 0.005601 0.030922
vt 0.043379 0.027419
vt 0.043379 0.023671
vt 0.024490 0.030922
vt 0.005601 0.034412
vt 0.118912 0.027419
vt 0.118912 0.023671
vt 0.043379 0.030921
vt 0.024490 0.034412
vt 0.005601 0.038146
vt 0.155021 0.027419
vt 0.155021 0.023671
vt 0.118912 0.030921
vt 0.043379 0.034412
vt 0.024490 0.038146
vt 0.005601 0.041653
vt 0.155021 0.030921
vt 0.193900 0.027419
vt 0.193900 0.023671
vt 0.118912 0.034412
vt 0.043379 0.038146
vt 0.024490 0.041653
vt 0.005601 0.045162
vt 0.024490 0.045162
vt 0.043379 0.045162
vt 0.043379 0.041653
vt 0.118912 0.045162
vt 0.118912 0.041653
vt 0.155021 0.045162
vt 0.118912 0.038146
vt 0.155021 0.041653
vt 0.193900 0.045162
vt 0.155021 0.038146
vt 0.193900 0.041653
vt 0.231394 0.045162
vt 0.155021 0.034412
vt 0.231394 0.041653
vt 0.306750 0.045162
vt 0.193900 0.038146
vt 0.193900 0.034412
vt 0.306750 0.041653
vt 0.345629 0.045162
vt 0.231394 0.038146
vt 0.193900 0.030921
vt 0.345629 0.041653
vt 0.383123 0.045162
vt 0.231394 0.034412
vt 0.306750 0.038146
vt 0.231394 0.030921
vt 0.383123 0.041653
vt 0.422695 0.045162
vt 0.345629 0.038146
vt 0.306750 0.034412
vt 0.231394 0.027419
vt 0.231394 0.023671
vt 0.422695 0.041653
vt 0.496748 0.045162
vt 0.306750 0.030921
vt 0.306750 0.027419
vt 0.306750 0.023671
vt 0.345629 0.034412
vt 0.383123 0.038146
vt 0.496748 0.041653
vt 0.534419 0.045162
vt 0.345629 0.027419
vt 0.345629 0.023671
vt 0.345629 0.030921
vt 0.422695 0.038146
vt 0.383123 0.034412
vt 0.534419 0.041653
vt 0.571884 0.045162
vt 0.383123 0.027419
vt 0.383123 0.023671
vt 0.383123 0.030921
vt 0.422695 0.034412
vt 0.496748 0.038146
vt 0.571884 0.041653
vt 0.647631 0.045162
vt 0.422695 0.027419
vt 0.422695 0.023671
vt 0.422695 0.030921
vt 0.534419 0.038146
vt 0.496748 0.034412
vt 0.647631 0.041653
vt 0.685364 0.045162
vt 0.496748 0.027419
vt 0.496748 0.023671
vt 0.496748 0.030920
vt 0.534419 0.034412
vt 0.571884 0.038146
vt 0.685364 0.041653
vt 0.722870 0.045162
vt 0.534419 0.027419
vt 0.534419 0.023671
vt 0.534419 0.030920
vt 0.647631 0.038146
vt 0.571884 0.034412
vt 0.722870 0.041653
vt 0.741758 0.045162
vt 0.571884 0.027419
vt 0.571884 0.023671
vt 0.571884 0.030920
vt 0.647631 0.034412
vt 0.685364 0.038146
vt 0.741758 0.041653
vt 0.760645 0.045162
vt 0.760645 0.041653
vt 0.647631 0.027419
vt 0.647631 0.023671
vt 0.647631 0.030920
vt 0.722870 0.038146
vt 0.741758 0.038146
vt 0.760645 0.038146
vt 0.685364 0.034412
vt 0.685364 0.027419
vt 0.685364 0.023671
vt 0.685364 0.030920
vt 0.722870 0.034412
vt 0.741758 0.034412
vt 0.760645 0.034412
vt 0.722870 0.030920
vt 0.722870 0.027419
vt 0.722870 0.023671
vt 0.741758 0.030920
vt 0.760645 0.030920
vt 0.741758 0.027419
vt 0.741758 0.023671
vt 0.760645 0.027419
vt 0.760645 0.023671
vt 0.943671 0.886919
vt 0.942155 0.889888
vt 0.942151 0.883954
vt 0.939119 0.889892
vt 0.939115 0.883958
vt 0.937598 0.886925
vt 0.943828 0.877257
vt 0.942312 0.880226
vt 0.942308 0.874292
vt 0.939271 0.874295
vt 0.939275 0.880229
vt 0.937755 0.877264
vt 0.005601 0.023671
vt 0.024490 0.023671
vt 0.005601 0.027419
vt 0.024490 0.027419
vt 0.005601 0.030922
vt 0.043379 0.027419
vt 0.043379 0.023671
vt 0.024490 0.030922
vt 0.005601 0.034412
vt 0.118912 0.027419
vt 0.118912 0.023671
vt 0.043379 0.030921
vt 0.024490 0.034412
vt 0.005601 0.038146
vt 0.155021 0.027419
vt 0.155021 0.023671
vt 0.118912 0.030921
vt 0.043379 0.034412
vt 0.024490 0.038146
vt 0.005601 0.041653
vt 0.155021 0.030921
vt 0.193900 0.027419
vt 0.193900 0.023671
vt 0.118912 0.034412
vt 0.043379 0.038146
vt 0.024490 0.041653
vt 0.005601 0.045162
vt 0.024490 0.045162
vt 0.043379 0.045162
vt 0.043379 0.041653
vt 0.118912 0.045162
vt 0.118912 0.041653
vt 0.155021 0.045162
vt 0.118912 0.038146
vt 0.155021 0.041653
vt 0.193900 0.045162
vt 0.155021 0.038146
vt 0.193900 0.041653
vt 0.231394 0.045162
vt 0.155021 0.034412
vt 0.231394 0.041653
vt 0.306750 0.045162
vt 0.193900 0.038146
vt 0.193900 0.034412
vt 0.306750 0.041653
vt 0.345629 0.045162
vt 0.231394 0.038146
vt 0.193900 0.030921
vt 0.345629 0.041653
vt 0.383123 0.045162
vt 0.231394 0.034412
vt 0.306750 0.038146
vt 0.231394 0.030921
vt 0.383123 0.041653
vt 0.422695 0.045162
vt 0.345629 0.038146
vt 0.306750 0.034412
vt 0.231394 0.027419
vt 0.231394 0.023671
vt 0.422695 0.041653
vt 0.496748 0.045162
vt 0.306750 0.030921
vt 0.306750 0.027419
vt 0.306750 0.023671
vt 0.345629 0.034412
vt 0.383123 0.038146
vt 0.496748 0.041653
vt 0.534419 0.045162
vt 0.345629 0.027419
vt 0.345629 0.023671
vt 0.345629 0.030921
vt 0.422695 0.038146
vt 0.383123 0.034412
vt 0.534419 0.041653
vt 0.571884 0.045162
vt 0.383123 0.027419
vt 0.383123 0.023671
vt 0.383123 0.030921
vt 0.422695 0.034412
vt 0.496748 0.038146
vt 0.571884 0.041653
vt 0.647631 0.045162
vt 0.422695 0.027419
vt 0.422695 0.023671
vt 0.422695 0.030921
vt 0.534419 0.038146
vt 0.496748 0.034412
vt 0.647631 0.041653
vt 0.685364 0.045162
vt 0.496748 0.027419
vt 0.496748 0.023671
vt 0.496748 0.030920
vt 0.534419 0.034412
vt 0.571884 0.038146
vt 0.685364 0.041653
vt 0.722870 0.045162
vt 0.534419 0.027419
vt 0.534419 0.023671
vt 0.534419 0.030920
vt 0.647631 0.038146
vt 0.571884 0.034412
vt 0.722870 0.041653
vt 0.741758 0.045162
vt 0.571884 0.027419
vt 0.571884 0.023671
vt 0.571884 0.030920
vt 0.647631 0.034412
vt 0.685364 0.038146
vt 0.741758 0.041653
vt 0.760645 0.045162
vt 0.760645 0.041653
vt 0.647631 0.027419
vt 0.647631 0.023671
vt 0.647631 0.030920
vt 0.722870 0.038146
vt 0.741758 0.038146
vt 0.760645 0.038146
vt 0.685364 0.034412
vt 0.685364 0.027419
vt 0.685364 0.023671
vt 0.685364 0.030920
vt 0.722870 0.034412
vt 0.741758 0.034412
vt 0.760645 0.034412
vt 0.722870 0.030920
vt 0.722870 0.027419
vt 0.722870 0.023671
vt 0.741758 0.030920
vt 0.760645 0.030920
vt 0.741758 0.027419
vt 0.741758 0.023671
vt 0.760645 0.027419
vt 0.760645 0.023671
vt 0.943671 0.886919
vt 0.942155 0.889888
vt 0.942151 0.883954
vt 0.939119 0.889892
vt 0.939115 0.883958
vt 0.937598 0.886925
vt 0.943828 0.877257
vt 0.942312 0.880226
vt 0.942308 0.874292
vt 0.939271 0.874295
vt 0.939275 0.880229
vt 0.937755 0.877264
vt 0.005601 0.023671
vt 0.024490 0.023671
vt 0.005601 0.027419
vt 0.024490 0.027419
vt 0.005601 0.030922
vt 0.043379 0.027419
vt 0.043379 0.023671
vt 0.024490 0.030922
vt 0.005601 0.034412
vt 0.118912 0.027419
vt 0.118912 0.023671
vt 0.043379 0.030921
vt 0.024490 0.034412
vt 0.005601 0.038146
vt 0.155021 0.027419
vt 0.155021 0.023671
vt 0.118912 0.030921
vt 0.043379 0.034412
vt 0.024490 0.038146
vt 0.005601 0.041653
vt 0.155021 0.030921
vt 0.193900 0.027419
vt 0.193900 0.023671
vt 0.118912 0.034412
vt 0.043379 0.038146
vt 0.024490 0.041653
vt 0.005601 0.045162
vt 0.024490 0.045162
vt 0.043379 0.045162
vt 0.043379 0.041653
vt 0.118912 0.045162
vt 0.118912 0.041653
vt 0.155021 0.045162
vt 0.118912 0.038146
vt 0.155021 0.041653
vt 0.193900 0.045162
vt 0.155021 0.038146
vt 0.193900 0.041653
vt 0.231394 0.045162
vt 0.155021 0.034412
vt 0.231394 0.041653
vt 0.306750 0.045162
vt 0.193900 0.038146
vt 0.193900 0.034412
vt 0.306750 0.041653
vt 0.345629 0.045162
vt 0.231394 0.038146
vt 0.193900 0.030921
vt 0.345629 0.041653
vt 0.383123 0.045162
vt 0.231394 0.034412
vt 0.306750 0.038146
vt 0.231394 0.030921
vt 0.383123 0.041653
vt 0.422695 0.045162
vt 0.345629 0.038146
vt 0.306750 0.034412
vt 0.231394 0.027419
vt 0.231394 0.023671
vt 0.422695 0.041653
vt 0.496748 0.045162
vt 0.306750 0.030921
vt 0.306750 0.027419
vt 0.306750 0.023671
vt 0.345629 0.034412
vt 0.383123 0.038146
vt 0.496748 0.041653
vt 0.534419 0.045162
vt 0.345629 0.027419
vt 0.345629 0.023671
vt 0.345629 0.030921
vt 0.422695 0.038146
vt 0.383123 0.034412
vt 0.534419 0.041653
vt 0.571884 0.045162
vt 0.383123 0.027419
vt 0.383123 0.023671
vt 0.383123 0.030921
vt 0.422695 0.034412
vt 0.496748 0.038146
vt 0.571884 0.041653
vt 0.647631 0.045162
vt 0.422695 0.027419
vt 0.422695 0.023671
vt 0.422695 0.030921
vt 0.534419 0.038146
vt 0.496748 0.034412
vt 0.647631 0.041653
vt 0.685364 0.045162
vt 0.496748 0.027419
vt 0.496748 0.023671
vt 0.496748 0.030920
vt 0.534419 0.034412
vt 0.571884 0.038146
vt 0.685364 0.041653
vt 0.722870 0.045162
vt 0.534419 0.027419
vt 0.534419 0.023671
vt 0.534419 0.030920
vt 0.647631 0.038146
vt 0.571884 0.034412
vt 0.722870 0.041653
vt 0.741758 0.045162
vt 0.571884 0.027419
vt 0.571884 0.023671
vt 0.571884 0.030920
vt 0.647631 0.034412
vt 0.685364 0.038146
vt 0.741758 0.041653
vt 0.760645 0.045162
vt 0.760645 0.041653
vt 0.647631 0.027419
vt 0.647631 0.023671
vt 0.647631 0.030920
vt 0.722870 0.038146
vt 0.741758 0.038146
vt 0.760645 0.038146
vt 0.685364 0.034412
vt 0.685364 0.027419
vt 0.685364 0.023671
vt 0.685364 0.030920
vt 0.722870 0.034412
vt 0.741758 0.034412
vt 0.760645 0.034412
vt 0.722870 0.030920
vt 0.722870 0.027419
vt 0.722870 0.023671
vt 0.741758 0.030920
vt 0.760645 0.030920
vt 0.741758 0.027419
vt 0.741758 0.023671
vt 0.760645 0.027419
vt 0.760645 0.023671
vt 0.925686 0.989584
vt 0.920574 0.989596
vt 0.925301 0.737175
vt 0.920193 0.737188
vt 0.915464 0.989610
vt 0.915080 0.737201
vt 0.910351 0.989625
vt 0.909971 0.737214
vt 0.905229 0.989639
vt 0.904859 0.737230
vt 0.900124 0.989652
vt 0.899755 0.737244
vt 0.895021 0.989666
vt 0.894653 0.737258
vt 0.889910 0.989680
vt 0.889534 0.737272
vt 0.884812 0.989694
vt 0.884424 0.737285
vt 0.879713 0.989707
vt 0.879312 0.737298
vt 0.874616 0.989721
vt 0.874194 0.737311
vt 0.869515 0.989735
vt 0.869080 0.737326
vt 0.864409 0.989749
vt 0.863971 0.737339
vt 0.844226 0.750049
vt 0.852789 0.756135
vt 0.842907 0.756139
vt 0.844230 0.762228
vt 0.847852 0.745589
vt 0.847858 0.766686
vt 0.852786 0.743939
vt 0.852792 0.768315
vt 0.857722 0.745586
vt 0.857725 0.766683
vt 0.861336 0.750044
vt 0.861337 0.762223
vt 0.862657 0.756134
vn -0.6422 -0.4994 -0.5815
vn -0.6728 0.4958 -0.5491
vn -0.6139 0.5018 -0.6094
vn -0.6140 0.5017 -0.6094
vn -0.6498 -0.0000 -0.7601
vn -0.6113 -0.4975 -0.6155
vn -0.6139 0.5017 -0.6094
vn -0.6112 -0.4975 -0.6155
vn -0.0381 0.9986 0.0374
vn -0.3240 0.8658 -0.3814
vn 0.0289 0.9992 -0.0281
vn 0.5468 0.4961 0.6745
vn 0.3431 0.8664 0.3628
vn 0.5468 0.4961 0.6744
vn 0.6409 0.5014 0.5812
vn 0.3432 0.8664 0.3628
vn 0.5793 -0.4998 0.6439
vn 0.6134 -0.4978 0.6131
vn -0.9499 -0.1177 -0.2897
vn -0.8918 0.3248 -0.3150
vn -0.7779 0.1183 -0.6172
vn -0.6458 -0.4981 -0.5786
vn -0.6711 0.4976 -0.5496
vn -0.6134 0.4998 -0.6115
vn -0.6133 0.4998 -0.6116
vn -0.6507 -0.0000 -0.7594
vn -0.6138 -0.4989 -0.6119
vn -0.0063 -1.0000 0.0063
vn -0.6458 -0.4981 -0.5787
vn -0.6139 -0.4990 -0.6117
vn -0.3603 -0.8649 -0.3494
vn -0.3206 0.8656 -0.3847
vn -0.0334 0.9989 0.0334
vn 0.0330 0.9989 -0.0330
vn 0.5495 0.4976 0.6712
vn 0.3476 0.8664 0.3584
vn 0.5495 0.4976 0.6711
vn 0.6446 0.5000 0.5784
vn -0.9503 -0.1145 -0.2894
vn -0.8909 0.3270 -0.3152
vn -0.7773 0.1201 -0.6175
vn -0.6134 0.4998 -0.6116
vn -0.6507 -0.0000 -0.7593
vn -0.6138 -0.4989 -0.6118
vn -0.6138 -0.4990 -0.6117
vn -0.0063 -1.0000 0.0064
vn -0.0334 0.9989 0.0335
vn 0.3476 0.8665 0.3584
vn -0.6457 -0.4981 -0.5787
vn -0.9496 -0.1193 -0.2900
vn -0.8923 0.3236 -0.3149
vn -0.7782 0.1174 -0.6170
vn 0.3527 -0.8649 0.3570
vn 0.6134 -0.4978 0.6132
vn 0.5792 -0.4998 0.6439
vn -0.0015 -1.0000 0.0022
vn -0.0022 -1.0000 0.0015
vn -0.3559 -0.8650 -0.3538
vn -0.1750 -0.9660 -0.1905
vn -0.6784 -0.2626 -0.6861
vn -0.1751 -0.9659 -0.1907
vn -0.6796 -0.2568 -0.6872
vn -0.5036 0.7076 -0.4957
vn -0.5014 0.7107 -0.4935
vn 0.1754 0.9658 0.1909
vn 0.1753 0.9659 0.1906
vn 0.6798 0.2565 0.6870
vn 0.6790 0.2610 0.6862
vn 0.5034 -0.7082 0.4950
vn 0.5056 -0.7048 0.4977
vn -0.1751 -0.9659 -0.1906
vn -0.1796 -0.9653 -0.1894
vn -0.6805 -0.2595 -0.6853
vn -0.1781 -0.9659 -0.1880
vn -0.6816 -0.2538 -0.6863
vn -0.5018 0.7081 -0.4968
vn -0.5001 0.7105 -0.4950
vn 0.1796 0.9653 0.1895
vn 0.1781 0.9659 0.1879
vn 0.6810 0.2570 0.6857
vn 0.6806 0.2590 0.6854
vn 0.5019 -0.7080 0.4968
vn 0.5038 -0.7053 0.4987
vn -0.1782 -0.9659 -0.1880
vn -0.7071 -0.0008 0.7071
vn -0.6422 -0.4995 -0.5815
vn 0.5792 -0.4999 0.6439
vn 0.7371 0.0000 0.6758
vn 0.5468 0.4962 0.6744
vn 0.6409 0.5015 0.5812
vn 0.0289 0.9992 -0.0282
vn 0.7075 0.0005 -0.7068
vn -0.6497 -0.0000 -0.7602
vn 0.7074 -0.0007 -0.7068
vn 0.6409 0.5015 0.5811
vn 0.6133 -0.4979 0.6132
vn 0.7071 -0.0019 -0.7071
vn 0.7071 -0.0025 -0.7072
vn 0.5281 0.0298 0.8487
vn -0.5608 0.2623 0.7853
vn 0.4642 0.5050 0.7276
vn -0.5535 0.4588 0.6950
vn -0.7853 0.2623 0.5608
vn -0.5987 -0.3474 0.7217
vn 0.2939 -0.1068 0.9499
vn -0.1566 -0.9511 0.2664
vn -0.6950 0.4588 0.5536
vn -0.7217 -0.3474 0.5987
vn -0.7249 0.5080 -0.4653
vn -0.8469 0.0354 -0.5306
vn -0.9504 -0.1063 -0.2923
vn -0.7011 -0.5209 -0.4870
vn -0.2664 -0.9511 0.1565
vn -0.7011 -0.5208 -0.4870
vn 0.2421 -0.9025 -0.3562
vn -0.5267 -0.3194 -0.7877
vn 0.3562 -0.9025 -0.2421
vn 0.4905 -0.5170 0.7015
vn 0.2938 -0.1068 0.9499
vn 0.7866 -0.3134 0.5321
vn 0.5966 -0.3542 -0.7201
vn -0.4564 -0.1173 -0.8820
vn 0.7201 -0.3543 -0.5965
vn 0.6180 0.2563 -0.7432
vn -0.8010 0.0109 -0.5985
vn -0.4294 0.0463 -0.9019
vn -0.6512 0.3125 -0.6916
vn -0.9504 -0.1064 -0.2922
vn -0.8469 0.0353 -0.5305
vn -0.8170 -0.2287 -0.5293
vn -0.8469 0.0353 -0.5306
vn -0.9499 -0.1171 -0.2897
vn -0.7778 0.1187 -0.6172
vn -0.5035 0.5318 -0.6809
vn -0.3336 0.3956 -0.8557
vn 0.3945 0.7723 -0.4979
vn -0.5034 0.5318 -0.6810
vn 0.7432 0.2569 -0.6177
vn 0.8803 -0.1162 0.4599
vn 0.5014 0.7737 -0.3873
vn -0.2384 0.9563 0.1695
vn -0.5035 0.5318 -0.6810
vn 0.9011 0.0444 0.4314
vn 0.5961 0.0057 0.8029
vn 0.6899 0.3099 0.6542
vn 0.5279 0.0299 0.8488
vn 0.5352 -0.2197 0.8157
vn 0.8393 0.3983 0.3699
vn 0.3088 -0.0830 0.9475
vn 0.5060 0.4575 0.7312
vn 0.5279 0.0298 0.8488
vn -0.5963 0.2987 0.7451
vn -0.1506 0.9545 0.2574
vn -0.7408 0.2964 0.6028
vn -0.8916 0.3252 -0.3150
vn -0.7778 0.1186 -0.6172
vn 0.0000 -1.0000 0.0000
vn 0.0000 1.0000 0.0000
vn 0.7071 0.0000 -0.7071
vn -0.7084 0.0000 -0.7058
vn 0.7084 0.0000 0.7059
vn 0.7083 0.0000 0.7059
vn 0.7084 0.0000 0.7058
vn 0.5786 -0.4981 0.6459
vn 0.3494 -0.8649 0.3603
vn 0.6113 -0.4998 0.6136
vn -0.1829 -0.9660 -0.1829
vn -0.6828 -0.2597 -0.6828
vn -0.1828 -0.9660 -0.1828
vn -0.6828 -0.2597 -0.6829
vn -0.4984 0.7093 -0.4985
vn -0.4989 0.7087 -0.4990
vn 0.1832 0.9659 0.1831
vn 0.1831 0.9659 0.1829
vn 0.6830 0.2595 0.6827
vn 0.6833 0.2582 0.6829
vn 0.5008 -0.7062 0.5005
vn 0.5001 -0.7069 0.5002
vn -0.1828 -0.9660 -0.1829
vn -0.1847 -0.9653 -0.1844
vn -0.6832 -0.2578 -0.6832
vn -0.1830 -0.9659 -0.1830
vn -0.6836 -0.2555 -0.6836
vn -0.4983 0.7095 -0.4983
vn 0.1849 0.9652 0.1849
vn 0.1831 0.9659 0.1831
vn 0.6830 0.2589 0.6830
vn 0.6834 0.2569 0.6834
vn 0.5003 -0.7067 0.5003
vn -0.1845 -0.9654 -0.1845
vn -0.1830 -0.9659 -0.1831
vn -0.6711 0.4975 -0.5496
vn 0.7382 -0.0001 0.6746
vn 0.0329 0.9989 -0.0329
vn 0.7076 0.0002 -0.7066
vn -0.3206 0.8656 -0.3846
vn -0.6508 -0.0000 -0.7593
vn -0.6135 0.4998 -0.6114
vn 0.7382 -0.0000 0.6746
vn 0.6115 -0.4997 0.6135
vn 0.7071 -0.0026 -0.7071
vn -0.6139 -0.4990 -0.6116
vn -0.7853 0.2623 0.5607
vn -0.8469 0.0354 -0.5305
vn -0.5267 -0.3194 -0.7878
vn 0.5966 -0.3543 -0.7201
vn 0.6180 0.2564 -0.7432
vn -0.9504 -0.1063 -0.2922
vn 0.7432 0.2569 -0.6178
vn -0.5034 0.5319 -0.6809
vn 0.8393 0.3984 0.3700
vn 0.5280 0.0298 0.8487
vn 0.3087 -0.0830 0.9475
vn -0.1505 0.9545 0.2574
vn -0.8915 0.3256 -0.3150
vn -0.7777 0.1198 -0.6171
vn 0.8393 0.3984 0.3699
vn 0.9010 0.0444 0.4315
vn 0.6113 -0.4997 0.6136
vn -0.4983 0.7095 -0.4984
vn 0.1834 0.9658 0.1830
vn 0.5009 -0.7062 0.5005
vn -0.1829 -0.9660 -0.1828
vn -0.6833 -0.2575 -0.6833
vn -0.1831 -0.9659 -0.1830
vn -0.6836 -0.2556 -0.6836
vn 0.1846 0.9653 0.1846
vn 0.6830 0.2590 0.6830
vn 0.5001 -0.7069 0.5001
vn -0.6459 -0.4981 -0.5786
vn -0.0333 0.9989 0.0334
vn 0.0332 0.9989 -0.0331
vn -0.6134 0.4999 -0.6115
vn 0.7073 -0.0012 -0.7069
vn 0.6445 0.5000 0.5785
vn 0.7071 -0.0023 -0.7071
vn 0.6899 0.3100 0.6542
vn 0.8393 0.3983 0.3700
vn -0.8920 0.3243 -0.3150
vn -0.7779 0.1165 -0.6175
vn -0.9361 -0.3407 0.0874
vn -0.1356 -0.9870 0.0865
vn -0.7382 0.6691 0.0859
vn 0.7385 -0.6688 0.0861
vn 0.1357 0.9871 0.0855
vn 0.9361 0.3409 0.0867
vn 0.9363 0.3404 -0.0859
vn 0.7386 -0.6688 -0.0848
vn 0.1361 0.9870 -0.0861
vn -0.7381 0.6690 -0.0872
vn -0.1352 -0.9871 -0.0859
vn -0.9360 -0.3409 -0.0881
vn -0.7382 0.6690 -0.0871
vn -0.7411 0.6714 -0.0014
vn 0.1361 0.9869 -0.0861
vn 0.1362 0.9907 -0.0002
vn 0.9363 0.3405 -0.0858
vn 0.1361 0.9907 -0.0005
vn -0.7411 0.6713 -0.0011
vn 0.9397 0.3419 0.0014
vn 0.1361 0.9907 -0.0006
vn -0.7411 0.6714 -0.0008
vn 0.9397 0.3421 0.0009
vn 0.7411 -0.6714 0.0015
vn -0.7411 0.6714 -0.0006
vn 0.9397 0.3420 0.0002
vn 0.7410 -0.6715 0.0011
vn -0.1361 -0.9907 0.0002
vn 0.9397 0.3421 0.0000
vn -0.7411 0.6714 -0.0004
vn 0.7411 -0.6714 0.0007
vn -0.1362 -0.9907 0.0005
vn -0.9397 -0.3421 -0.0014
vn -0.7382 0.6690 -0.0872
vn -0.7411 0.6714 -0.0010
vn -0.9397 -0.3420 -0.0009
vn -0.7411 0.6714 -0.0007
vn -0.9397 -0.3420 -0.0002
vn -0.1362 -0.9907 0.0006
vn -0.9397 -0.3420 -0.0000
vn -0.7411 0.6714 -0.0005
vn -0.9397 -0.3420 0.0001
vn -0.7411 0.6714 -0.0003
vn 0.7411 -0.6714 0.0006
vn -0.9397 -0.3420 0.0003
vn -0.7411 0.6714 -0.0002
vn 0.7411 -0.6714 0.0005
vn -0.9397 -0.3420 0.0004
vn -0.7411 0.6714 -0.0001
vn 0.9397 0.3420 -0.0001
vn -0.9397 -0.3420 0.0006
vn -0.7411 0.6714 0.0000
vn 0.7411 -0.6714 0.0003
vn 0.9397 0.3420 -0.0003
vn 0.7411 -0.6714 0.0002
vn -0.7410 0.6715 0.0000
vn 0.9397 0.3421 -0.0004
vn 0.7411 -0.6714 0.0001
vn -0.1361 -0.9907 0.0006
vn -0.9397 -0.3420 0.0007
vn -0.7411 0.6714 0.0001
vn 0.9397 0.3420 -0.0006
vn -0.9397 -0.3420 0.0008
vn -0.7411 0.6714 0.0002
vn 0.7410 -0.6715 0.0001
vn -0.1361 -0.9907 0.0007
vn -0.9397 -0.3420 0.0009
vn 0.7410 -0.6715 -0.0000
vn -0.9397 -0.3420 0.0010
vn 0.1361 0.9907 -0.0007
vn 0.9397 0.3420 -0.0007
vn 0.7410 -0.6715 -0.0001
vn -0.7410 0.6715 0.0001
vn 0.9397 0.3420 -0.0008
vn 0.7411 -0.6714 -0.0002
vn 0.9397 0.3420 -0.0009
vn -0.9397 -0.3420 0.0005
vn -0.9361 -0.3406 0.0874
vn 0.1362 0.9907 -0.0007
vn 0.9397 0.3420 -0.0010
vn 0.7411 -0.6714 -0.0001
vn 0.7411 -0.6714 0.0000
vn 0.9397 0.3420 -0.0005
vn 0.9361 0.3409 0.0865
vn 0.1362 0.9907 -0.0006
vn -0.9361 -0.3408 0.0870
vn -0.1356 -0.9870 0.0859
vn -0.7383 0.6690 0.0862
vn 0.7383 -0.6690 0.0858
vn 0.1357 0.9870 0.0861
vn 0.9362 0.3407 0.0869
vn 0.9361 0.3408 -0.0871
vn 0.7383 -0.6689 -0.0862
vn 0.1356 0.9870 -0.0859
vn -0.7383 0.6690 -0.0858
vn -0.1357 -0.9870 -0.0861
vn -0.9362 -0.3407 -0.0869
vn -0.7411 0.6714 0.0003
vn 0.1361 0.9907 0.0001
vn 0.1361 0.9907 0.0002
vn 0.7411 -0.6714 -0.0003
vn -0.1361 -0.9907 -0.0001
vn -0.1361 -0.9907 -0.0002
vn -0.7384 0.6689 -0.0858
vn -0.7410 0.6715 0.0003
vn -0.9397 -0.3420 0.0002
vn 0.9397 0.3420 -0.0002
vn -0.7383 0.6689 0.0862
vn -0.9361 -0.3408 0.0871
vn 0.7384 -0.6689 0.0858
vn 0.1362 0.9907 0.0002
vn -0.9361 -0.3407 0.0870
vn -0.1356 -0.9870 0.0860
vn -0.7383 0.6689 0.0860
vn 0.7383 -0.6690 0.0859
vn 0.1357 0.9870 0.0859
vn 0.9362 0.3407 0.0868
vn 0.7383 -0.6690 -0.0861
vn 0.1356 0.9870 -0.0860
vn -0.7384 0.6689 -0.0859
vn -0.1357 -0.9870 -0.0860
vn 0.1362 0.9907 -0.0000
vn 0.1361 0.9907 -0.0000
vn 0.7383 -0.6689 -0.0861
vn -0.1361 -0.9907 -0.0000
vn -0.1362 -0.9907 -0.0000
vn -0.9361 -0.3407 0.0871
vn 0.7383 -0.6689 0.0859
vn 0.9361 0.3407 0.0869
vn 0.1357 0.9870 0.0860
vn -0.7383 0.6689 0.0861
vn -0.7071 -0.0000 -0.7071
vn -0.2600 0.0000 -0.9656
vn 0.2588 0.0000 -0.9659
vn 0.7073 0.0000 -0.7069
vn 0.9657 -0.0000 -0.2597
vn 0.9659 -0.0000 0.2588
vn 0.7065 -0.0000 0.7077
vn 0.2578 -0.0000 0.9662
vn -0.2588 -0.0000 0.9659
vn -0.7071 -0.0000 0.7071
vn -0.7071 -0.0000 0.7072
vn -0.9659 0.0000 0.2588
vn -0.9659 0.0000 -0.2588
vn -0.7072 0.0000 -0.7071
usemtl Ring.001
s 1
f 2009/2009/874 2010/2010/875 2011/2011/876
f 2011/2011/877 2012/2012/878 2013/2013/879
f 2014/2014/880 2013/2013/881 2015/2015/874
f 2014/2014/876 2016/2016/875 2017/2017/882
f 2018/2018/883 2011/2011/880 2019/2019/882
f 2019/2019/882 2020/2020/884 2018/2018/883
f 2020/2020/884 2019/2019/882 2021/2021/885
f 2022/2022/886 2020/2020/884 2021/2021/885
f 2023/2023/887 2024/2024/888 2022/2022/889
f 2025/2025/887 2026/2026/890 2027/2027/891
f 2028/2028/892 2029/2029/893 2030/2030/894
f 2031/2031/895 2032/2032/896 2033/2033/897
f 2033/2033/898 2034/2034/899 2035/2035/900
f 2036/2036/901 2037/2037/902 2035/2035/903
f 2036/2036/901 2035/2035/903 2038/2038/904
f 2038/2038/904 2039/2039/901 2036/2036/901
f 2040/2040/905 2033/2033/897 2041/2041/906
f 2041/2041/906 2042/2042/907 2040/2040/905
f 2042/2042/907 2041/2041/906 2043/2043/908
f 2044/2044/909 2042/2042/907 2043/2043/908
f 2045/2045/910 2046/2046/911 2044/2044/909
f 2047/2047/897 2048/2048/903 2049/2049/895
f 2047/2047/897 2050/2050/896 2051/2051/906
f 2052/2052/912 2053/2053/913 2054/2054/914
f 2055/2055/895 2056/2056/896 2057/2057/897
f 2057/2057/915 2058/2058/916 2059/2059/917
f 2060/2060/901 2061/2061/902 2059/2059/918
f 2060/2060/901 2059/2059/918 2062/2062/904
f 2062/2062/904 2063/2063/919 2060/2060/901
f 2064/2064/905 2057/2057/897 2065/2065/920
f 2065/2065/920 2066/2066/907 2064/2064/905
f 2066/2066/907 2065/2065/920 2067/2067/908
f 2068/2068/921 2066/2066/907 2067/2067/908
f 2069/2069/910 2070/2070/911 2068/2068/921
f 2071/2071/897 2072/2072/917 2073/2073/922
f 2071/2071/897 2074/2074/896 2075/2075/906
f 2076/2076/923 2077/2077/924 2078/2078/925
f 2079/2079/926 2080/2080/927 2081/2081/928
f 2081/2081/928 2082/2082/929 2079/2079/926
f 2081/2081/928 2083/2083/930 2082/2082/929
f 2084/2084/931 2085/2085/929 2086/2086/930
f 2086/2086/930 2087/2087/881 2084/2084/931
f 2086/2086/930 2088/2088/874 2087/2087/881
f 2089/2089/932 2090/2090/933 2091/2091/934
f 2090/2090/933 2092/2092/935 2091/2091/934
f 2090/2090/933 2093/2093/936 2092/2092/935
f 2093/2093/936 2094/2094/937 2092/2092/935
f 2093/2093/936 2095/2095/938 2094/2094/937
f 2095/2095/938 2096/2096/939 2094/2094/937
f 2095/2095/938 2097/2097/940 2096/2096/939
f 2097/2097/940 2098/2098/941 2096/2096/939
f 2097/2097/940 2099/2099/942 2098/2098/941
f 2099/2099/942 2100/2100/943 2098/2098/941
f 2099/2099/942 2101/2101/944 2100/2100/943
f 2101/2101/944 2102/2102/944 2100/2100/943
f 2103/2103/945 2104/2104/946 2105/2105/947
f 2104/2104/946 2106/2106/948 2105/2105/947
f 2104/2104/946 2107/2107/949 2106/2106/948
f 2107/2107/949 2108/2108/950 2106/2106/948
f 2107/2107/949 2109/2109/951 2108/2108/950
f 2109/2109/951 2110/2110/952 2108/2108/950
f 2109/2109/951 2111/2111/953 2110/2110/952
f 2111/2111/953 2112/2112/954 2110/2110/952
f 2111/2111/953 2113/2113/955 2112/2112/954
f 2113/2113/955 2114/2114/956 2112/2112/954
f 2113/2113/955 2115/2115/945 2114/2114/956
f 2115/2115/945 2116/2116/957 2114/2114/956
f 2117/2117/958 2118/2118/875 2119/2119/959
f 2120/2120/887 2118/2118/875 2117/2117/958
f 2121/2121/960 2120/2120/887 2117/2117/958
f 2122/2122/882 2118/2118/875 2120/2120/887
f 2123/2123/891 2124/2124/961 2120/2120/962
f 2124/2124/961 2125/2125/963 2120/2120/962
f 2126/2126/964 2127/2127/965 2128/2128/883
f 2127/2127/965 2129/2129/966 2128/2128/883
f 2128/2128/883 2129/2129/966 2130/2130/880
f 2131/2131/967 2129/2129/966 2127/2127/965
f 2132/2132/961 2131/2131/967 2127/2127/965
f 2133/2133/968 2132/2132/961 2127/2127/965
f 2134/2134/969 2131/2131/967 2132/2132/961
f 2135/2135/970 2129/2129/966 2131/2131/967
f 2136/2136/971 2135/2135/970 2131/2131/967
f 2137/2137/879 2129/2129/966 2135/2135/970
f 2138/2138/972 2139/2139/973 2140/2140/974
f 2139/2139/973 2141/2141/975 2140/2140/974
f 2141/2141/975 2139/2139/973 2142/2142/976
f 2140/2140/974 2141/2141/975 2143/2143/977
f 2144/2144/978 2140/2140/974 2143/2143/977
f 2143/2143/977 2145/2145/979 2144/2144/978
f 2146/2146/980 2141/2141/975 2142/2142/976
f 2143/2143/977 2141/2141/975 2147/2147/981
f 2141/2141/975 2146/2146/980 2147/2147/981
f 2148/2148/982 2146/2146/980 2142/2142/976
f 2147/2147/981 2146/2146/980 2148/2148/982
f 2149/2149/983 2148/2148/982 2142/2142/976
f 2150/2150/984 2147/2147/981 2148/2148/982
f 2147/2147/981 2150/2150/984 2151/2151/985
f 2143/2143/977 2147/2147/981 2152/2152/986
f 2145/2145/979 2143/2143/977 2152/2152/986
f 2152/2152/986 2147/2147/981 2153/2153/987
f 2154/2154/988 2152/2152/986 2153/2153/987
f 2145/2145/979 2152/2152/986 2154/2154/988
f 2155/2155/989 2154/2154/988 2153/2153/987
f 2156/2156/990 2145/2145/979 2154/2154/988
f 2157/2157/991 2145/2145/979 2156/2156/990
f 2145/2145/979 2157/2157/991 2158/2158/992
f 2159/2159/993 2157/2157/991 2156/2156/990
f 2156/2156/990 2154/2154/988 2160/2160/994
f 2154/2154/988 2155/2155/989 2161/2161/995
f 2160/2160/994 2154/2154/988 2161/2161/995
f 2162/2162/996 2156/2156/990 2160/2160/994
f 2156/2156/990 2162/2162/996 2159/2159/993
f 2163/2163/997 2160/2160/994 2161/2161/995
f 2162/2162/996 2160/2160/994 2163/2163/997
f 2164/2164/998 2161/2161/995 2155/2155/989
f 2165/2165/999 2163/2163/997 2161/2161/995
f 2161/2161/995 2164/2164/998 2165/2165/999
f 2166/2166/1000 2164/2164/998 2155/2155/989
f 2167/2167/985 2166/2166/1000 2155/2155/989
f 2168/2168/1001 2166/2166/1000 2167/2167/985
f 2169/2169/982 2166/2166/1000 2168/2168/1001
f 2166/2166/1000 2169/2169/982 2170/2170/1002
f 2164/2164/998 2166/2166/1000 2170/2170/1002
f 2164/2164/998 2171/2171/1003 2165/2165/999
f 2171/2171/1003 2164/2164/998 2172/2172/1004
f 2173/2173/1005 2171/2171/1003 2172/2172/1004
f 2171/2171/1003 2173/2173/1005 2174/2174/1006
f 2175/2175/1007 2171/2171/1003 2174/2174/1006
f 2171/2171/1003 2175/2175/1007 2176/2176/1008
f 2165/2165/999 2171/2171/1003 2176/2176/1008
f 2163/2163/997 2165/2165/999 2177/2177/1008
f 2178/2178/1009 2163/2163/997 2177/2177/1008
f 2177/2177/1008 2179/2179/1010 2178/2178/1009
f 2180/2180/1011 2163/2163/997 2178/2178/1009
f 2180/2180/1011 2162/2162/996 2163/2163/997
f 2181/2181/1012 2162/2162/996 2180/2180/1011
f 2162/2162/996 2181/2181/1012 2159/2159/993
f 2182/2182/1013 2180/2180/1011 2178/2178/1009
f 2182/2182/1013 2178/2178/1009 2183/2183/1014
f 2184/2184/1015 2183/2183/1014 2178/2178/1009
f 2184/2184/1015 2185/2185/1006 2183/2183/1014
f 2186/2186/1016 2181/2181/1012 2180/2180/1011
f 2180/2180/1011 2182/2182/1013 2186/2186/1016
f 2181/2181/1012 2187/2187/1017 2159/2159/993
f 2181/2181/1012 2186/2186/1016 2187/2187/1017
f 2187/2187/1017 2188/2188/1018 2159/2159/993
f 2189/2189/991 2159/2159/993 2188/2188/1018
f 2189/2189/991 2188/2188/1018 2190/2190/978
f 2187/2187/1017 2191/2191/1019 2188/2188/1018
f 2191/2191/1019 2192/2192/974 2188/2188/1018
f 2193/2193/992 2188/2188/1018 2192/2192/974
f 2186/2186/1016 2194/2194/1020 2187/2187/1017
f 2187/2187/1017 2194/2194/1020 2195/2195/1019
f 2196/2196/1021 2194/2194/1020 2186/2186/1016
f 2194/2194/1020 2197/2197/1022 2195/2195/1019
f 2198/2198/1023 2194/2194/1020 2196/2196/1021
f 2197/2197/1022 2194/2194/1020 2198/2198/1023
f 2199/2199/1024 2200/2200/1022 2201/2201/973
f 2200/2200/1022 2202/2202/1025 2201/2201/973
f 2201/2201/973 2202/2202/1025 2203/2203/976
f 2204/2204/1026 2202/2202/1025 2200/2200/1022
f 2205/2205/1023 2204/2204/1026 2200/2200/1022
f 2182/2182/1013 2204/2204/1026 2205/2205/1023
f 2202/2202/1025 2206/2206/1027 2203/2203/976
f 2202/2202/1025 2204/2204/1026 2206/2206/1027
f 2204/2204/1026 2182/2182/1013 2183/2183/1014
f 2204/2204/1026 2183/2183/1014 2206/2206/1027
f 2203/2203/976 2206/2206/1027 2207/2207/1005
f 2207/2207/1005 2206/2206/1027 2183/2183/1014
f 2208/2208/1004 2203/2203/976 2207/2207/1005
f 2209/2209/1028 2207/2207/1005 2183/2183/1014
f 2210/2210/1029 2209/2209/1028 2183/2183/1014
f 2182/2182/1013 2211/2211/1021 2212/2212/1016
f 2211/2211/1021 2182/2182/1013 2213/2213/1023
f 2214/2214/1030 2215/2215/1030 2216/2216/1030
f 2217/2217/1030 2214/2214/1030 2216/2216/1030
f 2218/2218/1031 2219/2219/1031 2220/2220/1031
f 2221/2221/1031 2218/2218/1031 2220/2220/1031
f 2222/2222/1032 2223/2223/1032 2224/2224/1032
f 2225/2225/1032 2222/2222/1032 2224/2224/1032
f 2226/2226/1033 2227/2227/1033 2228/2228/1033
f 2229/2229/1033 2226/2226/1033 2228/2228/1033
f 2230/2230/1034 2231/2231/1035 2232/2232/1034
f 2233/2233/1036 2230/2230/1034 2232/2232/1034
f 2234/2234/1037 2235/2235/901 2236/2236/1038
f 2237/2237/1037 2238/2238/901 2235/2235/919
f 2236/2236/1038 2239/2239/1039 2237/2237/1037
f 2240/2240/910 2237/2237/1037 2239/2239/1039
f 2241/2241/1040 2242/2242/1041 2243/2243/1042
f 2242/2242/1041 2244/2244/1043 2243/2243/1042
f 2242/2242/1041 2245/2245/1044 2244/2244/1043
f 2245/2245/1044 2246/2246/1045 2244/2244/1043
f 2245/2245/1044 2247/2247/1046 2246/2246/1045
f 2247/2247/1046 2248/2248/1047 2246/2246/1045
f 2247/2247/1046 2249/2249/1048 2248/2248/1047
f 2249/2249/1048 2250/2250/1049 2248/2248/1047
f 2249/2249/1048 2251/2251/1050 2250/2250/1049
f 2251/2251/1050 2252/2252/1051 2250/2250/1049
f 2251/2251/1050 2253/2253/1052 2252/2252/1051
f 2253/2253/1052 2254/2254/1040 2252/2252/1051
f 2255/2255/1053 2256/2256/1054 2257/2257/1055
f 2256/2256/1054 2258/2258/1056 2257/2257/1055
f 2256/2256/1054 2259/2259/1057 2258/2258/1056
f 2259/2259/1057 2260/2260/1057 2258/2258/1056
f 2259/2259/1057 2261/2261/1058 2260/2260/1057
f 2261/2261/1058 2262/2262/1059 2260/2260/1057
f 2261/2261/1058 2263/2263/1060 2262/2262/1059
f 2263/2263/1060 2264/2264/1061 2262/2262/1059
f 2263/2263/1060 2265/2265/1062 2264/2264/1061
f 2265/2265/1062 2266/2266/1062 2264/2264/1061
f 2265/2265/1062 2267/2267/1063 2266/2266/1062
f 2267/2267/1063 2268/2268/1064 2266/2266/1062
f 2269/2269/958 2270/2270/1065 2271/2271/895
f 2272/2272/910 2270/2270/1065 2269/2269/958
f 2273/2273/1037 2272/2272/910 2269/2269/958
f 2274/2274/920 2270/2270/1065 2272/2272/910
f 2275/2275/1039 2276/2276/1066 2272/2272/908
f 2276/2276/1066 2277/2277/911 2272/2272/908
f 2278/2278/1067 2279/2279/1068 2280/2280/1069
f 2279/2279/1068 2281/2281/1070 2280/2280/1069
f 2280/2280/1069 2281/2281/1070 2282/2282/1071
f 2283/2283/967 2281/2281/1070 2279/2279/1068
f 2284/2284/1072 2283/2283/967 2279/2279/1068
f 2285/2285/911 2284/2284/1072 2279/2279/1068
f 2286/2286/1073 2283/2283/967 2284/2284/1072
f 2287/2287/970 2281/2281/1070 2283/2283/967
f 2288/2288/1074 2287/2287/970 2283/2283/967
f 2289/2289/1075 2281/2281/1070 2287/2287/970
f 2290/2290/972 2291/2291/973 2292/2292/974
f 2291/2291/973 2293/2293/975 2292/2292/974
f 2293/2293/975 2291/2291/973 2294/2294/1076
f 2292/2292/974 2293/2293/975 2295/2295/977
f 2296/2296/992 2292/2292/974 2295/2295/977
f 2295/2295/977 2297/2297/979 2296/2296/992
f 2298/2298/980 2293/2293/975 2294/2294/1076
f 2295/2295/977 2293/2293/975 2299/2299/981
f 2293/2293/975 2298/2298/980 2299/2299/981
f 2300/2300/982 2298/2298/980 2294/2294/1076
f 2299/2299/981 2298/2298/980 2300/2300/982
f 2301/2301/1077 2300/2300/982 2294/2294/1076
f 2302/2302/1001 2299/2299/981 2300/2300/982
f 2299/2299/981 2302/2302/1001 2303/2303/985
f 2295/2295/977 2299/2299/981 2304/2304/986
f 2297/2297/979 2295/2295/977 2304/2304/986
f 2304/2304/986 2299/2299/981 2305/2305/985
f 2306/2306/988 2304/2304/986 2305/2305/985
f 2297/2297/979 2304/2304/986 2306/2306/988
f 2307/2307/1078 2306/2306/988 2305/2305/985
f 2308/2308/990 2297/2297/979 2306/2306/988
f 2309/2309/991 2297/2297/979 2308/2308/990
f 2297/2297/979 2309/2309/991 2310/2310/992
f 2311/2311/993 2309/2309/991 2308/2308/990
f 2308/2308/990 2306/2306/988 2312/2312/1079
f 2306/2306/988 2307/2307/1078 2313/2313/995
f 2312/2312/1079 2306/2306/988 2313/2313/995
f 2314/2314/996 2308/2308/990 2312/2312/1079
f 2308/2308/990 2314/2314/996 2311/2311/993
f 2315/2315/1080 2312/2312/1079 2313/2313/995
f 2314/2314/996 2312/2312/1079 2315/2315/1080
f 2316/2316/998 2313/2313/995 2307/2307/1078
f 2317/2317/999 2315/2315/1080 2313/2313/995
f 2313/2313/995 2316/2316/998 2317/2317/999
f 2318/2318/1000 2316/2316/998 2307/2307/1078
f 2319/2319/985 2318/2318/1000 2307/2307/1078
f 2320/2320/1081 2318/2318/1000 2319/2319/985
f 2321/2321/982 2318/2318/1000 2320/2320/1081
f 2318/2318/1000 2321/2321/982 2322/2322/1002
f 2316/2316/998 2318/2318/1000 2322/2322/1002
f 2316/2316/998 2323/2323/1003 2317/2317/999
f 2323/2323/1003 2316/2316/998 2324/2324/1004
f 2325/2325/1005 2323/2323/1003 2324/2324/1004
f 2323/2323/1003 2325/2325/1005 2326/2326/1006
f 2327/2327/1010 2323/2323/1003 2326/2326/1006
f 2323/2323/1003 2327/2327/1010 2328/2328/1008
f 2317/2317/999 2323/2323/1003 2328/2328/1008
f 2315/2315/1080 2317/2317/999 2329/2329/1008
f 2330/2330/1009 2315/2315/1080 2329/2329/1008
f 2329/2329/1008 2331/2331/1010 2330/2330/1009
f 2332/2332/1082 2315/2315/1080 2330/2330/1009
f 2332/2332/1082 2314/2314/996 2315/2315/1080
f 2333/2333/1012 2314/2314/996 2332/2332/1082
f 2314/2314/996 2333/2333/1012 2311/2311/993
f 2334/2334/1013 2332/2332/1082 2330/2330/1009
f 2334/2334/1013 2330/2330/1009 2335/2335/1014
f 2336/2336/1083 2335/2335/1014 2330/2330/1009
f 2336/2336/1083 2337/2337/1006 2335/2335/1014
f 2338/2338/1016 2333/2333/1012 2332/2332/1082
f 2332/2332/1082 2334/2334/1013 2338/2338/1016
f 2333/2333/1012 2339/2339/1017 2311/2311/993
f 2333/2333/1012 2338/2338/1016 2339/2339/1017
f 2339/2339/1017 2340/2340/1018 2311/2311/993
f 2341/2341/991 2311/2311/993 2340/2340/1018
f 2341/2341/991 2340/2340/1018 2342/2342/978
f 2339/2339/1017 2343/2343/1024 2340/2340/1018
f 2343/2343/1024 2344/2344/974 2340/2340/1018
f 2345/2345/992 2340/2340/1018 2344/2344/974
f 2338/2338/1016 2346/2346/1020 2339/2339/1017
f 2339/2339/1017 2346/2346/1020 2347/2347/1019
f 2348/2348/1084 2346/2346/1020 2338/2338/1016
f 2346/2346/1020 2349/2349/1022 2347/2347/1019
f 2350/2350/1023 2346/2346/1020 2348/2348/1084
f 2349/2349/1022 2346/2346/1020 2350/2350/1023
f 2351/2351/1085 2352/2352/1086 2353/2353/973
f 2352/2352/1086 2354/2354/1025 2353/2353/973
f 2353/2353/973 2354/2354/1025 2355/2355/976
f 2356/2356/1087 2354/2354/1025 2352/2352/1086
f 2357/2357/1023 2356/2356/1087 2352/2352/1086
f 2334/2334/1013 2356/2356/1087 2357/2357/1023
f 2354/2354/1025 2358/2358/1027 2355/2355/976
f 2354/2354/1025 2356/2356/1087 2358/2358/1027
f 2356/2356/1087 2334/2334/1013 2335/2335/1014
f 2356/2356/1087 2335/2335/1014 2358/2358/1027
f 2355/2355/976 2358/2358/1027 2359/2359/1005
f 2359/2359/1005 2358/2358/1027 2335/2335/1014
f 2360/2360/1004 2355/2355/976 2359/2359/1005
f 2361/2361/1088 2359/2359/1005 2335/2335/1014
f 2362/2362/1089 2361/2361/1088 2335/2335/1014
f 2334/2334/1013 2363/2363/1090 2364/2364/1091
f 2363/2363/1090 2334/2334/1013 2365/2365/1023
f 2366/2366/1030 2367/2367/1030 2368/2368/1030
f 2369/2369/1030 2366/2366/1030 2368/2368/1030
f 2370/2370/1031 2371/2371/1031 2372/2372/1031
f 2373/2373/1031 2370/2370/1031 2372/2372/1031
f 2374/2374/1032 2375/2375/1032 2376/2376/1032
f 2377/2377/1032 2374/2374/1032 2376/2376/1032
f 2378/2378/1033 2379/2379/1033 2380/2380/1033
f 2381/2381/1033 2378/2378/1033 2380/2380/1033
f 2382/2382/1034 2383/2383/1035 2384/2384/1034
f 2385/2385/1034 2382/2382/1034 2384/2384/1034
f 2386/2386/1037 2387/2387/901 2388/2388/1038
f 2389/2389/1037 2390/2390/901 2387/2387/919
f 2388/2388/1038 2391/2391/1092 2389/2389/1037
f 2392/2392/910 2389/2389/1037 2391/2391/1092
f 2393/2393/1040 2394/2394/1041 2395/2395/1040
f 2394/2394/1041 2396/2396/1043 2395/2395/1040
f 2394/2394/1041 2397/2397/1093 2396/2396/1043
f 2397/2397/1093 2398/2398/1045 2396/2396/1043
f 2397/2397/1093 2399/2399/1046 2398/2398/1045
f 2399/2399/1046 2400/2400/1094 2398/2398/1045
f 2399/2399/1046 2401/2401/1048 2400/2400/1094
f 2401/2401/1048 2402/2402/1049 2400/2400/1094
f 2401/2401/1048 2403/2403/1095 2402/2402/1049
f 2403/2403/1095 2404/2404/1051 2402/2402/1049
f 2403/2403/1095 2405/2405/1040 2404/2404/1051
f 2405/2405/1040 2406/2406/1096 2404/2404/1051
f 2407/2407/1063 2408/2408/1097 2409/2409/1098
f 2408/2408/1097 2410/2410/1099 2409/2409/1098
f 2408/2408/1097 2411/2411/1057 2410/2410/1099
f 2411/2411/1057 2412/2412/1057 2410/2410/1099
f 2411/2411/1057 2413/2413/1100 2412/2412/1057
f 2413/2413/1100 2414/2414/1059 2412/2412/1057
f 2413/2413/1100 2415/2415/1101 2414/2414/1059
f 2415/2415/1101 2416/2416/1061 2414/2414/1059
f 2415/2415/1101 2417/2417/1062 2416/2416/1061
f 2417/2417/1062 2418/2418/1102 2416/2416/1061
f 2417/2417/1062 2419/2419/1063 2418/2418/1102
f 2419/2419/1063 2420/2420/1064 2418/2418/1102
f 2421/2421/958 2422/2422/1065 2423/2423/1103
f 2424/2424/910 2422/2422/1065 2421/2421/958
f 2425/2425/1037 2424/2424/910 2421/2421/958
f 2426/2426/1104 2422/2422/1065 2424/2424/910
f 2427/2427/1039 2428/2428/1072 2424/2424/908
f 2428/2428/1072 2429/2429/911 2424/2424/908
f 2430/2430/1105 2431/2431/965 2432/2432/905
f 2431/2431/965 2433/2433/916 2432/2432/905
f 2432/2432/905 2433/2433/916 2434/2434/1106
f 2435/2435/1107 2433/2433/916 2431/2431/965
f 2436/2436/1072 2435/2435/1107 2431/2431/965
f 2437/2437/1108 2436/2436/1072 2431/2431/965
f 2438/2438/1039 2435/2435/1107 2436/2436/1072
f 2439/2439/970 2433/2433/916 2435/2435/1107
f 2440/2440/1109 2439/2439/970 2435/2435/1107
f 2441/2441/917 2433/2433/916 2439/2439/970
f 2442/2442/1085 2443/2443/973 2444/2444/974
f 2443/2443/973 2445/2445/975 2444/2444/974
f 2445/2445/975 2443/2443/973 2446/2446/1076
f 2444/2444/974 2445/2445/975 2447/2447/977
f 2448/2448/992 2444/2444/974 2447/2447/977
f 2447/2447/977 2449/2449/979 2448/2448/992
f 2450/2450/980 2445/2445/975 2446/2446/1076
f 2447/2447/977 2445/2445/975 2451/2451/981
f 2445/2445/975 2450/2450/980 2451/2451/981
f 2452/2452/982 2450/2450/980 2446/2446/1076
f 2451/2451/981 2450/2450/980 2452/2452/982
f 2453/2453/1077 2452/2452/982 2446/2446/1076
f 2454/2454/1001 2451/2451/981 2452/2452/982
f 2451/2451/981 2454/2454/1001 2455/2455/985
f 2447/2447/977 2451/2451/981 2456/2456/986
f 2449/2449/979 2447/2447/977 2456/2456/986
f 2456/2456/986 2451/2451/981 2457/2457/985
f 2458/2458/988 2456/2456/986 2457/2457/985
f 2449/2449/979 2456/2456/986 2458/2458/988
f 2459/2459/989 2458/2458/988 2457/2457/985
f 2460/2460/990 2449/2449/979 2458/2458/988
f 2461/2461/991 2449/2449/979 2460/2460/990
f 2449/2449/979 2461/2461/991 2462/2462/992
f 2463/2463/993 2461/2461/991 2460/2460/990
f 2460/2460/990 2458/2458/988 2464/2464/1079
f 2458/2458/988 2459/2459/989 2465/2465/995
f 2464/2464/1079 2458/2458/988 2465/2465/995
f 2466/2466/996 2460/2460/990 2464/2464/1079
f 2460/2460/990 2466/2466/996 2463/2463/993
f 2467/2467/1080 2464/2464/1079 2465/2465/995
f 2466/2466/996 2464/2464/1079 2467/2467/1080
f 2468/2468/998 2465/2465/995 2459/2459/989
f 2469/2469/999 2467/2467/1080 2465/2465/995
f 2465/2465/995 2468/2468/998 2469/2469/999
f 2470/2470/1000 2468/2468/998 2459/2459/989
f 2471/2471/985 2470/2470/1000 2459/2459/989
f 2472/2472/1081 2470/2470/1000 2471/2471/985
f 2473/2473/982 2470/2470/1000 2472/2472/1081
f 2470/2470/1000 2473/2473/982 2474/2474/1002
f 2468/2468/998 2470/2470/1000 2474/2474/1002
f 2468/2468/998 2475/2475/1003 2469/2469/999
f 2475/2475/1003 2468/2468/998 2476/2476/1004
f 2477/2477/1005 2475/2475/1003 2476/2476/1004
f 2475/2475/1003 2477/2477/1005 2478/2478/1006
f 2479/2479/1083 2475/2475/1003 2478/2478/1006
f 2475/2475/1003 2479/2479/1083 2480/2480/1008
f 2469/2469/999 2475/2475/1003 2480/2480/1008
f 2467/2467/1080 2469/2469/999 2481/2481/1008
f 2482/2482/1009 2467/2467/1080 2481/2481/1008
f 2481/2481/1008 2483/2483/1010 2482/2482/1009
f 2484/2484/1082 2467/2467/1080 2482/2482/1009
f 2484/2484/1082 2466/2466/996 2467/2467/1080
f 2485/2485/1012 2466/2466/996 2484/2484/1082
f 2466/2466/996 2485/2485/1012 2463/2463/993
f 2486/2486/1013 2484/2484/1082 2482/2482/1009
f 2486/2486/1013 2482/2482/1009 2487/2487/1014
f 2488/2488/1007 2487/2487/1014 2482/2482/1009
f 2488/2488/1007 2489/2489/1006 2487/2487/1014
f 2490/2490/1016 2485/2485/1012 2484/2484/1082
f 2484/2484/1082 2486/2486/1013 2490/2490/1016
f 2485/2485/1012 2491/2491/1017 2463/2463/993
f 2485/2485/1012 2490/2490/1016 2491/2491/1017
f 2491/2491/1017 2492/2492/1110 2463/2463/993
f 2493/2493/991 2463/2463/993 2492/2492/1110
f 2493/2493/991 2492/2492/1110 2494/2494/978
f 2491/2491/1017 2495/2495/1024 2492/2492/1110
f 2495/2495/1024 2496/2496/974 2492/2492/1110
f 2497/2497/992 2492/2492/1110 2496/2496/974
f 2490/2490/1016 2498/2498/1020 2491/2491/1017
f 2491/2491/1017 2498/2498/1020 2499/2499/1019
f 2500/2500/1111 2498/2498/1020 2490/2490/1016
f 2498/2498/1020 2501/2501/1022 2499/2499/1019
f 2502/2502/1023 2498/2498/1020 2500/2500/1111
f 2501/2501/1022 2498/2498/1020 2502/2502/1023
f 2503/2503/1085 2504/2504/1086 2505/2505/973
f 2504/2504/1086 2506/2506/1025 2505/2505/973
f 2505/2505/973 2506/2506/1025 2507/2507/976
f 2508/2508/1026 2506/2506/1025 2504/2504/1086
f 2509/2509/1023 2508/2508/1026 2504/2504/1086
f 2486/2486/1013 2508/2508/1026 2509/2509/1023
f 2506/2506/1025 2510/2510/1027 2507/2507/976
f 2506/2506/1025 2508/2508/1026 2510/2510/1027
f 2508/2508/1026 2486/2486/1013 2487/2487/1014
f 2508/2508/1026 2487/2487/1014 2510/2510/1027
f 2507/2507/976 2510/2510/1027 2511/2511/1005
f 2511/2511/1005 2510/2510/1027 2487/2487/1014
f 2512/2512/1004 2507/2507/976 2511/2511/1005
f 2513/2513/1112 2511/2511/1005 2487/2487/1014
f 2514/2514/1113 2513/2513/1112 2487/2487/1014
f 2486/2486/1013 2515/2515/1021 2516/2516/1016
f 2515/2515/1021 2486/2486/1013 2517/2517/1023
f 2518/2518/1030 2519/2519/1030 2520/2520/1030
f 2521/2521/1030 2518/2518/1030 2520/2520/1030
f 2522/2522/1031 2523/2523/1031 2524/2524/1031
f 2525/2525/1031 2522/2522/1031 2524/2524/1031
f 2526/2526/1032 2527/2527/1032 2528/2528/1032
f 2529/2529/1032 2526/2526/1032 2528/2528/1032
f 2530/2530/1033 2531/2531/1033 2532/2532/1033
f 2533/2533/1033 2530/2530/1033 2532/2532/1033
f 2534/2534/1034 2535/2535/1034 2536/2536/1034
f 2537/2537/1034 2534/2534/1034 2536/2536/1034
f 2538/2538/1114 2539/2539/1115 2540/2540/1116
f 2539/2539/1115 2541/2541/1117 2540/2540/1116
f 2542/2542/1118 2540/2540/1116 2541/2541/1117
f 2543/2543/1119 2542/2542/1118 2541/2541/1117
f 2544/2544/1120 2545/2545/1121 2546/2546/1122
f 2545/2545/1121 2547/2547/1123 2546/2546/1122
f 2545/2545/1121 2548/2548/1124 2547/2547/1123
f 2548/2548/1124 2549/2549/1125 2547/2547/1123
f 2550/2550/1126 2551/2551/1127 2552/2552/1128
f 2551/2551/1127 2553/2553/1129 2552/2552/1128
f 2552/2552/1128 2553/2553/1129 2554/2554/1130
f 2555/2555/1131 2553/2553/1129 2551/2551/1127
f 2556/2556/1132 2555/2555/1131 2551/2551/1127
f 2553/2553/1129 2557/2557/1133 2554/2554/1130
f 2554/2554/1130 2557/2557/1133 2558/2558/1121
f 2559/2559/1134 2555/2555/1131 2556/2556/1132
f 2560/2560/1135 2559/2559/1134 2556/2556/1132
f 2555/2555/1131 2561/2561/1136 2553/2553/1129
f 2561/2561/1136 2557/2557/1133 2553/2553/1129
f 2557/2557/1133 2562/2562/1137 2558/2558/1121
f 2558/2558/1121 2562/2562/1137 2563/2563/1124
f 2564/2564/1134 2559/2559/1134 2560/2560/1135
f 2565/2565/1138 2564/2564/1134 2560/2560/1135
f 2559/2559/1134 2566/2566/1139 2555/2555/1131
f 2566/2566/1139 2561/2561/1136 2555/2555/1131
f 2561/2561/1136 2567/2567/1140 2557/2557/1133
f 2567/2567/1140 2562/2562/1137 2557/2557/1133
f 2562/2562/1137 2568/2568/1141 2563/2563/1124
f 2563/2563/1124 2568/2568/1141 2569/2569/1125
f 2564/2564/1134 2570/2570/1142 2559/2559/1134
f 2570/2570/1142 2566/2566/1139 2559/2559/1134
f 2571/2571/1134 2564/2564/1134 2565/2565/1138
f 2572/2572/1143 2571/2571/1134 2565/2565/1138
f 2566/2566/1139 2573/2573/1144 2561/2561/1136
f 2573/2573/1144 2567/2567/1140 2561/2561/1136
f 2567/2567/1140 2574/2574/1145 2562/2562/1137
f 2574/2574/1145 2568/2568/1141 2562/2562/1137
f 2568/2568/1141 2575/2575/1146 2569/2569/1125
f 2569/2569/1125 2575/2575/1146 2576/2576/1147
f 2575/2575/1146 2577/2577/1127 2576/2576/1147
f 2578/2578/1148 2577/2577/1127 2575/2575/1146
f 2579/2579/1149 2575/2575/1146 2568/2568/1141
f 2579/2579/1149 2578/2578/1148 2575/2575/1146
f 2574/2574/1145 2579/2579/1149 2568/2568/1141
f 2580/2580/1150 2578/2578/1148 2579/2579/1149
f 2581/2581/1151 2580/2580/1150 2579/2579/1149
f 2581/2581/1151 2579/2579/1149 2574/2574/1145
f 2582/2582/1138 2580/2580/1150 2581/2581/1151
f 2583/2583/1152 2574/2574/1145 2567/2567/1140
f 2583/2583/1152 2581/2581/1151 2574/2574/1145
f 2573/2573/1144 2583/2583/1152 2567/2567/1140
f 2584/2584/1153 2582/2582/1138 2581/2581/1151
f 2584/2584/1153 2581/2581/1151 2583/2583/1152
f 2585/2585/1154 2582/2582/1138 2584/2584/1153
f 2586/2586/1152 2583/2583/1152 2573/2573/1144
f 2586/2586/1152 2584/2584/1153 2583/2583/1152
f 2587/2587/1155 2585/2585/1154 2584/2584/1153
f 2587/2587/1155 2584/2584/1153 2586/2586/1152
f 2588/2588/1156 2585/2585/1154 2587/2587/1155
f 2589/2589/1157 2586/2586/1152 2573/2573/1144
f 2589/2589/1157 2573/2573/1144 2566/2566/1139
f 2570/2570/1142 2589/2589/1157 2566/2566/1139
f 2590/2590/1158 2588/2588/1156 2587/2587/1155
f 2591/2591/1159 2588/2588/1156 2590/2590/1158
f 2592/2592/1152 2587/2587/1155 2586/2586/1152
f 2592/2592/1152 2586/2586/1152 2589/2589/1157
f 2590/2590/1158 2587/2587/1155 2592/2592/1152
f 2593/2593/1160 2589/2589/1157 2570/2570/1142
f 2593/2593/1160 2592/2592/1152 2589/2589/1157
f 2594/2594/1161 2591/2591/1159 2590/2590/1158
f 2595/2595/1162 2591/2591/1159 2594/2594/1161
f 2596/2596/1152 2590/2590/1158 2592/2592/1152
f 2596/2596/1152 2592/2592/1152 2593/2593/1160
f 2594/2594/1161 2590/2590/1158 2596/2596/1152
f 2597/2597/1163 2593/2593/1160 2570/2570/1142
f 2597/2597/1163 2570/2570/1142 2564/2564/1134
f 2571/2571/1134 2597/2597/1163 2564/2564/1134
f 2598/2598/1164 2595/2595/1162 2594/2594/1161
f 2599/2599/1165 2595/2595/1162 2598/2598/1164
f 2600/2600/1166 2596/2596/1152 2593/2593/1160
f 2600/2600/1166 2593/2593/1160 2597/2597/1163
f 2601/2601/1152 2594/2594/1161 2596/2596/1152
f 2598/2598/1164 2594/2594/1161 2601/2601/1152
f 2601/2601/1152 2596/2596/1152 2600/2600/1166
f 2602/2602/1167 2597/2597/1163 2571/2571/1134
f 2602/2602/1167 2600/2600/1166 2597/2597/1163
f 2603/2603/1164 2599/2599/1165 2598/2598/1164
f 2604/2604/1162 2599/2599/1165 2603/2603/1164
f 2605/2605/1152 2598/2598/1164 2601/2601/1152
f 2603/2603/1164 2598/2598/1164 2605/2605/1152
f 2606/2606/1168 2601/2601/1152 2600/2600/1166
f 2606/2606/1168 2600/2600/1166 2602/2602/1167
f 2605/2605/1152 2601/2601/1152 2606/2606/1168
f 2607/2607/1134 2602/2602/1167 2571/2571/1134
f 2607/2607/1134 2571/2571/1134 2572/2572/1143
f 2608/2608/1156 2607/2607/1134 2572/2572/1143
f 2609/2609/1164 2604/2604/1162 2603/2603/1164
f 2610/2610/1169 2604/2604/1162 2609/2609/1164
f 2611/2611/1170 2606/2606/1168 2602/2602/1167
f 2611/2611/1170 2602/2602/1167 2607/2607/1134
f 2612/2612/1134 2607/2607/1134 2608/2608/1156
f 2612/2612/1134 2611/2611/1170 2607/2607/1134
f 2613/2613/1159 2612/2612/1134 2608/2608/1156
f 2614/2614/1171 2605/2605/1152 2606/2606/1168
f 2614/2614/1171 2606/2606/1168 2611/2611/1170
f 2615/2615/1172 2603/2603/1164 2605/2605/1152
f 2609/2609/1164 2603/2603/1164 2615/2615/1172
f 2615/2615/1172 2605/2605/1152 2614/2614/1171
f 2616/2616/1173 2610/2610/1169 2609/2609/1164
f 2617/2617/1174 2610/2610/1169 2616/2616/1173
f 2618/2618/1134 2612/2612/1134 2613/2613/1159
f 2619/2619/1162 2618/2618/1134 2613/2613/1159
f 2620/2620/1175 2611/2611/1170 2612/2612/1134
f 2620/2620/1175 2614/2614/1171 2611/2611/1170
f 2618/2618/1134 2620/2620/1175 2612/2612/1134
f 2621/2621/1172 2609/2609/1164 2615/2615/1172
f 2616/2616/1173 2609/2609/1164 2621/2621/1172
f 2622/2622/1171 2615/2615/1172 2614/2614/1171
f 2622/2622/1171 2614/2614/1171 2620/2620/1175
f 2621/2621/1172 2615/2615/1172 2622/2622/1171
f 2623/2623/1176 2617/2617/1174 2616/2616/1173
f 2624/2624/1177 2617/2617/1174 2623/2623/1176
f 2625/2625/1134 2618/2618/1134 2619/2619/1162
f 2626/2626/1165 2625/2625/1134 2619/2619/1162
f 2627/2627/1175 2620/2620/1175 2618/2618/1134
f 2627/2627/1175 2622/2622/1171 2620/2620/1175
f 2625/2625/1134 2627/2627/1175 2618/2618/1134
f 2628/2628/1178 2621/2621/1172 2622/2622/1171
f 2628/2628/1178 2622/2622/1171 2627/2627/1175
f 2629/2629/1179 2616/2616/1173 2621/2621/1172
f 2623/2623/1176 2616/2616/1173 2629/2629/1179
f 2629/2629/1179 2621/2621/1172 2628/2628/1178
f 2630/2630/1180 2624/2624/1177 2623/2623/1176
f 2631/2631/1177 2624/2624/1177 2630/2630/1180
f 2632/2632/1134 2625/2625/1134 2626/2626/1165
f 2633/2633/1162 2632/2632/1134 2626/2626/1165
f 2634/2634/1175 2627/2627/1175 2625/2625/1134
f 2634/2634/1175 2628/2628/1178 2627/2627/1175
f 2632/2632/1134 2634/2634/1175 2625/2625/1134
f 2635/2635/1179 2623/2623/1176 2629/2629/1179
f 2630/2630/1180 2623/2623/1176 2635/2635/1179
f 2636/2636/1181 2629/2629/1179 2628/2628/1178
f 2636/2636/1181 2628/2628/1178 2634/2634/1175
f 2635/2635/1179 2629/2629/1179 2636/2636/1181
f 2637/2637/1182 2631/2631/1177 2630/2630/1180
f 2638/2638/1177 2631/2631/1177 2637/2637/1182
f 2639/2639/1183 2632/2632/1134 2633/2633/1162
f 2640/2640/1169 2639/2639/1183 2633/2633/1162
f 2641/2641/1184 2634/2634/1175 2632/2632/1134
f 2641/2641/1184 2636/2636/1181 2634/2634/1175
f 2639/2639/1183 2641/2641/1184 2632/2632/1134
f 2642/2642/1185 2635/2635/1179 2636/2636/1181
f 2642/2642/1185 2636/2636/1181 2641/2641/1184
f 2643/2643/1179 2630/2630/1180 2635/2635/1179
f 2637/2637/1182 2630/2630/1180 2643/2643/1179
f 2643/2643/1179 2635/2635/1179 2642/2642/1185
f 2644/2644/1180 2638/2638/1177 2637/2637/1182
f 2645/2645/1186 2638/2638/1177 2644/2644/1180
f 2646/2646/1183 2639/2639/1183 2640/2640/1169
f 2647/2647/1174 2646/2646/1183 2640/2640/1169
f 2648/2648/1187 2641/2641/1184 2639/2639/1183
f 2648/2648/1187 2642/2642/1185 2641/2641/1184
f 2646/2646/1183 2648/2648/1187 2639/2639/1183
f 2649/2649/1179 2637/2637/1182 2643/2643/1179
f 2644/2644/1180 2637/2637/1182 2649/2649/1179
f 2650/2650/1188 2643/2643/1179 2642/2642/1185
f 2650/2650/1188 2642/2642/1185 2648/2648/1187
f 2649/2649/1179 2643/2643/1179 2650/2650/1188
f 2651/2651/1176 2645/2645/1186 2644/2644/1180
f 2652/2652/1165 2645/2645/1186 2651/2651/1176
f 2653/2653/1183 2646/2646/1183 2647/2647/1174
f 2654/2654/1177 2653/2653/1183 2647/2647/1174
f 2655/2655/1189 2648/2648/1187 2646/2646/1183
f 2655/2655/1189 2650/2650/1188 2648/2648/1187
f 2653/2653/1183 2655/2655/1189 2646/2646/1183
f 2656/2656/1188 2649/2649/1179 2650/2650/1188
f 2656/2656/1188 2650/2650/1188 2655/2655/1189
f 2657/2657/1179 2644/2644/1180 2649/2649/1179
f 2651/2651/1176 2644/2644/1180 2657/2657/1179
f 2657/2657/1179 2649/2649/1179 2656/2656/1188
f 2658/2658/1190 2652/2652/1165 2651/2651/1176
f 2659/2659/1116 2652/2652/1165 2658/2658/1190
f 2660/2660/1191 2659/2659/1116 2658/2658/1190
f 2661/2661/1192 2653/2653/1183 2654/2654/1177
f 2662/2662/1177 2661/2661/1192 2654/2654/1177
f 2663/2663/1193 2655/2655/1189 2653/2653/1183
f 2663/2663/1193 2656/2656/1188 2655/2655/1189
f 2661/2661/1192 2663/2663/1193 2653/2653/1183
f 2664/2664/1179 2651/2651/1176 2657/2657/1179
f 2658/2658/1190 2651/2651/1176 2664/2664/1179
f 2660/2660/1191 2658/2658/1190 2665/2665/1172
f 2665/2665/1172 2658/2658/1190 2664/2664/1179
f 2666/2666/1115 2660/2660/1191 2665/2665/1172
f 2667/2667/1194 2657/2657/1179 2656/2656/1188
f 2667/2667/1194 2656/2656/1188 2663/2663/1193
f 2664/2664/1179 2657/2657/1179 2667/2667/1194
f 2668/2668/1192 2661/2661/1192 2662/2662/1177
f 2669/2669/1174 2668/2668/1192 2662/2662/1177
f 2670/2670/1189 2663/2663/1193 2661/2661/1192
f 2670/2670/1189 2667/2667/1194 2663/2663/1193
f 2668/2668/1192 2670/2670/1189 2661/2661/1192
f 2671/2671/1194 2664/2664/1179 2667/2667/1194
f 2665/2665/1172 2664/2664/1179 2671/2671/1194
f 2671/2671/1194 2667/2667/1194 2670/2670/1189
f 2666/2666/1115 2665/2665/1172 2672/2672/1195
f 2672/2672/1195 2665/2665/1172 2671/2671/1194
f 2673/2673/1117 2666/2666/1115 2672/2672/1195
f 2674/2674/1187 2671/2671/1194 2670/2670/1189
f 2674/2674/1187 2670/2670/1189 2668/2668/1192
f 2672/2672/1195 2671/2671/1194 2674/2674/1187
f 2675/2675/1192 2668/2668/1192 2669/2669/1174
f 2675/2675/1192 2674/2674/1187 2668/2668/1192
f 2676/2676/1186 2675/2675/1192 2669/2669/1174
f 2673/2673/1117 2672/2672/1195 2677/2677/1196
f 2677/2677/1196 2672/2672/1195 2674/2674/1187
f 2677/2677/1196 2674/2674/1187 2675/2675/1192
f 2678/2678/1197 2673/2673/1117 2677/2677/1196
f 2679/2679/1198 2675/2675/1192 2676/2676/1186
f 2679/2679/1198 2677/2677/1196 2675/2675/1192
f 2678/2678/1197 2677/2677/1196 2679/2679/1198
f 2680/2680/1169 2679/2679/1198 2676/2676/1186
f 2681/2681/1118 2678/2678/1197 2679/2679/1198
f 2681/2681/1118 2679/2679/1198 2680/2680/1169
f 2682/2682/1116 2681/2681/1118 2680/2680/1169
f 2683/2683/1199 2684/2684/1200 2685/2685/1201
f 2684/2684/1200 2686/2686/1202 2685/2685/1201
f 2687/2687/1203 2685/2685/1201 2686/2686/1202
f 2688/2688/1204 2687/2687/1203 2686/2686/1202
f 2689/2689/1205 2690/2690/1206 2691/2691/1207
f 2690/2690/1206 2692/2692/1208 2691/2691/1207
f 2690/2690/1206 2693/2693/1209 2692/2692/1208
f 2693/2693/1209 2694/2694/1210 2692/2692/1208
f 2695/2695/1208 2696/2696/1211 2697/2697/1207
f 2696/2696/1211 2698/2698/1212 2697/2697/1207
f 2697/2697/1207 2698/2698/1212 2699/2699/1205
f 2700/2700/1213 2698/2698/1212 2696/2696/1211
f 2701/2701/1211 2700/2700/1213 2696/2696/1211
f 2698/2698/1212 2702/2702/1163 2699/2699/1205
f 2699/2699/1205 2702/2702/1163 2703/2703/1206
f 2704/2704/1213 2700/2700/1213 2701/2701/1211
f 2705/2705/1211 2704/2704/1213 2701/2701/1211
f 2700/2700/1213 2706/2706/1163 2698/2698/1212
f 2706/2706/1163 2702/2702/1163 2698/2698/1212
f 2702/2702/1163 2707/2707/1214 2703/2703/1206
f 2703/2703/1206 2707/2707/1214 2708/2708/1209
f 2709/2709/1213 2704/2704/1213 2705/2705/1211
f 2710/2710/1177 2709/2709/1213 2705/2705/1211
f 2704/2704/1213 2711/2711/1163 2700/2700/1213
f 2711/2711/1163 2706/2706/1163 2700/2700/1213
f 2706/2706/1163 2712/2712/1214 2702/2702/1163
f 2712/2712/1214 2707/2707/1214 2702/2702/1163
f 2707/2707/1214 2713/2713/1215 2708/2708/1209
f 2708/2708/1209 2713/2713/1215 2714/2714/1210
f 2709/2709/1213 2715/2715/1163 2704/2704/1213
f 2715/2715/1163 2711/2711/1163 2704/2704/1213
f 2716/2716/1212 2709/2709/1213 2710/2710/1177
f 2717/2717/1211 2716/2716/1212 2710/2710/1177
f 2711/2711/1163 2718/2718/1214 2706/2706/1163
f 2718/2718/1214 2712/2712/1214 2706/2706/1163
f 2712/2712/1214 2719/2719/1216 2707/2707/1214
f 2719/2719/1216 2713/2713/1215 2707/2707/1214
f 2713/2713/1215 2720/2720/1155 2714/2714/1210
f 2714/2714/1210 2720/2720/1155 2721/2721/1217
f 2720/2720/1155 2722/2722/1211 2721/2721/1217
f 2723/2723/1218 2722/2722/1211 2720/2720/1155
f 2724/2724/1155 2720/2720/1155 2713/2713/1215
f 2724/2724/1155 2723/2723/1218 2720/2720/1155
f 2719/2719/1216 2724/2724/1155 2713/2713/1215
f 2725/2725/1211 2723/2723/1218 2724/2724/1155
f 2726/2726/1155 2725/2725/1211 2724/2724/1155
f 2726/2726/1155 2724/2724/1155 2719/2719/1216
f 2727/2727/1177 2725/2725/1211 2726/2726/1155
f 2728/2728/1216 2719/2719/1216 2712/2712/1214
f 2728/2728/1216 2726/2726/1155 2719/2719/1216
f 2718/2718/1214 2728/2728/1216 2712/2712/1214
f 2729/2729/1155 2727/2727/1177 2726/2726/1155
f 2729/2729/1155 2726/2726/1155 2728/2728/1216
f 2730/2730/1211 2727/2727/1177 2729/2729/1155
f 2731/2731/1216 2728/2728/1216 2718/2718/1214
f 2731/2731/1216 2729/2729/1155 2728/2728/1216
f 2732/2732/1155 2730/2730/1211 2729/2729/1155
f 2732/2732/1155 2729/2729/1155 2731/2731/1216
f 2733/2733/1211 2730/2730/1211 2732/2732/1155
f 2734/2734/1188 2731/2731/1216 2718/2718/1214
f 2734/2734/1188 2718/2718/1214 2711/2711/1163
f 2715/2715/1163 2734/2734/1188 2711/2711/1163
f 2735/2735/1219 2733/2733/1211 2732/2732/1155
f 2736/2736/1211 2733/2733/1211 2735/2735/1219
f 2737/2737/1215 2732/2732/1155 2731/2731/1216
f 2737/2737/1215 2731/2731/1216 2734/2734/1188
f 2735/2735/1219 2732/2732/1155 2737/2737/1215
f 2738/2738/1214 2734/2734/1188 2715/2715/1163
f 2738/2738/1214 2737/2737/1215 2734/2734/1188
f 2739/2739/1219 2736/2736/1211 2735/2735/1219
f 2740/2740/1211 2736/2736/1211 2739/2739/1219
f 2741/2741/1215 2735/2735/1219 2737/2737/1215
f 2741/2741/1215 2737/2737/1215 2738/2738/1214
f 2739/2739/1219 2735/2735/1219 2741/2741/1215
f 2742/2742/1163 2738/2738/1214 2715/2715/1163
f 2742/2742/1163 2715/2715/1163 2709/2709/1213
f 2716/2716/1212 2742/2742/1163 2709/2709/1213
f 2743/2743/1155 2740/2740/1211 2739/2739/1219
f 2744/2744/1177 2740/2740/1211 2743/2743/1155
f 2745/2745/1214 2741/2741/1215 2738/2738/1214
f 2745/2745/1214 2738/2738/1214 2742/2742/1163
f 2746/2746/1216 2739/2739/1219 2741/2741/1215
f 2743/2743/1155 2739/2739/1219 2746/2746/1216
f 2746/2746/1216 2741/2741/1215 2745/2745/1214
f 2747/2747/1220 2742/2742/1163 2716/2716/1212
f 2747/2747/1220 2745/2745/1214 2742/2742/1163
f 2748/2748/1155 2744/2744/1177 2743/2743/1155
f 2749/2749/1177 2744/2744/1177 2748/2748/1155
f 2750/2750/1215 2743/2743/1155 2746/2746/1216
f 2748/2748/1155 2743/2743/1155 2750/2750/1215
f 2751/2751/1214 2746/2746/1216 2745/2745/1214
f 2751/2751/1214 2745/2745/1214 2747/2747/1220
f 2750/2750/1215 2746/2746/1216 2751/2751/1214
f 2752/2752/1212 2747/2747/1220 2716/2716/1212
f 2752/2752/1212 2716/2716/1212 2717/2717/1211
f 2753/2753/1211 2752/2752/1212 2717/2717/1211
f 2754/2754/1155 2749/2749/1177 2748/2748/1155
f 2755/2755/1177 2749/2749/1177 2754/2754/1155
f 2756/2756/1220 2751/2751/1214 2747/2747/1220
f 2756/2756/1220 2747/2747/1220 2752/2752/1212
f 2757/2757/1212 2752/2752/1212 2753/2753/1211
f 2757/2757/1212 2756/2756/1220 2752/2752/1212
f 2758/2758/1211 2757/2757/1212 2753/2753/1211
f 2759/2759/1214 2750/2750/1215 2751/2751/1214
f 2759/2759/1214 2751/2751/1214 2756/2756/1220
f 2760/2760/1215 2748/2748/1155 2750/2750/1215
f 2754/2754/1155 2748/2748/1155 2760/2760/1215
f 2760/2760/1215 2750/2750/1215 2759/2759/1214
f 2761/2761/1155 2755/2755/1177 2754/2754/1155
f 2762/2762/1211 2755/2755/1177 2761/2761/1155
f 2763/2763/1212 2757/2757/1212 2758/2758/1211
f 2764/2764/1211 2763/2763/1212 2758/2758/1211
f 2765/2765/1163 2756/2756/1220 2757/2757/1212
f 2765/2765/1163 2759/2759/1214 2756/2756/1220
f 2763/2763/1212 2765/2765/1163 2757/2757/1212
f 2766/2766/1215 2754/2754/1155 2760/2760/1215
f 2761/2761/1155 2754/2754/1155 2766/2766/1215
f 2767/2767/1214 2760/2760/1215 2759/2759/1214
f 2767/2767/1214 2759/2759/1214 2765/2765/1163
f 2766/2766/1215 2760/2760/1215 2767/2767/1214
f 2768/2768/1155 2762/2762/1211 2761/2761/1155
f 2769/2769/1211 2762/2762/1211 2768/2768/1155
f 2770/2770/1212 2763/2763/1212 2764/2764/1211
f 2771/2771/1177 2770/2770/1212 2764/2764/1211
f 2772/2772/1163 2765/2765/1163 2763/2763/1212
f 2772/2772/1163 2767/2767/1214 2765/2765/1163
f 2770/2770/1212 2772/2772/1163 2763/2763/1212
f 2773/2773/1214 2766/2766/1215 2767/2767/1214
f 2773/2773/1214 2767/2767/1214 2772/2772/1163
f 2774/2774/1215 2761/2761/1155 2766/2766/1215
f 2768/2768/1155 2761/2761/1155 2774/2774/1215
f 2774/2774/1215 2766/2766/1215 2773/2773/1214
f 2775/2775/1155 2769/2769/1211 2768/2768/1155
f 2776/2776/1211 2769/2769/1211 2775/2775/1155
f 2777/2777/1212 2770/2770/1212 2771/2771/1177
f 2778/2778/1211 2777/2777/1212 2771/2771/1177
f 2779/2779/1163 2772/2772/1163 2770/2770/1212
f 2779/2779/1163 2773/2773/1214 2772/2772/1163
f 2777/2777/1212 2779/2779/1163 2770/2770/1212
f 2780/2780/1215 2768/2768/1155 2774/2774/1215
f 2775/2775/1155 2768/2768/1155 2780/2780/1215
f 2781/2781/1214 2774/2774/1215 2773/2773/1214
f 2781/2781/1214 2773/2773/1214 2779/2779/1163
f 2780/2780/1215 2774/2774/1215 2781/2781/1214
f 2782/2782/1155 2776/2776/1211 2775/2775/1155
f 2783/2783/1211 2776/2776/1211 2782/2782/1155
f 2784/2784/1212 2777/2777/1212 2778/2778/1211
f 2785/2785/1177 2784/2784/1212 2778/2778/1211
f 2786/2786/1163 2779/2779/1163 2777/2777/1212
f 2786/2786/1163 2781/2781/1214 2779/2779/1163
f 2784/2784/1212 2786/2786/1163 2777/2777/1212
f 2787/2787/1214 2780/2780/1215 2781/2781/1214
f 2787/2787/1214 2781/2781/1214 2786/2786/1163
f 2788/2788/1215 2775/2775/1155 2780/2780/1215
f 2782/2782/1155 2775/2775/1155 2788/2788/1215
f 2788/2788/1215 2780/2780/1215 2787/2787/1214
f 2789/2789/1219 2783/2783/1211 2782/2782/1155
f 2790/2790/1211 2783/2783/1211 2789/2789/1219
f 2791/2791/1212 2784/2784/1212 2785/2785/1177
f 2792/2792/1177 2791/2791/1212 2785/2785/1177
f 2793/2793/1163 2786/2786/1163 2784/2784/1212
f 2793/2793/1163 2787/2787/1214 2786/2786/1163
f 2791/2791/1212 2793/2793/1163 2784/2784/1212
f 2794/2794/1215 2782/2782/1155 2788/2788/1215
f 2789/2789/1219 2782/2782/1155 2794/2794/1215
f 2795/2795/1214 2788/2788/1215 2787/2787/1214
f 2795/2795/1214 2787/2787/1214 2793/2793/1163
f 2794/2794/1215 2788/2788/1215 2795/2795/1214
f 2796/2796/1155 2790/2790/1211 2789/2789/1219
f 2797/2797/1177 2790/2790/1211 2796/2796/1155
f 2798/2798/1212 2791/2791/1212 2792/2792/1177
f 2799/2799/1177 2798/2798/1212 2792/2792/1177
f 2800/2800/1163 2793/2793/1163 2791/2791/1212
f 2800/2800/1163 2795/2795/1214 2793/2793/1163
f 2798/2798/1212 2800/2800/1163 2791/2791/1212
f 2801/2801/1214 2794/2794/1215 2795/2795/1214
f 2801/2801/1214 2795/2795/1214 2800/2800/1163
f 2802/2802/1216 2789/2789/1219 2794/2794/1215
f 2796/2796/1155 2789/2789/1219 2802/2802/1216
f 2802/2802/1216 2794/2794/1215 2801/2801/1214
f 2803/2803/1155 2797/2797/1177 2796/2796/1155
f 2804/2804/1221 2797/2797/1177 2803/2803/1155
f 2805/2805/1222 2804/2804/1221 2803/2803/1155
f 2806/2806/1212 2798/2798/1212 2799/2799/1177
f 2807/2807/1177 2806/2806/1212 2799/2799/1177
f 2808/2808/1163 2800/2800/1163 2798/2798/1212
f 2808/2808/1163 2801/2801/1214 2800/2800/1163
f 2806/2806/1212 2808/2808/1163 2798/2798/1212
f 2809/2809/1216 2796/2796/1155 2802/2802/1216
f 2803/2803/1155 2796/2796/1155 2809/2809/1216
f 2805/2805/1222 2803/2803/1155 2810/2810/1215
f 2810/2810/1215 2803/2803/1155 2809/2809/1216
f 2811/2811/1200 2805/2805/1222 2810/2810/1215
f 2812/2812/1214 2802/2802/1216 2801/2801/1214
f 2812/2812/1214 2801/2801/1214 2808/2808/1163
f 2809/2809/1216 2802/2802/1216 2812/2812/1214
f 2813/2813/1213 2806/2806/1212 2807/2807/1177
f 2814/2814/1211 2813/2813/1213 2807/2807/1177
f 2815/2815/1163 2808/2808/1163 2806/2806/1212
f 2815/2815/1163 2812/2812/1214 2808/2808/1163
f 2813/2813/1213 2815/2815/1163 2806/2806/1212
f 2816/2816/1214 2809/2809/1216 2812/2812/1214
f 2810/2810/1215 2809/2809/1216 2816/2816/1214
f 2816/2816/1214 2812/2812/1214 2815/2815/1163
f 2811/2811/1200 2810/2810/1215 2817/2817/1188
f 2817/2817/1188 2810/2810/1215 2816/2816/1214
f 2818/2818/1223 2811/2811/1200 2817/2817/1188
f 2819/2819/1163 2816/2816/1214 2815/2815/1163
f 2819/2819/1163 2815/2815/1163 2813/2813/1213
f 2817/2817/1188 2816/2816/1214 2819/2819/1163
f 2820/2820/1224 2813/2813/1213 2814/2814/1211
f 2820/2820/1224 2819/2819/1163 2813/2813/1213
f 2821/2821/1211 2820/2820/1224 2814/2814/1211
f 2818/2818/1223 2817/2817/1188 2822/2822/1163
f 2822/2822/1163 2817/2817/1188 2819/2819/1163
f 2822/2822/1163 2819/2819/1163 2820/2820/1224
f 2823/2823/1204 2818/2818/1223 2822/2822/1163
f 2824/2824/1212 2820/2820/1224 2821/2821/1211
f 2824/2824/1212 2822/2822/1163 2820/2820/1224
f 2823/2823/1204 2822/2822/1163 2824/2824/1212
f 2825/2825/1177 2824/2824/1212 2821/2821/1211
f 2826/2826/1203 2823/2823/1204 2824/2824/1212
f 2826/2826/1203 2824/2824/1212 2825/2825/1177
f 2827/2827/1221 2826/2826/1203 2825/2825/1177
f 2828/2828/1225 2829/2829/1226 2830/2830/1227
f 2829/2829/1226 2831/2831/1228 2830/2830/1227
f 2832/2832/1229 2830/2830/1227 2831/2831/1228
f 2833/2833/1230 2832/2832/1229 2831/2831/1228
f 2834/2834/1205 2835/2835/1231 2836/2836/1232
f 2835/2835/1231 2837/2837/1233 2836/2836/1232
f 2835/2835/1231 2838/2838/1234 2837/2837/1233
f 2838/2838/1234 2839/2839/1210 2837/2837/1233
f 2840/2840/1233 2841/2841/1174 2842/2842/1232
f 2841/2841/1174 2843/2843/1235 2842/2842/1232
f 2842/2842/1232 2843/2843/1235 2844/2844/1205
f 2845/2845/1236 2843/2843/1235 2841/2841/1174
f 2846/2846/1174 2845/2845/1236 2841/2841/1174
f 2843/2843/1235 2847/2847/1163 2844/2844/1205
f 2844/2844/1205 2847/2847/1163 2848/2848/1237
f 2849/2849/1235 2845/2845/1236 2846/2846/1174
f 2850/2850/1174 2849/2849/1235 2846/2846/1174
f 2845/2845/1236 2851/2851/1163 2843/2843/1235
f 2851/2851/1163 2847/2847/1163 2843/2843/1235
f 2847/2847/1163 2852/2852/1194 2848/2848/1237
f 2848/2848/1237 2852/2852/1194 2853/2853/1234
f 2854/2854/1235 2849/2849/1235 2850/2850/1174
f 2855/2855/1174 2854/2854/1235 2850/2850/1174
f 2849/2849/1235 2856/2856/1163 2845/2845/1236
f 2856/2856/1163 2851/2851/1163 2845/2845/1236
f 2851/2851/1163 2857/2857/1194 2847/2847/1163
f 2857/2857/1194 2852/2852/1194 2847/2847/1163
f 2852/2852/1194 2858/2858/1238 2853/2853/1234
f 2853/2853/1234 2858/2858/1238 2859/2859/1210
f 2854/2854/1235 2860/2860/1163 2849/2849/1235
f 2860/2860/1163 2856/2856/1163 2849/2849/1235
f 2861/2861/1236 2854/2854/1235 2855/2855/1174
f 2862/2862/1174 2861/2861/1236 2855/2855/1174
f 2856/2856/1163 2863/2863/1194 2851/2851/1163
f 2863/2863/1194 2857/2857/1194 2851/2851/1163
f 2857/2857/1194 2864/2864/1238 2852/2852/1194
f 2864/2864/1238 2858/2858/1238 2852/2852/1194
f 2858/2858/1238 2865/2865/1155 2859/2859/1210
f 2859/2859/1210 2865/2865/1155 2866/2866/1233
f 2865/2865/1155 2867/2867/1174 2866/2866/1233
f 2868/2868/1174 2867/2867/1174 2865/2865/1155
f 2869/2869/1155 2865/2865/1155 2858/2858/1238
f 2869/2869/1155 2868/2868/1174 2865/2865/1155
f 2864/2864/1238 2869/2869/1155 2858/2858/1238
f 2870/2870/1174 2868/2868/1174 2869/2869/1155
f 2871/2871/1155 2870/2870/1174 2869/2869/1155
f 2871/2871/1155 2869/2869/1155 2864/2864/1238
f 2872/2872/1174 2870/2870/1174 2871/2871/1155
f 2873/2873/1238 2864/2864/1238 2857/2857/1194
f 2873/2873/1238 2871/2871/1155 2864/2864/1238
f 2863/2863/1194 2873/2873/1238 2857/2857/1194
f 2874/2874/1155 2872/2872/1174 2871/2871/1155
f 2874/2874/1155 2871/2871/1155 2873/2873/1238
f 2875/2875/1174 2872/2872/1174 2874/2874/1155
f 2876/2876/1239 2873/2873/1238 2863/2863/1194
f 2876/2876/1239 2874/2874/1155 2873/2873/1238
f 2877/2877/1155 2875/2875/1174 2874/2874/1155
f 2877/2877/1155 2874/2874/1155 2876/2876/1239
f 2878/2878/1174 2875/2875/1174 2877/2877/1155
f 2879/2879/1194 2876/2876/1239 2863/2863/1194
f 2879/2879/1194 2863/2863/1194 2856/2856/1163
f 2860/2860/1163 2879/2879/1194 2856/2856/1163
f 2880/2880/1219 2878/2878/1174 2877/2877/1155
f 2881/2881/1174 2878/2878/1174 2880/2880/1219
f 2882/2882/1238 2877/2877/1155 2876/2876/1239
f 2882/2882/1238 2876/2876/1239 2879/2879/1194
f 2880/2880/1219 2877/2877/1155 2882/2882/1238
f 2883/2883/1194 2879/2879/1194 2860/2860/1163
f 2883/2883/1194 2882/2882/1238 2879/2879/1194
f 2884/2884/1219 2881/2881/1174 2880/2880/1219
f 2885/2885/1177 2881/2881/1174 2884/2884/1219
f 2886/2886/1238 2880/2880/1219 2882/2882/1238
f 2886/2886/1238 2882/2882/1238 2883/2883/1194
f 2884/2884/1219 2880/2880/1219 2886/2886/1238
f 2887/2887/1163 2883/2883/1194 2860/2860/1163
f 2887/2887/1163 2860/2860/1163 2854/2854/1235
f 2861/2861/1236 2887/2887/1163 2854/2854/1235
f 2888/2888/1219 2885/2885/1177 2884/2884/1219
f 2889/2889/1174 2885/2885/1177 2888/2888/1219
f 2890/2890/1194 2886/2886/1238 2883/2883/1194
f 2890/2890/1194 2883/2883/1194 2887/2887/1163
f 2891/2891/1238 2884/2884/1219 2886/2886/1238
f 2888/2888/1219 2884/2884/1219 2891/2891/1238
f 2891/2891/1238 2886/2886/1238 2890/2890/1194
f 2892/2892/1220 2887/2887/1163 2861/2861/1236
f 2892/2892/1220 2890/2890/1194 2887/2887/1163
f 2893/2893/1219 2889/2889/1174 2888/2888/1219
f 2894/2894/1174 2889/2889/1174 2893/2893/1219
f 2895/2895/1238 2888/2888/1219 2891/2891/1238
f 2893/2893/1219 2888/2888/1219 2895/2895/1238
f 2896/2896/1194 2891/2891/1238 2890/2890/1194
f 2896/2896/1194 2890/2890/1194 2892/2892/1220
f 2895/2895/1238 2891/2891/1238 2896/2896/1194
f 2897/2897/1236 2892/2892/1220 2861/2861/1236
f 2897/2897/1236 2861/2861/1236 2862/2862/1174
f 2898/2898/1174 2897/2897/1236 2862/2862/1174
f 2899/2899/1219 2894/2894/1174 2893/2893/1219
f 2900/2900/1177 2894/2894/1174 2899/2899/1219
f 2901/2901/1220 2896/2896/1194 2892/2892/1220
f 2901/2901/1220 2892/2892/1220 2897/2897/1236
f 2902/2902/1236 2897/2897/1236 2898/2898/1174
f 2902/2902/1236 2901/2901/1220 2897/2897/1236
f 2903/2903/1174 2902/2902/1236 2898/2898/1174
f 2904/2904/1194 2895/2895/1238 2896/2896/1194
f 2904/2904/1194 2896/2896/1194 2901/2901/1220
f 2905/2905/1238 2893/2893/1219 2895/2895/1238
f 2899/2899/1219 2893/2893/1219 2905/2905/1238
f 2905/2905/1238 2895/2895/1238 2904/2904/1194
f 2906/2906/1219 2900/2900/1177 2899/2899/1219
f 2907/2907/1177 2900/2900/1177 2906/2906/1219
f 2908/2908/1236 2902/2902/1236 2903/2903/1174
f 2909/2909/1177 2908/2908/1236 2903/2903/1174
f 2910/2910/1220 2901/2901/1220 2902/2902/1236
f 2910/2910/1220 2904/2904/1194 2901/2901/1220
f 2908/2908/1236 2910/2910/1220 2902/2902/1236
f 2911/2911/1238 2899/2899/1219 2905/2905/1238
f 2906/2906/1219 2899/2899/1219 2911/2911/1238
f 2912/2912/1194 2905/2905/1238 2904/2904/1194
f 2912/2912/1194 2904/2904/1194 2910/2910/1220
f 2911/2911/1238 2905/2905/1238 2912/2912/1194
f 2913/2913/1219 2907/2907/1177 2906/2906/1219
f 2914/2914/1177 2907/2907/1177 2913/2913/1219
f 2915/2915/1236 2908/2908/1236 2909/2909/1177
f 2916/2916/1174 2915/2915/1236 2909/2909/1177
f 2917/2917/1220 2910/2910/1220 2908/2908/1236
f 2917/2917/1220 2912/2912/1194 2910/2910/1220
f 2915/2915/1236 2917/2917/1220 2908/2908/1236
f 2918/2918/1194 2911/2911/1238 2912/2912/1194
f 2918/2918/1194 2912/2912/1194 2917/2917/1220
f 2919/2919/1238 2906/2906/1219 2911/2911/1238
f 2913/2913/1219 2906/2906/1219 2919/2919/1238
f 2919/2919/1238 2911/2911/1238 2918/2918/1194
f 2920/2920/1219 2914/2914/1177 2913/2913/1219
f 2921/2921/1177 2914/2914/1177 2920/2920/1219
f 2922/2922/1236 2915/2915/1236 2916/2916/1174
f 2923/2923/1174 2922/2922/1236 2916/2916/1174
f 2924/2924/1220 2917/2917/1220 2915/2915/1236
f 2924/2924/1220 2918/2918/1194 2917/2917/1220
f 2922/2922/1236 2924/2924/1220 2915/2915/1236
f 2925/2925/1238 2913/2913/1219 2919/2919/1238
f 2920/2920/1219 2913/2913/1219 2925/2925/1238
f 2926/2926/1188 2919/2919/1238 2918/2918/1194
f 2926/2926/1188 2918/2918/1194 2924/2924/1220
f 2925/2925/1238 2919/2919/1238 2926/2926/1188
f 2927/2927/1219 2921/2921/1177 2920/2920/1219
f 2928/2928/1174 2921/2921/1177 2927/2927/1219
f 2929/2929/1235 2922/2922/1236 2923/2923/1174
f 2930/2930/1174 2929/2929/1235 2923/2923/1174
f 2931/2931/1220 2924/2924/1220 2922/2922/1236
f 2931/2931/1220 2926/2926/1188 2924/2924/1220
f 2929/2929/1235 2931/2931/1220 2922/2922/1236
f 2932/2932/1188 2925/2925/1238 2926/2926/1188
f 2932/2932/1188 2926/2926/1188 2931/2931/1220
f 2933/2933/1238 2920/2920/1219 2925/2925/1238
f 2927/2927/1219 2920/2920/1219 2933/2933/1238
f 2933/2933/1238 2925/2925/1238 2932/2932/1188
f 2934/2934/1219 2928/2928/1174 2927/2927/1219
f 2935/2935/1174 2928/2928/1174 2934/2934/1219
f 2936/2936/1236 2929/2929/1235 2930/2930/1174
f 2937/2937/1177 2936/2936/1236 2930/2930/1174
f 2938/2938/1220 2931/2931/1220 2929/2929/1235
f 2938/2938/1220 2932/2932/1188 2931/2931/1220
f 2936/2936/1236 2938/2938/1220 2929/2929/1235
f 2939/2939/1238 2927/2927/1219 2933/2933/1238
f 2934/2934/1219 2927/2927/1219 2939/2939/1238
f 2940/2940/1188 2933/2933/1238 2932/2932/1188
f 2940/2940/1188 2932/2932/1188 2938/2938/1220
f 2939/2939/1238 2933/2933/1238 2940/2940/1188
f 2941/2941/1219 2935/2935/1174 2934/2934/1219
f 2942/2942/1174 2935/2935/1174 2941/2941/1219
f 2943/2943/1236 2936/2936/1236 2937/2937/1177
f 2944/2944/1177 2943/2943/1236 2937/2937/1177
f 2945/2945/1220 2938/2938/1220 2936/2936/1236
f 2945/2945/1220 2940/2940/1188 2938/2938/1220
f 2943/2943/1236 2945/2945/1220 2936/2936/1236
f 2946/2946/1194 2939/2939/1238 2940/2940/1188
f 2946/2946/1194 2940/2940/1188 2945/2945/1220
f 2947/2947/1238 2934/2934/1219 2939/2939/1238
f 2941/2941/1219 2934/2934/1219 2947/2947/1238
f 2947/2947/1238 2939/2939/1238 2946/2946/1194
f 2948/2948/1219 2942/2942/1174 2941/2941/1219
f 2949/2949/1227 2942/2942/1174 2948/2948/1219
f 2950/2950/1240 2949/2949/1227 2948/2948/1219
f 2951/2951/1235 2943/2943/1236 2944/2944/1177
f 2952/2952/1177 2951/2951/1235 2944/2944/1177
f 2953/2953/1220 2945/2945/1220 2943/2943/1236
f 2953/2953/1220 2946/2946/1194 2945/2945/1220
f 2951/2951/1235 2953/2953/1220 2943/2943/1236
f 2954/2954/1238 2941/2941/1219 2947/2947/1238
f 2948/2948/1219 2941/2941/1219 2954/2954/1238
f 2950/2950/1240 2948/2948/1219 2955/2955/1238
f 2955/2955/1238 2948/2948/1219 2954/2954/1238
f 2956/2956/1226 2950/2950/1240 2955/2955/1238
f 2957/2957/1194 2947/2947/1238 2946/2946/1194
f 2957/2957/1194 2946/2946/1194 2953/2953/1220
f 2954/2954/1238 2947/2947/1238 2957/2957/1194
f 2958/2958/1235 2951/2951/1235 2952/2952/1177
f 2959/2959/1174 2958/2958/1235 2952/2952/1177
f 2960/2960/1220 2953/2953/1220 2951/2951/1235
f 2960/2960/1220 2957/2957/1194 2953/2953/1220
f 2958/2958/1235 2960/2960/1220 2951/2951/1235
f 2961/2961/1194 2954/2954/1238 2957/2957/1194
f 2955/2955/1238 2954/2954/1238 2961/2961/1194
f 2961/2961/1194 2957/2957/1194 2960/2960/1220
f 2956/2956/1226 2955/2955/1238 2962/2962/1194
f 2962/2962/1194 2955/2955/1238 2961/2961/1194
f 2963/2963/1241 2956/2956/1226 2962/2962/1194
f 2964/2964/1220 2961/2961/1194 2960/2960/1220
f 2964/2964/1220 2960/2960/1220 2958/2958/1235
f 2962/2962/1194 2961/2961/1194 2964/2964/1220
f 2965/2965/1236 2958/2958/1235 2959/2959/1174
f 2965/2965/1236 2964/2964/1220 2958/2958/1235
f 2966/2966/1174 2965/2965/1236 2959/2959/1174
f 2963/2963/1241 2962/2962/1194 2967/2967/1220
f 2967/2967/1220 2962/2962/1194 2964/2964/1220
f 2967/2967/1220 2964/2964/1220 2965/2965/1236
f 2968/2968/1242 2963/2963/1241 2967/2967/1220
f 2969/2969/1236 2965/2965/1236 2966/2966/1174
f 2969/2969/1236 2967/2967/1220 2965/2965/1236
f 2968/2968/1242 2967/2967/1220 2969/2969/1236
f 2970/2970/1174 2969/2969/1236 2966/2966/1174
f 2971/2971/1243 2968/2968/1242 2969/2969/1236
f 2971/2971/1243 2969/2969/1236 2970/2970/1174
f 2972/2972/1244 2971/2971/1243 2970/2970/1174
f 2973/2973/1245 2974/2974/1246 2975/2975/1245
f 2974/2974/1246 2976/2976/1246 2975/2975/1245
f 2974/2974/1246 2977/2977/1247 2976/2976/1246
f 2977/2977/1247 2978/2978/1247 2976/2976/1246
f 2977/2977/1247 2979/2979/1248 2978/2978/1247
f 2979/2979/1248 2980/2980/1248 2978/2978/1247
f 2979/2979/1248 2981/2981/1249 2980/2980/1248
f 2981/2981/1249 2982/2982/1249 2980/2980/1248
f 2981/2981/1249 2983/2983/1250 2982/2982/1249
f 2983/2983/1250 2984/2984/1250 2982/2982/1249
f 2983/2983/1250 2985/2985/1251 2984/2984/1250
f 2985/2985/1251 2986/2986/1251 2984/2984/1250
f 2985/2985/1251 2987/2987/1252 2986/2986/1251
f 2987/2987/1252 2988/2988/1252 2986/2986/1251
f 2987/2987/1252 2989/2989/1253 2988/2988/1252
f 2989/2989/1253 2990/2990/1253 2988/2988/1252
f 2989/2989/1253 2991/2991/1254 2990/2990/1253
f 2991/2991/1254 2992/2992/1255 2990/2990/1253
f 2991/2991/1254 2993/2993/1256 2992/2992/1255
f 2993/2993/1256 2994/2994/1256 2992/2992/1255
f 2993/2993/1256 2995/2995/1257 2994/2994/1256
f 2995/2995/1257 2996/2996/1257 2994/2994/1256
f 2995/2995/1257 2997/2997/1245 2996/2996/1257
f 2997/2997/1245 2998/2998/1258 2996/2996/1257
f 2999/2999/1031 3000/3000/1031 3001/3001/1031
f 3001/3001/1031 3000/3000/1031 3002/3002/1031
f 3003/3003/1031 3000/3000/1031 2999/2999/1031
f 3002/3002/1031 3000/3000/1031 3004/3004/1031
f 3005/3005/1031 3000/3000/1031 3003/3003/1031
f 3004/3004/1031 3000/3000/1031 3006/3006/1031
f 3007/3007/1031 3000/3000/1031 3005/3005/1031
f 3006/3006/1031 3000/3000/1031 3008/3008/1031
f 3009/3009/1031 3000/3000/1031 3007/3007/1031
f 3008/3008/1031 3000/3000/1031 3010/3010/1031
f 3011/3011/1031 3000/3000/1031 3009/3009/1031
f 3010/3010/1031 3000/3000/1031 3011/3011/1031
o Ropes_N.001
v 11.065504 8.960428 11.247297
v 11.769897 8.960424 11.951688
v 11.769897 9.075878 11.951688
v 11.840295 9.133406 11.880886
v 11.911096 9.075878 11.810487
v 11.206702 9.075881 11.106098
v 11.136305 9.133408 11.176898
v 11.840295 9.133406 11.880886
v 11.769897 9.075878 11.951688
v 11.840295 9.133406 11.880886
v 11.840295 8.902498 11.880886
v 11.136305 8.902500 11.176898
v 11.206702 8.960428 11.106098
v 11.206702 8.960428 11.106098
v 11.911096 8.960424 11.810487
v 11.911096 9.075878 11.810487
v 11.136305 8.902500 11.176898
v 11.176932 8.918190 11.135869
v 11.206702 8.960428 11.106098
v 11.217967 9.017954 11.095236
v 11.206702 9.075881 11.106098
v 11.176932 9.117720 11.135869
v 11.136305 9.133408 11.176898
v 11.095270 9.117720 11.217525
v 11.065504 9.075881 11.247297
v 11.769897 9.075878 11.951688
v 11.054643 9.017954 11.258160
v 11.769897 9.075878 11.951688
v 11.065504 8.960428 11.247297
v 11.769897 8.960424 11.951688
v 11.136305 8.902500 11.176898
v 11.840295 8.902498 11.880886
v 11.065504 8.960428 11.247297
v 11.095270 8.918190 11.217525
v 11.136305 8.902500 11.176898
v 11.206702 8.960428 11.106098
v 11.206702 9.075881 11.106098
v 11.911096 9.075878 11.810487
v 11.911096 8.960424 11.810487
v 11.840295 8.902498 11.880886
v 11.769897 9.075878 11.951688
v 11.769897 8.960424 11.951688
v 11.840295 9.133406 11.880886
v 11.136305 9.133408 11.176898
v 11.065504 9.075881 11.247297
v 11.769897 9.075878 11.951688
v 10.526244 9.264753 11.183738
v 10.458864 9.382017 11.133455
v 10.458460 9.382017 11.133455
v 11.054649 7.523524 11.258159
v 11.065515 7.465998 11.247299
v 11.769900 7.470005 11.951688
v 11.769900 7.470005 11.951688
v 11.769900 7.585461 11.951688
v 11.769900 7.585461 11.951688
v 11.065515 7.581453 11.247299
v 11.054649 7.523524 11.258159
v 11.136313 7.638980 11.176897
v 11.095281 7.623291 11.217528
v 11.206713 7.581453 11.106098
v 11.176943 7.623291 11.135865
v 11.206713 7.465998 11.106098
v 11.217977 7.523524 11.095238
v 11.136313 7.408070 11.176897
v 11.176943 7.423759 11.135865
v 11.840299 7.642986 11.880889
v 11.911101 7.585461 11.810491
v 11.206713 7.581453 11.106098
v 11.136313 7.638980 11.176897
v 11.840299 7.642986 11.880889
v 11.769900 7.585461 11.951688
v 11.840299 7.642986 11.880889
v 11.840299 7.412079 11.880889
v 11.136313 7.408070 11.176897
v 11.206713 7.465998 11.106098
v 11.206713 7.465998 11.106098
v 11.911101 7.470005 11.810491
v 11.911101 7.585461 11.810491
v 11.065515 7.465998 11.247299
v 11.095281 7.423759 11.217528
v 11.136313 7.408070 11.176897
v 11.769900 7.470005 11.951688
v 11.136313 7.408070 11.176897
v 11.840299 7.412079 11.880889
v 11.206713 7.465998 11.106098
v 11.206713 7.581453 11.106098
v 11.911101 7.585461 11.810491
v 11.911101 7.470005 11.810491
v 11.840299 7.412079 11.880889
v 11.769900 7.585461 11.951688
v 11.769900 7.470005 11.951688
v 11.840299 7.642986 11.880889
v 11.136313 7.638980 11.176897
v 11.065515 7.581453 11.247299
v 11.769900 7.585461 11.951688
v 10.526260 7.768320 11.183738
v 10.458879 7.885584 11.133455
v 10.458477 7.885584 11.133455
v 11.065515 5.949711 11.247292
v 11.769900 5.949712 11.951683
v 11.769900 6.065167 11.951683
v 11.840299 6.122693 11.880884
v 11.911101 6.065167 11.810487
v 11.206712 6.065166 11.106091
v 11.136312 6.122693 11.176893
v 11.840299 6.122693 11.880884
v 11.769900 6.065167 11.951683
v 11.840299 6.122693 11.880884
v 11.840299 5.891785 11.880884
v 11.136312 5.891784 11.176893
v 11.206712 5.949711 11.106091
v 11.206712 5.949711 11.106091
v 11.911101 5.949712 11.810487
v 11.911101 6.065167 11.810487
v 11.136312 5.891784 11.176893
v 11.176943 5.907474 11.135860
v 11.206712 5.949711 11.106091
v 11.217975 6.007238 11.095231
v 11.206712 6.065166 11.106091
v 11.176943 6.107004 11.135860
v 11.136312 6.122693 11.176893
v 11.095280 6.107004 11.217524
v 11.065515 6.065166 11.247292
v 11.769900 6.065167 11.951683
v 11.054650 6.007238 11.258157
v 11.769900 6.065167 11.951683
v 11.065515 5.949711 11.247292
v 11.769900 5.949712 11.951683
v 11.136312 5.891784 11.176893
v 11.840299 5.891785 11.880884
v 11.065515 5.949711 11.247292
v 11.095280 5.907474 11.217524
v 11.136312 5.891784 11.176893
v 11.206712 5.949711 11.106091
v 11.206712 6.065166 11.106091
v 11.911101 6.065167 11.810487
v 11.911101 5.949712 11.810487
v 11.840299 5.891785 11.880884
v 11.769900 6.065167 11.951683
v 11.769900 5.949712 11.951683
v 11.840299 6.122693 11.880884
v 11.136312 6.122693 11.176893
v 11.065515 6.065166 11.247292
v 11.769900 6.065167 11.951683
v 10.526258 6.254036 11.183732
v 10.458877 6.371301 11.133450
v 10.458474 6.371301 11.133450
v 12.030977 8.970482 12.089262
v 12.006036 9.005481 12.113798
v 11.822194 8.970483 11.880485
v 11.797653 9.005481 11.905424
v 12.015288 9.052951 12.104949
v 11.806506 9.052951 11.896173
v 12.048678 9.065420 12.071566
v 11.840295 9.065420 11.862786
v 12.073619 9.030825 12.046624
v 11.864836 9.030826 11.838245
v 12.064366 8.983355 12.055878
v 11.855580 8.983356 11.847095
v 12.030977 8.970482 12.089262
v 11.822194 8.970483 11.880485
v 11.136305 8.970485 11.195004
v 11.111767 9.005483 11.219543
v 10.807639 8.970487 10.866337
v 10.783101 9.005484 10.890877
v 11.120617 9.052953 11.210289
v 10.791951 9.052954 10.881628
v 11.154405 9.065423 11.176898
v 10.825743 9.065423 10.848239
v 11.178946 9.030828 11.152358
v 10.850283 9.030828 10.823699
v 11.169693 8.983358 11.161213
v 10.841031 8.983358 10.832546
v 11.136305 8.970485 11.195004
v 10.807639 8.970487 10.866337
v 11.136305 9.133408 11.176898
v 11.176932 9.117720 11.135869
v 11.095270 9.117720 11.217525
v 11.054643 9.017954 11.258160
v 11.065504 9.075881 11.247297
v 11.176932 8.918190 11.135869
v 11.217967 9.017954 11.095236
v 11.206702 9.075881 11.106098
v 11.206702 8.960428 11.106098
v 11.095270 8.918190 11.217525
v 11.136305 8.902500 11.176898
v 11.065504 8.960428 11.247297
v 11.024468 8.960027 10.587961
v 11.069525 8.990601 10.691751
v 11.196845 8.891640 10.624969
v 11.207909 8.929655 10.749276
v 10.654371 8.990601 11.106900
v 11.236874 8.720671 10.755714
v 11.234859 8.750841 10.634626
v 11.119206 8.537834 10.638045
v 10.711898 8.929655 11.245286
v 10.718334 8.720671 11.274252
v 10.587592 8.891640 11.234225
v 10.550583 8.960027 11.061847
v 10.597246 8.750841 11.272236
v 10.512166 8.617486 11.187156
v 10.600667 8.537834 11.156584
v 10.512166 8.617486 11.187156
v 10.358897 8.561569 10.915013
v 10.330536 8.639209 11.005527
v 10.877437 8.561569 10.396274
v 11.149778 8.617486 10.549546
v 11.234859 8.750841 10.634626
v 10.968151 8.639209 10.367914
v 10.208647 8.796299 10.764966
v 10.210656 8.826872 10.885649
v 10.727586 8.796299 10.246425
v 10.204019 9.135622 10.759934
v 10.394498 8.906925 10.958058
v 10.206231 9.115507 10.881020
v 10.425072 8.767736 11.109719
v 10.512166 8.617486 11.187156
v 10.597246 8.750841 11.272236
v 10.587592 8.891640 11.234225
v 10.550583 8.960027 11.061847
v 10.338580 9.133007 11.029664
v 10.550583 8.960027 11.061847
v 10.526244 9.264753 11.183738
v 10.458460 9.382017 11.133455
v 10.398520 9.411787 11.073514
v 10.306802 9.351847 10.981591
v 10.306802 9.351847 10.981591
v 10.327118 9.422447 10.883235
v 10.398520 9.411787 11.073514
v 10.722558 9.135624 10.241398
v 10.848271 8.826872 10.248034
v 10.845856 9.422447 10.364495
v 10.507136 9.482185 11.063054
v 10.398520 9.411787 11.073514
v 10.458460 9.382017 11.133455
v 10.843645 9.115507 10.243612
v 10.922692 8.909340 10.433889
v 11.072742 8.770553 10.468083
v 11.149778 8.617486 10.549546
v 11.234859 8.750841 10.634626
v 11.024468 8.960027 10.587961
v 11.196845 8.891640 10.624969
v 11.234859 8.750841 10.634626
v 10.994298 9.135017 10.377169
v 11.024468 8.960027 10.587961
v 10.944215 9.351847 10.344182
v 11.146360 9.264753 10.563626
v 11.066106 9.396900 10.466073
v 11.024468 8.960027 10.587961
v 11.146360 9.264753 10.563626
v 11.069525 8.990601 10.691751
v 11.150181 9.285269 10.683101
v 10.654371 8.990601 11.106900
v 11.025676 9.482185 10.544515
v 11.066106 9.396900 10.466073
v 10.645723 9.285269 11.187560
v 10.526244 9.264753 11.183738
v 10.550583 8.960027 11.061847
v 10.458864 9.382017 11.133455
v 10.458460 9.382017 11.133455
v 10.944215 9.351847 10.344182
v 10.843645 9.115507 10.243612
v 11.066106 9.396900 10.466073
v 11.951729 8.950769 12.091273
v 12.051494 8.950769 11.991511
v 12.163326 8.950769 12.102940
v 12.063562 8.950769 12.202704
v 12.163326 9.087143 12.102940
v 12.051494 9.087143 11.991511
v 11.951729 9.087143 12.091273
v 12.063562 9.087143 12.202704
v 12.051494 9.087143 11.991511
v 12.051494 8.950769 11.991511
v 11.951729 8.950769 12.091273
v 11.951729 9.087143 12.091273
v 11.951729 9.087143 12.091273
v 11.951729 8.950769 12.091273
v 12.063562 8.950769 12.202704
v 12.063562 9.087143 12.202704
v 12.163326 9.087143 12.102940
v 12.163326 8.950769 12.102940
v 12.051494 8.950769 11.991511
v 12.051494 9.087143 11.991511
v 12.030977 7.482067 12.089262
v 12.006036 7.517066 12.113798
v 11.822198 7.480063 11.880486
v 11.797656 7.515062 11.905427
v 12.015288 7.564535 12.104949
v 11.806508 7.562531 11.896175
v 12.048678 7.577004 12.071566
v 11.840299 7.575000 11.862784
v 12.073619 7.542410 12.046624
v 11.864841 7.540405 11.838246
v 12.064366 7.494940 12.055878
v 11.855583 7.492936 11.847098
v 12.030977 7.482067 12.089262
v 11.822198 7.480063 11.880486
v 11.136313 7.476056 11.195004
v 11.111773 7.511054 11.219540
v 10.807655 7.474052 10.866340
v 10.783117 7.509051 10.890878
v 11.120628 7.558524 11.210287
v 10.791967 7.556520 10.881627
v 11.154415 7.570993 11.176897
v 10.825758 7.568990 10.848237
v 11.178957 7.536399 11.152359
v 10.850298 7.534395 10.823698
v 11.169703 7.488929 11.161209
v 10.841045 7.486925 10.832548
v 11.136313 7.476056 11.195004
v 10.807655 7.474052 10.866340
v 11.136313 7.638980 11.176897
v 11.176943 7.623291 11.135865
v 11.095281 7.623291 11.217528
v 11.054649 7.523524 11.258159
v 11.065515 7.581453 11.247299
v 11.176943 7.423759 11.135865
v 11.217977 7.523524 11.095238
v 11.206713 7.581453 11.106098
v 11.206713 7.465998 11.106098
v 11.095281 7.423759 11.217528
v 11.136313 7.408070 11.176897
v 11.065515 7.465998 11.247299
v 11.024486 7.463593 10.587962
v 11.069541 7.494167 10.691751
v 11.196861 7.395206 10.624973
v 11.207923 7.433221 10.749276
v 10.654386 7.494167 11.106903
v 11.236888 7.224238 10.755714
v 11.234877 7.254408 10.634628
v 11.119222 7.041402 10.638045
v 10.711913 7.433221 11.245287
v 10.718349 7.224237 11.274252
v 10.587608 7.395205 11.234224
v 10.550597 7.463592 11.061847
v 10.597261 7.254408 11.272239
v 10.512181 7.121053 11.187156
v 10.600682 7.041402 11.156583
v 10.512181 7.121053 11.187156
v 10.358912 7.065136 10.915011
v 10.330552 7.142776 11.005526
v 10.877453 7.065136 10.396273
v 11.149796 7.121053 10.549543
v 11.234877 7.254408 10.634628
v 10.968166 7.142776 10.367913
v 10.208662 7.299865 10.764965
v 10.210672 7.330438 10.885649
v 10.727602 7.299865 10.246427
v 10.204034 7.639189 10.759936
v 10.394515 7.410493 10.958059
v 10.206246 7.619075 10.881021
v 10.425087 7.271302 11.109719
v 10.512181 7.121053 11.187156
v 10.597261 7.254408 11.272239
v 10.587608 7.395205 11.234224
v 10.550597 7.463592 11.061847
v 10.338596 7.636573 11.029666
v 10.550597 7.463592 11.061847
v 10.526260 7.768320 11.183738
v 10.458477 7.885584 11.133455
v 10.398537 7.915353 11.073514
v 10.306818 7.855412 10.981593
v 10.306818 7.855412 10.981593
v 10.327134 7.926014 10.883237
v 10.398537 7.915353 11.073514
v 10.722575 7.639189 10.241400
v 10.848287 7.330438 10.248036
v 10.845871 7.926014 10.364495
v 10.507153 7.985752 11.063054
v 10.398537 7.915353 11.073514
v 10.458477 7.885584 11.133455
v 10.843660 7.619075 10.243610
v 10.922708 7.412906 10.433889
v 11.072759 7.274119 10.468083
v 11.149796 7.121053 10.549543
v 11.234877 7.254408 10.634628
v 11.024486 7.463593 10.587962
v 11.196861 7.395206 10.624973
v 11.234877 7.254408 10.634628
v 10.994314 7.638585 10.377172
v 11.024486 7.463593 10.587962
v 10.944230 7.855413 10.344180
v 11.146376 7.768320 10.563626
v 11.066121 7.900469 10.466072
v 11.024486 7.463593 10.587962
v 11.146376 7.768320 10.563626
v 11.069541 7.494167 10.691751
v 11.150197 7.788836 10.683102
v 10.654386 7.494167 11.106903
v 11.025691 7.985752 10.544518
v 11.066121 7.900469 10.466072
v 10.645738 7.788835 11.187560
v 10.526260 7.768320 11.183738
v 10.550597 7.463592 11.061847
v 10.458879 7.885584 11.133455
v 10.458477 7.885584 11.133455
v 10.944230 7.855413 10.344180
v 10.843660 7.619075 10.243610
v 11.066121 7.900469 10.466072
v 11.951729 7.462355 12.091273
v 12.051494 7.462355 11.991511
v 12.163326 7.462355 12.102940
v 12.063562 7.462355 12.202704
v 12.163326 7.598728 12.102940
v 12.051494 7.598728 11.991511
v 11.951729 7.598728 12.091273
v 12.063562 7.598728 12.202704
v 12.051494 7.598728 11.991511
v 12.051494 7.462355 11.991511
v 11.951729 7.462355 12.091273
v 11.951729 7.598728 12.091273
v 11.951729 7.598728 12.091273
v 11.951729 7.462355 12.091273
v 12.063562 7.462355 12.202704
v 12.063562 7.598728 12.202704
v 12.163326 7.598728 12.102940
v 12.163326 7.462355 12.102940
v 12.051494 7.462355 11.991511
v 12.051494 7.598728 11.991511
v 12.030977 5.959770 12.089260
v 12.006036 5.994768 12.113796
v 11.822195 5.959770 11.880481
v 11.797656 5.994768 11.905423
v 12.015288 6.042238 12.104947
v 11.806507 6.042238 11.896169
v 12.048678 6.054708 12.071564
v 11.840299 6.054708 11.862782
v 12.073619 6.020112 12.046622
v 11.864837 6.020112 11.838242
v 12.064366 5.972643 12.055876
v 11.855583 5.972642 11.847095
v 12.030977 5.959770 12.089260
v 11.822195 5.959770 11.880481
v 11.136312 5.959770 11.194998
v 11.111775 5.994768 11.219534
v 10.807653 5.959769 10.866333
v 10.783114 5.994767 10.890873
v 11.120626 6.042238 11.210285
v 10.791965 6.042238 10.881621
v 11.154415 6.054707 11.176893
v 10.825755 6.054707 10.848232
v 11.178954 6.020112 11.152356
v 10.850295 6.020112 10.823692
v 11.169702 5.972642 11.161204
v 10.841043 5.972642 10.832542
v 11.136312 5.959770 11.194998
v 10.807653 5.959769 10.866333
v 11.136312 6.122693 11.176893
v 11.176943 6.107004 11.135860
v 11.095280 6.107004 11.217524
v 11.054650 6.007238 11.258157
v 11.065515 6.065166 11.247292
v 11.176943 5.907474 11.135860
v 11.217975 6.007238 11.095231
v 11.206712 6.065166 11.106091
v 11.206712 5.949711 11.106091
v 11.095280 5.907474 11.217524
v 11.136312 5.891784 11.176893
v 11.065515 5.949711 11.247292
v 11.024482 5.949309 10.587956
v 11.069539 5.979884 10.691744
v 11.196857 5.880923 10.624967
v 11.207921 5.918938 10.749270
v 10.654384 5.979884 11.106897
v 11.236885 5.709954 10.755708
v 11.234874 5.740125 10.634623
v 11.119220 5.527118 10.638041
v 10.711910 5.918938 11.245282
v 10.718348 5.709954 11.274245
v 10.587606 5.880923 11.234220
v 10.550595 5.949309 11.061840
v 10.597260 5.740125 11.272232
v 10.512179 5.606769 11.187152
v 10.600680 5.527118 11.156578
v 10.512179 5.606769 11.187152
v 10.358910 5.550852 10.915009
v 10.330548 5.628493 11.005523
v 10.877449 5.550852 10.396268
v 11.149792 5.606769 10.549540
v 11.234874 5.740125 10.634623
v 10.968163 5.628493 10.367909
v 10.208659 5.785582 10.764959
v 10.210670 5.816155 10.885643
v 10.727600 5.785582 10.246421
v 10.204032 6.124905 10.759930
v 10.394512 5.896210 10.958053
v 10.206244 6.104791 10.881017
v 10.425084 5.757019 11.109714
v 10.512179 5.606769 11.187152
v 10.597260 5.740125 11.272232
v 10.587606 5.880923 11.234220
v 10.550595 5.949309 11.061840
v 10.338594 6.122290 11.029659
v 10.550595 5.949309 11.061840
v 10.526258 6.254036 11.183732
v 10.458474 6.371301 11.133450
v 10.398535 6.401070 11.073507
v 10.306815 6.341130 10.981586
v 10.306815 6.341130 10.981586
v 10.327130 6.411731 10.883230
v 10.398535 6.401070 11.073507
v 10.722571 6.124906 10.241392
v 10.848284 5.816155 10.248030
v 10.845869 6.411731 10.364491
v 10.507151 6.471469 11.063047
v 10.398535 6.401070 11.073507
v 10.458474 6.371301 11.133450
v 10.843657 6.104791 10.243606
v 10.922705 5.898623 10.433884
v 11.072756 5.759836 10.468078
v 11.149792 5.606769 10.549540
v 11.234874 5.740125 10.634623
v 11.024482 5.949309 10.587956
v 11.196857 5.880923 10.624967
v 11.234874 5.740125 10.634623
v 10.994310 6.124302 10.377164
v 11.024482 5.949309 10.587956
v 10.944227 6.341130 10.344175
v 11.146373 6.254037 10.563619
v 11.066119 6.386185 10.466066
v 11.024482 5.949309 10.587956
v 11.146373 6.254037 10.563619
v 11.069539 5.979884 10.691744
v 11.150194 6.274553 10.683095
v 10.654384 5.979884 11.106897
v 11.025688 6.471469 10.544512
v 11.066119 6.386185 10.466066
v 10.645735 6.274552 11.187554
v 10.526258 6.254036 11.183732
v 10.550595 5.949309 11.061840
v 10.458877 6.371301 11.133450
v 10.458474 6.371301 11.133450
v 10.944227 6.341130 10.344175
v 10.843657 6.104791 10.243606
v 11.066119 6.386185 10.466066
v 11.951729 5.940057 12.091271
v 12.051494 5.940058 11.991509
v 12.163326 5.940057 12.102938
v 12.063562 5.940057 12.202702
v 12.163326 6.076431 12.102938
v 12.051494 6.076431 11.991509
v 11.951729 6.076431 12.091271
v 12.063562 6.076431 12.202702
v 12.051494 6.076431 11.991509
v 12.051494 5.940058 11.991509
v 11.951729 5.940057 12.091271
v 11.951729 6.076431 12.091271
v 11.951729 6.076431 12.091271
v 11.951729 5.940057 12.091271
v 12.063562 5.940057 12.202702
v 12.063562 6.076431 12.202702
v 12.163326 6.076431 12.102938
v 12.163326 5.940057 12.102938
v 12.051494 5.940058 11.991509
v 12.051494 6.076431 11.991509
v 10.759125 8.988239 10.939690
v 10.759126 8.953323 10.894553
v 10.759125 9.044002 10.927560
v 10.759125 8.974169 10.837280
v 10.759125 9.064847 10.870289
v 10.759124 9.029930 10.825147
v -10.739625 9.042516 10.825150
v -10.739623 8.986753 10.837283
v -10.739625 9.077433 10.870290
v -10.739623 9.056587 10.927562
v -10.739623 8.965909 10.894557
v -10.739625 9.000826 10.939695
v 10.759142 7.503973 10.939725
v 10.759142 7.469056 10.894589
v 10.759142 7.559736 10.927592
v 10.759142 7.489902 10.837317
v 10.759142 7.580581 10.870320
v 10.759142 7.545663 10.825182
v -10.744118 7.553680 10.825182
v -10.744118 7.497918 10.837315
v -10.744118 7.588598 10.870320
v -10.744118 7.567753 10.927590
v -10.744118 7.477073 10.894588
v -10.744118 7.511990 10.939724
v 10.759089 5.999179 10.939706
v 10.759089 5.964262 10.894569
v 10.759089 6.054942 10.927574
v 10.759089 5.985108 10.837296
v 10.759089 6.075787 10.870301
v 10.759089 6.040870 10.825164
v -10.744170 6.040871 10.825160
v -10.744170 5.985109 10.837292
v -10.744170 6.075788 10.870298
v -10.744169 6.054943 10.927569
v -10.744169 5.964264 10.894567
v -10.744170 5.999180 10.939701
v -10.739623 9.056587 10.927562
v -10.739625 9.000826 10.939695
v -10.217802 9.056366 10.927550
v -10.217823 9.000604 10.939684
v -9.695822 9.056045 10.927554
v -10.739623 8.965909 10.894557
v -9.695848 9.000280 10.939688
v -8.623229 9.055362 10.927556
v -10.217836 8.965687 10.894548
v -10.739623 8.986753 10.837283
v -8.623260 8.999598 10.939688
v -7.550949 9.054668 10.927556
v -9.695863 8.965364 10.894549
v -10.217824 8.986530 10.837274
v -10.739625 9.042516 10.825150
v -7.550982 8.998905 10.939690
v -6.478418 9.054045 10.927556
v -8.623279 8.964682 10.894553
v -9.695854 8.986211 10.837277
v -10.217809 9.042295 10.825142
v -10.739625 9.077433 10.870290
v -6.478451 8.998283 10.939688
v -5.405995 9.053419 10.927567
v -7.551002 8.963989 10.894553
v -8.623269 8.985525 10.837280
v -9.695828 9.041971 10.825145
v -10.217794 9.077211 10.870278
v -10.739623 9.056587 10.927562
v -10.217802 9.056366 10.927550
v -9.695811 9.076890 10.870283
v -9.695822 9.056045 10.927554
v -5.406027 8.997657 10.939698
v -4.333573 9.052804 10.927556
v -6.478471 8.963366 10.894553
v -8.623240 9.041288 10.825148
v -8.623219 9.076206 10.870284
v -8.623229 9.055362 10.927556
v -7.550990 8.984833 10.837281
v -4.333603 8.997041 10.939690
v -3.261149 9.052183 10.927551
v -7.550937 9.075513 10.870284
v -7.550949 9.054668 10.927556
v -7.550958 9.040594 10.825147
v -6.478457 8.984211 10.837280
v -5.406047 8.962740 10.894562
v -3.261180 8.996421 10.939685
v -2.188726 9.051563 10.927567
v -6.478407 9.074890 10.870285
v -6.478418 9.054045 10.927556
v -6.478425 9.039972 10.825148
v -4.333625 8.962125 10.894551
v -5.406035 8.983585 10.837289
v -2.188759 8.995801 10.939698
v -1.087619 9.050935 10.927576
v -5.405983 9.074265 10.870295
v -5.405995 9.053419 10.927567
v -5.406004 9.039346 10.825157
v -4.333613 8.982969 10.837280
v -3.261201 8.961504 10.894548
v -1.087650 8.995172 10.939709
v -0.029694 9.050318 10.927571
v -4.333560 9.073648 10.870284
v -4.333573 9.052804 10.927556
v -4.333582 9.038732 10.825147
v -2.188780 8.960884 10.894562
v -3.261190 8.982349 10.837276
v -3.261138 9.073029 10.870281
v -3.261149 9.052183 10.927551
v -3.261158 9.038112 10.825142
v -2.188766 8.981729 10.837289
v -1.087671 8.960255 10.894572
v -2.188716 9.072409 10.870296
v -2.188726 9.051563 10.927567
v -2.188736 9.037492 10.825157
v -1.087607 9.071779 10.870306
v -1.087619 9.050935 10.927576
v -1.087659 8.981100 10.837299
v -1.087627 9.036861 10.825166
v -0.029727 8.994555 10.939706
v -0.029683 9.071163 10.870300
v -0.029694 9.050318 10.927571
v 1.042987 9.049690 10.927541
v -0.029748 8.959639 10.894567
v -0.029704 9.036247 10.825162
v -0.029737 8.980482 10.837296
v 1.042955 8.993929 10.939675
v 1.042987 9.049690 10.927541
v 2.135138 9.049064 10.927559
v 1.043000 9.070537 10.870275
v 1.042935 8.959011 10.894537
v 2.135107 8.993301 10.939691
v 3.215667 9.048444 10.927585
v 1.042980 9.035619 10.825135
v 1.042948 8.979856 10.837265
v 2.135151 9.069910 10.870288
v 2.135138 9.049064 10.927559
v 2.135087 8.958384 10.894554
v 3.215635 8.992682 10.939717
v 4.323709 9.047798 10.927566
v 2.135132 9.034992 10.825149
v 2.135100 8.979230 10.837282
v 3.215679 9.069290 10.870313
v 3.215667 9.048444 10.927585
v 3.215614 8.957765 10.894581
v 4.323677 8.992036 10.939698
v 5.347709 9.047204 10.927567
v 3.215659 9.034372 10.825175
v 3.215626 8.978609 10.837307
v 4.323720 9.068643 10.870296
v 4.323709 9.047798 10.927566
v 5.347677 8.991443 10.939700
v 6.459128 9.046560 10.927566
v 4.323656 8.957117 10.894564
v 4.323699 9.033725 10.825155
v 4.323667 8.977964 10.837288
v 5.347720 9.068048 10.870295
v 5.347709 9.047204 10.927567
v 6.459095 8.990798 10.939698
v 7.529563 9.045936 10.927551
v 5.347654 8.956524 10.894562
v 5.347699 9.033132 10.825157
v 5.347667 8.977369 10.837289
v 6.459139 9.067405 10.870296
v 6.459128 9.046560 10.927566
v 7.529531 8.990173 10.939688
v 8.599994 9.045322 10.927563
v 6.459075 8.955879 10.894562
v 6.459118 9.032488 10.825158
v 6.459085 8.976725 10.837288
v 7.529574 9.066782 10.870281
v 7.529563 9.045936 10.927551
v 8.599962 8.989559 10.939694
v 9.706410 9.044544 10.927562
v 7.529510 8.955257 10.894549
v 7.529552 9.031864 10.825144
v 7.529521 8.976102 10.837277
v 8.600006 9.066167 10.870292
v 8.599994 9.045322 10.927563
v 9.706385 8.988781 10.939694
v 10.232805 9.044186 10.927561
v 8.599942 8.954643 10.894560
v 8.599986 9.031250 10.825152
v 8.599954 8.975487 10.837284
v 9.706419 9.065389 10.870289
v 9.706410 9.044544 10.927562
v 10.232791 8.988422 10.939694
v 10.759125 9.044002 10.927560
v 10.759125 8.988239 10.939690
v 9.706369 8.953865 10.894557
v 10.232780 8.953506 10.894558
v 10.759126 8.953323 10.894553
v 9.706378 8.974710 10.837282
v 9.706404 9.030472 10.825152
v 10.232786 8.974352 10.837284
v 10.759125 8.974169 10.837280
v 10.232800 9.030113 10.825150
v 10.759124 9.029930 10.825147
v 10.232811 9.065031 10.870290
v 10.759125 9.064847 10.870289
v 10.232805 9.044186 10.927561
v 10.759125 9.044002 10.927560
v -10.744118 7.567753 10.927590
v -10.744118 7.511990 10.939724
v -10.222034 7.567561 10.927590
v -10.222049 7.511799 10.939727
v -9.699957 7.567239 10.927593
v -10.744118 7.477073 10.894588
v -9.699981 7.511477 10.939727
v -8.627300 7.566448 10.927594
v -10.222062 7.476881 10.894589
v -10.744118 7.497918 10.837315
v -8.627332 7.510687 10.939727
v -7.554653 7.565797 10.927532
v -9.699995 7.476560 10.894590
v -10.222053 7.497727 10.837318
v -10.744118 7.553680 10.825182
v -7.554685 7.510034 10.939667
v -6.482008 7.565163 10.927493
v -8.627352 7.475769 10.894589
v -9.699986 7.497404 10.837317
v -10.222038 7.553488 10.825179
v -10.744118 7.588598 10.870320
v -6.482039 7.509402 10.939627
v -5.409362 7.564559 10.927503
v -7.554703 7.475117 10.894526
v -8.627340 7.496615 10.837317
v -9.699964 7.553166 10.825182
v -10.222029 7.588405 10.870317
v -10.744118 7.567753 10.927590
v -10.222034 7.567561 10.927590
v -9.699948 7.588084 10.870320
v -9.699957 7.567239 10.927593
v -5.409393 7.508796 10.939634
v -4.336716 7.563961 10.927522
v -6.482056 7.474484 10.894488
v -8.627308 7.552376 10.825182
v -8.627288 7.587294 10.870322
v -8.627300 7.566448 10.927594
v -7.554691 7.495963 10.837254
v -4.336747 7.508200 10.939653
v -3.264071 7.563328 10.927554
v -7.554637 7.586641 10.870260
v -7.554653 7.565797 10.927532
v -7.554658 7.551724 10.825123
v -6.482044 7.495331 10.837218
v -5.409411 7.473879 10.894499
v -3.264101 7.507565 10.939688
v -2.191425 7.562722 10.927587
v -6.481995 7.586010 10.870225
v -6.482008 7.565163 10.927493
v -6.482012 7.551091 10.825082
v -4.336765 7.473283 10.894518
v -5.409398 7.494725 10.837225
v -2.191453 7.506960 10.939723
v -1.090157 7.562134 10.927610
v -5.409349 7.585403 10.870229
v -5.409362 7.564559 10.927503
v -5.409367 7.550486 10.825090
v -4.336751 7.494128 10.837246
v -3.264118 7.472647 10.894549
v -1.090183 7.506372 10.939744
v -0.031951 7.561686 10.927599
v -4.336702 7.584807 10.870251
v -4.336716 7.563961 10.927522
v -4.336720 7.549889 10.825112
v -2.191470 7.472043 10.894586
v -3.264104 7.493494 10.837278
v -3.264058 7.584172 10.870283
v -3.264071 7.563328 10.927554
v -3.264074 7.549255 10.825143
v -2.191457 7.492888 10.837313
v -1.090198 7.471454 10.894607
v -2.191412 7.583567 10.870318
v -2.191425 7.562722 10.927587
v -2.191428 7.548649 10.825179
v -1.090146 7.582979 10.870339
v -1.090157 7.562134 10.927610
v -1.090187 7.492299 10.837333
v -1.090161 7.548061 10.825199
v -0.031972 7.505925 10.939734
v -0.031942 7.582531 10.870328
v -0.031951 7.561686 10.927599
v 1.041017 7.561341 10.927619
v -0.031984 7.471008 10.894594
v -0.031954 7.547614 10.825188
v -0.031975 7.491853 10.837322
v 1.041001 7.505579 10.939753
v 1.041017 7.561341 10.927619
v 2.133331 7.561133 10.927607
v 1.041023 7.582186 10.870350
v 1.040992 7.470662 10.894616
v 2.133318 7.505371 10.939739
v 3.214084 7.560978 10.927575
v 1.041013 7.547268 10.825209
v 1.040997 7.491507 10.837344
v 2.133334 7.581979 10.870336
v 2.133331 7.561133 10.927607
v 2.133310 7.470454 10.894601
v 3.214072 7.505216 10.939710
v 4.322351 7.560772 10.927565
v 2.133326 7.547060 10.825193
v 2.133314 7.491299 10.837329
v 3.214086 7.581823 10.870306
v 3.214084 7.560978 10.927575
v 3.214066 7.470299 10.894571
v 4.322341 7.505010 10.939694
v 5.346567 7.560596 10.927560
v 3.214079 7.546905 10.825165
v 3.214068 7.491143 10.837302
v 4.322353 7.581617 10.870289
v 4.322351 7.560772 10.927565
v 5.346559 7.504835 10.939695
v 6.458202 7.560426 10.927580
v 4.322334 7.470092 10.894558
v 4.322346 7.546699 10.825150
v 4.322338 7.490938 10.837287
v 5.346570 7.581442 10.870290
v 5.346567 7.560596 10.927560
v 6.458194 7.504664 10.939710
v 7.528867 7.560270 10.927594
v 5.346552 7.469917 10.894557
v 5.346562 7.546523 10.825150
v 5.346553 7.490762 10.837284
v 6.458206 7.581272 10.870309
v 6.458202 7.560426 10.927580
v 7.528858 7.504507 10.939727
v 8.599531 7.560098 10.927594
v 6.458187 7.469747 10.894577
v 6.458201 7.546354 10.825169
v 6.458189 7.490592 10.837300
v 7.528871 7.581115 10.870322
v 7.528867 7.560270 10.927594
v 8.599524 7.504336 10.939727
v 9.706049 7.559873 10.927587
v 7.528852 7.469590 10.894589
v 7.528864 7.546197 10.825183
v 7.528855 7.490436 10.837317
v 8.599536 7.580942 10.870322
v 8.599531 7.560098 10.927594
v 9.706043 7.504111 10.939723
v 10.232596 7.559784 10.927590
v 8.599518 7.469419 10.894589
v 8.599530 7.546025 10.825182
v 8.599521 7.490263 10.837318
v 9.706054 7.580718 10.870318
v 9.706049 7.559873 10.927587
v 10.232592 7.504022 10.939717
v 10.759142 7.559736 10.927592
v 10.759142 7.503973 10.939725
v 9.706038 7.469193 10.894583
v 10.232588 7.469105 10.894581
v 10.759142 7.469056 10.894589
v 9.706042 7.490039 10.837313
v 9.706051 7.545799 10.825176
v 10.232592 7.489949 10.837306
v 10.759142 7.489902 10.837317
v 10.232594 7.545712 10.825176
v 10.759142 7.545663 10.825182
v 10.232598 7.580630 10.870317
v 10.759142 7.580581 10.870320
v 10.232596 7.559784 10.927590
v 10.759142 7.559736 10.927592
v -10.744169 6.054943 10.927569
v -10.744170 5.999180 10.939701
v -10.222079 6.054600 10.927581
v -10.222109 5.998838 10.939716
v -9.699996 6.054024 10.927590
v -10.744169 5.964264 10.894567
v -9.700041 5.998261 10.939722
v -8.627337 6.052607 10.927581
v -10.222127 5.963921 10.894580
v -10.744170 5.985109 10.837292
v -8.627396 5.996844 10.939713
v -7.554691 6.051373 10.927518
v -9.700068 5.963344 10.894586
v -10.222116 5.984767 10.837305
v -10.744170 6.040871 10.825160
v -7.554746 5.995610 10.939651
v -6.482045 6.050234 10.927491
v -8.627432 5.961927 10.894575
v -9.700051 5.984189 10.837311
v -10.222086 6.040528 10.825172
v -10.744170 6.075788 10.870298
v -6.482098 5.994470 10.939623
v -5.409397 6.049169 10.927494
v -7.554783 5.960693 10.894514
v -8.627411 5.982773 10.837303
v -9.700009 6.039952 10.825177
v -10.222071 6.075445 10.870311
v -10.744169 6.054943 10.927569
v -10.222079 6.054600 10.927581
v -9.699983 6.074869 10.870316
v -9.699996 6.054024 10.927590
v -5.409450 5.993406 10.939627
v -4.336751 6.048136 10.927519
v -6.482131 5.959553 10.894489
v -8.627354 6.038535 10.825171
v -8.627316 6.073452 10.870307
v -8.627337 6.052607 10.927581
v -7.554761 5.981538 10.837242
v -4.336802 5.992374 10.939651
v -3.264108 6.046936 10.927567
v -7.554669 6.072218 10.870247
v -7.554691 6.051373 10.927518
v -7.554706 6.037301 10.825108
v -6.482111 5.980399 10.837212
v -5.409482 5.958489 10.894489
v -3.264154 5.991173 10.939699
v -2.191466 6.045849 10.927606
v -6.482022 6.071078 10.870218
v -6.482045 6.050234 10.927491
v -6.482056 6.036160 10.825080
v -4.336831 5.957457 10.894514
v -5.409460 5.979334 10.837216
v -2.191504 5.990086 10.939738
v -1.090204 6.044980 10.927626
v -5.409375 6.070014 10.870218
v -5.409397 6.049169 10.927494
v -5.409408 6.035096 10.825083
v -4.336810 5.978302 10.837242
v -3.264180 5.956256 10.894564
v -1.090229 5.989217 10.939761
v -0.032009 6.044709 10.927608
v -4.336730 6.068982 10.870245
v -4.336751 6.048136 10.927519
v -4.336760 6.034064 10.825108
v -2.191526 5.955169 10.894602
v -3.264161 5.977101 10.837290
v -3.264090 6.067781 10.870293
v -3.264108 6.046936 10.927567
v -3.264116 6.032863 10.825157
v -2.191510 5.976014 10.837328
v -1.090244 5.954300 10.894623
v -2.191450 6.066694 10.870333
v -2.191466 6.045849 10.927606
v -2.191473 6.031777 10.825196
v -1.090194 6.065824 10.870353
v -1.090204 6.044980 10.927626
v -1.090234 5.975145 10.837349
v -1.090209 6.030907 10.825216
v -0.032009 5.988946 10.939742
v -0.032009 6.065554 10.870336
v -0.032009 6.044709 10.927608
v 1.037543 6.044953 10.927620
v -0.032009 5.954029 10.894605
v -0.032009 6.030636 10.825198
v -0.032009 5.974874 10.837331
v 1.037567 5.989190 10.939752
v 1.037543 6.044953 10.927620
v 2.133813 6.045806 10.927606
v 1.037533 6.065798 10.870348
v 1.037583 5.954273 10.894614
v 2.133850 5.990043 10.939739
v 3.214281 6.046890 10.927588
v 1.037548 6.030880 10.825209
v 1.037573 5.975118 10.837342
v 2.133797 6.066651 10.870336
v 2.133813 6.045806 10.927606
v 2.133873 5.955126 10.894605
v 3.214324 5.991127 10.939718
v 4.322263 6.048124 10.927569
v 2.133820 6.031733 10.825197
v 2.133858 5.975971 10.837331
v 3.214262 6.067735 10.870317
v 3.214281 6.046890 10.927588
v 3.214352 5.956210 10.894584
v 4.322313 5.992361 10.939704
v 5.346481 6.049116 10.927567
v 3.214289 6.032818 10.825179
v 3.214334 5.977056 10.837311
v 4.322242 6.068969 10.870299
v 4.322263 6.048124 10.927569
v 5.346535 5.993353 10.939696
v 6.458118 6.050184 10.927556
v 4.322345 5.957444 10.894565
v 4.322274 6.034052 10.825162
v 4.322325 5.978289 10.837296
v 5.346460 6.069961 10.870293
v 5.346481 6.049116 10.927567
v 6.458170 5.994420 10.939684
v 7.528784 6.051459 10.927587
v 5.346568 5.958436 10.894564
v 5.346492 6.035043 10.825156
v 5.346546 5.979281 10.837288
v 6.458097 6.071028 10.870282
v 6.458118 6.050184 10.927556
v 7.528841 5.995696 10.939720
v 8.599449 6.052569 10.927588
v 6.458208 5.959504 10.894552
v 6.458130 6.036111 10.825143
v 6.458183 5.980349 10.837276
v 7.528762 6.072304 10.870315
v 7.528784 6.051459 10.927587
v 8.599507 5.996806 10.939720
v 9.705977 6.054022 10.927575
v 7.528877 5.960779 10.894584
v 7.528799 6.037387 10.825177
v 7.528857 5.981625 10.837311
v 8.599427 6.073414 10.870316
v 8.599449 6.052569 10.927588
v 9.706020 5.998260 10.939708
v 10.232527 6.054602 10.927571
v 8.599544 5.961889 10.894584
v 8.599463 6.038496 10.825177
v 8.599522 5.982735 10.837311
v 9.705960 6.074867 10.870304
v 9.705977 6.054022 10.927575
v 10.232559 5.998838 10.939701
v 10.759089 6.054942 10.927574
v 10.759089 5.999179 10.939706
v 9.706046 5.963343 10.894574
v 10.232576 5.963922 10.894567
v 10.759089 5.964262 10.894569
v 9.706032 5.984188 10.837300
v 9.705986 6.039950 10.825165
v 10.232564 5.984767 10.837291
v 10.759089 5.985108 10.837296
v 10.232535 6.040529 10.825164
v 10.759089 6.040870 10.825164
v 10.232518 6.075447 10.870304
v 10.759089 6.075787 10.870301
v 10.232527 6.054602 10.927571
v 10.759089 6.054942 10.927574
v 12.125911 9.207022 12.491544
v 12.022526 9.207022 12.388159
v 12.125920 -0.222409 12.491539
v 12.022534 -0.222409 12.388152
v 11.984713 9.207022 12.246960
v 11.984721 -0.222409 12.246951
v 12.022526 9.207022 12.105759
v 12.022533 -0.222409 12.105750
v 12.125911 9.207021 12.001974
v 12.125920 -0.222409 12.001966
v 12.267112 9.207021 11.964161
v 12.267120 -0.222409 11.964152
v 12.408311 9.207021 12.001974
v 12.408319 -0.222409 12.001966
v 12.511697 9.207022 12.105759
v 12.511706 -0.222410 12.105749
v 12.549914 9.207022 12.246960
v 12.549924 -0.222410 12.246954
v 12.511697 9.207022 12.388159
v 12.511707 -0.222410 12.388152
v 12.408311 9.207022 12.491544
v 12.408321 -0.222409 12.491539
v 12.267112 9.207022 12.529359
v 12.267121 -0.222409 12.529350
v 12.125911 9.207022 12.491544
v 12.125920 -0.222409 12.491539
v 12.022526 9.207022 12.388159
v 12.267112 9.207022 12.246960
v 11.984713 9.207022 12.246960
v 12.022526 9.207022 12.105759
v 12.125911 9.207022 12.491544
v 12.125911 9.207021 12.001974
v 12.267112 9.207022 12.529359
v 12.267112 9.207021 11.964161
v 12.408311 9.207022 12.491544
v 12.408311 9.207021 12.001974
v 12.511697 9.207022 12.388159
v 12.511697 9.207022 12.105759
v 12.549914 9.207022 12.246960
vt 0.934899 0.870115
vt 0.938933 0.978354
vt 0.939070 0.827163
vt 0.943234 0.827163
vt 0.947399 0.827163
vt 0.947399 0.870115
vt 0.943234 0.870115
vt 0.943234 0.827163
vt 0.934899 0.978356
vt 0.943234 0.827163
vt 0.955756 0.827163
vt 0.955756 0.870115
vt 0.951581 0.870115
vt 0.951581 0.870115
vt 0.951581 0.827163
vt 0.934900 0.986968
vt 0.955756 0.870115
vt 0.953664 0.870115
vt 0.951581 0.870115
vt 0.949496 0.870115
vt 0.947399 0.870115
vt 0.945324 0.870115
vt 0.943234 0.870115
vt 0.941143 0.870115
vt 0.939070 0.870115
vt 0.939070 0.827163
vt 0.936979 0.870115
vt 0.939070 0.827163
vt 0.934899 0.870115
vt 0.934899 0.827163
vt 0.930728 0.870115
vt 0.930728 0.827163
vt 0.934899 0.870115
vt 0.932818 0.870115
vt 0.930728 0.870115
vt 0.951581 0.870115
vt 0.947399 0.870115
vt 0.934900 0.986968
vt 0.938935 0.986968
vt 0.940959 0.982662
vt 0.934899 0.978356
vt 0.938933 0.978354
vt 0.932889 0.982662
vt 0.943234 0.870115
vt 0.939070 0.870115
vt 0.934899 0.978356
vt 0.995519 0.946562
vt 0.993641 0.952309
vt 0.993645 0.952287
vt 0.936979 0.870115
vt 0.934899 0.870115
vt 0.938933 0.978354
vt 0.938933 0.978354
vt 0.939070 0.827163
vt 0.939070 0.827163
vt 0.939070 0.870115
vt 0.936979 0.870115
vt 0.943234 0.870115
vt 0.941143 0.870115
vt 0.947399 0.870115
vt 0.945324 0.870115
vt 0.951581 0.870115
vt 0.949496 0.870115
vt 0.955756 0.870115
vt 0.953664 0.870115
vt 0.943234 0.827163
vt 0.947399 0.827163
vt 0.947399 0.870115
vt 0.943234 0.870115
vt 0.943234 0.827163
vt 0.934899 0.978356
vt 0.943234 0.827163
vt 0.955756 0.827163
vt 0.955756 0.870115
vt 0.951581 0.870115
vt 0.951581 0.870115
vt 0.951581 0.827163
vt 0.934900 0.986968
vt 0.934899 0.870115
vt 0.932818 0.870115
vt 0.930728 0.870115
vt 0.934899 0.827163
vt 0.930728 0.870115
vt 0.930728 0.827163
vt 0.951581 0.870115
vt 0.947399 0.870115
vt 0.934900 0.986968
vt 0.938935 0.986968
vt 0.940959 0.982662
vt 0.934899 0.978356
vt 0.938933 0.978354
vt 0.932889 0.982662
vt 0.943234 0.870115
vt 0.939070 0.870115
vt 0.934899 0.978356
vt 0.995519 0.946562
vt 0.993641 0.952309
vt 0.993645 0.952287
vt 0.934899 0.870115
vt 0.938933 0.978354
vt 0.939070 0.827163
vt 0.943234 0.827163
vt 0.947399 0.827163
vt 0.947399 0.870115
vt 0.943234 0.870115
vt 0.943234 0.827163
vt 0.934899 0.978356
vt 0.943234 0.827163
vt 0.955756 0.827163
vt 0.955756 0.870115
vt 0.951581 0.870115
vt 0.951581 0.870115
vt 0.951581 0.827163
vt 0.934900 0.986968
vt 0.955756 0.870115
vt 0.953664 0.870115
vt 0.951581 0.870115
vt 0.949496 0.870115
vt 0.947399 0.870115
vt 0.945324 0.870115
vt 0.943234 0.870115
vt 0.941143 0.870115
vt 0.939070 0.870115
vt 0.939070 0.827163
vt 0.936979 0.870115
vt 0.939070 0.827163
vt 0.934899 0.870115
vt 0.934899 0.827163
vt 0.930728 0.870115
vt 0.930728 0.827163
vt 0.934899 0.870115
vt 0.932818 0.870115
vt 0.930728 0.870115
vt 0.951581 0.870115
vt 0.947399 0.870115
vt 0.934900 0.986968
vt 0.938935 0.986968
vt 0.940959 0.982662
vt 0.934899 0.978356
vt 0.938933 0.978354
vt 0.932889 0.982662
vt 0.943234 0.870115
vt 0.939070 0.870115
vt 0.934899 0.978356
vt 0.995519 0.946562
vt 0.993641 0.952309
vt 0.993645 0.952287
vt 0.960773 0.858325
vt 0.962503 0.858325
vt 0.960773 0.871057
vt 0.962505 0.871057
vt 0.964222 0.858325
vt 0.964223 0.871057
vt 0.965928 0.858325
vt 0.965940 0.871057
vt 0.967654 0.858325
vt 0.967654 0.871057
vt 0.969375 0.858325
vt 0.969374 0.871057
vt 0.971084 0.858325
vt 0.971084 0.871057
vt 0.960785 0.831517
vt 0.962508 0.831517
vt 0.960785 0.851561
vt 0.962508 0.851561
vt 0.964226 0.831517
vt 0.964226 0.851561
vt 0.965941 0.831517
vt 0.965941 0.851561
vt 0.967653 0.831517
vt 0.967653 0.851561
vt 0.969372 0.831517
vt 0.969372 0.851561
vt 0.971091 0.831517
vt 0.971091 0.851561
vt 0.940371 0.968480
vt 0.939824 0.970971
vt 0.939824 0.965991
vt 0.936336 0.963513
vt 0.938361 0.964176
vt 0.932852 0.970974
vt 0.936339 0.973460
vt 0.938363 0.972787
vt 0.934329 0.972789
vt 0.932852 0.965994
vt 0.932303 0.968483
vt 0.934326 0.964178
vt 0.947239 0.876395
vt 0.950702 0.879853
vt 0.945162 0.885649
vt 0.949343 0.886448
vt 0.972192 0.879737
vt 0.948673 0.895262
vt 0.944395 0.895013
vt 0.948636 0.905455
vt 0.973599 0.886318
vt 0.974335 0.895124
vt 0.977771 0.885471
vt 0.975626 0.876241
vt 0.978610 0.894823
vt 0.978843 0.905250
vt 0.974455 0.905318
vt 0.978843 0.905250
vt 0.974456 0.919598
vt 0.978829 0.920365
vt 0.948773 0.919725
vt 0.944247 0.905441
vt 0.944395 0.895013
vt 0.944398 0.920546
vt 0.974166 0.932185
vt 0.977896 0.931961
vt 0.949182 0.932284
vt 0.974640 0.945778
vt 0.984904 0.932109
vt 0.979156 0.944952
vt 0.985434 0.922099
vt 0.986034 0.913784
vt 0.992085 0.915900
vt 0.993834 0.921891
vt 0.991460 0.929535
vt 0.986166 0.943452
vt 0.991692 0.933174
vt 0.995519 0.946562
vt 0.993645 0.952287
vt 0.991049 0.954381
vt 0.986126 0.953319
vt 0.979052 0.959903
vt 0.974667 0.959718
vt 0.978870 0.968615
vt 0.948791 0.945865
vt 0.945455 0.932106
vt 0.948834 0.959764
vt 0.974557 0.971033
vt 0.978870 0.968615
vt 0.978833 0.973201
vt 0.944272 0.945082
vt 0.938327 0.932372
vt 0.937631 0.922416
vt 0.937115 0.914104
vt 0.931099 0.916314
vt 0.931878 0.929885
vt 0.929418 0.922310
vt 0.931099 0.916314
vt 0.937161 0.943708
vt 0.931654 0.933421
vt 0.937361 0.953516
vt 0.927925 0.946858
vt 0.931143 0.953600
vt 0.947575 0.997916
vt 0.945147 0.982465
vt 0.951239 0.995271
vt 0.949341 0.982485
vt 0.972257 0.995256
vt 0.948937 0.971103
vt 0.944648 0.971152
vt 0.974149 0.982460
vt 0.978340 0.982457
vt 0.975925 0.997897
vt 0.978850 0.973912
vt 0.978833 0.973201
vt 0.944455 0.959936
vt 0.944272 0.945082
vt 0.944648 0.971152
vt 0.937069 0.807993
vt 0.937049 0.814077
vt 0.931533 0.814063
vt 0.931551 0.807979
vt 0.947331 0.814135
vt 0.941816 0.814099
vt 0.941834 0.808015
vt 0.947349 0.808051
vt 0.941816 0.814099
vt 0.937049 0.814077
vt 0.937069 0.807993
vt 0.941834 0.808015
vt 0.941834 0.808015
vt 0.937069 0.807993
vt 0.937088 0.801184
vt 0.941853 0.801206
vt 0.941793 0.820908
vt 0.937028 0.820886
vt 0.937049 0.814077
vt 0.941816 0.814099
vt 0.960773 0.858325
vt 0.962503 0.858325
vt 0.960773 0.871057
vt 0.962505 0.871057
vt 0.964222 0.858325
vt 0.964223 0.871057
vt 0.965928 0.858325
vt 0.965940 0.871057
vt 0.967654 0.858325
vt 0.967654 0.871057
vt 0.969375 0.858325
vt 0.969374 0.871057
vt 0.971084 0.858325
vt 0.971084 0.871057
vt 0.960785 0.831517
vt 0.962508 0.831517
vt 0.960785 0.851561
vt 0.962508 0.851561
vt 0.964226 0.831517
vt 0.964226 0.851561
vt 0.965941 0.831517
vt 0.965941 0.851561
vt 0.967653 0.831517
vt 0.967653 0.851561
vt 0.969372 0.831517
vt 0.969372 0.851561
vt 0.971091 0.831517
vt 0.971091 0.851561
vt 0.940371 0.968480
vt 0.939824 0.970971
vt 0.939824 0.965991
vt 0.936336 0.963513
vt 0.938361 0.964176
vt 0.932852 0.970974
vt 0.936339 0.973460
vt 0.938363 0.972787
vt 0.934329 0.972789
vt 0.932852 0.965994
vt 0.932303 0.968483
vt 0.934326 0.964178
vt 0.947239 0.876395
vt 0.950702 0.879853
vt 0.945162 0.885649
vt 0.949343 0.886448
vt 0.972192 0.879737
vt 0.948673 0.895262
vt 0.944395 0.895013
vt 0.948636 0.905455
vt 0.973599 0.886318
vt 0.974335 0.895124
vt 0.977771 0.885471
vt 0.975626 0.876241
vt 0.978610 0.894823
vt 0.978843 0.905250
vt 0.974455 0.905318
vt 0.978843 0.905250
vt 0.974456 0.919598
vt 0.978829 0.920365
vt 0.948773 0.919725
vt 0.944247 0.905441
vt 0.944395 0.895013
vt 0.944398 0.920546
vt 0.974166 0.932185
vt 0.977896 0.931961
vt 0.949182 0.932284
vt 0.974640 0.945778
vt 0.984904 0.932109
vt 0.979156 0.944952
vt 0.985434 0.922099
vt 0.986034 0.913784
vt 0.992085 0.915900
vt 0.993834 0.921891
vt 0.991460 0.929535
vt 0.986166 0.943452
vt 0.991692 0.933174
vt 0.995519 0.946562
vt 0.993645 0.952287
vt 0.991049 0.954381
vt 0.986126 0.953319
vt 0.979052 0.959903
vt 0.974667 0.959718
vt 0.978870 0.968615
vt 0.948791 0.945865
vt 0.945455 0.932106
vt 0.948834 0.959764
vt 0.974557 0.971033
vt 0.978870 0.968615
vt 0.978833 0.973201
vt 0.944272 0.945082
vt 0.938327 0.932372
vt 0.937631 0.922416
vt 0.937115 0.914104
vt 0.931099 0.916314
vt 0.931878 0.929885
vt 0.929418 0.922310
vt 0.931099 0.916314
vt 0.937161 0.943708
vt 0.931654 0.933421
vt 0.937361 0.953516
vt 0.927925 0.946858
vt 0.931143 0.953600
vt 0.947575 0.997916
vt 0.945147 0.982465
vt 0.951239 0.995271
vt 0.949341 0.982485
vt 0.972257 0.995256
vt 0.948937 0.971103
vt 0.944648 0.971152
vt 0.974149 0.982460
vt 0.978340 0.982457
vt 0.975925 0.997897
vt 0.978850 0.973912
vt 0.978833 0.973201
vt 0.944455 0.959936
vt 0.944272 0.945082
vt 0.944648 0.971152
vt 0.937069 0.807993
vt 0.937049 0.814077
vt 0.931533 0.814063
vt 0.931551 0.807979
vt 0.947331 0.814135
vt 0.941816 0.814099
vt 0.941834 0.808015
vt 0.947349 0.808051
vt 0.941816 0.814099
vt 0.937049 0.814077
vt 0.937069 0.807993
vt 0.941834 0.808015
vt 0.941834 0.808015
vt 0.937069 0.807993
vt 0.937088 0.801184
vt 0.941853 0.801206
vt 0.941793 0.820908
vt 0.937028 0.820886
vt 0.937049 0.814077
vt 0.941816 0.814099
vt 0.960773 0.858325
vt 0.962503 0.858325
vt 0.960773 0.871057
vt 0.962505 0.871057
vt 0.964222 0.858325
vt 0.964223 0.871057
vt 0.965928 0.858325
vt 0.965940 0.871057
vt 0.967654 0.858325
vt 0.967654 0.871057
vt 0.969375 0.858325
vt 0.969374 0.871057
vt 0.971084 0.858325
vt 0.971084 0.871057
vt 0.960785 0.831517
vt 0.962508 0.831517
vt 0.960785 0.851561
vt 0.962508 0.851561
vt 0.964226 0.831517
vt 0.964226 0.851561
vt 0.965941 0.831517
vt 0.965941 0.851561
vt 0.967653 0.831517
vt 0.967653 0.851561
vt 0.969372 0.831517
vt 0.969372 0.851561
vt 0.971091 0.831517
vt 0.971091 0.851561
vt 0.940371 0.968480
vt 0.939824 0.970971
vt 0.939824 0.965991
vt 0.936336 0.963513
vt 0.938361 0.964176
vt 0.932852 0.970974
vt 0.936339 0.973460
vt 0.938363 0.972787
vt 0.934329 0.972789
vt 0.932852 0.965994
vt 0.932303 0.968483
vt 0.934326 0.964178
vt 0.947239 0.876395
vt 0.950702 0.879853
vt 0.945162 0.885649
vt 0.949343 0.886448
vt 0.972192 0.879737
vt 0.948673 0.895262
vt 0.944395 0.895013
vt 0.948636 0.905455
vt 0.973599 0.886318
vt 0.974335 0.895124
vt 0.977771 0.885471
vt 0.975626 0.876241
vt 0.978610 0.894823
vt 0.978843 0.905250
vt 0.974455 0.905318
vt 0.978843 0.905250
vt 0.974456 0.919598
vt 0.978829 0.920365
vt 0.948773 0.919725
vt 0.944247 0.905441
vt 0.944395 0.895013
vt 0.944398 0.920546
vt 0.974166 0.932185
vt 0.977896 0.931961
vt 0.949182 0.932284
vt 0.974640 0.945778
vt 0.984904 0.932109
vt 0.979156 0.944952
vt 0.985434 0.922099
vt 0.986034 0.913784
vt 0.992085 0.915900
vt 0.993834 0.921891
vt 0.991460 0.929535
vt 0.986166 0.943452
vt 0.991692 0.933174
vt 0.995519 0.946562
vt 0.993645 0.952287
vt 0.991049 0.954381
vt 0.986126 0.953319
vt 0.979052 0.959903
vt 0.974667 0.959718
vt 0.978870 0.968615
vt 0.948791 0.945865
vt 0.945455 0.932106
vt 0.948834 0.959764
vt 0.974557 0.971033
vt 0.978870 0.968615
vt 0.978833 0.973201
vt 0.944272 0.945082
vt 0.938327 0.932372
vt 0.937631 0.922416
vt 0.937115 0.914104
vt 0.931099 0.916314
vt 0.931878 0.929885
vt 0.929418 0.922310
vt 0.931099 0.916314
vt 0.937161 0.943708
vt 0.931654 0.933421
vt 0.937361 0.953516
vt 0.927925 0.946858
vt 0.931143 0.953600
vt 0.947575 0.997916
vt 0.945147 0.982465
vt 0.951239 0.995271
vt 0.949341 0.982485
vt 0.972257 0.995256
vt 0.948937 0.971103
vt 0.944648 0.971152
vt 0.974149 0.982460
vt 0.978340 0.982457
vt 0.975925 0.997897
vt 0.978850 0.973912
vt 0.978833 0.973201
vt 0.944455 0.959936
vt 0.944272 0.945082
vt 0.944648 0.971152
vt 0.937069 0.807993
vt 0.937049 0.814077
vt 0.931533 0.814063
vt 0.931551 0.807979
vt 0.947331 0.814135
vt 0.941816 0.814099
vt 0.941834 0.808015
vt 0.947349 0.808051
vt 0.941816 0.814099
vt 0.937049 0.814077
vt 0.937069 0.807993
vt 0.941834 0.808015
vt 0.941834 0.808015
vt 0.937069 0.807993
vt 0.937088 0.801184
vt 0.941853 0.801206
vt 0.941793 0.820908
vt 0.937028 0.820886
vt 0.937049 0.814077
vt 0.941816 0.814099
vt 0.943671 0.886919
vt 0.942155 0.889888
vt 0.942151 0.883954
vt 0.939119 0.889892
vt 0.939115 0.883958
vt 0.937598 0.886925
vt 0.943828 0.877257
vt 0.942312 0.880226
vt 0.942308 0.874292
vt 0.939271 0.874295
vt 0.939275 0.880229
vt 0.937755 0.877264
vt 0.943671 0.886919
vt 0.942155 0.889888
vt 0.942151 0.883954
vt 0.939119 0.889892
vt 0.939115 0.883958
vt 0.937598 0.886925
vt 0.943828 0.877257
vt 0.942312 0.880226
vt 0.942308 0.874292
vt 0.939271 0.874295
vt 0.939275 0.880229
vt 0.937755 0.877264
vt 0.943671 0.886919
vt 0.942155 0.889888
vt 0.942151 0.883954
vt 0.939119 0.889892
vt 0.939115 0.883958
vt 0.937598 0.886925
vt 0.943828 0.877257
vt 0.942312 0.880226
vt 0.942308 0.874292
vt 0.939271 0.874295
vt 0.939275 0.880229
vt 0.937755 0.877264
vt 0.005601 0.045162
vt 0.005601 0.041653
vt 0.024433 0.045162
vt 0.024433 0.041653
vt 0.043265 0.045162
vt 0.005601 0.038146
vt 0.043265 0.041653
vt 0.080236 0.045162
vt 0.024433 0.038146
vt 0.005601 0.034412
vt 0.080236 0.041653
vt 0.118835 0.045162
vt 0.043265 0.038146
vt 0.024433 0.034412
vt 0.005601 0.030922
vt 0.118835 0.041653
vt 0.155333 0.045162
vt 0.080236 0.038146
vt 0.043265 0.034412
vt 0.024433 0.030922
vt 0.005601 0.027419
vt 0.155333 0.041653
vt 0.193920 0.045162
vt 0.118835 0.038146
vt 0.080236 0.034412
vt 0.043265 0.030921
vt 0.024433 0.027419
vt 0.005601 0.023671
vt 0.024433 0.023671
vt 0.043265 0.027419
vt 0.043265 0.023671
vt 0.193920 0.041653
vt 0.231584 0.045162
vt 0.155333 0.038146
vt 0.080236 0.030921
vt 0.080236 0.027419
vt 0.080236 0.023671
vt 0.118835 0.034412
vt 0.231584 0.041653
vt 0.269248 0.045162
vt 0.118835 0.027419
vt 0.118835 0.023671
vt 0.118835 0.030921
vt 0.155333 0.034412
vt 0.193920 0.038146
vt 0.269248 0.041653
vt 0.306912 0.045162
vt 0.155333 0.027419
vt 0.155333 0.023671
vt 0.155333 0.030921
vt 0.231584 0.038146
vt 0.193920 0.034412
vt 0.306912 0.041653
vt 0.345581 0.045162
vt 0.193920 0.027419
vt 0.193920 0.023671
vt 0.193920 0.030921
vt 0.231584 0.034412
vt 0.269248 0.038146
vt 0.345581 0.041653
vt 0.382738 0.045162
vt 0.231584 0.027419
vt 0.231584 0.023671
vt 0.231584 0.030921
vt 0.306912 0.038146
vt 0.269248 0.034412
vt 0.269248 0.027419
vt 0.269248 0.023671
vt 0.269248 0.030921
vt 0.306912 0.034412
vt 0.345581 0.038146
vt 0.306912 0.027419
vt 0.306912 0.023671
vt 0.306912 0.030921
vt 0.345581 0.027419
vt 0.345581 0.023671
vt 0.345581 0.034412
vt 0.345581 0.030921
vt 0.382738 0.041653
vt 0.382738 0.027419
vt 0.382738 0.023671
vt 0.422722 0.023671
vt 0.382738 0.038146
vt 0.382738 0.030921
vt 0.382738 0.034412
vt 0.422722 0.041653
vt 0.422722 0.045162
vt 0.458768 0.045162
vt 0.422722 0.027419
vt 0.422722 0.038146
vt 0.458767 0.041653
vt 0.496716 0.045162
vt 0.422722 0.030921
vt 0.422722 0.034412
vt 0.458767 0.027419
vt 0.458768 0.023671
vt 0.458767 0.038146
vt 0.496716 0.041653
vt 0.533975 0.045162
vt 0.458767 0.030921
vt 0.458767 0.034412
vt 0.496716 0.027419
vt 0.496716 0.023671
vt 0.496716 0.038146
vt 0.533975 0.041653
vt 0.571594 0.045162
vt 0.496716 0.030920
vt 0.496716 0.034412
vt 0.533975 0.027419
vt 0.533975 0.023671
vt 0.571594 0.041653
vt 0.610627 0.045163
vt 0.533975 0.038146
vt 0.533975 0.030920
vt 0.533975 0.034412
vt 0.571594 0.027419
vt 0.571594 0.023671
vt 0.610834 0.041653
vt 0.648221 0.045162
vt 0.571594 0.038146
vt 0.571594 0.030920
vt 0.571594 0.034412
vt 0.610627 0.027419
vt 0.610627 0.023671
vt 0.648428 0.041653
vt 0.685816 0.045162
vt 0.610834 0.038146
vt 0.610627 0.030920
vt 0.610627 0.034412
vt 0.648221 0.027419
vt 0.648221 0.023671
vt 0.685816 0.041653
vt 0.723055 0.045162
vt 0.648428 0.038146
vt 0.648221 0.030920
vt 0.648221 0.034412
vt 0.685816 0.027419
vt 0.685816 0.023671
vt 0.723055 0.041653
vt 0.741850 0.045162
vt 0.685816 0.038146
vt 0.685816 0.030920
vt 0.685816 0.034412
vt 0.723055 0.027419
vt 0.723055 0.023671
vt 0.741850 0.041653
vt 0.760645 0.045162
vt 0.760645 0.041653
vt 0.723055 0.038146
vt 0.741850 0.038146
vt 0.760645 0.038146
vt 0.723055 0.034412
vt 0.723055 0.030920
vt 0.741850 0.034412
vt 0.760645 0.034412
vt 0.741850 0.030920
vt 0.760645 0.030920
vt 0.741850 0.027419
vt 0.760645 0.027419
vt 0.741850 0.023671
vt 0.760645 0.023671
vt 0.005601 0.045162
vt 0.005601 0.041653
vt 0.024433 0.045162
vt 0.024433 0.041653
vt 0.043265 0.045162
vt 0.005601 0.038146
vt 0.043265 0.041653
vt 0.080236 0.045162
vt 0.024433 0.038146
vt 0.005601 0.034412
vt 0.080236 0.041653
vt 0.118835 0.045162
vt 0.043265 0.038146
vt 0.024433 0.034412
vt 0.005601 0.030922
vt 0.118835 0.041653
vt 0.155333 0.045162
vt 0.080236 0.038146
vt 0.043265 0.034412
vt 0.024433 0.030922
vt 0.005601 0.027419
vt 0.155333 0.041653
vt 0.193920 0.045162
vt 0.118835 0.038146
vt 0.080236 0.034412
vt 0.043265 0.030921
vt 0.024433 0.027419
vt 0.005601 0.023671
vt 0.024433 0.023671
vt 0.043265 0.027419
vt 0.043265 0.023671
vt 0.193920 0.041653
vt 0.231584 0.045162
vt 0.155333 0.038146
vt 0.080236 0.030921
vt 0.080236 0.027419
vt 0.080236 0.023671
vt 0.118835 0.034412
vt 0.231584 0.041653
vt 0.269248 0.045162
vt 0.118835 0.027419
vt 0.118835 0.023671
vt 0.118835 0.030921
vt 0.155333 0.034412
vt 0.193920 0.038146
vt 0.269248 0.041653
vt 0.306912 0.045162
vt 0.155333 0.027419
vt 0.155333 0.023671
vt 0.155333 0.030921
vt 0.231584 0.038146
vt 0.193920 0.034412
vt 0.306912 0.041653
vt 0.345581 0.045162
vt 0.193920 0.027419
vt 0.193920 0.023671
vt 0.193920 0.030921
vt 0.231584 0.034412
vt 0.269248 0.038146
vt 0.345581 0.041653
vt 0.382738 0.045162
vt 0.231584 0.027419
vt 0.231584 0.023671
vt 0.231584 0.030921
vt 0.306912 0.038146
vt 0.269248 0.034412
vt 0.269248 0.027419
vt 0.269248 0.023671
vt 0.269248 0.030921
vt 0.306912 0.034412
vt 0.345581 0.038146
vt 0.306912 0.027419
vt 0.306912 0.023671
vt 0.306912 0.030921
vt 0.345581 0.027419
vt 0.345581 0.023671
vt 0.345581 0.034412
vt 0.345581 0.030921
vt 0.382738 0.041653
vt 0.382738 0.027419
vt 0.382738 0.023671
vt 0.422722 0.023671
vt 0.382738 0.038146
vt 0.382738 0.030921
vt 0.382738 0.034412
vt 0.422722 0.041653
vt 0.422722 0.045162
vt 0.458768 0.045162
vt 0.422722 0.027419
vt 0.422722 0.038146
vt 0.458767 0.041653
vt 0.496716 0.045162
vt 0.422722 0.030921
vt 0.422722 0.034412
vt 0.458767 0.027419
vt 0.458768 0.023671
vt 0.458767 0.038146
vt 0.496716 0.041653
vt 0.533975 0.045162
vt 0.458767 0.030921
vt 0.458767 0.034412
vt 0.496716 0.027419
vt 0.496716 0.023671
vt 0.496716 0.038146
vt 0.533975 0.041653
vt 0.571594 0.045162
vt 0.496716 0.030920
vt 0.496716 0.034412
vt 0.533975 0.027419
vt 0.533975 0.023671
vt 0.571594 0.041653
vt 0.610627 0.045163
vt 0.533975 0.038146
vt 0.533975 0.030920
vt 0.533975 0.034412
vt 0.571594 0.027419
vt 0.571594 0.023671
vt 0.610627 0.041653
vt 0.648221 0.045162
vt 0.571594 0.038146
vt 0.571594 0.030920
vt 0.571594 0.034412
vt 0.610627 0.027419
vt 0.610627 0.023671
vt 0.648221 0.041653
vt 0.685816 0.045162
vt 0.610627 0.038146
vt 0.610627 0.030920
vt 0.610627 0.034412
vt 0.648221 0.027419
vt 0.648221 0.023671
vt 0.685816 0.041653
vt 0.723055 0.045162
vt 0.648221 0.038146
vt 0.648221 0.030920
vt 0.648221 0.034412
vt 0.685816 0.027419
vt 0.685816 0.023671
vt 0.723055 0.041653
vt 0.741850 0.045162
vt 0.685816 0.038146
vt 0.685816 0.030920
vt 0.685816 0.034412
vt 0.723055 0.027419
vt 0.723055 0.023671
vt 0.741850 0.041653
vt 0.760645 0.045162
vt 0.760645 0.041653
vt 0.723055 0.038146
vt 0.741850 0.038146
vt 0.760645 0.038146
vt 0.723055 0.034412
vt 0.723055 0.030920
vt 0.741850 0.034412
vt 0.760645 0.034412
vt 0.741850 0.030920
vt 0.760645 0.030920
vt 0.741850 0.027419
vt 0.760645 0.027419
vt 0.741850 0.023671
vt 0.760645 0.023671
vt 0.005601 0.045162
vt 0.005601 0.041653
vt 0.024433 0.045162
vt 0.024433 0.041653
vt 0.043265 0.045162
vt 0.005601 0.038146
vt 0.043265 0.041653
vt 0.080236 0.045162
vt 0.024433 0.038146
vt 0.005601 0.034412
vt 0.080236 0.041653
vt 0.118835 0.045162
vt 0.043265 0.038146
vt 0.024433 0.034412
vt 0.005601 0.030922
vt 0.118835 0.041653
vt 0.155333 0.045162
vt 0.080236 0.038146
vt 0.043265 0.034412
vt 0.024433 0.030922
vt 0.005601 0.027419
vt 0.155333 0.041653
vt 0.193920 0.045162
vt 0.118835 0.038146
vt 0.080236 0.034412
vt 0.043265 0.030921
vt 0.024433 0.027419
vt 0.005601 0.023671
vt 0.024433 0.023671
vt 0.043265 0.027419
vt 0.043265 0.023671
vt 0.193920 0.041653
vt 0.231584 0.045162
vt 0.155333 0.038146
vt 0.080236 0.030921
vt 0.080236 0.027419
vt 0.080236 0.023671
vt 0.118835 0.034412
vt 0.231584 0.041653
vt 0.269248 0.045162
vt 0.118835 0.027419
vt 0.118835 0.023671
vt 0.118835 0.030921
vt 0.155333 0.034412
vt 0.193920 0.038146
vt 0.269248 0.041653
vt 0.306912 0.045162
vt 0.155333 0.027419
vt 0.155333 0.023671
vt 0.155333 0.030921
vt 0.231584 0.038146
vt 0.193920 0.034412
vt 0.306912 0.041653
vt 0.345581 0.045162
vt 0.193920 0.027419
vt 0.193920 0.023671
vt 0.193920 0.030921
vt 0.231584 0.034412
vt 0.269248 0.038146
vt 0.345581 0.041653
vt 0.382738 0.045162
vt 0.231584 0.027419
vt 0.231584 0.023671
vt 0.231584 0.030921
vt 0.306912 0.038146
vt 0.269248 0.034412
vt 0.269248 0.027419
vt 0.269248 0.023671
vt 0.269248 0.030921
vt 0.306912 0.034412
vt 0.345581 0.038146
vt 0.306912 0.027419
vt 0.306912 0.023671
vt 0.306912 0.030921
vt 0.345581 0.027419
vt 0.345581 0.023671
vt 0.345581 0.034412
vt 0.345581 0.030921
vt 0.382738 0.041653
vt 0.382738 0.027419
vt 0.382738 0.023671
vt 0.422602 0.023671
vt 0.382738 0.038146
vt 0.382738 0.030921
vt 0.382738 0.034412
vt 0.422602 0.041653
vt 0.422602 0.045162
vt 0.458787 0.045162
vt 0.422602 0.027419
vt 0.422602 0.038146
vt 0.458787 0.041653
vt 0.496726 0.045162
vt 0.422602 0.030921
vt 0.422602 0.034412
vt 0.458787 0.027419
vt 0.458787 0.023671
vt 0.458787 0.038146
vt 0.496726 0.041653
vt 0.533975 0.045162
vt 0.458787 0.030921
vt 0.458787 0.034412
vt 0.496726 0.027419
vt 0.496726 0.023671
vt 0.496726 0.038146
vt 0.533975 0.041653
vt 0.571594 0.045163
vt 0.496726 0.030920
vt 0.496726 0.034412
vt 0.533975 0.027419
vt 0.533975 0.023671
vt 0.571594 0.041653
vt 0.610627 0.045163
vt 0.533975 0.038146
vt 0.533975 0.030920
vt 0.533975 0.034412
vt 0.571594 0.027419
vt 0.571594 0.023671
vt 0.610627 0.041653
vt 0.648221 0.045163
vt 0.571594 0.038146
vt 0.571594 0.030920
vt 0.571594 0.034412
vt 0.610627 0.027419
vt 0.610627 0.023671
vt 0.648221 0.041653
vt 0.685816 0.045163
vt 0.610627 0.038146
vt 0.610627 0.030920
vt 0.610627 0.034412
vt 0.648221 0.027419
vt 0.648221 0.023671
vt 0.685816 0.041653
vt 0.723055 0.045162
vt 0.648221 0.038146
vt 0.648221 0.030920
vt 0.648221 0.034412
vt 0.685816 0.027419
vt 0.685816 0.023671
vt 0.723055 0.041653
vt 0.741850 0.045162
vt 0.685816 0.038146
vt 0.685816 0.030920
vt 0.685816 0.034412
vt 0.723055 0.027419
vt 0.723055 0.023671
vt 0.741850 0.041653
vt 0.760645 0.045162
vt 0.760645 0.041653
vt 0.723055 0.038146
vt 0.741850 0.038146
vt 0.760645 0.038146
vt 0.723055 0.034412
vt 0.723055 0.030920
vt 0.741850 0.034412
vt 0.760645 0.034412
vt 0.741850 0.030920
vt 0.760645 0.030920
vt 0.741850 0.027419
vt 0.760645 0.027419
vt 0.741850 0.023671
vt 0.760645 0.023671
vt 0.925736 0.989749
vt 0.920627 0.989749
vt 0.925736 0.583090
vt 0.920627 0.583090
vt 0.915519 0.989749
vt 0.915519 0.583090
vt 0.910412 0.989749
vt 0.910412 0.583090
vt 0.905293 0.989749
vt 0.905293 0.583090
vt 0.900185 0.989749
vt 0.900185 0.583090
vt 0.895078 0.989749
vt 0.895078 0.583090
vt 0.889957 0.989749
vt 0.889957 0.583090
vt 0.884847 0.989749
vt 0.884847 0.583090
vt 0.879735 0.989749
vt 0.879735 0.583090
vt 0.874626 0.989749
vt 0.874626 0.583090
vt 0.869518 0.989749
vt 0.869518 0.583090
vt 0.864409 0.989749
vt 0.864409 0.583090
vt 0.857726 0.745569
vt 0.852793 0.756118
vt 0.852792 0.743939
vt 0.847859 0.745570
vt 0.861340 0.750027
vt 0.844233 0.750028
vt 0.862661 0.756116
vt 0.842911 0.756118
vt 0.861341 0.762206
vt 0.844233 0.762208
vt 0.857727 0.766666
vt 0.847859 0.766666
vt 0.852793 0.768315
vn -0.6117 -0.4990 0.6138
vn -0.5787 -0.4981 0.6458
vn -0.5496 0.4976 0.6711
vn 0.0334 0.9989 0.0334
vn 0.6712 0.4976 -0.5495
vn 0.5784 0.5000 -0.6446
vn -0.0330 0.9989 -0.0330
vn 0.0335 0.9989 0.0334
vn -0.5495 0.4976 0.6711
vn 0.0064 -1.0000 0.0063
vn 0.0063 -1.0000 0.0063
vn 0.6136 -0.4997 -0.6114
vn 0.6459 -0.4981 -0.5786
vn 0.6711 0.4976 -0.5495
vn 0.0064 -1.0000 0.0065
vn 0.3604 -0.8649 -0.3494
vn 0.6135 -0.4997 -0.6115
vn 0.6136 -0.4998 -0.6113
vn 0.6745 -0.0000 -0.7383
vn 0.3585 0.8664 -0.3475
vn -0.0329 0.9989 -0.0328
vn -0.0330 0.9989 -0.0331
vn -0.3846 0.8656 0.3205
vn -0.6114 0.4998 0.6135
vn -0.5496 0.4975 0.6711
vn -0.6115 0.4998 0.6134
vn -0.7593 -0.0000 0.6508
vn -0.6118 -0.4989 0.6139
vn -0.6117 -0.4990 0.6139
vn -0.3493 -0.8650 0.3603
vn 0.0063 -1.0000 0.0062
vn 0.6458 -0.4981 -0.5786
vn 0.7071 -0.0008 0.7071
vn -0.5786 -0.4981 0.6459
vn -0.6115 0.4999 0.6134
vn -0.2901 -0.1205 0.9494
vn -0.3148 0.3228 0.8926
vn -0.6169 0.1168 0.7784
vn -0.6099 -0.5000 0.6148
vn -0.5776 -0.4971 0.6475
vn -0.5776 -0.4971 0.6476
vn -0.5507 0.4986 0.6695
vn -0.6133 0.4988 0.6124
vn -0.0359 0.9987 -0.0357
vn -0.3870 0.8655 0.3180
vn -0.6134 0.4987 0.6124
vn 0.5773 0.4988 -0.6465
vn 0.3559 0.8664 -0.3501
vn -0.0358 0.9987 -0.0359
vn 0.6145 -0.5009 -0.6095
vn 0.0092 -0.9999 0.0092
vn 0.3628 -0.8649 -0.3468
vn 0.6146 -0.5008 -0.6095
vn 0.0306 0.9991 0.0306
vn 0.6695 0.4986 -0.5506
vn 0.5774 0.4988 -0.6464
vn 0.5774 0.4988 -0.6463
vn -0.0358 0.9987 -0.0358
vn -0.5507 0.4986 0.6694
vn 0.6476 -0.4971 -0.5775
vn 0.0091 -0.9999 0.0092
vn -0.6099 -0.5000 0.6149
vn -0.3469 -0.8649 0.3628
vn 0.5774 0.4989 -0.6464
vn 0.6476 -0.4970 -0.5775
vn -0.5776 -0.4970 0.6475
vn -0.5506 0.4986 0.6695
vn -0.2897 -0.1177 0.9498
vn -0.3149 0.3248 0.8918
vn -0.6171 0.1185 0.7779
vn 0.6137 -0.4997 -0.6113
vn 0.3603 -0.8650 -0.3494
vn 0.6135 -0.4997 -0.6114
vn 0.6746 -0.0000 -0.7382
vn 0.5783 0.5000 -0.6446
vn 0.3584 0.8664 -0.3476
vn -0.0331 0.9989 -0.0330
vn -0.3847 0.8656 0.3205
vn -0.6116 0.4998 0.6134
vn -0.3494 -0.8649 0.3603
vn -0.5786 -0.4981 0.6458
vn 0.0334 0.9989 0.0333
vn -0.2898 -0.1166 0.9500
vn -0.3151 0.3255 0.8915
vn -0.6173 0.1188 0.7777
vn -0.1828 -0.9660 0.1828
vn -0.6828 -0.2599 0.6828
vn -0.1828 -0.9660 0.1829
vn -0.6828 -0.2597 0.6828
vn -0.4981 0.7097 0.4981
vn -0.4990 0.7086 0.4989
vn 0.1831 0.9659 -0.1832
vn 0.1831 0.9658 -0.1837
vn 0.6827 0.2596 -0.6830
vn 0.6829 0.2584 -0.6833
vn 0.5004 -0.7062 -0.5008
vn 0.5002 -0.7069 -0.5002
vn -0.1846 -0.9653 0.1845
vn -0.6833 -0.2573 0.6833
vn -0.1830 -0.9659 0.1830
vn -0.6836 -0.2556 0.6836
vn -0.4983 0.7095 0.4983
vn -0.4983 0.7094 0.4983
vn 0.1849 0.9652 -0.1849
vn 0.1830 0.9659 -0.1830
vn 0.6830 0.2589 -0.6830
vn 0.6834 0.2569 -0.6834
vn 0.5003 -0.7067 -0.5003
vn -0.1845 -0.9654 0.1845
vn -0.1830 -0.9659 0.1831
vn -0.0330 0.9989 -0.0329
vn -0.7067 0.0003 -0.7075
vn -0.3847 0.8656 0.3206
vn -0.7593 -0.0000 0.6507
vn -0.7068 -0.0005 -0.7074
vn 0.5781 0.5000 -0.6448
vn -0.7071 -0.0018 -0.7071
vn -0.7071 -0.0025 -0.7071
vn -0.6120 -0.4990 0.6136
vn 0.8487 0.0298 -0.5281
vn 0.7853 0.2623 0.5608
vn 0.7276 0.5050 -0.4642
vn 0.6950 0.4588 0.5535
vn 0.5608 0.2623 0.7853
vn 0.7217 -0.3474 0.5987
vn 0.9499 -0.1068 -0.2939
vn 0.2664 -0.9511 0.1566
vn 0.5536 0.4588 0.6950
vn 0.5987 -0.3474 0.7217
vn -0.4653 0.5080 0.7249
vn -0.5305 0.0354 0.8469
vn -0.2923 -0.1063 0.9504
vn -0.4870 -0.5209 0.7011
vn 0.1565 -0.9511 0.2663
vn -0.3562 -0.9025 -0.2421
vn -0.7877 -0.3194 0.5267
vn -0.2421 -0.9025 -0.3562
vn 0.7015 -0.5170 -0.4905
vn 0.9499 -0.1068 -0.2938
vn 0.5321 -0.3134 -0.7866
vn -0.7201 -0.3543 -0.5966
vn -0.8820 -0.1173 0.4564
vn -0.5965 -0.3543 -0.7201
vn -0.7432 0.2563 -0.6180
vn -0.5985 0.0109 0.8010
vn -0.9019 0.0463 0.4294
vn -0.6916 0.3125 0.6512
vn -0.2922 -0.1064 0.9504
vn -0.5306 0.0354 0.8469
vn -0.5293 -0.2287 0.8170
vn -0.5306 0.0353 0.8469
vn -0.2897 -0.1171 0.9499
vn -0.6172 0.1187 0.7778
vn -0.6810 0.5318 0.5034
vn -0.8557 0.3956 0.3336
vn -0.8557 0.3957 0.3336
vn -0.4979 0.7723 -0.3945
vn -0.6809 0.5319 0.5034
vn -0.6178 0.2569 -0.7432
vn 0.4599 -0.1162 -0.8803
vn -0.3873 0.7737 -0.5014
vn 0.1695 0.9563 0.2384
vn -0.6810 0.5318 0.5035
vn -0.6173 0.1187 0.7778
vn 0.4314 0.0444 -0.9011
vn 0.8029 0.0057 -0.5961
vn 0.6542 0.3099 -0.6899
vn 0.8488 0.0298 -0.5279
vn 0.8157 -0.2197 -0.5352
vn 0.8488 0.0299 -0.5279
vn 0.3699 0.3983 -0.8393
vn 0.9475 -0.0830 -0.3088
vn 0.7312 0.4575 -0.5060
vn 0.9475 -0.0830 -0.3087
vn 0.7451 0.2987 0.5963
vn 0.2574 0.9545 0.1505
vn 0.6028 0.2964 0.7408
vn -0.3150 0.3249 0.8917
vn -0.6173 0.1180 0.7778
vn -0.3872 0.7737 -0.5014
vn 0.3700 0.3983 -0.8393
vn 0.4314 0.0444 -0.9010
vn 0.0000 -1.0000 0.0000
vn 0.0000 1.0000 0.0000
vn -0.7071 0.0000 -0.7071
vn -0.7058 0.0000 0.7084
vn 0.7058 0.0000 -0.7084
vn -0.1785 -0.9658 0.1879
vn -0.6820 -0.2577 0.6845
vn -0.1778 -0.9661 0.1871
vn -0.6812 -0.2617 0.6837
vn -0.5010 0.7105 0.4941
vn -0.5031 0.7075 0.4962
vn 0.1781 0.9660 -0.1875
vn 0.1787 0.9658 -0.1882
vn 0.6811 0.2616 -0.6839
vn 0.6821 0.2563 -0.6849
vn 0.5046 -0.7052 -0.4982
vn 0.5028 -0.7080 -0.4960
vn -0.1786 -0.9658 0.1879
vn -0.1818 -0.9653 0.1877
vn -0.6828 -0.2557 0.6844
vn -0.1798 -0.9660 0.1857
vn -0.6826 -0.2569 0.6842
vn -0.5000 0.7102 0.4957
vn -0.5010 0.7088 0.4967
vn 0.1814 0.9654 -0.1873
vn 0.1804 0.9658 -0.1863
vn 0.6819 0.2604 -0.6835
vn 0.6828 0.2558 -0.6844
vn 0.5028 -0.7062 -0.4985
vn 0.5020 -0.7073 -0.4977
vn -0.0360 0.9987 -0.0359
vn -0.7067 0.0005 -0.7075
vn -0.3871 0.8654 0.3182
vn -0.6132 0.4987 0.6126
vn -0.7069 -0.0012 -0.7073
vn 0.6147 -0.5009 -0.6094
vn -0.7071 -0.0019 -0.7071
vn -0.7071 -0.0023 -0.7071
vn -0.6097 -0.5000 0.6150
vn 0.8488 0.0298 -0.5280
vn -0.4870 -0.5208 0.7011
vn -0.7432 0.2564 -0.6180
vn -0.2922 -0.1063 0.9504
vn -0.5305 0.0353 0.8469
vn -0.6809 0.5318 0.5035
vn 0.6542 0.3100 -0.6899
vn 0.2574 0.9545 0.1506
vn 0.3699 0.3984 -0.8393
vn -0.4984 0.7094 0.4984
vn 0.1828 0.9660 -0.1829
vn 0.6827 0.2595 -0.6830
vn 0.6829 0.2583 -0.6833
vn 0.5005 -0.7061 -0.5009
vn 0.5001 -0.7069 -0.5002
vn -0.6836 -0.2555 0.6836
vn 0.1845 0.9654 -0.1845
vn 0.1831 0.9659 -0.1831
vn 0.6830 0.2590 -0.6830
vn 0.6834 0.2571 -0.6833
vn 0.5001 -0.7069 -0.5001
vn -0.1831 -0.9659 0.1830
vn -0.0329 0.9989 -0.0330
vn -0.6116 0.4998 0.6133
vn -0.7069 -0.0005 -0.7073
vn 0.5785 0.5000 -0.6445
vn 0.6135 -0.4998 -0.6114
vn -0.6118 -0.4990 0.6138
vn 0.8487 0.0298 -0.5280
vn 0.5607 0.2623 0.7853
vn -0.7433 0.2563 -0.6179
vn -0.6809 0.5318 0.5034
vn 0.9475 -0.0829 -0.3087
vn -0.2898 -0.1171 0.9499
vn -0.3150 0.3246 0.8919
vn -0.6175 0.1172 0.7778
vn 0.1106 -0.3400 0.9339
vn 0.1091 -0.9848 0.1353
vn 0.1097 0.6673 0.7367
vn 0.1093 -0.6674 -0.7366
vn 0.1098 0.9847 -0.1354
vn 0.1109 0.3399 -0.9339
vn -0.1116 0.3401 -0.9338
vn -0.1107 -0.6672 -0.7366
vn -0.1100 0.9847 -0.1352
vn -0.1102 0.6674 0.7365
vn -0.1108 -0.9846 0.1354
vn -0.1119 -0.3397 0.9339
vn 0.1093 -0.9848 0.1353
vn 0.1095 0.6673 0.7367
vn 0.1094 -0.6674 -0.7366
vn 0.1096 0.9847 -0.1353
vn 0.1107 0.3400 -0.9339
vn -0.1115 0.3399 -0.9338
vn -0.1106 -0.6672 -0.7366
vn -0.1100 0.9847 -0.1353
vn -0.1107 -0.9846 0.1353
vn -0.1118 -0.3397 0.9339
vn 0.1109 -0.3397 0.9340
vn 0.1101 -0.9847 0.1354
vn 0.1090 0.6675 0.7366
vn 0.1098 -0.6672 -0.7367
vn 0.1088 0.9848 -0.1353
vn 0.1105 0.3401 -0.9339
vn -0.1114 0.3401 -0.9338
vn -0.1108 -0.6671 -0.7367
vn -0.1097 0.9847 -0.1353
vn -0.1099 0.6675 0.7365
vn -0.1110 -0.9846 0.1353
vn -0.1101 0.6674 0.7365
vn -0.1118 -0.3398 0.9338
vn 0.0003 0.6714 0.7411
vn -0.0002 -0.3420 0.9397
vn 0.0004 0.6714 0.7411
vn -0.1108 -0.9846 0.1353
vn 0.0005 0.6714 0.7411
vn -0.0005 -0.9907 0.1362
vn -0.0006 -0.9907 0.1361
vn -0.0004 -0.6714 -0.7411
vn -0.1115 0.3400 -0.9338
vn 0.0002 0.3421 -0.9397
vn 0.0002 0.3420 -0.9397
vn 0.0005 0.9907 -0.1361
vn 0.0006 0.9907 -0.1361
vn 0.0006 0.9907 -0.1362
vn -0.0006 -0.9907 0.1362
vn 0.0007 0.9907 -0.1361
vn -0.0002 -0.3421 0.9397
vn -0.0007 -0.9907 0.1361
vn -0.0005 -0.9907 0.1361
vn 0.1092 -0.9848 0.1353
vn -0.0005 -0.6714 -0.7411
vn -0.0003 -0.6714 -0.7411
vn 0.1093 -0.6675 -0.7366
vn 0.1108 0.3398 -0.9339
vn 0.1098 0.9847 -0.1353
vn 0.1097 0.6673 0.7366
vn -0.1117 -0.3398 0.9339
vn 0.0003 0.6715 0.7410
vn 0.0004 0.6715 0.7410
vn -0.1106 -0.6673 -0.7365
vn 0.0003 0.6713 0.7412
vn 0.0002 0.6714 0.7411
vn -0.0001 -0.3420 0.9397
vn 0.0004 0.9907 -0.1362
vn -0.0004 -0.9907 0.1361
vn 0.0001 0.3420 -0.9397
vn -0.0002 -0.6714 -0.7411
vn 0.0001 0.6714 0.7411
vn 0.0003 0.9907 -0.1361
vn -0.0003 -0.9907 0.1361
vn -0.0000 -0.3420 0.9397
vn 0.0002 0.9907 -0.1362
vn -0.0002 -0.9907 0.1361
vn 0.0000 0.3420 -0.9397
vn -0.0001 -0.6714 -0.7411
vn 0.0002 0.9907 -0.1361
vn -0.0000 -0.3421 0.9397
vn 0.1095 0.6674 0.7366
vn 0.1107 -0.3400 0.9339
vn -0.0001 -0.9907 0.1361
vn 0.1094 -0.9847 0.1353
vn 0.1107 0.3399 -0.9339
vn 0.0001 0.9907 -0.1361
vn 0.1095 0.9847 -0.1353
vn -0.1100 0.6674 0.7365
vn -0.1119 -0.3396 0.9339
vn 0.0006 0.6715 0.7410
vn -0.0003 -0.3419 0.9397
vn 0.0008 0.6715 0.7410
vn -0.0004 -0.3420 0.9397
vn 0.0009 0.6714 0.7411
vn -0.0009 -0.9907 0.1362
vn -0.1108 -0.6672 -0.7366
vn -0.0004 -0.3421 0.9397
vn 0.0008 0.6714 0.7411
vn -0.0012 -0.9907 0.1361
vn -0.0006 -0.6714 -0.7411
vn -0.0003 -0.3420 0.9397
vn 0.0007 0.6714 0.7411
vn -0.0008 -0.6714 -0.7411
vn 0.0003 0.3421 -0.9397
vn -0.1098 0.9847 -0.1353
vn 0.0006 0.6714 0.7411
vn -0.0011 -0.9907 0.1361
vn -0.0009 -0.6714 -0.7411
vn 0.0004 0.3421 -0.9397
vn 0.0009 0.9907 -0.1361
vn -0.1100 0.6675 0.7365
vn 0.0012 0.9907 -0.1361
vn -0.0010 -0.9907 0.1362
vn 0.0004 0.3420 -0.9397
vn 0.0011 0.9907 -0.1361
vn 0.0003 0.3420 -0.9397
vn -0.0007 -0.6714 -0.7411
vn -0.0010 -0.9907 0.1361
vn 0.0010 0.9907 -0.1361
vn -0.0003 -0.3421 0.9397
vn 0.0010 0.9907 -0.1362
vn 0.0000 0.6714 0.7411
vn -0.0009 -0.9907 0.1361
vn -0.0004 -0.6715 -0.7410
vn 0.0002 0.3419 -0.9397
vn 0.0000 0.9907 -0.1361
vn -0.0004 0.6714 0.7411
vn 0.0000 -0.9907 0.1361
vn 0.0000 0.3419 -0.9397
vn -0.0000 -0.6715 -0.7410
vn 0.0002 -0.3421 0.9397
vn -0.0004 0.6713 0.7411
vn -0.0006 0.6714 0.7411
vn -0.0005 0.9907 -0.1361
vn 0.0005 -0.9907 0.1361
vn 0.0003 -0.3420 0.9397
vn -0.0007 0.6714 0.7411
vn -0.0002 0.3419 -0.9397
vn 0.0003 -0.6715 -0.7410
vn -0.0009 0.9907 -0.1361
vn 0.0009 -0.9907 0.1361
vn 0.0004 -0.3421 0.9397
vn -0.0003 0.3420 -0.9397
vn 0.0006 -0.6714 -0.7411
vn -0.0010 0.9907 -0.1361
vn 0.0010 -0.9907 0.1361
vn 0.0004 -0.3420 0.9397
vn -0.0004 0.3420 -0.9397
vn 0.0007 -0.6714 -0.7411
vn 0.0010 -0.9907 0.1362
vn -0.0008 0.6715 0.7410
vn -0.0011 0.9907 -0.1361
vn -0.0008 0.6714 0.7411
vn 0.0011 -0.9907 0.1361
vn 0.0008 -0.6714 -0.7411
vn -0.0012 0.9907 -0.1361
vn 0.0012 -0.9907 0.1361
vn -0.0012 0.9907 -0.1362
vn 0.0012 -0.9907 0.1362
vn 0.0009 -0.9907 0.1362
vn 0.1101 -0.9847 0.1353
vn 0.0006 -0.6713 -0.7412
vn 0.1099 -0.6672 -0.7367
vn -0.0003 0.3421 -0.9396
vn 0.1105 0.3402 -0.9338
vn -0.5000 -0.0000 0.8660
vn -0.8661 -0.0000 0.4999
vn -1.0000 -0.0000 0.0000
vn -0.8665 -0.0000 -0.4991
vn -0.5008 0.0000 -0.8656
vn -0.0000 0.0000 -1.0000
vn 0.5008 0.0000 -0.8656
vn 0.8659 0.0000 -0.5003
vn 1.0000 0.0000 0.0000
vn 0.8654 0.0000 0.5011
vn 0.4999 0.0000 0.8661
vn 0.0000 -0.0000 1.0000
vn -0.4999 0.0000 0.8661
usemtl Ring.001
s 1
f 3012/3012/1259 3013/3013/1260 3014/3014/1261
f 3015/3015/1262 3016/3016/1263 3017/3017/1264
f 3017/3017/1264 3018/3018/1265 3019/3019/1266
f 3020/3020/1267 3021/3021/1262 3018/3018/1265
f 3022/3022/1268 3023/3023/1269 3024/3024/1270
f 3025/3025/1270 3026/3026/1271 3022/3022/1269
f 3027/3027/1272 3026/3026/1271 3025/3025/1270
f 3028/3028/1273 3029/3029/1274 3030/3030/1275
f 3030/3030/1276 3031/3031/1277 3032/3032/1264
f 3032/3032/1264 3033/3033/1278 3034/3034/1279
f 3034/3034/1280 3035/3035/1281 3036/3036/1282
f 3037/3037/1283 3036/3036/1284 3038/3038/1285
f 3039/3039/1261 3038/3038/1285 3040/3040/1286
f 3041/3041/1260 3040/3040/1259 3042/3042/1269
f 3042/3042/1269 3043/3043/1269 3041/3041/1260
f 3044/3044/1287 3045/3045/1288 3046/3046/1289
f 3047/3047/1270 3048/3048/1264 3049/3049/1272
f 3050/3050/1290 3049/3049/1272 3051/3051/1291
f 3049/3049/1272 3052/3052/1283 3051/3051/1291
f 3051/3051/1291 3052/3052/1283 3053/3053/1292
f 3054/3054/1266 3052/3052/1283 3049/3049/1272
f 3055/3055/1265 3056/3056/1293 3057/3057/1261
f 3058/3058/1294 3059/3059/1295 3060/3060/1296
f 3061/3061/1285 3062/3062/1297 3063/3063/1298
f 3064/3064/1299 3065/3065/1300 3061/3061/1285
f 3066/3066/1300 3067/3067/1301 3068/3068/1285
f 3069/3069/1302 3070/3070/1303 3067/3067/1304
f 3071/3071/1305 3072/3072/1306 3069/3069/1307
f 3073/3073/1308 3074/3074/1277 3071/3071/1305
f 3075/3075/1309 3076/3076/1310 3073/3073/1311
f 3077/3077/1312 3078/3078/1313 3079/3079/1314
f 3079/3079/1315 3080/3080/1316 3081/3081/1312
f 3082/3082/1317 3083/3083/1312 3080/3080/1316
f 3084/3084/1309 3085/3085/1309 3086/3086/1311
f 3087/3087/1311 3088/3088/1318 3084/3084/1319
f 3089/3089/1313 3088/3088/1318 3087/3087/1311
f 3090/3090/1320 3091/3091/1321 3092/3092/1309
f 3093/3093/1298 3090/3090/1297 3094/3094/1309
f 3094/3094/1309 3095/3095/1309 3093/3093/1298
f 3096/3096/1311 3097/3097/1322 3098/3098/1313
f 3099/3099/1323 3098/3098/1313 3100/3100/1291
f 3098/3098/1313 3101/3101/1317 3100/3100/1291
f 3100/3100/1291 3101/3101/1317 3102/3102/1324
f 3103/3103/1312 3101/3101/1317 3098/3098/1313
f 3104/3104/1316 3105/3105/1301 3106/3106/1325
f 3107/3107/1326 3108/3108/1327 3109/3109/1328
f 3110/3110/1259 3111/3111/1260 3112/3112/1261
f 3113/3113/1262 3114/3114/1263 3115/3115/1264
f 3115/3115/1264 3116/3116/1265 3117/3117/1262
f 3118/3118/1261 3119/3119/1262 3116/3116/1265
f 3120/3120/1269 3121/3121/1269 3122/3122/1276
f 3123/3123/1329 3124/3124/1271 3120/3120/1269
f 3125/3125/1272 3124/3124/1271 3123/3123/1329
f 3126/3126/1269 3127/3127/1330 3128/3128/1276
f 3128/3128/1331 3129/3129/1332 3130/3130/1264
f 3130/3130/1333 3131/3131/1334 3132/3132/1335
f 3132/3132/1280 3133/3133/1336 3134/3134/1337
f 3135/3135/1261 3134/3134/1284 3136/3136/1285
f 3137/3137/1261 3136/3136/1285 3138/3138/1259
f 3139/3139/1260 3138/3138/1259 3140/3140/1269
f 3140/3140/1269 3141/3141/1269 3139/3139/1260
f 3142/3142/1259 3143/3143/1338 3144/3144/1289
f 3145/3145/1270 3146/3146/1264 3147/3147/1272
f 3148/3148/1271 3147/3147/1272 3149/3149/1291
f 3147/3147/1272 3150/3150/1283 3149/3149/1291
f 3149/3149/1291 3150/3150/1283 3151/3151/1339
f 3152/3152/1340 3150/3150/1283 3147/3147/1272
f 3153/3153/1265 3154/3154/1284 3155/3155/1261
f 3156/3156/1341 3157/3157/1342 3158/3158/1343
f 3159/3159/1344 3160/3160/1345 3161/3161/1346
f 3160/3160/1345 3162/3162/1347 3161/3161/1346
f 3160/3160/1345 3163/3163/1348 3162/3162/1347
f 3163/3163/1348 3164/3164/1349 3162/3162/1347
f 3163/3163/1348 3165/3165/1350 3164/3164/1349
f 3165/3165/1350 3166/3166/1351 3164/3164/1349
f 3165/3165/1350 3167/3167/1352 3166/3166/1351
f 3167/3167/1352 3168/3168/1353 3166/3166/1351
f 3167/3167/1352 3169/3169/1354 3168/3168/1353
f 3169/3169/1354 3170/3170/1355 3168/3168/1353
f 3169/3169/1354 3171/3171/1346 3170/3170/1355
f 3171/3171/1346 3172/3172/1344 3170/3170/1355
f 3173/3173/1356 3174/3174/1357 3175/3175/1358
f 3174/3174/1357 3176/3176/1359 3175/3175/1358
f 3174/3174/1357 3177/3177/1360 3176/3176/1359
f 3177/3177/1360 3178/3178/1361 3176/3176/1359
f 3177/3177/1360 3179/3179/1362 3178/3178/1361
f 3179/3179/1362 3180/3180/1363 3178/3178/1361
f 3179/3179/1362 3181/3181/1364 3180/3180/1363
f 3181/3181/1364 3182/3182/1365 3180/3180/1363
f 3181/3181/1364 3183/3183/1366 3182/3182/1365
f 3183/3183/1366 3184/3184/1366 3182/3182/1365
f 3183/3183/1366 3185/3185/1367 3184/3184/1366
f 3185/3185/1367 3186/3186/1368 3184/3184/1366
f 3187/3187/1369 3188/3188/1370 3189/3189/1371
f 3188/3188/1370 3190/3190/1372 3189/3189/1371
f 3189/3189/1371 3190/3190/1372 3191/3191/1293
f 3192/3192/1373 3190/3190/1372 3188/3188/1370
f 3193/3193/1332 3192/3192/1373 3188/3188/1370
f 3194/3194/1374 3193/3193/1332 3188/3188/1370
f 3195/3195/1275 3192/3192/1373 3193/3193/1332
f 3196/3196/1375 3190/3190/1372 3192/3192/1373
f 3197/3197/1376 3196/3196/1375 3192/3192/1373
f 3198/3198/1377 3190/3190/1372 3196/3196/1375
f 3199/3199/1378 3200/3200/1379 3201/3201/1380
f 3200/3200/1379 3202/3202/1381 3201/3201/1380
f 3202/3202/1381 3200/3200/1379 3203/3203/1382
f 3201/3201/1380 3202/3202/1381 3204/3204/1383
f 3205/3205/1384 3201/3201/1380 3204/3204/1383
f 3204/3204/1383 3206/3206/1385 3205/3205/1384
f 3207/3207/1386 3202/3202/1381 3203/3203/1382
f 3204/3204/1383 3202/3202/1381 3208/3208/1387
f 3202/3202/1381 3207/3207/1386 3208/3208/1387
f 3209/3209/1388 3207/3207/1386 3203/3203/1382
f 3208/3208/1387 3207/3207/1386 3209/3209/1388
f 3210/3210/1389 3209/3209/1388 3203/3203/1382
f 3211/3211/1390 3208/3208/1387 3209/3209/1388
f 3208/3208/1387 3211/3211/1390 3212/3212/1391
f 3204/3204/1383 3208/3208/1387 3213/3213/1392
f 3206/3206/1385 3204/3204/1383 3213/3213/1392
f 3213/3213/1392 3208/3208/1387 3214/3214/1391
f 3215/3215/1393 3213/3213/1392 3214/3214/1391
f 3206/3206/1385 3213/3213/1392 3215/3215/1393
f 3216/3216/1394 3215/3215/1393 3214/3214/1391
f 3217/3217/1395 3206/3206/1385 3215/3215/1393
f 3218/3218/1396 3206/3206/1385 3217/3217/1395
f 3206/3206/1385 3218/3218/1396 3219/3219/1397
f 3220/3220/1398 3218/3218/1396 3217/3217/1395
f 3217/3217/1395 3215/3215/1393 3221/3221/1399
f 3215/3215/1393 3216/3216/1394 3222/3222/1400
f 3221/3221/1399 3215/3215/1393 3222/3222/1400
f 3223/3223/1401 3217/3217/1395 3221/3221/1399
f 3217/3217/1395 3223/3223/1401 3220/3220/1398
f 3224/3224/1402 3221/3221/1399 3222/3222/1400
f 3223/3223/1401 3221/3221/1399 3224/3224/1402
f 3225/3225/1403 3222/3222/1400 3216/3216/1394
f 3226/3226/1404 3224/3224/1402 3222/3222/1400
f 3222/3222/1400 3225/3225/1403 3226/3226/1404
f 3227/3227/1405 3225/3225/1403 3216/3216/1394
f 3228/3228/1391 3227/3227/1405 3216/3216/1394
f 3229/3229/1406 3227/3227/1405 3228/3228/1391
f 3230/3230/1388 3227/3227/1405 3229/3229/1406
f 3227/3227/1405 3230/3230/1388 3231/3231/1407
f 3225/3225/1403 3227/3227/1405 3231/3231/1407
f 3225/3225/1403 3232/3232/1408 3226/3226/1404
f 3232/3232/1408 3225/3225/1403 3233/3233/1409
f 3234/3234/1410 3232/3232/1408 3233/3233/1409
f 3232/3232/1408 3234/3234/1410 3235/3235/1411
f 3236/3236/1412 3232/3232/1408 3235/3235/1411
f 3232/3232/1408 3236/3236/1412 3237/3237/1413
f 3226/3226/1404 3232/3232/1408 3237/3237/1413
f 3224/3224/1402 3226/3226/1404 3238/3238/1414
f 3239/3239/1415 3224/3224/1402 3238/3238/1414
f 3238/3238/1414 3240/3240/1416 3239/3239/1415
f 3241/3241/1417 3224/3224/1402 3239/3239/1415
f 3241/3241/1417 3223/3223/1401 3224/3224/1402
f 3242/3242/1418 3223/3223/1401 3241/3241/1417
f 3223/3223/1401 3242/3242/1418 3220/3220/1398
f 3243/3243/1419 3241/3241/1417 3239/3239/1415
f 3243/3243/1419 3239/3239/1415 3244/3244/1420
f 3245/3245/1421 3244/3244/1420 3239/3239/1415
f 3245/3245/1421 3246/3246/1422 3244/3244/1420
f 3247/3247/1423 3242/3242/1418 3241/3241/1417
f 3241/3241/1417 3243/3243/1419 3247/3247/1423
f 3242/3242/1418 3248/3248/1424 3220/3220/1398
f 3242/3242/1418 3247/3247/1423 3248/3248/1424
f 3248/3248/1424 3249/3249/1425 3220/3220/1398
f 3250/3250/1396 3220/3220/1398 3249/3249/1425
f 3250/3250/1396 3249/3249/1425 3251/3251/1384
f 3248/3248/1424 3252/3252/1426 3249/3249/1425
f 3252/3252/1426 3253/3253/1380 3249/3249/1425
f 3254/3254/1397 3249/3249/1425 3253/3253/1380
f 3247/3247/1423 3255/3255/1427 3248/3248/1424
f 3248/3248/1424 3255/3255/1427 3256/3256/1428
f 3257/3257/1429 3255/3255/1427 3247/3247/1423
f 3255/3255/1427 3258/3258/1430 3256/3256/1428
f 3259/3259/1431 3255/3255/1427 3257/3257/1429
f 3258/3258/1430 3255/3255/1427 3259/3259/1431
f 3260/3260/1426 3261/3261/1432 3262/3262/1379
f 3261/3261/1432 3263/3263/1433 3262/3262/1379
f 3262/3262/1379 3263/3263/1433 3264/3264/1382
f 3265/3265/1434 3263/3263/1433 3261/3261/1432
f 3266/3266/1431 3265/3265/1434 3261/3261/1432
f 3243/3243/1419 3265/3265/1434 3266/3266/1431
f 3263/3263/1433 3267/3267/1435 3264/3264/1382
f 3263/3263/1433 3265/3265/1434 3267/3267/1435
f 3265/3265/1434 3243/3243/1419 3244/3244/1420
f 3265/3265/1434 3244/3244/1420 3267/3267/1435
f 3264/3264/1382 3267/3267/1435 3268/3268/1410
f 3268/3268/1410 3267/3267/1435 3244/3244/1420
f 3269/3269/1409 3264/3264/1382 3268/3268/1410
f 3270/3270/1436 3268/3268/1410 3244/3244/1420
f 3271/3271/1437 3270/3270/1436 3244/3244/1420
f 3243/3243/1438 3272/3272/1439 3273/3273/1440
f 3272/3272/1439 3243/3243/1438 3274/3274/1431
f 3275/3275/1441 3276/3276/1441 3277/3277/1441
f 3278/3278/1441 3275/3275/1441 3277/3277/1441
f 3279/3279/1442 3280/3280/1442 3281/3281/1442
f 3282/3282/1442 3279/3279/1442 3281/3281/1442
f 3283/3283/1443 3284/3284/1443 3285/3285/1443
f 3286/3286/1443 3283/3283/1443 3285/3285/1443
f 3287/3287/1444 3288/3288/1444 3289/3289/1444
f 3290/3290/1444 3287/3287/1444 3289/3289/1444
f 3291/3291/1445 3292/3292/1445 3293/3293/1445
f 3294/3294/1445 3291/3291/1445 3293/3293/1445
f 3295/3295/1446 3296/3296/1447 3297/3297/1448
f 3296/3296/1447 3298/3298/1449 3297/3297/1448
f 3296/3296/1447 3299/3299/1450 3298/3298/1449
f 3299/3299/1450 3300/3300/1451 3298/3298/1449
f 3299/3299/1450 3301/3301/1452 3300/3300/1451
f 3301/3301/1452 3302/3302/1453 3300/3300/1451
f 3301/3301/1452 3303/3303/1454 3302/3302/1453
f 3303/3303/1454 3304/3304/1455 3302/3302/1453
f 3303/3303/1454 3305/3305/1456 3304/3304/1455
f 3305/3305/1456 3306/3306/1457 3304/3304/1455
f 3305/3305/1456 3307/3307/1458 3306/3306/1457
f 3307/3307/1458 3308/3308/1448 3306/3306/1457
f 3309/3309/1459 3310/3310/1460 3311/3311/1461
f 3310/3310/1460 3312/3312/1462 3311/3311/1461
f 3310/3310/1460 3313/3313/1463 3312/3312/1462
f 3313/3313/1463 3314/3314/1464 3312/3312/1462
f 3313/3313/1463 3315/3315/1465 3314/3314/1464
f 3315/3315/1465 3316/3316/1466 3314/3314/1464
f 3315/3315/1465 3317/3317/1467 3316/3316/1466
f 3317/3317/1467 3318/3318/1468 3316/3316/1466
f 3317/3317/1467 3319/3319/1469 3318/3318/1468
f 3319/3319/1469 3320/3320/1470 3318/3318/1468
f 3319/3319/1469 3321/3321/1459 3320/3320/1470
f 3321/3321/1459 3322/3322/1461 3320/3320/1470
f 3323/3323/1471 3324/3324/1472 3325/3325/1473
f 3324/3324/1472 3326/3326/1285 3325/3325/1473
f 3325/3325/1473 3326/3326/1285 3327/3327/1474
f 3328/3328/1475 3326/3326/1285 3324/3324/1472
f 3329/3329/1332 3328/3328/1475 3324/3324/1472
f 3330/3330/1315 3329/3329/1332 3324/3324/1472
f 3331/3331/1476 3328/3328/1475 3329/3329/1332
f 3332/3332/1477 3326/3326/1285 3328/3328/1475
f 3333/3333/1478 3332/3332/1477 3328/3328/1475
f 3334/3334/1479 3326/3326/1285 3332/3332/1477
f 3335/3335/1480 3336/3336/1379 3337/3337/1380
f 3336/3336/1379 3338/3338/1381 3337/3337/1380
f 3338/3338/1381 3336/3336/1379 3339/3339/1382
f 3337/3337/1380 3338/3338/1381 3340/3340/1383
f 3341/3341/1384 3337/3337/1380 3340/3340/1383
f 3340/3340/1383 3342/3342/1385 3341/3341/1384
f 3343/3343/1386 3338/3338/1381 3339/3339/1382
f 3340/3340/1383 3338/3338/1381 3344/3344/1387
f 3338/3338/1381 3343/3343/1386 3344/3344/1387
f 3345/3345/1388 3343/3343/1386 3339/3339/1382
f 3344/3344/1387 3343/3343/1386 3345/3345/1388
f 3346/3346/1389 3345/3345/1388 3339/3339/1382
f 3347/3347/1406 3344/3344/1387 3345/3345/1388
f 3344/3344/1387 3347/3347/1406 3348/3348/1391
f 3340/3340/1383 3344/3344/1387 3349/3349/1392
f 3342/3342/1385 3340/3340/1383 3349/3349/1392
f 3349/3349/1392 3344/3344/1387 3350/3350/1481
f 3351/3351/1393 3349/3349/1392 3350/3350/1481
f 3342/3342/1385 3349/3349/1392 3351/3351/1393
f 3352/3352/1394 3351/3351/1393 3350/3350/1481
f 3353/3353/1395 3342/3342/1385 3351/3351/1393
f 3354/3354/1396 3342/3342/1385 3353/3353/1395
f 3342/3342/1385 3354/3354/1396 3355/3355/1397
f 3356/3356/1398 3354/3354/1396 3353/3353/1395
f 3353/3353/1395 3351/3351/1393 3357/3357/1399
f 3351/3351/1393 3352/3352/1394 3358/3358/1400
f 3357/3357/1399 3351/3351/1393 3358/3358/1400
f 3359/3359/1401 3353/3353/1395 3357/3357/1399
f 3353/3353/1395 3359/3359/1401 3356/3356/1398
f 3360/3360/1482 3357/3357/1399 3358/3358/1400
f 3359/3359/1401 3357/3357/1399 3360/3360/1482
f 3361/3361/1403 3358/3358/1400 3352/3352/1394
f 3362/3362/1404 3360/3360/1482 3358/3358/1400
f 3358/3358/1400 3361/3361/1403 3362/3362/1404
f 3363/3363/1405 3361/3361/1403 3352/3352/1394
f 3364/3364/1391 3363/3363/1405 3352/3352/1394
f 3365/3365/1483 3363/3363/1405 3364/3364/1391
f 3366/3366/1388 3363/3363/1405 3365/3365/1483
f 3363/3363/1405 3366/3366/1388 3367/3367/1484
f 3361/3361/1403 3363/3363/1405 3367/3367/1484
f 3361/3361/1403 3368/3368/1408 3362/3362/1404
f 3368/3368/1408 3361/3361/1403 3369/3369/1409
f 3370/3370/1410 3368/3368/1408 3369/3369/1409
f 3368/3368/1408 3370/3370/1410 3371/3371/1411
f 3372/3372/1485 3368/3368/1408 3371/3371/1411
f 3368/3368/1408 3372/3372/1485 3373/3373/1413
f 3362/3362/1404 3368/3368/1408 3373/3373/1413
f 3360/3360/1482 3362/3362/1404 3374/3374/1413
f 3375/3375/1415 3360/3360/1482 3374/3374/1413
f 3374/3374/1413 3376/3376/1485 3375/3375/1415
f 3377/3377/1417 3360/3360/1482 3375/3375/1415
f 3377/3377/1417 3359/3359/1401 3360/3360/1482
f 3378/3378/1418 3359/3359/1401 3377/3377/1417
f 3359/3359/1401 3378/3378/1418 3356/3356/1398
f 3379/3379/1419 3377/3377/1417 3375/3375/1415
f 3379/3379/1419 3375/3375/1415 3380/3380/1420
f 3381/3381/1421 3380/3380/1420 3375/3375/1415
f 3381/3381/1421 3382/3382/1411 3380/3380/1420
f 3383/3383/1423 3378/3378/1418 3377/3377/1417
f 3377/3377/1417 3379/3379/1419 3383/3383/1423
f 3378/3378/1418 3384/3384/1424 3356/3356/1398
f 3378/3378/1418 3383/3383/1423 3384/3384/1424
f 3384/3384/1424 3385/3385/1486 3356/3356/1398
f 3386/3386/1396 3356/3356/1398 3385/3385/1486
f 3386/3386/1396 3385/3385/1486 3387/3387/1384
f 3384/3384/1424 3388/3388/1426 3385/3385/1486
f 3388/3388/1426 3389/3389/1380 3385/3385/1486
f 3390/3390/1397 3385/3385/1486 3389/3389/1380
f 3383/3383/1423 3391/3391/1427 3384/3384/1424
f 3384/3384/1424 3391/3391/1427 3392/3392/1428
f 3393/3393/1439 3391/3391/1427 3383/3383/1423
f 3391/3391/1427 3394/3394/1430 3392/3392/1428
f 3395/3395/1431 3391/3391/1427 3393/3393/1439
f 3394/3394/1430 3391/3391/1427 3395/3395/1431
f 3396/3396/1428 3397/3397/1432 3398/3398/1379
f 3397/3397/1432 3399/3399/1433 3398/3398/1379
f 3398/3398/1379 3399/3399/1433 3400/3400/1382
f 3401/3401/1487 3399/3399/1433 3397/3397/1432
f 3402/3402/1431 3401/3401/1487 3397/3397/1432
f 3379/3379/1419 3401/3401/1487 3402/3402/1431
f 3399/3399/1433 3403/3403/1435 3400/3400/1382
f 3399/3399/1433 3401/3401/1487 3403/3403/1435
f 3401/3401/1487 3379/3379/1419 3380/3380/1420
f 3401/3401/1487 3380/3380/1420 3403/3403/1435
f 3400/3400/1382 3403/3403/1435 3404/3404/1410
f 3404/3404/1410 3403/3403/1435 3380/3380/1420
f 3405/3405/1409 3400/3400/1382 3404/3404/1410
f 3406/3406/1436 3404/3404/1410 3380/3380/1420
f 3407/3407/1437 3406/3406/1436 3380/3380/1420
f 3379/3379/1419 3408/3408/1488 3409/3409/1423
f 3408/3408/1488 3379/3379/1419 3410/3410/1431
f 3411/3411/1441 3412/3412/1441 3413/3413/1441
f 3414/3414/1441 3411/3411/1441 3413/3413/1441
f 3415/3415/1442 3416/3416/1442 3417/3417/1442
f 3418/3418/1442 3415/3415/1442 3417/3417/1442
f 3419/3419/1443 3420/3420/1443 3421/3421/1443
f 3422/3422/1443 3419/3419/1443 3421/3421/1443
f 3423/3423/1444 3424/3424/1444 3425/3425/1444
f 3426/3426/1444 3423/3423/1444 3425/3425/1444
f 3427/3427/1445 3428/3428/1445 3429/3429/1445
f 3430/3430/1445 3427/3427/1445 3429/3429/1445
f 3431/3431/1344 3432/3432/1347 3433/3433/1344
f 3432/3432/1347 3434/3434/1345 3433/3433/1344
f 3432/3432/1347 3435/3435/1489 3434/3434/1345
f 3435/3435/1489 3436/3436/1349 3434/3434/1345
f 3435/3435/1489 3437/3437/1350 3436/3436/1349
f 3437/3437/1350 3438/3438/1490 3436/3436/1349
f 3437/3437/1350 3439/3439/1491 3438/3438/1490
f 3439/3439/1491 3440/3440/1492 3438/3438/1490
f 3439/3439/1491 3441/3441/1493 3440/3440/1492
f 3441/3441/1493 3442/3442/1494 3440/3440/1492
f 3441/3441/1493 3443/3443/1346 3442/3442/1494
f 3443/3443/1346 3444/3444/1346 3442/3442/1494
f 3445/3445/1367 3446/3446/1357 3447/3447/1358
f 3446/3446/1357 3448/3448/1495 3447/3447/1358
f 3446/3446/1357 3449/3449/1360 3448/3448/1495
f 3449/3449/1360 3450/3450/1360 3448/3448/1495
f 3449/3449/1360 3451/3451/1496 3450/3450/1360
f 3451/3451/1496 3452/3452/1497 3450/3450/1360
f 3451/3451/1496 3453/3453/1498 3452/3452/1497
f 3453/3453/1498 3454/3454/1499 3452/3452/1497
f 3453/3453/1498 3455/3455/1366 3454/3454/1499
f 3455/3455/1366 3456/3456/1500 3454/3454/1499
f 3455/3455/1366 3457/3457/1367 3456/3456/1500
f 3457/3457/1367 3458/3458/1501 3456/3456/1500
f 3459/3459/1502 3460/3460/1472 3461/3461/1371
f 3460/3460/1472 3462/3462/1372 3461/3461/1371
f 3461/3461/1371 3462/3462/1372 3463/3463/1503
f 3464/3464/1504 3462/3462/1372 3460/3460/1472
f 3465/3465/1332 3464/3464/1504 3460/3460/1472
f 3466/3466/1505 3465/3465/1332 3460/3460/1472
f 3467/3467/1506 3464/3464/1504 3465/3465/1332
f 3468/3468/1478 3462/3462/1372 3464/3464/1504
f 3469/3469/1376 3468/3468/1478 3464/3464/1504
f 3470/3470/1507 3462/3462/1372 3468/3468/1478
f 3471/3471/1508 3472/3472/1379 3473/3473/1380
f 3472/3472/1379 3474/3474/1381 3473/3473/1380
f 3474/3474/1381 3472/3472/1379 3475/3475/1509
f 3473/3473/1380 3474/3474/1381 3476/3476/1383
f 3477/3477/1384 3473/3473/1380 3476/3476/1383
f 3476/3476/1383 3478/3478/1385 3477/3477/1384
f 3479/3479/1386 3474/3474/1381 3475/3475/1509
f 3476/3476/1383 3474/3474/1381 3480/3480/1387
f 3474/3474/1381 3479/3479/1386 3480/3480/1387
f 3481/3481/1388 3479/3479/1386 3475/3475/1509
f 3480/3480/1387 3479/3479/1386 3481/3481/1388
f 3482/3482/1389 3481/3481/1388 3475/3475/1509
f 3483/3483/1483 3480/3480/1387 3481/3481/1388
f 3480/3480/1387 3483/3483/1483 3484/3484/1391
f 3476/3476/1383 3480/3480/1387 3485/3485/1392
f 3478/3478/1385 3476/3476/1383 3485/3485/1392
f 3485/3485/1392 3480/3480/1387 3486/3486/1391
f 3487/3487/1393 3485/3485/1392 3486/3486/1391
f 3478/3478/1385 3485/3485/1392 3487/3487/1393
f 3488/3488/1394 3487/3487/1393 3486/3486/1391
f 3489/3489/1395 3478/3478/1385 3487/3487/1393
f 3490/3490/1396 3478/3478/1385 3489/3489/1395
f 3478/3478/1385 3490/3490/1396 3491/3491/1397
f 3492/3492/1398 3490/3490/1396 3489/3489/1395
f 3489/3489/1395 3487/3487/1393 3493/3493/1399
f 3487/3487/1393 3488/3488/1394 3494/3494/1400
f 3493/3493/1399 3487/3487/1393 3494/3494/1400
f 3495/3495/1401 3489/3489/1395 3493/3493/1399
f 3489/3489/1395 3495/3495/1401 3492/3492/1398
f 3496/3496/1510 3493/3493/1399 3494/3494/1400
f 3495/3495/1401 3493/3493/1399 3496/3496/1510
f 3497/3497/1403 3494/3494/1400 3488/3488/1394
f 3498/3498/1404 3496/3496/1510 3494/3494/1400
f 3494/3494/1400 3497/3497/1403 3498/3498/1404
f 3499/3499/1405 3497/3497/1403 3488/3488/1394
f 3500/3500/1391 3499/3499/1405 3488/3488/1394
f 3501/3501/1483 3499/3499/1405 3500/3500/1391
f 3502/3502/1388 3499/3499/1405 3501/3501/1483
f 3499/3499/1405 3502/3502/1388 3503/3503/1484
f 3497/3497/1403 3499/3499/1405 3503/3503/1484
f 3497/3497/1403 3504/3504/1408 3498/3498/1404
f 3504/3504/1408 3497/3497/1403 3505/3505/1409
f 3506/3506/1410 3504/3504/1408 3505/3505/1409
f 3504/3504/1408 3506/3506/1410 3507/3507/1411
f 3508/3508/1511 3504/3504/1408 3507/3507/1411
f 3504/3504/1408 3508/3508/1511 3509/3509/1413
f 3498/3498/1404 3504/3504/1408 3509/3509/1413
f 3496/3496/1510 3498/3498/1404 3510/3510/1413
f 3511/3511/1415 3496/3496/1510 3510/3510/1413
f 3510/3510/1413 3512/3512/1511 3511/3511/1415
f 3513/3513/1417 3496/3496/1510 3511/3511/1415
f 3513/3513/1417 3495/3495/1401 3496/3496/1510
f 3514/3514/1418 3495/3495/1401 3513/3513/1417
f 3495/3495/1401 3514/3514/1418 3492/3492/1398
f 3515/3515/1419 3513/3513/1417 3511/3511/1415
f 3515/3515/1419 3511/3511/1415 3516/3516/1420
f 3517/3517/1421 3516/3516/1420 3511/3511/1415
f 3517/3517/1421 3518/3518/1422 3516/3516/1420
f 3519/3519/1423 3514/3514/1418 3513/3513/1417
f 3513/3513/1417 3515/3515/1419 3519/3519/1423
f 3514/3514/1418 3520/3520/1424 3492/3492/1398
f 3514/3514/1418 3519/3519/1423 3520/3520/1424
f 3520/3520/1424 3521/3521/1425 3492/3492/1398
f 3522/3522/1396 3492/3492/1398 3521/3521/1425
f 3522/3522/1396 3521/3521/1425 3523/3523/1384
f 3520/3520/1424 3524/3524/1428 3521/3521/1425
f 3524/3524/1428 3525/3525/1380 3521/3521/1425
f 3526/3526/1384 3521/3521/1425 3525/3525/1380
f 3519/3519/1423 3527/3527/1427 3520/3520/1424
f 3520/3520/1424 3527/3527/1427 3528/3528/1428
f 3529/3529/1429 3527/3527/1427 3519/3519/1423
f 3527/3527/1427 3530/3530/1512 3528/3528/1428
f 3531/3531/1431 3527/3527/1427 3529/3529/1429
f 3530/3530/1512 3527/3527/1427 3531/3531/1431
f 3532/3532/1508 3533/3533/1432 3534/3534/1379
f 3533/3533/1432 3535/3535/1433 3534/3534/1379
f 3534/3534/1379 3535/3535/1433 3536/3536/1382
f 3537/3537/1487 3535/3535/1433 3533/3533/1432
f 3538/3538/1431 3537/3537/1487 3533/3533/1432
f 3515/3515/1419 3537/3537/1487 3538/3538/1431
f 3535/3535/1433 3539/3539/1435 3536/3536/1382
f 3535/3535/1433 3537/3537/1487 3539/3539/1435
f 3537/3537/1487 3515/3515/1419 3516/3516/1420
f 3537/3537/1487 3516/3516/1420 3539/3539/1435
f 3536/3536/1382 3539/3539/1435 3540/3540/1513
f 3540/3540/1513 3539/3539/1435 3516/3516/1420
f 3541/3541/1409 3536/3536/1382 3540/3540/1513
f 3542/3542/1514 3540/3540/1513 3516/3516/1420
f 3543/3543/1515 3542/3542/1514 3516/3516/1420
f 3515/3515/1419 3544/3544/1429 3545/3545/1423
f 3544/3544/1429 3515/3515/1419 3546/3546/1431
f 3547/3547/1441 3548/3548/1441 3549/3549/1441
f 3550/3550/1441 3547/3547/1441 3549/3549/1441
f 3551/3551/1442 3552/3552/1442 3553/3553/1442
f 3554/3554/1442 3551/3551/1442 3553/3553/1442
f 3555/3555/1443 3556/3556/1443 3557/3557/1443
f 3558/3558/1443 3555/3555/1443 3557/3557/1443
f 3559/3559/1444 3560/3560/1444 3561/3561/1444
f 3562/3562/1444 3559/3559/1444 3561/3561/1444
f 3563/3563/1445 3564/3564/1445 3565/3565/1445
f 3566/3566/1445 3563/3563/1445 3565/3565/1445
f 3567/3567/1516 3568/3568/1517 3569/3569/1518
f 3568/3568/1517 3570/3570/1519 3569/3569/1518
f 3571/3571/1520 3569/3569/1518 3570/3570/1519
f 3572/3572/1521 3571/3571/1520 3570/3570/1519
f 3573/3573/1522 3574/3574/1523 3575/3575/1524
f 3574/3574/1523 3576/3576/1525 3575/3575/1524
f 3574/3574/1523 3577/3577/1526 3576/3576/1525
f 3577/3577/1526 3578/3578/1527 3576/3576/1525
f 3579/3579/1516 3580/3580/1528 3581/3581/1529
f 3580/3580/1528 3582/3582/1530 3581/3581/1529
f 3583/3583/1531 3581/3581/1529 3582/3582/1530
f 3584/3584/1532 3583/3583/1531 3582/3582/1530
f 3585/3585/1533 3586/3586/1534 3587/3587/1535
f 3586/3586/1534 3588/3588/1525 3587/3587/1535
f 3586/3586/1534 3589/3589/1536 3588/3588/1525
f 3589/3589/1536 3590/3590/1537 3588/3588/1525
f 3591/3591/1538 3592/3592/1539 3593/3593/1540
f 3592/3592/1539 3594/3594/1541 3593/3593/1540
f 3595/3595/1542 3593/3593/1540 3594/3594/1541
f 3596/3596/1543 3595/3595/1542 3594/3594/1541
f 3597/3597/1544 3598/3598/1545 3599/3599/1546
f 3598/3598/1545 3600/3600/1547 3599/3599/1546
f 3598/3598/1545 3601/3601/1548 3600/3600/1547
f 3601/3601/1548 3602/3602/1537 3600/3600/1547
f 3603/3603/1549 3604/3604/1550 3605/3605/1551
f 3604/3604/1550 3606/3606/1552 3605/3605/1551
f 3605/3605/1551 3606/3606/1552 3607/3607/1553
f 3604/3604/1550 3608/3608/1554 3606/3606/1552
f 3606/3606/1552 3609/3609/1552 3607/3607/1553
f 3607/3607/1553 3609/3609/1552 3610/3610/1555
f 3608/3608/1554 3611/3611/1556 3606/3606/1552
f 3606/3606/1552 3611/3611/1556 3609/3609/1552
f 3608/3608/1554 3612/3612/1523 3611/3611/1556
f 3609/3609/1552 3613/3613/1552 3610/3610/1555
f 3610/3610/1555 3613/3613/1552 3614/3614/1553
f 3611/3611/1556 3615/3615/1557 3609/3609/1552
f 3609/3609/1552 3615/3615/1557 3613/3613/1552
f 3612/3612/1523 3616/3616/1558 3611/3611/1556
f 3611/3611/1556 3616/3616/1558 3615/3615/1557
f 3612/3612/1523 3617/3617/1559 3616/3616/1558
f 3613/3613/1552 3618/3618/1552 3614/3614/1553
f 3614/3614/1553 3618/3618/1552 3619/3619/1553
f 3615/3615/1557 3620/3620/1557 3613/3613/1552
f 3613/3613/1552 3620/3620/1557 3618/3618/1552
f 3616/3616/1558 3621/3621/1558 3615/3615/1557
f 3615/3615/1557 3621/3621/1558 3620/3620/1557
f 3617/3617/1559 3622/3622/1560 3616/3616/1558
f 3616/3616/1558 3622/3622/1560 3621/3621/1558
f 3617/3617/1559 3623/3623/1535 3622/3622/1560
f 3618/3618/1552 3624/3624/1552 3619/3619/1553
f 3619/3619/1553 3624/3624/1552 3625/3625/1553
f 3620/3620/1557 3626/3626/1557 3618/3618/1552
f 3618/3618/1552 3626/3626/1557 3624/3624/1552
f 3621/3621/1558 3627/3627/1558 3620/3620/1557
f 3620/3620/1557 3627/3627/1558 3626/3626/1557
f 3622/3622/1560 3628/3628/1561 3621/3621/1558
f 3621/3621/1558 3628/3628/1561 3627/3627/1558
f 3623/3623/1535 3629/3629/1562 3622/3622/1560
f 3622/3622/1560 3629/3629/1562 3628/3628/1561
f 3623/3623/1535 3630/3630/1549 3629/3629/1562
f 3630/3630/1549 3631/3631/1553 3629/3629/1562
f 3629/3629/1562 3631/3631/1553 3632/3632/1563
f 3629/3629/1562 3632/3632/1563 3628/3628/1561
f 3631/3631/1553 3633/3633/1553 3632/3632/1563
f 3624/3624/1552 3634/3634/1552 3625/3625/1553
f 3625/3625/1553 3634/3634/1552 3635/3635/1553
f 3626/3626/1557 3636/3636/1557 3624/3624/1552
f 3624/3624/1552 3636/3636/1557 3634/3634/1552
f 3628/3628/1561 3637/3637/1561 3627/3627/1558
f 3628/3628/1561 3632/3632/1563 3637/3637/1561
f 3632/3632/1563 3633/3633/1553 3638/3638/1563
f 3632/3632/1563 3638/3638/1563 3637/3637/1561
f 3633/3633/1553 3639/3639/1553 3638/3638/1563
f 3627/3627/1558 3640/3640/1558 3626/3626/1557
f 3627/3627/1558 3637/3637/1561 3640/3640/1558
f 3626/3626/1557 3640/3640/1558 3636/3636/1557
f 3634/3634/1552 3641/3641/1552 3635/3635/1553
f 3635/3635/1553 3641/3641/1552 3642/3642/1553
f 3638/3638/1563 3639/3639/1553 3643/3643/1563
f 3639/3639/1553 3644/3644/1553 3643/3643/1563
f 3637/3637/1561 3638/3638/1563 3645/3645/1561
f 3637/3637/1561 3645/3645/1561 3640/3640/1558
f 3638/3638/1563 3643/3643/1563 3645/3645/1561
f 3640/3640/1558 3646/3646/1558 3636/3636/1557
f 3640/3640/1558 3645/3645/1561 3646/3646/1558
f 3636/3636/1557 3647/3647/1557 3634/3634/1552
f 3634/3634/1552 3647/3647/1557 3641/3641/1552
f 3636/3636/1557 3646/3646/1558 3647/3647/1557
f 3641/3641/1552 3648/3648/1552 3642/3642/1553
f 3642/3642/1553 3648/3648/1552 3649/3649/1553
f 3643/3643/1563 3644/3644/1553 3650/3650/1564
f 3644/3644/1553 3651/3651/1553 3650/3650/1564
f 3645/3645/1561 3643/3643/1563 3652/3652/1561
f 3645/3645/1561 3652/3652/1561 3646/3646/1558
f 3643/3643/1563 3650/3650/1564 3652/3652/1561
f 3647/3647/1557 3653/3653/1557 3641/3641/1552
f 3641/3641/1552 3653/3653/1557 3648/3648/1552
f 3646/3646/1558 3654/3654/1558 3647/3647/1557
f 3646/3646/1558 3652/3652/1561 3654/3654/1558
f 3647/3647/1557 3654/3654/1558 3653/3653/1557
f 3648/3648/1552 3655/3655/1552 3649/3649/1553
f 3649/3649/1553 3655/3655/1552 3656/3656/1553
f 3650/3650/1564 3651/3651/1553 3657/3657/1563
f 3651/3651/1553 3658/3658/1553 3657/3657/1563
f 3652/3652/1561 3650/3650/1564 3659/3659/1561
f 3652/3652/1561 3659/3659/1561 3654/3654/1558
f 3650/3650/1564 3657/3657/1563 3659/3659/1561
f 3654/3654/1558 3660/3660/1558 3653/3653/1557
f 3654/3654/1558 3659/3659/1561 3660/3660/1558
f 3653/3653/1557 3661/3661/1557 3648/3648/1552
f 3648/3648/1552 3661/3661/1557 3655/3655/1552
f 3653/3653/1557 3660/3660/1558 3661/3661/1557
f 3655/3655/1552 3662/3662/1552 3656/3656/1553
f 3656/3656/1553 3662/3662/1552 3663/3663/1553
f 3657/3657/1563 3658/3658/1553 3664/3664/1563
f 3658/3658/1553 3665/3665/1553 3664/3664/1563
f 3659/3659/1561 3657/3657/1563 3666/3666/1561
f 3659/3659/1561 3666/3666/1561 3660/3660/1558
f 3657/3657/1563 3664/3664/1563 3666/3666/1561
f 3661/3661/1557 3667/3667/1557 3655/3655/1552
f 3655/3655/1552 3667/3667/1557 3662/3662/1552
f 3660/3660/1558 3668/3668/1558 3661/3661/1557
f 3660/3660/1558 3666/3666/1561 3668/3668/1558
f 3661/3661/1557 3668/3668/1558 3667/3667/1557
f 3664/3664/1563 3665/3665/1553 3669/3669/1563
f 3665/3665/1553 3670/3670/1553 3669/3669/1563
f 3666/3666/1561 3664/3664/1563 3671/3671/1561
f 3666/3666/1561 3671/3671/1561 3668/3668/1558
f 3664/3664/1563 3669/3669/1563 3671/3671/1561
f 3668/3668/1558 3672/3672/1558 3667/3667/1557
f 3668/3668/1558 3671/3671/1561 3672/3672/1558
f 3667/3667/1557 3673/3673/1557 3662/3662/1552
f 3667/3667/1557 3672/3672/1558 3673/3673/1557
f 3669/3669/1563 3670/3670/1553 3674/3674/1563
f 3670/3670/1553 3675/3675/1553 3674/3674/1563
f 3671/3671/1561 3669/3669/1563 3676/3676/1561
f 3671/3671/1561 3676/3676/1561 3672/3672/1558
f 3669/3669/1563 3674/3674/1563 3676/3676/1561
f 3674/3674/1563 3675/3675/1553 3677/3677/1563
f 3675/3675/1553 3678/3678/1553 3677/3677/1563
f 3672/3672/1558 3676/3676/1561 3679/3679/1558
f 3672/3672/1558 3679/3679/1558 3673/3673/1557
f 3676/3676/1561 3674/3674/1563 3680/3680/1561
f 3674/3674/1563 3677/3677/1563 3680/3680/1561
f 3676/3676/1561 3680/3680/1561 3679/3679/1558
f 3662/3662/1552 3673/3673/1557 3681/3681/1552
f 3662/3662/1552 3681/3681/1552 3663/3663/1553
f 3677/3677/1563 3678/3678/1553 3682/3682/1563
f 3678/3678/1553 3683/3683/1553 3682/3682/1563
f 3683/3683/1553 3684/3684/1553 3682/3682/1563
f 3673/3673/1557 3679/3679/1558 3685/3685/1557
f 3673/3673/1557 3685/3685/1557 3681/3681/1552
f 3680/3680/1561 3677/3677/1563 3686/3686/1561
f 3677/3677/1563 3682/3682/1563 3686/3686/1561
f 3679/3679/1558 3680/3680/1561 3687/3687/1558
f 3679/3679/1558 3687/3687/1558 3685/3685/1557
f 3680/3680/1561 3686/3686/1561 3687/3687/1558
f 3681/3681/1552 3688/3688/1552 3663/3663/1553
f 3688/3688/1552 3689/3689/1553 3663/3663/1553
f 3690/3690/1553 3689/3689/1553 3688/3688/1552
f 3684/3684/1553 3691/3691/1564 3682/3682/1563
f 3682/3682/1563 3691/3691/1564 3686/3686/1561
f 3685/3685/1557 3692/3692/1557 3681/3681/1552
f 3692/3692/1557 3688/3688/1552 3681/3681/1552
f 3693/3693/1552 3690/3690/1553 3688/3688/1552
f 3693/3693/1552 3688/3688/1552 3692/3692/1557
f 3694/3694/1553 3690/3690/1553 3693/3693/1552
f 3686/3686/1561 3695/3695/1561 3687/3687/1558
f 3691/3691/1564 3695/3695/1561 3686/3686/1561
f 3687/3687/1558 3696/3696/1558 3685/3685/1557
f 3696/3696/1558 3692/3692/1557 3685/3685/1557
f 3695/3695/1561 3696/3696/1558 3687/3687/1558
f 3697/3697/1563 3691/3691/1564 3684/3684/1553
f 3698/3698/1553 3697/3697/1563 3684/3684/1553
f 3699/3699/1557 3693/3693/1552 3692/3692/1557
f 3699/3699/1557 3692/3692/1557 3696/3696/1558
f 3700/3700/1552 3694/3694/1553 3693/3693/1552
f 3700/3700/1552 3693/3693/1552 3699/3699/1557
f 3701/3701/1553 3694/3694/1553 3700/3700/1552
f 3702/3702/1561 3695/3695/1561 3691/3691/1564
f 3697/3697/1563 3702/3702/1561 3691/3691/1564
f 3703/3703/1558 3696/3696/1558 3695/3695/1561
f 3703/3703/1558 3699/3699/1557 3696/3696/1558
f 3702/3702/1561 3703/3703/1558 3695/3695/1561
f 3704/3704/1563 3697/3697/1563 3698/3698/1553
f 3705/3705/1553 3704/3704/1563 3698/3698/1553
f 3706/3706/1557 3700/3700/1552 3699/3699/1557
f 3706/3706/1557 3699/3699/1557 3703/3703/1558
f 3707/3707/1552 3701/3701/1553 3700/3700/1552
f 3707/3707/1552 3700/3700/1552 3706/3706/1557
f 3708/3708/1553 3701/3701/1553 3707/3707/1552
f 3709/3709/1561 3702/3702/1561 3697/3697/1563
f 3704/3704/1563 3709/3709/1561 3697/3697/1563
f 3710/3710/1558 3703/3703/1558 3702/3702/1561
f 3710/3710/1558 3706/3706/1557 3703/3703/1558
f 3709/3709/1561 3710/3710/1558 3702/3702/1561
f 3711/3711/1563 3704/3704/1563 3705/3705/1553
f 3712/3712/1553 3711/3711/1563 3705/3705/1553
f 3713/3713/1552 3708/3708/1553 3707/3707/1552
f 3714/3714/1553 3708/3708/1553 3713/3713/1552
f 3715/3715/1557 3707/3707/1552 3706/3706/1557
f 3715/3715/1557 3706/3706/1557 3710/3710/1558
f 3713/3713/1552 3707/3707/1552 3715/3715/1557
f 3716/3716/1561 3709/3709/1561 3704/3704/1563
f 3711/3711/1563 3716/3716/1561 3704/3704/1563
f 3717/3717/1558 3710/3710/1558 3709/3709/1561
f 3717/3717/1558 3715/3715/1557 3710/3710/1558
f 3716/3716/1561 3717/3717/1558 3709/3709/1561
f 3718/3718/1563 3711/3711/1563 3712/3712/1553
f 3719/3719/1553 3718/3718/1563 3712/3712/1553
f 3720/3720/1552 3714/3714/1553 3713/3713/1552
f 3721/3721/1553 3714/3714/1553 3720/3720/1552
f 3722/3722/1557 3713/3713/1552 3715/3715/1557
f 3722/3722/1557 3715/3715/1557 3717/3717/1558
f 3720/3720/1552 3713/3713/1552 3722/3722/1557
f 3723/3723/1561 3716/3716/1561 3711/3711/1563
f 3718/3718/1563 3723/3723/1561 3711/3711/1563
f 3724/3724/1558 3717/3717/1558 3716/3716/1561
f 3724/3724/1558 3722/3722/1557 3717/3717/1558
f 3723/3723/1561 3724/3724/1558 3716/3716/1561
f 3725/3725/1563 3718/3718/1563 3719/3719/1553
f 3726/3726/1553 3725/3725/1563 3719/3719/1553
f 3727/3727/1552 3721/3721/1553 3720/3720/1552
f 3728/3728/1553 3721/3721/1553 3727/3727/1552
f 3729/3729/1557 3720/3720/1552 3722/3722/1557
f 3729/3729/1557 3722/3722/1557 3724/3724/1558
f 3727/3727/1552 3720/3720/1552 3729/3729/1557
f 3730/3730/1561 3723/3723/1561 3718/3718/1563
f 3725/3725/1563 3730/3730/1561 3718/3718/1563
f 3731/3731/1558 3724/3724/1558 3723/3723/1561
f 3731/3731/1558 3729/3729/1557 3724/3724/1558
f 3730/3730/1561 3731/3731/1558 3723/3723/1561
f 3732/3732/1563 3725/3725/1563 3726/3726/1553
f 3733/3733/1553 3732/3732/1563 3726/3726/1553
f 3734/3734/1552 3728/3728/1553 3727/3727/1552
f 3735/3735/1553 3728/3728/1553 3734/3734/1552
f 3736/3736/1557 3727/3727/1552 3729/3729/1557
f 3736/3736/1557 3729/3729/1557 3731/3731/1558
f 3734/3734/1552 3727/3727/1552 3736/3736/1557
f 3737/3737/1561 3730/3730/1561 3725/3725/1563
f 3732/3732/1563 3737/3737/1561 3725/3725/1563
f 3738/3738/1558 3731/3731/1558 3730/3730/1561
f 3738/3738/1558 3736/3736/1557 3731/3731/1558
f 3737/3737/1561 3738/3738/1558 3730/3730/1561
f 3739/3739/1564 3732/3732/1563 3733/3733/1553
f 3740/3740/1553 3739/3739/1564 3733/3733/1553
f 3741/3741/1552 3735/3735/1553 3734/3734/1552
f 3742/3742/1555 3735/3735/1553 3741/3741/1552
f 3743/3743/1565 3734/3734/1552 3736/3736/1557
f 3743/3743/1565 3736/3736/1557 3738/3738/1558
f 3741/3741/1552 3734/3734/1552 3743/3743/1565
f 3744/3744/1560 3737/3737/1561 3732/3732/1563
f 3739/3739/1564 3744/3744/1560 3732/3732/1563
f 3745/3745/1558 3738/3738/1558 3737/3737/1561
f 3745/3745/1558 3743/3743/1565 3738/3738/1558
f 3744/3744/1560 3745/3745/1558 3737/3737/1561
f 3746/3746/1566 3739/3739/1564 3740/3740/1553
f 3747/3747/1555 3746/3746/1566 3740/3740/1553
f 3748/3748/1567 3742/3742/1555 3741/3741/1552
f 3749/3749/1518 3742/3742/1555 3748/3748/1567
f 3750/3750/1516 3749/3749/1518 3748/3748/1567
f 3751/3751/1568 3741/3741/1552 3743/3743/1565
f 3751/3751/1568 3743/3743/1565 3745/3745/1558
f 3748/3748/1567 3741/3741/1552 3751/3751/1568
f 3750/3750/1516 3748/3748/1567 3752/3752/1569
f 3752/3752/1569 3748/3748/1567 3751/3751/1568
f 3753/3753/1570 3750/3750/1516 3752/3752/1569
f 3754/3754/1571 3751/3751/1568 3745/3745/1558
f 3754/3754/1571 3745/3745/1558 3744/3744/1560
f 3752/3752/1569 3751/3751/1568 3754/3754/1571
f 3755/3755/1561 3744/3744/1560 3739/3739/1564
f 3755/3755/1561 3754/3754/1571 3744/3744/1560
f 3746/3746/1566 3755/3755/1561 3739/3739/1564
f 3753/3753/1570 3752/3752/1569 3756/3756/1572
f 3756/3756/1572 3752/3752/1569 3754/3754/1571
f 3756/3756/1572 3754/3754/1571 3755/3755/1561
f 3757/3757/1573 3753/3753/1570 3756/3756/1572
f 3758/3758/1561 3756/3756/1572 3755/3755/1561
f 3757/3757/1573 3756/3756/1572 3758/3758/1561
f 3758/3758/1561 3755/3755/1561 3746/3746/1566
f 3759/3759/1574 3757/3757/1573 3758/3758/1561
f 3760/3760/1562 3758/3758/1561 3746/3746/1566
f 3759/3759/1574 3758/3758/1561 3760/3760/1562
f 3760/3760/1562 3746/3746/1566 3747/3747/1555
f 3761/3761/1575 3759/3759/1574 3760/3760/1562
f 3762/3762/1553 3760/3760/1562 3747/3747/1555
f 3761/3761/1575 3760/3760/1562 3762/3762/1553
f 3763/3763/1576 3761/3761/1575 3762/3762/1553
f 3764/3764/1549 3765/3765/1577 3766/3766/1578
f 3765/3765/1577 3767/3767/1552 3766/3766/1578
f 3766/3766/1578 3767/3767/1552 3768/3768/1579
f 3765/3765/1577 3769/3769/1536 3767/3767/1552
f 3767/3767/1552 3770/3770/1552 3768/3768/1579
f 3768/3768/1579 3770/3770/1552 3771/3771/1555
f 3769/3769/1536 3772/3772/1569 3767/3767/1552
f 3767/3767/1552 3772/3772/1569 3770/3770/1552
f 3769/3769/1536 3773/3773/1580 3772/3772/1569
f 3770/3770/1552 3774/3774/1552 3771/3771/1555
f 3771/3771/1555 3774/3774/1552 3775/3775/1553
f 3772/3772/1569 3776/3776/1568 3770/3770/1552
f 3770/3770/1552 3776/3776/1568 3774/3774/1552
f 3773/3773/1580 3777/3777/1572 3772/3772/1569
f 3772/3772/1569 3777/3777/1572 3776/3776/1568
f 3773/3773/1580 3778/3778/1559 3777/3777/1572
f 3774/3774/1552 3779/3779/1552 3775/3775/1553
f 3775/3775/1553 3779/3779/1552 3780/3780/1553
f 3776/3776/1568 3781/3781/1568 3774/3774/1552
f 3774/3774/1552 3781/3781/1568 3779/3779/1552
f 3777/3777/1572 3782/3782/1571 3776/3776/1568
f 3776/3776/1568 3782/3782/1571 3781/3781/1568
f 3778/3778/1559 3783/3783/1561 3777/3777/1572
f 3777/3777/1572 3783/3783/1561 3782/3782/1571
f 3778/3778/1559 3784/3784/1535 3783/3783/1561
f 3779/3779/1552 3785/3785/1552 3780/3780/1553
f 3780/3780/1553 3785/3785/1552 3786/3786/1551
f 3781/3781/1568 3787/3787/1557 3779/3779/1552
f 3779/3779/1552 3787/3787/1557 3785/3785/1552
f 3782/3782/1571 3788/3788/1571 3781/3781/1568
f 3781/3781/1568 3788/3788/1571 3787/3787/1557
f 3783/3783/1561 3789/3789/1561 3782/3782/1571
f 3782/3782/1571 3789/3789/1561 3788/3788/1571
f 3784/3784/1535 3790/3790/1562 3783/3783/1561
f 3783/3783/1561 3790/3790/1562 3789/3789/1561
f 3784/3784/1535 3791/3791/1549 3790/3790/1562
f 3791/3791/1549 3792/3792/1551 3790/3790/1562
f 3790/3790/1562 3792/3792/1551 3793/3793/1566
f 3790/3790/1562 3793/3793/1566 3789/3789/1561
f 3792/3792/1551 3794/3794/1555 3793/3793/1566
f 3785/3785/1552 3795/3795/1552 3786/3786/1551
f 3786/3786/1551 3795/3795/1552 3796/3796/1553
f 3787/3787/1557 3797/3797/1557 3785/3785/1552
f 3785/3785/1552 3797/3797/1557 3795/3795/1552
f 3789/3789/1561 3798/3798/1561 3788/3788/1571
f 3789/3789/1561 3793/3793/1566 3798/3798/1561
f 3793/3793/1566 3794/3794/1555 3799/3799/1566
f 3793/3793/1566 3799/3799/1566 3798/3798/1561
f 3794/3794/1555 3800/3800/1555 3799/3799/1566
f 3788/3788/1571 3801/3801/1558 3787/3787/1557
f 3788/3788/1571 3798/3798/1561 3801/3801/1558
f 3787/3787/1557 3801/3801/1558 3797/3797/1557
f 3795/3795/1552 3802/3802/1552 3796/3796/1553
f 3796/3796/1553 3802/3802/1552 3803/3803/1581
f 3799/3799/1566 3800/3800/1555 3804/3804/1563
f 3800/3800/1555 3805/3805/1555 3804/3804/1563
f 3798/3798/1561 3799/3799/1566 3806/3806/1561
f 3798/3798/1561 3806/3806/1561 3801/3801/1558
f 3799/3799/1566 3804/3804/1563 3806/3806/1561
f 3801/3801/1558 3807/3807/1558 3797/3797/1557
f 3801/3801/1558 3806/3806/1561 3807/3807/1558
f 3797/3797/1557 3808/3808/1557 3795/3795/1552
f 3795/3795/1552 3808/3808/1557 3802/3802/1552
f 3797/3797/1557 3807/3807/1558 3808/3808/1557
f 3802/3802/1552 3809/3809/1552 3803/3803/1581
f 3803/3803/1581 3809/3809/1552 3810/3810/1551
f 3804/3804/1563 3805/3805/1555 3811/3811/1563
f 3805/3805/1555 3812/3812/1553 3811/3811/1563
f 3806/3806/1561 3804/3804/1563 3813/3813/1561
f 3806/3806/1561 3813/3813/1561 3807/3807/1558
f 3804/3804/1563 3811/3811/1563 3813/3813/1561
f 3808/3808/1557 3814/3814/1557 3802/3802/1552
f 3802/3802/1552 3814/3814/1557 3809/3809/1552
f 3807/3807/1558 3815/3815/1558 3808/3808/1557
f 3807/3807/1558 3813/3813/1561 3815/3815/1558
f 3808/3808/1557 3815/3815/1558 3814/3814/1557
f 3809/3809/1552 3816/3816/1552 3810/3810/1551
f 3810/3810/1551 3816/3816/1552 3817/3817/1551
f 3811/3811/1563 3812/3812/1553 3818/3818/1563
f 3812/3812/1553 3819/3819/1553 3818/3818/1563
f 3813/3813/1561 3811/3811/1563 3820/3820/1561
f 3813/3813/1561 3820/3820/1561 3815/3815/1558
f 3811/3811/1563 3818/3818/1563 3820/3820/1561
f 3815/3815/1558 3821/3821/1558 3814/3814/1557
f 3815/3815/1558 3820/3820/1561 3821/3821/1558
f 3814/3814/1557 3822/3822/1565 3809/3809/1552
f 3809/3809/1552 3822/3822/1565 3816/3816/1552
f 3814/3814/1557 3821/3821/1558 3822/3822/1565
f 3816/3816/1552 3823/3823/1552 3817/3817/1551
f 3817/3817/1551 3823/3823/1552 3824/3824/1582
f 3818/3818/1563 3819/3819/1553 3825/3825/1563
f 3819/3819/1553 3826/3826/1553 3825/3825/1563
f 3820/3820/1561 3818/3818/1563 3827/3827/1561
f 3820/3820/1561 3827/3827/1561 3821/3821/1558
f 3818/3818/1563 3825/3825/1563 3827/3827/1561
f 3822/3822/1565 3828/3828/1569 3816/3816/1552
f 3816/3816/1552 3828/3828/1569 3823/3823/1552
f 3821/3821/1558 3829/3829/1558 3822/3822/1565
f 3821/3821/1558 3827/3827/1561 3829/3829/1558
f 3822/3822/1565 3829/3829/1558 3828/3828/1569
f 3825/3825/1563 3826/3826/1553 3830/3830/1564
f 3826/3826/1553 3831/3831/1551 3830/3830/1564
f 3827/3827/1561 3825/3825/1563 3832/3832/1561
f 3827/3827/1561 3832/3832/1561 3829/3829/1558
f 3825/3825/1563 3830/3830/1564 3832/3832/1561
f 3829/3829/1558 3833/3833/1558 3828/3828/1569
f 3829/3829/1558 3832/3832/1561 3833/3833/1558
f 3828/3828/1569 3834/3834/1569 3823/3823/1552
f 3828/3828/1569 3833/3833/1558 3834/3834/1569
f 3830/3830/1564 3831/3831/1551 3835/3835/1562
f 3831/3831/1551 3836/3836/1551 3835/3835/1562
f 3832/3832/1561 3830/3830/1564 3837/3837/1561
f 3832/3832/1561 3837/3837/1561 3833/3833/1558
f 3830/3830/1564 3835/3835/1562 3837/3837/1561
f 3835/3835/1562 3836/3836/1551 3838/3838/1562
f 3836/3836/1551 3839/3839/1551 3838/3838/1562
f 3833/3833/1558 3837/3837/1561 3840/3840/1572
f 3833/3833/1558 3840/3840/1572 3834/3834/1569
f 3837/3837/1561 3835/3835/1562 3841/3841/1561
f 3835/3835/1562 3838/3838/1562 3841/3841/1561
f 3837/3837/1561 3841/3841/1561 3840/3840/1572
f 3823/3823/1552 3834/3834/1569 3842/3842/1583
f 3823/3823/1552 3842/3842/1583 3824/3824/1582
f 3838/3838/1562 3839/3839/1551 3843/3843/1584
f 3839/3839/1551 3844/3844/1582 3843/3843/1584
f 3844/3844/1582 3845/3845/1582 3843/3843/1584
f 3834/3834/1569 3840/3840/1572 3846/3846/1585
f 3834/3834/1569 3846/3846/1585 3842/3842/1583
f 3841/3841/1561 3838/3838/1562 3847/3847/1586
f 3838/3838/1562 3843/3843/1584 3847/3847/1586
f 3840/3840/1572 3841/3841/1561 3848/3848/1587
f 3840/3840/1572 3848/3848/1587 3846/3846/1585
f 3841/3841/1561 3847/3847/1586 3848/3848/1587
f 3842/3842/1583 3849/3849/1583 3824/3824/1582
f 3849/3849/1583 3850/3850/1582 3824/3824/1582
f 3851/3851/1588 3850/3850/1582 3849/3849/1583
f 3845/3845/1582 3852/3852/1589 3843/3843/1584
f 3843/3843/1584 3852/3852/1589 3847/3847/1586
f 3846/3846/1585 3853/3853/1590 3842/3842/1583
f 3853/3853/1590 3849/3849/1583 3842/3842/1583
f 3854/3854/1591 3851/3851/1588 3849/3849/1583
f 3854/3854/1591 3849/3849/1583 3853/3853/1590
f 3855/3855/1588 3851/3851/1588 3854/3854/1591
f 3847/3847/1586 3856/3856/1586 3848/3848/1587
f 3852/3852/1589 3856/3856/1586 3847/3847/1586
f 3848/3848/1587 3857/3857/1587 3846/3846/1585
f 3857/3857/1587 3853/3853/1590 3846/3846/1585
f 3856/3856/1586 3857/3857/1587 3848/3848/1587
f 3858/3858/1592 3852/3852/1589 3845/3845/1582
f 3859/3859/1588 3858/3858/1592 3845/3845/1582
f 3860/3860/1593 3854/3854/1591 3853/3853/1590
f 3860/3860/1593 3853/3853/1590 3857/3857/1587
f 3861/3861/1591 3855/3855/1588 3854/3854/1591
f 3861/3861/1591 3854/3854/1591 3860/3860/1593
f 3862/3862/1588 3855/3855/1588 3861/3861/1591
f 3863/3863/1594 3856/3856/1586 3852/3852/1589
f 3858/3858/1592 3863/3863/1594 3852/3852/1589
f 3864/3864/1595 3857/3857/1587 3856/3856/1586
f 3864/3864/1595 3860/3860/1593 3857/3857/1587
f 3863/3863/1594 3864/3864/1595 3856/3856/1586
f 3865/3865/1596 3858/3858/1592 3859/3859/1588
f 3866/3866/1588 3865/3865/1596 3859/3859/1588
f 3867/3867/1593 3861/3861/1591 3860/3860/1593
f 3867/3867/1593 3860/3860/1593 3864/3864/1595
f 3868/3868/1583 3862/3862/1588 3861/3861/1591
f 3868/3868/1583 3861/3861/1591 3867/3867/1593
f 3869/3869/1588 3862/3862/1588 3868/3868/1583
f 3870/3870/1594 3863/3863/1594 3858/3858/1592
f 3865/3865/1596 3870/3870/1594 3858/3858/1592
f 3871/3871/1595 3864/3864/1595 3863/3863/1594
f 3871/3871/1595 3867/3867/1593 3864/3864/1595
f 3870/3870/1594 3871/3871/1595 3863/3863/1594
f 3872/3872/1596 3865/3865/1596 3866/3866/1588
f 3873/3873/1588 3872/3872/1596 3866/3866/1588
f 3874/3874/1583 3869/3869/1588 3868/3868/1583
f 3875/3875/1588 3869/3869/1588 3874/3874/1583
f 3876/3876/1593 3868/3868/1583 3867/3867/1593
f 3876/3876/1593 3867/3867/1593 3871/3871/1595
f 3874/3874/1583 3868/3868/1583 3876/3876/1593
f 3877/3877/1586 3870/3870/1594 3865/3865/1596
f 3872/3872/1596 3877/3877/1586 3865/3865/1596
f 3878/3878/1595 3871/3871/1595 3870/3870/1594
f 3878/3878/1595 3876/3876/1593 3871/3871/1595
f 3877/3877/1586 3878/3878/1595 3870/3870/1594
f 3879/3879/1596 3872/3872/1596 3873/3873/1588
f 3880/3880/1588 3879/3879/1596 3873/3873/1588
f 3881/3881/1583 3875/3875/1588 3874/3874/1583
f 3882/3882/1588 3875/3875/1588 3881/3881/1583
f 3883/3883/1593 3874/3874/1583 3876/3876/1593
f 3883/3883/1593 3876/3876/1593 3878/3878/1595
f 3881/3881/1583 3874/3874/1583 3883/3883/1593
f 3884/3884/1586 3877/3877/1586 3872/3872/1596
f 3879/3879/1596 3884/3884/1586 3872/3872/1596
f 3885/3885/1595 3878/3878/1595 3877/3877/1586
f 3885/3885/1595 3883/3883/1593 3878/3878/1595
f 3884/3884/1586 3885/3885/1595 3877/3877/1586
f 3886/3886/1592 3879/3879/1596 3880/3880/1588
f 3887/3887/1588 3886/3886/1592 3880/3880/1588
f 3888/3888/1583 3882/3882/1588 3881/3881/1583
f 3889/3889/1588 3882/3882/1588 3888/3888/1583
f 3890/3890/1593 3881/3881/1583 3883/3883/1593
f 3890/3890/1593 3883/3883/1593 3885/3885/1595
f 3888/3888/1583 3881/3881/1583 3890/3890/1593
f 3891/3891/1586 3884/3884/1586 3879/3879/1596
f 3886/3886/1592 3891/3891/1586 3879/3879/1596
f 3892/3892/1595 3885/3885/1595 3884/3884/1586
f 3892/3892/1595 3890/3890/1593 3885/3885/1595
f 3891/3891/1586 3892/3892/1595 3884/3884/1586
f 3893/3893/1596 3886/3886/1592 3887/3887/1588
f 3894/3894/1588 3893/3893/1596 3887/3887/1588
f 3895/3895/1583 3889/3889/1588 3888/3888/1583
f 3896/3896/1582 3889/3889/1588 3895/3895/1583
f 3897/3897/1593 3888/3888/1583 3890/3890/1593
f 3897/3897/1593 3890/3890/1593 3892/3892/1595
f 3895/3895/1583 3888/3888/1583 3897/3897/1593
f 3898/3898/1586 3891/3891/1586 3886/3886/1592
f 3893/3893/1596 3898/3898/1586 3886/3886/1592
f 3899/3899/1595 3892/3892/1595 3891/3891/1586
f 3899/3899/1595 3897/3897/1593 3892/3892/1595
f 3898/3898/1586 3899/3899/1595 3891/3891/1586
f 3900/3900/1592 3893/3893/1596 3894/3894/1588
f 3901/3901/1588 3900/3900/1592 3894/3894/1588
f 3902/3902/1583 3896/3896/1582 3895/3895/1583
f 3903/3903/1588 3896/3896/1582 3902/3902/1583
f 3904/3904/1593 3895/3895/1583 3897/3897/1593
f 3904/3904/1593 3897/3897/1593 3899/3899/1595
f 3902/3902/1583 3895/3895/1583 3904/3904/1593
f 3905/3905/1586 3898/3898/1586 3893/3893/1596
f 3900/3900/1592 3905/3905/1586 3893/3893/1596
f 3906/3906/1595 3899/3899/1595 3898/3898/1586
f 3906/3906/1595 3904/3904/1593 3899/3899/1595
f 3905/3905/1586 3906/3906/1595 3898/3898/1586
f 3907/3907/1592 3900/3900/1592 3901/3901/1588
f 3908/3908/1588 3907/3907/1592 3901/3901/1588
f 3909/3909/1597 3903/3903/1588 3902/3902/1583
f 3910/3910/1598 3903/3903/1588 3909/3909/1597
f 3911/3911/1599 3910/3910/1598 3909/3909/1597
f 3912/3912/1593 3902/3902/1583 3904/3904/1593
f 3912/3912/1593 3904/3904/1593 3906/3906/1595
f 3909/3909/1597 3902/3902/1583 3912/3912/1593
f 3911/3911/1599 3909/3909/1597 3913/3913/1600
f 3913/3913/1600 3909/3909/1597 3912/3912/1593
f 3914/3914/1601 3911/3911/1599 3913/3913/1600
f 3915/3915/1595 3912/3912/1593 3906/3906/1595
f 3915/3915/1595 3906/3906/1595 3905/3905/1586
f 3913/3913/1600 3912/3912/1593 3915/3915/1595
f 3916/3916/1586 3905/3905/1586 3900/3900/1592
f 3916/3916/1586 3915/3915/1595 3905/3905/1586
f 3907/3907/1592 3916/3916/1586 3900/3900/1592
f 3914/3914/1601 3913/3913/1600 3917/3917/1595
f 3917/3917/1595 3913/3913/1600 3915/3915/1595
f 3917/3917/1595 3915/3915/1595 3916/3916/1586
f 3918/3918/1530 3914/3914/1601 3917/3917/1595
f 3919/3919/1586 3917/3917/1595 3916/3916/1586
f 3918/3918/1530 3917/3917/1595 3919/3919/1586
f 3919/3919/1586 3916/3916/1586 3907/3907/1592
f 3920/3920/1602 3918/3918/1530 3919/3919/1586
f 3921/3921/1603 3919/3919/1586 3907/3907/1592
f 3920/3920/1602 3919/3919/1586 3921/3921/1603
f 3921/3921/1603 3907/3907/1592 3908/3908/1588
f 3922/3922/1604 3920/3920/1602 3921/3921/1603
f 3923/3923/1588 3921/3921/1603 3908/3908/1588
f 3922/3922/1604 3921/3921/1603 3923/3923/1588
f 3924/3924/1529 3922/3922/1604 3923/3923/1588
f 3925/3925/1605 3926/3926/1606 3927/3927/1607
f 3926/3926/1606 3928/3928/1608 3927/3927/1607
f 3927/3927/1607 3928/3928/1608 3929/3929/1609
f 3926/3926/1606 3930/3930/1548 3928/3928/1608
f 3928/3928/1608 3931/3931/1610 3929/3929/1609
f 3929/3929/1609 3931/3931/1610 3932/3932/1611
f 3930/3930/1548 3933/3933/1612 3928/3928/1608
f 3928/3928/1608 3933/3933/1612 3931/3931/1610
f 3930/3930/1548 3934/3934/1613 3933/3933/1612
f 3931/3931/1610 3935/3935/1614 3932/3932/1611
f 3932/3932/1611 3935/3935/1614 3936/3936/1615
f 3933/3933/1612 3937/3937/1616 3931/3931/1610
f 3931/3931/1610 3937/3937/1616 3935/3935/1614
f 3934/3934/1613 3938/3938/1617 3933/3933/1612
f 3933/3933/1612 3938/3938/1617 3937/3937/1616
f 3934/3934/1613 3939/3939/1544 3938/3938/1617
f 3935/3935/1614 3940/3940/1618 3936/3936/1615
f 3936/3936/1615 3940/3940/1618 3941/3941/1619
f 3937/3937/1616 3942/3942/1616 3935/3935/1614
f 3935/3935/1614 3942/3942/1616 3940/3940/1618
f 3938/3938/1617 3943/3943/1620 3937/3937/1616
f 3937/3937/1616 3943/3943/1620 3942/3942/1616
f 3939/3939/1544 3944/3944/1621 3938/3938/1617
f 3938/3938/1617 3944/3944/1621 3943/3943/1620
f 3939/3939/1544 3945/3945/1622 3944/3944/1621
f 3940/3940/1618 3946/3946/1618 3941/3941/1619
f 3941/3941/1619 3946/3946/1618 3947/3947/1623
f 3942/3942/1616 3948/3948/1624 3940/3940/1618
f 3940/3940/1618 3948/3948/1624 3946/3946/1618
f 3943/3943/1620 3949/3949/1625 3942/3942/1616
f 3942/3942/1616 3949/3949/1625 3948/3948/1624
f 3944/3944/1621 3950/3950/1626 3943/3943/1620
f 3943/3943/1620 3950/3950/1626 3949/3949/1625
f 3945/3945/1622 3951/3951/1627 3944/3944/1621
f 3944/3944/1621 3951/3951/1627 3950/3950/1626
f 3945/3945/1622 3952/3952/1628 3951/3951/1627
f 3952/3952/1628 3953/3953/1623 3951/3951/1627
f 3951/3951/1627 3953/3953/1623 3954/3954/1629
f 3951/3951/1627 3954/3954/1629 3950/3950/1626
f 3953/3953/1623 3955/3955/1615 3954/3954/1629
f 3946/3946/1618 3956/3956/1618 3947/3947/1623
f 3947/3947/1623 3956/3956/1618 3957/3957/1619
f 3948/3948/1624 3958/3958/1630 3946/3946/1618
f 3946/3946/1618 3958/3958/1630 3956/3956/1618
f 3950/3950/1626 3959/3959/1631 3949/3949/1625
f 3950/3950/1626 3954/3954/1629 3959/3959/1631
f 3954/3954/1629 3955/3955/1615 3960/3960/1629
f 3954/3954/1629 3960/3960/1629 3959/3959/1631
f 3955/3955/1615 3961/3961/1611 3960/3960/1629
f 3949/3949/1625 3962/3962/1620 3948/3948/1624
f 3949/3949/1625 3959/3959/1631 3962/3962/1620
f 3948/3948/1624 3962/3962/1620 3958/3958/1630
f 3956/3956/1618 3963/3963/1610 3957/3957/1619
f 3957/3957/1619 3963/3963/1610 3964/3964/1619
f 3960/3960/1629 3961/3961/1611 3965/3965/1632
f 3961/3961/1611 3966/3966/1615 3965/3965/1632
f 3959/3959/1631 3960/3960/1629 3967/3967/1633
f 3959/3959/1631 3967/3967/1633 3962/3962/1620
f 3960/3960/1629 3965/3965/1632 3967/3967/1633
f 3962/3962/1620 3968/3968/1634 3958/3958/1630
f 3962/3962/1620 3967/3967/1633 3968/3968/1634
f 3958/3958/1630 3969/3969/1635 3956/3956/1618
f 3956/3956/1618 3969/3969/1635 3963/3963/1610
f 3958/3958/1630 3968/3968/1634 3969/3969/1635
f 3963/3963/1610 3970/3970/1610 3964/3964/1619
f 3964/3964/1619 3970/3970/1610 3971/3971/1623
f 3965/3965/1632 3966/3966/1615 3972/3972/1636
f 3966/3966/1615 3973/3973/1619 3972/3972/1636
f 3967/3967/1633 3965/3965/1632 3974/3974/1633
f 3967/3967/1633 3974/3974/1633 3968/3968/1634
f 3965/3965/1632 3972/3972/1636 3974/3974/1633
f 3969/3969/1635 3975/3975/1635 3963/3963/1610
f 3963/3963/1610 3975/3975/1635 3970/3970/1610
f 3968/3968/1634 3976/3976/1617 3969/3969/1635
f 3968/3968/1634 3974/3974/1633 3976/3976/1617
f 3969/3969/1635 3976/3976/1617 3975/3975/1635
f 3970/3970/1610 3977/3977/1637 3971/3971/1623
f 3971/3971/1623 3977/3977/1637 3978/3978/1551
f 3972/3972/1636 3973/3973/1619 3979/3979/1638
f 3973/3973/1619 3980/3980/1619 3979/3979/1638
f 3974/3974/1633 3972/3972/1636 3981/3981/1633
f 3974/3974/1633 3981/3981/1633 3976/3976/1617
f 3972/3972/1636 3979/3979/1638 3981/3981/1633
f 3976/3976/1617 3982/3982/1634 3975/3975/1635
f 3976/3976/1617 3981/3981/1633 3982/3982/1634
f 3975/3975/1635 3983/3983/1624 3970/3970/1610
f 3970/3970/1610 3983/3983/1624 3977/3977/1637
f 3975/3975/1635 3982/3982/1634 3983/3983/1624
f 3977/3977/1637 3984/3984/1567 3978/3978/1551
f 3978/3978/1551 3984/3984/1567 3985/3985/1639
f 3979/3979/1638 3980/3980/1619 3986/3986/1636
f 3980/3980/1619 3987/3987/1619 3986/3986/1636
f 3981/3981/1633 3979/3979/1638 3988/3988/1631
f 3981/3981/1633 3988/3988/1631 3982/3982/1634
f 3979/3979/1638 3986/3986/1636 3988/3988/1631
f 3983/3983/1624 3989/3989/1640 3977/3977/1637
f 3977/3977/1637 3989/3989/1640 3984/3984/1567
f 3982/3982/1634 3990/3990/1634 3983/3983/1624
f 3982/3982/1634 3988/3988/1631 3990/3990/1634
f 3983/3983/1624 3990/3990/1634 3989/3989/1640
f 3986/3986/1636 3987/3987/1619 3991/3991/1632
f 3987/3987/1619 3992/3992/1619 3991/3991/1632
f 3988/3988/1631 3986/3986/1636 3993/3993/1631
f 3988/3988/1631 3993/3993/1631 3990/3990/1634
f 3986/3986/1636 3991/3991/1632 3993/3993/1631
f 3990/3990/1634 3994/3994/1617 3989/3989/1640
f 3990/3990/1634 3993/3993/1631 3994/3994/1617
f 3989/3989/1640 3995/3995/1569 3984/3984/1567
f 3989/3989/1640 3994/3994/1617 3995/3995/1569
f 3991/3991/1632 3992/3992/1619 3996/3996/1627
f 3992/3992/1619 3997/3997/1623 3996/3996/1627
f 3993/3993/1631 3991/3991/1632 3998/3998/1633
f 3993/3993/1631 3998/3998/1633 3994/3994/1617
f 3991/3991/1632 3996/3996/1627 3998/3998/1633
f 3996/3996/1627 3997/3997/1623 3999/3999/1562
f 3997/3997/1623 4000/4000/1551 3999/3999/1562
f 3994/3994/1617 3998/3998/1633 4001/4001/1641
f 3994/3994/1617 4001/4001/1641 3995/3995/1569
f 3998/3998/1633 3996/3996/1627 4002/4002/1642
f 3996/3996/1627 3999/3999/1562 4002/4002/1642
f 3998/3998/1633 4002/4002/1642 4001/4001/1641
f 3984/3984/1567 3995/3995/1569 4003/4003/1597
f 3984/3984/1567 4003/4003/1597 3985/3985/1639
f 3999/3999/1562 4000/4000/1551 4004/4004/1643
f 4000/4000/1551 4005/4005/1639 4004/4004/1643
f 4005/4005/1639 4006/4006/1644 4004/4004/1643
f 3995/3995/1569 4001/4001/1641 4007/4007/1645
f 3995/3995/1569 4007/4007/1645 4003/4003/1597
f 4002/4002/1642 3999/3999/1562 4008/4008/1646
f 3999/3999/1562 4004/4004/1643 4008/4008/1646
f 4001/4001/1641 4002/4002/1642 4009/4009/1647
f 4001/4001/1641 4009/4009/1647 4007/4007/1645
f 4002/4002/1642 4008/4008/1646 4009/4009/1647
f 4003/4003/1597 4010/4010/1648 3985/3985/1639
f 4010/4010/1648 4011/4011/1649 3985/3985/1639
f 4012/4012/1650 4011/4011/1649 4010/4010/1648
f 4006/4006/1644 4013/4013/1651 4004/4004/1643
f 4004/4004/1643 4013/4013/1651 4008/4008/1646
f 4007/4007/1645 4014/4014/1652 4003/4003/1597
f 4014/4014/1652 4010/4010/1648 4003/4003/1597
f 4015/4015/1653 4012/4012/1650 4010/4010/1648
f 4015/4015/1653 4010/4010/1648 4014/4014/1652
f 4016/4016/1654 4012/4012/1650 4015/4015/1653
f 4008/4008/1646 4017/4017/1655 4009/4009/1647
f 4013/4013/1651 4017/4017/1655 4008/4008/1646
f 4009/4009/1647 4018/4018/1656 4007/4007/1645
f 4018/4018/1656 4014/4014/1652 4007/4007/1645
f 4017/4017/1655 4018/4018/1656 4009/4009/1647
f 4019/4019/1657 4013/4013/1651 4006/4006/1644
f 4020/4020/1650 4019/4019/1657 4006/4006/1644
f 4021/4021/1658 4015/4015/1653 4014/4014/1652
f 4021/4021/1658 4014/4014/1652 4018/4018/1656
f 4022/4022/1659 4016/4016/1654 4015/4015/1653
f 4022/4022/1659 4015/4015/1653 4021/4021/1658
f 4023/4023/1654 4016/4016/1654 4022/4022/1659
f 4024/4024/1660 4017/4017/1655 4013/4013/1651
f 4019/4019/1657 4024/4024/1660 4013/4013/1651
f 4025/4025/1661 4018/4018/1656 4017/4017/1655
f 4025/4025/1661 4021/4021/1658 4018/4018/1656
f 4024/4024/1660 4025/4025/1661 4017/4017/1655
f 4026/4026/1662 4019/4019/1657 4020/4020/1650
f 4027/4027/1654 4026/4026/1662 4020/4020/1650
f 4028/4028/1663 4022/4022/1659 4021/4021/1658
f 4028/4028/1663 4021/4021/1658 4025/4025/1661
f 4029/4029/1664 4023/4023/1654 4022/4022/1659
f 4029/4029/1664 4022/4022/1659 4028/4028/1663
f 4030/4030/1650 4023/4023/1654 4029/4029/1664
f 4031/4031/1665 4024/4024/1660 4019/4019/1657
f 4026/4026/1662 4031/4031/1665 4019/4019/1657
f 4032/4032/1666 4025/4025/1661 4024/4024/1660
f 4032/4032/1666 4028/4028/1663 4025/4025/1661
f 4031/4031/1665 4032/4032/1666 4024/4024/1660
f 4033/4033/1662 4026/4026/1662 4027/4027/1654
f 4034/4034/1654 4033/4033/1662 4027/4027/1654
f 4035/4035/1653 4030/4030/1650 4029/4029/1664
f 4036/4036/1654 4030/4030/1650 4035/4035/1653
f 4037/4037/1667 4029/4029/1664 4028/4028/1663
f 4037/4037/1667 4028/4028/1663 4032/4032/1666
f 4035/4035/1653 4029/4029/1664 4037/4037/1667
f 4038/4038/1665 4031/4031/1665 4026/4026/1662
f 4033/4033/1662 4038/4038/1665 4026/4026/1662
f 4039/4039/1666 4032/4032/1666 4031/4031/1665
f 4039/4039/1666 4037/4037/1667 4032/4032/1666
f 4038/4038/1665 4039/4039/1666 4031/4031/1665
f 4040/4040/1662 4033/4033/1662 4034/4034/1654
f 4041/4041/1654 4040/4040/1662 4034/4034/1654
f 4042/4042/1659 4036/4036/1654 4035/4035/1653
f 4043/4043/1668 4036/4036/1654 4042/4042/1659
f 4044/4044/1667 4035/4035/1653 4037/4037/1667
f 4044/4044/1667 4037/4037/1667 4039/4039/1666
f 4042/4042/1659 4035/4035/1653 4044/4044/1667
f 4045/4045/1660 4038/4038/1665 4033/4033/1662
f 4040/4040/1662 4045/4045/1660 4033/4033/1662
f 4046/4046/1661 4039/4039/1666 4038/4038/1665
f 4046/4046/1661 4044/4044/1667 4039/4039/1666
f 4045/4045/1660 4046/4046/1661 4038/4038/1665
f 4047/4047/1669 4040/4040/1662 4041/4041/1654
f 4048/4048/1654 4047/4047/1669 4041/4041/1654
f 4049/4049/1664 4043/4043/1668 4042/4042/1659
f 4050/4050/1670 4043/4043/1668 4049/4049/1664
f 4051/4051/1671 4042/4042/1659 4044/4044/1667
f 4051/4051/1671 4044/4044/1667 4046/4046/1661
f 4049/4049/1664 4042/4042/1659 4051/4051/1671
f 4052/4052/1665 4045/4045/1660 4040/4040/1662
f 4047/4047/1669 4052/4052/1665 4040/4040/1662
f 4053/4053/1666 4046/4046/1661 4045/4045/1660
f 4053/4053/1666 4051/4051/1671 4046/4046/1661
f 4052/4052/1665 4053/4053/1666 4045/4045/1660
f 4054/4054/1669 4047/4047/1669 4048/4048/1654
f 4055/4055/1654 4054/4054/1669 4048/4048/1654
f 4056/4056/1659 4050/4050/1670 4049/4049/1664
f 4057/4057/1670 4050/4050/1670 4056/4056/1659
f 4058/4058/1671 4049/4049/1664 4051/4051/1671
f 4058/4058/1671 4051/4051/1671 4053/4053/1666
f 4056/4056/1659 4049/4049/1664 4058/4058/1671
f 4059/4059/1665 4052/4052/1665 4047/4047/1669
f 4054/4054/1669 4059/4059/1665 4047/4047/1669
f 4060/4060/1672 4053/4053/1666 4052/4052/1665
f 4060/4060/1672 4058/4058/1671 4053/4053/1666
f 4059/4059/1665 4060/4060/1672 4052/4052/1665
f 4061/4061/1673 4054/4054/1669 4055/4055/1654
f 4062/4062/1670 4061/4061/1673 4055/4055/1654
f 4063/4063/1664 4057/4057/1670 4056/4056/1659
f 4064/4064/1654 4057/4057/1670 4063/4063/1664
f 4065/4065/1674 4056/4056/1659 4058/4058/1671
f 4065/4065/1674 4058/4058/1671 4060/4060/1672
f 4063/4063/1664 4056/4056/1659 4065/4065/1674
f 4066/4066/1665 4059/4059/1665 4054/4054/1669
f 4061/4061/1673 4066/4066/1665 4054/4054/1669
f 4067/4067/1672 4060/4060/1672 4059/4059/1665
f 4067/4067/1672 4065/4065/1674 4060/4060/1672
f 4066/4066/1665 4067/4067/1672 4059/4059/1665
f 4068/4068/1675 4061/4061/1673 4062/4062/1670
f 4069/4069/1668 4068/4068/1675 4062/4062/1670
f 4070/4070/1653 4064/4064/1654 4063/4063/1664
f 4071/4071/1540 4064/4064/1654 4070/4070/1653
f 4072/4072/1538 4071/4071/1540 4070/4070/1653
f 4073/4073/1676 4063/4063/1664 4065/4065/1674
f 4073/4073/1676 4065/4065/1674 4067/4067/1672
f 4070/4070/1653 4063/4063/1664 4073/4073/1676
f 4072/4072/1538 4070/4070/1653 4074/4074/1677
f 4074/4074/1677 4070/4070/1653 4073/4073/1676
f 4075/4075/1678 4072/4072/1538 4074/4074/1677
f 4076/4076/1672 4073/4073/1676 4067/4067/1672
f 4076/4076/1672 4067/4067/1672 4066/4066/1665
f 4074/4074/1677 4073/4073/1676 4076/4076/1672
f 4077/4077/1665 4066/4066/1665 4061/4061/1673
f 4077/4077/1665 4076/4076/1672 4066/4066/1665
f 4068/4068/1675 4077/4077/1665 4061/4061/1673
f 4075/4075/1678 4074/4074/1677 4078/4078/1679
f 4078/4078/1679 4074/4074/1677 4076/4076/1672
f 4078/4078/1679 4076/4076/1672 4077/4077/1665
f 4079/4079/1680 4075/4075/1678 4078/4078/1679
f 4080/4080/1681 4078/4078/1679 4077/4077/1665
f 4079/4079/1680 4078/4078/1679 4080/4080/1681
f 4080/4080/1681 4077/4077/1665 4068/4068/1675
f 4081/4081/1682 4079/4079/1680 4080/4080/1681
f 4082/4082/1657 4080/4080/1681 4068/4068/1675
f 4081/4081/1682 4080/4080/1681 4082/4082/1657
f 4082/4082/1657 4068/4068/1675 4069/4069/1668
f 4083/4083/1542 4081/4081/1682 4082/4082/1657
f 4084/4084/1650 4082/4082/1657 4069/4069/1668
f 4083/4083/1542 4082/4082/1657 4084/4084/1650
f 4085/4085/1540 4083/4083/1542 4084/4084/1650
f 4086/4086/1683 4087/4087/1684 4088/4088/1683
f 4087/4087/1684 4089/4089/1684 4088/4088/1683
f 4087/4087/1684 4090/4090/1685 4089/4089/1684
f 4090/4090/1685 4091/4091/1685 4089/4089/1684
f 4090/4090/1685 4092/4092/1686 4091/4091/1685
f 4092/4092/1686 4093/4093/1686 4091/4091/1685
f 4092/4092/1686 4094/4094/1687 4093/4093/1686
f 4094/4094/1687 4095/4095/1687 4093/4093/1686
f 4094/4094/1687 4096/4096/1688 4095/4095/1687
f 4096/4096/1688 4097/4097/1688 4095/4095/1687
f 4096/4096/1688 4098/4098/1689 4097/4097/1688
f 4098/4098/1689 4099/4099/1689 4097/4097/1688
f 4098/4098/1689 4100/4100/1690 4099/4099/1689
f 4100/4100/1690 4101/4101/1690 4099/4099/1689
f 4100/4100/1690 4102/4102/1691 4101/4101/1690
f 4102/4102/1691 4103/4103/1691 4101/4101/1690
f 4102/4102/1691 4104/4104/1692 4103/4103/1691
f 4104/4104/1692 4105/4105/1692 4103/4103/1691
f 4104/4104/1692 4106/4106/1693 4105/4105/1692
f 4106/4106/1693 4107/4107/1693 4105/4105/1692
f 4106/4106/1693 4108/4108/1694 4107/4107/1693
f 4108/4108/1694 4109/4109/1694 4107/4107/1693
f 4108/4108/1694 4110/4110/1683 4109/4109/1694
f 4110/4110/1683 4111/4111/1695 4109/4109/1694
f 4112/4112/1442 4113/4113/1442 4114/4114/1442
f 4114/4114/1442 4113/4113/1442 4115/4115/1442
f 4116/4116/1442 4113/4113/1442 4112/4112/1442
f 4115/4115/1442 4113/4113/1442 4117/4117/1442
f 4118/4118/1442 4113/4113/1442 4116/4116/1442
f 4117/4117/1442 4113/4113/1442 4119/4119/1442
f 4120/4120/1442 4113/4113/1442 4118/4118/1442
f 4119/4119/1442 4113/4113/1442 4121/4121/1442
f 4122/4122/1442 4113/4113/1442 4120/4120/1442
f 4121/4121/1442 4113/4113/1442 4123/4123/1442
f 4124/4124/1442 4113/4113/1442 4122/4122/1442
f 4123/4123/1442 4113/4113/1442 4124/4124/1442
