# Blender 3.6.0
# www.blender.org
mtllib STienda.mtl
g STienda_Mesh
v 33.719601 59.811661 12.629418
v 44.218384 36.894936 19.489820
v 36.962921 35.598862 19.506012
v 52.111877 37.843380 19.686438
v 55.823364 59.338142 14.031635
v 58.140434 40.559158 19.341173
v 53.192749 60.656742 13.401051
v -4.348176 105.444435 35.892838
v -4.498883 94.814850 40.758286
v 2.129122 101.573891 40.757271
v 2.676133 95.662323 41.862389
v -14.507160 44.393799 35.010536
v -8.188231 43.327789 35.031979
v -18.043930 44.920013 34.981987
v 3.344267 88.063820 40.709694
v 1.514936 42.565239 37.175415
v 0.310669 41.787354 36.910027
v 39.055901 63.501663 11.136558
v 0.393147 42.258011 35.164410
v 54.277084 62.323868 10.381847
v 52.811089 36.576134 3.872430
v 41.439999 35.613838 3.173428
v 45.365322 33.748657 1.962792
v 43.103096 57.298168 -1.295053
v 42.170525 34.767311 -1.020527
v 39.835007 60.014328 5.154391
v 41.111359 59.881584 5.000459
v 38.565338 40.965240 7.467396
v 33.997562 51.365860 4.915488
v -26.076706 37.601864 -1.755351
v -26.618649 40.060997 -2.977236
v -22.418880 42.451019 6.770125
v -25.926064 40.613426 6.491477
v -23.662395 43.067513 -0.127259
v -19.632332 43.918266 4.922977
v -16.521534 37.211258 -0.292855
v -18.269020 37.453129 1.371738
v -10.652969 80.192680 40.756935
v -2.975876 73.641647 39.912689
v -11.461194 94.340439 40.386814
v 1.702615 107.079155 35.866486
v 4.809631 74.199425 40.302872
v -6.667810 110.994858 22.401464
v -10.779451 73.522308 39.906307
v -4.097627 87.036522 40.262733
v -4.132433 109.477631 31.944778
v -4.045383 112.433075 29.103777
v 0.004742 113.410179 32.867661
v -11.711223 43.235649 36.713173
v 4.142781 51.438175 37.284840
v 4.917075 66.377380 38.555908
v 3.507255 60.196453 37.977676
v 47.953568 36.740601 5.475710
v 53.226147 39.739754 -0.409988
v 47.054558 34.960152 6.457616
v 43.843910 52.668484 -2.893492
v 38.444126 35.777786 11.034715
v 41.749352 36.318012 7.885625
v 34.113453 41.670517 10.224791
v 33.930328 47.613926 7.118744
v 34.113453 41.670517 10.224791
v 34.984459 45.959190 7.665483
v 38.857414 56.563969 0.750388
v 40.077961 53.116539 -1.410527
v 42.081688 64.376007 10.591352
v 36.992218 53.245056 0.945666
v -27.532627 35.149628 -0.667512
v -25.551868 43.260429 1.119845
v -24.529961 43.445179 0.556526
v -24.009903 42.146168 3.010479
v -7.661641 108.347588 21.619062
v -5.039427 110.317749 22.701517
v 4.180595 80.909370 41.798412
v 4.142781 51.438175 37.284840
v -3.597819 43.133728 35.218319
v -15.184419 53.583630 37.912060
v -3.989156 113.817024 26.464279
v -11.271640 66.447578 38.391308
v -11.626980 43.705505 34.966957
v -5.154494 60.684780 38.816895
v 3.507255 60.196453 37.977676
v 44.048683 33.813499 11.405283
v 36.508179 34.289169 -11.283599
v 37.838104 35.051071 -10.406234
v 36.902054 32.775673 -11.750147
v 35.747452 33.872040 -9.140997
v 32.273567 50.362793 9.406609
v 43.578899 37.765938 6.899109
v 38.565338 40.965240 7.467396
v 36.656445 41.138084 7.679082
v -9.544522 106.049812 31.421989
v -4.545159 101.179352 40.541409
v -10.409393 103.913689 35.844879
v -3.267792 79.960617 40.790073
v 4.917075 66.377380 38.555908
v -5.524851 52.462967 37.636292
v -2.733067 117.611801 23.290388
v 10.392572 7.386029 10.303423
v 12.406263 5.342586 3.495943
v 11.268044 6.448630 9.565039
v 19.541107 4.816973 0.487234
v 14.585480 6.293987 14.690958
v 17.297157 8.231840 15.662565
v 11.268044 6.448630 9.565039
v 14.982948 4.777954 1.189564
v 10.660265 6.206138 3.281821
v 19.379076 5.055572 -0.939732
v 10.392572 7.386029 10.303423
v 24.874264 5.751968 5.273313
v 18.800076 6.407986 14.898693
v 22.717211 5.281516 1.614688
v 22.555002 4.952095 3.575089
v 13.678881 5.114527 -0.491196
v 14.982948 4.777954 1.189564
v 18.800076 6.407986 14.898693
v 23.920891 5.491264 6.894797
v 24.432781 -0.208863 11.683062
v 22.501165 -0.255355 -1.302988
v 21.578552 0.081846 14.294831
v 17.331114 2.414652 16.051285
v 12.851951 6.857085 13.073391
v 10.436855 4.032991 10.779100
v 11.815166 0.332681 5.863094
v -3.163870 66.328880 38.404533
v 12.406263 5.342586 3.495943
v 11.815166 0.332681 5.863094
v 12.851951 6.857085 13.073391
v 10.091119 2.499822 10.635779
v 17.171051 0.275333 15.837973
v 21.962290 4.334177 13.761829
v -6.837053 107.427650 24.878719
v -13.715893 61.113560 39.663754
v -3.665060 42.629723 36.954197
v -3.597819 43.133728 35.218319
v 36.225761 34.179054 17.343409
v 36.656445 41.138084 7.679082
v -5.995156 107.796906 22.067322
v -5.020038 110.303345 22.690367
v 25.789875 -0.167620 -1.412885
v 26.975241 -0.250673 8.874627
v -11.626980 43.705505 34.966957
v 42.483391 64.687973 12.605042
v 48.245010 65.279953 11.915281
v 47.892769 64.871819 10.109209
v 46.290558 60.134239 4.451809
v -18.043930 44.920013 34.981987
v -14.507160 44.393799 35.010536
v 1.586833 43.026817 35.428631
v 1.586833 43.026817 35.428631
v 0.393147 42.258011 35.164410
v 31.469814 34.347527 -11.179861
v 32.056450 32.771736 -11.726162
v 32.938599 33.095322 -14.080402
v 35.056782 31.351349 -13.161304
v 38.946072 33.161243 -13.683217
v 43.631420 38.015408 -11.607335
v 36.672096 39.512894 -13.674969
v 38.759361 43.061123 -10.291523
v 36.193497 43.559483 -11.181129
v 29.218075 44.221375 -10.930924
v 28.403336 41.246185 -11.331169
v 34.331642 34.273529 -15.781363
v 42.291862 37.078400 -13.937565
v 38.237720 33.964630 -15.394349
v 37.199219 31.618893 -12.887364
v 41.915905 42.833023 -10.625669
v 45.475658 40.118443 -10.241546
v 38.645687 38.898682 -15.416409
v 37.173695 41.330273 -10.643654
v 35.417713 41.365948 -10.780095
v 45.817001 34.379787 -10.320368
v 37.145840 50.065445 -6.435163
v 40.079971 48.393902 -7.579332
v 25.098095 39.753307 -12.137995
v 26.294437 36.841908 -11.927423
v 32.887493 40.070797 -11.238661
v 32.887493 40.070797 -11.238661
v 29.167736 37.283340 -12.699028
v 29.811348 42.246864 -9.968828
v 27.551430 36.450043 -12.292686
v 26.294437 36.841908 -11.927423
v 25.298100 38.263733 -11.859781
v 24.484402 37.883621 -14.289818
v 25.810875 36.312473 -14.279650
v 25.098095 39.753307 -12.137995
v 31.366798 40.451904 -10.275210
v 30.655613 38.633869 -12.602686
v 28.063656 38.186726 -11.630867
v 27.108295 37.337502 -15.133156
v 27.551430 36.450043 -12.292686
v 27.722363 36.030582 -14.000992
v 24.485340 39.485779 -13.924181
v 26.066311 40.946579 -12.257631
v 25.717213 41.331547 -14.203104
v 26.768826 40.385139 -15.049708
v 29.218075 44.221375 -10.930924
v 27.835331 42.516468 -12.328461
v 29.782627 45.457821 -12.484743
v 31.185024 38.682297 -14.356289
v 41.020931 34.604836 -13.458616
v 39.658970 39.990067 -13.934807
v 41.515747 35.160389 -11.633451
v 33.260902 35.787392 -14.258915
v 35.310322 37.764236 -14.468307
v 34.214832 30.904800 -10.987680
v 36.595844 32.287403 -15.046177
v 41.167381 36.135601 -15.430551
v 37.639759 40.725140 -11.894295
v 40.794071 41.362637 -11.807007
v 37.409637 45.535156 -10.482172
v 42.803356 35.563423 -9.137534
v 36.395191 36.170898 -15.826525
v 35.514069 30.818893 -9.749418
v 40.955250 63.542831 10.602243
v 40.909851 63.642044 12.067889
v 34.079380 47.840691 -9.233154
v 42.927593 34.772167 -9.911738
v 44.434582 33.203060 -11.623446
v 29.730289 39.511322 -11.747572
v 25.298100 38.263733 -11.859781
v 29.167736 37.283340 -12.699028
v 28.482212 38.306221 -15.516472
v 29.199547 37.154663 -14.296684
v 25.676052 39.004620 -14.728136
v 44.397690 36.443596 -9.626760
v 47.975643 36.595482 -9.202536
v 50.089714 34.028694 -6.758042
v 50.081615 39.955551 -6.613283
v 27.613438 43.387379 -14.101817
v 30.107708 45.621181 -8.813837
v 31.599800 44.920906 -14.620178
v 27.835331 42.516468 -12.328461
v 26.066311 40.946579 -12.257631
v 47.356735 31.722288 -9.121350
v 46.297787 30.401491 -10.518741
v 41.944130 31.415348 -11.398506
v 26.667431 39.551151 -11.198977
v 30.655613 38.633869 -12.602686
v 41.158237 32.988899 -10.622860
v 41.180458 28.360085 -4.473875
v 44.103958 29.689621 -7.386384
v 46.973965 31.448879 -2.729547
v 43.234119 29.629530 -7.170274
v -23.355091 42.071114 2.838754
v -20.968811 42.822517 4.777306
v -29.717167 34.337696 -0.595416
v -25.632126 42.055378 2.802305
v 35.997765 56.117680 2.235947
v 35.385174 53.267494 2.585319
v 39.405479 63.698177 12.979132
v 38.445869 29.248903 -8.178705
v 39.881588 28.176994 -5.534761
v 43.909992 28.623621 -10.267494
v 41.977489 27.785049 -9.476807
v 26.980885 45.989632 -0.309026
v 28.281292 47.922985 1.039069
v 39.211529 52.413460 -2.906616
v 36.048462 52.446499 -1.052619
v 49.944191 32.782417 -4.499958
v 51.518700 34.953712 -2.615533
v 31.619148 47.516991 -6.056753
v 30.614014 45.556847 -5.162232
v 47.398689 30.700407 -6.997172
v 43.958424 45.909843 -7.908582
v 31.408260 48.377804 -2.280575
v -8.319215 107.397911 28.530970
v 11.389788 3.904474 6.542010
v -10.409393 103.913689 35.844879
v 11.268044 6.448630 9.565039
v 47.640457 42.947826 -7.486669
v 31.142345 45.004086 -2.653444
v 11.268044 6.448630 9.565039
v 13.336569 4.228470 14.846432
v 51.780449 37.013786 -4.623311
v -11.461194 94.340439 40.386814
v -11.034595 100.679222 40.078232
v 46.366562 49.212669 -4.667902
v 33.196411 51.754837 0.238113
v 31.648430 51.014576 2.741085
v 49.714333 45.944199 -4.821707
v 42.576447 51.449497 -3.996783
v 38.655479 35.512299 -9.517483
v 23.988377 41.082153 -0.684252
v 31.391064 32.925232 -9.451806
v 42.851833 28.208960 -7.358624
v 40.856956 27.515320 -7.427028
v 45.755985 30.355188 -5.640506
v 41.911362 29.947708 -4.256577
v 27.973339 42.114193 -15.987803
v 34.912052 43.122623 -13.039679
v 29.811642 39.380661 -16.167572
v 33.918396 46.887047 -10.786142
v 32.802044 45.944878 -12.445157
v 31.511463 40.661064 -15.881899
v 47.808044 62.781677 12.747602
v 29.560070 43.371254 -15.537517
v 42.756538 60.795273 12.717966
v 57.042183 57.697075 14.334246
v 45.113701 29.011261 -8.325758
v 40.920822 45.638283 -8.958785
v 46.956600 39.181007 -8.976414
v 34.469654 50.579651 -4.445418
v 28.155087 45.906826 -1.939511
v 52.030121 36.951492 0.010615
v 38.203327 29.717531 -6.186147
v 39.550304 28.606819 -3.889596
v 49.373878 35.933651 3.417106
v 33.817413 40.563782 -12.813792
v 31.470764 46.896580 -9.392885
v 34.865311 43.339272 17.888321
v 33.392395 41.982632 -15.194457
v 40.214939 29.838661 -3.594297
v 41.212311 33.358784 -9.360007
v 42.105251 34.492664 -7.940234
v 41.187778 34.862976 -8.195840
v 48.509842 33.322605 0.357190
v 38.932682 31.546616 -9.124219
v 37.731613 30.955120 -5.858361
v 39.502628 32.159615 -8.663054
v 38.544807 31.774942 -5.726998
v 37.611229 29.847359 -4.738317
v 33.295544 30.995049 -8.980471
v 52.191879 42.321144 -3.670228
v 52.716469 38.945778 -2.121514
v 11.389788 3.904474 6.542010
v 34.493618 32.572060 -8.390489
v 32.802608 34.209812 -8.811465
v 38.825596 31.004547 -4.259771
v 39.072018 34.137825 -11.741767
v 37.958279 33.377724 -11.951053
v 39.839390 34.413765 -10.542963
v 36.081604 32.206619 -9.130213
v 34.487114 56.793362 7.427926
v 44.741760 34.024475 20.237480
v 35.072231 35.671341 -11.481836
v 29.322628 44.539558 -2.347637
v 29.680798 48.189362 -1.289911
v 30.399719 44.870758 -2.047022
v 39.839390 34.413765 -10.542963
v 62.437500 46.257248 18.297146
v 31.456326 41.753345 18.486980
v 34.660179 60.339638 14.383769
v 34.347305 52.121407 16.287376
v 44.103958 29.689621 -7.386384
v 42.105251 34.492664 -7.940234
v -10.652969 80.192680 40.756935
v -13.715893 61.113560 39.663754
v 40.480995 32.045399 -5.638553
v 37.047573 37.267487 -9.767940
v 24.846901 43.602921 1.185396
v 28.902590 1.652074 3.653288
v 26.528057 3.874298 1.419271
v 19.044754 3.884136 0.053775
v 18.442120 1.827334 -0.143930
v 27.083466 3.508415 3.942219
v 26.079842 2.108391 -1.366603
v 28.140854 1.838760 0.496750
v 28.153191 1.638894 6.547039
v 22.850267 1.845768 -1.767045
v 25.159586 4.311526 6.348185
v 18.656710 0.024958 0.235759
v 28.120148 -0.211123 6.543113
v 24.218498 4.213348 9.686035
v 23.912811 5.072936 2.148636
v 15.807989 1.763419 1.632389
v 26.806782 2.115401 8.891020
v 14.746816 3.623124 2.131956
v -12.485796 0.419175 10.034845
v -16.984173 0.303865 12.635589
v -20.818243 0.307656 12.076595
v -24.105093 0.110518 8.759594
v 11.501732 2.027014 5.598568
v 10.574098 0.397753 10.353820
v 14.585480 6.293987 14.690958
v 23.119917 6.070137 11.519912
v 16.146057 -0.081563 2.242303
v 28.770832 -0.142466 3.584786
v -11.633371 0.342690 5.447982
v -15.321810 0.024303 -2.600168
v -18.104473 -0.259597 -5.666492
v -21.012913 -0.172408 -7.205580
v -23.516607 -0.321146 -6.177063
v -25.881413 -0.137098 -4.017800
v -21.165785 31.564148 2.841078
v -21.939241 31.235996 -1.301075
v 24.586241 3.441879 -0.837268
v -26.583578 -0.233922 1.524143
v 27.590368 -0.320430 0.607825
v 62.503174 51.258724 17.372051
v 37.089058 57.328812 14.523134
v 43.234119 29.629530 -7.170274
v 38.825596 31.004547 -4.259771
v 27.718479 41.518833 -4.179246
v 24.956432 42.545151 -2.704797
v 36.276615 36.618980 -10.715252
v 13.672848 8.771371 14.845151
v 32.692497 35.604336 -10.078135
v 32.802608 34.209812 -8.811465
v 39.072018 34.137825 -11.741767
v 31.456326 41.753345 18.486980
v 30.963568 53.452126 16.585220
v 39.145439 38.539093 18.450300
v 41.687744 32.482002 -8.322670
v 42.470623 30.958969 -7.305112
v 40.214939 29.838661 -3.594297
v 28.596054 43.661720 -3.060822
v 25.698917 44.817162 -1.370958
v 35.599602 38.092506 -12.662567
v 35.644897 36.066040 -11.628693
v 34.271717 35.383553 -9.890331
v 34.741329 37.007381 -12.716737
v 33.711479 36.033260 -12.414674
v 51.679245 37.422943 2.278689
v 46.962646 55.746048 -2.410170
v 37.958279 33.377724 -11.951053
v 36.081604 32.206619 -9.130213
v 34.493618 32.572060 -8.390489
v 37.059006 34.530766 -11.578640
v 34.107941 40.015621 -9.594656
v 35.599602 38.092506 -12.662567
v 34.741329 37.007381 -12.716737
v 34.745029 39.672333 -9.928926
v 36.171535 39.480354 -10.941122
v 33.711479 36.033260 -12.414674
v 32.692497 35.604336 -10.078135
v 36.902054 32.775673 -11.750147
v -15.184419 53.583630 37.912060
v -18.043930 44.920013 34.981987
v -8.188231 43.327789 35.031979
v 13.116330 2.537729 15.054613
v 21.885838 2.579956 14.306841
v 11.501732 2.027014 5.598568
v 17.805065 4.609524 15.604350
v 19.541107 4.816973 0.487234
v 13.479363 0.273662 14.661556
v 22.555002 4.952095 3.575089
v 24.596567 2.603244 11.752397
v -26.591883 -0.199414 -1.073295
v -20.560312 0.000068 2.004784
v -11.669789 29.670391 -12.788961
v -15.932461 31.325150 11.969599
v -15.935946 30.099781 -11.423440
v -6.822278 29.815392 -13.721325
v -18.888514 31.482761 7.924031
v 0.505100 30.834278 19.038525
v -1.536038 30.112457 -14.646006
v -15.748875 30.238287 8.674900
v -25.527645 -0.185961 5.162249
v 3.969651 30.439091 -15.019329
v -19.769627 29.011583 4.928869
v -14.591933 43.925301 36.757114
v 4.414313 41.706764 35.202629
v -29.596161 30.011620 5.137329
v -20.445049 44.130196 -1.768572
v -31.260223 29.237772 5.959853
v -22.240746 43.126186 -1.558908
v -28.935925 20.933689 11.502874
v -31.331963 28.564449 10.622733
v -31.982693 29.179832 9.230097
v -31.365471 26.303734 9.819092
v -29.868774 30.563869 10.136190
v -31.452602 30.192675 8.156874
v -30.414574 39.404781 18.895439
v -27.567902 41.327724 16.851654
v -21.181519 45.070553 8.106678
v -22.568188 49.502548 8.634508
v -19.082817 45.784279 3.341344
v -23.294552 47.424465 11.051884
v -18.508881 39.062988 -2.429564
v -15.612896 39.102303 -0.139202
v -20.162460 37.195873 -1.250589
v -18.097298 36.784508 -1.517403
v -19.398533 39.485603 2.993139
v -17.588959 39.759575 2.665102
v -11.034595 100.679222 40.078232
v -1.405018 117.561279 30.019955
v 3.344267 88.063820 40.709694
v 2.676133 95.662323 41.862389
v -17.798073 37.789101 -2.700791
v -16.597416 41.038193 1.277063
v -25.794170 42.168808 11.522275
v -16.066513 38.212299 -1.578514
v -16.375328 38.013153 0.911296
v -21.597488 38.803986 1.036577
v -20.162460 37.195873 -1.250589
v -20.546738 48.502167 2.618855
v -20.830814 40.640488 -2.077481
v -28.751278 22.383373 10.733658
v -27.947582 28.140308 1.207024
v -27.999138 27.369171 -1.119603
v -26.173237 25.527433 -2.117329
v -21.944416 39.676895 -0.898305
v -19.325226 46.409515 1.380833
v -23.033562 41.989899 -0.625585
v -29.151543 31.400135 3.228961
v -22.942368 51.030777 4.961817
v -17.248421 41.723019 -0.614172
v 31.260103 41.734020 -0.368519
v 21.980894 32.752586 -11.442048
v -7.674161 108.368561 21.615248
v 4.414313 41.706764 35.202629
v 34.706406 32.428387 -2.199862
v 30.698122 37.865532 0.605540
v 31.260103 41.734020 -0.368519
v 34.741882 31.942104 -8.669935
v 23.920891 5.491264 6.894797
v 24.571760 6.642338 10.488160
v 23.119917 6.070137 11.519912
v 10.266804 10.291789 1.425065
v 19.339012 8.191494 -2.458119
v 22.545523 12.437384 13.046979
v 13.309412 9.266654 -2.369420
v 23.036293 8.267321 0.276714
v 25.032072 9.326439 4.224392
v 19.402578 18.601858 14.493242
v 25.045574 10.455817 8.614843
v 20.584032 7.349337 14.661288
v 10.637051 12.716632 9.268411
v 10.637051 12.716632 9.268411
v 14.397734 13.523143 14.248089
v 19.100132 13.669610 15.113770
v 9.250955 17.136723 8.079729
v 9.238402 17.583298 -3.537581
v 6.066131 18.420662 7.781621
v 11.165676 18.911436 11.205242
v 2.288862 18.050150 -5.434470
v 6.066131 18.420662 7.781621
v 1.142025 17.442003 5.431874
v 14.081378 22.200903 14.407513
v 13.277746 12.169161 -4.104179
v 14.290863 19.416178 13.918468
v 19.637138 11.521631 -4.193900
v 23.724195 12.129833 -1.196992
v 0.722146 20.568642 11.257295
v 25.422674 13.069295 3.444151
v 25.108604 14.679484 7.776958
v -11.271640 66.447578 38.391308
v 23.252516 16.709492 11.758963
v 5.673023 17.722534 1.192992
v 7.101840 17.160398 6.641377
v 1.495703 16.213726 1.299961
v 12.944249 14.956489 -5.686030
v 24.439690 41.998158 -12.393176
v 34.484535 37.548939 -4.280318
v 19.482292 21.311493 14.131314
v 23.596453 20.037788 11.104032
v 27.529055 41.359268 -13.320811
v 24.807981 44.127514 -11.641877
v -13.216088 44.929024 37.189835
v -18.147621 44.795204 -0.032217
v -30.131382 30.600212 0.121241
v -29.008930 22.108213 7.581784
v -28.633362 22.836950 9.348387
v -31.470501 25.516150 11.979455
v -32.371670 24.972023 13.240784
v -16.375328 38.013153 0.911296
v -20.248112 41.757275 3.523281
v -16.566925 39.579140 -1.053360
v -17.823326 44.057201 2.065017
v 4.932213 66.186432 40.331944
v -3.149656 66.131668 40.205708
v 2.322953 41.571930 36.944618
v 4.161936 51.059525 39.042694
v 19.648287 14.258803 -5.545074
v 24.212786 15.100851 -2.171480
v 8.164287 21.553965 -8.760805
v 25.751696 16.371712 2.497522
v 4.332211 41.235107 36.947918
v -4.529967 117.731300 23.163515
v 25.463593 18.192797 6.724904
v 2.971952 22.227770 -9.802670
v 21.578552 0.081846 14.294831
v 27.590368 -0.320430 0.607825
v 28.770832 -0.142466 3.584786
v 25.006355 28.918468 7.504056
v 26.521317 28.465603 3.579416
v 9.215050 29.505447 -13.545300
v 1.495703 16.213726 1.299961
v 0.452850 24.660271 16.144073
v 8.453351 24.716721 -11.048336
v 19.567488 25.820948 14.003187
v 26.467617 21.951866 0.757047
v 19.951220 19.635990 -7.655683
v 3.328678 24.972431 -11.773373
v 26.212194 24.346325 5.271441
v 3.969651 30.439091 -15.019329
v 21.789061 29.148275 12.061198
v 25.789875 -0.167620 -1.412885
v 9.250955 17.136723 8.079729
v 12.480683 23.834871 16.137352
v 7.063485 24.086187 16.781561
v 12.214151 20.940981 -8.193542
v 23.979116 26.111961 10.222369
v 14.093936 28.646069 -11.568401
v 18.069714 29.370779 15.461435
v 22.501165 -0.255355 -1.302988
v 9.269264 15.146536 -0.754738
v 4.414313 41.706764 35.202629
v -9.837049 44.767410 35.409809
v 15.582630 25.709429 15.608438
v -10.765350 73.445236 41.671532
v -2.955085 73.540443 41.687496
v 24.652855 20.031700 -4.251794
v 13.878531 29.806217 17.875963
v -10.659418 80.283829 42.497238
v 15.114537 19.491125 -8.061157
v -3.243616 80.006752 42.564098
v 7.129408 30.181189 19.307627
v 0.505100 30.834278 19.038525
v 4.269218 81.017960 43.637287
v 26.008835 28.276821 -3.346001
v 18.530914 27.975126 -9.708532
v 22.467617 27.932241 -7.551234
v 28.120148 -0.211123 6.543113
v 26.975241 -0.250673 8.874627
v 21.349701 -0.012567 6.669614
v 24.432781 -0.208863 11.683062
v -5.496550 113.388153 29.491583
v 16.146057 -0.081563 2.242303
v 26.526878 44.697632 2.589837
v 28.101654 46.224274 4.131313
v 31.308754 48.720066 5.430213
v 26.060040 42.366486 -3.878812
v 41.911362 29.947708 -4.256577
v 27.319992 44.671707 -2.632281
v 41.640903 31.270195 -5.203831
v 38.544807 31.774942 -5.726998
v 41.031704 32.191738 -7.898053
v 39.502628 32.159615 -8.663054
v 41.212311 33.358784 -9.360007
v 43.079781 30.947607 -7.486525
v -13.573549 60.855171 41.438538
v -7.674161 108.368561 21.615248
v -15.189377 53.190464 39.668537
v -6.667846 110.994873 22.401472
v -4.999067 60.429661 40.609100
v -5.780202 114.494316 26.147511
v 3.656219 59.939083 39.752945
v -4.750993 119.511185 27.695326
v -9.911034 44.306427 37.157955
v -8.272556 42.857086 36.777954
v -4.787445 115.293655 24.220308
v -18.128384 44.452316 36.728798
v 2.403835 42.041756 35.198959
v -10.779451 73.522308 39.906307
v -8.395848 109.593834 25.140354
v -5.514380 52.076286 39.410469
v -11.259203 66.254021 40.176949
v -11.458356 86.167206 40.133808
v -10.172298 107.812675 32.158485
v 13.479363 0.273662 14.661556
v -4.971506 110.789871 33.139950
v 17.171051 0.275333 15.837973
v -4.768006 106.585617 36.918434
v -0.897607 114.159630 34.069698
v 10.574098 0.397753 10.353820
v -9.621023 109.308342 29.027416
v 11.815166 0.332681 5.863094
v 2.027547 102.336403 42.195511
v 1.482828 108.615837 37.571156
v 2.582730 95.966408 43.504318
v -4.664428 102.211899 41.801685
v -2.748467 117.993431 30.728012
v 18.656710 0.024958 0.235759
v -20.134069 30.902441 -7.987890
v -11.199183 101.899239 41.165936
v -22.633240 24.096708 -3.980816
v -10.786494 105.500755 36.584003
v 4.180595 80.909370 41.798412
v -8.319215 107.397911 28.530970
v 4.809631 74.199425 40.302872
v 2.129122 101.573891 40.757271
v -4.529967 117.731300 23.163515
v -2.733067 117.611801 23.290388
v 1.702615 107.079155 35.866486
v -3.003493 119.214508 27.330732
v -1.405018 117.561279 30.019955
v -5.995156 107.796906 22.067322
v 0.004742 113.410179 32.867661
v 24.439690 41.998158 -12.393176
v 29.337887 32.424618 1.005390
v -19.505909 41.574131 -2.043016
v -28.778450 29.500973 1.938041
v -27.390415 26.909609 0.414266
v -29.100067 29.065186 -0.320613
v -25.720901 23.724571 -1.787010
v 4.836447 74.090668 42.057514
v -11.514487 86.616135 41.880768
v 3.320825 88.159546 42.510212
v -11.618781 95.113739 42.017925
v -4.656743 95.211548 42.343513
v -4.158541 87.258163 42.022919
v -9.544522 106.049812 31.421989
v -19.527395 22.075993 -8.570189
v -22.123577 26.650690 1.047701
v -6.067658 30.926300 17.956503
v -12.387334 31.289196 15.186852
v -6.837053 107.427650 24.878719
v -26.176346 25.430614 -0.531927
v -13.150167 45.389946 35.442490
v -3.003493 119.214508 27.330732
v -3.029600 114.961105 24.441181
v -13.150167 45.389946 35.442490
v -13.943441 -0.077755 0.303382
v 28.572742 28.811014 0.660282
v 21.980894 32.752586 -11.442048
v 28.140558 28.453892 -0.840484
v 28.083565 38.224262 -13.853676
v 32.486393 32.371231 -12.991551
v 23.075390 37.463173 -11.738404
v 29.468052 32.575348 -14.798742
v -19.806862 38.073784 -2.432650
v -16.521534 37.211258 -0.292855
v -18.831600 42.851215 3.499800
v -18.831600 42.851215 3.499800
v 27.877115 32.525696 -14.248098
v 35.422337 32.083492 -4.876976
v 34.193321 29.975454 -7.936773
v 35.273319 30.479568 -4.858084
v 34.950619 40.567806 -3.050262
v -23.033562 41.989899 -0.625585
v 34.833977 29.537790 -3.047136
v 28.572742 28.811014 0.660282
v -17.588959 39.759575 2.665102
v 31.680199 30.322678 -13.069958
v 29.567415 30.725901 -14.657261
v 34.234921 38.168911 -1.962526
v 31.070324 28.986149 -12.825425
v 37.868973 80.074585 -7.512967
v 38.586376 86.305313 2.435718
v 4.801902 49.551506 -23.888279
v -0.962885 49.143921 -23.636520
v -19.404127 81.844582 -8.765353
v -19.835268 83.336571 -9.665141
v -25.816359 81.713310 -2.173472
v 1.005135 47.675526 -23.399763
v -24.447050 82.998375 -2.608864
v -27.079203 84.533119 -2.464412
v -25.943184 85.202835 -2.730438
v -25.190067 91.735420 11.771639
v -27.437441 80.981598 0.151500
v -28.282093 84.077744 -0.747159
v 3.397935 47.847019 -23.481461
v -25.183510 89.032021 14.288632
v -26.071524 92.101059 13.311240
v 2.320782 53.273964 -24.656689
v 4.347577 51.813892 -24.392645
v 34.865311 43.339272 17.888321
v 36.171535 39.480354 -10.941122
v 43.791233 31.545252 -5.925061
v 42.440891 33.449356 -7.004315
v 9.809262 48.332821 -24.392666
v 8.948573 47.937016 -24.015854
v 11.051055 47.511280 -23.878849
v 12.559724 47.756802 -23.712818
v -16.984173 0.303865 12.635589
v -12.211699 3.833335 10.265978
v -16.828028 2.568790 13.143551
v 11.598393 49.255318 -24.811470
v -16.895144 5.930374 12.498263
v 9.628647 52.452850 -23.986839
v -16.870562 4.234897 12.870283
v 10.529803 51.007519 -25.249367
v -20.818243 0.307656 12.076595
v -21.189394 4.640237 11.681924
v 8.366034 50.641834 -23.507069
v 12.039657 51.251228 -25.085899
v 9.619955 49.774624 -24.949886
v 12.914361 47.693420 -21.517429
v 14.416932 48.909531 -23.452282
v -23.926624 7.041617 7.938901
v -21.053766 2.447404 12.194141
v -24.232399 7.825374 4.059407
v -13.943441 -0.077755 0.303382
v 13.288418 50.427048 -24.576023
v -25.718702 2.649951 5.174300
v -24.185379 4.481848 8.375547
v -26.276501 48.119179 -12.032706
v -27.283846 47.362843 -11.216427
v -23.746559 49.594490 -14.277323
v -24.383219 2.622169 8.658234
v -23.208153 8.074749 0.883515
v -15.321810 0.024303 -2.600168
v -26.591883 -0.199414 -1.073295
v 14.231025 49.455917 -22.060715
v 11.252550 50.084503 -22.688553
v 13.475544 48.988461 -24.013329
v 8.870700 48.450310 -22.615738
v -23.017513 50.588802 -14.146605
v -23.900646 48.948757 -15.338688
v -28.295315 46.706856 -11.602766
v 9.950369 51.955154 -25.312468
v 8.366034 50.641834 -23.507069
v 8.595161 50.127800 -24.869915
v 13.059066 47.104473 -22.981625
v 11.860249 52.834240 -23.800854
v 13.290134 121.657845 6.129853
v 14.479096 121.847038 7.234555
v 16.777748 118.758865 8.877075
v 20.241785 109.962868 7.674782
v 18.021355 116.060837 9.161351
v 11.365146 122.786728 7.790923
v 12.152823 52.309441 -25.157524
v 13.769234 51.603115 -22.994469
v 14.209895 121.394653 8.227242
v 14.041512 51.067951 -24.361168
v 14.231025 49.455917 -22.060715
v 10.786104 46.688618 -23.230103
v 10.686714 47.232143 -21.799065
v 11.690321 121.475067 4.887996
v 19.126781 116.573418 8.101048
v 17.709503 119.052361 7.793389
v 20.118042 113.221748 8.069470
v 19.530500 112.120026 7.224220
v 16.612946 104.779190 2.916512
v 19.127188 111.200851 4.302530
v 18.605949 116.154350 6.719140
v 18.838985 105.723465 4.435749
v 19.423662 105.464432 6.011486
v 18.528471 115.942612 4.673681
v 12.770050 101.921379 -0.569737
v 16.263494 105.445274 1.127168
v 7.809860 119.986298 3.810254
v 10.646006 118.668213 2.447070
v 8.443064 118.002045 2.658757
v 17.378595 108.420341 1.862823
v 13.457132 119.071815 3.327396
v 5.265994 122.135857 6.037446
v 11.468574 116.718788 1.658342
v 15.216008 115.724037 2.189140
v 7.808230 122.787949 5.683764
v 6.638649 123.165077 7.150306
v 11.860249 52.834240 -23.800854
v 13.769234 51.603115 -22.994469
v 12.914361 47.693420 -21.517429
v -22.915762 3.876122 -4.990419
v -20.179865 3.438409 -6.168000
v 9.628647 52.452850 -23.986839
v 17.867939 105.913795 4.781802
v 10.251028 107.714233 1.362514
v 16.751053 118.899330 6.293588
v 15.449012 119.308968 4.304648
v 9.403962 123.142487 7.748762
v 10.604693 122.839912 6.355310
v 17.552685 102.200951 4.270686
v 19.715384 113.349579 9.086657
v 17.269331 116.086479 3.250064
v 17.815784 108.265259 4.159396
v 13.825981 105.474960 2.013761
v 10.460722 114.332458 1.222425
v 17.811693 111.292488 2.567699
v 1.495703 16.213726 1.299961
v -10.157340 19.617128 -12.516938
v -2.361978 17.350079 2.054530
v 1.495703 16.213726 1.299961
v 2.288862 18.050150 -5.434470
v 0.722146 20.568642 11.257295
v -2.361978 17.350079 2.054530
v -4.332222 16.335455 -4.201694
v -8.928618 14.903986 -4.634875
v 2.971952 22.227770 -9.802670
v -5.507700 17.076874 3.464596
v -2.413700 22.097969 -9.848925
v -22.924990 19.331915 -1.502558
v -16.873430 19.843723 -12.208417
v -22.459869 21.151386 3.212974
v 0.452850 24.660271 16.144073
v -20.327475 22.950546 6.885327
v -8.017517 25.323069 11.366777
v -16.705090 24.320284 10.221155
v -11.128791 25.215607 13.661030
v -11.661530 24.390133 11.687550
v -11.310053 28.790558 11.026828
v -5.738383 19.457005 6.761089
v -5.507700 17.076874 3.464596
v -7.713259 21.769316 9.724783
v -4.818810 17.809021 5.305565
v -20.755596 19.183636 8.311232
v -5.266712 20.966860 11.538530
v 1.142025 17.442003 5.431874
v -6.067231 20.680342 -9.799230
v -1.840919 25.294237 -12.108210
v -9.247877 21.442110 -11.101201
v 3.328678 24.972431 -11.773373
v -6.172218 24.833479 15.426484
v -7.628469 20.872913 10.103386
v -15.342067 20.472799 -10.336992
v 10.686714 47.232143 -21.799065
v 8.870700 48.450310 -22.615738
v -23.961056 1.837757 -6.522163
v 9.312436 120.880844 4.097547
v -24.306095 8.260243 8.373755
v -21.020702 6.424036 11.454018
v -21.329165 7.369580 11.894497
v -20.671619 10.642859 -2.232001
v -14.932669 9.594804 -3.915899
v 6.085052 121.450813 4.949606
v -22.292614 13.825251 9.276076
v -23.520117 13.225824 5.537522
v -7.853725 12.297443 5.832557
v -12.252643 21.689930 12.400018
v -23.162580 12.005327 1.106105
v -20.438087 14.418322 -4.300817
v -14.462705 13.166061 -6.218000
v -10.693675 9.680452 -1.339488
v -9.665103 13.956477 11.668204
v -7.853725 12.297443 5.832557
v -13.657712 15.757825 13.848602
v -18.306101 15.362478 12.847545
v -23.018177 16.252895 -0.294801
v -17.205788 20.874575 11.221775
v -22.825991 17.686985 4.518954
v -21.291988 2.103667 -7.295307
v -16.887539 4.550619 -3.818670
v -15.197126 1.904993 -3.100087
v -11.049518 4.635068 5.129725
v -24.505831 4.960218 0.406419
v -12.485796 0.419175 10.034845
v -11.197447 3.491503 5.147388
v -11.633371 0.342690 5.447982
v -11.202456 2.011046 5.257226
v -13.254498 5.862095 -0.968198
v -13.254498 5.862095 -0.968198
v -16.317303 6.839058 -2.810764
v -11.197447 3.491503 5.147388
v -9.980161 4.963861 5.095406
v -24.232399 7.825374 4.059407
v -11.918388 6.581568 -1.617362
v -23.645477 9.612437 0.089843
v -23.926624 7.041617 7.938901
v -15.743461 7.795653 -4.512233
v 13.515287 106.861267 2.603168
v 15.502472 108.561623 1.281432
v -11.202456 2.011046 5.257226
v -11.633371 0.342690 5.447982
v 12.778698 110.409630 1.272144
v 10.115743 110.579445 2.138601
v 7.791807 114.431770 2.056005
v -20.827181 8.589053 -2.380843
v -11.049518 4.635068 5.129725
v -21.104015 9.380377 -3.200519
v -16.317303 6.839058 -2.810764
v -11.049518 4.635068 5.129725
v 7.213211 114.063866 2.469735
v -24.328465 46.332691 -13.931870
v -23.208153 8.074749 0.883515
v -26.345295 46.271416 -17.239740
v -20.004198 44.468990 -12.298532
v -19.299952 43.707817 -15.127705
v -23.431631 47.307800 -9.880309
v -20.004198 44.468990 -12.298532
v -24.997826 42.180119 -11.711296
v -22.148035 44.924637 -9.168480
v -20.921766 47.646637 -12.123355
v -16.895144 5.930374 12.498263
v -24.868921 9.240952 4.093762
v -16.646147 6.715343 13.254354
v -24.991381 46.561913 -11.451649
v -21.904085 44.053997 -10.335306
v -9.980161 4.963861 5.095406
v -11.742567 5.457447 10.727313
v -24.500854 47.077339 -10.530974
v -20.004198 44.468990 -12.298532
v 5.229011 119.144173 4.326957
v 4.172320 115.963524 4.220479
v -23.702450 43.137558 -10.483849
v 5.718162 116.561806 3.312562
v 8.713327 112.202454 2.448879
v -12.522772 5.174277 10.200694
v -11.049518 4.635068 5.129725
v 7.476720 110.922798 2.948203
v 3.997272 119.320587 4.775100
v 8.917845 109.491829 2.187898
v -28.714439 45.978668 -12.281374
v -27.261591 45.310444 -16.694065
v -28.053303 45.402431 -15.531826
v -27.275887 46.673786 -14.619747
v 9.409356 112.934563 1.479360
v -27.845284 46.729389 -12.667749
v -27.105431 47.492088 -12.240620
v 14.783292 105.828629 0.858531
v -25.616713 47.281307 -17.196877
v -25.329256 49.186283 -12.073563
v -24.085150 50.090496 -13.162306
v -26.756496 48.074242 -11.196920
v -23.365086 49.296513 -16.835001
v 19.827782 108.324875 6.705784
v 19.006300 108.357613 4.464265
v 15.847876 111.818657 1.328079
v 12.805427 113.412788 0.996234
v 6.361120 116.880173 2.979606
v 8.788591 115.871712 1.772140
v -21.024933 45.488171 -16.056807
v -23.365086 49.296513 -16.835001
v -21.321419 46.181751 -14.869768
v -21.321419 46.181751 -14.869768
v -23.405209 49.739410 -15.936407
v -20.555609 46.808460 -13.999331
v -23.405209 49.739410 -15.936407
v -21.629782 47.423378 -12.596125
v -23.017513 50.588802 -14.146605
v -27.261591 45.310444 -16.694065
v -23.642059 51.044880 -12.574263
v -25.272532 43.708920 -15.319300
v -25.816662 49.063793 -10.792807
v -23.745806 47.342815 -10.584587
v -24.912930 49.991196 -11.478799
v -22.448511 47.441345 -11.913744
v -28.053303 45.402431 -15.531826
v -24.140152 43.930519 -9.544521
v -25.628202 45.870792 -10.201816
v -21.823635 47.654942 -11.159179
v -19.866858 45.517105 -11.472940
v -24.390469 47.011478 -9.667837
v -24.000057 48.226315 -16.243576
v -23.702450 43.137558 -10.483849
v -28.714439 45.978668 -12.281374
v -28.137514 45.922440 -14.696695
v -26.555830 45.111252 -11.767178
v -26.525478 44.570728 -11.391413
v -20.359049 45.824539 -15.174232
v -19.299952 43.707817 -15.127705
v -19.454481 45.429081 -12.533566
v -20.582232 45.443863 -10.375325
v -25.889128 46.107555 -11.104679
v -21.904085 44.053997 -10.335306
v -25.581869 47.500664 -16.388870
v -27.002888 46.289188 -16.219145
v -20.261959 46.850075 -13.756405
v -23.962610 48.127968 -17.636335
v -26.206139 44.532913 -13.436399
v -21.812561 5.753505 -3.174493
v -24.704659 3.651997 -2.927579
v -26.444468 2.139193 1.612795
v -18.213358 1.840512 -6.240623
v -26.028299 1.657640 -4.017554
v -26.621748 1.650607 -1.087865
v 12.273046 108.394897 2.638183
v -18.104473 -0.259597 -5.666492
v 5.716105 112.890015 3.404662
v -28.137514 45.922440 -14.696695
v -12.522772 5.174277 10.200694
v -24.105093 0.110518 8.759594
v -21.020702 6.424036 11.454018
v -20.827181 8.589053 -2.380843
v -26.583578 -0.233922 1.524143
v -13.264914 3.724426 -0.500841
v -13.377866 1.766026 -0.117672
v -23.405209 49.739410 -15.936407
v -25.527645 -0.185961 5.162249
v -25.881413 -0.137098 -4.017800
v -23.516607 -0.321146 -6.177063
v -24.801748 4.721035 3.970523
v -21.012913 -0.172408 -7.205580
v -12.162959 2.514305 10.487936
v -18.097298 36.784508 -1.517403
v -19.632332 43.918266 4.922977
v -25.576504 38.863857 0.179805
v -26.187160 42.177303 -0.292079
v -26.743767 38.598225 5.540836
v -28.584118 34.003479 0.791990
v -28.580975 32.107056 3.739209
v -30.225197 33.890144 -0.381124
v -30.760685 51.590481 3.481432
v 30.021364 38.742043 -13.518646
v 31.276365 43.113903 -1.297570
v 29.321825 38.199844 -13.571667
v 29.146648 44.105881 -5.142655
v 28.822485 43.689533 -13.544826
v 31.955076 41.656761 -11.727935
v -23.853626 49.694412 10.497212
v -25.044060 52.551239 6.651117
v -40.243610 38.741840 17.558704
v -27.491131 52.778229 4.956367
v -42.085087 40.435833 13.823647
v 35.231441 38.178249 -4.866228
v -33.676491 23.372833 8.034180
v 34.204201 37.112820 -8.141544
v 34.501553 41.642651 -7.779510
v 33.776039 43.665607 -6.824811
v 35.043770 43.090305 -2.729465
v 31.402521 43.769100 -10.895298
v 33.765198 36.390583 -7.898129
v 31.551315 36.711102 -11.800058
v -32.733166 40.062588 19.791721
v 31.644115 37.358803 -11.982489
v 26.751379 44.524273 -8.647973
v -22.730267 41.040447 1.777242
v -21.944416 39.676895 -0.898305
v -19.404869 37.002556 0.181038
v -27.125614 39.143345 10.578893
v -27.919880 36.735489 9.304888
v -28.934326 41.887356 18.135025
v -25.414181 45.077339 14.732267
v -23.853626 49.694412 10.497212
v 29.637735 41.868694 -14.067467
v -41.936104 43.157120 9.987577
v -39.909473 46.627789 6.503671
v -37.601681 48.747227 4.330639
v 35.712700 41.271400 -3.468016
v -36.993809 38.602531 19.506556
v -34.954941 49.718517 3.294309
v 34.401100 41.692978 -2.302384
v -32.733166 40.062588 19.791721
v 22.997910 31.624126 -15.146315
v 17.472187 41.793514 -18.377382
v 20.965450 31.418861 -16.646433
v 19.115324 36.183899 -16.914009
v -19.501760 39.393200 -18.842333
v -20.444330 43.136185 -16.522125
v -16.391428 38.677135 -16.017731
v -23.127766 38.765507 -19.308525
v -18.519039 29.663189 -17.293339
v -16.280128 33.227299 -16.807367
v -23.492630 30.354496 -20.411688
v -26.594778 38.400093 -16.529572
v 18.617004 31.315403 -18.506599
v 22.997910 31.624126 -15.146315
v 19.550266 30.672558 -20.407005
v 22.510742 30.565384 -18.191711
v 15.441044 31.255432 -22.584616
v 24.663956 31.048407 -16.090279
v 21.767902 36.457382 -23.258566
v 25.491043 31.089886 -17.904797
v 16.430294 41.376450 -21.187389
v 24.371061 36.422375 -21.076571
v 18.527817 45.452374 -18.846611
v 18.779369 41.172916 -22.937660
v 20.017635 45.335640 -17.882683
v 23.900642 40.483566 -16.503685
v 24.632019 40.639202 -18.185234
v 21.435085 45.201279 -18.192574
v 23.797764 40.860966 -20.714703
v 22.375685 45.113575 -19.513000
v 21.597065 40.993778 -22.438114
v 20.141035 45.825584 -20.158112
v -20.024570 30.205280 -19.878738
v 20.965450 31.418861 -16.646433
v 24.663956 31.048407 -16.090279
v 23.876484 30.901920 -20.353933
v 18.170940 31.410440 -23.979458
v 20.543455 31.016661 -22.771629
v 23.288111 35.113022 -15.028906
v 24.733534 36.609940 -15.892370
v 14.839444 36.328056 -19.797562
v 22.853994 39.754070 -15.632931
v 17.472187 41.793514 -18.377382
v 22.997910 31.624126 -15.146315
v 18.617004 31.315403 -18.506599
v 15.162835 31.601511 -20.108843
v 23.288111 35.113022 -15.028906
v 22.853994 39.754070 -15.632931
v 20.849703 41.422661 -16.499817
v 15.972866 40.887306 -19.640209
v 17.472187 41.793514 -18.377382
v -17.734505 41.497204 -15.570150
v -28.239111 33.940655 -17.503214
v -22.861721 41.791924 -16.817625
v 15.441044 31.255432 -22.584616
v -24.656580 41.403893 -14.689783
v 20.849703 41.422661 -16.499817
v -24.120461 40.371838 -8.844162
v -23.722309 34.494747 -21.188162
v -19.149208 34.572018 -20.621618
v -27.022579 29.488605 -17.266779
v -29.186405 33.004219 -12.302769
v 18.630795 42.836430 -18.296013
v 20.059153 42.712505 -17.445904
v 19.341066 45.240505 -22.023060
v 19.371677 42.808163 -21.285553
v 21.876432 42.570690 -17.757196
v 21.435085 45.201279 -18.192574
v 20.017635 45.335640 -17.882683
v 18.153143 45.377407 -20.497566
v 22.528900 42.622864 -20.401058
v 18.527817 45.452374 -18.846611
v 18.448137 42.901070 -20.134045
v 22.174953 45.168259 -21.061993
v 15.162835 31.601511 -20.108843
v 18.271675 36.696198 -24.091082
v 18.153143 45.377407 -20.497566
v 18.630795 42.836430 -18.296013
v -19.901346 37.457935 -8.289199
v -17.087257 37.755562 -11.101305
v -23.962610 48.127968 -17.636335
v 19.341066 45.240505 -22.023060
v 18.527817 45.452374 -18.846611
v 21.007225 45.140678 -22.137459
v -26.665522 44.138969 -12.676200
v -21.358231 44.960400 -17.221956
v -25.797529 42.746975 -11.389420
v -20.359049 45.824539 -15.174232
v -18.282528 41.810783 -11.486264
v -17.660526 32.179352 -12.390816
v -24.398026 37.307278 -7.636633
v -27.785257 38.042690 -11.430225
v -24.997826 42.180119 -11.711296
v -26.900858 28.881517 -12.945831
v 23.075390 37.463173 -11.738404
v 22.156704 38.237282 -9.558501
v 23.300253 38.366730 -3.349886
v 22.188198 33.892883 -2.806989
v 21.384247 42.766834 -21.544895
v 28.140558 28.453892 -0.840484
v 22.763824 42.726414 -18.947708
v 22.832394 28.895912 -12.212304
v 28.572742 28.811014 0.660282
v 22.375685 45.113575 -19.513000
v -24.656580 41.403893 -14.689783
v -20.444330 43.136185 -16.522125
v -19.299952 43.707817 -15.127705
v -17.087257 37.755562 -11.101305
v -25.254837 31.291485 -9.034569
v -23.626661 27.451349 -15.785469
v -21.394840 28.152525 -17.892153
v 27.069427 30.039507 1.034026
v 25.508408 29.581842 -0.331760
v 29.337887 32.424618 1.005390
v 31.260103 41.734020 -0.368519
v 29.325792 41.589558 -0.179431
v 24.439690 41.998158 -12.393176
v -20.881033 41.371605 -9.039605
v -20.611441 31.867344 -9.600469
v -18.282528 41.810783 -11.486264
v -20.848568 28.471077 -14.201349
v -22.861721 41.791924 -16.817625
v -25.508841 43.260307 -15.287327
v -25.616713 47.281307 -17.196877
v 24.467957 29.192062 -3.776606
v -20.848568 28.471077 -14.201349
v -24.226974 29.066658 -11.166461
v -23.488770 43.923225 -17.574783
v -22.335484 44.977077 -16.117617
v -23.852186 44.126411 -16.340794
v -26.345295 46.271416 -17.239740
v 26.901485 27.944294 -4.871110
v 27.185560 32.649799 1.313664
v 30.698122 37.865532 0.605540
v 28.121988 37.970757 0.923311
v 23.173546 42.439407 -10.601168
v 25.558727 42.527431 -5.235640
v -17.660526 32.179352 -12.390816
v 25.584639 36.500668 -18.037319
v 15.157303 37.011810 -22.300758
v -11.458356 86.167206 40.133808
v -9.837049 44.767410 35.409809
v 2.403835 42.041756 35.198959
v -27.020744 22.506145 1.631778
v -27.875095 25.758308 1.982055
v -28.883556 24.677853 2.522580
v -6.010944 107.802094 22.063078
v 65.944168 52.069584 14.032791
v 65.426453 52.452049 16.967960
v 4.577612 135.187302 21.315498
v 57.807472 49.545200 5.599273
v 60.368530 58.648151 11.726465
v 59.920906 59.380341 14.104326
v 65.805862 44.349205 15.729704
v 57.186790 60.810642 13.164680
v 65.481277 45.343498 18.139235
v 53.911079 55.272923 4.719296
v 54.572624 63.086746 12.339340
v 57.732281 43.443810 6.905808
v 53.592209 33.995491 17.765713
v 59.730453 39.062283 19.049809
v 60.190796 38.056751 17.150005
v 55.263885 39.496723 1.184941
v 52.019047 52.299168 -1.855767
v 55.939903 38.458122 9.814599
v 37.109566 59.003010 5.959445
v 53.339394 35.287434 19.795238
v 34.063885 53.729618 4.056371
v 44.653992 32.123287 18.474720
v -28.649170 19.893856 10.031519
v -30.821026 24.668030 7.944633
v -30.148514 24.752151 9.537399
v -30.424511 24.055155 11.385901
v -32.223553 26.725536 8.301630
v -31.458107 27.784317 13.098978
v -33.207630 28.049755 15.008266
v -28.829899 30.576895 6.003983
v -33.253700 34.450558 18.547668
v -32.660351 31.144064 16.509880
v 25.076103 27.890614 -9.636066
v 26.901485 27.944294 -4.871110
v 22.832394 28.895912 -12.212304
v -30.798988 30.225698 14.448964
v 28.334044 30.064419 -14.593208
v -21.181519 45.070553 8.106678
v -23.294552 47.424465 11.051884
v 21.483292 30.132545 -9.490057
v 34.038864 28.793329 -7.847556
v 21.148157 32.994019 -9.693173
v 25.076103 27.890614 -9.636066
v -20.448227 47.980064 5.359066
v -33.831432 38.291588 19.777111
v -30.713284 33.198196 1.085330
v -28.451080 20.697849 8.286015
v -31.146648 23.347906 12.533501
v 22.832394 28.895912 -12.212304
v 6.575249 20.322979 12.780451
v 22.121937 33.530106 -12.363173
v 26.379011 25.572233 -9.237722
v 26.223053 30.043705 -8.513480
v 29.977203 95.557266 16.761835
v 25.840595 33.375340 -8.054800
v 28.729692 96.626465 25.913658
v 24.554455 97.919586 33.334503
v 13.821122 82.193130 -16.803839
v 19.084255 86.854042 -14.267232
v 30.848635 48.539455 7.452586
v -27.950319 60.517292 13.256968
v 17.547243 86.001083 -12.807397
v 32.415596 48.758423 1.209796
v 30.234098 41.092873 3.487247
v 7.726334 32.289230 -20.082027
v 29.116203 42.196312 2.777589
v 10.893623 79.640259 -19.968584
v 7.802120 76.790154 -21.902737
v 17.561291 98.878754 37.995544
v 4.606157 32.410095 -20.149424
v 13.518419 34.422707 -19.814114
v 16.645657 34.237858 -18.458012
v 23.276085 34.370449 -14.214065
v 27.369637 42.061680 7.374640
v 18.154272 34.337543 -17.967937
v 22.341877 42.586983 -13.614588
v 23.517157 41.261578 -14.699465
v 12.635500 41.578976 -21.239511
v 30.263319 41.099129 -2.729002
v 17.975904 41.927479 -18.014151
v 28.119560 41.544895 -9.513256
v 18.278988 41.234825 -18.346710
v 12.354527 34.322788 -20.325342
v 21.455040 89.402542 -8.338871
v 22.294298 30.154402 -13.197391
v 16.860268 25.832077 -16.538008
v 26.557272 19.554333 -9.759378
v 11.699888 43.810940 -20.676765
v 7.737284 40.929588 -25.857483
v 7.353808 34.808826 -25.108982
v 22.023136 19.822508 -15.229971
v 22.241884 26.175846 -14.109770
v 23.037619 33.521839 11.149898
v 10.343634 34.413979 21.138885
v 20.460522 33.609047 15.810558
v 28.172430 29.740934 -2.753469
v 9.510320 25.750595 -20.586138
v 25.978258 29.387207 7.361256
v 29.014709 19.159042 1.796772
v 20.674294 29.353510 15.924730
v 15.367202 33.509670 18.816635
v 11.702366 33.646477 -18.851522
v 27.798857 33.141556 -2.312040
v 27.335947 33.225281 3.274305
v 10.015130 33.645149 19.984161
v 24.471411 34.334892 12.078492
v 27.077139 34.263977 7.756332
v 25.394302 42.227608 11.539351
v 28.461950 26.017414 -3.233026
v 20.687838 25.391508 15.745317
v 26.556450 18.536921 7.221400
v 26.346500 25.634533 7.248993
v 15.652225 25.442835 19.140186
v 28.937704 19.419239 -3.434041
v 14.679408 17.978600 16.922239
v 10.240274 17.876947 18.299700
v 8.205037 112.413826 9.314851
v 12.545694 110.445297 9.134995
v 11.288246 112.806076 9.906233
v 23.380520 29.208122 11.469166
v 14.169094 112.671539 10.021008
v 19.009508 112.634369 12.363849
v 23.453554 18.040262 11.237603
v 20.110245 111.188835 13.519463
v 11.632360 26.140873 -20.188707
v 11.147116 19.230968 -20.768095
v 15.082447 19.272810 -14.439339
v 15.158424 26.246754 -19.434378
v 21.435503 111.778702 14.856348
v 20.860331 112.982788 14.038038
v 12.723345 33.677731 -18.730927
v 26.039200 33.233013 7.659299
v 21.047562 34.363579 16.304646
v 8.955720 19.183956 -20.949793
v 28.513397 34.147663 3.543535
v 28.461666 34.151031 -2.528675
v 28.040976 29.591702 2.883565
v 28.502970 25.877819 2.392206
v 23.618034 25.355713 11.648591
v 19.659040 18.146793 14.382849
v 15.728127 30.111462 18.898197
v 10.299994 25.237453 20.541510
v 10.271978 110.584671 8.422591
v 16.872641 110.639549 11.075030
v 14.503126 110.509216 9.899653
v 16.827141 112.505165 11.121037
v 10.180295 30.797260 -19.586645
v 0.622351 19.182331 -18.059479
v 8.346857 19.555376 -18.148159
v 12.487895 31.203518 -19.403694
v -30.900486 27.874563 4.650115
v -27.999138 27.369171 -1.119603
v -29.100067 29.065186 -0.320613
v -29.717167 34.337696 -0.595416
v -28.451080 20.697849 8.286015
v -29.918789 26.218699 3.597822
v -32.371670 24.972023 13.240784
v -29.008930 22.108213 7.581784
v -31.146648 23.347906 12.533501
v -29.673820 19.846409 7.378955
v -29.747597 19.041271 9.695328
v -32.528484 21.959415 7.784861
v -30.222591 19.765980 11.214802
v -31.982693 29.179832 9.230097
v -25.720901 23.724571 -1.787010
v -32.223553 26.725536 8.301630
v -26.156197 22.295238 0.079193
v -27.020744 22.506145 1.631778
v -30.225197 33.890144 -0.381124
v -30.713284 33.198196 1.085330
v -29.918789 26.218699 3.597822
v -30.900486 27.874563 4.650115
v -30.131382 30.600212 0.121241
v -28.883556 24.677853 2.522580
v -30.821026 24.668030 7.944633
v -28.649170 19.893856 10.031519
v -33.831432 38.291588 19.777111
v -31.561726 24.160311 7.429454
v -31.260223 29.237772 5.959853
v -26.173237 25.527433 -2.117329
v -28.576134 26.888367 2.758024
v -26.156197 22.295238 0.079193
v -26.250305 23.937141 1.137758
v -33.207630 28.049755 15.008266
v -32.901970 20.991329 10.688163
v -29.277634 28.339882 3.777529
v 21.407415 18.775814 -10.325962
v -10.728446 19.427198 -15.488450
v 15.970077 34.280064 19.712883
v 15.571047 33.496471 -15.321036
v -23.109821 44.466240 -1.179630
v -23.662395 43.067513 -0.127259
v -22.735588 47.951584 -0.097768
v -24.793365 51.317158 2.561844
v -21.486008 45.617306 -0.846252
v 14.442240 18.564842 -20.439224
v -41.688164 38.831451 13.893921
v -40.022972 37.069878 16.839676
v -37.721996 36.853561 18.744001
v -35.314430 23.561031 11.695003
v -32.177448 22.225637 12.511405
v -27.379295 21.029011 -1.002989
v -29.720543 21.376940 7.014045
v -34.055420 22.257051 11.108001
v -26.845490 22.710056 -3.114343
v -31.219170 19.938246 9.865273
v -30.768604 20.894808 7.747875
v -32.660351 31.144064 16.509880
v -33.253700 34.450558 18.547668
v -28.935925 20.933689 11.502874
v -31.452602 30.192675 8.156874
v 28.543703 40.734798 8.593019
v 27.369637 42.061680 7.374640
v 22.016598 42.228287 16.647686
v -9.583364 24.950266 17.997843
v 25.812706 40.719624 12.841002
v -21.282928 26.524792 7.195155
v -23.588161 20.910093 2.914683
v 16.015884 56.090466 -22.700287
v 18.921587 56.198174 -21.932013
v 10.198733 30.091208 20.843832
v 5.976643 24.814434 20.375504
v 5.608660 30.404793 20.744164
v 16.917006 61.329075 -23.459923
v -1.018334 24.776178 17.354040
v -1.018334 24.776178 17.354040
v -0.860517 31.163948 20.057291
v -1.255896 19.180374 14.777163
v 1.796275 24.383417 19.690678
v 5.434090 33.633675 20.431635
v -23.003172 26.891632 2.631492
v 4.484793 30.455915 -20.361099
v -21.605461 20.811789 6.904635
v -22.305565 27.032551 -8.051281
v 4.033097 25.286289 -21.194283
v -24.354137 21.196657 -3.246871
v 4.070561 19.484085 -21.314732
v -21.761768 31.556698 -7.799933
v -23.343212 21.269903 -8.451797
v 5.479080 34.612194 21.419392
v 1.752553 43.156788 21.264431
v 1.430840 41.298687 21.794947
v -22.756470 31.667072 -2.190866
v -18.415596 20.284492 10.087637
v 2.705914 16.007652 17.537485
v 11.363007 56.203548 -24.566952
v 32.062557 89.960960 27.435408
v 26.296638 89.743401 33.920265
v 18.559738 76.277939 -19.997452
v 38.185482 86.717049 10.520645
v 11.214168 50.226040 -23.420605
v 16.948677 90.131882 37.757679
v 34.185833 92.072899 27.934311
v -1.255896 19.180374 14.777163
v 6.334010 17.198265 18.038330
v 0.218566 34.004665 19.689987
v 11.790982 63.710548 -24.829643
v 30.321262 96.469177 26.331779
v 6.295325 42.702896 21.500803
v 5.751884 41.024204 22.110882
v 38.432693 91.610115 17.743343
v 33.845459 89.290886 0.090952
v 35.767250 93.643127 18.143368
v 31.445993 95.552078 16.727097
v 22.913582 90.108231 -8.194768
v 39.347698 89.360863 9.365021
v 3.653104 68.129166 -24.564274
v 0.262742 35.089901 21.100592
v -23.460562 26.955309 -2.680895
v 18.772514 98.506523 39.473389
v 18.357302 91.687973 40.525963
v -18.536974 26.274563 11.425969
v -18.323874 31.514860 11.931606
v -4.222911 24.379868 19.440056
v -5.292440 16.625242 16.917950
v -0.184738 121.144249 31.443151
v -4.288623 117.200035 27.148813
v 9.138739 77.609528 -22.509705
v -10.085629 18.667030 15.965784
v 11.483107 79.794189 -21.128567
v -3.742491 35.140018 20.535301
v 14.630406 82.687775 -19.023815
v 7.716761 33.083000 -22.675636
v 24.315119 91.386650 -4.619087
v 14.336793 26.003607 -16.986414
v 15.085288 30.504332 -16.045422
v 12.400653 19.335144 -17.252182
v 10.649946 19.567129 -18.641121
v 13.683684 19.669914 -18.277166
v 15.937561 30.824072 -18.628168
v 7.693349 44.197609 -21.744438
v 8.427513 43.658897 -24.583080
v 23.601347 50.255104 -16.367172
v 28.652895 50.100018 -11.706220
v 21.462460 70.935600 -20.822508
v 11.699888 43.810940 -20.676765
v 28.211990 66.290543 -16.063499
v 7.693349 44.197609 -21.744438
v 22.341877 42.586983 -13.614588
v 12.194515 43.374798 -22.386311
v 12.056572 33.421658 -22.239889
v 27.142485 42.673615 -9.388215
v 10.311031 41.448528 -23.790619
v 28.148174 59.189465 -14.397456
v 23.113722 78.813560 -18.862137
v 22.632639 77.242188 -17.650761
v 39.425045 84.162468 6.841574
v 40.439281 87.189415 4.956210
v 27.478088 91.700912 35.296574
v 27.698437 93.152924 1.056113
v 29.758301 94.542267 9.260787
v 14.038656 74.769165 -22.856182
v 18.500797 77.597450 -21.000803
v 35.400986 92.131348 9.879078
v 14.169006 73.961823 -21.975925
v 23.584641 65.285713 -19.861137
v 29.563183 42.520351 -3.501175
v 9.695208 35.027206 -23.297485
v 8.323823 41.721664 -24.517460
v 31.681959 49.066410 -5.451202
v 23.826599 57.333099 -18.208794
v 37.216702 89.333359 18.002480
v 25.882782 97.604294 34.154980
v 26.711830 73.702950 -17.634008
v 9.607889 72.088799 -23.986691
v 7.318895 34.850025 -23.618063
v 9.794957 71.569656 -23.327818
v 4.913251 33.104271 -22.766146
v 5.112423 34.703304 -23.834454
v 26.689499 34.182327 -8.496131
v 22.111540 40.338188 16.648930
v 16.161215 39.892719 20.416222
v -14.680956 19.776234 13.446180
v -14.342911 30.982586 15.868494
v 16.542816 41.947334 20.149940
v -14.950275 25.700640 15.195469
v 7.782227 70.732666 -24.040211
v 7.006971 70.618347 -25.261497
v 27.142485 42.673615 -9.388215
v 27.371754 88.176712 -7.830189
v 29.563183 42.520351 -3.501175
v 17.948385 42.486012 -16.771385
v 12.062111 42.716038 -20.088699
v 10.828279 32.686432 -19.204107
v 29.116203 42.196312 2.777589
v 10.878835 40.387611 21.829735
v 5.335823 35.048664 -25.821321
v 16.755075 19.705696 -17.210922
v 14.861856 42.651676 -18.732323
v 11.142782 42.572048 21.174929
v 16.858797 33.573326 -14.987739
v 15.568964 41.392738 -19.687199
v 16.922865 30.178898 -15.689348
v -36.441669 31.087208 5.673656
v -35.634872 33.702682 2.236378
v -35.870525 28.964447 3.868092
v -32.823898 33.405060 0.688127
v -27.349197 34.549294 -2.255464
v -31.528362 35.140587 -1.607665
v -29.057339 33.857536 -2.461769
v -34.960995 31.367664 0.899740
v -32.493347 34.796448 0.403391
v -36.204193 42.025730 1.363634
v -32.209938 31.403542 -0.408588
v -33.299908 25.859442 1.614845
v -32.250324 25.717510 3.361882
v -30.961739 23.469847 0.379682
v -32.316700 24.649590 1.160784
v -34.288044 29.687267 -0.085431
v -27.723019 24.762802 -3.312019
v -30.915031 25.167061 -1.963591
v -38.286346 33.505211 6.648295
v -33.375751 29.831722 8.110205
v -35.885254 26.725008 8.900649
v -33.360882 26.168459 7.662794
v -35.406849 28.005184 14.764695
v -34.324963 24.753378 13.469921
v -39.572350 34.077629 15.537380
v -38.524700 33.443123 8.798181
v -31.245354 46.049843 -0.932914
v -26.909229 46.005066 -0.537015
v -35.020424 48.152863 2.069620
v -37.493515 46.683388 3.669764
v -24.529961 43.445179 0.556526
v -24.988705 46.633961 -0.927921
v -33.511219 29.080734 5.873847
v -28.957230 23.697548 -2.621539
v -29.888908 27.473406 -2.067852
v -36.400505 25.510067 12.201895
v -38.355530 31.213146 10.432568
v -33.788021 28.428043 8.262342
v -36.673756 27.570904 12.786775
v -37.939190 30.567530 14.487939
v -38.432407 39.597977 4.613250
v -40.300953 35.288231 11.862705
v -28.357735 42.853355 -2.195892
v -36.342617 28.618793 9.628862
v -36.729877 35.645493 3.016373
v -29.222321 21.979889 -0.240626
v -28.197899 21.497276 1.154489
v -31.354301 29.293392 -1.271119
v -25.551868 43.260429 1.119845
v -39.837177 44.438538 6.124005
v -28.040966 50.197357 0.849028
v -32.101257 26.413681 -1.410066
v -30.447327 23.867317 2.597214
v -32.864708 27.589275 -0.686782
v -35.179131 27.393290 2.733393
v -27.405266 31.871387 -4.301644
v -24.643921 29.280733 -6.237611
v -24.582191 31.044842 -5.462628
v -24.643921 29.280733 -6.237611
v -26.227249 32.853405 -4.127318
v -26.088337 37.985863 -4.664459
v -34.055145 44.238022 -0.404115
v -31.693474 49.563946 1.333839
v -40.907791 64.158936 17.833706
v -43.780212 63.444695 18.377293
v -45.295021 62.130791 18.876495
v -52.087219 57.539780 22.522301
v -36.946404 41.619560 30.424171
v -36.334408 30.977503 16.467569
v -28.778572 32.248955 -7.912741
v -31.300228 34.657154 -6.344461
v -36.356434 38.947952 2.231728
v -37.633404 33.705784 17.645832
v -27.152588 34.879883 -9.052249
v -33.597591 27.500383 4.680040
v -35.603931 31.054564 8.107967
v -34.698936 24.978277 8.443072
v -39.967609 37.274067 8.454030
v -25.866676 28.846458 -7.437527
v -23.499207 30.564590 -9.770764
v -27.362007 31.130865 -8.210852
v -31.011589 40.396416 -3.808744
v -28.288734 40.998768 -3.416069
v -28.087326 36.007362 -8.188681
v -28.703499 31.620548 -5.624357
v -23.370033 33.714584 -7.307108
v -24.321400 34.060051 -9.047056
v -30.508392 33.817520 -3.604172
v -24.555450 29.047928 -8.869562
v -22.571999 32.485313 -7.784275
v -23.430939 29.626862 -6.762856
v -26.133186 30.172482 -5.560248
v -25.993801 36.375084 -3.031543
v -34.185165 36.257034 1.175833
v -26.485500 45.999531 28.703781
v -31.584278 42.181282 29.752880
v -53.003036 52.976326 24.574417
v -35.193474 65.231140 17.467022
v -29.891392 33.513680 -6.852917
v -30.309757 39.014275 -5.371185
v -30.597500 62.575207 18.601559
v -49.911575 47.149628 27.492527
v -22.918802 61.360104 21.433203
v -27.310902 38.683022 -6.151067
v -24.985146 35.638554 -6.051184
v -26.078018 30.113176 -8.748129
v -22.584633 31.008604 -7.390080
v -29.057339 33.857536 -2.461769
v -23.197174 32.357971 -6.058500
v -24.985146 35.638554 -6.051184
v -31.871933 41.021194 -3.039762
v -23.489063 44.127243 30.121746
v -25.843811 58.871250 21.930027
v -29.653690 37.539860 -7.336594
v -44.525818 43.745022 29.292583
v -20.739492 54.772400 25.662409
v -23.489063 44.127243 30.121746
v -34.181595 38.196457 -0.862763
v -24.806683 34.436325 -4.785820
v -22.571999 32.485313 -7.784275
v -27.405266 31.871387 -4.301644
v -23.430939 29.626862 -6.762856
v -25.693184 33.145683 -9.005251
v -26.618649 40.060997 -2.977236
v -25.656250 36.155315 -7.884565
v -23.370033 33.714584 -7.307108
v -22.584633 31.008604 -7.390080
v -26.133186 30.172482 -5.560248
v -27.171623 30.024618 -6.772620
v -24.675240 31.726957 -9.398207
v -23.233955 32.170586 -9.545046
v -26.088337 37.985863 -4.664459
v -32.037804 36.064732 -4.323978
v -26.485500 45.999531 28.703781
v -24.259655 53.924599 25.211475
v -30.074581 39.309242 31.751644
v -38.042923 39.137829 31.732281
v -32.732914 37.025917 -2.365978
v -26.187160 42.177303 -0.292079
v -41.608768 41.372086 9.536978
v -36.993809 38.602531 19.506556
v -37.344460 53.346802 4.094703
v -42.085087 40.435833 13.823647
v -39.909473 46.627789 6.503671
v -38.119141 36.864586 30.484856
v -36.406265 36.656845 23.415501
v -39.558083 38.416832 19.665239
v -28.934326 41.887356 18.135025
v -30.143211 37.813862 23.322458
v -24.252201 43.140907 21.044661
v -28.919880 39.868908 19.616016
v -29.384108 37.302971 30.098608
v -27.843323 59.562096 10.960172
v -29.391891 35.181187 13.195611
v -30.760685 51.590481 3.481432
v -29.632776 66.231071 17.628296
v -29.457836 54.914852 5.245879
v -30.223801 35.983307 17.517384
v -25.044060 52.551239 6.651117
v -25.848305 55.023392 6.865096
v -21.699127 50.513783 18.705431
v -22.806553 49.549976 12.812304
v -25.414181 45.077339 14.732267
v -28.227470 64.864120 17.565453
v -35.094879 67.477791 16.028973
v -21.918407 60.279144 19.988749
v -33.408485 55.037861 4.102980
v -34.642731 66.583038 14.432878
v -28.237383 64.419899 16.041542
v -22.839241 56.407368 14.892352
v -27.491131 52.778229 4.956367
v -25.185318 58.504108 12.347154
v -26.462925 64.249046 16.761982
v -26.834164 64.923637 18.640141
v -28.765797 59.533325 11.164835
v -20.155270 54.029205 23.822754
v -27.327457 38.457668 15.117180
v -44.859875 42.625221 12.629517
v -44.498089 46.587257 8.754971
v -43.120476 39.518810 17.346697
v -41.645844 50.984459 6.052250
v -41.936104 43.157120 9.987577
v -40.243610 38.741840 17.558704
v -37.601681 48.747227 4.330639
v -32.733166 40.062588 19.791721
v -22.810745 42.994213 28.220291
v -22.810745 42.994213 28.220291
v -24.252201 43.140907 21.044661
v -29.187296 65.370117 15.711675
v -33.852432 38.179752 20.245089
v -24.518486 44.089924 16.370405
v -34.954941 49.718517 3.294309
v -37.377041 59.193668 9.946638
v -23.853626 49.694412 10.497212
v -25.414181 45.077339 14.732267
v -46.192291 41.508553 29.814671
v -33.426315 60.380344 10.258772
v -23.548523 53.453300 9.209323
v -46.467239 39.801872 28.122433
v -24.518486 44.089924 16.370405
v -4.258499 119.538055 7.282401
v -9.468367 116.397896 10.037415
v 0.295170 117.972534 5.163417
v -4.552340 117.011658 6.595271
v -10.488548 113.409767 10.302168
v -2.518404 117.896179 5.824094
v -6.683531 116.892242 7.962363
v -10.061278 109.524940 10.544893
v -11.346402 110.866135 10.524340
v -13.575220 106.604462 8.872984
v 2.737160 123.725159 7.508668
v -6.948387 119.715103 10.106152
v 0.089940 122.558777 7.403926
v 4.592371 122.277443 6.293925
v 3.116480 122.006531 6.025853
v -11.762678 110.273758 13.217154
v -8.121238 117.131584 17.104258
v -6.915048 115.727806 16.841312
v -0.969040 123.782921 9.421623
v 2.963419 124.330086 10.061930
v -3.931284 122.210594 9.542536
v -9.910900 116.467804 14.679026
v -10.307975 116.506485 12.623833
v -1.052616 119.713127 6.063441
v -7.655174 120.590141 12.148121
v -11.213686 113.831093 12.106440
v -8.332302 113.144264 15.743003
v -10.157253 113.722122 15.106843
v 4.604084 123.554367 7.891193
v 0.719402 121.278381 6.357349
v -12.188583 110.904617 11.533150
v -7.740618 120.701477 14.053972
v -2.562806 121.052849 7.174312
v -43.745491 39.154568 21.917467
v -47.171242 42.424347 19.132816
v -10.113358 109.704964 13.265003
v -46.627609 52.252159 12.244274
v -6.192647 121.212631 16.617802
v -6.788846 120.797249 15.257757
v 1.142139 124.572899 9.747231
v -7.417101 116.383339 18.118458
v -4.756156 122.832581 13.497204
v -4.488030 123.125603 15.248718
v -4.693697 122.952812 11.501202
v -7.502043 118.267860 18.231234
v -9.048022 115.276367 18.149258
v -3.251133 122.441658 15.561790
v -4.901085 120.272751 16.827492
v -6.702639 118.163330 18.535706
v -1.427276 124.750328 12.926237
v -54.979866 57.989231 18.639107
v -48.123344 62.880524 15.681455
v -52.145294 44.510517 25.672398
v -51.705109 45.879963 27.334656
v -47.753777 46.633842 15.173641
v -1.307641 124.319061 11.355274
v 1.458749 124.601791 11.341290
v -47.791725 64.110008 17.865284
v -0.765613 124.127892 13.588171
v -43.604958 63.192825 15.048272
v -44.767372 64.838432 17.012775
v -41.372940 65.158798 14.390646
v -41.721657 66.422462 16.058781
v -54.697197 59.013229 21.449993
v -41.710213 56.936852 10.615047
v -56.129646 52.513264 24.207699
v -56.384171 51.006863 22.070938
v 3.085296 50.669430 25.971935
v -20.278347 52.489616 16.816835
v -17.878910 44.486973 13.611273
v -13.620804 73.400589 36.609497
v -9.681007 57.459942 28.722441
v -2.107777 50.680679 25.862114
v -2.726021 45.933544 24.344730
v -31.107086 86.819183 29.448992
v 4.298622 56.922134 30.152035
v 2.217890 45.903877 24.824230
v -16.887619 80.440765 37.409054
v -19.929562 75.218018 36.214581
v -18.412752 45.776016 14.935753
v -14.967620 92.750755 31.619858
v -13.317383 65.760674 32.065491
v -18.926252 85.560509 35.692665
v -19.638432 60.666229 23.984898
v -24.939241 57.129738 13.999458
v -18.128428 66.951866 30.232180
v 1.752553 43.156788 21.264431
v -14.218479 51.625137 21.371449
v -24.939220 89.687912 29.958424
v -2.410106 56.592804 30.274525
v -2.860198 43.265526 20.829567
v -8.559142 51.290932 24.448271
v -26.114212 82.939285 35.571747
v -13.399039 45.789009 20.022951
v -13.177515 43.733418 17.766386
v 5.233985 63.560997 33.808037
v -15.530736 58.997726 26.511383
v -22.185085 58.117710 19.504482
v -27.353683 59.336521 8.403151
v -22.541161 61.016254 22.312309
v -19.210415 66.723740 30.119717
v -20.631824 74.288696 36.358204
v -33.310856 84.752136 30.752430
v 2.346220 116.306740 4.895142
v -20.307211 62.595173 25.149647
v -0.047180 113.881783 6.080539
v 0.860987 117.442963 5.066693
v -6.216146 114.428032 7.615649
v 2.640532 119.622520 5.269177
v -3.040702 114.239700 7.258174
v -2.074500 112.522217 7.551680
v 54.472687 45.220299 8.047649
v 35.354729 47.405731 3.736833
v 36.713356 50.961475 1.166826
v 39.624363 51.990898 -1.588148
v 49.925228 54.980103 2.637565
v 53.916370 50.101963 5.440024
v 41.785053 51.702015 -2.846651
v 45.485138 50.486778 -3.738273
v -7.809441 43.698174 19.764681
v -2.095413 64.761879 34.927696
v -8.608843 46.007000 22.528297
v -20.293898 44.774071 8.592586
v -24.081913 51.661293 5.607519
v -21.727736 44.828579 4.309641
v -8.718314 79.952103 39.166031
v 6.456332 72.570770 36.645500
v -22.639614 51.685726 11.290931
v -9.046487 73.990028 37.653496
v -0.492139 130.127258 28.843479
v 0.505189 130.186859 28.300507
v -1.530411 129.442749 28.755556
v 50.531288 43.669682 -1.666096
v 50.183334 39.996784 0.532624
v -0.669437 79.637222 39.232952
v 30.532244 60.673073 21.535118
v 8.821088 90.031082 39.002182
v 7.346339 79.784485 38.064983
v -1.593577 72.612785 37.848232
v 0.788574 91.164108 38.962265
v -8.686454 91.873657 36.757515
v 0.113711 87.132812 39.422943
v 46.645042 37.486202 3.967279
v 42.037357 39.001434 4.866958
v -26.750336 81.698608 36.178516
v -1.337192 115.554688 6.137109
v -4.494651 113.057640 8.845959
v 39.530006 41.016762 4.848322
v 47.430893 47.696198 -4.039902
v -7.866652 86.144432 38.937271
v -4.582763 111.462952 9.632794
v -6.027720 112.647072 10.294043
v 3.857315 119.364037 4.844537
v -25.741325 59.084488 16.730989
v -27.950319 60.517292 13.256968
v -8.142664 113.869797 8.952608
v -4.077860 115.327911 6.310245
v -2.075994 116.194824 5.597345
v -9.412827 112.799416 9.585852
v -7.983785 111.040756 11.121929
v 36.808739 43.760250 4.750476
v 36.808739 43.760250 4.750476
v 30.985035 64.948837 25.659830
v 8.436945 85.593864 39.032349
v -9.037129 64.873474 33.896694
v 50.804832 73.098755 19.851906
v 35.384258 55.481552 14.347796
v 36.385593 53.473526 14.891975
v 2.676211 129.174622 16.618895
v 34.819851 72.111504 30.646793
v 48.143120 74.650787 24.776766
v 35.619316 69.488274 30.208138
v 34.586201 56.021545 13.679668
v 46.694916 65.284752 9.168663
v 32.362526 56.481297 18.798010
v 50.487774 79.337242 16.897285
v 49.780018 77.610977 12.363932
v 0.411859 126.217834 14.357664
v 3.183001 130.848129 16.188744
v 49.227379 68.320557 11.664486
v 33.464039 54.402054 19.957472
v 48.737991 79.669624 23.966312
v 42.471737 78.051598 29.778557
v 44.624168 73.974640 28.941875
v 43.115284 60.199295 8.611019
v 31.470392 63.162731 25.733311
v 32.137188 58.754292 18.979511
v 53.615463 60.278984 15.469728
v 41.011971 60.729366 6.182463
v 34.586201 56.021545 13.679668
v 55.174099 55.669106 18.913542
v 52.425900 54.333839 13.807335
v 47.659901 51.858753 16.685459
v 54.826664 56.982719 17.096231
v 37.019604 56.757858 9.591782
v 42.942970 68.998726 4.164463
v 52.083942 53.883503 16.728289
v 43.026798 48.675060 18.578266
v 51.404987 71.735214 15.780610
v 47.226234 73.326180 8.694016
v 3.815267 134.346848 25.276684
v 2.965169 131.962936 24.246178
v 3.075659 132.513245 23.950684
v 3.075659 132.513245 23.950684
v 3.714963 131.977325 22.812931
v 2.965169 131.962936 24.246178
v 2.826601 131.674911 24.958591
v 2.939876 129.736465 24.471321
v 2.844562 129.015244 24.803591
v 3.751400 131.511154 23.381489
v 1.538046 128.976425 23.404860
v 3.771890 130.456512 23.964821
v 3.249896 131.041229 24.017654
v 2.062059 131.185913 25.597000
v 2.679924 132.737259 25.613413
v 3.484466 132.591797 18.125044
v 0.027244 127.151360 16.666325
v 8.645006 130.377930 23.927006
v -0.184738 121.144249 31.443151
v 12.342846 130.087494 22.604048
v 9.093637 129.850677 26.224773
v 10.135029 124.686676 32.628120
v 0.468118 127.726540 18.262531
v 35.384258 55.481552 14.347796
v 37.883202 48.204159 22.647516
v 13.115093 129.424744 25.081247
v 39.971920 46.570465 20.995903
v 39.415916 47.185364 17.600449
v 39.313244 45.936974 24.721012
v 6.955311 131.039749 19.357981
v 36.216702 54.910187 26.842482
v 36.182064 51.504742 31.202866
v 40.537689 45.838558 31.340130
v 8.134798 130.732147 21.024109
v 53.646233 63.054764 23.707714
v 54.296570 62.278305 19.652010
v 56.896553 55.402317 16.648907
v 55.654057 60.285904 25.360653
v 57.273628 57.391174 25.333225
v 56.899330 56.919380 21.258247
v 47.352497 47.048218 33.020763
v 40.797279 56.096680 35.647652
v 56.110764 58.791149 20.682428
v 36.364487 57.109261 19.558971
v 56.630306 56.139523 28.585791
v 54.468796 61.065018 29.690670
v 58.998810 49.356651 18.729277
v 35.269508 51.094921 21.913128
v 14.442839 121.078667 33.260460
v 5.078964 131.386841 21.389542
v 4.713630 128.955841 26.865841
v 3.100027 128.696793 25.684078
v 2.086723 123.637749 31.817204
v 5.083414 129.985779 24.665165
v 0.116813 123.330116 29.971048
v 41.789536 39.078308 19.904099
v -0.060069 121.757408 31.082956
v 35.699593 42.923355 19.103630
v 0.223783 124.994331 28.343893
v 1.303006 121.683708 32.634453
v -0.396696 125.845078 26.570599
v -0.060069 121.757408 31.082956
v 1.288631 126.728645 27.285339
v 4.570949 127.689095 29.245947
v 6.075380 130.895279 22.339077
v 2.042148 125.014008 30.483986
v 0.445807 126.194839 27.103046
v 2.116697 127.535637 26.991314
v 9.271313 121.745216 34.587364
v 1.770601 130.103699 17.550817
v 2.834506 127.334389 14.580708
v 3.483158 128.008270 14.229286
v 1.462371 127.788399 17.578571
v 10.728895 130.425690 17.971579
v -0.060069 121.757408 31.082956
v 5.438720 131.187134 15.112758
v 5.079817 126.298164 31.148647
v 4.670502 131.179977 22.819654
v 9.346325 127.026360 30.777714
v 14.101738 126.806679 29.160919
v 13.732779 128.278259 27.380959
v 1.792054 128.343231 17.979259
v 3.900481 129.673965 14.270106
v 3.646985 128.521820 13.412382
v 2.658693 128.286499 14.773473
v 1.570380 127.932381 16.215149
v 1.927210 127.918251 15.313549
v 43.538055 48.490170 13.983030
v 3.879965 130.485214 15.061294
v 0.260412 124.040024 29.183750
v 0.223783 124.994331 28.343893
v 6.307167 131.490204 17.640736
v 57.042160 46.598377 13.527340
v 44.299397 60.442085 10.198099
v 48.963867 59.912552 9.452329
v 39.980988 60.392269 17.561665
v 35.269508 51.094921 21.913128
v 41.275650 38.714142 13.174267
v 53.391785 40.225029 10.602915
v 46.303905 56.990379 3.312571
v 42.429531 57.486675 4.984439
v 48.432983 37.318222 12.196502
v 55.963936 52.835873 10.684824
v 38.692116 56.106224 7.354600
v 36.071594 47.847145 12.616059
v 37.880882 42.687885 14.208702
v 0.116813 123.330116 29.971048
v -0.184738 121.144249 31.443151
v 8.044956 130.671799 16.069893
v 4.607577 133.401199 19.926502
v 1.690614 125.923965 29.048733
v 39.204323 59.109882 11.617210
v 35.091084 55.434216 13.672060
v 36.071594 47.847145 12.616059
v 36.224701 52.575768 10.415606
v 33.978996 49.348095 16.616728
v 33.978996 49.348095 16.616728
v 49.311462 36.721081 18.686436
v 55.449036 41.550220 15.474842
v 57.584595 44.602608 21.226227
v 51.707115 40.557491 24.780769
v 51.726952 63.487579 28.108274
v 48.636810 59.975006 35.357689
v 53.506638 59.874538 15.343102
v 43.211807 41.061005 25.561583
v 36.508400 44.536583 24.498894
v 44.376564 61.758385 16.190903
v 49.222771 61.758911 15.114990
v 53.227192 52.784355 32.012718
v 46.347786 62.070038 31.272692
v 40.539703 59.992233 32.059196
v 37.861862 50.186638 16.192532
v 35.933140 52.016464 21.728662
v 39.971920 46.570465 20.995903
v 0.984803 131.372101 19.524471
v 1.302419 132.181961 23.861265
v 0.911100 129.531479 23.455336
v 2.413612 130.101593 24.660330
v 2.990227 133.970078 22.367418
v 1.768467 133.576492 21.338152
v 2.119280 132.477524 19.311012
v 2.110793 132.483856 25.957470
v 3.233989 132.744415 26.323332
v 3.562778 134.893799 24.480438
v 2.245165 133.534088 24.543949
v 3.153787 134.849777 24.949015
v 2.806696 133.736206 20.689598
v 1.996940 134.060471 23.293943
v 2.257426 132.737076 25.214041
v 1.665207 131.963394 19.155226
v 1.698617 131.498550 25.566208
v 2.062059 131.185913 25.597000
v 0.661045 129.192444 28.545967
v -1.530411 129.442749 28.755556
v 9.626799 130.203094 15.047188
v 46.907326 54.452721 11.175779
v 1.284563 127.343178 16.224300
v 51.860519 63.461624 13.768876
v 39.984859 57.049339 10.288892
v 36.385593 53.473526 14.891975
v 44.142467 59.527298 9.153808
v 1.657494 128.195160 16.961525
v 47.908314 62.927628 10.746284
v 44.901028 69.973114 30.174156
v 2.483058 128.699341 15.568631
v 1.538046 128.976425 23.404860
v 0.963616 132.177338 22.165150
v 0.513222 130.917526 22.471546
v 0.298056 127.689636 22.251617
v 0.436842 129.937332 20.346054
v 0.597343 128.103760 21.221634
v 0.832949 128.030640 22.206167
v 2.651209 129.163635 26.459534
v 3.100027 128.696793 25.684078
v 2.116697 127.535637 26.991314
v 1.420895 128.422455 28.009554
v 0.445807 126.194839 27.103046
v 1.768583 129.330597 27.667633
v 0.393725 127.515465 28.198837
v 2.844562 129.015244 24.803591
v -1.954046 128.269989 28.075714
v 1.288631 126.728645 27.285339
v -0.917709 127.346672 28.163723
v 1.332800 131.988449 25.267681
v -2.004765 127.015114 27.083931
v -0.396696 125.845078 26.570599
v -0.452909 128.519318 28.755962
v -1.249771 126.474129 27.123880
v -1.334366 126.047203 23.285210
v -1.719653 126.062408 25.512215
v -1.162999 125.708725 25.406063
v -1.162999 125.708725 25.406063
v -1.954046 128.269989 28.075714
v 1.648901 130.144318 27.026802
v -1.209387 126.523964 23.406530
v -0.964344 127.250481 24.786303
v -0.654957 126.908653 23.343346
v -2.195777 127.680122 26.440586
v 51.076828 57.567223 12.241859
v 49.347107 60.655716 11.005781
v 48.378948 51.400917 12.729151
v 41.970509 51.566216 12.590626
v 45.508316 57.556206 9.994490
v 50.110920 65.578522 13.342937
v 39.415916 47.185364 17.600449
v 51.633232 66.559731 22.150364
v 49.585831 66.920776 26.390747
v 50.978867 69.896835 21.228672
v 37.536861 66.383919 31.196074
v 38.047699 63.062271 31.624769
v 48.847775 70.717598 25.606070
v 46.110592 66.788582 31.201345
v 32.482437 57.716003 27.263365
v 31.430710 61.006874 26.611546
v 52.602512 65.508888 17.557520
v 51.698769 68.366974 17.199505
v 37.861862 50.186638 16.192532
v 2.237438 129.826797 25.332584
v 3.276640 133.237366 23.083925
v 3.973224 134.697693 24.703552
v 4.323838 135.555786 25.517624
v 3.754425 133.874023 21.296551
v 4.182930 135.357773 25.905954
v 4.156105 135.222961 21.583832
v 5.302742 131.799240 16.359676
v 4.323838 135.555786 25.517624
v 4.182930 135.357773 25.905954
v 4.577612 135.187302 21.315498
v 3.754425 133.874023 21.296551
v 5.046719 132.725327 17.765598
v 4.855976 133.335022 18.970806
v -0.353882 129.002136 26.888145
v 3.562778 134.893799 24.480438
v -0.292066 128.139191 25.775009
v 3.815267 134.346848 25.276684
v 2.990227 133.970078 22.367418
v -1.719653 126.062408 25.512215
v 40.918091 54.883492 11.550900
v -0.434676 127.466835 24.648621
v 0.832949 128.030640 22.206167
v 2.821963 133.269257 25.328028
v 3.127771 134.378067 25.437958
v 2.826601 131.674911 24.958591
v 2.413612 130.101593 24.660330
v 3.827329 133.954224 19.982090
v -0.654957 126.908653 23.343346
v 3.440750 134.176880 25.682529
v 2.062059 131.185913 25.597000
v -1.209387 126.523964 23.406530
v -1.334366 126.047203 23.285210
v 1.538046 128.976425 23.404860
v 0.772898 131.312225 24.169025
v 1.216917 130.553070 24.688402
v -0.396696 125.845078 26.570599
v 4.898567 121.848358 34.047569
v 8.950344 128.781067 28.607388
v 14.372619 124.367828 31.191227
v 11.439660 130.380295 19.956921
v 0.815165 128.833832 19.404335
v 1.719123 127.225624 15.335103
v 2.147664 128.620239 16.247543
v -1.991872 126.661644 25.116776
v -2.004765 127.015114 27.083931
v -0.224901 127.189018 22.929274
v 5.302314 132.481567 19.427910
v 0.260412 124.040024 29.183750
v 5.658148 124.246620 32.949272
v 3.397073 129.124008 15.376031
v 52.912319 57.560646 9.391326
v 4.213368 132.693085 21.371771
v -1.282167 127.849617 26.096111
v -0.769499 124.144272 29.218260
v -4.804709 121.717712 29.624990
v -2.008381 125.561348 22.339325
v -6.436055 122.273438 30.816013
v -4.285987 116.882217 20.839664
v -6.890089 121.755302 30.062622
v -6.433533 121.946312 29.001041
v -5.664767 121.035202 30.233677
v -2.059656 126.987648 22.690678
v -4.529967 117.731300 23.163515
v -0.784064 124.905182 28.135408
v -2.325177 119.995636 29.190298
v -1.334366 126.047203 23.285210
v -4.529967 117.731300 23.163515
v -0.997935 125.364052 26.926071
v -2.325177 119.995636 29.190298
v -7.574804 119.040123 24.311565
v -6.570003 121.406273 26.226797
v -7.789985 118.827316 23.886253
v -7.107064 120.972176 28.942516
v -1.446726 120.701828 30.376049
v -7.934476 119.568695 26.520748
v -1.986869 124.325829 30.365067
v -2.428203 123.881905 30.366982
v -1.439608 125.461914 25.528019
v -3.809375 125.209969 22.449608
v -3.728457 124.842308 20.275112
v -3.213381 124.144966 17.978783
v -3.310919 124.110306 23.299204
v -2.439472 123.103539 29.585278
v -2.713780 123.902679 27.498894
v -2.196342 124.105133 29.160892
v -6.102274 121.305550 23.327183
v -1.379270 125.880646 16.559883
v -3.245779 123.253120 20.394783
v -3.402676 123.938751 25.841408
v -2.229390 125.762390 18.589130
v -3.794955 122.617874 27.445623
v -3.207444 122.400078 28.401165
v -2.509770 124.136459 16.072445
v -2.437220 123.945488 28.139336
v -8.762300 118.880295 23.929092
v -8.055931 117.450020 20.516457
v -7.317749 119.585495 21.800224
v -5.673576 118.030922 17.293287
v 8.687699 129.664978 12.727882
v -3.816994 118.647438 14.007898
v 0.302193 127.993324 23.990944
v -0.377639 129.978333 26.616121
v -0.864578 130.357269 27.462559
v -1.313476 129.753052 27.834909
v -3.340096 122.495872 15.837623
v -4.000206 121.922813 18.832481
v -4.010515 123.415932 17.784908
v -2.348673 115.753914 15.987548
v 6.601615 130.017822 13.265192
v 4.742612 130.279678 13.836459
v -0.635914 130.981812 27.917452
v -2.089850 128.836884 27.504883
v 0.655908 128.858047 23.560230
v -1.327528 122.815399 30.564751
v -4.010856 118.371452 26.254353
v -0.974494 127.103371 20.814713
v -0.919048 127.006020 18.490448
v -3.336047 119.210907 28.149157
v -3.625542 116.323723 18.514074
v -5.664767 121.035202 30.233677
v 0.783432 129.845184 24.896196
v 0.231156 128.931976 25.272076
v 0.210883 130.705414 26.446177
v -2.010576 125.988899 21.237892
v -1.815413 129.975464 28.080835
v -1.449481 130.872498 28.507433
v -1.083142 130.217957 27.870380
v -1.339914 128.891754 27.223543
v -1.327528 122.815399 30.564751
v 0.298056 127.689636 22.251617
v -0.719125 123.616982 29.989164
v -0.224901 127.189018 22.929274
v 3.685359 118.639114 4.581689
v -1.432148 119.459793 12.055504
v 5.622343 124.914780 6.694421
v 2.030641 125.163803 10.137917
v 4.323406 113.889000 8.789516
v 3.140455 116.310631 4.277701
v 1.626675 115.578369 5.929143
v 16.175732 34.149834 -17.723698
v 36.469872 77.289360 -6.263357
v 38.272469 79.901466 -0.848147
v 26.546370 76.203979 -15.456365
v 38.213654 77.623093 -4.016028
v 24.935873 76.586449 -17.055552
v 30.291725 79.948952 -13.054068
v 0.972113 125.108894 11.285774
v 5.563700 128.934036 11.661093
v 1.520579 125.646362 11.685986
v 3.166416 127.482384 12.546282
v -1.851545 122.148804 13.233562
v 1.679533 118.999611 8.377832
v 5.351622 123.241058 6.810559
v 3.049073 122.692657 7.801231
v 3.277843 123.924873 8.187714
v 0.447948 123.130417 9.869785
v 0.787711 120.509506 9.759905
v 38.758812 80.903107 -6.148948
v 1.173919 115.608459 9.978569
v 1.940167 118.700325 6.211771
v 3.473929 125.937653 8.796165
v 32.819977 81.974655 -6.227910
v 34.813953 80.018700 -7.574556
v 33.566895 77.845352 -8.880354
v 27.721386 85.808861 -7.166409
v -0.431492 124.759468 13.343637
v 6.760521 127.189064 8.667135
v 3.905630 128.742493 12.857487
v 4.153326 115.208702 7.646915
v 38.255299 82.553642 -3.623462
v 35.941509 81.731369 -7.931715
v 23.242130 87.579956 -11.062690
v 5.279585 121.886925 7.311641
v 2.616726 126.299446 11.217514
v 24.706535 83.078621 -13.867064
v 39.123795 80.456001 0.869621
v 33.309334 84.400085 -7.400050
v 30.601643 79.373489 -11.235250
v 1.377302 117.198273 8.382757
v 3.205438 121.023041 7.850846
v 28.270718 83.242996 -11.127936
v 27.184706 77.489670 -16.804832
v 4.486011 127.609032 10.258793
v 7.950183 128.938477 11.053118
v 1.685856 126.345810 13.201324
v 2.769855 113.644531 4.629937
v 39.416016 85.028435 0.628685
v 39.537483 83.946236 -1.488820
v 5.196745 112.595070 9.641897
v -0.244172 114.938858 14.019720
v 1.597504 113.623390 11.638066
v -0.938419 117.856712 11.627565
v 21.151642 82.849014 -16.623493
v 29.027611 81.525673 -9.877451
v 28.108677 78.227982 -15.982213
v -19.984812 89.385368 -3.369374
v 30.378305 77.431488 -14.588220
v 25.759939 78.331039 -18.237339
v -19.416336 86.880539 -3.168206
v -19.036404 83.762909 -6.857822
v -35.825478 46.976383 35.452450
v -41.866169 42.048603 28.987808
v -43.841049 47.862270 34.049595
v -46.710720 46.740860 23.920681
v -27.491787 46.086998 29.833523
v -24.132135 56.605644 21.694651
v -47.185387 51.309868 20.655907
v -34.220253 43.460129 30.658600
v -48.837067 51.407879 28.454163
v -44.739311 56.406555 16.632309
v -25.904709 54.487267 30.736916
v -31.995815 61.831150 15.966335
v -24.295074 51.433823 26.026890
v -24.295074 51.433823 26.026890
v -40.842857 60.121944 14.732686
v -25.674580 59.814491 26.931492
v -41.547279 63.943161 19.840298
v -36.995811 65.054672 19.784893
v -32.358231 64.605904 21.498005
v -28.433666 62.991112 23.746689
v -28.539524 49.043144 34.564709
v -45.790276 60.493073 21.654514
v -46.375790 64.888809 31.431692
v -45.890419 63.296528 34.538925
v -43.407402 59.339722 38.092632
v -45.176582 66.402657 27.112867
v -46.263420 64.358093 27.207785
v -39.553993 69.796616 34.415730
v -38.950020 41.095604 23.524494
v -27.362303 60.191460 18.291973
v -36.576420 61.811638 14.767197
v -42.673492 69.427956 26.066685
v -34.501854 67.130363 37.301102
v -44.204208 67.627899 31.794964
v -49.129028 55.540771 24.756935
v -42.769787 67.945213 36.020386
v -25.904709 54.487267 30.736916
v -19.210415 66.723740 30.119717
v -40.353767 41.854507 11.706444
v -44.365486 48.209541 16.132898
v -28.594479 50.216423 4.953165
v -25.340508 48.564342 8.286816
v -38.468731 39.897675 14.757867
v -32.422951 49.400532 3.791235
v -33.816711 39.509995 17.148964
v -29.877953 41.148724 15.872694
v -27.656796 43.011871 14.311657
v -33.310410 57.177132 9.024545
v -40.357086 54.198406 9.593193
v -36.950920 56.163670 8.794682
v -42.764084 52.112507 12.579051
v -29.526188 57.122307 9.771229
v -24.528999 51.284721 19.170689
v -24.528999 51.284721 19.170689
v -26.792206 46.494881 23.575556
v -25.390835 55.193905 14.201087
v 32.080765 41.353481 5.266343
v 29.687813 44.528576 5.647364
v 35.219181 43.022861 7.489182
v 32.080765 41.353481 5.266343
v 48.509842 33.322605 0.357190
v 45.912048 35.837021 5.089180
v 38.062878 34.688454 -8.547204
v 40.924809 33.430801 -5.949927
v 45.755985 30.355188 -5.640506
v -20.485313 78.986702 -10.661462
v -36.092911 47.797855 3.853021
v -38.875683 46.271236 5.538400
v -25.461208 45.582897 11.969310
v -40.200245 43.193134 8.318892
v -25.461208 45.582897 11.969310
v -20.307211 62.595173 25.149647
v 3.620350 68.989151 -25.405861
v -16.322197 81.397949 -14.985682
v -18.933729 80.415985 -12.147844
v -17.423618 79.052155 -13.134394
v -14.912142 80.714432 -16.670576
v 37.851231 39.556942 3.723557
v 35.219181 43.022861 7.489182
v 33.163364 45.384842 7.510109
v 27.541409 43.202236 3.604830
v 42.277996 37.249401 6.030877
v 46.973965 31.448879 -2.729547
v 41.187778 34.862976 -8.195840
v 38.826530 40.276352 6.254416
v 44.041882 31.470001 -3.624510
v -21.009878 81.697426 -10.368610
v -23.274599 84.602173 -2.126381
v -22.222731 84.692451 -3.774488
v -18.001530 80.823326 -13.946527
v -18.519403 85.805450 -7.668756
v -23.515566 80.635406 -5.658435
v -21.184799 80.327202 -11.462262
v -16.816786 88.145355 -3.819605
v -44.356720 43.916561 19.979877
v -32.641884 41.545872 24.349415
v -35.709759 55.281967 40.770042
v -41.700371 69.925613 30.101528
v -37.017303 65.491753 41.453884
v 23.901459 37.081882 -2.915369
v 26.248920 38.998112 -5.149513
v 23.325760 39.316673 -1.987162
v 23.137623 38.130142 -1.259157
v 24.463806 37.953297 -4.672930
v 24.097225 40.337082 -4.059633
v 25.201691 40.089165 -5.235224
v 23.452415 39.167839 -4.706659
v 24.638271 39.405430 0.427404
v 22.704662 38.277077 -2.950449
v 25.885159 41.923897 2.258698
v 49.373878 35.933651 3.417106
v -20.494329 80.266571 -9.505892
v -14.520221 78.468552 -15.847458
v 3.729699 73.568977 -23.124842
v 3.574301 73.041061 -24.697651
v -15.823641 79.406425 -14.186847
v 3.729699 73.568977 -23.124842
v 24.446682 37.099396 -1.567484
v -17.970837 78.884918 -11.582429
v -15.305931 85.508743 -10.845964
v -12.109527 84.657524 -14.504728
v 7.006971 70.618347 -25.261497
v 3.574301 73.041061 -24.697651
v -13.826054 89.916382 -7.432255
v -36.772781 72.715294 32.664349
v -25.004877 69.374336 36.879227
v -20.558086 62.927128 31.883343
v -27.413151 56.991592 20.229954
v -26.135324 58.718632 19.218653
v -33.310856 84.752136 30.752430
v -37.681179 76.091331 27.594246
v -36.677368 68.889313 16.892120
v -27.413151 56.991592 20.229954
v -30.289236 61.411697 15.961505
v -38.121822 71.890327 19.634714
v -40.388515 72.258980 23.955988
v -40.278259 70.206055 20.099838
v -35.254181 76.284134 31.890495
v -39.021347 72.938171 28.517372
v -38.880497 74.880035 23.572031
v 26.344398 38.163467 0.125204
v 28.849277 40.429016 0.748892
v -26.182459 66.243019 37.286716
v -31.432053 74.552063 36.235451
v -33.220367 71.678322 37.305645
v -22.136475 59.918968 32.574146
v -24.135653 57.112427 25.243996
v -22.570095 58.909988 24.115471
v -26.135324 58.718632 19.218653
v -35.836212 84.932541 23.837408
v -38.031204 78.016342 22.344530
v -36.810116 74.364212 18.023100
v -36.917168 79.110657 26.396067
v -35.144447 70.910690 15.359588
v -35.941460 83.248840 19.170067
v -25.741325 59.084488 16.730989
v -20.631824 74.288696 36.358204
v -33.719006 79.878220 31.239176
v -42.189339 60.856228 22.781605
v 26.344398 38.163467 0.125204
v 27.627014 40.723381 2.022969
v 27.627014 40.723381 2.022969
v -31.635487 51.473377 23.055214
v -44.733353 63.062180 24.898193
v -22.541161 61.016254 22.312309
v -44.482216 64.452583 23.435509
v -29.509188 54.089180 21.628227
v -32.208740 51.369640 27.334141
v -30.226053 59.968025 41.306141
v -26.995138 55.287556 27.101849
v -32.715603 50.675255 38.108620
v -26.951780 54.583302 36.562180
v -29.276979 63.792488 37.779510
v -42.873917 61.427551 19.986794
v -34.659058 54.046875 24.861002
v -38.568764 57.930813 22.687143
v -26.750336 81.698608 36.178516
v -34.456123 78.733681 15.176497
v -25.741325 59.084488 16.730989
v -20.242462 65.006493 30.257233
v -30.183208 78.309227 35.236755
v -42.628143 67.446236 21.821297
v -31.569527 50.439289 30.810921
v -32.208740 51.369640 27.334141
v -29.755478 52.087791 28.404110
v -30.831394 65.272919 12.039083
v -32.705528 65.226486 14.486308
v -22.349258 71.974174 35.914223
v -31.621780 73.747261 10.334057
v -27.950319 60.517292 13.256968
v -33.829556 64.786865 15.060946
v -26.415442 58.026299 32.275669
v 1.005135 47.675526 -23.399763
v 4.347577 51.813892 -24.392645
v -1.782313 51.127110 -25.547155
v 2.320782 53.273964 -24.656689
v 3.392883 50.922997 -26.065941
v 0.327292 47.331039 -24.919666
v -1.399060 51.387520 -24.064384
v 3.532230 49.411156 -25.754967
v -0.024254 53.089836 -24.503778
v 1.733731 50.501793 -23.899792
v 2.147785 51.907864 -26.221111
v 1.314180 49.983299 -26.195267
v 2.656624 47.518196 -25.087990
v -0.616844 50.673080 -25.874125
v 2.388509 52.967026 -26.110567
v 3.397935 47.847019 -23.481461
v 4.320010 51.485703 -25.851578
v 4.801902 49.551506 -23.888279
v -0.962885 49.143921 -23.636520
v 2.262457 48.263466 -25.540138
v 0.738119 48.162804 -25.438692
v -0.482433 49.151615 -25.575508
v 0.345888 51.866608 -26.166348
v 4.631962 49.194576 -25.369303
v -1.508403 48.828671 -25.111448
v -1.399060 51.387520 -24.064384
v 1.632355 63.444527 -25.232193
v 4.452418 59.760681 -25.564724
v 0.039357 52.789932 -25.965635
v -0.024254 53.089836 -24.503778
v -0.981599 58.251118 -24.600044
v 1.093520 57.063576 -24.893673
v 3.383977 57.669571 -25.282593
v 3.720903 62.144497 -25.554249
v 27.810797 71.785400 33.239170
v 24.329735 64.489738 29.971197
v 30.065498 65.211838 26.231377
v 34.586201 56.021545 13.679668
v 32.137188 58.754292 18.979511
v 42.471737 78.051598 29.778557
v 30.532244 60.673073 21.535118
v 33.065411 78.030113 32.917633
v 34.886505 72.871811 30.818951
v 1.752553 43.156788 21.264431
v 2.217890 45.903877 24.824230
v 42.310989 79.392334 29.162399
v 32.821777 54.104919 13.589758
v -39.635025 57.697212 18.662756
v -40.893608 64.330429 18.430025
v 35.904812 82.611954 30.580826
v 26.556597 50.024025 18.240280
v 6.295325 42.702896 21.500803
v 23.066650 43.487717 17.426781
v 28.987949 58.740891 21.715208
v 34.819851 72.111504 30.646793
v 30.985035 64.948837 25.659830
v -37.571999 60.398647 17.114948
v -35.565132 63.145752 15.927433
v 23.949320 57.357647 25.850225
v 30.358021 55.688110 18.654808
v 5.233985 63.560997 33.808037
v 7.061786 45.360699 24.885990
v 22.016598 42.228287 16.647686
v 8.241765 50.132065 26.176411
v 3.085296 50.669430 25.971935
v 12.416145 64.125595 34.625011
v 14.460137 50.161484 25.157934
v 20.100399 63.823868 32.566902
v 25.394302 42.227608 11.539351
v 16.542816 41.947334 20.149940
v 11.142782 42.572048 21.174929
v 17.612684 44.078819 21.878693
v 20.065174 49.877945 22.545021
v 29.001139 48.883949 12.995127
v 6.456332 72.570770 36.645500
v 12.942690 44.816647 23.720772
v 4.298622 56.922134 30.152035
v 14.564445 72.482231 37.187382
v 22.397615 72.681824 35.830799
v 17.900036 56.343349 28.476261
v 10.350199 55.987476 30.354473
v 7.346339 79.784485 38.064983
v 24.220772 78.151871 36.976433
v -33.350403 56.448483 18.246387
v -31.635487 51.473377 23.055214
v -38.570259 66.990982 17.172203
v -31.627546 59.476959 17.220242
v -35.503220 53.766434 19.661970
v -29.509188 54.089180 21.628227
v 21.258120 124.572029 23.209909
v 23.333311 119.669022 24.131947
v 21.628969 123.206886 25.162533
v 23.134970 119.767204 20.909628
v 22.978891 121.103157 22.910805
v 21.675055 121.254768 27.155678
v 22.756277 117.637756 27.450191
v 20.423611 125.462257 19.417850
v 10.728895 130.425690 17.971579
v 16.274042 125.021675 12.220934
v 24.359232 114.925285 23.822786
v 16.466810 125.604179 12.670935
v 15.903328 129.022125 21.301548
v 14.101738 126.806679 29.160919
v 18.784636 127.426476 19.709198
v 21.566160 123.902596 19.956106
v 14.451534 129.640671 16.603645
v 18.314110 128.641617 17.879164
v 14.577873 129.529861 18.690409
v 18.578749 125.301689 27.438175
v 14.442839 121.078667 33.260460
v 18.077627 127.076149 25.305895
v 22.945814 120.750000 20.124943
v 22.401579 122.093529 19.161251
v 22.945814 120.750000 20.124943
v 22.082628 122.844467 19.763792
v 14.523682 123.581841 9.253176
v 16.763077 127.317947 12.096373
v 16.839245 128.403839 23.423054
v 18.412828 123.140343 29.633884
v 16.922495 128.869415 18.415258
v 20.084906 126.084572 21.305786
v 23.498816 118.962509 21.513374
v 24.359232 114.925285 23.822786
v 23.811422 117.298363 22.448227
v 22.562033 121.556534 18.266029
v 23.748800 117.613449 24.496723
v 17.182886 129.155548 16.983723
v 19.304182 119.871140 30.958302
v 13.115093 129.424744 25.081247
v 16.530828 124.068604 10.696693
v 12.819798 126.264252 10.852064
v 12.360173 126.894234 10.260666
v 14.577354 125.555290 10.737772
v 13.836714 126.198524 10.730188
v 23.134970 119.767204 20.909628
v 11.493194 129.961288 14.764226
v 12.859598 129.658844 12.297480
v 23.811422 117.298363 22.448227
v 16.091457 130.491043 15.432535
v 22.631392 122.012360 21.474091
v 18.714298 131.230469 15.694815
v 17.110619 131.139313 15.227073
v 18.714298 131.230469 15.694815
v 13.903680 130.099823 13.093197
v 15.115187 128.591019 11.817900
v 15.254012 126.825111 12.069185
v 13.071983 127.941010 10.942333
v 9.626799 130.203094 15.047188
v 14.588177 126.438194 11.190001
v 18.497047 132.726181 16.040936
v 23.498816 118.962509 21.513374
v 23.811422 117.298363 22.448227
v 14.372619 124.367828 31.191227
v 12.342846 130.087494 22.604048
v 18.211292 125.600327 13.110970
v 13.286133 125.382095 10.800175
v 15.396770 125.349709 11.213903
v 13.813088 128.586838 11.430579
v 14.517681 124.834938 10.705644
v 13.950539 127.152412 11.558526
v 21.292818 131.402267 18.752989
v 21.410858 132.690125 19.089355
v 21.410858 132.690125 19.089355
v 18.977577 132.615295 15.981741
v 16.296509 131.231140 14.637090
v 18.120972 130.212357 16.214149
v 13.732779 128.278259 27.380959
v 11.439660 130.380295 19.956921
v 17.390238 124.565620 12.141516
v 15.881832 125.538162 11.816338
v 25.082890 84.221153 36.294907
v 15.224171 126.177620 11.517542
v 19.974339 131.000320 16.046076
v 21.696943 132.437119 19.327299
v 21.696943 132.437119 19.327299
v 18.497047 132.726181 16.040936
v 15.230124 130.798935 13.900970
v 13.921659 130.022781 14.769999
v 15.734600 79.285408 38.458641
v 8.436945 85.593864 39.032349
v 16.602936 86.229721 38.279156
v 15.418171 124.703102 11.111934
v 2.392427 58.329857 -26.985802
v 0.875682 57.970509 -26.716011
v -1.242967 58.192265 -26.038090
v -0.479814 58.766235 -26.513466
v 1.121994 59.999363 -27.182610
v -0.606373 62.880432 -24.814070
v -1.697448 60.682102 -24.569735
v 1.383817 60.260635 -24.978592
v 0.790943 56.956913 -26.339605
v 3.105783 59.745079 -27.152691
v 2.703959 61.289680 -27.148342
v 1.328149 62.098743 -26.942211
v -0.822688 60.313797 -26.508205
v -0.018054 61.711884 -26.690136
v -0.981599 58.251118 -24.600044
v 20.015858 128.029907 17.915091
v 20.734680 126.811394 18.013788
v 21.889389 127.771683 18.360704
v 21.117481 128.550247 18.271564
v 20.165686 125.801270 18.537527
v 20.225712 125.527672 16.644659
v 21.770691 131.099258 18.858839
v 21.117481 128.550247 18.271564
v 21.905998 131.217255 18.449783
v 21.130266 131.906769 17.905748
v 18.297272 129.566711 13.339832
v 21.705566 131.711868 18.020426
v 21.754971 130.047760 18.334064
v 20.122469 126.579453 18.249441
v 20.498505 129.502060 17.527332
v 21.294994 130.725098 16.134651
v 17.850803 131.434845 14.703129
v 21.887848 129.470764 18.540413
v 21.889389 127.771683 18.360704
v 21.292818 131.402267 18.752989
v 20.614750 128.894455 17.769901
v 19.396065 128.706329 17.669086
v 20.614750 128.894455 17.769901
v 19.197250 129.215485 17.136887
v 18.975508 130.867477 14.651892
v 21.765505 130.167694 17.341305
v 18.378199 128.916916 13.023705
v 19.974339 131.000320 16.046076
v 22.446815 129.020309 18.492336
v 22.444092 128.334885 17.550758
v 22.225243 127.948250 18.074059
v 20.108051 130.332962 14.548274
v 20.734680 126.811394 18.013788
v 21.889389 127.771683 18.360704
v 21.645245 128.613907 16.419498
v 21.967916 129.387878 17.970724
v 21.946211 129.610397 19.429932
v 20.225712 125.527672 16.644659
v 20.887310 125.883469 16.224598
v 21.751842 126.891212 17.233990
v 21.973312 127.551804 16.454678
v 20.837048 128.623413 14.904564
v 20.988201 127.188530 15.042482
v 19.687386 124.540825 15.390188
v 20.423611 125.462257 19.417850
v 18.952374 128.061844 12.993834
v 19.416883 126.428352 13.472968
v 19.978399 124.019089 15.133947
v 19.260372 124.629295 14.472416
v 16.554787 130.174530 13.234771
v 19.436646 127.568222 18.288553
v 20.917454 131.833054 18.357185
v 20.498505 129.502060 17.527332
v 21.130266 131.906769 17.905748
v 20.006971 130.336716 16.875576
v 23.707064 115.155426 19.835463
v 20.610033 123.297188 15.392918
v 19.978399 124.019089 15.133947
v 25.215254 126.152969 18.566639
v 21.375353 125.666084 19.686687
v 19.009508 112.634369 12.363849
v 20.165686 125.801270 18.537527
v 20.860331 112.982788 14.038038
v 24.815485 123.799347 19.615948
v 22.344053 121.317757 16.903156
v 25.882277 124.322128 18.839897
v 24.404791 122.616600 19.004137
v 24.103674 124.813507 20.066364
v 21.186108 126.301567 18.477322
v 23.607607 126.335060 17.983177
v 22.082628 122.844467 19.763792
v 23.542135 123.191498 19.825657
v 21.566160 123.902596 19.956106
v 22.401579 122.093529 19.161251
v 22.980223 124.395302 20.211172
v 24.381571 125.726898 19.664007
v 22.810244 125.400139 20.056499
v 27.063986 114.921677 18.395123
v 24.026819 115.943535 21.161833
v 18.293493 123.417244 11.540942
v 16.827141 112.505165 11.121037
v 22.344053 121.317757 16.903156
v 25.387716 123.162621 18.185715
v 22.758989 126.201103 19.390919
v 23.063105 121.981537 16.053957
v 25.838255 124.809921 18.078026
v 24.618639 124.042847 17.833885
v 23.901243 125.443184 17.834030
v 19.806776 123.221565 13.297766
v 27.063986 114.921677 18.395123
v 24.200239 118.962212 20.975399
v 21.960279 125.889473 17.236164
v 25.255156 124.790215 18.224575
v 22.311365 122.902733 16.367077
v 23.740210 124.501503 18.172895
v 22.921652 121.459572 16.599031
v 22.562033 121.556534 18.266029
v 21.084921 122.847786 15.479655
v 22.921652 121.459572 16.599031
v 21.397631 122.301109 15.229181
v 22.538595 120.982941 16.854689
v 20.998655 121.263786 14.017281
v 25.742727 118.619759 20.177069
v 25.016214 117.974899 19.654068
v 25.567957 119.178764 20.398008
v 24.899855 119.043739 19.359734
v 23.058756 120.870415 18.224350
v 21.710489 122.547539 14.092605
v 24.387117 118.934875 18.436508
v 24.173872 118.880241 17.773165
v 24.406397 122.081688 17.530556
v 20.610033 123.297188 15.392918
v 23.717497 121.810402 18.092789
v 22.562033 121.556534 18.266029
v 25.387716 123.162621 18.185715
v 23.556581 114.226097 18.525837
v 24.735964 117.946907 21.137135
v 22.296129 124.810379 17.290794
v 25.261316 125.296989 18.341133
v 24.356962 122.720245 16.836002
v 21.916193 123.291840 16.563925
v 21.258997 121.826904 15.112798
v 21.258997 121.826904 15.112798
v 20.225712 125.527672 16.644659
v 19.687386 124.540825 15.390188
v 22.728624 123.839073 17.448030
v 24.606253 117.205505 18.342318
v 26.291189 115.911201 18.381504
v 23.509138 120.367363 19.348137
v 21.258997 121.826904 15.112798
v 24.735964 117.946907 21.137135
v 20.860331 112.982788 14.038038
v 20.909216 125.086548 16.234625
v 26.128592 125.721085 18.531967
v 23.543673 123.212303 17.116177
v 24.406397 122.081688 17.530556
v 25.413176 125.288315 19.473080
v 25.882277 124.322128 18.839897
v 28.065523 115.225815 17.418575
v 24.502821 117.332031 17.209827
v 23.926859 119.531151 20.285160
v 22.580898 113.420937 16.683659
v 23.707064 115.155426 19.835463
v 21.149427 124.099190 16.450142
v 24.896452 125.545273 18.144348
v 25.312357 123.718338 17.593033
v 21.084921 122.847786 15.479655
v 21.397631 122.301109 15.229181
v 3.519824 62.012123 -26.989349
v 8.586024 57.902889 -25.033978
v 3.720903 62.144497 -25.554249
v 1.466693 63.258781 -26.677616
v 1.632355 63.444527 -25.232193
v -1.799928 60.551281 -26.022099
v -1.697448 60.682102 -24.569735
v -0.758745 62.668163 -26.266211
v 10.524829 56.530743 -24.499256
v 4.452418 59.760681 -25.564724
v 4.203736 59.648144 -27.001904
v 3.383977 57.669571 -25.282593
v 3.071160 57.570274 -26.723286
v 1.093520 57.063576 -24.893673
v -0.606373 62.880432 -24.814070
v 11.889071 123.709595 7.935525
v 12.935341 124.244476 9.132191
v 11.899992 127.241150 9.963768
v 11.116241 115.604980 7.267184
v 6.760521 127.189064 8.667135
v 8.687699 129.664978 12.727882
v 7.437990 121.872765 6.213742
v 11.023170 124.729179 8.176755
v 14.030581 122.058044 8.112460
v 11.860975 123.074921 7.347085
v 8.791979 124.944008 6.872760
v 9.510499 126.670387 8.441439
v 6.821608 120.347565 6.542819
v 10.723379 121.210960 6.153041
v 9.572027 118.868652 6.582467
v 4.323406 113.889000 8.789516
v 5.279585 121.886925 7.311641
v 7.592209 117.895164 6.239116
v 23.556581 114.226097 18.525837
v 5.013998 114.945633 4.703891
v 2.769855 113.644531 4.629937
v -4.677026 17.928398 12.492135
v 22.549053 112.281029 16.455681
v 22.580898 113.420937 16.683659
v 2.958925 17.793835 12.724601
v -10.626193 18.477409 11.109093
v -14.994876 25.175047 10.883714
v 10.649946 19.567129 -18.641121
v 2.689438 23.689358 -0.665920
v 8.346857 19.555376 -18.148159
v 24.677656 112.633926 11.833282
v 19.937735 118.922592 12.008903
v -10.728446 19.427198 -15.488450
v 28.374182 115.771103 18.224550
v 27.280409 114.553246 16.516014
v 8.205037 112.413826 9.314851
v 11.288246 112.806076 9.906233
v 10.581971 129.161591 11.773673
v 21.407415 18.775814 -10.325962
v -0.550416 18.134880 11.447793
v -20.908701 22.874464 5.526608
v 21.595942 111.911240 9.790864
v 23.649839 118.885513 16.056046
v 27.141203 115.674767 16.856480
v 0.622351 19.182331 -18.059479
v 12.400653 19.335144 -17.252182
v 18.893942 121.816689 10.948458
v 17.064131 122.435539 9.888589
v 20.718199 120.275833 11.432335
v 18.701033 120.051491 10.051961
v 18.076899 113.594490 8.702332
v 19.081785 117.611244 10.483329
v 7.860672 114.359421 7.559856
v 7.234280 116.104225 6.264188
v 3.140455 116.310631 4.277701
v 5.351622 123.241058 6.810559
v 14.141889 119.161331 7.448462
v 12.248903 116.904259 7.106835
v 5.622343 124.914780 6.694421
v 10.028043 128.076782 10.040146
v 12.354751 128.767548 11.031878
v 16.934458 118.708717 8.503967
v 18.917559 119.133118 9.491429
v 17.011717 120.489975 9.011187
v 5.196745 112.595070 9.641897
v 14.169094 112.671539 10.021008
v 14.906929 115.149933 7.235133
v 11.833492 125.863426 9.411251
v 7.950183 128.938477 11.053118
v 10.408708 123.598816 7.107436
v 7.909526 123.059479 6.512549
v 3.685359 118.639114 4.581689
v 5.965546 117.948410 4.755723
v 4.153326 115.208702 7.646915
v 23.707064 115.155426 19.835463
v -22.413694 19.001156 -3.029134
v 15.082447 19.272810 -14.439339
v 38.910099 74.563667 -4.373697
v 37.019604 56.757858 9.591782
v 45.266045 76.147095 7.508859
v 48.226303 81.139786 15.979736
v 38.317509 83.144981 4.608262
v 47.643456 79.230125 11.536872
v 41.011971 60.729366 6.182463
v 42.942970 68.998726 4.164463
v 27.600502 77.115784 -14.390417
v 39.854099 67.490234 -3.156584
v 32.513321 73.460518 -12.529156
v 37.440990 59.823669 -0.055946
v 32.764046 67.518623 -10.778849
v 33.664436 59.498886 -7.750247
v -28.479977 78.540009 0.122030
v 0.218566 34.004665 19.689987
v 29.870619 76.137550 -12.867865
v -18.218426 76.157700 -15.213532
v -23.345512 76.564888 -9.435696
v 1.163354 75.964447 -21.906410
v -20.908701 22.874464 5.526608
v 7.260355 75.969467 -22.969105
v -14.994876 25.175047 10.883714
v -4.677026 17.928398 12.492135
v -10.626193 18.477409 11.109093
v -0.550416 18.134880 11.447793
v -0.550416 18.134880 11.447793
v -22.413694 19.001156 -3.029134
v 2.958925 17.793835 12.724601
v 17.502157 69.089378 -22.575142
v 12.828467 67.570999 -24.118504
v 18.811184 49.651375 -19.341389
v 17.948385 42.486012 -16.771385
v 12.062111 42.716038 -20.088699
v 49.780018 77.610977 12.363932
v 46.823307 82.321922 22.550434
v 35.631931 55.644157 7.989473
v 48.737991 79.669624 23.966312
v 47.226234 73.326180 8.694016
v 15.854638 17.149397 12.357708
v 7.934476 17.447163 13.403346
v 23.523609 17.414326 7.766810
v 50.487774 79.337242 16.897285
v 41.267353 86.063042 23.831688
v 26.402061 18.281530 -1.073601
v 23.177675 115.836250 12.736121
v 25.915186 113.246223 14.278461
v 20.453714 121.792709 13.112168
v 22.243387 120.343483 13.025872
v 22.548697 114.006630 10.997016
v 22.061499 119.370903 14.121563
v 39.286327 81.564156 3.256578
v 41.577599 75.259445 2.257514
v 19.980238 64.563423 -22.293936
v 19.202656 56.020958 -20.924366
v 17.948385 42.486012 -16.771385
v 24.116472 113.120300 12.848270
v 23.939709 112.900246 12.411131
v 14.861856 42.651676 -18.732323
v 17.975904 41.927479 -18.014151
v 23.523609 17.414326 7.766810
v 15.854638 17.149397 12.357708
v 7.934476 17.447163 13.403346
v 26.402061 18.281530 -1.073601
v 7.782227 70.732666 -24.040211
v 25.344145 115.444923 14.682899
v 18.811184 49.651375 -19.341389
v 15.396866 49.708012 -21.502480
v 19.202656 56.020958 -20.924366
v 18.517925 49.610470 -20.471790
v -3.336047 119.210907 28.149157
v 24.926376 111.785675 20.048647
v -9.147773 30.616678 18.696136
v -3.714220 34.106491 19.597935
v -22.145876 36.023739 -1.698315
v -21.746197 35.938244 2.903108
v -2.514767 34.583347 -19.266727
v -21.172337 35.737274 -7.459161
v -8.997582 35.511868 19.199463
v -14.136826 35.993168 16.748230
v -22.618834 37.084949 3.101577
v 23.186625 110.499466 16.795818
v 21.703121 109.516945 14.702379
v -0.860517 31.163948 20.057291
v -2.111708 30.773869 -19.898178
v 17.972275 108.122459 11.361121
v 15.151370 108.041664 8.949172
v 5.158657 108.273613 6.623283
v 2.655723 108.203171 8.455473
v 7.653221 108.361107 6.099305
v -19.912849 35.956024 7.510741
v 0.262742 35.089901 21.100592
v 13.601454 108.312317 7.636545
v -8.269958 34.819744 -18.744572
v -17.500299 35.401871 12.327827
v -20.767281 31.491726 7.378866
v -4.010856 118.371452 26.254353
v -20.892000 36.850624 7.684047
v -18.040779 36.297691 12.678877
v -13.595782 35.350277 -15.137480
v 9.926637 108.368233 7.914287
v 22.756277 117.637756 27.450191
v 12.707685 108.377235 8.868069
v 20.759178 109.893990 14.452263
v 17.093130 108.376221 11.903336
v 14.514701 108.303650 10.006356
v -3.256483 112.270859 15.466054
v -23.721230 86.795898 -2.024989
v -22.934628 87.614487 -3.629306
v 5.196745 112.595070 9.641897
v 6.558442 110.777374 8.343412
v -4.787464 115.293663 24.220293
v -4.529967 117.731300 23.163515
v -5.147081 114.212326 21.577103
v -4.285987 116.882217 20.839664
v 25.111526 109.693398 27.362646
v 14.442839 121.078667 33.260460
v 11.503528 106.912666 4.937484
v 4.898567 121.848358 34.047569
v 1.303006 121.683708 32.634453
v 9.271313 121.745216 34.587364
v 20.298740 106.946129 10.619668
v -1.959079 25.527405 -20.752562
v -21.397661 43.391434 8.908321
v -17.878910 44.486973 13.611273
v 1.752553 43.156788 21.264431
v -18.164095 42.903515 13.523739
v -3.150195 41.449512 21.303629
v 23.756660 107.550873 15.406321
v 24.892258 108.093452 18.135433
v 2.349152 107.530373 7.027124
v -2.506081 19.675533 -20.683155
v -0.033769 107.835724 10.052184
v -19.394979 52.950779 -13.798655
v 0.788574 91.164108 38.962265
v -14.967620 92.750755 31.619858
v 19.304182 119.871140 30.958302
v 14.442839 121.078667 33.260460
v 25.644978 108.721809 21.601315
v 4.943771 107.095940 5.459880
v 7.852096 106.974815 4.748609
v -13.177515 43.733418 17.766386
v -2.860198 43.265526 20.829567
v 14.961552 107.470955 6.341684
v -13.596198 42.338451 17.696659
v 24.861385 113.998779 25.700251
v 23.533173 116.674026 28.842764
v 16.603859 107.125641 7.776860
v 22.357700 111.015884 16.394318
v 4.854049 108.288834 7.871482
v -4.898130 113.215103 19.116707
v 1.430840 41.298687 21.794947
v -7.809441 43.698174 19.764681
v -8.506843 42.248093 20.107618
v -2.348673 115.753914 15.987548
v -3.625542 116.323723 18.514074
v 7.019615 108.262032 7.799342
v 23.971775 112.297485 19.170511
v 24.359232 114.925285 23.822786
v 10.705467 108.415070 6.441849
v -22.264496 31.565994 2.854540
v -8.626351 34.697655 18.075636
v -13.582485 35.147331 15.875631
v -18.020939 35.771214 -11.934878
v -22.022655 36.988346 -7.473995
v -23.240030 37.081379 -1.386140
v -21.727736 44.828579 4.309641
v -23.363832 43.691326 4.306751
v -20.293898 44.774071 8.592586
v 10.446591 107.372543 40.704311
v 3.450817 107.951210 39.956631
v -5.390641 103.446281 35.245850
v -11.762401 99.267860 28.922695
v -8.728157 101.146111 8.085255
v -13.894098 98.582993 22.133610
v -11.085848 101.988159 13.781031
v -8.128367 106.468300 14.181072
v 0.337955 104.599335 2.079538
v -4.168620 108.377213 35.359524
v -13.993513 97.176224 12.868097
v 9.704918 103.043900 40.640869
v -9.831624 102.981560 28.771484
v 1.289787 100.093208 39.145905
v -9.000990 25.961765 -19.951183
v -9.236802 20.232952 -19.675652
v 8.029851 102.906898 0.370868
v -18.451975 31.418438 -12.337855
v -1.483022 100.245735 0.157678
v -5.470973 96.204193 -0.512515
v -2.919703 105.215309 4.861997
v -14.508023 26.289316 -17.032503
v -14.923838 20.789206 -17.181629
v -18.967436 26.658258 -12.812070
v -5.777508 100.850876 3.947358
v -5.405749 105.826614 8.630189
v -9.424900 107.072105 21.348589
v -11.339596 102.766777 21.585827
v 3.546345 99.825821 -1.534556
v 4.217645 103.704918 0.727374
v -14.010764 31.143272 -16.026831
v -19.677111 20.967701 -12.956703
v -8.189216 107.998688 28.854059
v -11.762401 99.267860 28.922695
v 2.140894 103.502792 39.360939
v -19.065052 36.772484 -13.112434
v -25.014324 52.119946 -0.780586
v -2.069286 33.559433 -19.346437
v -14.786208 36.414928 -17.781788
v -2.684633 35.171906 -21.865059
v -8.893286 35.868130 -20.661470
v 1.640278 32.704964 -20.944817
v -2.161125 43.514561 -21.268818
v -8.387841 42.748150 -20.823561
v -2.161125 43.514561 -21.268818
v -13.622663 44.571995 -16.153851
v -8.017838 44.049427 -19.339046
v -2.391494 42.425613 -22.599277
v -18.745291 45.383076 -12.500014
v -22.283339 45.480705 -6.801712
v -19.615740 44.335297 -13.564525
v 9.702451 99.558823 40.560089
v 2.298132 97.956306 -3.459138
v 4.873693 98.638191 -3.404627
v 27.874451 103.996826 23.455837
v 16.751350 102.808632 3.604283
v -6.460972 100.240395 35.391514
v 8.004379 99.868614 -2.329125
v 28.729692 96.626465 25.913658
v 27.236717 103.237900 16.279093
v -4.209271 82.908371 -15.647007
v 27.941471 100.192398 16.380850
v 0.218326 81.563187 -19.443333
v 11.451856 89.352798 -14.722341
v 29.063799 97.518066 16.461166
v 5.472717 80.746635 -20.589386
v 5.882467 84.056877 -18.179165
v 1.248176 97.328583 -8.955460
v 29.977203 95.557266 16.761835
v 0.768722 84.194016 -17.339890
v 11.290815 83.279526 -18.054695
v -12.178840 94.854729 5.796448
v 10.893623 79.640259 -19.968584
v -11.325214 92.901230 0.802333
v -7.807746 87.729301 -10.184276
v 21.070637 104.151764 5.861847
v 17.547243 86.001083 -12.807397
v 13.821122 82.193130 -16.803839
v 18.096546 103.901703 1.756318
v 14.995955 103.206116 -1.519980
v 12.108345 102.531502 -3.954184
v -3.947949 86.644623 -14.187382
v 7.802120 76.790154 -21.902737
v 16.222458 88.752342 -13.227404
v 4.722366 77.609642 -22.095577
v 11.370804 87.099976 -16.012980
v -2.560684 96.351387 -8.205313
v -7.487177 91.564110 -7.758240
v 6.804939 89.606117 -15.055492
v 3.729699 73.568977 -23.124842
v -7.952209 90.694733 -9.627042
v 15.779337 89.900421 -11.565769
v 7.034620 90.617210 -12.909758
v -3.879921 90.340736 -13.267480
v 6.521713 87.228203 -15.885997
v -10.528860 91.571205 -3.414536
v 1.757750 89.870842 -14.453579
v 2.027620 90.728859 -12.138421
v 1.702713 78.310921 -21.638241
v -31.107086 86.819183 29.448992
v -35.836212 84.932541 23.837408
v -33.310856 84.752136 30.752430
v 1.163354 75.964447 -21.906410
v 13.047375 101.863281 1.159494
v -3.807033 106.340874 9.747369
v -2.002610 105.850822 6.294450
v -6.139544 107.253349 15.873240
v 8.023836 102.951614 2.506528
v 1.410998 105.021553 3.886190
v -9.102594 88.438087 -12.458691
v -24.939220 89.687912 29.958424
v -4.209271 82.908371 -15.647007
v -0.984830 78.905289 -20.442860
v 19.516453 103.554756 6.330083
v 4.757558 104.061783 2.432058
v -2.571511 109.756912 34.862335
v -6.514795 109.076080 28.801188
v 12.156921 102.206917 2.791213
v -7.636347 108.447998 22.170393
v 17.429359 101.985527 38.212364
v 26.607433 100.246384 29.227470
v 9.704918 103.043900 40.640869
v 26.832798 104.216835 29.285381
v 24.276257 101.134743 33.126972
v -24.081913 51.661293 5.607519
v -27.353683 59.336521 8.403151
v -34.456123 78.733681 15.176497
v 6.505821 93.125336 -11.726654
v 1.767439 98.998962 -5.929373
v 5.590331 98.711807 -9.000061
v 25.048210 104.793694 16.163511
v -6.234363 95.808548 -1.783112
v 12.950788 100.626251 -6.549330
v 27.698437 93.152924 1.056113
v 23.758123 94.057762 -5.147338
v 14.265511 94.919098 -8.961919
v 27.178957 95.443695 0.624206
v 16.383150 101.678810 -3.913487
v 9.577453 99.737923 -8.135550
v 24.315119 91.386650 -4.619087
v 10.369557 94.027565 -10.842543
v 1.468221 87.340538 -15.506373
v -3.144344 90.717651 -10.154173
v -21.727736 44.828579 4.309641
v -22.797722 45.167194 -0.535812
v 4.997668 100.232849 -6.207392
v 19.844440 92.069901 -8.901911
v 21.455040 89.402542 -8.338871
v 17.792847 96.295204 -5.945419
v 21.220196 97.350639 -2.045256
v 24.626602 98.340172 3.175414
v 19.937588 102.577576 0.234161
v 22.810602 102.984955 4.536964
v 29.758301 94.542267 9.260787
v 28.639645 96.740135 9.057652
v 26.691038 99.278313 8.928894
v 25.177164 103.233635 10.126715
v -0.984830 78.905289 -20.442860
v -7.016616 94.822540 -5.502636
v 9.002089 101.626190 -5.393101
v -1.614558 97.893005 -4.743695
v 23.079676 104.675484 10.602666
v -10.528860 91.571205 -3.414536
v -11.325214 92.901230 0.802333
v -9.587363 94.603828 2.548559
v -12.178840 94.854729 5.796448
v 28.147938 99.215126 24.656244
v 10.895713 101.202278 -0.694489
v -1.274482 96.938713 -2.660676
v 24.463806 37.953297 -4.672930
v 30.914257 42.254410 -0.866302
v 28.650585 39.797935 -3.287050
v 30.106674 40.975815 1.913260
v 34.107941 40.015621 -9.594656
v 35.147274 40.883041 -0.270638
v 32.429783 40.351364 2.333683
v 30.399719 44.870758 -2.047022
v 31.511669 42.514587 -1.002563
v 29.048771 41.226662 3.264655
v 32.000099 40.457260 -8.709843
v 30.153507 42.869823 -8.402941
v 29.322628 44.539558 -2.347637
v 29.048771 41.226662 3.264655
v 26.248920 38.998112 -5.149513
v 26.506847 37.876862 -3.993134
v 29.851154 41.685707 -1.916336
v 27.718479 41.518833 -4.179246
v 24.446682 37.099396 -1.567484
v 26.275108 37.219501 -2.435875
v 10.446591 107.372543 40.704311
v 11.706412 109.734558 39.728462
v -4.638619 97.324013 -0.322522
v -11.762401 99.267860 28.922695
v -13.894098 98.582993 22.133610
v -6.460972 100.240395 35.391514
v 26.180172 105.178337 22.637241
v -13.993513 97.176224 12.868097
v 18.238407 106.107147 38.173592
v -11.294129 97.514977 6.625440
v 9.702451 99.558823 40.560089
v 28.007404 38.535622 -0.618546
v 47.592354 50.209587 -3.282053
v 36.350296 36.764267 -8.988640
v 50.876686 46.368340 -3.111916
v 43.843910 52.668484 -2.893492
v 34.745029 39.672333 -9.928926
v 40.077961 53.116539 -1.410527
v 35.168438 39.938496 -2.712936
v 38.540012 38.157452 0.705904
v 38.552719 37.158070 -1.995493
v 33.539322 39.095631 -8.127378
v -30.072037 71.634567 1.205157
v 30.614014 45.556847 -5.162232
v 30.280346 43.346996 -6.082848
v 31.142345 45.004086 -2.653444
v 31.822052 43.340881 -2.646510
v 30.107708 45.621181 -8.813837
v -28.343761 63.889717 1.251239
v 28.596054 43.661720 -3.060822
v -14.090868 52.733810 -18.363213
v 23.901459 37.081882 -2.915369
v -32.477509 81.049522 13.869962
v -23.552879 52.247234 -7.604753
v -11.450232 78.473465 -17.485144
v -11.607298 80.165215 -18.340240
v 8.821088 90.031082 39.002182
v -16.426151 95.815750 32.395679
v -21.009584 95.665680 26.033560
v -23.239571 91.268448 20.914474
v -24.289385 90.195717 16.020689
v -8.686454 91.873657 36.757515
v -26.384745 85.263878 8.401389
v -19.195864 61.604534 -14.727304
v 4.586881 121.359352 35.668785
v -8.493670 31.007185 -19.348095
v -2.325177 119.995636 29.190298
v -2.669444 108.205879 12.512361
v 9.702451 99.558823 40.560089
v 1.289787 100.093208 39.145905
v -1.742652 114.644417 33.815121
v 25.753334 105.784439 28.351244
v 2.163287 115.025566 36.295799
v -3.523466 118.740837 29.455400
v 9.550842 121.303322 35.901279
v 14.815714 120.623421 34.720413
v 17.561291 98.878754 37.995544
v 13.276471 115.315781 37.341972
v -4.817192 112.602188 28.346840
v 9.154289 117.298157 38.136124
v 0.602236 120.836006 33.898071
v -6.340285 111.861702 25.370625
v -6.658847 111.089714 23.075031
v -33.824425 84.363533 18.256649
v -13.622663 44.571995 -16.153851
v -33.539677 86.170937 22.888231
v -18.745291 45.383076 -12.500014
v 5.645899 42.087990 -25.427698
v -22.283339 45.480705 -6.801712
v 1.699988 44.649632 -22.216478
v 4.981638 44.256947 -21.364609
v 2.420010 43.974838 -25.070255
v 2.521807 42.009445 -24.962076
v 0.584329 35.478756 -24.243002
v 0.699079 41.991531 -24.750778
v -2.108362 34.221413 -23.690100
v -1.787979 43.806725 -23.574284
v 4.981638 44.256947 -21.364609
v 2.820827 111.519600 9.459340
v -29.844429 79.660141 7.996171
v 5.558653 43.817661 -25.345388
v -0.819414 111.429405 12.272477
v 1.699988 44.649632 -22.216478
v -5.625138 109.500824 17.424622
v -19.550486 68.601326 -14.986212
v -24.418230 62.894672 -8.156693
v -23.101509 44.145927 -7.087316
v 3.436233 41.081661 -26.181040
v 5.761366 41.169571 -26.602270
v 2.735174 35.119923 -24.030653
v 1.597504 113.623390 11.638066
v -1.829059 44.560112 -21.705685
v 2.051284 33.411194 -23.258677
v -8.017838 44.049427 -19.339046
v -0.244172 114.938858 14.019720
v -23.665266 70.437637 -9.519508
v -24.109863 88.681030 13.065348
v 3.029153 35.161758 -25.476677
v -14.284480 43.400501 -18.056351
v -1.829059 44.560112 -21.705685
v -7.807746 87.729301 -10.184276
v -24.126472 44.202736 -0.969065
v 11.706412 109.734558 39.728462
v 5.021746 110.086166 39.266060
v 24.171341 104.987267 33.551403
v -8.666502 97.212158 3.008702
v -1.446726 120.701828 30.376049
v -26.431770 90.142044 8.077649
v -14.967620 92.750755 31.619858
v -20.439440 92.388786 26.109070
v -30.831394 65.272919 12.039083
v -35.941460 83.248840 19.170067
v -22.797722 45.167194 -0.535812
v 24.554455 97.919586 33.334503
v 11.284680 90.449684 -12.482874
v -31.621780 73.747261 10.334057
v -25.055124 87.115974 10.331141
v -27.525677 87.689728 2.933728
v 20.003368 63.951897 -22.829742
v 19.980238 64.563423 -22.293936
v 12.828467 67.570999 -24.118504
v -28.154886 84.854965 0.941389
v -26.898636 81.590164 2.276177
v -26.000584 84.459305 4.114996
v -27.852962 88.553062 6.058131
v 3.869952 64.004494 -25.391188
v 13.027063 66.931068 -24.764412
v -6.286051 75.024361 -20.847954
v -2.366467 72.193329 -22.688408
v 5.106054 50.556778 -23.914749
v 4.426067 56.434441 -25.427818
v -10.490762 77.444016 -18.551567
v -2.427617 64.600761 -24.681698
v -9.078316 65.980377 -22.661032
v -12.971752 73.974739 -19.010187
v 0.850284 128.368073 18.413036
v 2.265758 129.565964 18.130404
v -0.046232 126.780060 17.973682
v -38.601540 54.396263 23.647156
v -26.485500 45.999531 28.703781
v -31.584278 42.181282 29.752880
v -0.046232 126.780060 17.973682
v 3.820923 130.052826 17.201515
v 5.620405 127.044525 13.463356
v 1.753233 123.771759 14.235527
v 3.820923 130.052826 17.201515
v -0.183562 125.227539 16.930050
v 0.475103 124.126480 15.561792
v -0.251086 129.441910 15.289164
v 0.664278 130.216583 15.106395
v -0.830862 128.414963 15.005033
v 1.669988 130.531403 14.505685
v 1.613760 129.850494 13.257463
v 2.496541 130.302094 13.648012
v 1.871148 129.420197 12.722782
v 2.833671 128.585983 12.088280
v 0.914002 127.724854 12.253710
v 0.332830 126.469543 12.587626
v 1.669988 130.531403 14.505685
v -0.919663 127.410980 14.330132
v -0.493719 126.698944 13.445301
v 9.229432 62.332825 -25.349827
v 11.470000 59.250156 -26.809490
v 12.714804 56.961926 -24.132931
v 13.950495 58.963676 -24.119570
v 13.422354 61.363518 -24.489264
v 11.449733 62.782970 -24.992151
v 10.955210 59.650764 -24.666256
v 8.052080 60.313251 -25.376575
v 9.711698 58.163544 -26.683880
v 10.352926 60.996506 -26.845125
v 8.849743 57.659740 -26.472786
v 10.978749 57.306755 -26.350172
v 12.472233 57.582851 -26.089954
v 13.337543 58.905369 -26.055904
v 13.108750 60.423016 -26.252174
v 11.844162 61.278599 -26.582165
v 9.479292 59.684818 -26.882435
v 8.586024 57.902889 -25.033978
v 52.111877 37.843380 19.686438
v 44.218384 36.894936 19.489820
v 53.192749 60.656742 13.401051
v 55.823364 59.338142 14.031635
v 42.756538 60.795273 12.717966
v 37.089058 57.328812 14.523134
v 9.771400 61.967094 -26.716396
v 9.229432 62.332825 -25.349827
v 11.449733 62.782970 -24.992151
v 8.455027 59.994663 -26.782375
v 13.781970 61.110916 -25.874557
v 13.422354 61.363518 -24.489264
v 13.950495 58.963676 -24.119570
v 12.967447 56.800068 -25.568817
v 14.246496 58.772415 -25.532812
v 10.524829 56.530743 -24.499256
v 62.503174 51.258724 17.372051
v 39.145439 38.539093 18.450300
v 62.437500 46.257248 18.297146
v -30.597500 62.575207 18.601559
v -25.843811 58.871250 21.930027
v -45.295021 62.130791 18.876495
v -24.259655 53.924599 25.211475
v -40.907791 64.158936 17.833706
v 58.140434 40.559158 19.341173
v 34.347305 52.121407 16.287376
v 57.042183 57.697075 14.334246
v 47.808044 62.781677 12.747602
v 8.052080 60.313251 -25.376575
v 12.031197 62.418312 -26.319744
v 12.714804 56.961926 -24.132931
v 10.726202 56.330128 -25.970428
v 48.677254 50.386497 16.326298
v -35.193474 65.231140 17.467022
v -43.780212 63.444695 18.377293
v 34.865311 43.339272 17.888321
v -52.087219 57.539780 22.522301
v -0.396898 128.710159 14.077473
v 1.753233 123.771759 14.235527
v 3.308401 124.258629 13.306628
v 4.723875 125.456520 13.023994
v 5.620405 127.044525 13.463356
v -0.183562 125.227539 16.930050
v -0.183562 125.227539 16.930050
v -53.003036 52.976326 24.574417
v -49.911575 47.149628 27.492527
v -44.525818 43.745022 29.292583
v -36.946404 41.619560 30.424171
v 0.850284 128.368073 18.413036
v 2.265758 129.565964 18.130404
v 5.099058 129.698105 15.875239
v 5.757727 128.597061 14.506989
v 4.723875 125.456520 13.023994
v 3.308401 124.258629 13.306628
v 2.787080 126.912292 15.718515
v 0.475103 124.126480 15.561792
v 5.099058 129.698105 15.875239
v 5.757727 128.597061 14.506989
v 0.522123 128.930664 12.969738
v -0.046566 129.330750 14.249176
v -0.830862 128.414963 15.005033
v -2.050201 128.345444 16.002537
v 0.332830 126.469543 12.587626
v 1.338547 126.784454 11.986923
v 2.253914 127.559128 11.804157
v 2.833671 128.585983 12.088280
v -0.919663 127.410980 14.330132
v -0.450577 128.103409 13.669648
v -0.251086 129.441910 15.289164
v 0.506555 129.798752 14.138713
v 0.664278 130.216583 15.106395
v 1.114283 129.989029 13.775733
v 2.922464 129.589951 12.763180
v 1.817472 128.813461 12.314957
v 1.467140 128.192978 12.143265
v 2.253914 127.559128 11.804157
v 1.338547 126.784454 11.986923
v 0.306287 127.534576 12.616694
v -0.193195 127.673141 13.134972
v -0.493719 126.698944 13.445301
v 2.496541 130.302094 13.648012
v 2.922464 129.589951 12.763180
v -1.575158 128.639023 15.049643
v -1.080366 130.063232 16.477837
v -0.846579 129.929504 15.406713
v -0.133841 129.210434 17.957798
v -1.080366 130.063232 16.477837
v -1.686782 127.377182 14.201485
v -2.198780 126.665833 14.873518
v -0.103543 125.090919 11.958572
v -1.151476 126.482376 13.089512
v 1.151132 126.589767 11.256746
v 1.578855 125.617653 10.953690
v 4.079996 128.631424 11.123232
v 2.301485 127.563324 11.027058
v 3.141695 130.115631 12.232273
v 4.228544 130.310959 12.252239
v 3.516024 131.502213 13.732432
v 1.567656 131.298737 14.422110
v 2.606389 131.010452 13.344248
v 0.450903 131.359100 16.172077
v -2.198780 126.665833 14.873518
v 3.267913 131.139633 16.570435
v -1.160464 127.391968 17.454666
v 4.731555 130.733551 15.051699
v 3.516024 131.502213 13.732432
v 4.079996 128.631424 11.123232
v 5.485777 129.472534 13.484871
v 4.228544 130.310959 12.252239
v -2.050201 128.345444 16.002537
v -1.486237 125.474655 13.393330
v -1.317722 125.614067 16.259583
v -0.112750 126.194107 12.011654
v 3.110132 126.913528 10.647928
v 3.030069 128.853806 11.384113
v 2.133315 131.885849 15.167192
v 0.303781 130.903046 15.177019
v 0.450903 131.359100 16.172077
v 2.133315 131.885849 15.167192
v 5.328535 127.694748 12.289785
v 1.487058 130.582138 17.634136
v 4.301922 125.876366 11.786673
v 0.095180 92.896690 41.908134
v 0.548703 99.806389 40.820793
v 9.146560 91.841751 41.829552
v 9.747459 98.928528 41.878555
v -12.882882 99.244820 29.869755
v -9.330686 93.966278 38.319427
v -25.252625 93.010651 15.013313
v -23.097103 95.087959 20.963842
v -15.231680 98.583214 22.253946
v -19.194498 97.124023 21.613783
v -20.658739 95.546921 14.976589
v -15.413497 97.526512 15.858031
v -11.828539 92.552414 -4.303002
v -13.138657 93.915771 -0.505809
v -10.402384 78.755806 -19.561836
v -5.495488 83.822166 -17.868324
v -2.203865 73.009491 -23.871372
v -6.246773 75.955063 -21.933741
v -2.404306 79.943352 -21.076565
v -9.137056 58.665199 -22.319744
v -8.376879 51.960796 -21.464855
v -1.506046 50.887836 -23.993879
v 18.461807 108.385162 36.767029
v 19.959455 114.439583 34.252159
v 23.272781 111.261803 31.203781
v 13.276471 115.315781 37.341972
v 6.780556 76.742531 4.992030
v 15.738392 75.315132 19.766079
v 7.577751 77.809029 7.280935
v 11.992058 76.450180 4.693596
v -0.148974 73.701065 12.080164
v 0.099933 72.874275 17.236591
v 12.770496 71.053162 23.574293
v 7.558994 71.345505 23.872726
v 19.300632 72.610016 10.966380
v 19.549549 71.783226 16.122816
v 2.241224 74.270920 7.465333
v 11.841591 74.138786 4.330246
v -0.563499 124.353157 14.692756
v -1.486237 125.474655 13.393330
v -0.103543 125.090919 11.958572
v -1.317722 125.614067 16.259583
v 2.681013 124.504562 12.110317
v 1.578855 125.617653 10.953690
v 3.110132 126.913528 10.647928
v 16.629799 75.783630 7.013364
v 2.391691 76.582314 7.828682
v 19.451107 74.921432 11.329733
v 4.176206 77.684860 9.479462
v 19.700016 74.094643 16.486170
v 17.590900 75.756790 16.189386
v 10.001219 77.364944 14.828190
v 2.921253 72.012077 21.552969
v 17.159328 71.213379 20.737633
v 16.479324 73.472214 6.650011
v 6.630087 74.431129 4.628679
v -2.198780 126.665833 14.873518
v 0.900160 123.947075 13.174016
v 11.616888 77.582451 7.049625
v 15.211355 77.065826 8.847555
v 17.397976 76.397591 12.192930
v 17.309803 73.524796 21.100986
v 16.041752 71.442429 19.743345
v 19.300632 72.610016 10.966380
v 17.862202 72.629814 11.436119
v 16.479324 73.472214 6.650011
v 15.463636 73.362823 7.766468
v 8.297695 75.417534 22.195911
v 12.920971 73.364578 23.937647
v 3.071728 74.323494 21.916323
v 12.336834 75.190956 21.964619
v 4.703235 75.934158 20.397995
v 7.709469 73.656921 24.236076
v 0.250400 75.185669 17.599941
v 2.516622 76.602402 17.052608
v 0.001493 76.012466 12.443515
v 2.323713 77.243195 13.056152
v 3.358831 74.041862 8.459637
v 2.241224 74.270920 7.465333
v 7.090096 74.178070 6.047981
v 6.630087 74.431129 4.628679
v 11.520758 73.929527 5.794263
v 11.841591 74.138786 4.330246
v 19.549549 71.783226 16.122816
v 12.310482 71.306221 22.154993
v 17.159328 71.213379 20.737633
v 18.073811 71.926903 15.819965
v -14.699118 59.628059 -18.794674
v -14.410490 66.009872 -19.284206
v -7.246840 99.860054 36.716549
v -16.426151 95.815750 32.395679
v -12.882882 99.244820 29.869755
v -14.232870 95.450577 4.843745
v -20.191246 92.752701 4.669104
v -16.448975 90.656044 -4.501118
v 0.353540 76.222176 -23.218214
v -2.938488 57.532513 -24.657433
v 23.284096 106.825378 32.133282
v 14.815714 120.623421 34.720413
v 19.953505 118.990036 32.376881
v 11.538381 74.273453 5.772172
v 15.478590 73.664978 7.737220
v 16.495560 73.794373 6.624061
v -0.148974 73.701065 12.080164
v 1.326757 73.557388 12.383005
v 0.099933 72.874275 17.236591
v 1.538366 72.854477 16.766851
v 2.921253 72.012077 21.552969
v 3.936947 72.121468 20.436514
v 7.558994 71.345505 23.872726
v 7.879825 71.554764 22.408710
v 12.770496 71.053162 23.574293
v 11.860947 74.510086 4.312702
v 1.337225 73.787926 12.342410
v 2.257551 74.593582 7.440101
v 12.308391 71.339333 22.080963
v -0.138041 73.938995 12.040855
v 1.543547 73.001732 16.712341
v 0.104656 73.014236 17.180927
v 3.937542 72.196510 20.369852
v 2.920559 72.067116 21.483002
v 7.877743 71.588036 22.334904
v 7.555179 71.351402 23.794371
v 12.766666 71.058868 23.495680
v 3.373854 74.344437 8.430990
v 6.649467 74.802620 4.611394
v 7.107740 74.522156 6.026111
v 16.042278 71.517052 19.676090
v 6.649467 74.802620 4.611394
v 12.766666 71.058868 23.495680
v 2.257551 74.593582 7.440101
v 16.495560 73.794373 6.624061
v 11.860947 74.510086 4.312702
v 19.311481 72.847252 10.926145
v 17.872608 72.859756 11.394720
v 19.554173 71.922501 16.066216
v 18.078938 72.073563 15.764648
v 17.158588 71.267906 20.666985
v 7.555179 71.351402 23.794371
v -0.138041 73.938995 12.040855
v 0.104656 73.014236 17.180927
v 2.920559 72.067116 21.483002
v 17.158588 71.267906 20.666985
v 2.767895 69.763199 21.075712
v 17.005924 68.963974 20.259689
v 17.072269 68.426346 14.887183
v 19.401508 69.618561 15.658921
v 7.070562 70.658562 6.009201
v 1.998060 69.272491 15.751137
v 19.554173 71.922501 16.066216
v 6.496801 72.498680 4.204101
v 9.402731 68.322906 13.238950
v 19.311481 72.847252 10.926145
v 2.104887 72.289642 7.032808
v 16.342896 71.490440 6.216768
v 4.180509 68.538429 19.085434
v 3.666624 70.496552 8.201572
v 15.215603 67.919006 18.452972
v 7.402515 69.047485 23.387081
v 11.811657 67.756996 20.645342
v 12.614002 68.754951 23.088388
v -0.048006 70.710320 16.773636
v 11.109678 70.431839 5.777704
v 11.708282 72.206154 3.905408
v 14.701712 69.877129 7.569105
v -0.290705 71.635078 11.633566
v 7.772533 67.983719 20.876841
v 1.809965 69.989212 11.767367
v 19.158821 70.543312 10.518851
v 12.270809 70.227692 22.486332
v 12.377934 69.819504 24.755157
v 16.884171 69.143066 10.903413
v 12.433140 72.677536 22.919418
v 12.513439 72.877014 24.125177
v 12.540264 72.269348 25.188244
v 12.485981 70.941978 25.541155
v 12.297619 69.620033 23.549402
v 17.281994 73.967247 11.862640
v 2.291516 74.173553 16.757942
v 14.919508 72.281044 8.019100
v 2.097196 74.819054 12.732183
v 7.999355 72.926407 23.173534
v 15.079336 74.640381 8.492719
v 12.325086 71.555069 22.133421
v 8.079656 73.125893 24.379292
v 7.837025 70.476562 22.740452
v 12.819553 71.225281 23.813559
v 7.557720 71.520660 24.115141
v 7.863842 69.868927 23.803524
v 17.476330 73.321747 15.888399
v 7.891292 71.803947 22.387531
v 9.786749 74.070404 14.310290
v 15.610233 72.876846 19.491306
v 4.494167 73.500420 20.127865
v 8.114994 72.980003 21.938961
v 11.458517 75.160797 6.681612
v 8.106480 72.518227 25.442352
v 8.052204 71.190872 25.795267
v 7.944148 70.068405 25.009270
v 3.963270 75.263954 9.129269
v 12.183743 72.751762 21.705971
v 7.389761 75.389038 6.914615
v 11.301147 72.839821 6.214559
v 15.437168 70.308563 18.982777
v 7.939525 70.373756 21.424414
v 7.232412 73.068207 6.447755
v 3.803511 72.905006 8.656195
v 1.933233 72.393951 12.248143
v 2.122709 71.671974 16.261114
v 4.321163 70.932533 19.619869
v 12.008259 70.145363 21.191227
v 12.297619 69.620033 23.549402
v 34.984459 45.959190 7.665483
v 35.385174 53.267494 2.585319
v 39.964859 30.063286 -10.685205
v 8.106480 72.518227 25.442352
v 7.837025 70.476562 22.740452
v 9.620336 71.606781 13.819479
v 12.540264 72.269348 25.188244
v 17.117977 71.541603 11.377852
v 17.307453 70.819626 15.390835
v 12.485981 70.941978 25.541155
v 7.863842 69.868927 23.803524
v 12.270809 70.227692 22.486332
v 8.052204 71.190872 25.795267
v 47.953568 36.740601 5.475710
v 12.433140 72.677536 22.919418
v 7.891292 71.803947 22.387531
v 7.999355 72.926407 23.173534
v 7.863842 69.868927 23.803524
v 12.377934 69.819504 24.755157
v 7.944148 70.068405 25.009270
v 12.297619 69.620033 23.549402
v 12.513439 72.877014 24.125177
v 12.325086 71.555069 22.133421
v 8.079656 73.125893 24.379292
v 52.678371 43.050495 -2.315991
v 36.992218 53.245056 0.945666
v 34.984459 45.959190 7.665483
v 53.226147 39.739754 -0.409988
v 51.679245 37.422943 2.278689
v 47.953568 36.740601 5.475710
v 43.578899 37.765938 6.899109
v 38.565338 40.965240 7.467396
v 33.997562 51.365860 4.915488
v 22.714928 29.521753 -6.744663
v -25.780483 44.090893 13.721063
v 51.812454 35.293365 11.263459
v 56.079422 59.895081 10.745178
v 54.467945 47.711826 -1.461626
v 55.239807 43.309593 -0.278805
v 52.678371 43.050495 -2.315991
v 50.032284 58.386292 4.223276
v 30.902151 41.212364 16.313013
v 47.592354 50.209587 -3.282053
v 50.876686 46.368340 -3.111916
v 30.902151 41.212364 16.313013
v 30.540493 53.237045 14.604088
vn -0.1076 -0.7220 0.6835
vn -0.1079 -0.4503 0.8864
vn -0.7460 -0.4621 0.4796
vn -0.6728 -0.0260 0.7394
vn -0.9653 0.2329 0.1177
vn -0.9855 -0.1170 -0.1225
vn 0.0329 -0.1586 0.9868
vn -0.3988 0.3992 0.8256
vn -0.7719 0.5950 0.2239
vn 0.2772 0.0748 0.9579
vn 0.0027 0.6512 0.7589
vn -0.3914 0.8932 0.2213
vn 0.5594 0.1874 0.8074
vn 0.3536 0.7934 0.4955
vn -0.0277 0.9952 -0.0937
vn 0.7050 0.6963 0.1345
vn 0.2444 0.8834 -0.3999
vn 0.8877 0.3944 -0.2376
vn 0.3675 0.6101 -0.7019
vn 0.8040 0.1491 0.5757
vn 0.9453 -0.0299 0.3248
vn 0.9456 -0.3016 0.1219
vn 0.8529 -0.0312 -0.5211
vn 0.3078 0.2478 -0.9186
vn 0.6102 -0.4665 -0.6403
vn 0.0802 -0.1064 -0.9911
vn 0.1729 -0.7983 -0.5769
vn -0.2735 -0.2476 -0.9295
vn -0.5286 -0.4323 -0.7306
vn 0.8047 -0.5933 0.0215
vn 0.5605 -0.8267 0.0504
vn 0.2782 -0.9393 0.2009
vn -0.2712 -0.9285 -0.2537
vn -0.8260 -0.3609 -0.4331
vn -0.5989 -0.7924 0.1161
vn -0.9856 -0.1170 -0.1225
vn 0.0337 -0.9009 0.4326
vn -0.6807 -0.7260 -0.0984
vn 0.3532 -0.9177 -0.1818
vn -0.5305 -0.7479 0.3990
vn 0.5017 -0.6967 0.5127
vn -0.4820 -0.2317 0.8450
vn 0.5609 -0.0689 0.8250
vn -0.4413 0.4666 0.7665
vn 0.5769 0.5712 0.5838
vn -0.3531 0.9178 0.1818
vn 0.6807 0.7260 0.0984
vn 0.5305 0.7480 -0.3989
vn -0.5017 0.6968 -0.5127
vn 0.4820 0.2317 -0.8450
vn -0.5609 0.0686 -0.8251
vn 0.4413 -0.4666 -0.7665
vn -0.5769 -0.5711 -0.5840
vn -0.6807 -0.7259 -0.0985
vn -0.5372 -0.1315 0.8331
vn -0.2419 -0.4920 0.8363
vn -0.5362 -0.7383 0.4091
vn -0.5509 -0.7538 0.3583
vn -0.4118 -0.7179 0.5613
vn -0.3543 -0.9151 0.1927
vn 0.0192 -0.7900 0.6128
vn 0.1354 -0.9614 0.2394
vn 0.4581 -0.7371 0.4968
vn -0.4556 -0.8304 0.3207
vn -0.4856 -0.8067 0.3368
vn -0.1029 -0.8774 0.4686
vn 0.4991 -0.7707 0.3962
vn 0.2288 -0.9144 0.3340
vn -0.4462 -0.8441 0.2973
vn -0.0577 -0.9414 0.3323
vn -0.3146 -0.6760 0.6663
vn -0.1950 -0.9739 -0.1165
vn -0.4665 -0.8748 -0.1309
vn -0.6570 -0.7272 0.1988
vn -0.5897 -0.7605 0.2719
vn -0.5631 -0.8257 -0.0328
vn -0.6534 -0.7283 0.2065
vn -0.2062 -0.6290 0.7496
vn -0.3165 -0.7896 0.5258
vn 0.1249 -0.9883 -0.0874
vn -0.2214 -0.7723 -0.5954
vn -0.7639 -0.6314 0.1333
vn -0.6557 -0.7089 0.2599
vn -0.6283 -0.7178 0.2999
vn -0.4898 -0.8469 -0.2069
vn -0.0784 -0.7193 0.6903
vn 0.5535 -0.7985 0.2369
vn 0.4772 -0.6242 -0.6186
vn -0.2556 -0.1883 -0.9483
vn -0.9698 -0.2258 -0.0926
vn -0.9215 -0.3105 0.2334
vn 0.1643 -0.7655 0.6221
vn 0.6931 -0.6964 0.1861
vn 0.8393 -0.2681 -0.4729
vn 0.3945 0.1892 -0.8992
vn 0.3849 -0.9228 -0.0153
vn 0.7742 -0.4436 -0.4514
vn 0.4492 0.2071 -0.8691
vn 0.3653 0.3282 -0.8711
vn -0.2011 -0.8704 0.4493
vn -0.3003 -0.9370 -0.1782
vn 0.3765 -0.7868 -0.4890
vn 0.3592 -0.2755 -0.8917
vn -0.2364 -0.5911 -0.7712
vn -0.8693 0.4837 0.1016
vn -0.9069 0.3965 0.1427
vn -0.9220 -0.2793 0.2683
vn -0.5666 -0.8023 0.1877
vn -0.5886 -0.8024 -0.0981
vn -0.6502 -0.6737 -0.3513
vn -0.9036 0.2523 0.3461
vn -0.7818 -0.3130 0.5393
vn -0.3007 -0.7823 0.5455
vn 0.2116 -0.9752 0.0652
vn -0.2795 -0.7798 -0.5602
vn -0.4342 -0.4233 -0.7952
vn -0.6767 0.3862 0.6269
vn -0.3654 -0.0130 0.9308
vn 0.0473 -0.5144 0.8562
vn 0.3817 -0.7851 0.4879
vn -0.5631 0.5803 0.5884
vn -0.2591 0.1032 0.9603
vn 0.1697 -0.2880 0.9425
vn 0.5553 -0.6890 0.4658
vn -0.7572 0.3648 0.5419
vn -0.6782 -0.2838 0.6779
vn -0.2851 -0.6062 0.7424
vn 0.1529 -0.8147 0.5593
vn 0.1679 -0.9536 0.2500
vn 0.4613 -0.7281 0.5071
vn 0.4630 -0.8826 -0.0814
vn 0.8267 -0.5289 0.1922
vn 0.7737 -0.4726 -0.4219
vn 0.9554 -0.1462 -0.2567
vn 0.8196 0.1649 -0.5487
vn 0.5742 -0.1826 -0.7981
vn 0.4346 0.1708 -0.8843
vn 0.4966 -0.7718 0.3971
vn 0.8809 -0.4731 0.0119
vn 0.9148 -0.1073 -0.3894
vn 0.7290 0.1357 -0.6709
vn 0.5718 0.2952 -0.7654
vn 0.5740 0.4244 -0.7003
vn 0.3806 0.5739 -0.7251
vn 0.1086 0.1599 -0.9811
vn 0.6860 -0.7249 0.0620
vn 0.8419 -0.3204 -0.4343
vn 0.4914 0.0882 -0.8665
vn 0.5013 0.1039 -0.8590
vn 0.5723 0.1267 -0.8102
vn 0.3512 0.4819 -0.8028
vn 0.2141 -0.9149 0.3423
vn 0.6022 -0.7973 -0.0400
vn 0.7731 -0.3057 -0.5558
vn 0.2023 0.3565 -0.9121
vn 0.3724 -0.2255 -0.9002
vn 0.6991 0.0124 -0.7149
vn 0.2183 0.4655 -0.8577
vn -0.0130 -0.8976 0.4406
vn 0.5158 -0.8504 0.1036
vn 0.5865 -0.3860 -0.7121
vn 0.1815 0.3016 -0.9360
vn -0.4286 0.6897 -0.5836
vn -0.3722 -0.5183 -0.7699
vn 0.5596 -0.8195 -0.1232
vn 0.0189 -0.3590 0.9331
vn 0.5275 -0.7563 0.3871
vn -0.0356 -0.8955 -0.4437
vn 0.2603 -0.7280 -0.6343
vn -0.1080 -0.1917 -0.9755
vn -0.5252 0.4932 -0.6935
vn 0.6165 0.1759 0.7674
vn 0.7299 0.0089 0.6835
vn 0.3109 -0.7507 0.5829
vn -0.2101 -0.9758 -0.0612
vn -0.5240 -0.2896 -0.8010
vn 0.1522 0.1409 0.9782
vn -0.4012 -0.6464 0.6490
vn -0.4454 -0.8847 0.1377
vn -0.8177 -0.5085 -0.2698
vn -0.8022 0.4333 -0.4108
vn -0.3229 0.5519 0.7689
vn -0.9197 -0.1986 0.3388
vn -0.7851 -0.6143 -0.0788
vn -0.9661 0.2579 0.0116
vn -0.5065 0.8460 0.1665
vn -0.3541 0.9234 0.1480
vn -0.6872 0.7252 0.0413
vn -0.8297 -0.1366 -0.5412
vn 0.0402 -0.9675 -0.2497
vn 0.0673 -0.9976 0.0166
vn 0.3028 -0.8666 0.3967
vn 0.6746 -0.7225 -0.1514
vn 0.8467 -0.0012 -0.5320
vn 0.2256 0.7494 -0.6224
vn 0.0907 0.6465 -0.7575
vn 0.6056 -0.7828 -0.1431
vn 0.5463 -0.2039 -0.8124
vn 0.0490 0.5452 -0.8369
vn -0.5342 0.7525 -0.3851
vn -0.3828 0.8180 -0.4293
vn 0.4316 -0.5408 0.7220
vn 0.5399 -0.8416 0.0158
vn 0.1147 -0.6910 -0.7137
vn 0.3025 -0.3672 -0.8796
vn -0.1354 0.1161 -0.9840
vn -0.6116 0.6134 -0.4996
vn 0.7449 -0.2128 0.6323
vn 0.4497 -0.8241 0.3443
vn -0.1754 -0.9113 -0.3726
vn -0.7012 -0.4347 -0.5651
vn -0.4018 -0.1065 -0.9095
vn 0.7202 -0.1851 0.6687
vn 0.1725 -0.1339 0.9759
vn -0.4081 -0.7362 0.5399
vn -0.2941 -0.9345 -0.2005
vn -0.7307 -0.6160 -0.2944
vn -0.9355 0.3483 -0.0587
vn -0.7643 0.4860 -0.4238
vn -0.3051 0.3880 0.8697
vn -0.9258 -0.1778 0.3337
vn -0.3901 0.8272 0.4044
vn -0.3913 0.8586 0.3312
vn -0.6513 0.6566 0.3803
vn -0.8655 0.4347 0.2489
vn -0.8130 0.3630 -0.4553
vn -0.2828 0.2689 -0.9207
vn 0.0970 0.2931 -0.9511
vn 0.2334 0.4482 -0.8630
vn -0.5871 -0.3657 -0.7222
vn 0.3794 -0.5959 -0.7078
vn 0.4478 0.0994 -0.8886
vn 0.2666 0.4256 -0.8648
vn 0.2231 0.6003 -0.7680
vn 0.1401 0.6809 -0.7189
vn -0.3068 -0.7952 -0.5230
vn 0.2309 -0.9683 0.0955
vn 0.6891 -0.6712 -0.2733
vn 0.7945 0.0990 -0.5991
vn 0.2366 0.8115 -0.5343
vn 0.2066 0.7245 -0.6576
vn -0.2165 0.8356 -0.5049
vn 0.0143 0.7798 -0.6258
vn 0.4285 -0.7752 0.4642
vn 0.5919 -0.7223 -0.3577
vn 0.4291 -0.1624 -0.8885
vn 0.5709 -0.0284 -0.8205
vn 0.2026 0.6921 -0.6928
vn -0.5082 0.8307 -0.2275
vn -0.4611 0.8684 -0.1826
vn 0.5450 -0.6978 0.4649
vn 0.4758 -0.7408 -0.4742
vn 0.0118 -0.3852 -0.9228
vn 0.0414 -0.3527 -0.9348
vn -0.3445 0.2655 -0.9005
vn -0.1421 0.5263 -0.8384
vn 0.2959 -0.9237 -0.2434
vn -0.0424 -0.4369 -0.8985
vn -0.3892 0.0360 -0.9204
vn -0.4405 -0.0216 -0.8975
vn -0.7759 0.4902 -0.3971
vn -0.6643 0.7389 -0.1130
vn 0.1527 -0.8148 0.5592
vn -0.5027 -0.8103 -0.3012
vn -0.8711 -0.2436 -0.4265
vn -0.9523 0.2125 -0.2189
vn -0.2854 -0.6065 0.7421
vn -0.6784 -0.2839 0.6776
vn -0.7572 0.3648 0.5418
vn -0.5739 0.5806 0.5775
vn -0.6867 0.4264 0.5887
vn -0.9033 0.2780 0.3267
vn -0.9237 0.3509 0.1536
vn -0.9718 0.2214 0.0809
vn -0.7588 0.6251 -0.1829
vn -0.7615 0.4162 -0.4969
vn -0.4309 0.8189 -0.3790
vn -0.1116 0.8608 -0.4965
vn -0.8939 -0.3486 -0.2819
vn -0.2227 0.0131 -0.9748
vn -0.5342 0.5863 -0.6090
vn -0.4895 0.8220 -0.2910
vn -0.2580 0.9149 -0.3106
vn -0.4149 0.4754 -0.7758
vn -0.1036 0.2406 -0.9651
vn -0.2923 0.5640 -0.7723
vn -0.7558 0.6521 -0.0591
vn -0.6270 0.7628 0.1581
vn -0.7124 0.5158 -0.4758
vn -0.5842 0.5290 -0.6155
vn 0.3944 0.1892 -0.8992
vn -0.2396 0.6197 -0.7474
vn -0.6605 0.7291 -0.1790
vn -0.7882 0.3505 0.5058
vn -0.7232 0.3545 0.5926
vn -0.4684 0.4453 0.7631
vn -0.9304 0.3433 0.1283
vn -0.2481 0.5566 -0.7929
vn -0.7543 0.5216 -0.3988
vn -0.6664 0.6666 -0.3340
vn -0.8797 0.4007 0.2559
vn -0.6216 -0.1811 0.7621
vn -0.5633 -0.2467 0.7885
vn 0.4493 0.2070 -0.8691
vn -0.1890 0.2791 -0.9415
vn -0.7624 0.5544 -0.3337
vn -0.9542 0.2049 0.2182
vn -0.6965 0.1288 -0.7059
vn -0.9789 -0.1068 -0.1742
vn -0.9143 0.3461 0.2104
vn -0.5906 -0.2983 0.7498
vn -0.8249 -0.3497 0.4442
vn -0.2011 -0.8705 0.4493
vn -0.3122 -0.7981 0.5154
vn -0.5239 -0.1442 0.8395
vn -0.3223 -0.0349 0.9460
vn -0.5837 -0.0697 0.8090
vn -0.2919 -0.6969 0.6551
vn -0.2853 -0.5583 0.7790
vn -0.6099 -0.2427 -0.7544
vn -0.2467 -0.3581 -0.9005
vn 0.1511 -0.1295 -0.9800
vn -0.6507 -0.3487 -0.6745
vn -0.9154 0.3306 0.2298
vn -0.8333 0.0909 -0.5452
vn -0.6654 0.3980 -0.6315
vn -0.6604 0.6960 -0.2821
vn -0.4096 0.5289 -0.7433
vn -0.3561 0.8076 -0.4700
vn -0.7288 -0.5213 -0.4439
vn -0.9336 -0.0255 -0.3573
vn -0.8384 0.4031 -0.3668
vn -0.6109 0.6705 -0.4209
vn -0.2228 0.8080 -0.5454
vn -0.1946 0.8258 -0.5293
vn -0.1600 0.6815 -0.7141
vn -0.1581 0.9018 -0.4023
vn -0.8998 -0.4316 -0.0647
vn -0.9838 0.1633 -0.0734
vn -0.7842 0.6090 -0.1193
vn -0.3577 0.9053 -0.2290
vn -0.2611 0.8966 -0.3576
vn -0.3513 0.8706 -0.3444
vn 0.0730 0.7964 -0.6004
vn -0.6742 -0.0567 0.7364
vn -0.3900 0.3364 0.8572
vn -0.4200 0.6765 0.6050
vn 0.0673 0.7085 0.7025
vn -0.2385 0.9175 0.3184
vn -0.2459 0.7523 0.6112
vn 0.1104 0.8869 -0.4486
vn 0.0869 0.1902 0.9779
vn 0.0973 0.2265 0.9691
vn 0.1429 0.2403 0.9601
vn 0.0526 0.2275 0.9724
vn 0.0049 0.2631 0.9648
vn 0.1948 0.9359 0.2934
vn 0.5210 0.6868 -0.5068
vn 0.3900 0.6960 -0.6029
vn 0.1998 0.5039 -0.8403
vn 0.4823 0.7771 0.4044
vn 0.5818 0.6237 -0.5220
vn 0.5972 0.5372 -0.5956
vn 0.4897 0.3705 -0.7893
vn 0.1163 0.7763 -0.6195
vn 0.0058 0.3669 0.9302
vn 0.3437 0.7835 0.5176
vn 0.5802 0.6456 -0.4965
vn 0.7819 0.1963 -0.5916
vn 0.6720 0.0820 -0.7360
vn 0.4651 0.5843 -0.6651
vn 0.0570 0.3376 0.9396
vn -0.0163 0.3230 0.9463
vn 0.3939 0.7086 0.5855
vn 0.9339 0.2150 -0.2858
vn 0.8525 -0.2897 -0.4350
vn 0.7441 -0.0835 -0.6628
vn 0.7667 0.4481 -0.4597
vn -0.0249 0.2668 0.9634
vn 0.5929 0.3944 0.7021
vn 0.6323 -0.0304 0.7741
vn 0.8880 -0.4572 -0.0484
vn 0.6609 -0.7494 0.0410
vn 0.6502 -0.7241 -0.2300
vn 0.7467 -0.4450 -0.4943
vn 0.0459 0.1401 0.9891
vn 0.4500 -0.3475 0.8226
vn 0.2556 -0.4183 0.8716
vn 0.3786 -0.9093 0.1727
vn 0.2917 -0.9390 -0.1819
vn 0.4295 -0.8418 -0.3269
vn 0.0508 0.1043 0.9932
vn -0.0177 0.1712 0.9851
vn 0.0178 -0.3108 0.9503
vn -0.0234 -0.9654 0.2598
vn -0.1642 -0.9415 -0.2942
vn -0.1004 -0.7920 -0.6023
vn 0.4156 -0.8870 -0.2012
vn 0.8930 -0.3230 -0.3134
vn -0.0653 0.2753 0.9591
vn -0.2802 -0.2161 0.9353
vn -0.5107 -0.8584 0.0477
vn -0.5417 -0.6794 -0.4950
vn -0.4076 -0.6176 -0.6726
vn -0.3842 -0.6321 -0.6729
vn -0.3570 -0.8155 -0.4555
vn 0.0002 0.2595 0.9657
vn 0.0868 0.1902 0.9779
vn -0.6729 -0.0572 0.7375
vn -0.9203 -0.3860 -0.0642
vn -0.7769 -0.3535 -0.5210
vn -0.5101 -0.4033 -0.7597
vn -0.5996 0.1061 -0.7933
vn 0.8552 0.1423 -0.4984
vn -0.5274 0.7511 0.3971
vn 0.6279 0.3279 0.7059
vn 0.9104 0.3276 0.2528
vn -0.4567 0.8731 -0.1707
vn 0.2053 0.9679 -0.1447
vn -0.6002 0.7485 -0.2819
vn -0.6302 0.7761 -0.0220
vn 0.2478 0.8053 -0.5385
vn -0.6621 0.7295 0.1713
vn 0.2664 0.8916 -0.3661
vn -0.3306 0.7776 -0.5349
vn -0.4941 0.6851 -0.5352
vn -0.6138 0.5762 -0.5396
vn -0.8784 0.2790 -0.3880
vn -0.9169 0.3971 0.0400
vn -0.8144 0.3992 0.4211
vn 0.9091 0.3369 0.2452
vn 0.5434 0.7794 -0.3119
vn -0.3676 0.7507 -0.5489
vn -0.7494 0.2939 -0.5934
vn -0.8145 0.3951 -0.4248
vn -0.8947 0.2199 -0.3887
vn -0.9929 0.0752 -0.0923
vn 0.9038 0.1398 0.4044
vn 0.7827 0.5945 0.1842
vn 0.4450 0.8267 -0.3443
vn 0.0157 0.8607 -0.5089
vn -0.6657 0.4478 -0.5969
vn -0.7819 0.4907 -0.3845
vn 0.6261 0.3427 0.7004
vn 0.8219 0.3920 0.4133
vn 0.5173 0.7950 0.3168
vn 0.3908 0.9171 0.0786
vn 0.5729 0.8065 -0.1461
vn 0.0722 0.9107 -0.4067
vn -0.6194 0.6164 -0.4861
vn 0.9579 0.2737 0.0868
vn 0.7783 0.4708 0.4155
vn 0.4148 0.7801 0.4684
vn 0.1887 0.9421 0.2773
vn 0.1586 0.9838 0.0835
vn 0.2018 0.9683 -0.1471
vn 0.2553 0.8020 -0.5400
vn 0.9572 -0.1352 -0.2558
vn 0.9101 -0.1544 0.3846
vn 0.7051 0.3760 0.6012
vn 0.2709 0.5136 0.8141
vn -0.1041 0.8827 0.4583
vn 0.0795 0.9767 0.1993
vn 0.2639 0.8925 -0.3657
vn 0.3317 0.0699 0.9408
vn 0.8120 -0.5145 0.2756
vn 0.8522 0.2002 0.4834
vn 0.6805 0.1482 0.7176
vn 0.0382 0.1438 0.9889
vn 0.0681 0.8452 0.5300
vn 0.2990 0.8596 0.4143
vn -0.2760 0.8715 0.4053
vn 0.0425 0.9380 0.3440
vn 0.9339 0.0162 0.3572
vn 0.1537 -0.5297 0.8342
vn -0.6057 0.7062 0.3666
vn 0.2040 -0.5325 0.8215
vn 0.2317 0.4948 0.8375
vn -0.3090 0.7797 0.5446
vn 0.0493 0.8498 0.5248
vn 0.3147 0.8442 0.4339
vn 0.2602 0.9363 0.2358
vn 0.2162 0.9716 0.0962
vn -0.5689 0.6460 0.5089
vn -0.5450 0.6219 0.5623
vn -0.2633 0.6755 0.6887
vn 0.0466 0.7217 0.6906
vn 0.3555 0.6970 0.6227
vn -0.1019 0.1781 0.9787
vn -0.3922 0.7139 0.5801
vn -0.2744 0.7090 0.6496
vn -0.2495 0.6292 0.7361
vn -0.4817 0.5336 0.6952
vn -0.1384 0.5597 0.8171
vn 0.1940 0.5813 0.7902
vn 0.3727 0.5609 0.7393
vn -0.2460 -0.3374 0.9087
vn -0.6696 0.3124 0.6738
vn 0.3453 0.7180 0.6044
vn 0.0655 0.7801 0.6222
vn -0.2227 0.7460 0.6276
vn -0.4941 0.6578 0.5685
vn -0.5157 0.4417 0.7342
vn -0.6359 0.6146 0.4668
vn 0.1837 0.9830 0.0013
vn 0.1709 0.9841 -0.0489
vn 0.2274 0.9564 -0.1834
vn 0.0371 0.8934 -0.4477
vn -0.3941 0.7499 -0.5313
vn 0.1328 0.9704 -0.2015
vn 0.0914 0.9415 -0.3243
vn -0.0087 0.8602 -0.5099
vn -0.2492 0.8067 -0.5358
vn -0.6921 0.6060 -0.3921
vn -0.8639 0.3915 -0.3168
vn -0.7277 0.4822 -0.4878
vn -0.0964 0.7483 -0.6563
vn -0.5144 0.7228 -0.4614
vn -0.7575 0.6242 -0.1909
vn -0.9141 0.3912 -0.1065
vn -0.8226 0.4392 -0.3611
vn -0.5309 0.4683 -0.7063
vn -0.5910 0.7234 -0.3569
vn -0.5678 0.5831 -0.5811
vn -0.6341 0.6948 -0.3392
vn -0.5392 0.7813 -0.3144
vn -0.6553 0.5018 -0.5646
vn -0.2675 0.3246 -0.9073
vn -0.5766 0.3000 -0.7599
vn -0.6202 0.5937 -0.5127
vn -0.5626 0.7579 -0.3302
vn -0.6784 0.6119 -0.4066
vn -0.5103 0.7524 -0.4166
vn -0.5647 0.6804 -0.4671
vn -0.3403 -0.0013 -0.9403
vn -0.4813 0.0328 -0.8759
vn -0.7043 0.3347 -0.6261
vn -0.6170 0.6679 -0.4162
vn -0.3189 0.1146 -0.9408
vn -0.5966 0.3863 -0.7034
vn -0.7138 0.0435 -0.6990
vn -0.7777 0.2875 -0.5590
vn -0.2011 0.5248 -0.8271
vn -0.8376 0.3379 -0.4293
vn -0.8915 0.1933 -0.4096
vn -0.7404 -0.2737 -0.6139
vn -0.6935 0.0900 -0.7148
vn -0.3299 0.0585 -0.9422
vn -0.9373 -0.3255 -0.1243
vn -0.9703 -0.2175 -0.1059
vn -0.7688 -0.4209 -0.4814
vn -0.7903 -0.1313 -0.5984
vn -0.7420 -0.4149 -0.5266
vn -0.7732 -0.0754 -0.6297
vn -0.3169 -0.8386 -0.4431
vn -0.2533 -0.9432 -0.2150
vn -0.3194 -0.6492 -0.6903
vn -0.6886 -0.1996 -0.6971
vn -0.4503 -0.2725 -0.8503
vn -0.7405 0.4078 -0.5341
vn -0.7129 0.6714 -0.2025
vn -0.8172 0.5751 -0.0386
vn -0.8369 0.4797 -0.2637
vn -0.6858 0.6915 -0.2270
vn -0.5992 0.7630 -0.2426
vn -0.5434 0.7976 -0.2617
vn -0.8626 0.5023 0.0604
vn -0.4046 0.8661 -0.2936
vn -0.5962 0.7868 -0.1596
vn -0.5709 0.8204 -0.0317
vn -0.6768 0.7358 -0.0240
vn -0.9396 0.3297 0.0922
vn -0.9848 0.1435 0.0976
vn -0.6881 0.6463 -0.3298
vn -0.7030 0.6930 -0.1599
vn -0.6922 0.7203 -0.0449
vn -0.7278 0.5391 0.4240
vn -0.4850 0.8724 0.0613
vn -0.7369 0.5450 -0.4000
vn -0.8302 0.5248 -0.1882
vn -0.8970 0.4133 -0.1566
vn -0.7854 0.5225 0.3318
vn -0.7035 0.5637 0.4329
vn -0.8671 0.3112 -0.3890
vn -0.8976 0.4304 -0.0954
vn -0.9762 0.2165 0.0088
vn -0.7508 0.6365 0.1764
vn -0.6103 0.7697 0.1876
vn -0.9767 0.0523 0.2081
vn -0.8893 -0.2398 -0.3894
vn -0.8912 0.4175 -0.1771
vn -0.7390 0.6608 -0.1312
vn -0.6438 0.7473 0.1643
vn -0.9269 -0.1817 -0.3283
vn -0.8862 -0.4384 -0.1498
vn -0.7346 -0.6613 -0.1517
vn -0.7089 0.6861 -0.1638
vn -0.9817 -0.1170 0.1504
vn -0.7170 0.6948 -0.0572
vn -0.4358 0.8372 0.3303
vn -0.6401 0.6979 0.3211
vn -0.8991 -0.3141 0.3051
vn -0.6044 -0.0065 0.7967
vn -0.4346 0.0995 0.8951
vn -0.8987 -0.3168 0.3034
vn -0.7729 -0.5331 0.3442
vn -0.9428 -0.2799 0.1811
vn -0.8639 -0.3392 0.3723
vn -0.4515 0.8889 -0.0776
vn -0.8362 -0.2599 0.4830
vn -0.0684 -0.5486 0.8333
vn -0.9386 0.0203 0.3445
vn -0.1785 0.6767 0.7143
vn 0.2924 0.7302 0.6175
vn -0.5906 0.5594 0.5815
vn -0.4840 0.2619 0.8349
vn -0.0681 -0.5477 0.8339
vn -0.4845 0.2633 0.8342
vn -0.8943 0.0236 0.4468
vn -0.7591 0.6222 0.1915
vn -0.3496 0.8587 0.3748
vn -0.5165 0.7987 0.3088
vn -0.7104 0.2804 0.6455
vn -0.1807 0.1354 0.9742
vn -0.8565 0.1504 0.4938
vn -0.6365 0.7673 0.0786
vn 0.0856 0.8669 0.4912
vn -0.5157 0.4417 0.7341
vn -0.9440 -0.0424 0.3273
vn 0.3122 0.6295 0.7115
vn 0.0388 0.7958 0.6043
vn -0.7636 0.6334 0.1251
vn -0.5280 0.8485 0.0364
vn 0.3346 0.0677 0.9399
vn -0.7049 0.2856 0.6492
vn 0.1125 -0.3408 0.9334
vn 0.8134 -0.5147 0.2711
vn -0.0173 -0.3212 0.9468
vn 0.9128 -0.1580 0.3766
vn -0.0080 0.8472 0.5312
vn 0.8532 0.1928 0.4847
vn -0.8356 0.5223 0.1700
vn -0.8359 0.3335 0.4360
vn -0.5129 0.4675 0.7200
vn 0.6610 0.7496 -0.0341
vn 0.9302 0.0511 0.3635
vn -0.9576 0.1197 0.2619
vn -0.6154 -0.4322 0.6592
vn -0.5598 -0.2395 0.7933
vn 0.2000 -0.5285 0.8250
vn 0.3081 0.5217 0.7955
vn 0.2111 -0.4924 0.8444
vn -0.7281 -0.4220 0.5402
vn 0.1310 -0.5233 0.8420
vn -0.6075 0.7059 0.3642
vn 0.2963 0.1259 -0.9468
vn 0.2768 0.1532 -0.9486
vn 0.2715 0.1596 -0.9491
vn 0.2523 0.1859 -0.9496
vn -0.4791 0.3443 -0.8074
vn 0.2247 -0.4013 -0.8880
vn -0.7677 -0.3527 -0.5350
vn 0.1987 -0.4949 -0.8459
vn -0.0777 -0.4889 -0.8689
vn -0.0219 0.2060 -0.9783
vn -0.2073 -0.5412 -0.8149
vn -0.2315 -0.4210 -0.8770
vn -0.0455 -0.5024 -0.8635
vn 0.4257 0.1715 -0.8885
vn 0.1906 -0.7529 -0.6300
vn -0.2865 -0.5270 -0.8001
vn -0.5434 0.1856 -0.8187
vn -0.0650 0.0392 -0.9971
vn 0.7568 0.0115 -0.6535
vn -0.7457 0.1918 -0.6381
vn 0.0075 0.0646 -0.9979
vn 0.7041 0.0201 -0.7098
vn -0.6926 0.1506 -0.7055
vn 0.0206 0.1751 -0.9843
vn 0.7188 0.1913 -0.6684
vn -0.6668 -0.0340 -0.7445
vn 0.0737 0.0462 -0.9962
vn 0.6082 0.0864 -0.7891
vn -0.8143 -0.0603 -0.5773
vn 0.0601 -0.0189 -0.9980
vn 0.6331 0.0588 -0.7719
vn 0.0920 0.0269 -0.9954
vn 0.7174 0.0743 -0.6927
vn 0.1115 -0.4416 -0.8902
vn 0.6705 -0.2937 -0.6813
vn -0.5027 0.0231 -0.8642
vn -0.5295 -0.3177 -0.7866
vn -0.6298 -0.6028 -0.4898
vn 0.2166 -0.7327 -0.6451
vn 0.8447 -0.2359 -0.4804
vn 0.5193 -0.6026 -0.6059
vn 0.9507 0.0567 -0.3049
vn 0.8033 -0.4818 -0.3501
vn 0.9304 0.3471 -0.1180
vn -0.3337 -0.7663 -0.5490
vn -0.0623 -0.9270 -0.3698
vn 0.3595 -0.9326 0.0337
vn 0.9362 -0.3499 -0.0340
vn 0.6834 0.7214 -0.1124
vn 0.9425 -0.2643 0.2047
vn 0.7701 0.6182 -0.1573
vn 0.8861 -0.4231 0.1893
vn 0.4305 -0.8877 -0.1635
vn -0.3104 -0.6162 -0.7239
vn 0.5414 -0.4552 -0.7069
vn 0.5982 -0.7726 0.2128
vn 0.5506 -0.4348 -0.7126
vn 0.4223 0.1524 -0.8935
vn 0.4439 -0.1523 0.8830
vn -0.5163 -0.7677 0.3796
vn -0.2922 -0.5709 -0.7673
vn 0.5449 -0.4202 -0.7256
vn 0.7729 -0.0021 -0.6345
vn 0.6023 -0.1335 0.7870
vn 0.0218 -0.2068 0.9781
vn -0.1276 -0.8551 0.5024
vn 0.1011 -0.8215 0.5612
vn 0.0857 -0.8680 0.4891
vn -0.2922 -0.4955 -0.8180
vn 0.7519 -0.1634 0.6387
vn 0.0651 -0.0413 0.9970
vn 0.6648 0.0533 -0.7451
vn 0.7165 -0.1300 0.6854
vn -0.0072 -0.0629 0.9980
vn -0.6643 0.1732 0.7271
vn -0.7083 0.2051 0.6755
vn 0.6763 0.2162 -0.7042
vn 0.6012 0.0605 0.7968
vn -0.0218 -0.1704 0.9851
vn -0.6890 -0.0855 0.7197
vn -0.7077 0.1371 -0.6931
vn -0.7524 0.1725 -0.6357
vn 0.5629 0.1123 -0.8188
vn 0.7666 0.0864 0.6363
vn -0.0650 -0.0331 0.9973
vn -0.6560 -0.0425 0.7536
vn -0.7176 -0.0456 -0.6950
vn 0.5918 0.0424 -0.8049
vn 0.7534 0.0247 -0.6570
vn 0.5644 0.1395 0.8136
vn -0.0674 0.0018 0.9977
vn -0.6267 -0.0354 0.7784
vn -0.7617 -0.0789 -0.6431
vn 0.7743 -0.2631 -0.5755
vn 0.5594 0.3804 0.7364
vn -0.1032 0.0092 0.9946
vn -0.7551 0.0425 0.6542
vn -0.4874 0.0358 -0.8724
vn -0.6468 -0.2663 -0.7147
vn -0.7543 0.3508 0.5550
vn -0.6755 -0.5517 -0.4892
vn 0.7791 -0.3136 -0.5429
vn 0.5527 0.5996 0.5788
vn -0.1167 0.4204 0.8998
vn -0.3091 0.6910 0.6535
vn -0.8130 0.5252 0.2513
vn -0.9038 0.4002 0.1516
vn -0.3517 -0.7688 -0.5341
vn 0.9446 0.0454 -0.3252
vn -0.0019 0.6928 0.7211
vn 0.9451 0.3108 -0.1012
vn -0.2617 0.7448 0.6138
vn -0.7699 0.5280 0.3585
vn -0.5672 0.6223 0.5395
vn 0.7733 0.6254 -0.1042
vn -0.7092 0.6908 0.1408
vn -0.9183 0.3958 0.0057
vn -0.9680 0.1099 -0.2256
vn -0.9603 0.2655 -0.0852
vn -0.1533 -0.9191 -0.3629
vn -0.9025 -0.3135 0.2954
vn 0.7653 0.6140 -0.1932
vn 0.3051 -0.9522 0.0174
vn -0.8374 -0.5084 -0.2007
vn 0.4663 -0.8842 0.0268
vn -0.5642 0.1910 -0.8033
vn -0.5066 0.3567 -0.7849
vn -0.4830 -0.0901 0.8710
vn -0.1007 -0.6736 0.7322
vn 0.0845 -0.8952 0.4375
vn -0.3544 -0.9098 0.2160
vn -0.7748 -0.3599 -0.5197
vn -0.7043 -0.5619 0.4340
vn 0.2000 -0.9518 0.2324
vn -0.3310 -0.8430 0.4240
vn -0.0737 -0.4987 -0.8636
vn -0.2193 -0.5422 -0.8111
vn -0.2288 -0.4178 -0.8793
vn -0.0309 -0.4896 -0.8714
vn -0.7704 -0.3792 -0.5125
vn 0.2270 -0.4402 -0.8687
vn 0.1942 -0.5377 -0.8205
vn 0.1905 -0.7077 -0.6804
vn -0.8119 -0.4264 -0.3986
vn -0.8395 0.4572 -0.2935
vn -0.9239 0.3042 -0.2321
vn -0.9045 -0.3582 0.2316
vn 0.0585 -0.5147 -0.8554
vn 0.1672 -0.4909 -0.8550
vn 0.0576 -0.5249 -0.8492
vn 0.1447 -0.5181 -0.8430
vn 0.0441 -0.6351 -0.7712
vn 0.0367 -0.7286 -0.6840
vn 0.2662 -0.9014 -0.3414
vn -0.4293 -0.9013 -0.0579
vn -0.2949 -0.8953 0.3339
vn 0.4268 -0.9031 0.0472
vn 0.2339 -0.3895 -0.8908
vn -0.1286 -0.5478 -0.8267
vn -0.6037 -0.6078 -0.5158
vn -0.7804 -0.5319 -0.3287
vn -0.7145 -0.5881 0.3790
vn -0.0074 -0.3619 -0.9322
vn -0.4420 -0.4753 -0.7607
vn -0.4396 -0.4660 -0.7678
vn -0.9163 -0.2828 -0.2834
vn -0.9273 -0.0286 0.3731
vn -0.7877 -0.6065 -0.1084
vn -0.8737 -0.4454 0.1956
vn 0.3584 -0.2155 -0.9083
vn 0.3202 -0.2559 -0.9121
vn 0.2597 -0.4215 -0.8689
vn 0.2746 -0.4473 -0.8512
vn -0.3974 -0.4376 -0.8066
vn -0.4200 -0.6863 -0.5938
vn 0.6550 -0.1201 -0.7460
vn 0.7709 -0.2047 -0.6032
vn 0.7681 -0.3098 -0.5604
vn 0.7893 -0.3184 -0.5250
vn 0.2533 -0.4370 -0.8631
vn 0.2293 -0.7930 -0.5644
vn -0.4419 -0.7091 -0.5495
vn 0.9531 -0.0533 -0.2978
vn 0.9906 -0.1025 -0.0909
vn 0.9819 -0.1526 -0.1123
vn 0.9810 -0.1361 -0.1383
vn 0.7619 -0.3177 -0.5644
vn 0.5877 -0.7084 -0.3910
vn 0.3615 -0.3619 -0.8593
vn 0.9863 0.0210 0.1637
vn 0.9681 -0.0188 0.2498
vn 0.9657 -0.0443 0.2557
vn 0.9646 -0.0080 0.2635
vn 0.9652 -0.0128 0.2611
vn 0.9552 -0.1580 -0.2504
vn 0.8841 0.1060 0.4551
vn 0.7999 0.0810 0.5947
vn 0.7878 0.0377 0.6148
vn 0.7789 0.0476 0.6254
vn 0.7269 0.0026 0.6868
vn 0.7177 0.0937 0.6900
vn 0.4747 -0.1973 0.8577
vn 0.5331 -0.0652 0.8435
vn 0.3372 -0.0297 0.9410
vn 0.2634 0.1008 0.9594
vn 0.3035 0.0762 0.9498
vn -0.0077 -0.1419 0.9898
vn 0.4814 -0.2759 0.8320
vn 0.2977 -0.9429 -0.1494
vn -0.9791 -0.0001 0.2034
vn -0.1930 -0.3291 0.9244
vn -0.3069 -0.0282 0.9513
vn -0.4423 0.0851 0.8928
vn 0.3136 -0.3324 0.8895
vn 0.0174 -0.3779 0.9257
vn 0.0242 -0.6115 0.7909
vn -0.0236 -0.8014 0.5977
vn 0.7875 -0.4461 -0.4252
vn -0.7974 -0.0753 0.5988
vn -0.9315 -0.0221 0.3632
vn -0.5886 -0.2156 0.7792
vn -0.1144 -0.5835 0.8040
vn -0.0961 -0.8494 0.5190
vn 0.0051 -0.9532 0.3022
vn 0.2374 0.8614 -0.4490
vn -0.7470 -0.5530 0.3691
vn -0.1159 -0.4208 0.8997
vn 0.1832 -0.9822 0.0425
vn -0.8249 -0.5113 0.2409
vn -0.8225 -0.2184 0.5251
vn -0.6889 0.3024 0.6588
vn -0.2737 0.6023 0.7499
vn 0.1156 0.4417 0.8897
vn 0.7690 -0.4583 0.4456
vn 0.7742 -0.6292 -0.0688
vn 0.7777 -0.5318 -0.3352
vn 0.7043 0.1334 0.6973
vn 0.9179 -0.3876 0.0846
vn -0.6967 -0.6826 -0.2205
vn -0.8427 -0.2767 0.4619
vn -0.5821 -0.6984 -0.4165
vn -0.7226 -0.6913 0.0070
vn -0.9026 -0.0370 -0.4288
vn -0.9598 -0.0066 0.2807
vn -0.9707 0.2317 0.0631
vn -0.8234 0.2975 -0.4832
vn -0.9075 0.2444 -0.3417
vn -0.7544 -0.0305 0.6557
vn -0.5901 0.2165 0.7778
vn -0.2730 -0.1066 0.9561
vn -0.4725 -0.5946 0.6505
vn -0.5690 -0.0287 0.8218
vn 0.0094 0.0112 0.9999
vn 0.1643 0.2534 0.9533
vn 0.4039 -0.3991 0.8231
vn 0.6913 -0.6193 0.3724
vn 0.6325 0.4496 0.6307
vn 0.7409 -0.6681 -0.0682
vn -0.0092 -0.7499 0.6614
vn 0.3326 -0.6099 0.7193
vn 0.5318 0.0678 0.8442
vn 0.7467 0.2891 0.5991
vn 0.6283 0.7371 0.2490
vn 0.6084 -0.6949 -0.3834
vn 0.4066 0.9069 0.1104
vn 0.2818 -0.2999 -0.9114
vn 0.6197 -0.4824 0.6191
vn 0.7885 0.3898 0.4758
vn 0.8876 0.3294 0.3218
vn 0.6048 0.7906 0.0955
vn 0.0959 0.9909 -0.0943
vn -0.1412 0.3961 -0.9073
vn -0.1805 -0.9834 -0.0190
vn 0.7055 -0.5496 0.4475
vn 0.6506 -0.7290 0.2128
vn 0.8442 -0.5356 -0.0202
vn 0.9105 0.4135 -0.0021
vn 0.5467 0.7986 -0.2517
vn 0.1715 0.7318 -0.6596
vn -0.0954 0.1785 -0.9793
vn -0.4502 -0.0673 -0.8904
vn -0.6505 -0.2854 -0.7038
vn -0.2345 -0.9410 0.2439
vn 0.8728 0.1846 -0.4518
vn 0.4897 0.2927 -0.8213
vn 0.2241 -0.6407 -0.7344
vn -0.2023 -0.6704 -0.7139
vn -0.3709 -0.7055 -0.6039
vn -0.6239 -0.2046 -0.7542
vn 0.5899 -0.6688 -0.4525
vn -0.3705 -0.8246 -0.4275
vn -0.5880 -0.6946 -0.4144
vn -0.9107 0.0170 -0.4127
vn -0.8277 0.3378 -0.4482
vn -0.8969 -0.2945 -0.3299
vn -0.0423 -0.4781 -0.8773
vn 0.0581 -0.5246 -0.8494
vn 0.0232 -0.4930 -0.8697
vn -0.0759 -0.3104 -0.9476
vn 0.1154 0.0096 -0.9933
vn -0.1311 0.5755 -0.8072
vn -0.2514 -0.1614 -0.9543
vn -0.7195 -0.0521 -0.6926
vn -0.5284 -0.1440 -0.8367
vn 0.0478 -0.6338 -0.7720
vn 0.1171 -0.6538 -0.7476
vn 0.3446 -0.6041 -0.7186
vn 0.2631 -0.1113 -0.9583
vn -0.2865 0.1529 -0.9458
vn -0.9396 0.0700 -0.3350
vn -0.8629 -0.0967 -0.4960
vn 0.0920 -0.8767 -0.4722
vn 0.3074 -0.8922 -0.3310
vn 0.4885 -0.7409 -0.4609
vn 0.0361 -0.6631 -0.7476
vn -0.6819 -0.3597 -0.6369
vn -0.9583 -0.0777 -0.2751
vn 0.0940 -0.9560 0.2778
vn 0.6202 -0.7576 0.2036
vn 0.7443 -0.4329 -0.5086
vn 0.0880 -0.1824 -0.9793
vn -0.5341 0.2169 -0.8171
vn -0.9714 -0.0532 -0.2313
vn -0.2729 -0.9619 -0.0180
vn 0.9369 -0.3314 0.1109
vn 0.5636 -0.6166 -0.5496
vn 0.0450 -0.2401 -0.9697
vn -0.5313 -0.1015 -0.8411
vn -0.9409 0.1561 -0.3007
vn -0.9686 0.1823 0.1690
vn -0.9670 0.1527 0.2038
vn 0.6319 -0.7699 -0.0896
vn 0.5010 -0.6539 -0.5670
vn 0.1860 -0.4376 -0.8797
vn -0.5341 0.2329 -0.8127
vn -0.8801 -0.0634 -0.4706
vn -0.9747 0.2152 0.0606
vn 0.7642 -0.6449 0.0028
vn -0.9279 0.1985 -0.3157
vn -0.9939 -0.0787 -0.0777
vn -0.8368 0.2502 0.4870
vn -0.7967 0.3006 0.5243
vn -0.9754 0.2195 -0.0213
vn -0.9047 0.0365 0.4244
vn -0.8941 -0.1716 0.4138
vn -0.5621 -0.2145 0.7988
vn -0.4713 0.2031 0.8582
vn -0.4851 0.3192 0.8141
vn -0.8030 0.2648 0.5339
vn -0.5784 -0.2089 0.7885
vn -0.0787 -0.3445 0.9355
vn 0.0570 -0.3800 0.9232
vn 0.0439 0.1020 0.9938
vn 0.1122 0.2128 0.9706
vn -0.5020 0.2997 0.8113
vn -0.8054 0.1833 0.5637
vn -0.9626 0.1854 0.1974
vn 0.3136 -0.7372 0.5984
vn 0.5333 -0.7023 0.4715
vn 0.6464 -0.1683 0.7442
vn 0.6805 0.1770 0.7110
vn 0.0063 0.0965 0.9953
vn -0.6140 -0.4452 0.6517
vn 0.7457 -0.6649 -0.0421
vn 0.6299 -0.7691 -0.1078
vn 0.9432 -0.3237 0.0750
vn 0.0755 -0.8356 -0.5441
vn 0.1841 -0.2431 0.9524
vn -0.3872 -0.7443 0.5441
vn -0.7766 -0.5806 0.2444
vn 0.4579 -0.8855 0.0785
vn -0.2404 -0.8880 0.3919
vn -0.3529 -0.7450 0.5660
vn -0.3091 -0.6439 0.6999
vn -0.6018 -0.7810 0.1672
vn -0.5628 -0.7817 0.2687
vn -0.1893 -0.9795 -0.0687
vn -0.1259 -0.9485 0.2908
vn -0.1063 -0.8494 0.5169
vn -0.1161 -0.5833 0.8039
vn -0.2503 -0.3671 0.8959
vn -0.5265 -0.3082 0.7923
vn -0.2113 -0.9773 -0.0172
vn -0.4043 -0.8959 0.1841
vn -0.8773 -0.3310 0.3475
vn -0.9986 -0.0524 -0.0046
vn 0.6427 -0.6938 0.3247
vn 0.6934 -0.7126 -0.1071
vn 0.9942 -0.1075 -0.0021
vn 0.7186 -0.0494 0.6937
vn 0.1394 -0.5932 0.7929
vn 0.1479 -0.0322 0.9885
vn -0.4468 0.0056 0.8946
vn -0.2820 -0.7485 0.6001
vn -0.6123 -0.6117 0.5010
vn 0.8850 0.1091 0.4527
vn 0.1954 0.1781 0.9644
vn -0.5414 0.1763 0.8221
vn -0.8463 0.0405 0.5311
vn -0.8259 -0.4864 0.2853
vn 0.9860 -0.0805 -0.1459
vn 0.9251 -0.3798 0.0037
vn 0.6303 -0.1585 0.7600
vn -0.0605 -0.1969 0.9786
vn -0.5870 -0.3480 0.7310
vn -0.8960 -0.3305 0.2965
vn -0.9050 0.2290 0.3585
vn -0.9495 0.1947 0.2460
vn -0.9549 0.2788 0.1021
vn -0.8292 -0.5511 0.0936
vn -0.9606 0.2532 -0.1146
vn -0.6787 -0.7286 -0.0922
vn -0.7506 -0.5357 -0.3868
vn -0.9586 -0.2541 -0.1285
vn -0.9181 0.3959 0.0208
vn -0.8098 0.5474 -0.2111
vn -0.6731 0.6775 -0.2967
vn -0.8217 0.3890 -0.4166
vn -0.5867 0.1833 -0.7888
vn -0.3328 -0.6698 -0.6638
vn -0.8354 -0.3815 -0.3956
vn -0.5547 -0.3551 -0.7524
vn -0.4015 0.6538 -0.6413
vn -0.4166 0.7001 -0.5800
vn -0.0803 0.2909 -0.9534
vn 0.1196 -0.6422 -0.7571
vn 0.5115 0.1464 -0.8467
vn 0.4954 -0.6710 -0.5517
vn 0.4171 0.4323 -0.7995
vn 0.1069 0.6747 -0.7303
vn 0.7705 -0.0403 -0.6362
vn 0.6109 -0.6897 -0.3886
vn 0.8853 -0.2141 -0.4128
vn 0.5194 -0.8256 -0.2206
vn 0.6926 -0.7133 -0.1072
vn 0.0335 -0.6617 -0.7490
vn 0.8277 -0.0081 -0.5611
vn 0.9875 -0.0808 -0.1356
vn 0.9943 -0.1063 0.0087
vn 0.4826 -0.6571 -0.5790
vn 0.9124 -0.4088 0.0212
vn -0.2576 0.2413 -0.9357
vn -0.2696 0.1287 -0.9543
vn -0.3371 -0.1865 -0.9228
vn -0.4099 -0.1896 -0.8922
vn -0.3559 -0.2108 -0.9104
vn -0.1702 -0.2538 -0.9522
vn -0.3282 -0.4129 -0.8496
vn -0.0881 -0.0391 -0.9953
vn -0.6419 0.0334 -0.7660
vn -0.3575 -0.0949 -0.9291
vn -0.4398 -0.1151 -0.8907
vn -0.4425 -0.0941 -0.8918
vn -0.1731 0.0796 -0.9817
vn 0.0381 0.0752 -0.9964
vn 0.3120 0.1041 -0.9444
vn -0.4819 -0.0712 -0.8733
vn -0.5180 0.0822 -0.8514
vn -0.4260 0.2040 -0.8814
vn -0.2600 0.2083 -0.9429
vn 0.0273 0.3220 -0.9464
vn 0.2972 0.3558 -0.8860
vn -0.4633 0.1106 -0.8793
vn -0.3844 0.2762 -0.8809
vn -0.2381 0.4198 -0.8758
vn -0.2225 0.3914 -0.8929
vn 0.0106 0.5088 -0.8608
vn 0.2671 0.5668 -0.7793
vn -0.3686 0.3451 -0.8631
vn -0.2670 0.5132 -0.8157
vn -0.0438 0.5992 -0.7994
vn 0.2010 0.7070 -0.6781
vn 0.3234 0.8121 -0.4857
vn 0.4797 0.6259 -0.6150
vn -0.3519 0.7109 -0.6089
vn -0.0756 0.8462 -0.5274
vn 0.1908 0.8954 -0.4022
vn 0.2911 0.9560 -0.0372
vn 0.5410 0.8404 -0.0320
vn 0.7209 0.5793 -0.3804
vn 0.5977 0.3931 -0.6988
vn -0.1161 0.9357 -0.3332
vn 0.0870 0.9844 -0.1530
vn 0.4575 0.7558 0.4685
vn 0.5670 0.5377 0.6240
vn 0.7878 0.6145 -0.0431
vn 0.8642 0.3374 -0.3732
vn 0.8731 0.3287 -0.3601
vn 0.7179 -0.0000 -0.6962
vn 0.7006 -0.0418 -0.7123
vn 0.8555 0.4031 0.3250
vn 0.9584 0.1636 -0.2337
vn 0.9252 0.1352 -0.3547
vn 0.9206 0.0526 -0.3869
vn 0.6458 -0.1521 -0.7482
vn 0.7713 -0.3016 -0.5605
vn 0.5658 0.3366 0.7527
vn 0.8377 0.2062 0.5057
vn 0.9845 0.0572 -0.1657
vn -0.1349 -0.0190 -0.9907
vn 0.4101 -0.0601 -0.9101
vn 0.3969 -0.1022 -0.9122
vn 0.9225 -0.1370 -0.3610
vn 0.9579 -0.0042 -0.2871
vn 0.8762 -0.1491 0.4582
vn 0.4865 -0.2154 0.8467
vn 0.7942 0.4820 0.3702
vn 0.2700 0.3894 0.8806
vn 0.8545 0.0328 0.5183
vn 0.3580 0.0770 0.9305
vn 0.4191 -0.4696 0.7771
vn 0.7802 -0.4931 0.3848
vn 0.4342 -0.8538 0.2873
vn -0.2551 -0.1890 0.9483
vn -0.3900 0.4225 0.8182
vn -0.2346 0.0334 0.9715
vn -0.3988 -0.3988 0.8258
vn 0.0388 -0.8433 0.5360
vn -0.1193 -0.9891 -0.0860
vn -0.8736 -0.0188 0.4864
vn -0.8666 0.3676 0.3374
vn -0.9827 -0.1013 0.1550
vn -0.5595 -0.7749 0.2942
vn -0.7139 -0.5946 -0.3699
vn -0.2817 -0.5444 -0.7901
vn 0.2452 -0.9028 -0.3534
vn -0.9524 0.0051 -0.3049
vn -0.7594 0.4873 -0.4310
vn -0.8243 0.0189 -0.5659
vn -0.4241 0.2137 -0.8800
vn -0.2135 0.4962 -0.8416
vn -0.2750 0.1162 -0.9544
vn 0.3193 0.4905 -0.8109
vn 0.4663 0.1283 -0.8753
vn 0.4253 -0.4588 -0.7802
vn 0.6941 -0.7087 -0.1265
vn 0.7802 -0.4931 0.3849
vn 0.9459 -0.2342 -0.2246
vn 0.8545 0.0328 0.5184
vn 0.4761 0.2589 -0.8404
vn 0.7550 0.5318 -0.3836
vn 0.9212 0.2814 -0.2687
vn 0.8957 0.3868 -0.2194
vn 0.7941 0.4820 0.3702
vn 0.8762 -0.1491 0.4583
vn -0.0811 0.8160 -0.5723
vn 0.6081 0.6354 -0.4758
vn -0.1096 0.8409 -0.5300
vn 0.3566 0.6650 -0.6562
vn -0.1978 0.2740 -0.9412
vn -0.1824 0.4076 -0.8948
vn -0.3171 0.4289 -0.8458
vn -0.3453 0.2234 -0.9115
vn -0.5194 0.0838 -0.8504
vn 0.5655 0.6333 -0.5284
vn 0.1452 0.7154 -0.6834
vn -0.3655 0.3883 -0.8460
vn -0.8481 -0.0601 -0.5263
vn -0.5714 -0.4997 -0.6510
vn -0.6504 -0.1805 -0.7378
vn -0.9480 -0.1436 -0.2840
vn -0.6659 -0.6542 0.3586
vn -0.9876 -0.0891 -0.1291
vn -0.8879 -0.4378 -0.1414
vn -0.9594 0.2002 -0.1987
vn -0.9425 -0.2991 0.1488
vn -0.7726 -0.2535 0.5821
vn -0.7894 0.4734 0.3908
vn -0.5614 0.2397 0.7921
vn -0.5337 0.7546 -0.3817
vn -0.4965 0.8133 -0.3034
vn -0.9594 0.2002 -0.1988
vn -0.8841 -0.0471 0.4650
vn -0.4713 0.2803 0.8362
vn -0.6128 0.3817 0.6920
vn -0.5498 0.6613 -0.5104
vn -0.6448 0.7007 -0.3055
vn -0.3626 0.8954 -0.2585
vn -0.2238 -0.4012 0.8882
vn -0.6571 0.3739 0.6545
vn -0.4934 0.4370 0.7521
vn -0.6067 0.4180 0.6761
vn -0.5685 0.6279 0.5316
vn -0.7196 0.5044 -0.4772
vn -0.2551 -0.1889 0.9483
vn 0.4865 -0.2155 0.8467
vn 0.3863 -0.0472 0.9212
vn -0.0105 0.4949 0.8689
vn -0.3928 0.8039 0.4466
vn -0.4678 -0.4947 0.7324
vn -0.1381 -0.6111 0.7794
vn -0.0089 0.0043 1.0000
vn -0.5100 -0.0247 0.8598
vn -0.4245 -0.6462 0.6342
vn -0.8291 -0.0031 0.5591
vn -0.7636 -0.5843 0.2748
vn -0.8629 0.1770 -0.4734
vn -0.6139 -0.5688 -0.5474
vn 0.0711 0.2545 0.9645
vn -0.1158 0.4377 0.8916
vn -0.6266 0.5246 0.5763
vn -0.8693 0.3564 0.3424
vn -0.6428 0.6969 -0.3180
vn -0.1441 0.4448 -0.8840
vn -0.0904 0.0603 -0.9941
vn -0.0357 -0.6803 -0.7321
vn 0.3067 -0.5913 -0.7458
vn -0.0864 -0.9962 -0.0047
vn -0.6214 -0.5553 -0.5528
vn -0.6331 0.5192 0.5742
vn -0.9133 0.3966 -0.0927
vn -0.4181 0.3256 -0.8481
vn 0.4144 0.3812 -0.8264
vn 0.4323 0.0120 -0.9016
vn 0.4862 -0.7215 -0.4930
vn -0.7370 0.3618 0.5709
vn -0.8057 0.4839 0.3415
vn -0.8559 0.3640 -0.3672
vn -0.3690 0.2449 -0.8966
vn 0.3030 0.0836 -0.9493
vn 0.8023 0.2838 -0.5252
vn 0.7808 0.4300 -0.4532
vn 0.8172 0.0472 -0.5744
vn 0.8098 -0.5741 -0.1210
vn -0.0436 -0.9854 0.1643
vn 0.3668 0.3966 -0.8415
vn 0.7954 0.4787 -0.3717
vn 0.8885 0.4476 0.1012
vn 0.8842 0.4543 0.1088
vn 0.9933 0.0779 0.0852
vn 0.6324 -0.4402 0.6374
vn 0.0604 0.9977 -0.0319
vn 0.8292 0.4766 0.2921
vn 0.4492 0.4954 0.7435
vn -0.1905 0.5653 0.8026
vn -0.7249 0.5729 0.3825
vn -0.7772 0.5447 -0.3150
vn -0.3041 0.4902 -0.8168
vn 0.7231 0.6516 0.2292
vn 0.4960 0.5393 0.6806
vn 0.5145 0.5469 0.6604
vn 0.7387 0.1430 0.6586
vn 0.3714 0.6690 0.6438
vn -0.1329 0.3507 0.9270
vn -0.1310 0.4342 0.8912
vn 0.0798 0.2561 0.9634
vn -0.0001 0.0075 1.0000
vn -0.1201 -0.6086 0.7843
vn -0.1994 0.6413 0.7410
vn -0.7074 0.3068 0.6368
vn -0.6202 0.5136 0.5928
vn -0.7403 0.5745 0.3492
vn 0.6196 -0.4686 0.6297
vn -0.1352 -0.6288 0.7657
vn -0.4659 -0.5068 0.7253
vn -0.4240 -0.6502 0.6305
vn -0.7701 -0.5777 0.2706
vn -0.5939 -0.4651 -0.6564
vn -0.0700 -0.5361 -0.8412
vn -0.2413 -0.9658 -0.0951
vn 0.4345 -0.7413 -0.5116
vn -0.0883 -0.9922 0.0878
vn 0.7052 -0.6786 -0.2053
vn 0.6846 -0.6222 0.3796
vn -0.1947 -0.9417 0.2744
vn 0.1048 -0.6573 0.7463
vn 0.2097 -0.2129 -0.9543
vn 0.7020 -0.2953 -0.6480
vn 0.8953 -0.2598 -0.3619
vn 0.9672 -0.2193 -0.1282
vn -0.3491 0.0535 -0.9356
vn 0.2933 0.0808 -0.9526
vn 0.7270 0.0419 -0.6853
vn 0.9274 -0.0370 -0.3722
vn 0.9995 0.0055 -0.0313
vn -0.5939 -0.4652 -0.6564
vn -0.7554 0.0073 -0.6552
vn -0.6109 0.1069 -0.7845
vn -0.1355 0.1257 -0.9828
vn 0.3559 -0.0165 -0.9344
vn 0.7542 -0.0113 -0.6565
vn 0.9436 -0.2157 -0.2510
vn 0.9728 -0.1614 0.1663
vn 0.8275 -0.0183 0.5611
vn -0.1959 0.1145 -0.9739
vn 0.3294 -0.1413 -0.9336
vn 0.6581 -0.2150 -0.7216
vn 0.8662 -0.2545 -0.4300
vn 0.9145 -0.3866 0.1189
vn -0.5910 0.1944 -0.7829
vn 0.1050 -0.6561 0.7473
vn 0.3003 -0.0905 0.9495
vn 0.3432 0.0838 0.9355
vn 0.8046 0.0113 0.5938
vn 0.3904 0.1767 0.9035
vn 0.5807 0.0583 0.8120
vn 0.7952 -0.2367 0.5582
vn 0.9559 0.0291 0.2923
vn 0.5970 0.6425 0.4805
vn 0.1475 0.6573 0.7391
vn 0.3143 0.4501 0.8358
vn 0.8970 0.2105 -0.3886
vn 0.5544 0.8190 -0.1478
vn -0.1342 0.9539 0.2683
vn -0.2251 0.5517 0.8031
vn 0.3360 0.3555 0.8722
vn 0.3701 0.1239 0.9207
vn 0.7707 0.1256 -0.6247
vn 0.5722 0.6942 -0.4367
vn -0.1839 0.9778 0.1008
vn -0.6464 0.6409 0.4140
vn -0.3288 0.2812 0.9016
vn 0.3066 -0.0855 0.9480
vn 0.3380 0.1871 -0.9223
vn -0.0045 0.7238 -0.6900
vn -0.5273 0.6260 -0.5745
vn -0.8499 0.5197 -0.0869
vn -0.9571 0.2797 -0.0751
vn -0.7782 0.4235 0.4637
vn -0.5962 0.1900 -0.7801
vn -0.6430 0.1916 -0.7416
vn -0.6808 0.1236 -0.7220
vn -0.9936 0.0090 -0.1124
vn -0.8761 -0.0575 0.4786
vn -0.3529 0.0034 0.9356
vn -0.2745 -0.4406 0.8547
vn 0.1053 -0.6567 0.7467
vn -0.7587 0.0104 -0.6514
vn -0.8796 -0.4724 -0.0560
vn -0.7315 -0.6362 0.2452
vn -0.5762 -0.7709 0.2716
vn -0.6181 -0.5224 0.5874
vn -0.1948 -0.9417 0.2744
vn 0.8945 -0.4059 0.1874
vn 0.8465 -0.0375 0.5310
vn 0.9636 0.2146 0.1592
vn 0.8853 -0.4084 0.2223
vn 0.8382 -0.4433 0.3177
vn 0.8340 -0.1449 0.5324
vn 0.5371 -0.8085 0.2405
vn 0.8060 -0.2893 0.5164
vn 0.2614 -0.8383 0.4785
vn 0.6580 -0.1376 0.7404
vn 0.8323 -0.2058 0.5146
vn 0.8653 -0.3890 0.3161
vn 0.9057 -0.4168 0.0775
vn 0.6882 -0.7255 -0.0034
vn 0.0980 -0.9641 -0.2466
vn 0.6974 -0.5629 0.4437
vn 0.5274 -0.2006 0.8256
vn 0.6503 -0.3706 0.6631
vn 0.9088 -0.3692 0.1943
vn 0.9392 -0.3015 0.1645
vn 0.9316 -0.3539 0.0831
vn 0.7999 -0.5726 -0.1795
vn 0.3760 -0.5054 0.7767
vn 0.1268 -0.2565 0.9582
vn 0.0879 -0.3822 0.9199
vn 0.2676 -0.4558 0.8489
vn 0.8085 -0.3792 0.4501
vn 0.8789 -0.4764 0.0234
vn 0.7705 -0.6236 0.1319
vn 0.8956 -0.3886 -0.2164
vn 0.3341 -0.4038 0.8517
vn 0.8709 -0.3475 0.3476
vn 0.9273 -0.2889 -0.2382
vn 0.3759 -0.9261 -0.0329
vn 0.3341 -0.8111 0.4801
vn 0.7885 -0.5606 0.2530
vn 0.5116 -0.2018 0.8352
vn 0.9091 0.1986 0.3663
vn 0.9121 0.3507 -0.2124
vn 0.5337 -0.3808 -0.7551
vn 0.5723 0.1394 0.8081
vn 0.7575 0.4773 0.4454
vn 0.8016 0.5963 0.0432
vn 0.6380 0.5493 -0.5396
vn 0.5403 0.3560 -0.7624
vn 0.8984 0.2414 0.3669
vn 0.8782 0.4746 -0.0586
vn 0.6584 0.3094 -0.6861
vn 0.9134 -0.2331 -0.3336
vn 0.8236 -0.5032 0.2617
vn 0.5755 -0.2307 0.7846
vn 0.2671 -0.5353 0.8013
vn 0.8095 -0.1349 0.5714
vn 0.9670 -0.0949 -0.2363
vn 0.0877 -0.8819 -0.4632
vn 0.6252 -0.7382 -0.2533
vn 0.3437 -0.3435 0.8740
vn 0.7612 0.0035 0.6485
vn 0.9267 0.3707 0.0615
vn 0.6417 0.4740 -0.6029
vn -0.2235 -0.6292 -0.7444
vn 0.3835 -0.2157 0.8980
vn 0.7688 0.1737 0.6154
vn 0.9007 0.4107 0.1415
vn 0.6072 0.6104 -0.5086
vn 0.8245 0.0600 0.5627
vn 0.8733 0.4484 0.1903
vn 0.8803 0.4452 0.1637
vn 0.6317 0.6651 -0.3982
vn 0.5071 -0.3988 0.7641
vn 0.7977 -0.5433 0.2617
vn 0.9578 -0.0952 -0.2711
vn 0.7631 0.4749 -0.4383
vn 0.1768 -0.9467 -0.2692
vn 0.7117 -0.6644 0.2281
vn 0.9839 -0.1745 -0.0380
vn 0.6080 -0.5098 -0.6086
vn -0.0585 -0.8908 0.4506
vn 0.5373 -0.5494 0.6398
vn 0.9421 -0.0609 0.3297
vn 0.9940 -0.0996 0.0457
vn 0.8283 0.4184 -0.3726
vn 0.6822 0.3491 -0.6424
vn -0.0708 -0.6988 0.7118
vn 0.4162 -0.3956 0.8187
vn 0.7778 0.0757 0.6239
vn 0.8736 0.4741 0.1100
vn 0.9143 0.3934 -0.0962
vn -0.1439 -0.6765 0.7223
vn 0.4703 -0.2899 0.8335
vn 0.8225 0.0924 0.5613
vn 0.8249 0.5615 0.0650
vn 0.2171 -0.8007 0.5583
vn 0.6767 -0.6075 0.4160
vn 0.9474 -0.3018 0.1063
vn 0.9372 0.3413 -0.0717
vn -0.3785 -0.6641 -0.6448
vn -0.3950 -0.9055 0.1549
vn -0.0150 -0.5195 0.8543
vn 0.4534 -0.2337 0.8601
vn -0.7869 -0.4273 -0.4451
vn -0.7707 -0.5555 0.3122
vn -0.1892 -0.4819 0.8555
vn 0.0619 -0.7625 0.6440
vn 0.7133 -0.3974 0.5773
vn 0.5452 -0.8273 0.1356
vn -0.1942 -0.9447 0.2643
vn 0.0932 -0.9218 -0.3764
vn -0.8073 -0.2987 -0.5090
vn -0.8244 -0.3992 -0.4012
vn -0.6362 -0.6783 0.3677
vn -0.5655 -0.7870 -0.2467
vn -0.1165 -0.6996 0.7050
vn 0.1266 -0.2147 0.9684
vn 0.3865 -0.4969 0.7770
vn -0.3586 -0.3175 0.8778
vn 0.0921 -0.3890 0.9166
vn -0.5032 -0.4257 0.7520
vn -0.2463 -0.5265 0.8137
vn 0.2791 -0.5008 0.8193
vn -0.3654 -0.5224 0.7704
vn 0.3069 -0.4238 0.8521
vn -0.6449 -0.6608 0.3840
vn -0.8092 -0.3404 0.4789
vn -0.8567 -0.3872 0.3409
vn -0.7823 -0.4942 0.3791
vn -0.8894 -0.4069 0.2082
vn -0.3352 -0.4880 0.8059
vn 0.5111 -0.2048 0.8348
vn -0.9589 -0.2786 0.0543
vn -0.9317 -0.3571 -0.0664
vn -0.8229 -0.4591 -0.3348
vn -0.6736 -0.1912 -0.7139
vn -0.7762 -0.0777 -0.6257
vn -0.8995 -0.4109 0.1483
vn -0.6497 -0.7043 -0.2862
vn -0.7035 -0.4463 -0.5531
vn -0.9212 -0.1884 -0.3404
vn -0.9142 -0.2794 -0.2937
vn -0.8195 -0.4818 -0.3104
vn -0.6375 -0.7234 -0.2651
vn -0.0441 -0.6911 -0.7214
vn -0.0259 0.1270 -0.9916
vn -0.8365 0.0425 -0.5463
vn -0.8308 -0.1309 -0.5410
vn -0.8602 -0.4431 -0.2525
vn -0.8593 -0.5058 -0.0766
vn -0.2305 -0.8053 0.5462
vn -0.5646 -0.3148 -0.7630
vn -0.7132 0.1822 -0.6768
vn -0.7675 -0.0008 -0.6410
vn -0.7531 -0.1873 -0.6307
vn -0.7425 -0.1857 -0.6436
vn -0.4732 -0.1541 -0.8674
vn -0.5078 0.3962 -0.7650
vn -0.6108 0.2327 -0.7568
vn -0.7844 -0.1557 -0.6004
vn -0.6676 -0.3107 -0.6766
vn -0.6686 -0.0478 -0.7421
vn -0.1962 0.0311 -0.9801
vn -0.3049 0.6208 -0.7222
vn -0.1776 0.4314 -0.8845
vn -0.3849 0.3354 -0.8598
vn -0.4639 0.4311 -0.7739
vn -0.8303 -0.2151 -0.5141
vn -0.4319 -0.4680 -0.7710
vn 0.1026 0.3509 -0.9308
vn -0.0720 0.6271 -0.7756
vn 0.1837 0.0297 -0.9825
vn 0.3371 0.4048 -0.8500
vn 0.2221 0.6799 -0.6989
vn -0.5061 0.5740 -0.6437
vn 0.3375 0.4884 -0.8047
vn 0.2685 0.8078 -0.5247
vn -0.1025 0.1634 -0.9812
vn -0.3706 -0.6701 -0.6431
vn 0.6055 -0.5371 -0.5873
vn 0.8304 0.1902 -0.5237
vn 0.8219 0.3165 -0.4736
vn 0.6611 0.7501 0.0180
vn 0.7137 0.6631 -0.2254
vn 0.2769 0.5415 -0.7938
vn -0.3339 -0.0158 -0.9425
vn -0.7866 -0.4281 -0.4449
vn -0.3897 0.0460 -0.9198
vn -0.8077 -0.2985 -0.5085
vn 0.9800 0.1691 0.1047
vn 0.7865 0.4836 0.3842
vn 0.8759 0.3912 0.2824
vn 0.8983 0.3239 0.2968
vn 0.7139 0.6330 -0.2993
vn 0.1561 0.5012 -0.8511
vn 0.8693 -0.0425 0.4925
vn 0.8341 -0.1492 0.5310
vn 0.8073 -0.2892 0.5145
vn 0.6580 -0.1382 0.7402
vn 0.9055 0.3652 0.2160
vn 0.6533 0.5312 -0.5396
vn 0.1132 0.3653 -0.9240
vn 0.2156 0.2183 -0.9518
vn -0.3758 -0.0288 -0.9262
vn 0.9231 0.2637 0.2799
vn 0.7760 0.3595 -0.5183
vn 0.4535 -0.2337 0.8601
vn 0.9980 0.0518 -0.0371
vn 0.6830 0.4631 -0.5648
vn 0.2382 0.2840 -0.9288
vn -0.3747 -0.3434 -0.8612
vn -0.8248 -0.3990 -0.4006
vn 0.5453 -0.8272 0.1356
vn 0.7514 -0.1248 -0.6480
vn 0.1962 -0.2835 -0.9387
vn 0.0932 -0.9218 -0.3763
vn 0.8455 0.4122 -0.3394
vn 0.3153 0.7185 -0.6200
vn -0.4730 0.4451 -0.7604
vn -0.9503 -0.1441 -0.2761
vn -0.5964 -0.7913 -0.1343
vn 0.9133 0.3940 -0.1034
vn 0.5294 0.6776 -0.5104
vn -0.2486 0.3163 -0.9155
vn -0.7849 -0.2919 -0.5466
vn -0.6362 -0.7444 0.2026
vn 0.8742 0.4730 0.1094
vn 0.3627 0.4520 -0.8150
vn -0.2510 0.1952 -0.9481
vn -0.7670 -0.3767 -0.5194
vn -0.6654 -0.7361 0.1240
vn -0.0744 -0.7002 0.7100
vn -0.0554 -0.8911 0.4503
vn 0.6033 0.1716 -0.7788
vn -0.2800 0.0083 -0.9600
vn -0.2255 -0.0544 -0.9727
vn -0.6140 -0.3824 -0.6905
vn 0.3997 -0.2839 -0.8716
vn 0.1806 -0.8337 -0.5219
vn -0.5453 -0.4499 -0.7072
vn -0.6016 -0.3963 -0.6936
vn -0.4042 -0.9142 0.0310
vn -0.6851 -0.7273 -0.0405
vn 0.2585 -0.9024 -0.3447
vn 0.1552 -0.8184 -0.5533
vn 0.1802 -0.1129 -0.9771
vn -0.2218 0.1703 -0.9601
vn -0.7477 0.1445 -0.6482
vn -0.9000 -0.4104 0.1466
vn -0.0368 0.4129 -0.9101
vn -0.6800 -0.0073 -0.7332
vn -0.7835 -0.6201 -0.0404
vn -0.3151 -0.6403 0.7005
vn 0.6440 0.4788 -0.5967
vn -0.0693 0.3357 -0.9394
vn -0.6900 -0.2135 -0.6917
vn -0.7787 -0.6074 -0.1571
vn -0.3446 -0.6947 0.6314
vn 0.2734 -0.5294 0.8031
vn 0.6113 0.6092 -0.5052
vn 0.0162 0.4050 -0.9142
vn -0.6641 -0.1684 -0.7284
vn -0.7318 -0.6800 -0.0459
vn -0.2451 -0.6675 0.7031
vn 0.3416 -0.3453 0.8741
vn 0.1365 0.2131 -0.9674
vn -0.5899 -0.2953 -0.7516
vn -0.6742 -0.7293 -0.1164
vn -0.0828 -0.8373 0.5404
vn 0.3835 -0.2158 0.8980
vn 0.9578 -0.0952 -0.2712
vn 0.2390 -0.4228 -0.8742
vn -0.5270 -0.4972 -0.6893
vn -0.6032 -0.7675 -0.2170
vn 0.1470 -0.9455 -0.2906
vn 0.5070 -0.3989 0.7641
vn 0.3234 -0.8129 0.4844
vn 0.3235 -0.9418 -0.0918
vn 0.6187 -0.2416 -0.7476
vn 0.5318 0.3670 -0.7632
vn -0.1600 0.1065 -0.9814
vn -0.7512 -0.3629 -0.5514
vn -0.7636 -0.6221 0.1729
vn 0.0858 0.1991 -0.9762
vn -0.6278 -0.3462 -0.6972
vn -0.7085 -0.6827 0.1788
vn -0.1005 -0.4677 0.8781
vn 0.5724 0.1394 0.8081
vn 0.5756 -0.2307 0.7845
vn 0.6381 0.5492 -0.5397
vn 0.6585 0.3092 -0.6861
vn 0.1161 -0.1313 -0.9845
vn -0.5057 -0.4952 -0.7064
vn -0.6472 -0.7558 0.0999
vn -0.0576 -0.8051 0.5904
vn 0.8236 -0.5031 0.2617
vn 0.0088 -0.9952 -0.0979
vn 0.0433 -0.6449 -0.7630
vn -0.5298 -0.6109 -0.5884
vn -0.5302 -0.8332 -0.1572
vn 0.7197 -0.5870 -0.3707
vn 0.3772 -0.9226 -0.0808
vn 0.9823 0.1706 0.0774
vn 0.9154 -0.2667 -0.3015
vn 0.7903 -0.5919 -0.1584
vn 0.9696 -0.1739 -0.1718
vn 0.8335 -0.5220 0.1809
vn 0.9993 0.0010 0.0368
vn 0.5746 0.0324 0.8178
vn 0.6891 0.6127 -0.3870
vn 0.9207 0.1576 -0.3571
vn 0.9272 0.2045 -0.3139
vn 0.8857 0.4430 -0.1387
vn 0.3562 0.4780 0.8029
vn -0.1485 0.4397 0.8858
vn -0.1512 0.4738 0.8676
vn -0.1918 0.4923 0.8490
vn 0.5576 0.4989 -0.6635
vn 0.7204 0.5195 -0.4595
vn 0.5187 0.7701 -0.3712
vn 0.4717 0.7381 0.4824
vn -0.0009 0.8617 0.5075
vn -0.1066 0.4702 0.8761
vn 0.1143 0.8348 -0.5386
vn 0.2212 0.5870 -0.7788
vn 0.2270 0.7363 -0.6375
vn 0.4272 0.7501 -0.5049
vn 0.3383 0.9339 0.1156
vn -0.1422 0.7434 -0.6535
vn 0.0363 0.5616 -0.8266
vn 0.1511 0.7250 -0.6720
vn 0.5208 0.6976 -0.4920
vn 0.3166 0.8348 0.4504
vn -0.3788 0.6895 -0.6173
vn -0.3671 0.3361 -0.8673
vn -0.2223 0.6058 -0.7639
vn 0.1294 0.6502 -0.7487
vn 0.0915 0.7535 -0.6510
vn -0.0536 0.9978 0.0399
vn -0.0536 0.4941 0.8677
vn -0.6031 0.3974 -0.6916
vn -0.6003 0.0820 -0.7956
vn -0.4500 0.4590 -0.7660
vn -0.3378 0.6076 -0.7188
vn -0.7203 0.0269 -0.6932
vn -0.6712 -0.3103 -0.6732
vn -0.6682 0.1426 -0.7302
vn -0.4040 0.5792 -0.7080
vn -0.4071 0.5521 -0.7277
vn -0.3745 0.9161 0.1431
vn -0.8694 -0.2069 -0.4487
vn -0.6030 -0.6754 -0.4246
vn -0.7849 -0.3826 -0.4874
vn -0.8478 0.2697 -0.4566
vn -0.3181 0.8828 0.3456
vn -0.2489 0.9301 0.2700
vn -0.7146 -0.6683 -0.2069
vn -0.4904 -0.8585 -0.1499
vn -0.6660 -0.6914 -0.2799
vn -0.7843 -0.6090 0.1183
vn -0.9452 -0.3190 -0.0699
vn -0.7015 0.2584 0.6642
vn -0.5803 0.6409 0.5025
vn -0.5609 -0.7864 0.2588
vn -0.1495 -0.9870 -0.0590
vn -0.3869 -0.9052 -0.1755
vn -0.5487 -0.7721 0.3206
vn -0.4113 -0.1442 0.9000
vn -0.5842 -0.0599 0.8094
vn 0.0436 -0.9882 -0.1470
vn 0.0951 -0.7447 -0.6606
vn -0.0107 -0.9799 -0.1990
vn -0.1744 -0.8634 0.4734
vn -0.1672 -0.0568 0.9843
vn -0.0503 0.4078 0.9117
vn -0.1301 0.3560 0.9254
vn 0.0451 -0.6811 -0.7308
vn 0.2939 -0.7989 -0.5248
vn 0.3355 -0.8110 -0.4793
vn 0.4240 -0.8787 -0.2192
vn 0.3432 -0.8854 0.3135
vn 0.1427 -0.0142 0.9897
vn 0.0173 0.4938 0.8694
vn 0.4704 -0.6910 -0.5489
vn 0.7969 -0.5861 -0.1465
vn 0.8399 -0.5151 0.1708
vn 0.5757 0.0295 0.8171
vn -0.1485 0.4396 0.8858
vn -0.0503 0.4900 0.8702
vn 0.4338 -0.8937 -0.1148
vn -0.1185 0.3884 0.9138
vn -0.0242 0.4928 0.8698
vn -0.0208 0.5435 0.8391
vn -0.0893 0.5667 0.8191
vn -0.0331 0.5848 0.8105
vn -0.5006 -0.3606 -0.7870
vn -0.3613 -0.6044 -0.7101
vn -0.4604 -0.3774 -0.8035
vn -0.2205 -0.5620 -0.7972
vn -0.3295 -0.2548 -0.9091
vn -0.1636 -0.3656 -0.9163
vn -0.1923 -0.0640 -0.9793
vn -0.2011 0.0157 -0.9794
vn -0.1785 0.2373 -0.9549
vn -0.1573 0.3059 -0.9390
vn -0.3659 -0.4926 -0.7896
vn -0.2719 -0.3612 -0.8920
vn -0.1347 -0.2950 -0.9460
vn -0.1482 0.0858 -0.9852
vn -0.2375 0.4176 -0.8770
vn -0.1495 0.4908 -0.8584
vn 0.1013 0.6281 -0.7715
vn -0.0338 -0.7324 -0.6800
vn -0.3866 -0.3020 -0.8714
vn -0.5910 0.2066 -0.7797
vn -0.4648 0.1120 -0.8783
vn -0.3271 0.2186 -0.9194
vn -0.2672 0.3969 -0.8781
vn -0.2755 0.6382 -0.7189
vn -0.2063 -0.2786 -0.9380
vn -0.7249 0.3090 -0.6157
vn -0.6245 0.5455 -0.5589
vn -0.5020 0.4158 -0.7584
vn -0.3802 0.5764 -0.7234
vn 0.1708 -0.3573 -0.9182
vn -0.2614 0.1311 -0.9563
vn -0.7227 0.2113 -0.6580
vn -0.9519 0.3053 -0.0268
vn -0.9219 0.3873 0.0062
vn -0.7193 0.6542 -0.2336
vn 0.2111 0.1876 -0.9593
vn -0.9426 0.1307 -0.3073
vn -0.9172 0.3306 -0.2225
vn -0.7804 -0.1175 0.6141
vn -0.6963 -0.0848 0.7127
vn -0.8824 0.3117 0.3524
vn -0.7456 0.6251 0.2310
vn -0.2820 -0.5027 0.8172
vn -0.3944 -0.2832 0.8742
vn -0.6539 -0.4923 0.5745
vn -0.9108 0.2558 0.3240
vn -0.7552 0.6187 0.2166
vn -0.5795 0.8138 0.0428
vn -0.5292 0.8012 -0.2792
vn -0.9848 0.1180 0.1278
vn -0.5474 0.4288 0.7187
vn -0.3787 0.6528 0.6560
vn -0.3105 0.7995 0.5142
vn -0.1571 0.9642 0.2135
vn -0.2843 0.9191 -0.2727
vn -0.4996 0.7012 -0.5086
vn -0.1616 -0.0640 0.9848
vn -0.2936 0.3541 0.8879
vn 0.0560 0.5248 0.8494
vn 0.0878 0.6387 0.7644
vn 0.1678 0.7964 0.5810
vn 0.0639 0.9971 0.0425
vn -0.1076 0.9486 -0.2977
vn -0.3461 0.8025 -0.4860
vn 0.1493 0.9729 -0.1765
vn -0.0075 0.8330 -0.5533
vn 0.1703 0.8834 -0.4366
vn -0.4167 0.7620 0.4957
vn -0.6665 0.5173 0.5368
vn -0.1792 0.2868 0.9411
vn -0.1736 0.4420 0.8801
vn -0.3942 0.8229 0.4091
vn -0.2839 0.4394 0.8522
vn -0.6343 0.1280 0.7624
vn -0.4078 -0.1855 0.8940
vn -0.1820 0.1890 0.9650
vn -0.1201 -0.3879 0.9138
vn 0.3156 -0.2813 0.9062
vn 0.0129 -0.2072 0.9782
vn -0.1972 0.0101 0.9803
vn -0.1217 -0.1010 0.9874
vn -0.0088 0.0407 0.9991
vn 0.0350 -0.2568 0.9658
vn 0.0506 -0.0651 0.9966
vn -0.2075 -0.6042 0.7693
vn -0.2127 -0.3860 0.8976
vn -0.1406 -0.3290 0.9338
vn 0.0578 -0.1459 0.9876
vn 0.0302 -0.1848 0.9823
vn 0.0120 -0.2744 0.9615
vn 0.2282 -0.6652 0.7109
vn -0.1795 -0.7352 0.6537
vn -0.5375 -0.5359 0.6511
vn -0.5094 -0.5212 0.6847
vn -0.3769 -0.4515 0.8088
vn -0.2798 -0.4477 0.8493
vn 0.0047 -0.3009 0.9536
vn -0.0385 -0.4242 0.9048
vn -0.0293 -0.4238 0.9053
vn -0.0443 -0.8479 0.5283
vn -0.6066 -0.5730 0.5511
vn -0.7035 -0.4622 0.5399
vn -0.5333 -0.4289 0.7291
vn -0.3156 -0.5457 0.7763
vn -0.4303 -0.8801 0.2006
vn -0.7851 -0.5462 0.2921
vn -0.8418 -0.4357 0.3187
vn -0.7010 -0.5037 0.5050
vn -0.5024 -0.4573 0.7338
vn -0.3409 -0.4457 0.8277
vn -0.8944 -0.4259 0.1364
vn -0.9027 -0.3692 0.2210
vn -0.9298 0.0288 0.3668
vn -0.8122 -0.0721 0.5789
vn -0.5415 -0.2762 0.7940
vn -0.2922 -0.5516 0.7812
vn -0.6292 -0.7196 -0.2938
vn -0.8622 0.3814 0.3333
vn -0.2739 -0.3820 0.8826
vn -0.1655 -0.6452 0.7459
vn -0.1205 -0.4188 0.9000
vn -0.0970 -0.5426 0.8344
vn -0.1677 -0.1307 0.9771
vn -0.0231 -0.3875 0.9216
vn -0.0510 -0.4312 0.9008
vn -0.0463 -0.4074 0.9121
vn -0.0286 -0.5424 0.8396
vn -0.9389 -0.2450 -0.2416
vn -0.9147 -0.3598 0.1839
vn -0.7414 -0.6711 0.0055
vn -0.8655 -0.4487 -0.2224
vn -0.9928 -0.0583 -0.1043
vn -0.8463 -0.5313 0.0387
vn -0.6382 0.2785 0.7177
vn -0.6378 -0.0954 0.7643
vn 0.3971 -0.8193 0.4136
vn -0.5306 -0.8473 -0.0227
vn -0.3891 -0.8972 0.2088
vn -0.2643 -0.7783 0.5696
vn -0.8910 -0.1637 0.4234
vn -0.5363 -0.7762 -0.3315
vn -0.8763 -0.4810 -0.0263
vn -0.7017 -0.5401 -0.4647
vn -0.4492 -0.8900 -0.0787
vn 0.0964 -0.9945 -0.0420
vn 0.1358 -0.9886 -0.0648
vn 0.2064 -0.9650 0.1619
vn 0.4279 -0.7521 0.5012
vn -0.4730 -0.5745 0.6680
vn 0.8027 -0.5318 -0.2699
vn 0.7390 -0.6405 -0.2090
vn 0.7743 -0.6325 -0.0208
vn 0.8831 -0.4160 0.2171
vn 0.6523 -0.1392 0.7451
vn 0.2035 -0.4876 0.8490
vn -0.8267 -0.2034 0.5247
vn 0.9179 -0.2188 -0.3311
vn 0.9249 -0.2518 -0.2848
vn 0.9999 -0.0121 -0.0063
vn 0.8775 0.0598 0.4758
vn 0.6703 0.5283 0.5211
vn 0.1248 0.4395 0.8895
vn 0.8593 0.0591 -0.5081
vn 0.8708 0.1581 -0.4655
vn 0.9003 0.1926 -0.3904
vn 0.8886 0.4208 -0.1826
vn 0.9951 0.0966 0.0223
vn 0.7048 0.4065 -0.5814
vn 0.4723 0.5895 -0.6553
vn 0.5500 0.5501 -0.6284
vn 0.6560 0.6186 -0.4324
vn 0.4776 0.8699 0.1234
vn 0.9056 0.3578 -0.2277
vn 0.9032 0.3444 -0.2561
vn 0.8016 0.5944 0.0651
vn 0.0189 0.7805 -0.6249
vn 0.1122 0.8088 -0.5773
vn 0.2471 0.8724 -0.4217
vn 0.1912 0.9623 0.1935
vn 0.6836 -0.3216 0.6551
vn -0.3469 0.7904 -0.5049
vn -0.3088 0.8381 -0.4496
vn -0.1659 0.9205 -0.3538
vn -0.0383 0.8812 0.4711
vn 0.3629 -0.7742 0.5186
vn 0.8807 -0.1579 -0.4466
vn -0.7402 0.6230 -0.2530
vn -0.7157 0.6282 -0.3052
vn -0.5583 0.7703 -0.3081
vn -0.2524 0.7815 0.5705
vn 0.4086 -0.5385 0.7369
vn 0.6429 -0.5591 -0.5235
vn -0.9855 0.1475 0.0835
vn -0.9559 0.1753 -0.2355
vn -0.8916 0.3826 -0.2423
vn -0.4846 0.5211 0.7026
vn 0.5806 -0.5403 0.6091
vn 0.1410 -0.8542 -0.5005
vn 0.4150 -0.7438 -0.5239
vn -0.9192 -0.3345 0.2077
vn -0.9526 -0.2626 -0.1538
vn -0.9897 -0.1241 -0.0709
vn -0.3968 0.1652 0.9029
vn 0.4755 -0.6667 0.5740
vn -0.3191 -0.9104 -0.2633
vn -0.7034 -0.5404 -0.4617
vn -0.2470 -0.4520 -0.8571
vn 0.1778 -0.3165 -0.9318
vn 0.6181 -0.0599 -0.7838
vn -0.6660 -0.5266 -0.5283
vn -0.2520 -0.4592 -0.8518
vn 0.1716 -0.3048 -0.9368
vn 0.4719 0.0311 -0.8811
vn 0.7213 0.2699 -0.6379
vn 0.8794 0.1793 -0.4410
vn 0.9080 0.3934 -0.1441
vn -0.5761 -0.6678 -0.4713
vn 0.0417 -0.6823 -0.7299
vn 0.2483 -0.2197 -0.9434
vn 0.5467 0.0528 -0.8357
vn 0.7963 0.1635 -0.5824
vn 0.8987 0.3709 -0.2339
vn 0.2926 -0.9148 -0.2786
vn 0.8194 -0.5214 -0.2383
vn 0.4891 -0.4100 -0.7699
vn 0.6899 -0.1543 -0.7073
vn 0.8448 -0.0248 -0.5345
vn 0.9744 0.1539 -0.1639
vn -0.3147 -0.9468 0.0678
vn 0.8783 -0.2123 -0.4283
vn 0.7963 -0.0237 -0.6044
vn 0.9829 0.0481 -0.1775
vn 0.9546 0.1919 0.2280
vn 0.8986 0.3861 0.2083
vn 0.8098 0.5699 0.1397
vn 0.7633 0.3812 -0.5216
vn 0.8826 0.4647 -0.0720
vn 0.9469 0.1444 0.2874
vn 0.8185 0.2566 0.5140
vn 0.7569 0.4731 0.4510
vn 0.6307 0.6175 0.4701
vn 0.7944 0.4043 0.4532
vn 0.8262 0.1285 0.5485
vn 0.5513 0.1504 0.8206
vn 0.3661 0.3395 0.8664
vn 0.3464 0.2883 0.8927
vn 0.1516 0.5094 0.8471
vn 0.3490 0.2981 0.8885
vn -0.3007 -0.0204 0.9535
vn -0.2591 0.1404 0.9556
vn -0.2901 -0.0734 0.9542
vn -0.5239 0.4128 0.7451
vn -0.1896 -0.0429 0.9809
vn -0.6322 -0.3110 0.7097
vn -0.9008 -0.1542 0.4059
vn -0.8983 -0.0930 0.4294
vn -0.7414 -0.4677 0.4813
vn -0.8080 -0.3759 0.4537
vn -0.4142 0.1171 0.9026
vn -0.1364 -0.7137 0.6870
vn -0.8780 -0.4631 0.1208
vn -0.9010 -0.3879 -0.1940
vn -0.7659 -0.6422 -0.0307
vn -0.8339 -0.5514 0.0242
vn -0.2926 -0.9558 -0.0300
vn -0.4570 -0.7069 -0.5399
vn -0.6407 -0.5255 -0.5597
vn -0.9767 0.0524 0.2080
vn -0.9440 -0.0425 0.3273
vn -0.7259 -0.6717 0.1477
vn -0.6695 0.3125 0.6739
vn -0.3425 -0.7609 0.5511
vn -0.7654 -0.4958 0.4104
vn -0.2349 -0.5682 0.7887
vn -0.7713 -0.2353 0.5914
vn -0.0277 -0.2613 0.9649
vn -0.6306 0.0041 0.7761
vn -0.2459 -0.3374 0.9087
vn 0.2576 -0.4418 0.8593
vn 0.4408 0.0149 0.8975
vn 0.1936 0.3306 0.9237
vn -0.6447 0.7341 0.2133
vn -0.1020 0.1781 0.9787
vn 0.5901 -0.2038 0.7812
vn 0.7232 0.2102 0.6579
vn 0.5004 0.6492 0.5728
vn -0.2276 0.9734 -0.0256
vn -0.6698 0.3136 -0.6731
vn -0.7841 0.3997 -0.4747
vn 0.2318 0.4948 0.8375
vn 0.8483 0.3513 0.3962
vn 0.5372 0.8262 0.1697
vn -0.1805 0.9214 -0.3442
vn -0.7920 0.3825 -0.4758
vn 0.2984 0.8616 0.4105
vn 0.5534 0.8164 -0.1652
vn -0.3368 0.8071 -0.4849
vn -0.8479 0.1430 -0.5105
vn -0.7039 0.3741 -0.6038
vn -0.4038 0.5881 -0.7007
vn -0.4181 0.4359 -0.7970
vn 0.0769 0.8481 0.5242
vn -0.5887 0.7479 0.3066
vn -0.6746 0.6242 -0.3940
vn -0.8856 0.3203 -0.3364
vn -0.6236 0.6638 -0.4129
vn -0.3952 0.7211 -0.5690
vn -0.9303 0.2385 -0.2788
vn -0.8519 0.4133 -0.3217
vn -0.9325 0.3536 0.0732
vn -0.6730 0.7388 -0.0355
vn -0.8089 0.5485 -0.2116
vn -0.6520 0.6924 -0.3089
vn -0.4871 0.7881 -0.3763
vn -0.8558 0.3529 -0.3782
vn -0.4847 0.8726 0.0604
vn -0.5280 0.8485 0.0365
vn -0.7637 0.6334 0.1251
vn -0.9767 0.0523 0.2080
vn 0.1994 0.5114 -0.8359
vn 0.2354 0.6905 -0.6840
vn 0.3092 0.4879 -0.8163
vn 0.3546 0.4670 -0.8101
vn -0.2970 0.5006 -0.8131
vn 0.2229 -0.1040 -0.9693
vn 0.4225 -0.2831 -0.8610
vn 0.3473 0.5214 -0.7794
vn 0.3851 -0.0687 -0.9203
vn 0.2799 0.2133 -0.9360
vn 0.5876 0.0920 -0.8039
vn -0.2409 0.6583 -0.7132
vn -0.3013 0.6430 -0.7041
vn 0.4320 -0.2043 -0.8784
vn 0.4818 -0.1131 -0.8689
vn 0.4064 0.2107 -0.8891
vn 0.6044 -0.0659 -0.7940
vn 0.6176 -0.1785 -0.7660
vn 0.8303 -0.1784 -0.5280
vn -0.2663 0.7725 -0.5765
vn -0.1724 0.6610 -0.7303
vn 0.4008 0.0394 -0.9153
vn 0.3999 -0.1058 -0.9104
vn 0.4987 0.3224 -0.8046
vn 0.7123 -0.1126 -0.6928
vn 0.7064 -0.1585 -0.6899
vn -0.2306 0.7921 -0.5652
vn 0.3293 0.5895 -0.7376
vn 0.2747 -0.1677 -0.9468
vn 0.3629 -0.3676 -0.8563
vn -0.0757 0.7928 -0.6048
vn -0.1163 0.8647 -0.4886
vn 0.4795 0.5884 -0.6510
vn 0.4817 0.1357 -0.8658
vn 0.6948 -0.3248 -0.6417
vn 0.6765 -0.0957 -0.7302
vn 0.0964 0.6536 -0.7507
vn 0.2686 0.6781 -0.6841
vn 0.0655 0.8955 -0.4402
vn 0.4138 0.6362 -0.6511
vn 0.5915 0.5692 -0.5710
vn 0.4811 0.6605 -0.5764
vn 0.7946 0.5078 -0.3328
vn 0.8795 0.3607 -0.3103
vn 0.6553 -0.2169 -0.7236
vn 0.6075 -0.1181 -0.7855
vn 0.7266 0.5563 -0.4032
vn 0.5203 0.7391 -0.4278
vn 0.2362 0.2185 -0.9468
vn 0.6563 0.1010 -0.7477
vn 0.7191 0.6012 -0.3485
vn 0.8983 0.3840 -0.2135
vn 0.6238 0.7493 -0.2222
vn 0.4895 0.8400 -0.2342
vn 0.8589 0.3665 -0.3577
vn 0.9685 0.1102 -0.2232
vn 0.9445 0.3285 -0.0025
vn 0.9444 0.1094 -0.3100
vn 0.8079 0.4526 -0.3774
vn 0.2428 0.9617 -0.1271
vn 0.5651 0.8250 0.0085
vn 0.9490 0.2793 0.1460
vn 0.9693 0.2226 0.1040
vn 0.9933 -0.0782 -0.0845
vn 0.6292 0.7750 -0.0598
vn 0.5261 0.8477 0.0681
vn 0.4951 0.8504 0.1782
vn 0.8669 0.0543 0.4955
vn 0.9415 0.2499 0.2260
vn 0.9536 0.2987 -0.0375
vn 0.7118 0.3894 -0.5845
vn 0.9250 0.3339 -0.1815
vn 0.4854 0.8262 0.2860
vn 0.6931 -0.0901 0.7152
vn 0.7635 -0.0290 0.6451
vn 0.5447 0.7546 0.3659
vn 0.6497 0.7414 -0.1679
vn 0.5973 0.5860 -0.5476
vn 0.5649 0.7418 0.3615
vn 0.3788 0.7024 0.6027
vn 0.2811 -0.4511 0.8470
vn 0.5352 -0.2239 0.8145
vn 0.4820 0.3997 0.7797
vn 0.4533 0.3548 0.8177
vn 0.6250 0.6969 0.3516
vn 0.3893 0.6715 0.6305
vn 0.1051 0.6015 0.7919
vn 0.0126 -0.6437 0.7652
vn 0.2128 -0.4392 0.8728
vn 0.3544 0.1437 0.9240
vn 0.4048 -0.0602 0.9124
vn 0.0963 0.4319 0.8968
vn -0.1942 0.7604 0.6197
vn -0.2048 0.6507 0.7312
vn -0.2023 -0.4108 0.8890
vn -0.1400 -0.4393 0.8874
vn 0.0531 -0.3064 0.9504
vn 0.1588 0.0510 0.9860
vn -0.3484 0.8188 0.4562
vn -0.5402 -0.1260 0.8321
vn -0.4200 -0.1430 0.8962
vn -0.4543 0.7892 0.4132
vn -0.3223 0.9398 0.1134
vn -0.7203 0.3063 0.6224
vn -0.6192 0.1204 0.7759
vn -0.5014 0.8516 0.1532
vn 0.0625 -0.0651 0.9959
vn 0.1044 -0.0892 0.9905
vn 0.2935 -0.1284 0.9473
vn 0.3881 -0.4248 0.8179
vn 0.3216 -0.3151 0.8929
vn 0.0101 -0.1942 0.9809
vn 0.0641 -0.2632 0.9626
vn 0.2715 -0.3554 0.8944
vn 0.4843 -0.4478 0.7516
vn 0.4129 -0.5847 0.6983
vn -0.2574 -0.2795 0.9250
vn 0.2817 0.2599 0.9236
vn 0.0871 -0.2561 0.9627
vn 0.0738 -0.3991 0.9139
vn 0.3575 -0.4471 0.8199
vn 0.5220 -0.5033 0.6886
vn 0.6410 -0.4311 0.6350
vn 0.3945 -0.6232 0.6753
vn 0.1178 -0.6213 0.7746
vn 0.0090 -0.4259 0.9047
vn 0.0557 -0.5282 0.8473
vn 0.3030 -0.5386 0.7862
vn 0.4506 -0.4447 0.7741
vn 0.6369 -0.4972 0.5892
vn 0.6517 -0.4735 0.5925
vn 0.2218 -0.6976 0.6813
vn -0.0510 -0.5389 0.8408
vn 0.0286 -0.4067 0.9131
vn 0.2602 -0.4430 0.8579
vn 0.3885 -0.4709 0.7920
vn 0.5951 -0.5546 0.5816
vn 0.7563 -0.5268 0.3879
vn 0.7173 -0.5876 0.3744
vn -0.0484 -0.3798 0.9238
vn -0.0581 -0.4650 0.8834
vn -0.0034 -0.6420 0.7667
vn 0.1494 -0.5399 0.8284
vn 0.3335 -0.3737 0.8655
vn 0.6452 -0.2435 0.7242
vn 0.8562 -0.0606 0.5132
vn 0.8161 -0.5050 0.2808
vn -0.0380 -0.3750 0.9263
vn -0.0192 -0.1190 0.9927
vn 0.1050 -0.2662 0.9582
vn 0.8816 0.2930 0.3701
vn 0.9772 0.0930 0.1910
vn 0.9140 -0.4052 -0.0209
vn 0.7434 -0.6662 0.0592
vn 0.4750 -0.8439 0.2493
vn 0.9862 0.0363 -0.1616
vn 0.9030 -0.3048 -0.3027
vn 0.8519 -0.1802 -0.4917
vn 0.8160 -0.4479 -0.3654
vn 0.5353 -0.6027 -0.5918
vn 0.3280 -0.9209 -0.2107
vn 0.8314 0.0517 -0.5532
vn 0.7329 -0.2637 -0.6271
vn 0.7740 -0.2009 -0.6005
vn 0.8299 -0.2029 -0.5197
vn 0.6907 -0.0273 -0.7226
vn 0.6047 0.3431 -0.7188
vn 0.5708 -0.2882 -0.7689
vn 0.8260 -0.0552 -0.5610
vn 0.7893 -0.2378 -0.5661
vn 0.8098 0.3741 0.4520
vn 0.9474 0.3196 -0.0180
vn 0.8221 0.2939 -0.4877
vn 0.7179 0.0944 -0.6897
vn 0.8668 0.2414 -0.4364
vn 0.9557 0.2898 -0.0517
vn 0.9768 -0.0054 -0.2142
vn 0.8473 0.1833 -0.4984
vn 0.9561 0.0264 -0.2919
vn 0.7086 0.1822 -0.6817
vn 0.5761 0.3887 -0.7190
vn 0.6220 -0.1397 -0.7705
vn 0.9489 -0.1148 -0.2939
vn 0.6229 -0.2491 -0.7416
vn 0.8427 0.0162 -0.5381
vn -0.0336 0.2368 -0.9710
vn 0.0808 -0.0018 -0.9967
vn 0.1474 0.3644 -0.9195
vn 0.5168 -0.2799 -0.8090
vn 0.8980 0.2498 -0.3623
vn 0.9835 -0.1751 0.0459
vn 0.9721 -0.2331 0.0243
vn 0.8031 -0.5627 0.1957
vn 0.8389 -0.5409 0.0610
vn 0.3931 -0.8877 0.2396
vn 0.6261 -0.7389 0.2489
vn 0.2281 -0.9540 0.1944
vn -0.1843 -0.9720 0.1458
vn -0.5640 -0.8258 0.0019
vn 0.9776 -0.1541 0.1435
vn 0.7146 -0.6156 0.3321
vn 0.2031 -0.8646 0.4595
vn -0.4000 -0.8534 0.3343
vn -0.7595 -0.6123 -0.2198
vn -0.8717 -0.2370 -0.4289
vn -0.9166 -0.3755 -0.1372
vn 0.4391 0.5180 0.7341
vn 0.3946 0.0864 0.9148
vn 0.0792 -0.5960 0.7991
vn -0.5741 -0.5152 0.6363
vn -0.8666 -0.4986 0.0199
vn -0.9203 -0.1799 -0.3474
vn -0.9667 -0.2186 0.1332
vn 0.8627 0.2299 0.4505
vn 0.3854 -0.6368 0.6678
vn -0.1120 -0.3057 0.9455
vn -0.6772 0.0120 0.7357
vn -0.9604 -0.1986 0.1953
vn 0.3131 -0.8923 -0.3252
vn 0.7167 -0.6961 -0.0429
vn 0.8378 -0.3406 0.4266
vn 0.5075 0.0391 0.8608
vn 0.0019 0.4473 0.8944
vn 0.5420 -0.6799 -0.4939
vn 0.6823 -0.7307 -0.0250
vn 0.7192 -0.5630 0.4072
vn 0.6339 0.2663 0.7261
vn -0.0016 0.5072 0.8618
vn -0.5215 0.6418 0.5622
vn 0.4462 -0.6810 -0.5806
vn 0.5918 -0.8029 -0.0715
vn 0.6515 -0.6201 0.4372
vn 0.3142 -0.1595 0.9359
vn -0.2329 0.3340 0.9133
vn -0.4598 0.7232 0.5154
vn 0.0817 -0.9133 -0.3990
vn 0.8087 -0.5579 -0.1866
vn 0.8905 -0.2552 0.3768
vn 0.3193 0.0474 0.9465
vn -0.2572 0.3854 0.8862
vn -0.6132 0.6162 0.4943
vn 0.3579 -0.9232 0.1398
vn 0.7627 -0.6463 -0.0217
vn 0.8930 -0.3801 0.2408
vn 0.3500 -0.1548 0.9239
vn -0.4651 0.2319 0.8543
vn -0.7207 0.4127 0.5570
vn -0.7807 0.5696 0.2570
vn -0.6557 0.7314 0.1875
vn 0.1149 -0.7973 0.5926
vn 0.6169 -0.5245 0.5868
vn 0.2732 -0.1549 0.9494
vn -0.2115 0.3228 0.9225
vn -0.6682 0.5255 0.5267
vn -0.7541 0.2708 0.5983
vn -0.8808 0.3123 0.3560
vn -0.8819 0.3788 0.2806
vn -0.9273 0.3561 -0.1150
vn -0.8038 0.5655 -0.1846
vn -0.8023 0.5894 -0.0945
vn -0.7925 0.6090 0.0324
vn -0.9644 0.2421 -0.1064
vn -0.8678 0.1506 -0.4735
vn -0.7674 0.3469 -0.5391
vn -0.6683 0.4413 -0.5989
vn -0.8342 0.3832 -0.3966
vn -0.7333 0.5240 -0.4333
vn -0.8423 0.1272 -0.5238
vn -0.7584 -0.0040 -0.6518
vn -0.5581 0.1915 -0.8073
vn -0.4886 0.1603 -0.8577
vn -0.6468 0.1022 -0.7558
vn -0.9212 0.0288 -0.3880
vn -0.9427 -0.0442 -0.3307
vn -0.5934 -0.2775 -0.7555
vn -0.3295 -0.1322 -0.9349
vn -0.2735 -0.2325 -0.9334
vn -0.2805 -0.2408 -0.9291
vn -0.7845 -0.4042 -0.4704
vn -0.9143 -0.3853 -0.1247
vn -0.3314 -0.6527 -0.6813
vn 0.0863 -0.4783 -0.8740
vn 0.1016 -0.4725 -0.8754
vn -0.5940 -0.6240 -0.5078
vn -0.5247 -0.4285 0.7356
vn -0.4779 -0.6895 0.5442
vn -0.6969 -0.7017 -0.1479
vn 0.2188 -0.7364 -0.6402
vn 0.4704 -0.6780 -0.5648
vn 0.5406 -0.6738 -0.5037
vn -0.3535 -0.7968 -0.4900
vn -0.0685 -0.9866 0.1480
vn 0.0681 -0.9709 -0.2297
vn -0.7112 -0.3525 0.6082
vn 0.4824 0.5999 0.6383
vn 0.3468 0.8521 0.3920
vn -0.6168 -0.5847 0.5270
vn 0.3508 0.2253 0.9090
vn 0.9718 -0.1522 0.1801
vn 0.9596 0.2747 -0.0605
vn 0.6712 0.6779 -0.2999
vn 0.1835 0.9660 0.1819
vn -0.6883 -0.0056 0.7254
vn -0.8301 0.5244 -0.1896
vn 0.9654 -0.2569 -0.0443
vn 0.8977 0.3318 -0.2899
vn 0.4540 0.6600 -0.5986
vn 0.3172 0.8229 -0.4713
vn 0.0037 0.9822 -0.1878
vn -0.3424 0.8726 -0.3484
vn -0.9537 0.1890 -0.2340
vn 0.9883 -0.1453 0.0462
vn 0.8627 0.3205 -0.3911
vn 0.3587 0.5582 -0.7482
vn 0.0182 0.6859 -0.7275
vn -0.0681 0.7959 -0.6015
vn -0.5044 0.6137 -0.6074
vn -0.7920 0.4769 -0.3812
vn -0.9705 0.2339 0.0590
vn -0.1036 0.5160 -0.8503
vn -0.2956 0.5782 -0.7604
vn -0.6499 0.3474 -0.6760
vn -0.8308 0.2222 -0.5103
vn -0.9801 0.1582 -0.1202
vn -0.8759 0.2035 0.4374
vn -0.4783 0.3714 -0.7958
vn -0.8088 0.0920 -0.5808
vn -0.8609 0.0426 -0.5070
vn -0.9494 -0.1382 -0.2822
vn -0.6720 0.7293 0.1284
vn 0.9975 0.0010 0.0708
vn 0.6318 -0.5014 0.5911
vn 0.8695 0.4783 0.1237
vn 0.7374 0.0213 0.6751
vn 0.9300 0.3660 -0.0333
vn 0.8267 0.5033 0.2513
vn 0.9383 0.3449 0.0258
vn 0.8370 0.4262 0.3431
vn 0.9477 0.2725 0.1661
vn 0.9624 0.1934 0.1906
vn 0.5125 0.4423 0.7360
vn 0.8090 0.5708 0.1402
vn 0.8323 0.4709 0.2924
vn 0.7846 0.3947 0.4781
vn 0.8421 0.4779 0.2500
vn 0.9669 0.2068 0.1497
vn 0.9539 0.2796 -0.1086
vn 0.7284 0.6839 0.0422
vn 0.5627 0.7539 0.3391
vn 0.6266 0.6134 0.4808
vn 0.5374 0.5168 0.6664
vn 0.5935 0.6496 0.4752
vn 0.3205 0.8523 0.4133
vn 0.6404 0.7435 0.1924
vn 0.4837 0.8556 0.1844
vn 0.3146 0.8443 0.4339
vn 0.3552 0.6971 0.6228
vn 0.3714 0.5605 0.7402
vn 0.3407 0.7193 0.6054
vn 0.5468 0.7513 0.3696
vn 0.4681 0.4731 0.7464
vn 0.2291 0.8010 0.5531
vn 0.3386 0.9123 0.2302
vn 0.3798 0.9206 0.0907
vn 0.6417 0.0320 0.7663
vn -0.0017 0.2758 0.9612
vn -0.0333 0.4993 0.8658
vn -0.1848 0.6312 0.7533
vn 0.0645 0.8733 0.4828
vn 0.2521 0.9664 0.0504
vn 0.8647 0.4583 -0.2055
vn 0.2982 -0.4948 0.8162
vn -0.4505 0.2817 0.8472
vn -0.2621 0.3969 0.8797
vn -0.4691 0.0932 0.8782
vn -0.5684 0.5371 0.6233
vn -0.2296 0.5797 0.7818
vn 0.2267 -0.4804 0.8472
vn 0.2163 0.9716 0.0962
vn 0.1841 0.9829 0.0012
vn 0.1657 0.9847 -0.0541
vn 0.0525 0.9801 0.1912
vn 0.0377 0.9907 -0.1304
vn 0.1170 0.9739 -0.1944
vn 0.0692 0.9455 -0.3182
vn -0.0035 0.9032 -0.4292
vn -0.0166 0.8663 -0.4993
vn -0.2767 0.7786 0.5633
vn -0.2639 0.9550 0.1352
vn -0.0344 0.9223 -0.3850
vn 0.1870 0.6487 -0.7377
vn 0.1088 0.7484 -0.6543
vn -0.0969 0.7494 -0.6550
vn -0.3633 0.3741 0.8533
vn -0.3823 0.9240 -0.0023
vn -0.3048 0.9476 -0.0960
vn -0.0878 0.8629 -0.4976
vn 0.3243 0.4414 -0.8367
vn 0.0807 0.4561 0.8862
vn -0.4081 0.5668 0.7157
vn 0.1219 0.6817 -0.7214
vn 0.1336 0.6411 -0.7558
vn 0.2411 0.2618 -0.9345
vn 0.0318 0.9925 -0.1179
vn -0.2979 0.8774 -0.3760
vn -0.8954 0.1828 0.4059
vn -0.1758 0.9542 -0.2423
vn 0.3645 0.1026 0.9255
vn -0.5627 -0.2608 0.7845
vn 0.8410 0.5271 -0.1220
vn 0.4771 0.7008 -0.5303
vn 0.2326 0.5245 -0.8190
vn 0.2482 0.0905 -0.9645
vn 0.0806 0.4560 0.8863
vn 0.4769 0.5434 -0.6908
vn 0.3012 0.3693 -0.8791
vn -0.4080 0.5667 0.7158
vn 0.9641 0.1893 0.1860
vn 0.7773 -0.0436 0.6277
vn 0.8370 0.4263 0.3431
vn 0.4199 0.6094 0.6726
vn 0.8267 0.5034 0.2512
vn 0.5214 0.7854 0.3335
vn 0.7580 0.6518 -0.0259
vn 0.9975 0.0011 0.0708
vn 0.6023 0.6906 0.4004
vn 0.7502 0.5083 -0.4230
vn 0.8615 0.3195 -0.3947
vn 0.8811 0.4138 -0.2291
vn 0.8172 0.5496 -0.1736
vn 0.7998 0.5063 -0.3224
vn 0.8651 -0.3804 -0.3270
vn 0.9676 -0.1903 -0.1660
vn 0.9250 -0.3157 -0.2113
vn 0.9614 0.2748 0.0166
vn 0.7850 0.6093 -0.1118
vn 0.8022 0.4772 -0.3588
vn 0.7772 -0.0436 0.6277
vn 0.9719 -0.2143 0.0976
vn 0.9498 -0.1337 0.2829
vn 0.4137 0.7112 0.5684
vn 0.5602 0.6993 -0.4440
vn 0.7003 0.4300 -0.5698
vn 0.9659 0.1909 0.1750
vn 0.9534 0.2854 -0.0974
vn 0.3938 -0.6309 0.6685
vn 0.7882 0.4959 0.3644
vn 0.8920 -0.3214 -0.3179
vn 0.7402 -0.6395 -0.2075
vn 0.6965 -0.5865 -0.4133
vn 0.7621 -0.4392 -0.4757
vn 0.6592 0.3996 -0.6370
vn 0.3936 -0.6338 0.6659
vn 0.6976 -0.7092 0.1023
vn 0.7216 -0.6502 -0.2378
vn 0.5288 -0.8472 -0.0515
vn 0.9024 -0.1247 0.4124
vn 0.6255 0.4369 -0.6465
vn 0.9540 -0.1210 0.2745
vn 0.9285 -0.2822 0.2414
vn 0.1980 -0.8455 -0.4959
vn 0.3198 -0.4679 -0.8239
vn 0.6617 0.1274 -0.7389
vn 0.7735 -0.1103 -0.6241
vn 0.8508 0.3373 -0.4029
vn 0.5319 -0.8454 -0.0491
vn 0.3671 -0.7060 -0.6056
vn 0.3649 -0.5529 -0.7491
vn 0.1257 -0.4854 -0.8652
vn 0.1379 -0.2461 -0.9594
vn 0.4788 0.0598 -0.8759
vn 0.7211 0.1280 -0.6809
vn 0.6455 0.2492 -0.7220
vn 0.6772 0.1192 -0.7260
vn 0.9354 0.2011 -0.2907
vn 0.0617 -0.4231 -0.9040
vn 0.0815 -0.0548 -0.9952
vn 0.3018 0.0859 -0.9495
vn 0.4538 0.3226 -0.8307
vn 0.4949 0.4253 -0.7577
vn 0.6260 0.4448 -0.6406
vn 0.1506 -0.2751 -0.9495
vn 0.1138 -0.5822 -0.8050
vn 0.4458 -0.0565 -0.8934
vn 0.0910 -0.1068 -0.9901
vn 0.2228 0.1615 -0.9614
vn 0.4292 0.4050 -0.8073
vn 0.0232 -0.2969 -0.9546
vn -0.3647 -0.6656 -0.6511
vn -0.2536 -0.9434 -0.2139
vn 0.5590 -0.5031 -0.6591
vn 0.4413 0.0990 -0.8919
vn 0.1142 0.2535 -0.9606
vn -0.1886 -0.0218 -0.9818
vn -0.5012 -0.2620 -0.8247
vn 0.9527 0.2543 -0.1662
vn 0.8449 -0.2879 -0.4508
vn 0.6983 0.4605 -0.5479
vn 0.9567 0.2244 -0.1853
vn 0.8271 0.3363 -0.4503
vn 0.6724 0.6242 -0.3978
vn 0.6659 0.6562 -0.3549
vn 0.6524 0.5905 -0.4751
vn 0.7083 0.4666 -0.5297
vn 0.5798 0.5672 -0.5849
vn 0.4816 0.6044 -0.6346
vn 0.8147 0.1869 -0.5489
vn 0.8301 -0.0075 -0.5575
vn 0.3849 0.7186 -0.5792
vn 0.5225 0.5522 -0.6497
vn 0.4445 0.1572 -0.8819
vn 0.4686 -0.0392 -0.8825
vn 0.6798 -0.2336 -0.6952
vn 0.3477 0.5921 -0.7270
vn 0.3323 0.5128 -0.7916
vn 0.5715 0.4566 -0.6818
vn 0.7446 0.2828 -0.6046
vn 0.4411 0.5982 -0.6690
vn 0.2794 0.3273 -0.9027
vn 0.3292 0.2080 -0.9211
vn 0.5890 0.2134 -0.7795
vn 0.5997 0.4261 -0.6774
vn 0.4711 0.2491 -0.8462
vn 0.4405 0.5706 -0.6931
vn 0.4660 0.4893 -0.7372
vn 0.6236 0.3666 -0.6904
vn 0.5054 0.1909 -0.8415
vn 0.0917 0.3520 -0.9315
vn 0.3973 0.4785 -0.7831
vn 0.3160 0.4188 -0.8513
vn 0.2327 0.4335 -0.8706
vn 0.3136 0.5703 -0.7592
vn 0.4451 0.3988 -0.8018
vn 0.7129 0.0877 -0.6958
vn 0.0373 0.1854 -0.9820
vn -0.2675 0.3246 -0.9072
vn 0.5429 0.1314 -0.8294
vn -0.3189 0.1147 -0.9408
vn -0.2012 0.5248 -0.8271
vn 0.4893 -0.5920 -0.6404
vn 0.3703 0.2718 -0.8882
vn 0.4333 0.5322 -0.7274
vn 0.4827 0.0115 -0.8757
vn 0.8053 0.0875 -0.5864
vn 0.8145 -0.1834 -0.5505
vn 0.6568 0.5526 -0.5131
vn 0.9669 0.1096 -0.2303
vn 0.8619 0.2179 -0.4578
vn 0.8943 -0.2008 -0.3998
vn 0.7442 -0.6676 0.0220
vn 0.8647 0.4583 -0.2056
vn 0.2991 -0.4937 0.8166
vn -0.2990 0.8774 -0.3752
vn 0.7883 0.4863 -0.3770
vn 0.9993 0.0187 0.0335
vn 0.5097 -0.3684 0.7775
vn 0.5944 0.7454 0.3019
vn 0.9754 0.0227 -0.2195
vn 0.7483 -0.6319 0.2017
vn 0.2251 -0.4754 0.8505
vn -0.1767 0.9541 -0.2417
vn 0.3638 0.1024 0.9258
vn 0.4060 -0.3481 0.8450
vn -0.5636 -0.2601 0.7840
vn -0.4715 0.0951 0.8767
vn -0.2634 0.3983 0.8786
vn -0.4426 0.2901 0.8485
vn -0.3040 0.9104 0.2806
vn 0.9570 0.2244 0.1841
vn 0.8356 -0.4444 0.3229
vn 0.2232 -0.4784 0.8493
vn 0.4333 0.5442 0.7184
vn 0.3959 -0.8813 -0.2581
vn 0.8651 -0.3803 -0.3270
vn 0.8449 -0.2879 -0.4509
vn 0.3433 -0.8890 0.3030
vn 0.6318 -0.5014 0.5912
vn 0.4754 -0.7009 0.5317
vn 0.2074 -0.4324 0.8775
vn -0.0029 -0.0931 0.9957
vn 0.5126 0.4422 0.7360
vn 0.6435 -0.7590 -0.0993
vn 0.8436 -0.5370 0.0073
vn 0.5349 -0.3664 0.7614
vn 0.2463 0.0512 0.9678
vn -0.0420 0.3531 0.9346
vn -0.2477 0.5537 0.7950
vn -0.2288 0.9654 0.1253
vn 0.5467 0.7513 0.3695
vn 0.9342 -0.2882 0.2100
vn 0.5406 0.2658 0.7982
vn 0.2054 0.7043 0.6795
vn -0.0127 0.9289 0.3700
vn 0.2088 0.7048 -0.6780
vn 0.8644 0.4588 -0.2058
vn 0.8290 0.4588 -0.3197
vn 0.4590 0.8452 -0.2739
vn 0.2109 0.8483 -0.4857
vn 0.3358 -0.0781 -0.9387
vn 0.5280 0.0560 -0.8474
vn 0.4487 0.4060 -0.7961
vn 0.8300 -0.0074 -0.5578
vn 0.7084 0.4665 -0.5297
vn 0.1621 0.1582 -0.9740
vn 0.3941 0.1610 -0.9049
vn 0.2489 0.1962 -0.9484
vn 0.4027 0.4721 -0.7842
vn 0.4968 0.4778 -0.7245
vn 0.6244 0.2799 -0.7293
vn 0.6659 0.6562 -0.3548
vn 0.3947 0.1795 -0.9011
vn -0.0557 0.3683 -0.9280
vn 0.0426 0.5048 -0.8622
vn 0.1608 0.6173 -0.7701
vn 0.3677 0.6284 -0.6855
vn 0.6724 0.6242 -0.3977
vn 0.9342 -0.2883 0.2100
vn 0.5425 0.1528 -0.8260
vn 0.5692 -0.0417 -0.8211
vn 0.4909 0.1014 -0.8653
vn 0.8272 0.3362 -0.4503
vn 0.8436 -0.5370 0.0072
vn 0.6435 -0.7590 -0.0992
vn 0.0176 -0.9852 -0.1705
vn -0.0172 -0.9976 -0.0676
vn -0.0401 -0.8534 0.5197
vn 0.1623 -0.8855 0.4354
vn -0.3750 -0.7643 0.5246
vn -0.2367 -0.8889 -0.3921
vn -0.6939 -0.6963 0.1835
vn 0.4260 -0.3169 -0.8474
vn 0.1070 -0.2651 0.9583
vn -0.4175 -0.1682 0.8930
vn -0.6301 -0.1220 0.7668
vn -0.7880 -0.0871 0.6095
vn -0.3554 -0.9347 -0.0010
vn -0.0582 -0.4018 0.9139
vn -0.0986 -0.0685 0.9928
vn -0.3189 0.0389 0.9470
vn -0.5875 0.0236 0.8089
vn -0.8041 0.0525 0.5922
vn -0.9047 0.0954 0.4153
vn -0.8799 0.0414 0.4734
vn -0.2780 -0.9231 0.2657
vn -0.1723 -0.2214 0.9598
vn -0.3347 -0.4447 0.8308
vn -0.5049 -0.3792 0.7754
vn -0.7516 -0.2922 0.5913
vn -0.8694 -0.2960 0.3957
vn -0.0969 -0.3519 0.9310
vn -0.1806 -0.5598 0.8087
vn -0.3408 -0.4406 0.8305
vn -0.5820 -0.4274 0.6918
vn -0.7539 -0.4401 0.4877
vn -0.8356 -0.3959 0.3808
vn -0.9257 -0.2896 0.2432
vn -0.1194 -0.4572 0.8813
vn -0.1591 0.0578 0.9856
vn -0.3037 0.1389 0.9426
vn -0.5370 0.0064 0.8436
vn -0.7578 0.0006 0.6525
vn -0.0693 0.1184 0.9905
vn -0.2430 -0.3920 0.8873
vn -0.1636 -0.1921 0.9676
vn -0.2605 -0.4532 0.8525
vn -0.5118 -0.3356 0.7909
vn -0.7915 -0.1381 0.5954
vn -0.8482 0.2189 0.4823
vn -0.8899 0.3428 0.3011
vn -0.8937 -0.4135 0.1741
vn -0.9389 0.0636 0.3382
vn -0.8634 0.4396 0.2476
vn -0.9161 0.3965 0.0599
vn -0.9218 -0.3841 -0.0525
vn -0.9375 -0.3476 -0.0164
vn -0.9696 0.1205 0.2129
vn -0.9631 0.2637 0.0538
vn -0.9248 0.2742 -0.2636
vn -0.8349 -0.4445 -0.3246
vn -0.9347 -0.1292 -0.3312
vn -0.9880 0.1492 -0.0407
vn -0.9717 0.1265 0.1996
vn -0.5636 -0.8147 0.1361
vn -0.9306 0.2278 -0.2864
vn -0.6890 0.4460 -0.5712
vn -0.6661 -0.5241 -0.5307
vn -0.7281 -0.3383 -0.5962
vn -0.9075 0.1472 -0.3934
vn -0.9887 0.1417 -0.0481
vn -0.7222 0.2783 -0.6332
vn -0.4844 0.3963 -0.7799
vn -0.4636 0.4042 -0.7885
vn -0.4824 -0.6472 -0.5903
vn -0.5669 -0.4501 -0.6900
vn -0.7103 0.1521 -0.6873
vn -0.9035 0.1605 -0.3973
vn -0.9432 -0.3321 0.0077
vn -0.3642 0.2586 -0.8947
vn -0.2594 0.4166 -0.8713
vn -0.3521 -0.4138 -0.8395
vn -0.3203 -0.5017 -0.8035
vn -0.5752 0.1999 -0.7932
vn -0.7188 0.1398 -0.6810
vn -0.8366 -0.2530 -0.4860
vn -0.4964 0.4899 -0.7166
vn -0.8198 0.2586 -0.5110
vn -0.6532 -0.5176 -0.5526
vn -0.5050 -0.6314 -0.5885
vn -0.5306 -0.2378 -0.8136
vn -0.2868 0.1740 -0.9421
vn -0.5583 0.1460 -0.8167
vn -0.5976 0.0294 -0.8013
vn -0.5513 0.5191 -0.6532
vn -0.6052 -0.4439 -0.6608
vn 0.0051 0.4714 -0.8819
vn -0.0999 0.5587 -0.8233
vn -0.2831 0.1292 -0.9504
vn -0.2365 -0.3918 -0.8891
vn -0.0139 -0.6916 -0.7222
vn -0.1231 -0.7064 -0.6970
vn -0.1290 0.0817 -0.9883
vn 0.0870 0.7048 -0.7041
vn 0.0572 0.7902 -0.6102
vn 0.1038 0.4312 -0.8963
vn -0.1280 0.3868 -0.9132
vn -0.2586 0.3130 -0.9139
vn -0.2554 -0.7945 -0.5510
vn -0.0523 -0.7746 -0.6302
vn 0.1255 0.6572 -0.7432
vn 0.3739 0.4274 -0.8231
vn 0.3537 0.3925 -0.8490
vn 0.4615 0.2842 -0.8404
vn 0.0997 0.3814 -0.9190
vn 0.7247 0.5039 -0.4700
vn 0.4904 0.1033 -0.8654
vn 0.3772 -0.4282 -0.8212
vn 0.2615 -0.8401 -0.4752
vn 0.0399 -0.5061 -0.8616
vn 0.7268 0.1405 -0.6723
vn 0.8720 0.2009 -0.4463
vn 0.7030 -0.4044 -0.5850
vn 0.1099 -0.7670 -0.6322
vn 0.0995 -0.8032 -0.5874
vn -0.0263 -0.9271 -0.3740
vn 0.6333 0.4697 -0.6150
vn 0.4158 0.3658 -0.8327
vn 0.3462 -0.6059 -0.7163
vn 0.6617 -0.6656 -0.3452
vn 0.4356 -0.4494 -0.7800
vn 0.1264 -0.5827 -0.8028
vn 0.0153 -0.7908 -0.6119
vn 0.3715 0.0184 -0.9282
vn 0.5169 0.5283 -0.6736
vn 0.5007 0.1372 -0.8547
vn 0.3089 -0.5729 -0.7592
vn 0.4595 -0.8476 -0.2653
vn 0.2320 -0.3091 -0.9223
vn 0.4365 -0.6371 -0.6352
vn 0.6578 0.3209 -0.6814
vn 0.5379 -0.6141 -0.5776
vn 0.3028 -0.7706 -0.5608
vn 0.6128 0.3449 -0.7110
vn 0.8505 0.2636 -0.4552
vn 0.7289 -0.5447 -0.4148
vn 0.6007 -0.3296 -0.7284
vn 0.2526 -0.7506 -0.6105
vn 0.8605 -0.0208 -0.5091
vn 0.8161 -0.0055 -0.5779
vn 0.9802 0.0410 -0.1935
vn 0.9847 0.1487 -0.0911
vn 0.8510 -0.5058 -0.1411
vn 0.8569 -0.3059 -0.4149
vn 0.8627 0.1438 -0.4848
vn 0.6353 0.1831 -0.7503
vn 0.3347 0.1980 -0.9213
vn 0.9702 0.1870 0.1541
vn 0.9221 0.3131 0.2275
vn 0.8647 -0.4901 0.1099
vn 0.8885 -0.4086 0.2090
vn 0.9851 -0.1470 -0.0897
vn 0.9813 0.1204 -0.1503
vn 0.8535 0.3783 0.3584
vn 0.8567 0.2679 0.4407
vn 0.7958 -0.5052 0.3338
vn 0.7868 -0.4179 0.4542
vn 0.8963 0.0358 0.4419
vn 0.9653 0.1143 0.2347
vn 0.8699 0.0252 0.4926
vn 0.7556 0.2114 0.6200
vn 0.6682 -0.5510 0.5000
vn 0.7697 -0.3696 0.5205
vn 0.8322 0.0516 0.5520
vn 0.8842 0.0517 0.4643
vn 0.9827 0.0751 0.1695
vn 0.6834 0.0237 0.7297
vn 0.5971 -0.3912 0.7003
vn 0.5785 -0.4846 0.6562
vn 0.7167 0.0329 0.6966
vn 0.7301 -0.0879 0.6777
vn 0.7968 -0.0256 0.6037
vn 0.6523 -0.3118 0.6909
vn 0.4210 -0.0634 0.9049
vn 0.3518 -0.5584 0.7513
vn 0.3117 -0.4038 0.8601
vn 0.4435 0.0519 0.8948
vn 0.4225 -0.1245 0.8978
vn 0.4796 -0.6332 0.6074
vn 0.3173 -0.4510 0.8342
vn 0.1514 0.0380 0.9877
vn 0.1373 -0.5236 0.8408
vn 0.0938 -0.3549 0.9302
vn 0.1555 0.0570 0.9862
vn 0.1541 -0.2026 0.9671
vn 0.2267 -0.7551 0.6151
vn 0.0903 -0.3111 0.9461
vn 0.0105 0.1476 0.9890
vn -0.0151 -0.4135 0.9104
vn -0.0491 -0.4491 0.8921
vn -0.0614 0.0494 0.9969
vn -0.0601 -0.1826 0.9813
vn 0.1182 -0.6958 0.7084
vn -0.0155 -0.1591 0.9871
vn -0.0715 0.0899 0.9934
vn -0.1215 -0.4677 0.8755
vn -0.3600 -0.2352 0.9028
vn 0.0578 -0.8294 0.5557
vn -0.2402 -0.3860 0.8907
vn -0.0400 -0.8534 0.5197
vn -0.3222 -0.8624 0.3904
vn -0.0530 -0.9732 -0.2239
vn 0.0082 -0.9946 -0.1035
vn 0.0079 -0.9997 -0.0225
vn -0.0170 -0.9976 -0.0675
vn 0.1385 -0.9902 0.0191
vn 0.5877 -0.6123 0.5288
vn 0.7874 -0.4447 0.4268
vn 0.8716 -0.4678 0.1466
vn 0.1206 -0.9901 -0.0723
vn 0.8832 -0.4148 -0.2190
vn 0.9820 0.0853 -0.1687
vn 0.8639 0.0955 -0.4945
vn 0.6749 -0.5822 -0.4534
vn -0.0005 -0.9979 -0.0652
vn 0.4141 -0.5995 -0.6850
vn 0.6002 0.1392 -0.7877
vn 0.2894 0.1463 -0.9460
vn 0.8531 -0.0033 -0.5217
vn 0.5876 -0.2978 -0.7523
vn -0.0073 -0.9988 -0.0490
vn 0.2685 -0.4492 -0.8521
vn 0.7330 -0.6802 0.0014
vn 0.8668 -0.0371 -0.4972
vn 0.8726 0.0079 -0.4884
vn -0.0193 -0.9880 0.1532
vn 0.6617 -0.6394 -0.3915
vn 0.8708 -0.0380 -0.4901
vn 0.1475 0.1773 -0.9730
vn -0.0117 -0.7246 -0.6891
vn 0.1500 0.1147 -0.9820
vn 0.1290 0.1152 -0.9849
vn -0.0677 -0.9855 0.1554
vn 0.0616 -0.7412 -0.6685
vn 0.1217 0.1111 -0.9863
vn 0.0563 0.0511 -0.9971
vn 0.0242 -0.9896 0.1420
vn -0.0369 -0.6934 -0.7196
vn 0.0282 0.0808 -0.9963
vn -0.0950 0.0656 -0.9933
vn 0.0770 -0.5731 -0.8159
vn 0.0079 -0.9993 0.0378
vn -0.1158 -0.7610 -0.6383
vn -0.0676 -0.9945 -0.0795
vn -0.2433 -0.4908 -0.8366
vn -0.2764 0.0718 -0.9584
vn -0.5147 -0.4668 -0.7191
vn -0.4907 -0.8619 0.1281
vn -0.6427 -0.4904 -0.5886
vn 0.6067 0.1465 -0.7813
vn 0.3544 -0.0135 -0.9350
vn 0.6147 0.4382 -0.6559
vn 0.6761 0.0331 -0.7360
vn 0.3468 -0.2803 -0.8951
vn 0.7217 -0.2419 -0.6486
vn 0.5415 0.5493 -0.6364
vn 0.8675 0.0174 -0.4972
vn 0.7985 -0.2435 -0.5506
vn 0.8349 -0.1719 -0.5229
vn 0.2067 -0.2747 -0.9391
vn 0.2336 -0.1258 -0.9642
vn 0.3047 -0.1976 -0.9317
vn 0.6026 -0.1871 -0.7758
vn 0.7807 0.1272 -0.6119
vn 0.5080 0.1552 -0.8473
vn 0.2701 0.3485 -0.8975
vn 0.1295 0.6115 -0.7806
vn 0.0270 -0.3070 -0.9513
vn 0.0150 -0.1277 -0.9917
vn -0.0067 0.0644 -0.9979
vn 0.0550 -0.1222 -0.9910
vn 0.2747 -0.1174 -0.9543
vn 0.0809 0.6811 -0.7278
vn 0.0095 0.4434 -0.8963
vn -0.1652 -0.2450 -0.9553
vn -0.2444 -0.0722 -0.9670
vn -0.2040 0.1118 -0.9726
vn -0.3099 -0.2332 -0.9217
vn -0.6095 0.0722 -0.7895
vn -0.4011 -0.2155 -0.8903
vn -0.4526 -0.0765 -0.8884
vn -0.3654 0.1407 -0.9202
vn -0.4934 -0.1972 -0.8472
vn -0.4502 -0.1975 -0.8708
vn -0.2422 -0.1970 -0.9500
vn -0.3755 0.2199 -0.9004
vn -0.5729 -0.1681 -0.8022
vn -0.6180 -0.0698 -0.7831
vn -0.5922 0.0191 -0.8056
vn -0.4557 0.2787 -0.8454
vn -0.4888 -0.0644 -0.8700
vn -0.5253 0.4796 -0.7029
vn -0.5031 0.3466 -0.7917
vn -0.7241 -0.1320 -0.6770
vn -0.7015 -0.0582 -0.7103
vn -0.7107 0.0312 -0.7028
vn -0.7186 0.2181 -0.6603
vn -0.8972 -0.1586 -0.4122
vn -0.8755 -0.0556 -0.4801
vn -0.8529 -0.0167 -0.5218
vn -0.7262 0.2573 -0.6376
vn -0.6156 0.4503 -0.6467
vn -0.9273 0.2003 -0.3162
vn -0.9620 -0.2524 -0.1037
vn -0.9362 -0.2213 -0.2729
vn -0.9412 -0.0135 -0.3375
vn -0.9746 0.2195 0.0445
vn -0.8888 -0.4235 0.1751
vn -0.8640 -0.5034 -0.0082
vn -0.8105 -0.3686 -0.4552
vn -0.8130 0.0765 -0.5772
vn -0.8870 0.3255 -0.3276
vn -0.8602 0.3815 0.3384
vn -0.6919 -0.6507 -0.3129
vn 0.3569 0.3754 -0.8554
vn 0.3816 0.3501 -0.8555
vn 0.2991 0.5415 -0.7857
vn 0.1756 0.5205 -0.8356
vn 0.3434 0.6579 -0.6703
vn 0.2295 0.7006 -0.6757
vn 0.1599 0.5102 -0.8451
vn 0.1822 0.6818 -0.7085
vn 0.2741 0.6907 -0.6692
vn 0.1472 0.7827 -0.6047
vn -0.5420 -0.1775 -0.8214
vn -0.5395 0.1823 -0.8220
vn 0.1417 0.7558 -0.6393
vn 0.0952 0.8597 -0.5019
vn -0.2003 0.6719 -0.7131
vn 0.1861 0.9196 -0.3459
vn -0.2540 0.8814 -0.3982
vn -0.6453 -0.1313 -0.7526
vn -0.6378 -0.1114 -0.7621
vn -0.4862 0.1591 -0.8592
vn -0.3325 0.6464 -0.6868
vn -0.5727 0.1578 -0.8044
vn -0.6290 -0.0472 -0.7760
vn -0.6202 0.2809 -0.7324
vn -0.5274 0.6418 -0.5567
vn -0.4174 0.7094 -0.5679
vn -0.6546 -0.0949 -0.7500
vn -0.7000 -0.0231 -0.7138
vn -0.5969 0.0321 -0.8017
vn -0.8775 0.4438 -0.1817
vn -0.7900 0.5661 -0.2354
vn -0.5128 0.7298 -0.4521
vn -0.7852 -0.1464 -0.6017
vn -0.6952 -0.0173 -0.7186
vn -0.6730 -0.0845 -0.7348
vn -0.9275 -0.1759 -0.3297
vn -0.8941 0.4405 0.0804
vn -0.6554 0.4994 -0.5666
vn -0.9770 0.2066 0.0535
vn -0.8998 0.3962 0.1826
vn -0.7851 0.5324 -0.3165
vn -0.7093 0.0126 -0.7048
vn -0.2853 0.1806 -0.9413
vn -0.3496 0.3253 -0.8786
vn -0.6302 0.2367 -0.7395
vn -0.9942 -0.0239 -0.1048
vn -0.9078 0.1207 -0.4018
vn -0.5391 0.2077 -0.8163
vn -0.1367 0.4021 -0.9053
vn -0.7310 0.2566 -0.6323
vn -0.9659 0.2325 0.1143
vn -0.9873 0.1059 0.1188
vn -0.4991 0.7991 -0.3352
vn -0.4947 0.3181 -0.8087
vn -0.1490 0.2893 -0.9456
vn -0.8742 0.3971 -0.2795
vn -0.9855 -0.0641 0.1568
vn -0.9305 0.3210 -0.1767
vn -0.7157 0.5094 -0.4778
vn -0.9642 0.2587 0.0589
vn -0.9831 0.1805 0.0313
vn -0.7789 0.2033 -0.5933
vn -0.7947 0.4643 -0.3911
vn -0.5540 0.6972 -0.4550
vn -0.9081 0.4181 0.0226
vn -0.9691 0.0561 -0.2404
vn -0.9340 0.1950 -0.2995
vn -0.9392 0.2420 0.2437
vn -0.9144 0.3451 0.2116
vn -0.5170 0.8531 -0.0707
vn -0.8201 0.5285 0.2193
vn -0.9258 0.3323 0.1800
vn -0.9603 0.2778 -0.0248
vn -0.9391 0.2629 -0.2214
vn -0.8595 0.5051 0.0784
vn -0.6983 0.4986 0.5136
vn -0.4089 0.7767 0.4791
vn -0.3911 0.8312 0.3951
vn -0.8414 0.2038 0.5005
vn -0.8288 0.5180 0.2117
vn -0.4193 0.8809 -0.2197
vn -0.6159 0.1034 0.7810
vn -0.7039 0.3608 0.6119
vn -0.7838 0.4787 0.3956
vn -0.4035 0.9147 0.0230
vn -0.2033 0.9639 -0.1717
vn -0.0678 0.9611 -0.2679
vn -0.3087 0.2998 -0.9027
vn -0.3257 0.9398 0.1030
vn -0.1560 0.9836 -0.0909
vn -0.5373 0.8416 -0.0553
vn -0.5254 0.8073 -0.2689
vn -0.3840 0.8044 -0.4533
vn -0.2125 0.9393 -0.2695
vn 0.2334 0.9412 -0.2443
vn -0.5141 0.8462 0.1401
vn -0.7755 0.1934 -0.6010
vn 0.5970 0.6486 0.4722
vn 0.3385 0.7427 0.5778
vn 0.3410 0.6672 0.6622
vn 0.6107 0.5986 0.5184
vn 0.8726 0.3801 0.3067
vn 0.8573 0.4388 0.2693
vn 0.9987 0.0489 0.0148
vn 0.9604 0.2737 0.0530
vn 0.8846 0.2434 -0.3978
vn 0.9459 -0.1037 0.3076
vn 0.3130 0.3229 0.8932
vn 0.6098 0.2479 0.7528
vn 0.8354 0.1510 0.5285
vn 0.9579 0.1662 0.2340
vn 0.9029 0.3312 -0.2741
vn 0.2041 0.2424 0.9485
vn 0.5741 0.2508 0.7794
vn 0.7620 0.3853 0.5205
vn 0.8423 0.5008 0.1993
vn 0.9756 0.1788 -0.1276
vn 0.7448 0.3551 -0.5650
vn 0.2084 0.2640 0.9417
vn 0.4827 0.2159 0.8488
vn 0.7289 0.3120 0.6094
vn 0.9088 0.2176 0.3561
vn 0.8863 0.4631 -0.0035
vn 0.8098 0.5799 -0.0893
vn 0.0767 -0.0376 0.9963
vn 0.4484 -0.0570 0.8920
vn 0.7329 0.0045 0.6804
vn 0.9040 0.0769 0.4206
vn 0.9685 0.2150 0.1253
vn 0.9355 0.3272 -0.1334
vn 0.7817 0.5956 -0.1852
vn 0.0956 0.2913 0.9518
vn 0.4247 0.5340 0.7311
vn 0.6468 0.6129 0.4538
vn 0.6266 0.7706 0.1162
vn 0.6850 0.7267 -0.0521
vn 0.9113 0.4092 -0.0465
vn 0.8442 0.4910 -0.2150
vn 0.8189 0.4874 -0.3029
vn 0.7062 0.6552 -0.2684
vn 0.8211 0.4938 -0.2863
vn 0.6174 0.7559 -0.2178
vn 0.7166 0.5716 -0.3997
vn 0.7582 0.4868 -0.4337
vn 0.6961 0.5817 -0.4209
vn 0.6190 0.6928 -0.3698
vn 0.1378 0.9803 -0.1417
vn 0.4115 0.8503 -0.3281
vn 0.5966 0.5664 -0.5685
vn 0.6114 0.4521 -0.6495
vn 0.5580 0.6093 -0.5634
vn 0.5206 0.6897 -0.5033
vn -0.0366 0.9952 -0.0904
vn 0.0580 0.9496 -0.3081
vn 0.2485 0.6975 -0.6721
vn 0.4223 0.4386 -0.7933
vn 0.4419 0.5654 -0.6964
vn 0.4105 0.6765 -0.6114
vn -0.1340 0.9885 -0.0698
vn -0.0802 0.9293 -0.3606
vn 0.3148 0.6542 -0.6877
vn 0.3164 0.4960 -0.8086
vn 0.2621 0.6516 -0.7119
vn -0.0859 0.9607 -0.2638
vn -0.2653 0.9632 -0.0431
vn -0.0714 0.9888 -0.1307
vn 0.4427 0.5108 -0.7369
vn 0.1782 0.7820 -0.5972
vn 0.1921 0.6578 -0.7283
vn 0.1673 0.4474 -0.8785
vn 0.0802 0.6669 -0.7408
vn -0.2515 0.9540 -0.1630
vn 0.1380 0.6282 -0.7657
vn 0.2544 0.4138 -0.8741
vn 0.0107 0.6301 -0.7764
vn 0.0284 0.7531 -0.6573
vn -0.0442 0.4255 -0.9039
vn -0.1233 0.6766 -0.7260
vn -0.3238 0.9441 -0.0624
vn -0.0648 0.7929 -0.6060
vn 0.2971 0.4561 -0.8389
vn -0.0173 0.5592 -0.8289
vn -0.0450 0.4489 -0.8924
vn -0.0606 0.7122 -0.6993
vn -0.1236 0.7553 -0.6436
vn -0.2820 0.6349 -0.7193
vn -0.2671 0.7725 -0.5761
vn 0.0402 0.5075 -0.8607
vn -0.2278 0.5509 -0.8029
vn -0.1536 0.4509 -0.8793
vn -0.3208 0.6552 -0.6840
vn -0.2105 0.7408 -0.6379
vn -0.2420 0.6594 -0.7118
vn -0.0105 0.2998 -0.9539
vn -0.1833 0.3546 -0.9169
vn -0.2689 0.5528 -0.7887
vn 0.1442 0.7821 -0.6062
vn -0.4584 0.3364 -0.8226
vn 0.2280 0.7062 -0.6703
vn 0.1604 0.5105 -0.8448
vn 0.1823 0.6818 -0.7085
vn -0.2072 0.6652 -0.7174
vn -0.5043 0.7231 -0.4720
vn -0.4643 0.6562 -0.5948
vn -0.4296 0.6327 -0.6443
vn -0.1480 0.9140 -0.3776
vn -0.6095 0.7133 -0.3462
vn -0.3182 0.9478 0.0188
vn -0.3209 0.9471 -0.0077
vn -0.0749 0.9662 -0.2468
vn -0.4053 0.9136 -0.0330
vn -0.3303 0.8450 -0.4206
vn -0.2395 0.9692 0.0576
vn -0.3014 0.9521 0.0511
vn -0.3006 0.9314 -0.2054
vn -0.6063 0.6617 -0.4410
vn -0.5126 0.6869 -0.5152
vn -0.4918 0.5585 -0.6680
vn -0.3994 0.5563 -0.7287
vn -0.1751 0.6525 -0.7373
vn 0.1557 0.8759 -0.4567
vn -0.2379 0.8615 -0.4485
vn -0.7398 0.4887 -0.4625
vn -0.6207 0.5182 -0.5885
vn -0.5835 0.5675 -0.5809
vn -0.4202 0.7290 -0.5404
vn -0.1634 0.7853 -0.5972
vn 0.0644 0.8373 -0.5429
vn -0.4884 0.8290 -0.2725
vn -0.6961 0.5773 -0.4268
vn -0.4640 0.7975 -0.3856
vn -0.1727 0.9282 -0.3297
vn -0.0297 0.8897 -0.4556
vn 0.1130 0.8604 -0.4970
vn -0.8173 0.5383 -0.2055
vn -0.5910 0.7663 -0.2522
vn -0.3462 0.8752 -0.3379
vn -0.4372 0.7388 -0.5128
vn -0.2703 0.8390 -0.4722
vn -0.1768 0.7167 -0.6746
vn -0.4706 0.8792 -0.0743
vn -0.8757 0.4820 0.0297
vn -0.7120 0.6999 -0.0563
vn -0.6312 0.7181 -0.2932
vn -0.8195 0.4372 -0.3706
vn -0.5585 0.5783 -0.5947
vn -0.4913 0.8625 0.1213
vn -0.8629 0.3628 0.3519
vn -0.7582 0.5876 0.2826
vn -0.7975 0.5703 0.1970
vn -0.8226 0.5601 -0.0987
vn -0.9148 0.3849 -0.1227
vn -0.4945 0.7390 0.4576
vn -0.6617 0.1871 0.7260
vn -0.5954 0.4276 0.6802
vn -0.6074 0.4987 0.6183
vn -0.7295 0.2667 0.6299
vn -0.9022 0.2760 0.3314
vn -0.9311 0.3491 0.1055
vn -0.2240 0.6656 0.7119
vn -0.3376 0.0152 0.9412
vn -0.2975 0.1728 0.9389
vn -0.2401 0.3930 0.8877
vn -0.4544 0.2772 0.8466
vn 0.0961 0.2919 0.9516
vn 0.0760 -0.0515 0.9958
vn 0.1766 0.2716 0.9461
vn 0.2200 0.1650 0.9614
vn 0.0437 0.3290 0.9433
vn -0.2347 0.6577 0.7157
vn -0.4972 0.6625 0.5602
vn -0.8169 0.4688 0.3359
vn 0.5013 0.2138 0.8384
vn 0.3752 0.7183 0.5859
vn 0.1269 0.8177 0.5614
vn 0.0649 0.7801 0.6223
vn -0.6543 0.5895 0.4737
vn 0.3528 0.7372 0.5762
vn -0.6951 0.1635 0.7001
vn -0.4891 0.2408 0.8383
vn -0.8402 -0.2449 0.4839
vn -0.9455 0.2885 0.1511
vn -0.9573 0.2890 0.0096
vn -0.9462 0.2944 -0.1340
vn -0.7705 -0.5370 0.3433
vn -0.8881 -0.3403 0.3090
vn -0.8853 -0.4405 -0.1492
vn -0.9043 0.2988 -0.3049
vn -0.7541 0.3302 -0.5677
vn -0.6198 0.3601 -0.6973
vn -0.3766 0.6915 -0.6164
vn -0.9291 -0.1697 -0.3287
vn -0.7681 -0.3441 -0.5400
vn -0.7709 -0.0201 -0.6367
vn -0.6562 0.1072 -0.7469
vn -0.3450 0.4474 -0.8251
vn -0.0901 0.7151 -0.6932
vn -0.1677 0.9350 -0.3126
vn -0.0576 0.9246 -0.3765
vn 0.0122 0.6350 -0.7724
vn -0.1969 0.3550 -0.9139
vn -0.0210 0.4018 -0.9155
vn -0.0572 0.8612 -0.5050
vn 0.0766 0.8423 -0.5336
vn 0.0981 0.9012 -0.4221
vn 0.1307 0.5771 -0.8062
vn 0.2019 0.7621 -0.6152
vn 0.1883 0.4096 -0.8926
vn 0.0020 0.0487 -0.9988
vn 0.3208 0.2710 -0.9076
vn 0.3266 0.7509 -0.5740
vn 0.1276 0.9856 -0.1110
vn 0.3475 0.7819 -0.5176
vn 0.1249 0.8637 -0.4883
vn 0.1654 -0.1357 -0.9768
vn 0.3813 0.0457 -0.9233
vn 0.4352 0.6281 -0.6451
vn 0.2136 0.9536 -0.2123
vn 0.4751 0.7827 -0.4022
vn 0.1122 -0.4632 -0.8791
vn 0.5157 -0.0967 -0.8513
vn 0.5560 0.4006 -0.7283
vn 0.1971 0.8880 -0.4154
vn 0.5243 0.6937 -0.4939
vn 0.3647 -0.5396 -0.7588
vn 0.3710 -0.7064 -0.6028
vn 0.6715 -0.1411 -0.7275
vn 0.6003 0.2383 -0.7635
vn 0.5466 0.5581 -0.6243
vn 0.7657 0.4017 -0.5024
vn 0.5325 -0.8452 -0.0463
vn 0.7940 -0.0576 -0.6051
vn 0.7487 0.2082 -0.6294
vn 0.8502 0.3489 -0.3943
vn 0.7146 -0.6650 -0.2170
vn 0.8559 -0.0137 -0.5169
vn 0.6877 -0.7202 0.0919
vn -0.0041 0.8703 0.4926
vn 0.1533 0.9432 0.2947
vn 0.3536 0.7964 0.4906
vn -0.2746 0.8637 0.4227
vn 0.7476 -0.0141 0.6640
vn 0.5070 0.8499 0.1436
vn 0.3744 0.9267 0.0332
vn 0.1959 0.9003 0.3887
vn -0.7739 0.4535 -0.4420
vn 0.9059 0.1709 0.3874
vn 0.5893 0.7720 -0.2382
vn 0.5461 0.7115 -0.4422
vn 0.0730 0.9650 -0.2519
vn 0.9873 0.1261 0.0969
vn -0.0811 0.8161 -0.5722
vn 0.8957 0.3867 -0.2194
vn -0.8918 0.3993 -0.2126
vn -0.9408 0.3181 -0.1172
vn -0.7472 0.6645 -0.0087
vn -0.6033 0.7935 0.0796
vn -0.6140 0.7444 -0.2625
vn -0.0811 0.8161 -0.5723
vn -0.1978 0.2739 -0.9412
vn -0.3171 0.4289 -0.8459
vn 0.6670 -0.1304 -0.7335
vn 0.8573 -0.4047 -0.3181
vn 0.1412 0.1098 -0.9839
vn -0.4143 0.2916 -0.8622
vn -0.7754 0.3199 -0.5445
vn -0.8647 -0.4916 -0.1029
vn -0.9333 -0.0552 -0.3548
vn -0.8546 0.4361 0.2820
vn -0.7152 -0.0899 0.6932
vn -0.3822 -0.6322 0.6740
vn -0.7070 -0.6902 -0.1540
vn -0.1811 -0.9805 0.0758
vn 0.0282 -0.9063 -0.4217
vn -0.6792 0.5871 0.4405
vn -0.4861 0.0834 0.8699
vn -0.1297 -0.3081 0.9425
vn 0.2585 -0.6047 0.7534
vn 0.2297 -0.8641 0.4478
vn -0.3005 0.8973 0.3234
vn 0.1255 0.7548 0.6438
vn 0.5856 0.3680 0.7223
vn 0.7475 -0.1444 0.6484
vn 0.2647 0.8144 0.5164
vn 0.5980 0.4025 0.6931
vn 0.7442 -0.1877 0.6410
vn 0.1720 -0.1333 0.9760
vn -0.3123 0.3864 0.8679
vn -0.4143 0.8268 0.3805
vn -0.8136 -0.5739 -0.0935
vn -0.7550 -0.4237 -0.5005
vn -0.5337 0.4536 0.7138
vn -0.3509 0.0221 0.9361
vn -0.6838 0.6723 0.2836
vn -0.3064 0.9390 0.1563
vn 0.1693 0.9116 0.3746
vn 0.5092 0.6714 0.5384
vn 0.5724 0.1709 0.8020
vn 0.1748 0.9375 0.3009
vn 0.5187 0.6755 0.5241
vn 0.7290 -0.0019 0.6845
vn 0.1531 0.1431 0.9778
vn -0.3228 0.5520 0.7688
vn -0.5109 0.8444 0.1612
vn 0.0340 0.2117 0.9767
vn -0.7381 0.4175 0.5300
vn -0.7235 -0.2100 0.6576
vn -0.3152 -0.6115 0.7258
vn 0.2947 -0.6324 0.7164
vn 0.7766 -0.1749 0.6052
vn 0.7599 0.4579 0.4614
vn 0.3419 0.8573 0.3849
vn -0.2645 0.8734 0.4090
vn -0.5748 -0.1126 0.8105
vn -0.6131 0.4562 0.6449
vn -0.8014 0.0483 -0.5961
vn -0.4805 0.6519 -0.5866
vn -0.1644 0.0628 -0.9844
vn -0.2588 -0.1302 -0.9571
vn -0.2647 -0.3083 -0.9137
vn -0.7992 -0.5632 -0.2101
vn -0.2395 -0.5789 0.7794
vn -0.2893 0.8789 0.3792
vn 0.1264 0.5630 -0.8167
vn 0.0553 0.0278 -0.9981
vn -0.0429 -0.1932 -0.9802
vn -0.1140 -0.4195 -0.9006
vn -0.2264 -0.8601 -0.4570
vn 0.3973 -0.7523 0.5255
vn 0.3341 0.8559 0.3947
vn 0.6914 0.4084 -0.5960
vn 0.2015 -0.0735 -0.9767
vn 0.2014 -0.2762 -0.9398
vn 0.0795 -0.4237 -0.9023
vn 0.3837 -0.8297 -0.4055
vn 0.8243 -0.2498 0.5081
vn 0.7741 0.4460 0.4492
vn 0.6761 -0.3279 -0.6598
vn 0.1663 0.0391 0.9853
vn -0.6863 0.2009 0.6990
vn -0.5920 -0.3927 0.7038
vn -0.1115 -0.7605 0.6397
vn 0.5084 -0.6742 0.5357
vn 0.8793 -0.1572 0.4496
vn 0.7895 0.4306 0.4373
vn 0.3248 0.8002 0.5042
vn -0.3146 0.7190 0.6197
vn -0.6103 -0.3884 0.6904
vn -0.7635 0.2143 0.6093
vn -0.8010 -0.0334 -0.5977
vn -0.6875 0.5580 -0.4647
vn -0.3042 0.1458 -0.9414
vn -0.3866 0.0011 -0.9222
vn -0.3617 -0.1827 -0.9142
vn -0.7137 -0.6131 -0.3386
vn -0.1070 -0.7529 0.6494
vn -0.3730 0.7720 0.5146
vn -0.0881 0.6582 -0.7476
vn -0.1383 0.1803 -0.9738
vn -0.1642 -0.0351 -0.9858
vn -0.1960 -0.2635 -0.9445
vn -0.1499 -0.7577 -0.6351
vn 0.5232 -0.6785 0.5157
vn 0.3050 0.8515 0.4265
vn 0.5321 0.5756 -0.6209
vn 0.0349 0.1103 -0.9933
vn 0.0680 -0.0628 -0.9957
vn 0.0018 -0.2436 -0.9699
vn 0.5294 -0.6486 -0.5469
vn 0.8895 -0.1608 0.4278
vn 0.7965 0.4459 0.4083
vn 0.5980 -0.0515 -0.7998
vn -0.1843 0.1033 0.9774
vn -0.8737 0.2758 0.4007
vn -0.8288 -0.3072 0.4676
vn -0.3911 -0.7014 0.5959
vn 0.2430 -0.6572 0.7134
vn 0.6561 -0.1661 0.7361
vn 0.6164 0.4250 0.6629
vn 0.1790 0.8213 0.5417
vn -0.4679 0.7728 0.4287
vn -0.8368 -0.2847 0.4677
vn -0.9137 0.3120 0.2605
vn -0.5533 -0.0447 -0.8318
vn -0.3999 0.5590 -0.7263
vn 0.0501 0.1086 -0.9928
vn -0.0440 -0.0518 -0.9977
vn -0.0347 -0.2374 -0.9708
vn -0.5894 -0.6134 -0.5257
vn -0.3825 -0.6878 0.6170
vn -0.4983 0.8443 0.1974
vn 0.2704 0.6049 -0.7490
vn 0.2324 0.1231 -0.9648
vn 0.1889 -0.0990 -0.9770
vn 0.1315 -0.3257 -0.9363
vn 0.0212 -0.7930 -0.6089
vn 0.2529 -0.6609 0.7066
vn 0.1762 0.8913 0.4178
vn 0.7643 0.5029 -0.4038
vn 0.3985 0.0375 -0.9164
vn 0.4147 -0.1455 -0.8982
vn 0.3233 -0.3122 -0.8933
vn 0.6466 -0.7054 -0.2904
vn 0.6535 -0.1677 0.7382
vn 0.6174 0.4382 0.6533
vn 0.8439 -0.1357 -0.5190
vn 0.0050 0.2631 0.9648
vn -0.0325 0.2569 0.9659
vn 0.0526 0.2273 0.9724
vn 0.1425 0.2405 0.9601
vn 0.0971 0.2266 0.9691
vn 0.0003 0.2595 0.9657
vn 0.0509 0.1043 0.9932
vn -0.0187 0.4828 0.8755
vn -0.0542 0.4939 0.8678
vn -0.0208 0.5435 0.8392
vn -0.0241 0.4927 0.8698
vn 0.0174 0.4938 0.8694
vn -0.0503 0.4901 0.8702
vn -0.1513 0.4738 0.8676
vn -0.1924 0.4915 0.8494
vn -0.1079 0.4686 0.8768
vn 0.5543 -0.4975 0.6672
vn -0.1079 -0.4503 0.8863
vn 0.0337 -0.9010 0.4326
vn 0.5605 -0.8266 0.0504
vn 0.9456 -0.3016 0.1220
vn 0.2772 0.0747 0.9579
vn -0.4912 0.5786 -0.6512
vn -0.4682 0.5507 -0.6910
vn -0.8238 0.4202 -0.3804
vn -0.7362 0.5946 -0.3232
vn -0.5543 0.4975 -0.6672
vn -0.8273 0.2558 -0.5002
vn -0.5302 0.5839 -0.6147
vn -0.7457 0.1454 -0.6503
vn -0.5750 0.5655 -0.5913
vn -0.4675 0.5080 -0.7235
vn -0.5879 0.7323 -0.3437
vn -0.4893 0.4616 -0.7399
vn -0.4186 0.7963 -0.4366
vn -0.5276 0.4243 -0.7359
vn -0.2738 0.7696 -0.5768
vn -0.5723 0.4058 -0.7126
vn -0.1921 0.6592 -0.7270
vn -0.6114 0.4112 -0.6761
vn -0.1956 0.4948 -0.8467
vn -0.2832 0.3204 -0.9040
vn -0.4316 0.1826 -0.8834
vn -0.6008 0.1187 -0.7905
vn -0.6344 0.4390 -0.6363
vn -0.6352 0.4816 -0.6038
vn -0.6134 0.5280 -0.5874
vn -0.4912 0.5786 -0.6511
vn -0.4626 0.4961 -0.7347
vn -0.4682 0.5508 -0.6910
vn -0.4917 0.4466 -0.7475
vn -0.5366 0.4098 -0.7376
vn -0.4892 0.4617 -0.7399
vn -0.5852 0.3958 -0.7077
vn -0.4572 0.5452 -0.7027
vn -0.9855 -0.1171 -0.1225
vn -0.9653 0.2330 0.1177
vn -0.7719 0.5951 0.2239
vn -0.5303 0.5839 -0.6147
vn -0.4767 0.5806 -0.6600
vn -0.5286 -0.4323 -0.7305
vn -0.5162 0.5929 -0.6181
vn -0.5648 0.5788 -0.5882
vn 0.0802 -0.1063 -0.9911
vn -0.6097 0.5420 -0.5783
vn -0.6388 0.4925 -0.5911
vn -0.6443 0.4435 -0.6231
vn -0.5724 0.4058 -0.7125
vn -0.6246 0.4080 -0.6658
vn -0.0277 0.9952 -0.0936
vn -0.3914 0.8932 0.2212
vn 0.0406 -0.6059 -0.7945
vn -0.3159 -0.5909 -0.7423
vn -0.2148 0.6196 -0.7550
vn -0.6005 0.6098 -0.5172
vn -0.2023 0.9707 -0.1300
vn -0.0287 0.9735 -0.2268
vn 0.2542 0.6483 -0.7177
vn 0.3736 -0.6482 -0.6635
vn 0.6752 0.5235 -0.5198
vn 0.5943 -0.7065 -0.3844
vn -0.5996 -0.6072 -0.5213
vn -0.8161 0.5650 -0.1218
vn -0.3030 0.9522 0.0386
vn 0.0640 0.9858 0.1554
vn 0.1324 0.9741 -0.1833
vn 0.2945 0.9421 -0.1603
vn -0.7354 -0.6504 -0.1901
vn -0.8046 0.4972 0.3247
vn -0.3054 0.9235 0.2320
vn -0.6864 -0.7090 0.1621
vn -0.5702 0.4245 0.7033
vn -0.2113 0.8924 0.3986
vn -0.4657 -0.7672 0.4411
vn -0.2283 0.2646 0.9369
vn -0.0255 0.8494 0.5271
vn -0.1328 -0.8095 0.5720
vn 0.2219 0.3385 0.9144
vn 0.2001 0.8525 0.4829
vn 0.2236 -0.8245 0.5199
vn 0.6216 0.3436 0.7040
vn 0.3556 0.8593 0.3676
vn 0.4341 0.8806 0.1900
vn 0.4126 0.9109 -0.0036
vn 0.5075 -0.8082 0.2988
vn 0.8643 0.3844 0.3243
vn 0.8843 0.4502 -0.1236
vn 0.6433 -0.7650 -0.0324
vn -0.5997 -0.6072 -0.5211
vn 0.2917 -0.9268 0.2365
vn 0.0569 -0.9310 0.3605
vn 0.1869 -0.8815 0.4336
vn 0.4371 -0.8672 0.2387
vn 0.4336 -0.9010 0.0134
vn -0.6863 -0.7090 0.1621
vn 0.4446 -0.8605 -0.2489
vn -0.4657 -0.7672 0.4410
vn -0.3157 -0.5910 -0.7424
vn -0.2080 -0.9125 0.3523
vn -0.1270 -0.8683 0.4795
vn -0.0642 -0.9858 -0.1550
vn 0.5565 -0.8291 -0.0530
vn 0.5133 -0.7775 -0.3632
vn 0.3217 -0.8161 -0.4801
vn -0.1327 -0.8095 0.5720
vn 0.0405 -0.6060 -0.7945
vn -0.4318 -0.8762 0.2141
vn -0.4204 -0.8311 0.3641
vn -0.5548 -0.8318 -0.0172
vn -0.6147 -0.7798 0.1184
vn 0.5942 -0.7064 -0.3846
vn -0.5438 -0.7913 -0.2795
vn -0.6579 -0.7282 -0.1919
vn 0.6432 -0.7650 -0.0324
vn -0.4019 -0.7655 -0.5025
vn -0.5384 -0.6902 -0.4835
vn -0.2882 -0.6758 -0.6784
vn 0.0256 -0.6890 -0.7243
vn 0.3190 -0.7263 -0.6089
vn 0.5076 -0.8082 0.2986
vn -0.1671 -0.7613 -0.6265
vn 0.2236 -0.8244 0.5199
vn 0.0978 -0.7798 -0.6183
vn 0.7248 0.6882 -0.0321
vn 0.5584 0.7545 -0.3448
vn -0.2539 0.7922 0.5549
vn -0.0086 0.7589 0.6511
vn -0.1320 0.6861 0.7154
vn -0.3993 0.7329 0.5508
vn -0.4162 0.8392 0.3500
vn 0.7095 0.6265 0.3226
vn -0.4521 0.8873 0.0913
vn 0.5166 0.5860 0.6243
vn 0.2549 0.8077 -0.5317
vn 0.2541 0.7483 0.6128
vn 0.1845 0.6634 0.7252
vn 0.0651 0.9826 0.1737
vn -0.5459 0.7913 0.2753
vn -0.5324 0.8457 -0.0371
vn -0.3518 0.9237 -0.1520
vn 0.1978 0.5774 0.7921
vn -0.1043 0.8334 -0.5427
vn 0.4636 0.7632 0.4502
vn 0.4654 0.6709 0.5773
vn -0.4231 0.8249 -0.3749
vn 0.5639 0.7995 0.2069
vn 0.6353 0.7066 0.3116
vn -0.6160 0.7843 -0.0732
vn 0.5280 0.8477 -0.0518
vn 0.6488 0.7610 -0.0009
vn -0.6313 0.7226 0.2815
vn 0.3657 0.8946 -0.2567
vn 0.5022 0.8194 -0.2764
vn 0.2348 0.8662 -0.4410
vn -0.0817 0.8889 -0.4507
vn -0.3625 0.8814 -0.3029
vn -0.4649 0.6563 0.5942
vn 0.1203 0.9279 -0.3529
vn -0.1614 0.6032 0.7811
vn -0.1423 0.9385 -0.3146
vn -0.1042 0.8334 -0.5428
vn 0.2548 0.8077 -0.5317
vn 0.1341 -0.3323 -0.9336
vn 0.5404 -0.3956 -0.7426
vn 0.1740 -0.8701 -0.4611
vn -0.0078 -0.8436 -0.5369
vn -0.3297 -0.3791 -0.8646
vn -0.4232 0.8249 -0.3749
vn -0.7286 -0.3332 -0.5985
vn 0.7923 -0.4803 -0.3764
vn 0.2902 -0.9068 -0.3059
vn -0.0648 -0.9828 -0.1727
vn -0.1642 -0.8611 -0.4813
vn -0.3229 -0.8410 -0.4341
vn 0.7248 0.6882 -0.0322
vn 0.8233 -0.5637 0.0665
vn 0.3109 -0.9435 -0.1150
vn 0.7095 0.6264 0.3228
vn 0.6261 -0.6237 0.4679
vn 0.2332 -0.9705 0.0605
vn 0.5167 0.5860 0.6242
vn 0.3099 -0.5553 0.7717
vn 0.0608 -0.9752 0.2126
vn 0.1982 0.5774 0.7920
vn -0.1416 -0.6247 0.7679
vn -0.1680 -0.9671 0.1910
vn -0.1613 0.6032 0.7811
vn -0.5591 -0.5663 0.6055
vn -0.3335 -0.9380 0.0947
vn -0.4285 -0.9007 -0.0718
vn -0.4255 -0.8651 -0.2657
vn -0.4647 0.6563 0.5944
vn -0.8365 -0.4835 0.2579
vn -0.8990 -0.3981 -0.1828
vn 0.4820 0.2318 -0.8450
vn 0.5306 0.7480 -0.3988
vn 0.9968 -0.0560 -0.0571
vn 0.6806 0.7260 0.0984
vn 0.5770 0.5711 0.5839
vn 0.5609 -0.0687 0.8251
vn 0.3531 -0.9178 -0.1817
vn -0.5609 0.0687 -0.8251
vn -0.5769 -0.5712 -0.5839
vn -0.9968 0.0560 0.0571
vn -0.6806 -0.7260 -0.0984
vn -0.5305 -0.7480 0.3989
vn -0.4820 -0.2318 0.8450
vn -0.3531 0.9178 0.1817
vn -0.5017 0.6967 -0.5127
vn -0.5747 -0.7133 -0.4012
vn -0.3705 -0.8247 -0.4273
vn -0.0299 -0.9995 0.0089
vn -0.3781 -0.6914 -0.6157
vn -0.2032 -0.6698 -0.7142
vn 0.2241 -0.6406 -0.7344
vn 0.7046 -0.5518 0.4462
vn 0.6176 -0.4874 0.6173
vn 0.3314 -0.6131 0.7171
vn -0.0091 -0.7499 0.6614
vn -0.4724 -0.5947 0.6505
vn -0.7191 -0.6948 0.0091
vn 0.0220 -0.9995 0.0227
vn 0.6915 -0.7143 -0.1077
vn 0.6418 -0.6948 0.3246
vn 0.1393 -0.5933 0.7928
vn -0.2820 -0.7486 0.6001
vn -0.6125 -0.6116 0.5008
vn -0.8260 -0.4861 0.2854
vn -0.8293 -0.5509 0.0936
vn -0.3327 -0.6698 -0.6638
vn 0.4949 -0.6713 -0.5518
vn 0.6090 -0.6926 -0.3866
vn -0.1589 0.3619 0.9186
vn -0.8562 0.4040 0.3220
vn -0.8274 -0.1610 0.5381
vn -0.4123 -0.5150 0.7515
vn 0.2267 -0.4644 0.8561
vn 0.6707 0.0041 0.7418
vn 0.6474 0.5701 0.5059
vn 0.2237 0.9292 0.2941
vn -0.4092 0.8877 0.2109
vn -0.8077 -0.1254 0.5760
vn -0.8573 0.4106 0.3107
vn -0.6170 -0.1795 -0.7662
vn -0.4457 0.4600 -0.7679
vn 0.0108 -0.1298 -0.9915
vn -0.0925 -0.2837 -0.9544
vn -0.0900 -0.4724 -0.8768
vn -0.6471 -0.6887 -0.3271
vn -0.3898 -0.5146 0.7637
vn -0.4256 0.8866 0.1813
vn 0.2181 0.4244 -0.8788
vn 0.2143 -0.1375 -0.9670
vn 0.1556 -0.3410 -0.9271
vn 0.0803 -0.5677 -0.8193
vn -0.0433 -0.9194 -0.3908
vn 0.2527 -0.4982 0.8294
vn 0.2143 0.9297 0.2997
vn 0.7632 0.3677 -0.5314
vn 0.3708 -0.2051 -0.9058
vn 0.3868 -0.3774 -0.8414
vn 0.2851 -0.5487 -0.7859
vn 0.5916 -0.7976 -0.1175
vn 0.6966 -0.0182 0.7172
vn 0.6470 0.5634 0.5138
vn 0.8141 -0.2973 -0.4989
vn -0.0682 -0.9955 -0.0661
vn -0.3245 -0.9358 0.1381
vn -0.1820 -0.8567 0.4826
vn -0.2384 -0.9536 0.1838
vn -0.0505 -0.9948 -0.0883
vn 0.0085 -0.9992 0.0385
vn 0.0242 -0.9896 0.1421
vn -0.0677 -0.9855 0.1556
vn -0.0195 -0.9880 0.1533
vn -0.0096 -0.9988 -0.0483
vn -0.0050 -0.9982 -0.0591
vn 0.1190 -0.9903 -0.0714
vn 0.1380 -0.9903 0.0189
vn 0.0076 -0.9997 -0.0231
vn 0.0082 -0.9945 -0.1047
vn -0.0526 -0.9729 -0.2252
vn -0.0172 -0.9975 -0.0690
vn 0.0171 -0.9849 -0.1720
vn -0.5319 -0.7547 -0.3841
vt 0.740100 0.589200
vt 0.739400 0.578000
vt 0.748300 0.589400
vt 0.747000 0.577200
vt 0.758200 0.575700
vt 0.759800 0.587600
vt 0.737800 0.566500
vt 0.745500 0.565300
vt 0.756700 0.563800
vt 0.736100 0.555000
vt 0.744000 0.553500
vt 0.755400 0.551900
vt 0.734600 0.543400
vt 0.742600 0.541800
vt 0.754000 0.539900
vt 0.741100 0.530100
vt 0.752500 0.527700
vt 0.739300 0.518500
vt 0.750400 0.515300
vt 0.733100 0.531900
vt 0.731300 0.520700
vt 0.728800 0.509900
vt 0.736600 0.507200
vt 0.747300 0.503000
vt 0.732700 0.496200
vt 0.742800 0.490900
vt 0.727500 0.485800
vt 0.736900 0.479500
vt 0.729500 0.469200
vt 0.725400 0.499600
vt 0.720700 0.489900
vt 0.714700 0.481000
vt 0.720900 0.476200
vt 0.721200 0.459900
vt 0.713100 0.467300
vt 0.712700 0.451200
vt 0.704200 0.458900
vt 0.699300 0.465600
vt 0.707500 0.472800
vt 0.423500 0.537400
vt 0.439500 0.537400
vt 0.423400 0.541800
vt 0.439500 0.541800
vt 0.423400 0.546800
vt 0.439500 0.546800
vt 0.423400 0.551700
vt 0.439400 0.551700
vt 0.423400 0.556100
vt 0.439400 0.556200
vt 0.439400 0.560600
vt 0.423400 0.560500
vt 0.439400 0.565500
vt 0.423400 0.565500
vt 0.439400 0.570500
vt 0.423400 0.570400
vt 0.439400 0.574900
vt 0.423400 0.574800
vt 0.982900 0.839500
vt 0.972500 0.846900
vt 0.973100 0.866700
vt 0.964500 0.867200
vt 0.963300 0.887700
vt 0.971400 0.893100
vt 0.962200 0.905900
vt 0.969900 0.914500
vt 0.961600 0.923100
vt 0.950200 0.864000
vt 0.947300 0.888400
vt 0.944600 0.908600
vt 0.942900 0.924600
vt 0.926500 0.923800
vt 0.920100 0.913700
vt 0.918700 0.925500
vt 0.957400 0.836500
vt 0.943800 0.837900
vt 0.930700 0.850200
vt 0.935600 0.870800
vt 0.929300 0.895200
vt 0.911300 0.898500
vt 0.912000 0.916000
vt 0.904500 0.926900
vt 0.950900 0.823400
vt 0.943500 0.825700
vt 0.927200 0.829800
vt 0.920700 0.834200
vt 0.918800 0.854900
vt 0.924000 0.875100
vt 0.906300 0.885800
vt 0.950100 0.816500
vt 0.941900 0.817000
vt 0.928900 0.825700
vt 0.916600 0.823100
vt 0.916900 0.826100
vt 0.912200 0.835600
vt 0.948000 0.801400
vt 0.941000 0.805700
vt 0.927600 0.817300
vt 0.915800 0.819800
vt 0.938600 0.793500
vt 0.928100 0.805100
vt 0.918900 0.804500
vt 0.915900 0.815400
vt 0.946000 0.788300
vt 0.940800 0.782900
vt 0.931300 0.792300
vt 0.924400 0.791000
vt 0.930700 0.782700
vt 0.911200 0.824100
vt 0.900900 0.824700
vt 0.901300 0.837400
vt 0.901300 0.851200
vt 0.905400 0.860900
vt 0.903200 0.874000
vt 0.891200 0.828700
vt 0.892700 0.838900
vt 0.892400 0.849700
vt 0.891200 0.857700
vt 0.897600 0.859600
vt 0.895900 0.861500
vt 0.880000 0.831800
vt 0.879500 0.839700
vt 0.879600 0.849600
vt 0.878600 0.856500
vt 0.867500 0.832200
vt 0.866100 0.840400
vt 0.866700 0.849100
vt 0.867500 0.857000
vt 0.860500 0.834300
vt 0.857200 0.840600
vt 0.856500 0.848600
vt 0.859500 0.854100
vt 0.379800 0.354400
vt 0.383600 0.365700
vt 0.397500 0.368000
vt 0.399200 0.378300
vt 0.413300 0.376100
vt 0.411300 0.384600
vt 0.427200 0.388900
vt 0.430000 0.383500
vt 0.446800 0.390500
vt 0.376600 0.383700
vt 0.395100 0.392400
vt 0.406400 0.398300
vt 0.421300 0.407800
vt 0.437600 0.414700
vt 0.445900 0.396900
vt 0.465800 0.401500
vt 0.468400 0.395900
vt 0.387600 0.404100
vt 0.396100 0.412200
vt 0.409800 0.425800
vt 0.422700 0.426900
vt 0.430500 0.434300
vt 0.458200 0.422100
vt 0.371300 0.400400
vt 0.379200 0.415400
vt 0.384700 0.425700
vt 0.395900 0.438400
vt 0.412800 0.443100
vt 0.424200 0.450300
vt 0.451300 0.442100
vt 0.370500 0.409600
vt 0.367600 0.425000
vt 0.377500 0.430600
vt 0.387300 0.442800
vt 0.395600 0.451700
vt 0.403600 0.454300
vt 0.409800 0.459700
vt 0.359400 0.421300
vt 0.354600 0.433600
vt 0.364200 0.438900
vt 0.370300 0.434500
vt 0.379900 0.447300
vt 0.384600 0.454400
vt 0.350300 0.428500
vt 0.339700 0.443400
vt 0.346500 0.446300
vt 0.358500 0.442900
vt 0.372500 0.451100
vt 0.341500 0.454800
vt 0.346900 0.453400
vt 0.352800 0.449400
vt 0.365700 0.454300
vt 0.373500 0.461500
vt 0.348300 0.465400
vt 0.353100 0.460900
vt 0.358500 0.458400
vt 0.358300 0.464300
vt 0.358600 0.469200
vt 0.375100 0.465700
vt 0.386900 0.459900
vt 0.397000 0.460800
vt 0.398100 0.461700
vt 0.400700 0.465200
vt 0.401000 0.472100
vt 0.412300 0.468700
vt 0.423800 0.463200
vt 0.441000 0.468200
vt 0.446800 0.457000
vt 0.410100 0.479800
vt 0.422200 0.471700
vt 0.437500 0.476500
vt 0.448600 0.480000
vt 0.455000 0.470500
vt 0.399300 0.481700
vt 0.405700 0.491300
vt 0.416600 0.487900
vt 0.419300 0.481700
vt 0.432500 0.485600
vt 0.442900 0.488900
vt 0.397900 0.492700
vt 0.404600 0.507200
vt 0.414800 0.495800
vt 0.427500 0.498200
vt 0.430200 0.491500
vt 0.398600 0.509500
vt 0.406400 0.519700
vt 0.411300 0.513700
vt 0.411700 0.505000
vt 0.424000 0.507900
vt 0.429200 0.513100
vt 0.438600 0.499600
vt 0.421700 0.524500
vt 0.421300 0.517100
vt 0.434200 0.520300
vt 0.443700 0.507800
vt 0.449800 0.497800
vt 0.452900 0.489100
vt 0.459900 0.479000
vt 0.462600 0.467900
vt 0.463800 0.453000
vt 0.465900 0.435100
vt 0.462300 0.479400
vt 0.468200 0.472500
vt 0.477000 0.464100
vt 0.477500 0.448500
vt 0.478700 0.426500
vt 0.484100 0.404000
vt 0.462100 0.480900
vt 0.467200 0.487400
vt 0.474400 0.483700
vt 0.482500 0.473300
vt 0.498900 0.468300
vt 0.497900 0.459500
vt 0.497500 0.447000
vt 0.495400 0.426600
vt 0.472300 0.501900
vt 0.480000 0.498900
vt 0.487600 0.490000
vt 0.486500 0.482700
vt 0.500100 0.477900
vt 0.512100 0.475600
vt 0.512500 0.459100
vt 0.479400 0.513700
vt 0.485000 0.509300
vt 0.491900 0.504400
vt 0.490300 0.497600
vt 0.504000 0.493200
vt 0.502900 0.486900
vt 0.489400 0.516200
vt 0.494400 0.510500
vt 0.504000 0.509100
vt 0.504500 0.502100
vt 0.511900 0.503300
vt 0.513500 0.491000
vt 0.486800 0.523000
vt 0.496800 0.517300
vt 0.504100 0.515500
vt 0.509500 0.512600
vt 0.496500 0.527300
vt 0.508800 0.524900
vt 0.516400 0.516400
vt 0.520300 0.506400
vt 0.522500 0.490900
vt 0.521300 0.476000
vt 0.521300 0.462600
vt 0.529500 0.451300
vt 0.517000 0.445400
vt 0.531800 0.432000
vt 0.511500 0.426000
vt 0.498700 0.406200
vt 0.538700 0.447000
vt 0.545400 0.444900
vt 0.543300 0.428900
vt 0.529800 0.411000
vt 0.514500 0.407600
vt 0.500500 0.398800
vt 0.486000 0.397600
vt 0.555300 0.436700
vt 0.553600 0.420100
vt 0.542800 0.403300
vt 0.529600 0.394100
vt 0.518400 0.398100
vt 0.552600 0.444900
vt 0.562100 0.441500
vt 0.561500 0.428800
vt 0.571800 0.417100
vt 0.564900 0.408200
vt 0.553700 0.393800
vt 0.542000 0.386300
vt 0.559400 0.448600
vt 0.573800 0.448900
vt 0.577200 0.442300
vt 0.568100 0.434500
vt 0.577200 0.425300
vt 0.584900 0.419000
vt 0.578800 0.409800
vt 0.570000 0.456500
vt 0.584200 0.456100
vt 0.586700 0.449600
vt 0.587100 0.434700
vt 0.584500 0.462600
vt 0.595800 0.457800
vt 0.592000 0.452600
vt 0.597800 0.446600
vt 0.593900 0.441600
vt 0.595500 0.429700
vt 0.604400 0.448900
vt 0.599700 0.440000
vt 0.606800 0.439700
vt 0.604200 0.425300
vt 0.592500 0.413100
vt 0.588900 0.404100
vt 0.571300 0.397300
vt 0.565800 0.379400
vt 0.562800 0.370200
vt 0.586300 0.386800
vt 0.576000 0.369000
vt 0.707000 0.894500
vt 0.716500 0.888500
vt 0.689600 0.870600
vt 0.695100 0.863900
vt 0.667100 0.854800
vt 0.670100 0.848400
vt 0.654100 0.841400
vt 0.650300 0.849400
vt 0.637500 0.836400
vt 0.634200 0.846100
vt 0.735500 0.874900
vt 0.709200 0.844600
vt 0.681500 0.827200
vt 0.665000 0.820800
vt 0.652100 0.814900
vt 0.647200 0.813100
vt 0.617600 0.829400
vt 0.612400 0.841500
vt 0.763300 0.854000
vt 0.721600 0.819100
vt 0.694200 0.802600
vt 0.669700 0.788800
vt 0.663200 0.786200
vt 0.659900 0.783100
vt 0.626100 0.802900
vt 0.769500 0.842800
vt 0.726500 0.812100
vt 0.696500 0.794300
vt 0.674000 0.782500
vt 0.668600 0.779400
vt 0.663000 0.775100
vt 0.638500 0.771000
vt 0.772400 0.824400
vt 0.736100 0.800000
vt 0.707300 0.781400
vt 0.675400 0.763000
vt 0.647900 0.753300
vt 0.641500 0.763100
vt 0.611500 0.759700
vt 0.607300 0.797800
vt 0.598200 0.825600
vt 0.615200 0.750800
vt 0.599900 0.757300
vt 0.584900 0.791700
vt 0.572700 0.818100
vt 0.593100 0.836100
vt 0.621400 0.739000
vt 0.602000 0.742900
vt 0.585300 0.746400
vt 0.552200 0.786100
vt 0.547100 0.813900
vt 0.570300 0.831800
vt 0.606900 0.733100
vt 0.597700 0.725100
vt 0.589600 0.736900
vt 0.551900 0.732200
vt 0.521600 0.786000
vt 0.522700 0.812000
vt 0.543200 0.826500
vt 0.552700 0.708900
vt 0.552500 0.720500
vt 0.522100 0.721800
vt 0.521600 0.732300
vt 0.489100 0.742900
vt 0.493800 0.782000
vt 0.499000 0.811200
vt 0.519800 0.710000
vt 0.486200 0.732300
vt 0.455600 0.745100
vt 0.459900 0.755400
vt 0.468600 0.785600
vt 0.476900 0.814500
vt 0.482100 0.723200
vt 0.449300 0.734000
vt 0.419400 0.758900
vt 0.424400 0.768900
vt 0.435400 0.799800
vt 0.448500 0.823300
vt 0.477500 0.825800
vt 0.498600 0.822600
vt 0.410900 0.749100
vt 0.389700 0.778400
vt 0.393900 0.788300
vt 0.410700 0.813800
vt 0.424300 0.832800
vt 0.431600 0.844300
vt 0.453000 0.832800
vt 0.383700 0.763100
vt 0.354400 0.776300
vt 0.356400 0.795300
vt 0.361000 0.808400
vt 0.383300 0.836600
vt 0.399800 0.854200
vt 0.408800 0.861400
vt 0.520800 0.822700
vt 1.452400 0.881700
vt 1.458700 0.881200
vt 1.451900 0.879500
vt 1.462000 0.885200
vt 1.462300 0.877100
vt 1.467200 0.881700
vt 1.466700 0.872900
vt 1.459200 0.866900
vt 1.461200 0.865100
vt 1.455500 0.861500
vt 1.457200 0.889800
vt 1.468300 0.892000
vt 1.471900 0.892700
vt 1.476600 0.891200
vt 1.475500 0.879000
vt 1.469100 0.866600
vt 1.451300 0.883100
vt 1.453600 0.896800
vt 1.462900 0.898900
vt 1.477400 0.902100
vt 1.485800 0.903700
vt 1.488000 0.895600
vt 1.484700 0.889600
vt 1.449600 0.893300
vt 1.447900 0.898800
vt 1.456200 0.902900
vt 1.459300 0.910600
vt 1.470300 0.908600
vt 1.479000 0.908800
vt 1.445700 0.886600
vt 1.441400 0.890400
vt 1.435800 0.895500
vt 1.441600 0.907100
vt 1.451100 0.909300
vt 1.462200 0.916800
vt 1.469700 0.914900
vt 1.438500 0.881400
vt 1.434100 0.886600
vt 1.429600 0.891100
vt 1.429000 0.898100
vt 1.431600 0.908900
vt 1.443300 0.881500
vt 1.440300 0.871300
vt 1.438300 0.870700
vt 1.433300 0.880600
vt 1.430300 0.886000
vt 1.423800 0.885700
vt 1.418200 0.890900
vt 1.418100 0.907700
vt 1.438400 0.865100
vt 1.436400 0.864700
vt 1.435200 0.870200
vt 1.430900 0.880400
vt 1.426900 0.883100
vt 1.420000 0.880900
vt 1.416400 0.880000
vt 1.411700 0.880000
vt 1.406600 0.887600
vt 1.407300 0.908000
vt 1.429400 0.877800
vt 1.422200 0.879200
vt 1.418200 0.872000
vt 1.426500 0.874100
vt 1.403600 0.873800
vt 1.394100 0.885500
vt 1.396000 0.905900
vt 1.395800 0.928300
vt 1.407700 0.927100
vt 1.419000 0.925600
vt 1.391200 0.870400
vt 1.383100 0.871500
vt 1.383100 0.886600
vt 1.383500 0.906000
vt 1.384900 0.928700
vt 1.400100 0.868700
vt 1.391600 0.861900
vt 1.385500 0.860800
vt 1.380300 0.859900
vt 1.374300 0.870700
vt 1.370500 0.887400
vt 1.369800 0.907700
vt 1.370100 0.928200
vt 1.399400 0.863900
vt 1.400600 0.859200
vt 1.352300 0.926600
vt 1.354500 0.901500
vt 1.359500 0.881800
vt 1.366100 0.865500
vt 1.371400 0.857600
vt 1.368300 0.856500
vt 1.430100 0.924600
vt 1.437100 0.925100
vt 1.450100 0.920400
vt 1.462300 0.928100
vt 1.468100 0.921800
vt 1.447900 0.928600
vt 1.455100 0.934700
vt 1.460000 0.940200
vt 1.469300 0.934000
vt 1.475300 0.927000
vt 1.472300 0.919500
vt 1.476400 0.914900
vt 1.468900 0.950700
vt 1.476400 0.940400
vt 1.481600 0.929500
vt 1.476800 0.924700
vt 1.479700 0.921600
vt 1.481500 0.917500
vt 1.481000 0.913700
vt 1.484000 0.947800
vt 1.486700 0.936600
vt 1.490400 0.927300
vt 1.484000 0.920800
vt 1.478700 0.961100
vt 1.490400 0.954400
vt 1.491300 0.942500
vt 1.492400 0.934800
vt 1.502500 0.928000
vt 1.495800 0.921600
vt 1.488500 0.916600
vt 1.485100 0.964600
vt 1.494900 0.958500
vt 1.502500 0.945900
vt 1.495600 0.937000
vt 1.489900 0.967300
vt 1.500500 0.964100
vt 1.511100 0.954400
vt 1.515400 0.932700
vt 1.501700 0.982900
vt 1.509000 0.974900
vt 1.512900 0.965300
vt 1.527500 0.951300
vt 1.522800 0.944500
vt 1.509800 0.989800
vt 1.518700 0.984100
vt 1.520600 0.970100
vt 1.530800 0.967000
vt 1.545200 0.953400
vt 1.548700 0.941200
vt 1.533100 0.934800
vt 1.520700 0.995500
vt 1.530700 0.983300
vt 1.537300 0.982800
vt 1.543300 0.966600
vt 1.546600 0.982400
vt 1.485300 0.915500
vt 1.482600 0.910800
vt 1.486000 0.908200
vt 1.486800 0.911600
vt 1.489900 0.912100
vt 1.488500 0.905700
vt 1.492800 0.901800
vt 1.494300 0.887800
vt 1.495700 0.909800
vt 1.500700 0.901700
vt 1.502900 0.891300
vt 1.497800 0.883500
vt 1.495000 0.883000
vt 1.482100 0.879100
vt 1.504300 0.911800
vt 1.509300 0.903000
vt 1.511200 0.890700
vt 1.508900 0.884000
vt 1.501800 0.880300
vt 1.513000 0.916400
vt 1.517100 0.907900
vt 1.518600 0.897300
vt 1.521200 0.888600
vt 1.515100 0.886100
vt 1.520900 0.920100
vt 1.521300 0.910200
vt 1.525500 0.899200
vt 1.525900 0.884800
vt 1.519500 0.872100
vt 1.513100 0.880500
vt 1.544600 0.922400
vt 1.529200 0.908300
vt 1.544000 0.890100
vt 1.530700 0.873300
vt 1.555600 0.930400
vt 1.563700 0.921900
vt 1.554700 0.909200
vt 1.550400 0.899600
vt 1.558900 0.890600
vt 1.548800 0.877300
vt 1.538200 0.865700
vt 1.530200 0.864600
vt 1.572200 0.913100
vt 1.560900 0.895400
vt 1.559700 0.893400
vt 1.576300 0.893600
vt 1.576500 0.880000
vt 1.558400 0.880600
vt 1.558300 0.868200
vt 1.553400 0.865400
vt 1.577600 0.870300
vt 1.564100 0.861600
vt 1.557800 0.862600
vt 1.558100 0.858900
vt 1.548500 0.859200
vt 1.538100 0.859000
vt 1.580500 0.863500
vt 1.553300 0.856300
vt 1.543100 0.847100
vt 1.532200 0.854000
vt 1.529400 0.861300
vt 1.520300 0.860500
vt 1.519400 0.865900
vt 1.538200 0.843000
vt 1.530500 0.847200
vt 1.528500 0.851400
vt 1.527900 0.856900
vt 1.521200 0.855000
vt 1.515800 0.858700
vt 1.515700 0.867200
vt 1.530300 0.839800
vt 1.532600 0.837500
vt 1.517900 0.872400
vt 1.516600 0.853900
vt 1.521000 0.850400
vt 1.517300 0.849400
vt 1.523700 0.845600
vt 1.517600 0.840600
vt 1.526900 0.851900
vt 1.509800 0.879100
vt 1.505500 0.878400
vt 1.456700 0.860100
vt 1.463100 0.862900
vt 1.463100 0.861400
vt 1.462100 0.859200
vt 1.469000 0.861900
vt 1.471400 0.855600
vt 1.473800 0.862100
vt 1.476200 0.870800
vt 1.479000 0.865500
vt 1.478400 0.860800
vt 1.476100 0.858900
vt 1.472600 0.855500
vt 1.481200 0.871300
vt 1.485400 0.869600
vt 1.482000 0.864400
vt 1.484000 0.863700
vt 1.479400 0.856100
vt 1.472400 0.851300
vt 1.489300 0.875900
vt 1.490400 0.866700
vt 1.493200 0.875300
vt 0.097000 0.280900
vt 0.102000 0.274300
vt 0.106800 0.287900
vt 0.111900 0.281600
vt 0.764000 0.511700
vt 0.771800 0.467500
vt 0.757000 0.467700
vt 0.776400 0.469800
vt 0.784200 0.464900
vt 0.807000 0.509000
vt 0.795900 0.465600
vt 0.798900 0.463600
vt 0.817200 0.465700
vt 0.849900 0.506300
vt 0.834500 0.463200
vt 0.838900 0.461900
vt 0.769900 0.550000
vt 0.809400 0.547500
vt 0.849000 0.545000
vt 0.775100 0.591200
vt 0.812000 0.589000
vt 0.849000 0.586800
vt 0.778100 0.627600
vt 0.814200 0.625500
vt 0.850400 0.623500
vt 0.781100 0.661600
vt 0.816200 0.659900
vt 0.851300 0.658000
vt 0.784000 0.697900
vt 0.817900 0.696500
vt 0.852100 0.694800
vt 0.819300 0.730300
vt 0.852500 0.728800
vt 0.818800 0.762200
vt 0.850100 0.760900
vt 0.786700 0.731500
vt 0.788900 0.762900
vt 0.789700 0.793200
vt 0.817500 0.793900
vt 0.845600 0.794900
vt 0.816800 0.820200
vt 0.838600 0.824600
vt 0.814100 0.842900
vt 0.835300 0.848900
vt 0.789100 0.816100
vt 0.788300 0.834600
vt 0.785600 0.853700
vt 0.810800 0.864800
vt 0.830800 0.872300
vt 0.811200 0.884100
vt 0.821500 0.892200
vt 0.793300 0.874800
vt 0.783800 0.867300
vt 0.842700 0.463000
vt 0.851100 0.459600
vt 0.859400 0.459900
vt 0.858000 0.506500
vt 0.841600 0.454200
vt 0.850500 0.453600
vt 0.857100 0.545100
vt 0.834000 0.464000
vt 0.837900 0.454400
vt 0.857200 0.586600
vt 0.858500 0.623200
vt 0.770000 0.628300
vt 0.767000 0.592100
vt 0.859400 0.657700
vt 0.773000 0.662300
vt 0.860300 0.694600
vt 0.860600 0.729000
vt 0.775900 0.698500
vt 0.858200 0.761700
vt 0.778600 0.732100
vt 0.780800 0.763200
vt 0.781600 0.793100
vt 0.853600 0.796300
vt 0.780900 0.815900
vt 0.846500 0.826200
vt 0.843100 0.850100
vt 0.839000 0.871400
vt 0.780300 0.834000
vt 0.839200 0.892900
vt 0.846800 0.889800
vt 0.777500 0.852300
vt 0.782200 0.867200
vt 0.774300 0.865200
vt 0.761800 0.551100
vt 0.756000 0.512900
vt 0.798500 0.464900
vt 0.748900 0.469000
vt 0.783600 0.457900
vt 0.790200 0.457400
vt 0.798200 0.456900
vt 0.817500 0.455600
vt 0.756500 0.459600
vt 0.771200 0.458600
vt 0.775400 0.458400
vt 0.833500 0.454700
vt 0.545300 0.002100
vt 0.523100 0.011300
vt 0.550900 0.030600
vt 0.528100 0.036200
vt 0.553500 0.044400
vt 0.531100 0.054100
vt 0.562300 0.068400
vt 0.541700 0.078200
vt 0.560600 0.103000
vt 0.577600 0.095500
vt 0.501800 0.019900
vt 0.504900 0.049700
vt 0.516300 0.065800
vt 0.519000 0.084500
vt 0.551100 0.112600
vt 0.484300 0.045800
vt 0.492900 0.069800
vt 0.489800 0.084300
vt 0.508300 0.108700
vt 0.539900 0.129500
vt 0.501300 0.129500
vt 0.527200 0.149400
vt 0.481200 0.023700
vt 0.461900 0.044700
vt 0.461300 0.070300
vt 0.459700 0.083900
vt 0.487100 0.099800
vt 0.481400 0.121800
vt 0.460900 0.022900
vt 0.434900 0.046600
vt 0.434600 0.071100
vt 0.436000 0.085200
vt 0.458700 0.101000
vt 0.456300 0.118400
vt 0.479400 0.130300
vt 0.435100 0.020200
vt 0.409100 0.046300
vt 0.410900 0.073400
vt 0.412800 0.088900
vt 0.437500 0.104400
vt 0.437200 0.120100
vt 0.455500 0.124300
vt 0.402700 0.018500
vt 0.385800 0.043900
vt 0.389100 0.073100
vt 0.391000 0.089900
vt 0.396700 0.108500
vt 0.416600 0.106200
vt 0.383600 0.016600
vt 0.359600 0.045100
vt 0.364800 0.073600
vt 0.367700 0.089100
vt 0.371700 0.108500
vt 0.358700 0.015800
vt 0.337400 0.013800
vt 0.334700 0.051400
vt 0.339200 0.075900
vt 0.343000 0.088900
vt 0.350200 0.110900
vt 0.357100 0.130100
vt 0.378800 0.127800
vt 0.313000 0.040300
vt 0.314300 0.060400
vt 0.312800 0.079700
vt 0.318000 0.093300
vt 0.328800 0.119100
vt 0.317300 0.010200
vt 0.286200 0.008300
vt 0.288700 0.038800
vt 0.288500 0.064300
vt 0.287900 0.096500
vt 0.300700 0.103200
vt 0.302700 0.132900
vt 0.334200 0.138600
vt 0.258900 0.039700
vt 0.261200 0.068100
vt 0.259600 0.096900
vt 0.275900 0.117600
vt 0.289500 0.118900
vt 0.255300 0.008600
vt 0.257400 0.115800
vt 0.312300 0.153900
vt 0.316400 0.157400
vt 0.337200 0.144400
vt 0.359600 0.136000
vt 0.379400 0.132200
vt 0.399300 0.125900
vt 0.418300 0.123000
vt 0.436000 0.126700
vt 0.400900 0.130200
vt 0.419600 0.128100
vt 0.497400 0.136000
vt 0.523400 0.153300
vt 0.951100 0.775000
vt 0.950300 0.753000
vt 0.943100 0.776300
vt 0.940400 0.752000
vt 0.933900 0.752400
vt 0.935000 0.776500
vt 0.926700 0.776300
vt 0.925800 0.751500
vt 0.933500 0.727400
vt 0.925300 0.727200
vt 0.952000 0.728200
vt 0.941200 0.727900
vt 0.943100 0.708600
vt 0.933000 0.706300
vt 0.925200 0.706400
vt 0.926100 0.684400
vt 0.935200 0.685600
vt 0.926400 0.666000
vt 0.953100 0.710000
vt 0.955000 0.688500
vt 0.943400 0.686600
vt 0.945000 0.669800
vt 0.935400 0.664700
vt 0.925500 0.649900
vt 0.934700 0.647600
vt 0.920100 0.631300
vt 0.957900 0.671200
vt 0.949000 0.653800
vt 0.952700 0.642000
vt 0.941300 0.632600
vt 0.926300 0.627600
vt 0.912700 0.607100
vt 0.905900 0.612800
vt 0.960100 0.654300
vt 0.961300 0.641900
vt 0.960500 0.626800
vt 0.952600 0.628800
vt 0.936700 0.621500
vt 0.931300 0.609700
vt 0.928400 0.599100
vt 0.909500 0.593300
vt 0.892300 0.595700
vt 0.890500 0.604500
vt 0.947700 0.615900
vt 0.939900 0.607200
vt 0.945900 0.599000
vt 0.931100 0.589700
vt 0.911600 0.584500
vt 0.894900 0.587100
vt 0.955900 0.610400
vt 0.898000 0.578500
vt 0.873200 0.569600
vt 0.870000 0.577000
vt 0.867000 0.584000
vt 0.862900 0.591200
vt 1.523100 0.011300
vt 1.545300 0.002100
vt 1.550900 0.030600
vt 1.528100 0.036200
vt 1.501800 0.019900
vt 1.504900 0.049700
vt 1.484300 0.045800
vt 1.481200 0.023700
vt 1.461900 0.044700
vt 1.460900 0.022900
vt 1.553500 0.044400
vt 1.531100 0.054100
vt 1.516300 0.065800
vt 1.492900 0.069800
vt 1.461300 0.070300
vt 1.434900 0.046600
vt 1.435100 0.020200
vt 1.562300 0.068400
vt 1.541700 0.078200
vt 1.519000 0.084500
vt 1.489800 0.084300
vt 1.459700 0.083900
vt 1.434600 0.071100
vt 1.560600 0.103000
vt 1.551100 0.112600
vt 1.508300 0.108700
vt 1.487100 0.099800
vt 1.458700 0.101000
vt 1.436000 0.085200
vt 1.577600 0.095500
vt 1.539900 0.129500
vt 1.501300 0.129500
vt 1.481400 0.121800
vt 1.456300 0.118400
vt 1.437500 0.104400
vt 1.412800 0.088900
vt 1.410900 0.073400
vt 1.527200 0.149400
vt 1.497400 0.136000
vt 1.479400 0.130300
vt 1.455500 0.124300
vt 1.437200 0.120100
vt 1.416600 0.106200
vt 1.523400 0.153300
vt 1.436000 0.126700
vt 1.418300 0.123000
vt 1.396700 0.108500
vt 1.391000 0.089900
vt 1.419600 0.128100
vt 1.400900 0.130200
vt 1.399300 0.125900
vt 1.378800 0.127800
vt 1.371700 0.108500
vt 1.367700 0.089100
vt 1.389100 0.073100
vt 1.379400 0.132200
vt 1.359600 0.136000
vt 1.357100 0.130100
vt 1.350200 0.110900
vt 1.343000 0.088900
vt 1.364800 0.073600
vt 1.385800 0.043900
vt 1.409100 0.046300
vt 1.337200 0.144400
vt 1.334200 0.138600
vt 1.328800 0.119100
vt 1.318100 0.093300
vt 1.339200 0.075900
vt 1.359600 0.045100
vt 1.316400 0.157400
vt 1.312300 0.153900
vt 1.302700 0.132900
vt 1.300700 0.103200
vt 1.312800 0.079700
vt 1.314300 0.060400
vt 1.334700 0.051400
vt 1.289500 0.118900
vt 1.287900 0.096500
vt 1.288500 0.064300
vt 1.288700 0.038800
vt 1.313000 0.040300
vt 1.337400 0.013800
vt 1.275900 0.117600
vt 1.259600 0.096900
vt 1.261200 0.068100
vt 1.258900 0.039700
vt 1.286200 0.008300
vt 1.317300 0.010200
vt 1.257400 0.115800
vt 1.255300 0.008600
vt 1.358700 0.015800
vt 1.383600 0.016600
vt 1.402700 0.018500
vt 1.950300 0.753000
vt 1.951100 0.775000
vt 1.943100 0.776300
vt 1.940400 0.752000
vt 1.952000 0.728200
vt 1.941200 0.727900
vt 1.943100 0.708600
vt 1.953100 0.710000
vt 1.955000 0.688500
vt 1.933900 0.752400
vt 1.933500 0.727400
vt 1.933000 0.706300
vt 1.943400 0.686600
vt 1.957900 0.671200
vt 1.935000 0.776500
vt 1.926700 0.776300
vt 1.925800 0.751500
vt 1.925300 0.727200
vt 1.925200 0.706400
vt 1.926100 0.684400
vt 1.935200 0.685600
vt 1.945000 0.669800
vt 1.949000 0.653800
vt 1.960100 0.654300
vt 1.952700 0.642000
vt 1.961300 0.641900
vt 1.960500 0.626800
vt 1.926400 0.666000
vt 1.935400 0.664700
vt 1.934700 0.647600
vt 1.941300 0.632600
vt 1.952600 0.628800
vt 1.947700 0.615900
vt 1.955900 0.610400
vt 1.925500 0.649900
vt 1.920100 0.631300
vt 1.926300 0.627600
vt 1.936700 0.621500
vt 1.939900 0.607200
vt 1.945900 0.599000
vt 1.928400 0.599100
vt 1.931100 0.589700
vt 1.912700 0.607100
vt 1.931300 0.609700
vt 1.909500 0.593300
vt 1.911600 0.584500
vt 1.894900 0.587100
vt 1.898000 0.578500
vt 1.873200 0.569600
vt 1.905900 0.612800
vt 1.892300 0.595700
vt 1.867000 0.584000
vt 1.870000 0.577000
vt 1.890500 0.604500
vt 1.862900 0.591200
vt 0.776800 0.084900
vt 0.769300 0.076900
vt 0.774500 0.071500
vt 0.766300 0.064900
vt 0.770300 0.060500
vt 0.787800 0.069500
vt 0.786700 0.080700
vt 0.802800 0.074800
vt 0.794700 0.086000
vt 0.760900 0.071100
vt 0.758700 0.056300
vt 0.761600 0.054500
vt 0.774100 0.053800
vt 0.785200 0.056300
vt 0.800300 0.060100
vt 0.751300 0.062200
vt 0.750300 0.044800
vt 0.753200 0.043400
vt 0.765400 0.047700
vt 0.776600 0.042500
vt 0.793600 0.043200
vt 0.742300 0.047500
vt 0.746300 0.032000
vt 0.758000 0.027700
vt 0.762100 0.037600
vt 0.771500 0.034000
vt 0.783400 0.028900
vt 0.740500 0.031100
vt 0.749300 0.020300
vt 0.764300 0.022500
vt 0.774600 0.016900
vt 0.782300 0.011900
vt 0.791900 0.024900
vt 0.744500 0.015500
vt 0.756500 0.012400
vt 0.769300 0.008300
vt 0.774100 0.002200
vt 0.788600 0.007800
vt 0.801000 0.019800
vt 0.801900 0.038400
vt 0.750300 0.006600
vt 0.763700 0.002100
vt 0.790500 0.003300
vt 0.808800 0.008900
vt 0.806800 0.014900
vt 0.814100 0.028000
vt 0.808800 0.034900
vt 0.810900 0.058300
vt 0.811900 0.071700
vt 0.817600 0.022300
vt 0.828600 0.033800
vt 0.828300 0.041200
vt 0.819900 0.053100
vt 0.827000 0.063900
vt 0.822700 0.068200
vt 0.822100 0.017000
vt 0.831400 0.029500
vt 0.838400 0.045200
vt 0.830200 0.076200
vt 0.834100 0.073700
vt 0.841800 0.089000
vt 0.841000 0.070100
vt 0.836200 0.057400
vt 0.097800 0.481200
vt 0.111800 0.481400
vt 0.094900 0.497300
vt 0.111300 0.496100
vt 0.095800 0.521300
vt 0.111500 0.515300
vt 0.123200 0.539500
vt 0.111500 0.551300
vt 0.143100 0.563500
vt 0.125700 0.480400
vt 0.127000 0.494800
vt 0.128300 0.508600
vt 0.139000 0.532500
vt 0.144400 0.544600
vt 0.171300 0.557100
vt 0.143400 0.480100
vt 0.148300 0.500200
vt 0.153500 0.520800
vt 0.155200 0.540800
vt 0.169200 0.537300
vt 0.185300 0.534500
vt 0.187500 0.549900
vt 0.199600 0.562300
vt 0.168200 0.480000
vt 0.171000 0.496700
vt 0.169700 0.517300
vt 0.191200 0.481400
vt 0.191100 0.498000
vt 0.188900 0.517400
vt 0.207600 0.499800
vt 0.203100 0.520900
vt 0.195900 0.538600
vt 0.202500 0.546000
vt 0.229100 0.546900
vt 0.216800 0.532500
vt 0.244900 0.517700
vt 0.211800 0.480700
vt 0.225400 0.494900
vt 0.224400 0.509200
vt 0.225600 0.482100
vt 0.244300 0.494600
vt 0.240400 0.478900
vt 0.586000 0.860500
vt 0.605500 0.853400
vt 0.588400 0.864700
vt 0.610400 0.858600
vt 0.592300 0.870600
vt 0.610500 0.866400
vt 0.595200 0.879600
vt 0.614100 0.876100
vt 0.599200 0.884200
vt 0.609900 0.852200
vt 0.615500 0.861800
vt 0.618400 0.871800
vt 0.619500 0.886200
vt 0.616400 0.886000
vt 0.602300 0.889300
vt 0.602900 0.895200
vt 0.624700 0.857300
vt 0.629400 0.871100
vt 0.630600 0.884500
vt 0.630700 0.902000
vt 0.620500 0.901000
vt 0.616800 0.898500
vt 0.603500 0.898900
vt 0.621300 0.848100
vt 0.606500 0.910000
vt 0.618500 0.908300
vt 0.607400 0.914200
vt 0.611100 0.919600
vt 0.606700 0.922000
vt 0.601800 0.917600
vt 0.601700 0.911600
vt 0.589200 0.916900
vt 0.622300 0.907300
vt 0.620300 0.915900
vt 0.612300 0.924500
vt 0.609300 0.927400
vt 0.596300 0.934200
vt 0.591300 0.921800
vt 0.583500 0.918300
vt 0.637600 0.912400
vt 0.625500 0.916000
vt 0.621800 0.920800
vt 0.625000 0.925300
vt 0.615600 0.930800
vt 0.611700 0.935300
vt 0.641600 0.908200
vt 0.648600 0.918000
vt 0.642300 0.920700
vt 0.630800 0.927100
vt 0.628700 0.923800
vt 0.634800 0.898900
vt 0.630300 0.736000
vt 0.618100 0.732900
vt 0.618800 0.715100
vt 0.641800 0.713500
vt 0.645100 0.739200
vt 0.665900 0.716800
vt 0.665100 0.740200
vt 0.676600 0.714800
vt 0.679600 0.743000
vt 0.625000 0.692700
vt 0.637200 0.686100
vt 0.656600 0.687400
vt 0.667000 0.692800
vt 0.675500 0.691900
vt 0.689400 0.691500
vt 0.692300 0.714300
vt 0.697300 0.740500
vt 0.710800 0.737400
vt 0.716900 0.748100
vt 0.695000 0.756300
vt 0.667000 0.681400
vt 0.679000 0.678900
vt 0.688400 0.679900
vt 0.702400 0.688000
vt 0.707500 0.710400
vt 0.729800 0.731700
vt 0.669700 0.674800
vt 0.674400 0.663300
vt 0.681800 0.666200
vt 0.690400 0.667400
vt 0.700400 0.678400
vt 0.710300 0.675800
vt 0.715500 0.685100
vt 0.722100 0.706000
vt 0.743900 0.727900
vt 0.734700 0.742300
vt 0.698100 0.666500
vt 0.705700 0.663700
vt 0.718500 0.671500
vt 0.727800 0.682700
vt 0.736400 0.701500
vt 0.754300 0.723200
vt 0.697700 0.655400
vt 0.709600 0.656700
vt 0.707400 0.648700
vt 0.701000 0.644700
vt 0.691900 0.646600
vt 0.687200 0.653700
vt 0.690100 0.663100
vt 0.712300 0.661200
vt 0.726200 0.666600
vt 0.735400 0.679600
vt 0.745600 0.696700
vt 0.717600 0.656500
vt 0.732400 0.658400
vt 0.736600 0.665500
vt 0.742500 0.678300
vt 0.756100 0.699200
vt 0.762500 0.716600
vt 0.721600 0.651000
vt 0.736600 0.651000
vt 0.744000 0.648600
vt 0.726200 0.643500
vt 0.749400 0.738000
vt 0.749300 0.748500
vt 0.737000 0.753500
vt 0.721600 0.757700
vt 0.703900 0.765700
vt 0.895900 0.573100
vt 0.896500 0.543100
vt 0.913100 0.571000
vt 0.912100 0.540800
vt 0.938900 0.572000
vt 0.937800 0.537800
vt 0.960200 0.537500
vt 0.959600 0.571000
vt 0.966900 0.570600
vt 0.900300 0.537600
vt 0.911900 0.536000
vt 0.937700 0.534500
vt 0.952100 0.532000
vt 0.892100 0.530300
vt 0.898500 0.529400
vt 0.913300 0.527800
vt 0.934700 0.526800
vt 0.951300 0.524900
vt 0.868100 0.547400
vt 0.862900 0.529300
vt 0.867700 0.506700
vt 0.892100 0.503100
vt 0.897800 0.503000
vt 0.912400 0.508500
vt 0.934000 0.507300
vt 0.950900 0.499500
vt 0.962700 0.522200
vt 0.888400 0.486800
vt 0.900600 0.500900
vt 0.911800 0.506900
vt 0.933300 0.504900
vt 0.947600 0.496600
vt 0.873300 0.485200
vt 0.994400 0.535600
vt 0.990300 0.518700
vt 0.982200 0.493300
vt 0.961300 0.494500
vt 0.976600 0.475400
vt 0.957600 0.476200
vt 0.954800 0.484100
vt 0.951300 0.482000
vt 0.951100 0.473400
vt 0.951100 0.451100
vt 0.959400 0.454100
vt 0.932200 0.486000
vt 0.932800 0.477200
vt 0.929800 0.453500
vt 0.947200 0.438200
vt 0.955500 0.441800
vt 0.957200 0.420900
vt 0.912200 0.489000
vt 0.912900 0.480100
vt 0.910200 0.456600
vt 0.918900 0.441400
vt 0.945700 0.420000
vt 0.950700 0.393000
vt 0.898300 0.487800
vt 0.897800 0.480600
vt 0.892400 0.460200
vt 0.892200 0.447200
vt 0.887600 0.427100
vt 0.915600 0.422000
vt 0.882200 0.469000
vt 0.882600 0.450700
vt 0.876900 0.427200
vt 0.882600 0.402900
vt 0.913600 0.403600
vt 0.941300 0.395200
vt 0.938000 0.383300
vt 0.941900 0.375600
vt 0.874000 0.402600
vt 0.883500 0.389800
vt 0.896400 0.384700
vt 0.912000 0.380300
vt 0.928600 0.382600
vt 0.933000 0.370800
vt 0.871400 0.382000
vt 0.885700 0.370100
vt 0.911100 0.367100
vt 1.973100 0.866700
vt 1.972500 0.846900
vt 1.982900 0.839500
vt 1.964500 0.867200
vt 1.950200 0.864000
vt 1.957400 0.836500
vt 1.943800 0.837900
vt 1.950900 0.823400
vt 1.943500 0.825700
vt 1.950100 0.816500
vt 1.963300 0.887700
vt 1.947300 0.888400
vt 1.935600 0.870800
vt 1.930700 0.850200
vt 1.927200 0.829800
vt 1.971400 0.893100
vt 1.962200 0.905900
vt 1.944600 0.908600
vt 1.929300 0.895200
vt 1.924000 0.875100
vt 1.918800 0.854900
vt 1.920700 0.834200
vt 1.969900 0.914500
vt 1.961600 0.923100
vt 1.942900 0.924600
vt 1.926500 0.923800
vt 1.920100 0.913700
vt 1.911300 0.898500
vt 1.906300 0.885800
vt 1.903200 0.874000
vt 1.918700 0.925500
vt 1.912000 0.916000
vt 1.905900 0.905900
vt 1.902400 0.897600
vt 1.898500 0.894800
vt 1.899800 0.886100
vt 1.904500 0.926900
vt 1.901000 0.920400
vt 1.895900 0.911000
vt 1.901600 0.900500
vt 1.896000 0.930100
vt 1.892600 0.924100
vt 1.888100 0.916500
vt 1.883600 0.910000
vt 1.892400 0.903600
vt 1.882400 0.928700
vt 1.879300 0.923300
vt 1.871900 0.918900
vt 1.869100 0.926500
vt 1.872600 0.935100
vt 1.881400 0.935900
vt 1.892200 0.895000
vt 1.889700 0.887200
vt 1.897800 0.875300
vt 1.895900 0.861500
vt 1.905400 0.860900
vt 1.884000 0.895800
vt 1.880900 0.888800
vt 1.887000 0.877700
vt 1.884800 0.866600
vt 1.893800 0.861400
vt 1.874800 0.897100
vt 1.873800 0.890000
vt 1.879000 0.879900
vt 1.878800 0.870400
vt 1.862400 0.892200
vt 1.862100 0.882400
vt 1.871800 0.881000
vt 1.869900 0.873300
vt 1.861200 0.899600
vt 1.854100 0.894700
vt 1.852300 0.883600
vt 1.857800 0.876700
vt 1.897600 0.859600
vt 1.901300 0.851200
vt 1.912200 0.835600
vt 1.916900 0.826100
vt 1.891200 0.857700
vt 1.892400 0.849700
vt 1.892700 0.838900
vt 1.901300 0.837400
vt 1.900900 0.824700
vt 1.911200 0.824100
vt 1.878600 0.856500
vt 1.879600 0.849600
vt 1.879500 0.839700
vt 1.880000 0.831800
vt 1.891200 0.828700
vt 1.867500 0.857000
vt 1.866700 0.849100
vt 1.866100 0.840400
vt 1.867500 0.832200
vt 1.859500 0.854100
vt 1.856500 0.848600
vt 1.857200 0.840600
vt 1.860500 0.834300
vt 1.916600 0.823100
vt 1.928900 0.825700
vt 1.941900 0.817000
vt 1.948000 0.801400
vt 1.915800 0.819800
vt 1.927600 0.817300
vt 1.941000 0.805700
vt 1.938600 0.793500
vt 1.946000 0.788300
vt 1.940800 0.782900
vt 1.931300 0.792300
vt 1.930700 0.782700
vt 1.915900 0.815400
vt 1.918900 0.804500
vt 1.928100 0.805100
vt 1.924400 0.791000
vt 1.397500 0.368000
vt 1.383600 0.365700
vt 1.379800 0.354400
vt 1.399200 0.378300
vt 1.376600 0.383700
vt 1.395100 0.392400
vt 1.387600 0.404100
vt 1.371300 0.400400
vt 1.379200 0.415400
vt 1.370500 0.409600
vt 1.413300 0.376100
vt 1.411300 0.384600
vt 1.406400 0.398300
vt 1.396100 0.412200
vt 1.384700 0.425700
vt 1.367600 0.425000
vt 1.359400 0.421300
vt 1.427200 0.388900
vt 1.421300 0.407800
vt 1.409800 0.425800
vt 1.395900 0.438400
vt 1.387300 0.442800
vt 1.377500 0.430600
vt 1.430000 0.383500
vt 1.446800 0.390500
vt 1.445900 0.396900
vt 1.437600 0.414700
vt 1.422700 0.426900
vt 1.412800 0.443100
vt 1.403600 0.454300
vt 1.395600 0.451700
vt 1.465800 0.401500
vt 1.458200 0.422100
vt 1.430500 0.434300
vt 1.424200 0.450300
vt 1.409800 0.459700
vt 1.468400 0.395900
vt 1.484100 0.404000
vt 1.478700 0.426500
vt 1.465900 0.435100
vt 1.451300 0.442100
vt 1.486000 0.397600
vt 1.498700 0.406200
vt 1.495400 0.426600
vt 1.477500 0.448500
vt 1.463800 0.453000
vt 1.446800 0.457000
vt 1.500500 0.398800
vt 1.514500 0.407600
vt 1.511500 0.426000
vt 1.497500 0.447000
vt 1.497900 0.459500
vt 1.477000 0.464100
vt 1.462600 0.467900
vt 1.518400 0.398100
vt 1.529800 0.411000
vt 1.531800 0.432000
vt 1.517000 0.445400
vt 1.512500 0.459100
vt 1.498900 0.468300
vt 1.529600 0.394100
vt 1.542800 0.403300
vt 1.543300 0.428900
vt 1.545400 0.444900
vt 1.538700 0.447000
vt 1.529500 0.451300
vt 1.542000 0.386300
vt 1.553700 0.393800
vt 1.564900 0.408200
vt 1.553600 0.420100
vt 1.555300 0.436700
vt 1.552600 0.444900
vt 1.562100 0.441500
vt 1.559400 0.448600
vt 1.562800 0.370200
vt 1.565800 0.379400
vt 1.571300 0.397300
vt 1.578800 0.409800
vt 1.571800 0.417100
vt 1.561500 0.428800
vt 1.576000 0.369000
vt 1.586300 0.386800
vt 1.588900 0.404100
vt 1.592500 0.413100
vt 1.584900 0.419000
vt 1.577200 0.425300
vt 1.568100 0.434500
vt 1.577200 0.442300
vt 1.573800 0.448900
vt 1.595500 0.429700
vt 1.587100 0.434700
vt 1.604200 0.425300
vt 1.606800 0.439700
vt 1.599700 0.440000
vt 1.593900 0.441600
vt 1.586700 0.449600
vt 1.584200 0.456100
vt 1.570000 0.456500
vt 1.604400 0.448900
vt 1.597800 0.446600
vt 1.592000 0.452600
vt 1.595800 0.457800
vt 1.584500 0.462600
vt 1.521300 0.462600
vt 1.512100 0.475600
vt 1.500100 0.477900
vt 1.482500 0.473300
vt 1.468200 0.472500
vt 1.521300 0.476000
vt 1.513500 0.491000
vt 1.502900 0.486900
vt 1.486500 0.482700
vt 1.474400 0.483700
vt 1.522500 0.490900
vt 1.520300 0.506400
vt 1.511900 0.503300
vt 1.504000 0.493200
vt 1.487600 0.490000
vt 1.480000 0.498900
vt 1.472300 0.501900
vt 1.467200 0.487400
vt 1.516400 0.516400
vt 1.509500 0.512600
vt 1.504000 0.509100
vt 1.504500 0.502100
vt 1.490300 0.497600
vt 1.508800 0.524900
vt 1.504100 0.515500
vt 1.496800 0.517300
vt 1.494400 0.510500
vt 1.491900 0.504400
vt 1.496500 0.527300
vt 1.486800 0.523000
vt 1.489400 0.516200
vt 1.485000 0.509300
vt 1.479400 0.513700
vt 1.462100 0.480900
vt 1.462300 0.479400
vt 1.459900 0.479000
vt 1.455000 0.470500
vt 1.441000 0.468200
vt 1.423800 0.463200
vt 1.448600 0.480000
vt 1.437500 0.476500
vt 1.422200 0.471700
vt 1.412300 0.468700
vt 1.452900 0.489100
vt 1.442900 0.488900
vt 1.432500 0.485600
vt 1.419300 0.481700
vt 1.410100 0.479800
vt 1.401000 0.472100
vt 1.449800 0.497800
vt 1.438600 0.499600
vt 1.430200 0.491500
vt 1.416600 0.487900
vt 1.405700 0.491300
vt 1.399300 0.481700
vt 1.443700 0.507800
vt 1.429200 0.513100
vt 1.427500 0.498200
vt 1.414800 0.495800
vt 1.404600 0.507200
vt 1.397900 0.492700
vt 1.434200 0.520300
vt 1.421700 0.524500
vt 1.421300 0.517100
vt 1.424000 0.507900
vt 1.411700 0.505000
vt 1.411300 0.513700
vt 1.406400 0.519700
vt 1.398600 0.509500
vt 1.400700 0.465200
vt 1.398100 0.461700
vt 1.397000 0.460800
vt 1.386900 0.459900
vt 1.384600 0.454400
vt 1.379900 0.447300
vt 1.370300 0.434500
vt 1.373500 0.461500
vt 1.372500 0.451100
vt 1.364200 0.438900
vt 1.354600 0.433600
vt 1.350300 0.428500
vt 1.339700 0.443400
vt 1.375100 0.465700
vt 1.358600 0.469200
vt 1.358300 0.464300
vt 1.365700 0.454300
vt 1.358500 0.442900
vt 1.346500 0.446300
vt 1.341500 0.454800
vt 1.346900 0.453400
vt 1.348300 0.465400
vt 1.353100 0.460900
vt 1.358500 0.458400
vt 1.352800 0.449400
vt 1.716500 0.888500
vt 1.707000 0.894500
vt 1.689600 0.870600
vt 1.695100 0.863900
vt 1.735500 0.874900
vt 1.709200 0.844600
vt 1.763300 0.854000
vt 1.721600 0.819100
vt 1.769500 0.842800
vt 1.667100 0.854800
vt 1.670100 0.848400
vt 1.681500 0.827200
vt 1.694200 0.802600
vt 1.726500 0.812100
vt 1.772400 0.824400
vt 1.736100 0.800000
vt 1.707300 0.781400
vt 1.654100 0.841400
vt 1.665000 0.820800
vt 1.669700 0.788800
vt 1.696500 0.794300
vt 1.674000 0.782500
vt 1.675400 0.763000
vt 1.650300 0.849400
vt 1.637500 0.836400
vt 1.652100 0.814900
vt 1.663200 0.786200
vt 1.668600 0.779400
vt 1.634200 0.846100
vt 1.617600 0.829400
vt 1.647200 0.813100
vt 1.659900 0.783100
vt 1.663000 0.775100
vt 1.612400 0.841500
vt 1.598200 0.825600
vt 1.607300 0.797800
vt 1.626100 0.802900
vt 1.638500 0.771000
vt 1.641500 0.763100
vt 1.647900 0.753300
vt 1.593100 0.836100
vt 1.572700 0.818100
vt 1.584900 0.791700
vt 1.611500 0.759700
vt 1.570300 0.831800
vt 1.547100 0.813900
vt 1.552200 0.786100
vt 1.585300 0.746400
vt 1.599900 0.757300
vt 1.615200 0.750800
vt 1.543200 0.826500
vt 1.522700 0.812000
vt 1.521600 0.786000
vt 1.551900 0.732200
vt 1.589600 0.736900
vt 1.602000 0.742900
vt 1.520800 0.822700
vt 1.499000 0.811200
vt 1.493800 0.782000
vt 1.489100 0.742900
vt 1.521600 0.732300
vt 1.522100 0.721800
vt 1.552500 0.720500
vt 1.498600 0.822600
vt 1.476900 0.814500
vt 1.468600 0.785600
vt 1.459900 0.755400
vt 1.455600 0.745100
vt 1.486200 0.732300
vt 1.477500 0.825800
vt 1.448500 0.823300
vt 1.435400 0.799800
vt 1.424400 0.768900
vt 1.419400 0.758900
vt 1.449300 0.734000
vt 1.482100 0.723200
vt 1.453000 0.832800
vt 1.431600 0.844300
vt 1.424300 0.832800
vt 1.410700 0.813800
vt 1.393900 0.788300
vt 1.389700 0.778400
vt 1.410900 0.749100
vt 1.399800 0.854200
vt 1.383300 0.836600
vt 1.361000 0.808400
vt 1.356400 0.795300
vt 1.354400 0.776300
vt 1.383700 0.763100
vt 1.408800 0.861400
vt 1.519800 0.710000
vt 1.552700 0.708900
vt 1.597700 0.725100
vt 1.606900 0.733100
vt 1.621400 0.739000
vt 0.785600 0.939100
vt 0.778100 0.936500
vt 0.782300 0.923500
vt 0.773600 0.925500
vt 0.777400 0.910800
vt 0.768900 0.915000
vt 0.761500 0.902400
vt 0.767500 0.896500
vt 0.752100 0.893100
vt 0.754000 0.887600
vt 0.766900 0.939100
vt 0.766000 0.927000
vt 0.764600 0.916800
vt 0.759000 0.904400
vt 0.742800 0.901500
vt 0.740400 0.890400
vt 0.738300 0.884000
vt 0.778700 0.947200
vt 0.766300 0.950600
vt 0.755700 0.938400
vt 0.758400 0.927500
vt 0.757000 0.917100
vt 0.749700 0.909600
vt 0.735400 0.904600
vt 0.767700 0.959400
vt 0.752500 0.953600
vt 0.740100 0.940000
vt 0.747300 0.924600
vt 0.742200 0.916300
vt 0.779900 0.959400
vt 0.770600 0.973000
vt 0.762200 0.963800
vt 0.754800 0.969800
vt 0.744500 0.962600
vt 0.731800 0.945300
vt 0.778600 0.970400
vt 0.786700 0.990400
vt 0.766200 0.978100
vt 0.760600 0.984800
vt 0.742800 0.978500
vt 0.736700 0.968100
vt 0.725400 0.950100
vt 0.757600 0.992100
vt 0.737300 0.985600
vt 0.725400 0.980000
vt 0.722400 0.971500
vt 0.719200 0.950900
vt 0.717900 0.935300
vt 0.724700 0.930200
vt 0.716000 0.981500
vt 0.714700 0.967000
vt 0.712600 0.951100
vt 0.710800 0.938200
vt 0.711300 0.919200
vt 0.717700 0.915600
vt 0.732200 0.924400
vt 0.711200 0.974900
vt 0.710800 0.966500
vt 0.705700 0.952300
vt 0.704600 0.937000
vt 0.706500 0.918700
vt 0.713100 0.903900
vt 0.720600 0.902500
vt 0.725800 0.911200
vt 0.717700 0.894700
vt 0.730100 0.893100
vt 0.727900 0.884900
vt 1.228000 0.289100
vt 1.217600 0.287000
vt 1.206600 0.322000
vt 1.215200 0.326700
vt 1.244600 0.301800
vt 1.237700 0.344200
vt 1.275200 0.331000
vt 1.273200 0.372500
vt 1.245200 0.391800
vt 1.273500 0.419900
vt 1.172600 0.340100
vt 1.177900 0.351900
vt 1.208700 0.366200
vt 1.209200 0.402200
vt 1.249800 0.427500
vt 1.275400 0.456800
vt 1.250900 0.464700
vt 1.129100 0.342400
vt 1.169100 0.381400
vt 1.170100 0.404000
vt 1.209000 0.436500
vt 1.209100 0.472600
vt 1.161400 0.473000
vt 1.128700 0.332300
vt 1.104900 0.314800
vt 1.093600 0.320700
vt 1.085700 0.350900
vt 1.123700 0.373500
vt 1.120800 0.396100
vt 1.165000 0.436900
vt 1.115400 0.430900
vt 1.105500 0.462200
vt 1.097700 0.298600
vt 1.077600 0.301100
vt 1.045700 0.306700
vt 1.042400 0.345800
vt 1.078200 0.382400
vt 1.087900 0.270000
vt 1.070700 0.272300
vt 1.039400 0.274900
vt 1.012100 0.310900
vt 1.015500 0.347000
vt 1.041900 0.377800
vt 1.079500 0.241100
vt 1.037500 0.242700
vt 1.002100 0.277000
vt 1.002100 0.310100
vt 1.002100 0.344500
vt 1.017800 0.373500
vt 1.094100 0.248400
vt 1.002100 0.245800
vt 1.002100 0.374300
vt 1.017700 0.402400
vt 1.037400 0.408900
vt 1.070000 0.418300
vt 1.002100 0.398500
vt 1.002100 0.420200
vt 1.013800 0.424400
vt 1.031400 0.432000
vt 1.062900 0.446600
vt 0.341900 0.772600
vt 0.320900 0.730300
vt 0.302000 0.735500
vt 0.316100 0.783800
vt 0.349400 0.802500
vt 0.318700 0.810900
vt 0.351500 0.833800
vt 0.319800 0.836300
vt 0.346300 0.860300
vt 0.287200 0.784400
vt 0.287800 0.815200
vt 0.286400 0.842400
vt 0.320300 0.863900
vt 0.343600 0.879600
vt 0.319300 0.879900
vt 0.343500 0.896700
vt 0.284000 0.738700
vt 0.257400 0.741900
vt 0.256100 0.785400
vt 0.254800 0.813200
vt 0.247400 0.844700
vt 0.283200 0.865100
vt 0.226000 0.740700
vt 0.224500 0.786000
vt 0.219900 0.809700
vt 0.212200 0.839200
vt 0.211400 0.861600
vt 0.250300 0.868900
vt 0.279000 0.883000
vt 0.198900 0.780200
vt 0.196500 0.808400
vt 0.189300 0.835700
vt 0.180100 0.857100
vt 0.176200 0.874700
vt 0.211100 0.878900
vt 0.201600 0.740200
vt 0.174400 0.773700
vt 0.167900 0.801700
vt 0.161200 0.831500
vt 0.156700 0.855600
vt 0.176000 0.737400
vt 0.156500 0.736900
vt 0.149800 0.770500
vt 0.144200 0.798200
vt 0.137300 0.826800
vt 0.133900 0.850600
vt 0.132700 0.867600
vt 0.155800 0.871900
vt 0.137500 0.733700
vt 0.130500 0.769200
vt 0.125500 0.796200
vt 0.118100 0.822500
vt 0.115300 0.848500
vt 0.120900 0.729300
vt 0.111200 0.768400
vt 0.106000 0.793500
vt 0.096900 0.820200
vt 0.092200 0.844900
vt 0.112400 0.865100
vt 0.100200 0.727900
vt 0.090600 0.764900
vt 0.083200 0.789600
vt 0.076300 0.816600
vt 0.068200 0.840400
vt 0.089300 0.861100
vt 0.077100 0.721400
vt 0.064400 0.760700
vt 0.058200 0.785000
vt 0.053300 0.812700
vt 0.040400 0.833500
vt 0.039600 0.850800
vt 0.065500 0.856600
vt 0.057500 0.713100
vt 0.038800 0.755100
vt 0.027800 0.781000
vt 0.024000 0.808600
vt 0.018700 0.830800
vt 0.014500 0.845700
vt 0.013100 0.860900
vt 0.037800 0.867100
vt 0.063700 0.873700
vt 0.087500 0.878900
vt 0.011000 0.876500
vt 0.037100 0.883200
vt 0.061800 0.890000
vt 0.084300 0.895800
vt 0.105400 0.901000
vt 0.110000 0.883100
vt 0.132000 0.887100
vt 0.007200 0.884300
vt 0.035800 0.895000
vt 0.058700 0.900900
vt 0.082600 0.907900
vt 0.102700 0.913200
vt 0.125600 0.905900
vt 0.021100 0.900500
vt 0.046700 0.910900
vt 0.055100 0.905300
vt 0.079500 0.919000
vt 0.099300 0.925600
vt 0.125800 0.920100
vt 0.002100 0.890700
vt 0.067400 0.935400
vt 0.096200 0.943000
vt 0.123900 0.934200
vt 0.146200 0.925700
vt 0.149000 0.909500
vt 0.152400 0.889500
vt 0.117300 0.954200
vt 0.133600 0.961100
vt 0.142400 0.939400
vt 0.169100 0.931500
vt 0.172600 0.913300
vt 0.176300 0.893300
vt 0.161000 0.969700
vt 0.167300 0.949500
vt 0.192600 0.954200
vt 0.197700 0.935500
vt 0.200500 0.919600
vt 0.208200 0.900600
vt 0.198100 0.981000
vt 0.238000 0.957500
vt 0.236300 0.938500
vt 0.242100 0.923900
vt 0.241400 0.906100
vt 0.238100 0.977400
vt 0.280900 0.964900
vt 0.282300 0.952700
vt 0.279800 0.939300
vt 0.282600 0.924500
vt 0.285300 0.904600
vt 0.246800 0.884400
vt 0.308500 0.954500
vt 0.321000 0.942100
vt 0.320000 0.930000
vt 0.318300 0.917600
vt 0.315100 0.900400
vt 0.348600 0.929500
vt 0.344700 0.922600
vt 0.344700 0.913000
vt 1.168400 0.243300
vt 1.158700 0.245100
vt 1.159300 0.248100
vt 1.152300 0.244400
vt 1.151700 0.249900
vt 1.152900 0.254000
vt 1.146100 0.252400
vt 1.146800 0.258800
vt 1.140700 0.254800
vt 1.139900 0.261500
vt 1.147300 0.243000
vt 1.141900 0.248300
vt 1.135800 0.252300
vt 1.134900 0.259000
vt 1.132000 0.264200
vt 1.142300 0.241500
vt 1.136100 0.246900
vt 1.131800 0.247500
vt 1.132400 0.254700
vt 1.129700 0.260200
vt 1.127300 0.263100
vt 1.127200 0.266500
vt 1.128200 0.270400
vt 1.135900 0.240000
vt 1.127700 0.242400
vt 1.127900 0.248800
vt 1.124500 0.254700
vt 1.126600 0.261100
vt 1.125800 0.238400
vt 1.121700 0.244100
vt 1.117800 0.249800
vt 1.122900 0.258000
vt 1.120000 0.260600
vt 1.120700 0.265000
vt 1.125600 0.264500
vt 1.120300 0.239300
vt 1.111700 0.243800
vt 1.110500 0.248100
vt 1.115500 0.254400
vt 1.114200 0.259000
vt 1.113800 0.263800
vt 1.114000 0.268100
vt 1.121400 0.268400
vt 1.103900 0.245300
vt 1.102300 0.247900
vt 1.108700 0.252600
vt 1.108600 0.257800
vt 1.107900 0.260400
vt 1.106700 0.265900
vt 1.102200 0.252800
vt 1.102300 0.256300
vt 1.100900 0.259500
vt 1.099200 0.260500
vt 1.105300 0.268900
vt 1.113500 0.272300
vt 1.121300 0.272000
vt 0.150600 0.002100
vt 0.157400 0.005500
vt 0.139300 0.015800
vt 0.142100 0.022100
vt 0.166900 0.022500
vt 0.147400 0.030800
vt 0.143700 0.032500
vt 0.124600 0.042200
vt 0.151600 0.054500
vt 0.128500 0.065500
vt 0.106700 0.075300
vt 0.173900 0.024200
vt 0.174000 0.031900
vt 0.158000 0.052100
vt 0.161400 0.076200
vt 0.135500 0.085300
vt 0.109800 0.096100
vt 0.073800 0.104600
vt 0.065300 0.080400
vt 0.189900 0.040800
vt 0.185000 0.044200
vt 0.170400 0.073700
vt 0.166000 0.096300
vt 0.147600 0.112200
vt 0.115300 0.123500
vt 0.082600 0.130000
vt 0.199200 0.061400
vt 0.198200 0.092100
vt 0.175600 0.095300
vt 0.167533 0.106518
vt 0.209000 0.056500
vt 0.221700 0.089100
vt 0.201500 0.111300
vt 0.176402 0.105237
vt 0.176900 0.111400
vt 0.168700 0.114300
vt 0.229600 0.082500
vt 0.245800 0.111900
vt 0.243900 0.118300
vt 0.227400 0.112200
vt 0.256600 0.134200
vt 0.232900 0.136500
vt 0.202500 0.129500
vt 0.188020 0.128121
vt 0.175200 0.126900
vt 0.176202 0.117760
vt 0.274400 0.168700
vt 0.248700 0.183900
vt 0.215800 0.158100
vt 0.223700 0.138300
vt 0.199400 0.135300
vt 0.186765 0.133715
vt 0.295700 0.221100
vt 0.273300 0.230400
vt 0.240600 0.215450
vt 0.232163 0.204829
vt 0.226500 0.197700
vt 0.217897 0.190366
vt 0.208200 0.182100
vt 0.303900 0.263000
vt 0.286600 0.271500
vt 0.275000 0.270000
vt 0.254700 0.233200
vt 0.229400 0.223850
vt 0.310000 0.262500
vt 0.318000 0.312200
vt 0.310700 0.313300
vt 0.284900 0.320900
vt 0.269400 0.276400
vt 0.244100 0.237900
vt 0.191100 0.226000
vt 0.220023 0.214888
vt 0.317000 0.360800
vt 0.285900 0.367400
vt 0.275200 0.331000
vt 0.244600 0.301800
vt 0.221700 0.257900
vt 0.208600 0.241600
vt 0.324600 0.359700
vt 0.323000 0.404800
vt 0.289200 0.413300
vt 0.273200 0.372500
vt 0.237700 0.344200
vt 0.215200 0.326700
vt 0.228000 0.289100
vt 0.332100 0.405000
vt 0.326700 0.449700
vt 0.291000 0.454100
vt 0.273500 0.419900
vt 0.245300 0.391800
vt 0.208700 0.366200
vt 0.334100 0.448800
vt 0.336800 0.492400
vt 0.328200 0.493500
vt 0.294000 0.493800
vt 0.278300 0.493300
vt 0.275400 0.456800
vt 0.249800 0.427500
vt 0.326800 0.534500
vt 0.295600 0.538100
vt 0.283200 0.540000
vt 0.334100 0.535000
vt 0.329700 0.575300
vt 0.305000 0.580300
vt 0.289000 0.577300
vt 0.335900 0.574500
vt 0.250900 0.464700
vt 0.209000 0.436500
vt 0.209200 0.402200
vt 0.169100 0.381400
vt 0.177900 0.351900
vt 0.209100 0.472600
vt 0.165000 0.436900
vt 0.170100 0.404000
vt 0.123700 0.373500
vt 0.129100 0.342400
vt 0.172600 0.340100
vt 0.206600 0.322000
vt 0.161400 0.473000
vt 0.115400 0.430900
vt 0.120800 0.396100
vt 0.085700 0.350900
vt 0.093600 0.320700
vt 0.104900 0.314800
vt 0.128700 0.332300
vt 0.105500 0.462200
vt 0.070000 0.418300
vt 0.078200 0.382400
vt 0.042400 0.345800
vt 0.045700 0.306700
vt 0.077600 0.301100
vt 0.097600 0.298600
vt 0.062900 0.446600
vt 0.037400 0.408900
vt 0.041900 0.377800
vt 0.015500 0.347000
vt 0.012100 0.310900
vt 0.039400 0.274900
vt 0.070700 0.272300
vt 0.031400 0.432000
vt 0.013800 0.424400
vt 0.017700 0.402400
vt 0.017800 0.373500
vt 0.002100 0.344500
vt 0.002100 0.310100
vt 0.002100 0.277000
vt 0.037500 0.242700
vt 0.002100 0.420200
vt 0.002100 0.398500
vt 0.002100 0.374300
vt 0.002100 0.245800
vt 0.002100 0.214900
vt 0.039300 0.208000
vt 0.079500 0.241100
vt 0.087900 0.270000
vt 0.002100 0.179500
vt 0.038800 0.173700
vt 0.090300 0.163600
vt 0.099100 0.201400
vt 0.119000 0.230000
vt 0.094100 0.248400
vt 0.002100 0.145400
vt 0.041500 0.140600
vt 0.123500 0.153400
vt 0.138600 0.188800
vt 0.154500 0.218300
vt 0.002100 0.113800
vt 0.040100 0.109900
vt 0.002100 0.087400
vt 0.035100 0.083100
vt 0.217600 0.287000
vt 0.215400 0.259700
vt 0.204500 0.246000
vt 0.183100 0.229800
vt 0.181500 0.207400
vt 0.214700 0.209800
vt 0.205605 0.200705
vt 0.171300 0.178900
vt 0.199200 0.194300
vt 0.154200 0.141000
vt 0.180500 0.150900
vt 0.184200 0.167100
vt 0.190743 0.178965
vt 0.170186 0.121564
vt 0.172300 0.131900
vt 0.205400 0.151800
vt 0.196376 0.158313
vt 0.203550 0.165200
vt 0.191300 0.172300
vt 0.198749 0.176619
vt 1.320900 0.730300
vt 1.341900 0.772600
vt 1.302000 0.735500
vt 1.316100 0.783800
vt 1.287200 0.784400
vt 1.284000 0.738700
vt 1.257400 0.741900
vt 1.256100 0.785400
vt 1.226000 0.740700
vt 1.349400 0.802500
vt 1.318700 0.810900
vt 1.287800 0.815200
vt 1.254800 0.813200
vt 1.224500 0.786000
vt 1.198900 0.780200
vt 1.201700 0.740200
vt 1.351500 0.833800
vt 1.319800 0.836300
vt 1.286400 0.842400
vt 1.247400 0.844700
vt 1.219900 0.809700
vt 1.196500 0.808400
vt 1.346300 0.860300
vt 1.320300 0.863900
vt 1.283200 0.865100
vt 1.250300 0.868900
vt 1.211400 0.861600
vt 1.212200 0.839200
vt 1.343600 0.879600
vt 1.319300 0.879900
vt 1.279000 0.883000
vt 1.246800 0.884400
vt 1.211100 0.878900
vt 1.343500 0.896700
vt 1.315100 0.900400
vt 1.285300 0.904600
vt 1.241400 0.906100
vt 1.208200 0.900600
vt 1.176200 0.874700
vt 1.344700 0.913000
vt 1.318300 0.917600
vt 1.282600 0.924500
vt 1.242100 0.923900
vt 1.200500 0.919600
vt 1.176300 0.893300
vt 1.344700 0.922600
vt 1.320000 0.930000
vt 1.279800 0.939300
vt 1.236300 0.938500
vt 1.197700 0.935500
vt 1.172600 0.913300
vt 1.348600 0.929500
vt 1.321000 0.942100
vt 1.282300 0.952700
vt 1.238000 0.957500
vt 1.192600 0.954200
vt 1.169100 0.931500
vt 1.149000 0.909500
vt 1.152400 0.889500
vt 1.308500 0.954500
vt 1.280900 0.964900
vt 1.238100 0.977400
vt 1.198100 0.981000
vt 1.161000 0.969700
vt 1.167300 0.949500
vt 1.142400 0.939400
vt 1.146200 0.925700
vt 1.125800 0.920100
vt 1.125600 0.905900
vt 1.132000 0.887100
vt 1.133600 0.961100
vt 1.123900 0.934200
vt 1.099300 0.925600
vt 1.102700 0.913200
vt 1.105400 0.901000
vt 1.110000 0.883100
vt 1.117300 0.954200
vt 1.096300 0.943000
vt 1.079500 0.919000
vt 1.082600 0.907900
vt 1.084300 0.895800
vt 1.087500 0.878900
vt 1.112400 0.865100
vt 1.067400 0.935400
vt 1.055100 0.905300
vt 1.058700 0.900900
vt 1.061800 0.890000
vt 1.063700 0.873700
vt 1.089300 0.861100
vt 1.046700 0.910900
vt 1.035800 0.895000
vt 1.037100 0.883200
vt 1.037800 0.867100
vt 1.065500 0.856600
vt 1.068200 0.840400
vt 1.092200 0.844900
vt 1.021100 0.900500
vt 1.007200 0.884300
vt 1.011000 0.876500
vt 1.013100 0.860900
vt 1.039600 0.850800
vt 1.002100 0.890700
vt 1.014500 0.845700
vt 1.040400 0.833500
vt 1.053300 0.812700
vt 1.076300 0.816600
vt 1.018700 0.830800
vt 1.024000 0.808600
vt 1.027800 0.781000
vt 1.058200 0.785000
vt 1.083200 0.789600
vt 1.096900 0.820200
vt 1.115300 0.848500
vt 1.132700 0.867600
vt 1.038800 0.755100
vt 1.064400 0.760700
vt 1.090600 0.764900
vt 1.106000 0.793500
vt 1.118100 0.822500
vt 1.137300 0.826800
vt 1.133900 0.850600
vt 1.057500 0.713100
vt 1.077100 0.721400
vt 1.100200 0.727900
vt 1.111200 0.768400
vt 1.125500 0.796200
vt 1.144200 0.798200
vt 1.161200 0.831500
vt 1.156700 0.855600
vt 1.120900 0.729300
vt 1.130500 0.769200
vt 1.149800 0.770500
vt 1.167900 0.801700
vt 1.189300 0.835700
vt 1.180100 0.857100
vt 1.137500 0.733700
vt 1.156500 0.736900
vt 1.174400 0.773700
vt 1.176000 0.737400
vt 1.155800 0.871900
vt 0.400600 0.859200
vt 0.399400 0.863900
vt 0.391600 0.861900
vt 0.400100 0.868700
vt 0.391200 0.870400
vt 0.385500 0.860800
vt 0.383100 0.871500
vt 0.380300 0.859900
vt 0.374300 0.870700
vt 0.371400 0.857600
vt 0.403600 0.873800
vt 0.394100 0.885500
vt 0.383100 0.886600
vt 0.370500 0.887400
vt 0.357200 0.876700
vt 0.366100 0.865500
vt 0.359900 0.853300
vt 0.406600 0.887600
vt 0.396000 0.905900
vt 0.383500 0.906000
vt 0.369800 0.907700
vt 0.354500 0.901500
vt 0.411700 0.880000
vt 0.418200 0.890900
vt 0.407300 0.908000
vt 0.395800 0.928300
vt 0.384900 0.928700
vt 0.370100 0.928200
vt 0.352300 0.926600
vt 0.416400 0.880000
vt 0.423800 0.885700
vt 0.429600 0.891100
vt 0.429000 0.898100
vt 0.418100 0.907700
vt 0.407700 0.927100
vt 0.420000 0.880900
vt 0.426900 0.883100
vt 0.430300 0.886000
vt 0.434100 0.886600
vt 0.435800 0.895500
vt 0.431600 0.908900
vt 0.418200 0.872000
vt 0.422200 0.879200
vt 0.429400 0.877800
vt 0.430900 0.880400
vt 0.433300 0.880600
vt 0.438500 0.881400
vt 0.441400 0.890400
vt 0.426500 0.874100
vt 0.419000 0.925600
vt 0.430100 0.924600
vt 0.437100 0.925100
vt 0.441600 0.907100
vt 0.450100 0.920400
vt 0.447900 0.928600
vt 0.455100 0.934700
vt 0.462300 0.928100
vt 0.460000 0.940200
vt 0.447900 0.898800
vt 0.451100 0.909300
vt 0.462200 0.916800
vt 0.468100 0.921800
vt 0.469300 0.934000
vt 0.468900 0.950700
vt 0.449600 0.893300
vt 0.453600 0.896800
vt 0.456200 0.902900
vt 0.459300 0.910600
vt 0.469700 0.914900
vt 0.445700 0.886600
vt 0.451300 0.883100
vt 0.457200 0.889800
vt 0.462900 0.898900
vt 0.470300 0.908600
vt 0.443300 0.881500
vt 0.440300 0.871300
vt 0.438300 0.870700
vt 0.438400 0.865100
vt 0.436400 0.864700
vt 0.435200 0.870200
vt 0.452400 0.881700
vt 0.462000 0.885200
vt 0.468300 0.892000
vt 0.477400 0.902100
vt 0.458700 0.881200
vt 0.462300 0.877100
vt 0.467200 0.881700
vt 0.471900 0.892700
vt 0.451900 0.879500
vt 0.517600 0.840600
vt 0.523700 0.845600
vt 0.517300 0.849400
vt 0.521000 0.850400
vt 0.516600 0.853900
vt 0.521200 0.855000
vt 0.515800 0.858700
vt 0.520300 0.860500
vt 0.515700 0.867200
vt 0.526900 0.851900
vt 0.527900 0.856900
vt 0.529400 0.861300
vt 0.530200 0.864600
vt 0.519400 0.865900
vt 0.519500 0.872100
vt 0.517900 0.872400
vt 0.528500 0.851400
vt 0.532200 0.854000
vt 0.538100 0.859000
vt 0.538200 0.865700
vt 0.530700 0.873300
vt 0.530500 0.847200
vt 0.538200 0.843000
vt 0.543100 0.847100
vt 0.548500 0.859200
vt 0.553400 0.865400
vt 0.548800 0.877300
vt 0.530300 0.839800
vt 0.538600 0.831200
vt 0.553300 0.856300
vt 0.558100 0.858900
vt 0.557800 0.862600
vt 0.558300 0.868200
vt 0.558400 0.880600
vt 0.558900 0.890600
vt 0.544000 0.890100
vt 0.564100 0.861600
vt 0.577600 0.870300
vt 0.576500 0.880000
vt 0.576300 0.893600
vt 0.559700 0.893400
vt 0.550400 0.899600
vt 0.580500 0.863500
vt 0.560900 0.895400
vt 0.554700 0.909200
vt 0.544600 0.922400
vt 0.529200 0.908300
vt 0.525500 0.899200
vt 0.525900 0.884800
vt 0.572200 0.913100
vt 0.563700 0.921900
vt 0.555600 0.930400
vt 0.548700 0.941200
vt 0.533100 0.934800
vt 0.520900 0.920100
vt 0.521300 0.910200
vt 0.517100 0.907900
vt 0.518600 0.897300
vt 0.521200 0.888600
vt 0.527500 0.951300
vt 0.522800 0.944500
vt 0.515400 0.932700
vt 0.513000 0.916400
vt 0.504300 0.911800
vt 0.509300 0.903000
vt 0.545200 0.953400
vt 0.530800 0.967000
vt 0.512900 0.965300
vt 0.511100 0.954400
vt 0.502500 0.945900
vt 0.502500 0.928000
vt 0.543300 0.966600
vt 0.537300 0.982800
vt 0.530700 0.983300
vt 0.520600 0.970100
vt 0.509000 0.974900
vt 0.500500 0.964100
vt 0.494900 0.958500
vt 0.546600 0.982400
vt 0.515100 0.886100
vt 0.513100 0.880500
vt 0.511200 0.890700
vt 0.508900 0.884000
vt 0.509800 0.879100
vt 0.505500 0.878400
vt 0.501800 0.880300
vt 0.502900 0.891300
vt 0.497800 0.883500
vt 0.500700 0.901700
vt 0.492800 0.901800
vt 0.494300 0.887800
vt 0.495100 0.883000
vt 0.495700 0.909800
vt 0.488500 0.905700
vt 0.485800 0.903700
vt 0.488000 0.895600
vt 0.484700 0.889600
vt 0.495800 0.921600
vt 0.488500 0.916600
vt 0.489900 0.912100
vt 0.486000 0.908200
vt 0.490400 0.927300
vt 0.484000 0.920800
vt 0.485300 0.915500
vt 0.486800 0.911600
vt 0.482600 0.910800
vt 0.479000 0.908800
vt 0.492400 0.934800
vt 0.486700 0.936600
vt 0.481600 0.929500
vt 0.479700 0.921600
vt 0.481500 0.917500
vt 0.495600 0.937000
vt 0.491300 0.942500
vt 0.484000 0.947800
vt 0.476400 0.940400
vt 0.475300 0.927000
vt 0.476800 0.924700
vt 0.490400 0.954400
vt 0.478700 0.961100
vt 0.472300 0.919500
vt 0.485100 0.964600
vt 0.489900 0.967300
vt 0.501700 0.982900
vt 0.509800 0.989800
vt 0.518700 0.984100
vt 0.520700 0.995500
vt 0.476400 0.914900
vt 0.481000 0.913700
vt 0.476600 0.891200
vt 0.475500 0.879000
vt 0.482100 0.879100
vt 0.466700 0.872900
vt 0.469100 0.866600
vt 0.476200 0.870800
vt 0.481200 0.871300
vt 0.489300 0.875900
vt 0.493200 0.875300
vt 0.490400 0.866700
vt 0.459200 0.866900
vt 0.461200 0.865100
vt 0.463100 0.862900
vt 0.469000 0.861900
vt 0.473800 0.862100
vt 0.479000 0.865500
vt 0.485400 0.869600
vt 0.484000 0.863700
vt 0.455500 0.861500
vt 0.456700 0.860100
vt 0.463100 0.861400
vt 0.462100 0.859200
vt 0.470900 0.855200
vt 0.471400 0.855600
vt 0.472600 0.855500
vt 0.476100 0.858900
vt 0.478400 0.860800
vt 0.482000 0.864400
vt 0.472400 0.851300
vt 0.479400 0.856100
vt 0.159300 0.248100
vt 0.158700 0.245100
vt 0.168400 0.243300
vt 0.152300 0.244400
vt 0.151700 0.249900
vt 0.147300 0.243000
vt 0.146100 0.252400
vt 0.141900 0.248300
vt 0.142300 0.241500
vt 0.136100 0.246900
vt 0.135900 0.240000
vt 0.152900 0.254000
vt 0.146800 0.258800
vt 0.140700 0.254800
vt 0.135800 0.252300
vt 0.131800 0.247500
vt 0.127700 0.242400
vt 0.125800 0.238400
vt 0.121700 0.244100
vt 0.120300 0.239300
vt 0.139900 0.261500
vt 0.134900 0.259000
vt 0.132400 0.254700
vt 0.127900 0.248800
vt 0.117800 0.249800
vt 0.111700 0.243800
vt 0.132000 0.264200
vt 0.129700 0.260200
vt 0.124500 0.254700
vt 0.122900 0.258000
vt 0.115500 0.254400
vt 0.110500 0.248100
vt 0.103900 0.245300
vt 0.102300 0.247900
vt 0.127300 0.263100
vt 0.126600 0.261100
vt 0.120000 0.260600
vt 0.114200 0.259000
vt 0.108600 0.257800
vt 0.108700 0.252600
vt 0.102200 0.252800
vt 0.127200 0.266500
vt 0.125600 0.264500
vt 0.120700 0.265000
vt 0.113800 0.263800
vt 0.107900 0.260400
vt 0.102300 0.256300
vt 0.128200 0.270400
vt 0.121400 0.268400
vt 0.114000 0.268100
vt 0.106700 0.265900
vt 0.100900 0.259500
vt 0.121300 0.272000
vt 0.113500 0.272300
vt 0.105300 0.268900
vt 0.099200 0.260500
vt 0.634800 0.513500
vt 0.654000 0.502100
vt 0.659700 0.519400
vt 0.641600 0.529600
vt 0.626100 0.543300
vt 0.607000 0.531400
vt 0.605900 0.554500
vt 0.572100 0.556000
vt 0.664200 0.556100
vt 0.642300 0.568400
vt 0.618000 0.580100
vt 0.596700 0.588800
vt 0.585200 0.562700
vt 0.678600 0.546100
vt 0.690400 0.578000
vt 0.654100 0.590800
vt 0.629200 0.601500
vt 0.605600 0.611300
vt 0.582700 0.617400
vt 0.575500 0.595800
vt 0.567300 0.571100
vt 0.683000 0.596300
vt 0.661300 0.607600
vt 0.637700 0.618400
vt 0.614000 0.627400
vt 0.589800 0.636500
vt 0.699500 0.588600
vt 0.686000 0.602300
vt 0.663500 0.613200
vt 0.639500 0.623800
vt 0.615000 0.632500
vt 0.589900 0.642600
vt 0.566700 0.642900
vt 0.703200 0.595600
vt 0.698500 0.628300
vt 0.676100 0.640800
vt 0.651900 0.649800
vt 0.625500 0.660800
vt 0.717200 0.620000
vt 0.719400 0.627900
vt 0.700900 0.635800
vt 0.679200 0.646600
vt 0.654500 0.655600
vt 0.627200 0.667400
vt 0.600800 0.670600
vt 0.579200 0.678100
vt 0.567900 0.649600
vt 0.602200 0.678000
vt 0.581800 0.686400
vt 0.556600 0.686800
vt 0.547400 0.655200
vt 0.544800 0.648800
vt 0.561400 0.623500
vt 0.558700 0.694100
vt 0.529500 0.693800
vt 0.519400 0.661700
vt 0.516900 0.654600
vt 0.538400 0.629700
vt 0.554800 0.603000
vt 0.549100 0.576300
vt 0.529500 0.701800
vt 0.498500 0.702900
vt 0.491300 0.668800
vt 0.490700 0.660000
vt 0.512400 0.635300
vt 0.531700 0.609000
vt 0.499900 0.710100
vt 0.469600 0.716600
vt 0.467000 0.707000
vt 0.463300 0.675800
vt 0.464100 0.662600
vt 0.486500 0.640200
vt 0.507600 0.614900
vt 0.523700 0.583700
vt 0.439200 0.719700
vt 0.437200 0.710800
vt 0.434000 0.678800
vt 0.433300 0.667300
vt 0.459500 0.644100
vt 0.481800 0.618700
vt 0.502200 0.588900
vt 0.410600 0.725100
vt 0.407800 0.717000
vt 0.405300 0.680800
vt 0.406400 0.668500
vt 0.402600 0.664900
vt 0.429600 0.649100
vt 0.454500 0.622400
vt 0.405400 0.730200
vt 0.401400 0.723300
vt 0.397300 0.681400
vt 0.386300 0.738700
vt 0.380900 0.726900
vt 0.388900 0.717000
vt 0.386500 0.686800
vt 0.379900 0.674900
vt 0.382200 0.664000
vt 0.398900 0.652400
vt 0.365800 0.744400
vt 0.366000 0.726800
vt 0.366200 0.720300
vt 0.380600 0.718700
vt 0.375600 0.713900
vt 0.375500 0.687800
vt 0.377100 0.682800
vt 0.348500 0.738900
vt 0.352400 0.726400
vt 0.353100 0.718300
vt 0.357800 0.713900
vt 0.366200 0.714900
vt 0.332000 0.723400
vt 0.343400 0.715900
vt 0.346600 0.686100
vt 0.358700 0.687300
vt 0.366600 0.688200
vt 0.326800 0.728400
vt 0.324900 0.714900
vt 0.335900 0.679900
vt 0.354200 0.674700
vt 0.357200 0.682400
vt 0.366800 0.680200
vt 0.322100 0.723100
vt 0.308600 0.712000
vt 0.321000 0.679800
vt 0.327800 0.679400
vt 0.334100 0.667000
vt 0.351100 0.663400
vt 0.366800 0.672900
vt 0.307800 0.720100
vt 0.293400 0.714500
vt 0.294100 0.710600
vt 0.304300 0.678400
vt 0.304700 0.673000
vt 0.323100 0.672100
vt 0.328000 0.671200
vt 0.264100 0.708700
vt 0.265800 0.677700
vt 0.296000 0.679500
vt 0.262700 0.718500
vt 0.232400 0.708300
vt 0.235200 0.673500
vt 0.263700 0.667700
vt 0.291600 0.666800
vt 0.288600 0.719800
vt 0.231900 0.715700
vt 0.201500 0.711800
vt 0.200300 0.703900
vt 0.205700 0.670800
vt 0.235500 0.667400
vt 0.236600 0.651700
vt 0.264900 0.651900
vt 0.291800 0.651500
vt 0.171300 0.708600
vt 0.172300 0.701000
vt 0.176700 0.668500
vt 0.178200 0.661700
vt 0.205700 0.664800
vt 0.208400 0.648900
vt 0.147200 0.704500
vt 0.148500 0.696000
vt 0.155600 0.666000
vt 0.155800 0.659000
vt 0.159600 0.641600
vt 0.182300 0.645400
vt 0.125500 0.699200
vt 0.125800 0.691800
vt 0.132300 0.663000
vt 0.134000 0.655400
vt 0.137500 0.636700
vt 0.163000 0.624500
vt 0.186400 0.628700
vt 0.103000 0.684500
vt 0.108000 0.657200
vt 0.109000 0.652100
vt 0.113900 0.633100
vt 0.118400 0.615800
vt 0.140300 0.619400
vt 0.099100 0.691900
vt 0.072300 0.674300
vt 0.080800 0.650200
vt 0.081900 0.644500
vt 0.087400 0.630200
vt 0.092400 0.609800
vt 0.125600 0.582600
vt 0.070500 0.683100
vt 0.047800 0.668700
vt 0.055500 0.642900
vt 0.056900 0.637000
vt 0.062100 0.621800
vt 0.069700 0.601600
vt 0.102100 0.575600
vt 0.044500 0.677700
vt 0.024800 0.663400
vt 0.034500 0.635900
vt 0.036200 0.629600
vt 0.041900 0.615900
vt 0.052600 0.593200
vt 0.083100 0.569400
vt 0.022800 0.670500
vt 0.005500 0.657400
vt 0.011400 0.629800
vt 0.013100 0.621700
vt 0.013200 0.606900
vt 0.036200 0.583200
vt 0.069300 0.560700
vt 0.002100 0.664900
vt 0.021700 0.574300
vt 0.035400 0.545200
vt 0.057800 0.552800
vt 0.060000 0.532700
vt 0.084900 0.544200
vt 0.120100 0.562500
vt 0.041100 0.527900
vt 0.160900 0.578100
vt 0.146600 0.586600
vt 0.167900 0.592200
vt 0.192600 0.598600
vt 0.206400 0.585900
vt 0.214100 0.601500
vt 0.211300 0.631700
vt 0.239600 0.631200
vt 0.242300 0.604100
vt 0.259100 0.586300
vt 0.272300 0.605400
vt 0.268100 0.633700
vt 0.294500 0.631700
vt 0.299900 0.653500
vt 0.296000 0.665700
vt 0.297200 0.587800
vt 0.296700 0.603200
vt 0.311900 0.602600
vt 0.305300 0.633600
vt 0.311300 0.657400
vt 0.316000 0.592500
vt 0.320000 0.605300
vt 0.316400 0.637000
vt 0.327200 0.659900
vt 0.332700 0.604000
vt 0.332500 0.636500
vt 0.339000 0.657700
vt 0.331200 0.593300
vt 0.342200 0.603400
vt 0.341900 0.634000
vt 0.366900 0.654000
vt 0.343400 0.590100
vt 0.364300 0.603500
vt 0.366900 0.630000
vt 0.394500 0.628500
vt 0.366800 0.661800
vt 0.380100 0.588200
vt 0.393800 0.601500
vt 0.435000 0.582700
vt 0.423800 0.600400
vt 0.426500 0.626300
vt 0.450700 0.598000
vt 0.488600 0.580200
vt 0.477600 0.592300
vt 0.533400 0.568000
vt 0.985000 0.069600
vt 0.985000 0.083800
vt 0.981700 0.086400
vt 0.950000 0.071300
vt 0.948800 0.056400
vt 0.985000 0.055300
vt 0.985000 0.048500
vt 0.949300 0.051100
vt 0.919200 0.050100
vt 0.949000 0.091600
vt 0.920200 0.090300
vt 0.919600 0.068100
vt 0.918000 0.054700
vt 0.882900 0.052500
vt 0.881000 0.050000
vt 0.869500 0.082900
vt 0.981700 0.106000
vt 0.951200 0.120500
vt 0.922900 0.122400
vt 0.889700 0.125800
vt 0.887400 0.089600
vt 0.895100 0.066100
vt 0.981700 0.118900
vt 0.981700 0.135100
vt 0.952100 0.149700
vt 0.921800 0.153900
vt 0.891000 0.154000
vt 0.872000 0.127500
vt 0.981700 0.151900
vt 0.953700 0.183900
vt 0.920900 0.184300
vt 0.890900 0.184300
vt 0.860000 0.157000
vt 0.853500 0.154200
vt 0.866500 0.125700
vt 0.994600 0.182400
vt 0.954300 0.213000
vt 0.921000 0.214000
vt 0.894000 0.212900
vt 0.861800 0.207900
vt 0.850600 0.178300
vt 0.994600 0.153700
vt 0.994600 0.214200
vt 0.957400 0.245500
vt 0.917400 0.243600
vt 0.886800 0.243800
vt 0.994600 0.246200
vt 0.961400 0.276200
vt 0.912300 0.277900
vt 0.882100 0.274900
vt 0.854100 0.267800
vt 0.855800 0.237200
vt 0.994600 0.278200
vt 0.962700 0.307000
vt 0.907200 0.317200
vt 0.871600 0.314000
vt 0.994600 0.308600
vt 0.969000 0.336100
vt 0.933000 0.349600
vt 0.894300 0.351300
vt 0.859200 0.348600
vt 0.843200 0.310100
vt 0.994600 0.331700
vt 0.922600 0.362300
vt 0.872600 0.084300
vt 0.855700 0.103900
vt 0.858500 0.110400
vt 0.848500 0.128100
vt 0.835500 0.147200
vt 0.840100 0.128000
vt 0.830000 0.142700
vt 0.817600 0.158900
vt 0.820100 0.166800
vt 0.793500 0.185300
vt 0.844000 0.176500
vt 0.835200 0.200300
vt 0.804200 0.190700
vt 0.785900 0.221600
vt 0.773500 0.220400
vt 0.764300 0.258500
vt 0.756400 0.255900
vt 0.842700 0.201900
vt 0.842296 0.208452
vt 0.833825 0.208137
vt 0.809400 0.222900
vt 0.841400 0.223000
vt 0.831200 0.223100
vt 0.832136 0.232243
vt 0.807800 0.243900
vt 0.783500 0.251700
vt 0.841345 0.232328
vt 0.832900 0.239700
vt 0.835000 0.247200
vt 0.823097 0.258701
vt 0.810500 0.262300
vt 0.782900 0.269600
vt 0.841300 0.240100
vt 0.841815 0.246880
vt 0.842600 0.257200
vt 0.837100 0.254700
vt 0.830099 0.256700
vt 0.835400 0.280700
vt 0.835558 0.259957
vt 0.828517 0.262713
vt 0.816800 0.267300
vt 0.824138 0.300970
vt 0.819876 0.297440
vt 0.814879 0.293301
vt 0.808600 0.288100
vt 0.826236 0.308365
vt 0.818087 0.310468
vt 0.816713 0.303815
vt 0.813005 0.301371
vt 0.805784 0.296612
vt 0.824290 0.311843
vt 0.814173 0.313636
vt 0.768900 0.311700
vt 0.800000 0.292800
vt 0.801265 0.280982
vt 0.835400 0.342400
vt 0.816746 0.325319
vt 0.804284 0.321641
vt 0.829600 0.370900
vt 0.806400 0.343800
vt 0.794700 0.329400
vt 0.837900 0.374200
vt 0.824300 0.398400
vt 0.817600 0.394000
vt 0.781700 0.374500
vt 0.786481 0.368558
vt 0.790566 0.363480
vt 0.799432 0.352460
vt 0.788466 0.338042
vt 0.808200 0.414900
vt 0.763800 0.393700
vt 0.770100 0.363500
vt 0.774053 0.358020
vt 0.778425 0.351960
vt 0.816900 0.418700
vt 0.804700 0.449500
vt 0.791800 0.444200
vt 0.761700 0.436800
vt 0.743500 0.412700
vt 0.750100 0.383100
vt 0.749100 0.353900
vt 0.714400 0.435000
vt 0.705800 0.422600
vt 0.733800 0.400600
vt 0.732300 0.377900
vt 0.726400 0.346100
vt 0.744700 0.298700
vt 0.793390 0.283832
vt 0.690700 0.401600
vt 0.713500 0.373000
vt 0.708500 0.370200
vt 0.727600 0.330700
vt 0.736800 0.296100
vt 0.746800 0.273300
vt 0.756600 0.275900
vt 0.687800 0.395900
vt 0.791700 0.271700
vt 0.635800 0.035500
vt 0.633500 0.010000
vt 0.640800 0.008000
vt 0.643900 0.035000
vt 0.637400 0.061800
vt 0.645300 0.061700
vt 0.640300 0.087000
vt 0.646700 0.087700
vt 0.639300 0.113700
vt 0.630000 0.101100
vt 0.663800 0.006700
vt 0.664900 0.037400
vt 0.667800 0.068800
vt 0.666700 0.092900
vt 0.644200 0.113900
vt 0.688900 0.003900
vt 0.689100 0.039600
vt 0.686800 0.073800
vt 0.684800 0.097500
vt 0.659900 0.118300
vt 0.639900 0.129800
vt 0.698500 0.002100
vt 0.699100 0.040700
vt 0.697300 0.075200
vt 0.694600 0.097700
vt 0.687300 0.123400
vt 0.677000 0.124300
vt 0.717500 0.003500
vt 0.717300 0.041500
vt 0.714100 0.080800
vt 0.712900 0.101800
vt 0.711300 0.124200
vt 0.694300 0.158900
vt 0.678700 0.155900
vt 0.734300 0.006200
vt 0.732200 0.044800
vt 0.729400 0.083900
vt 0.725700 0.122600
vt 0.719000 0.162500
vt 0.708300 0.161400
vt 0.703200 0.193700
vt 0.687500 0.192500
vt 0.667500 0.183600
vt 0.665700 0.154300
vt 0.715900 0.193900
vt 0.710700 0.230600
vt 0.699700 0.228900
vt 0.683100 0.219300
vt 0.660300 0.209700
vt 0.649000 0.205000
vt 0.654000 0.181000
vt 0.705000 0.260200
vt 0.692800 0.256500
vt 0.675800 0.246500
vt 0.653400 0.231500
vt 0.641000 0.226900
vt 0.640400 0.205100
vt 0.700600 0.282500
vt 0.686100 0.279000
vt 0.667600 0.266500
vt 0.646200 0.252000
vt 0.634800 0.244700
vt 0.630700 0.221200
vt 0.677500 0.300400
vt 0.659300 0.285200
vt 0.638800 0.267800
vt 0.628900 0.259000
vt 0.614800 0.251000
vt 0.619900 0.239500
vt 0.682700 0.308600
vt 0.665300 0.321000
vt 0.660100 0.312000
vt 0.647800 0.300700
vt 0.630400 0.280800
vt 0.621600 0.271400
vt 0.696200 0.313200
vt 0.670700 0.333200
vt 0.647200 0.331300
vt 0.643000 0.321600
vt 0.635500 0.314400
vt 0.619100 0.294100
vt 0.610500 0.286200
vt 0.693700 0.344200
vt 0.681000 0.350200
vt 0.657200 0.360300
vt 0.650900 0.343500
vt 0.625200 0.339100
vt 0.621500 0.331400
vt 0.605200 0.307500
vt 0.689300 0.367500
vt 0.665500 0.378300
vt 0.634800 0.372100
vt 0.628900 0.352200
vt 0.601100 0.351400
vt 0.596700 0.340200
vt 0.684600 0.390400
vt 0.670600 0.394800
vt 0.656400 0.398300
vt 0.640700 0.385700
vt 0.612300 0.384800
vt 0.605800 0.367400
vt 0.675800 0.414400
vt 0.659200 0.409400
vt 0.642600 0.400800
vt 0.580000 0.364900
vt 0.577600 0.350700
vt 0.573300 0.342400
vt 0.590900 0.316700
vt 0.550200 0.342600
vt 0.568900 0.324900
vt 0.584900 0.304100
vt 0.599100 0.295800
vt 0.536100 0.333300
vt 0.560800 0.313900
vt 0.578400 0.298100
vt 0.591300 0.287400
vt 0.599200 0.278900
vt 0.607600 0.265600
vt 0.537300 0.320800
vt 0.559600 0.308900
vt 0.561000 0.302400
vt 0.566800 0.283300
vt 0.589000 0.274800
vt 0.598700 0.250500
vt 0.519300 0.321000
vt 0.519400 0.308700
vt 0.538600 0.307900
vt 0.541500 0.286600
vt 0.544200 0.262500
vt 0.563400 0.260400
vt 0.581800 0.255900
vt 0.490200 0.311200
vt 0.518600 0.288200
vt 0.522200 0.262600
vt 0.543300 0.254700
vt 0.563000 0.251300
vt 0.580400 0.248100
vt 0.490900 0.286300
vt 0.493300 0.262500
vt 0.521600 0.253000
vt 0.539900 0.234000
vt 0.555900 0.233900
vt 0.570000 0.231200
vt 0.452300 0.302600
vt 0.456300 0.280600
vt 0.460700 0.259300
vt 0.491200 0.250600
vt 0.494900 0.239100
vt 0.521600 0.238200
vt 0.422800 0.296100
vt 0.424300 0.277000
vt 0.427100 0.253300
vt 0.430800 0.245900
vt 0.462500 0.249300
vt 0.467800 0.237300
vt 0.387200 0.283200
vt 0.390000 0.267900
vt 0.394400 0.246200
vt 0.398800 0.239300
vt 0.408300 0.219400
vt 0.435600 0.229400
vt 0.451800 0.233600
vt 0.349500 0.270100
vt 0.352600 0.253600
vt 0.356400 0.235000
vt 0.360200 0.227400
vt 0.387800 0.213200
vt 0.312200 0.256300
vt 0.319400 0.240800
vt 0.326600 0.223300
vt 0.331300 0.215000
vt 0.367900 0.202600
vt 0.396200 0.191200
vt 0.415300 0.197100
vt 0.442000 0.205500
vt 0.342100 0.192400
vt 0.352500 0.172000
vt 0.375200 0.182700
vt 0.378700 0.177200
vt 0.399100 0.183900
vt 0.417400 0.190300
vt 0.426200 0.193200
vt 0.355900 0.165400
vt 0.434100 0.195700
vt 0.441800 0.197600
vt 0.449400 0.201500
vt 0.455200 0.211000
vt 0.470500 0.216500
vt 0.484200 0.218200
vt 0.459400 0.203500
vt 0.474500 0.202500
vt 0.486800 0.203700
vt 0.498500 0.218600
vt 0.516100 0.216800
vt 0.533300 0.214900
vt 0.553500 0.227000
vt 0.499100 0.201800
vt 0.513200 0.198400
vt 0.527500 0.194800
vt 0.543500 0.193300
vt 0.548600 0.209500
vt 0.564100 0.220400
vt 0.566600 0.224100
vt 0.578200 0.218000
vt 0.583400 0.225200
vt 0.561800 0.188700
vt 0.567600 0.201200
vt 0.574000 0.213400
vt 0.587300 0.203200
vt 0.591600 0.207500
vt 0.598800 0.215300
vt 0.595600 0.242500
vt 0.583900 0.190500
vt 0.575100 0.177400
vt 0.595600 0.176300
vt 0.600400 0.190900
vt 0.604900 0.195200
vt 0.612100 0.200800
vt 0.613500 0.234800
vt 0.585300 0.166000
vt 0.603300 0.166900
vt 0.609600 0.180700
vt 0.613900 0.184800
vt 0.621700 0.190100
vt 0.595800 0.157100
vt 0.611900 0.155900
vt 0.621200 0.166300
vt 0.626000 0.167600
vt 0.637300 0.172300
vt 0.606100 0.148300
vt 0.613500 0.139700
vt 0.623700 0.140900
vt 0.631800 0.143100
vt 0.636300 0.143200
vt 0.649700 0.147800
vt 0.619500 0.130400
vt 0.627500 0.132100
vt 0.635500 0.129700
vt 0.654400 0.133800
vt 0.628100 0.118500
vt 0.631400 0.123600
vt 0.630000 0.108800
vt 0.627900 0.929100
vt 0.636000 0.934800
vt 0.632900 0.937700
vt 0.615900 0.937800
vt 0.646800 0.928000
vt 0.639700 0.939000
vt 0.636600 0.941800
vt 0.616200 0.948100
vt 0.610400 0.945400
vt 0.656200 0.932000
vt 0.649700 0.932500
vt 0.646000 0.945000
vt 0.644900 0.947000
vt 0.623400 0.954600
vt 0.652200 0.936600
vt 0.652600 0.950500
vt 0.647400 0.953000
vt 0.628800 0.963000
vt 0.663900 0.946000
vt 0.603600 0.947900
vt 0.596100 0.947800
vt 0.589200 0.945600
vt 0.583600 0.937000
vt 0.582900 0.926300
vt 0.606900 0.952700
vt 0.595500 0.952800
vt 0.589400 0.952500
vt 0.582700 0.947900
vt 0.580100 0.937600
vt 0.578100 0.930700
vt 0.578200 0.923200
vt 0.812900 0.086200
vt 0.821800 0.086100
vt 0.808500 0.109500
vt 0.805900 0.088300
vt 0.799300 0.091100
vt 0.897800 0.875300
vt 0.893800 0.861400
vt 0.884800 0.866600
vt 0.887000 0.877700
vt 0.889700 0.887200
vt 0.899800 0.886100
vt 0.898500 0.894800
vt 0.902400 0.897600
vt 0.878800 0.870400
vt 0.879000 0.879900
vt 0.880900 0.888800
vt 0.884000 0.895800
vt 0.892200 0.895000
vt 0.869900 0.873300
vt 0.871800 0.881000
vt 0.873800 0.890000
vt 0.874800 0.897100
vt 0.862100 0.882400
vt 0.862400 0.892200
vt 0.861200 0.899600
vt 0.854100 0.894700
vt 0.852300 0.883600
vt 0.857800 0.876700
vt 0.905900 0.905900
vt 0.901600 0.900500
vt 0.895900 0.911000
vt 0.901000 0.920400
vt 0.892400 0.903600
vt 0.883600 0.910000
vt 0.888100 0.916500
vt 0.892600 0.924100
vt 0.896000 0.930100
vt 0.879300 0.923300
vt 0.882400 0.928700
vt 0.881400 0.935900
vt 0.872600 0.935100
vt 0.869100 0.926500
vt 0.871900 0.918900
vt 0.095300 0.021400
vt 0.089600 0.002100
vt 0.104800 0.003700
vt 0.114500 0.015500
vt 0.113000 0.030900
vt 0.101100 0.040600
vt 0.085800 0.039100
vt 0.075900 0.027200
vt 0.077500 0.011900
vt 0.200400 0.040300
vt 0.198300 0.019900
vt 0.206100 0.022200
vt 0.215200 0.011200
vt 0.217900 0.016300
vt 0.211700 0.024000
vt 0.212600 0.033800
vt 0.207500 0.036400
vt 0.216200 0.053100
vt 0.211400 0.004100
vt 0.229200 0.009900
vt 0.227500 0.015500
vt 0.223900 0.027700
vt 0.220200 0.039800
vt 0.218500 0.045400
vt 0.236500 0.051100
vt 0.231600 0.002100
vt 0.240300 0.018900
vt 0.235200 0.021600
vt 0.236100 0.031200
vt 0.230000 0.038900
vt 0.232700 0.043900
vt 0.249300 0.035200
vt 0.247500 0.015000
vt 0.241600 0.033000
vt 1.792700 0.176400
vt 1.805400 0.163800
vt 1.767900 0.151000
vt 1.806000 0.147200
vt 1.801900 0.126700
vt 1.789600 0.112400
vt 1.763900 0.103300
vt 1.745200 0.109600
vt 1.733900 0.121800
vt 1.727000 0.145200
vt 1.727500 0.165600
vt 1.738700 0.184600
vt 1.753000 0.190900
vt 1.779400 0.183600
vt 1.785500 0.182200
vt 0.767900 0.151000
vt 0.805400 0.163800
vt 0.792700 0.176400
vt 0.785500 0.182200
vt 0.779400 0.183600
vt 0.753000 0.190900
vt 0.738700 0.184600
vt 0.727500 0.165600
vt 0.727000 0.145200
vt 0.733900 0.121800
vt 0.745200 0.109600
vt 0.763900 0.103300
vt 0.789600 0.112400
vt 0.801900 0.126700
vt 0.806000 0.147200
vt 0.744800 0.620800
vt 0.742500 0.633100
vt 0.736700 0.630300
vt 0.733000 0.625000
vt 0.732500 0.618500
vt 0.735200 0.612700
vt 0.740600 0.609000
vt 0.747000 0.608500
vt 0.752900 0.611200
vt 0.756500 0.616600
vt 0.757100 0.623000
vt 0.754300 0.628900
vt 0.749000 0.632500
vt 0.697500 0.497600
vt 0.708800 0.500200
vt 0.704500 0.508600
vt 0.709300 0.513300
vt 0.698200 0.519900
vt 0.698000 0.507000
vt 0.686500 0.500900
vt 0.691600 0.508800
vt 0.678600 0.509300
vt 0.717200 0.508200
vt 0.711100 0.519700
vt 0.720500 0.519200
vt 0.709500 0.526200
vt 0.717800 0.530400
vt 0.704800 0.531000
vt 0.709900 0.538800
vt 0.698400 0.532800
vt 0.698900 0.542200
vt 0.691900 0.531200
vt 0.687100 0.526500
vt 0.685300 0.520100
vt 0.686900 0.513600
vt 0.687600 0.539500
vt 0.679200 0.531600
vt 0.675900 0.520600
vt 0.372700 0.332200
vt 0.377200 0.337400
vt 0.363000 0.336400
vt 0.364300 0.343200
vt 0.352600 0.335300
vt 0.350300 0.341800
vt 0.344000 0.329000
vt 0.338800 0.333500
vt 0.339800 0.319400
vt 0.385400 0.325900
vt 0.394900 0.328800
vt 0.383900 0.344600
vt 0.366500 0.352800
vt 0.347300 0.351200
vt 0.378900 0.323600
vt 0.386800 0.311800
vt 0.396500 0.309700
vt 0.380000 0.313100
vt 0.381000 0.299000
vt 0.388300 0.292300
vt 0.375800 0.303500
vt 0.369600 0.290700
vt 0.372500 0.281300
vt 0.367300 0.297200
vt 0.355500 0.289300
vt 0.353400 0.279600
vt 0.356800 0.296100
vt 0.342700 0.295100
vt 0.336000 0.287800
vt 0.347100 0.300300
vt 0.334400 0.306600
vt 0.325000 0.303600
vt 0.340900 0.308900
vt 0.333000 0.320600
vt 0.323300 0.322800
vt 0.331500 0.340200
vt 0.369600 0.585400
vt 0.351400 0.577500
vt 0.355600 0.572200
vt 0.345900 0.559100
vt 0.353100 0.556400
vt 0.360400 0.566400
vt 0.370600 0.578700
vt 0.389300 0.583100
vt 0.386900 0.576900
vt 0.405300 0.571300
vt 0.339600 0.561500
vt 0.344000 0.542800
vt 0.351600 0.544100
vt 0.375300 0.547400
vt 0.371700 0.571300
vt 0.384000 0.569900
vt 0.337400 0.541800
vt 0.350600 0.527800
vt 0.356600 0.532800
vt 0.345300 0.523600
vt 0.363700 0.518100
vt 0.366500 0.525400
vt 0.361300 0.511800
vt 0.380000 0.516200
vt 0.378800 0.524000
vt 0.381000 0.509600
vt 0.395000 0.522700
vt 0.390100 0.529000
vt 0.399200 0.517500
vt 0.404700 0.535900
vt 0.397500 0.538900
vt 0.398900 0.551200
vt 0.393900 0.562500
vt 0.411000 0.533400
vt 0.406600 0.552100
vt 0.400000 0.567100
vt 0.413200 0.553100
vt 0.556400 0.469300
vt 0.575800 0.471700
vt 0.573900 0.476600
vt 0.587300 0.486800
vt 0.583400 0.489800
vt 0.572000 0.481100
vt 0.557100 0.474400
vt 0.538400 0.476800
vt 0.541600 0.481000
vt 0.526600 0.492400
vt 0.591400 0.483600
vt 0.593800 0.502300
vt 0.588900 0.503000
vt 0.561500 0.506700
vt 0.557800 0.479300
vt 0.544600 0.484800
vt 0.531400 0.494400
vt 0.524100 0.511800
vt 0.599000 0.501600
vt 0.591700 0.519000
vt 0.587100 0.517100
vt 0.596500 0.521000
vt 0.581500 0.532400
vt 0.578500 0.528500
vt 0.584700 0.536500
vt 0.565900 0.538900
vt 0.565300 0.534100
vt 0.566600 0.544100
vt 0.549200 0.536800
vt 0.551100 0.532200
vt 0.539700 0.523600
vt 0.534200 0.510400
vt 0.536000 0.496200
vt 0.547200 0.541600
vt 0.535800 0.526600
vt 0.531700 0.529800
vt 0.529300 0.511100
vt 0.471700 0.316500
vt 0.491100 0.318900
vt 0.489100 0.323800
vt 0.502500 0.334000
vt 0.498600 0.337000
vt 0.487200 0.328300
vt 0.472400 0.321600
vt 0.453600 0.324000
vt 0.456800 0.328200
vt 0.441800 0.339600
vt 0.506600 0.330800
vt 0.509000 0.349500
vt 0.504100 0.350200
vt 0.476800 0.353900
vt 0.473000 0.326500
vt 0.459900 0.332100
vt 0.446600 0.341600
vt 0.439300 0.359000
vt 0.514200 0.348800
vt 0.506900 0.366200
vt 0.502300 0.364300
vt 0.511700 0.368200
vt 0.496700 0.379600
vt 0.493700 0.375700
vt 0.499900 0.383800
vt 0.481200 0.386100
vt 0.480500 0.381300
vt 0.481900 0.391300
vt 0.464400 0.384000
vt 0.466300 0.379500
vt 0.454900 0.370800
vt 0.449400 0.357600
vt 0.451200 0.343400
vt 0.462500 0.388800
vt 0.451000 0.373800
vt 0.446900 0.377000
vt 0.444500 0.358300
vt 0.652900 0.495200
vt 0.632600 0.490400
vt 0.635900 0.484200
vt 0.623500 0.472300
vt 0.630400 0.468300
vt 0.639800 0.477200
vt 0.652700 0.488200
vt 0.672900 0.489300
vt 0.669200 0.483300
vt 0.687200 0.474200
vt 0.617400 0.476000
vt 0.618600 0.455800
vt 0.626700 0.455800
vt 0.651800 0.454900
vt 0.652500 0.480200
vt 0.664900 0.476600
vt 0.611500 0.456000
vt 0.622600 0.439100
vt 0.629700 0.443200
vt 0.616400 0.435700
vt 0.634400 0.426600
vt 0.638700 0.433700
vt 0.630700 0.420600
vt 0.650900 0.421700
vt 0.651100 0.430000
vt 0.650700 0.414700
vt 0.667700 0.425700
vt 0.663800 0.433100
vt 0.671000 0.419500
vt 0.680100 0.437600
vt 0.673200 0.442000
vt 0.676900 0.454500
vt 0.673900 0.467100
vt 0.686200 0.433900
vt 0.685000 0.454100
vt 0.681000 0.470800
vt 0.692100 0.453900
vt 0.381000 0.490300
vt 0.377200 0.498600
vt 0.369600 0.490300
vt 0.369600 0.501300
vt 0.361900 0.498600
vt 0.358100 0.490300
vt 0.361900 0.482100
vt 0.369600 0.479400
vt 0.377200 0.482100
vt 0.061700 0.044300
vt 0.055200 0.051800
vt 0.062800 0.060300
vt 0.051700 0.056100
vt 0.048800 0.062800
vt 0.048500 0.068700
vt 0.052100 0.071900
vt 0.057200 0.074100
vt 0.062500 0.073000
vt 0.066700 0.071000
vt 0.071700 0.066700
vt 0.076300 0.061800
vt 0.079200 0.054000
vt 0.077200 0.047500
vt 0.069700 0.042200
vt 1.062800 0.060300
vt 1.055200 0.051800
vt 1.061700 0.044300
vt 1.069700 0.042200
vt 1.077200 0.047500
vt 1.079200 0.054000
vt 1.076300 0.061800
vt 1.071700 0.066700
vt 1.066700 0.071000
vt 1.062500 0.073000
vt 1.057200 0.074100
vt 1.052100 0.071900
vt 1.048500 0.068700
vt 1.048800 0.062800
vt 1.051700 0.056100
vt 0.036100 0.023600
vt 0.063900 0.007600
vt 0.070600 0.017300
vt 0.070200 0.031000
vt 0.058300 0.041600
vt 0.043000 0.048000
vt 0.031900 0.049700
vt 0.028600 0.050800
vt 0.025500 0.049300
vt 0.021000 0.045700
vt 0.011100 0.041100
vt 0.002100 0.029000
vt 0.004100 0.015700
vt 0.013700 0.007200
vt 0.024600 0.003700
vt 0.032000 0.003400
vt 0.037400 0.004300
vt 0.043300 0.002100
vt 0.052000 0.002900
s 1
g off
g STienda_Material
usemtl Material
f 3631/1/1 3547/2/2 3700/3/3
f 3547/2/2 3692/4/4 3700/3/3
f 3692/4/4 3698/5/5 3700/3/3
f 3698/5/5 3690/6/6 3700/3/3
f 3547/2/2 3545/7/7 3692/4/4
f 3545/7/7 3674/8/8 3692/4/4
f 3674/8/8 3675/9/9 3692/4/4
f 3675/9/9 3698/5/5 3692/4/4
f 3545/7/7 3546/10/10 3674/8/8
f 3546/10/10 3709/11/11 3674/8/8
f 3709/11/11 3706/12/12 3674/8/8
f 3706/12/12 3675/9/9 3674/8/8
f 3546/10/10 3555/13/13 3709/11/11
f 3555/13/13 3691/14/14 3709/11/11
f 3709/11/11 3691/14/14 3706/12/12
f 3691/14/14 3707/15/15 3706/12/12
f 3691/14/14 3693/16/16 3707/15/15
f 3693/16/16 3694/17/17 3707/15/15
f 3693/16/16 3696/18/18 3694/17/17
f 3696/18/18 3697/19/19 3694/17/17
f 3555/13/13 3645/20/20 3691/14/14
f 3645/20/20 3693/16/16 3691/14/14
f 3645/20/20 3646/21/21 3693/16/16
f 3646/21/21 3696/18/18 3693/16/16
f 3646/21/21 3630/22/22 3696/18/18
f 3630/22/22 3708/23/23 3696/18/18
f 3696/18/18 3708/23/23 3697/19/19
f 3708/23/23 3695/24/24 3697/19/19
f 3708/23/23 3710/25/25 3695/24/24
f 3710/25/25 3755/26/26 3695/24/24
f 3710/25/25 3753/27/27 3755/26/26
f 3753/27/27 3754/28/28 3755/26/26
f 3751/29/29 3754/28/28 3753/27/27
f 3630/22/22 3629/30/30 3708/23/23
f 3629/30/30 3710/25/25 3708/23/23
f 3629/30/30 3628/31/31 3710/25/25
f 3628/31/31 3753/27/27 3710/25/25
f 3628/31/31 3627/32/32 3753/27/27
f 3627/32/32 3768/33/33 3753/27/27
f 3768/33/33 3751/29/29 3753/27/27
f 3750/34/34 3751/29/29 3768/33/33
f 3749/35/35 3750/34/34 3768/33/33
f 3767/36/36 3750/34/34 3749/35/35
f 3752/37/3 3767/36/36 3749/35/35
f 3556/38/1 3752/37/3 3749/35/35
f 3557/39/37 3556/38/1 3749/35/35
f 3627/32/32 3557/39/37 3768/33/33
f 3557/39/37 3749/35/35 3768/33/33
s 2
f 3933/40/38 3943/41/39 3942/42/40
f 3943/41/39 3941/43/41 3942/42/40
f 3935/44/42 3942/42/40 3941/43/41
f 3932/45/43 3935/44/42 3941/43/41
f 3926/46/44 3935/44/42 3932/45/43
f 3929/47/45 3926/46/44 3932/45/43
f 3946/48/46 3926/46/44 3929/47/45
f 3944/49/47 3946/48/46 3929/47/45
f 3944/49/47 3937/50/48 3946/48/46
f 3937/50/48 3939/51/49 3946/48/46
f 3937/50/48 3945/52/50 3939/51/49
f 3945/52/50 3938/53/51 3939/51/49
f 3945/52/50 3934/54/52 3938/53/51
f 3934/54/52 3927/55/53 3938/53/51
f 3927/55/53 3934/54/52 3922/56/39
f 3940/57/54 3927/55/53 3922/56/39
s 3
f 3923/58/55 2481/59/56 3954/60/57
f 2507/61/58 3954/60/57 2481/59/56
f 3954/60/57 2507/61/58 2504/62/59
f 3953/63/60 3954/60/57 2504/62/59
f 2504/62/59 2484/64/61 3953/63/60
f 2484/64/61 3952/65/62 3953/63/60
f 2484/64/61 2533/66/63 3952/65/62
f 2500/67/64 2507/61/58 2481/59/56
f 2504/62/59 2507/61/58 2500/67/64
f 22/68/65 2504/62/59 2500/67/64
f 2484/64/61 2504/62/59 22/68/65
f 23/69/66 2484/64/61 22/68/65
f 2533/66/63 2484/64/61 23/69/66
f 2483/70/67 2533/66/63 23/69/66
f 2483/70/67 23/69/66 2505/71/68
f 23/69/66 2508/72/69 2505/71/68
f 2505/71/68 2508/72/69 2487/73/70
f 2482/74/71 2500/67/64 2481/59/56
f 2482/74/71 3396/75/72 2500/67/64
f 3396/75/72 3395/76/73 2500/67/64
f 3429/77/74 2500/67/64 3395/76/73
f 2500/67/64 3429/77/74 22/68/65
f 22/68/65 3429/77/74 25/78/75
f 22/68/65 25/78/75 23/69/66
f 2508/72/69 23/69/66 25/78/75
f 2486/79/76 2508/72/69 25/78/75
f 2508/72/69 2486/79/76 750/80/77
f 2508/72/69 750/80/77 2487/73/70
f 2487/73/70 750/80/77 344/81/78
f 2482/74/71 3403/82/79 3396/75/72
f 3403/82/79 3393/83/80 3396/75/72
f 3398/84/81 3396/75/72 3393/83/80
f 3396/75/72 3398/84/81 3395/76/73
f 3436/85/82 3395/76/73 3398/84/81
f 3395/76/73 3436/85/82 3428/86/83
f 3429/77/74 3395/76/73 3428/86/83
f 3430/87/84 3429/77/74 3428/86/83
f 3429/77/74 3430/87/84 25/78/75
f 3430/87/84 2485/88/85 25/78/75
f 2485/88/85 2486/79/76 25/78/75
f 3393/83/80 3403/82/79 2583/89/86
f 2564/90/87 3393/83/80 2583/89/86
f 3393/83/80 2564/90/87 3391/91/88
f 3391/91/88 3398/84/81 3393/83/80
f 3397/92/89 3398/84/81 3391/91/88
f 3397/92/89 3435/93/90 3398/84/81
f 3435/93/90 3436/85/82 3398/84/81
f 3436/85/82 3435/93/90 3434/94/91
f 3436/85/82 3434/94/91 3428/86/83
f 2564/90/87 2583/89/86 2563/95/92
f 3421/96/93 2564/90/87 2563/95/92
f 3406/97/94 2564/90/87 3421/96/93
f 2564/90/87 3406/97/94 3391/91/88
f 3402/98/95 3391/91/88 3406/97/94
f 3402/98/95 3397/92/89 3391/91/88
f 3409/99/96 3421/96/93 2563/95/92
f 3392/100/97 3421/96/93 3409/99/96
f 3392/100/97 3406/97/94 3421/96/93
f 3392/100/97 3407/101/98 3406/97/94
f 3407/101/98 3439/102/99 3406/97/94
f 3439/102/99 3402/98/95 3406/97/94
f 3408/103/100 3409/99/96 2563/95/92
f 3441/104/101 3409/99/96 3408/103/100
f 3405/105/102 3409/99/96 3441/104/101
f 3405/105/102 3392/100/97 3409/99/96
f 3405/105/102 3404/106/103 3392/100/97
f 3404/106/103 3407/101/98 3392/100/97
f 3390/107/104 3405/105/102 3441/104/101
f 3390/107/104 3404/106/103 3405/105/102
f 3435/93/90 3433/108/105 3434/94/91
f 3433/108/105 3437/109/106 3434/94/91
f 3437/109/106 3401/110/107 3434/94/91
f 3434/94/91 3401/110/107 3400/111/108
f 3428/86/83 3434/94/91 3400/111/108
f 3428/86/83 3400/111/108 3431/112/109
f 3431/112/109 3423/113/110 3428/86/83
f 3423/113/110 3430/87/84 3428/86/83
f 2485/88/85 3430/87/84 3423/113/110
f 3401/110/107 3437/109/106 160/114/111
f 179/115/112 3401/110/107 160/114/111
f 3400/111/108 3401/110/107 179/115/112
f 186/116/113 3400/111/108 179/115/112
f 186/116/113 177/117/114 3400/111/108
f 177/117/114 3394/118/115 3400/111/108
f 3394/118/115 3431/112/109 3400/111/108
f 3394/118/115 3426/119/116 3431/112/109
f 3426/119/116 3423/113/110 3431/112/109
f 179/115/112 160/114/111 232/120/117
f 161/121/118 179/115/112 232/120/117
f 186/116/113 179/115/112 161/121/118
f 219/122/119 186/116/113 161/121/118
f 219/122/119 187/123/120 186/116/113
f 187/123/120 177/117/114 186/116/113
f 161/121/118 232/120/117 233/124/121
f 237/125/122 161/121/118 233/124/121
f 237/125/122 188/126/123 161/121/118
f 188/126/123 219/122/119 161/121/118
f 188/126/123 178/127/124 219/122/119
f 178/127/124 187/123/120 219/122/119
f 233/124/121 174/128/125 237/125/122
f 174/128/125 220/129/126 237/125/122
f 237/125/122 220/129/126 188/126/123
f 220/129/126 175/130/127 188/126/123
f 188/126/123 175/130/127 180/131/128
f 180/131/128 178/127/124 188/126/123
s 4
f 3936/132/129 307/133/130 3951/134/131
f 304/135/132 3951/134/131 307/133/130
f 3951/134/131 304/135/132 3950/136/133
f 324/137/134 3950/136/133 304/135/132
f 324/137/134 323/138/135 3950/136/133
f 323/138/135 3947/139/136 3950/136/133
f 3947/139/136 323/138/135 3424/140/137
f 307/133/130 316/141/138 304/135/132
f 316/141/138 260/142/139 304/135/132
f 324/137/134 304/135/132 260/142/139
f 274/143/140 324/137/134 260/142/139
f 274/143/140 228/144/141 324/137/134
f 228/144/141 323/138/135 324/137/134
f 228/144/141 270/145/142 323/138/135
f 270/145/142 280/146/143 323/138/135
f 323/138/135 280/146/143 3424/140/137
f 280/146/143 277/147/144 3424/140/137
f 277/147/144 3422/148/145 3424/140/137
f 260/142/139 316/141/138 259/149/146
f 259/149/146 227/150/147 260/142/139
f 227/150/147 274/143/140 260/142/139
f 228/144/141 274/143/140 227/150/147
f 226/151/148 228/144/141 227/150/147
f 226/151/148 301/152/149 228/144/141
f 301/152/149 270/145/142 228/144/141
f 167/153/150 270/145/142 301/152/149
f 270/145/142 167/153/150 264/154/151
f 270/145/142 264/154/151 280/146/143
f 264/154/151 277/147/144 280/146/143
f 316/141/138 242/155/152 259/149/146
f 263/156/153 259/149/146 242/155/152
f 259/149/146 263/156/153 227/150/147
f 263/156/153 234/157/154 227/150/147
f 227/150/147 234/157/154 226/151/148
f 234/157/154 171/158/155 226/151/148
f 171/158/155 225/159/156 226/151/148
f 225/159/156 301/152/149 226/151/148
f 225/159/156 167/153/150 301/152/149
f 156/160/157 167/153/150 225/159/156
f 167/153/150 156/160/157 166/161/158
f 167/153/150 166/161/158 264/154/151
f 287/162/159 263/156/153 242/155/152
f 263/156/153 287/162/159 299/163/160
f 234/157/154 263/156/153 299/163/160
f 235/164/161 234/157/154 299/163/160
f 234/157/154 235/164/161 218/165/162
f 171/158/155 234/157/154 218/165/162
f 217/166/163 171/158/155 218/165/162
f 171/158/155 217/166/163 211/167/164
f 225/159/156 171/158/155 211/167/164
f 211/167/164 202/168/165 225/159/156
f 202/168/165 156/160/157 225/159/156
f 287/162/159 241/169/166 299/163/160
f 299/163/160 241/169/166 285/170/167
f 285/170/167 254/171/168 299/163/160
f 254/171/168 253/172/169 299/163/160
f 235/164/161 299/163/160 253/172/169
f 235/164/161 253/172/169 236/173/170
f 218/165/162 235/164/161 236/173/170
f 218/165/162 236/173/170 239/174/171
f 239/174/171 217/166/163 218/165/162
f 241/169/166 243/175/172 285/170/167
f 243/175/172 288/176/173 285/170/167
f 288/176/173 240/177/174 285/170/167
f 286/178/175 285/170/167 240/177/174
f 254/171/168 285/170/167 286/178/175
f 3925/179/176 254/171/168 286/178/175
f 3925/179/176 236/173/170 254/171/168
f 236/173/170 253/172/169 254/171/168
f 288/176/173 312/180/177 240/177/174
f 312/180/177 306/181/178 240/177/174
f 240/177/174 306/181/178 252/182/179
f 252/182/179 286/178/175 240/177/174
f 286/178/175 252/182/179 251/183/180
f 251/183/180 3925/179/176 286/178/175
f 3925/179/176 251/183/180 317/184/181
f 317/184/181 239/174/171 3925/179/176
f 239/174/171 236/173/170 3925/179/176
f 306/181/178 312/180/177 328/185/182
f 321/186/183 306/181/178 328/185/182
f 306/181/178 321/186/183 305/187/184
f 252/182/179 306/181/178 305/187/184
f 252/182/179 305/187/184 251/183/180
f 305/187/184 318/188/185 251/183/180
f 318/188/185 317/184/181 251/183/180
f 317/184/181 318/188/185 320/189/186
f 319/190/187 317/184/181 320/189/186
f 319/190/187 313/191/188 317/184/181
f 313/191/188 239/174/171 317/184/181
f 318/188/185 321/186/183 328/185/182
f 318/188/185 305/187/184 321/186/183
f 320/189/186 318/188/185 328/185/182
f 239/174/171 313/191/188 217/166/163
f 313/191/188 314/192/189 217/166/163
f 211/167/164 217/166/163 314/192/189
f 315/193/190 211/167/164 314/192/189
f 202/168/165 211/167/164 315/193/190
f 331/194/191 202/168/165 315/193/190
f 331/194/191 329/195/192 202/168/165
f 329/195/192 200/196/193 202/168/165
f 200/196/193 163/197/194 202/168/165
f 163/197/194 156/160/157 202/168/165
f 163/197/194 201/198/195 156/160/157
f 201/198/195 209/199/196 156/160/157
f 156/160/157 209/199/196 166/161/158
f 155/200/197 200/196/193 329/195/192
f 207/201/198 200/196/193 155/200/197
f 163/197/194 200/196/193 207/201/198
f 163/197/194 207/201/198 168/202/199
f 201/198/195 163/197/194 168/202/199
f 201/198/195 168/202/199 157/203/200
f 157/203/200 208/204/201 201/198/195
f 208/204/201 209/199/196 201/198/195
f 330/205/202 155/200/197 329/195/192
f 155/200/197 330/205/202 165/206/203
f 155/200/197 165/206/203 206/207/204
f 164/208/205 155/200/197 206/207/204
f 164/208/205 207/201/198 155/200/197
f 207/201/198 164/208/205 212/209/206
f 168/202/199 207/201/198 212/209/206
f 212/209/206 204/210/207 168/202/199
f 204/210/207 157/203/200 168/202/199
f 330/205/202 426/211/208 165/206/203
f 165/206/203 426/211/208 213/212/209
f 165/206/203 213/212/209 154/213/210
f 154/213/210 206/207/204 165/206/203
f 154/213/210 153/214/211 206/207/204
f 153/214/211 162/215/212 206/207/204
f 164/208/205 206/207/204 162/215/212
f 212/209/206 164/208/205 162/215/212
f 212/209/206 162/215/212 204/210/207
f 426/211/208 332/216/213 213/212/209
f 332/216/213 326/217/214 213/212/209
f 326/217/214 322/218/215 213/212/209
f 213/212/209 322/218/215 205/219/216
f 213/212/209 205/219/216 154/213/210
f 205/219/216 152/220/217 154/213/210
f 152/220/217 153/214/211 154/213/210
f 152/220/217 151/221/218 153/214/211
f 151/221/218 203/222/219 153/214/211
f 153/214/211 203/222/219 162/215/212
f 162/215/212 203/222/219 204/210/207
f 322/218/215 326/217/214 327/223/220
f 284/224/221 322/218/215 327/223/220
f 322/218/215 284/224/221 152/220/217
f 205/219/216 322/218/215 152/220/217
f 151/221/218 284/224/221 327/223/220
f 284/224/221 151/221/218 152/220/217
f 425/225/222 151/221/218 327/223/220
f 425/225/222 424/226/223 151/221/218
f 424/226/223 203/222/219 151/221/218
f 424/226/223 421/227/224 203/222/219
f 421/227/224 204/210/207 203/222/219
f 421/227/224 420/228/225 204/210/207
f 420/228/225 157/203/200 204/210/207
f 420/228/225 423/229/226 157/203/200
f 423/229/226 208/204/201 157/203/200
f 169/230/227 208/204/201 423/229/226
f 208/204/201 169/230/227 209/199/196
f 169/230/227 158/231/228 209/199/196
f 209/199/196 158/231/228 166/161/158
f 158/231/228 300/232/229 166/161/158
f 300/232/229 264/154/151 166/161/158
f 422/233/230 169/230/227 423/229/226
f 170/234/231 169/230/227 422/233/230
f 169/230/227 170/234/231 159/235/232
f 158/231/228 169/230/227 159/235/232
f 159/235/232 210/236/233 158/231/228
f 300/232/229 158/231/228 210/236/233
f 210/236/233 173/237/234 300/232/229
f 300/232/229 173/237/234 264/154/151
f 264/154/151 173/237/234 277/147/144
f 173/237/234 281/238/235 277/147/144
f 277/147/144 281/238/235 3422/148/145
f 419/239/236 170/234/231 422/233/230
f 170/234/231 419/239/236 176/240/237
f 308/241/238 170/234/231 176/240/237
f 170/234/231 308/241/238 290/242/239
f 159/235/232 170/234/231 290/242/239
f 159/235/232 290/242/239 293/243/240
f 292/244/241 159/235/232 293/243/240
f 159/235/232 292/244/241 210/236/233
f 292/244/241 216/245/242 210/236/233
f 216/245/242 172/246/243 210/236/233
f 172/246/243 173/237/234 210/236/233
f 176/240/237 238/247/244 308/241/238
f 238/247/244 199/248/245 308/241/238
f 308/241/238 199/248/245 294/249/246
f 311/250/247 308/241/238 294/249/246
f 311/250/247 290/242/239 308/241/238
f 311/250/247 231/251/248 290/242/239
f 231/251/248 293/243/240 290/242/239
f 231/251/248 198/252/249 293/243/240
f 293/243/240 198/252/249 309/253/250
f 292/244/241 293/243/240 309/253/250
f 238/247/244 221/254/251 199/248/245
f 221/254/251 223/255/252 199/248/245
f 223/255/252 222/256/253 199/248/245
f 222/256/253 291/257/254 199/248/245
f 294/249/246 199/248/245 291/257/254
f 294/249/246 291/257/254 289/258/255
f 296/259/256 294/249/246 289/258/255
f 294/249/246 296/259/256 311/250/247
f 296/259/256 231/251/248 311/250/247
f 191/260/257 223/255/252 221/254/251
f 191/260/257 189/261/258 223/255/252
f 189/261/258 222/256/253 223/255/252
f 222/256/253 189/261/258 224/262/259
f 195/263/260 222/256/253 224/262/259
f 222/256/253 195/263/260 291/257/254
f 195/263/260 289/258/255 291/257/254
f 195/263/260 194/264/261 289/258/255
f 194/264/261 229/265/262 289/258/255
f 296/259/256 289/258/255 229/265/262
f 190/266/263 191/260/257 221/254/251
f 191/260/257 190/266/263 184/267/264
f 184/267/264 189/261/258 191/260/257
f 189/261/258 184/267/264 224/262/259
f 184/267/264 183/268/265 224/262/259
f 192/269/266 224/262/259 183/268/265
f 192/269/266 194/264/261 224/262/259
f 194/264/261 195/263/260 224/262/259
f 190/266/263 181/270/267 184/267/264
f 184/267/264 181/270/267 182/271/268
f 183/268/265 184/267/264 182/271/268
f 192/269/266 183/268/265 182/271/268
f 185/272/269 192/269/266 182/271/268
f 192/269/266 185/272/269 194/264/261
f 185/272/269 193/273/270 194/264/261
f 194/264/261 193/273/270 229/265/262
f 193/273/270 197/274/271 229/265/262
f 197/274/271 196/275/272 229/265/262
f 196/275/272 198/252/249 229/265/262
f 296/259/256 229/265/262 198/252/249
f 231/251/248 296/259/256 198/252/249
f 196/275/272 230/276/273 198/252/249
f 230/276/273 309/253/250 198/252/249
f 230/276/273 262/277/274 309/253/250
f 262/277/274 261/278/275 309/253/250
f 261/278/275 216/245/242 309/253/250
f 216/245/242 292/244/241 309/253/250
f 265/279/276 261/278/275 262/277/274
f 261/278/275 265/279/276 302/280/277
f 261/278/275 302/280/277 216/245/242
f 172/246/243 216/245/242 302/280/277
f 172/246/243 302/280/277 257/281/278
f 172/246/243 257/281/278 281/238/235
f 173/237/234 172/246/243 281/238/235
f 271/282/279 265/279/276 262/277/274
f 265/279/276 271/282/279 338/283/280
f 337/284/281 265/279/276 338/283/280
f 265/279/276 337/284/281 278/285/282
f 265/279/276 278/285/282 302/280/277
f 258/286/283 302/280/277 278/285/282
f 302/280/277 258/286/283 257/281/278
f 257/281/278 258/286/283 3427/287/284
f 257/281/278 3427/287/284 3425/288/285
f 281/238/235 257/281/278 3425/288/285
f 281/238/235 3425/288/285 3422/148/145
f 337/284/281 338/283/280 303/289/286
f 337/284/281 303/289/286 256/290/287
f 256/290/287 279/291/288 337/284/281
f 279/291/288 278/285/282 337/284/281
f 279/291/288 3924/292/289 278/285/282
f 3948/293/290 278/285/282 3924/292/289
f 258/286/283 278/285/282 3948/293/290
f 258/286/283 3948/293/290 3427/287/284
f 338/283/280 336/294/291 303/289/286
f 625/295/292 303/289/286 336/294/291
f 303/289/286 625/295/292 255/296/293
f 303/289/286 255/296/293 256/290/287
f 256/290/287 255/296/293 620/297/294
f 621/298/295 256/290/287 620/297/294
f 279/291/288 256/290/287 621/298/295
f 622/299/296 279/291/288 621/298/295
f 622/299/296 3955/300/297 279/291/288
f 3955/300/297 3924/292/289 279/291/288
f 406/301/99 625/295/292 336/294/291
f 623/302/298 625/295/292 406/301/99
f 625/295/292 623/302/298 394/303/299
f 407/304/300 625/295/292 394/303/299
f 625/295/292 407/304/300 255/296/293
f 407/304/300 350/305/301 255/296/293
f 350/305/301 620/297/294 255/296/293
f 350/305/301 2532/306/302 620/297/294
f 2532/306/302 2503/307/303 620/297/294
f 621/298/295 620/297/294 2503/307/303
f 393/308/304 623/302/298 406/301/99
f 623/302/298 393/308/304 2528/309/305
f 623/302/298 2528/309/305 2527/310/306
f 394/303/299 623/302/298 2527/310/306
f 283/311/307 394/303/299 2527/310/306
f 283/311/307 350/305/301 394/303/299
f 350/305/301 407/304/300 394/303/299
f 393/308/304 2523/312/103 2528/309/305
f 2523/312/103 2526/313/104 2528/309/305
f 2526/313/104 2529/314/308 2528/309/305
f 2529/314/308 2527/310/306 2528/309/305
f 2529/314/308 2531/315/309 2527/310/306
f 2531/315/309 2524/316/310 2527/310/306
f 2524/316/310 283/311/307 2527/310/306
f 283/311/307 2524/316/310 2530/317/311
f 2530/317/311 2532/306/302 283/311/307
f 2532/306/302 350/305/301 283/311/307
f 2531/315/309 2529/314/308 2526/313/104
f 2522/318/101 2531/315/309 2526/313/104
f 2525/319/312 2531/315/309 2522/318/101
f 2531/315/309 2525/319/312 2524/316/310
f 2524/316/310 2525/319/312 2530/317/311
f 2530/317/311 2525/319/312 2540/320/313
f 2582/321/92 2530/317/311 2540/320/313
f 2582/321/92 2584/322/86 2530/317/311
f 2584/322/86 2532/306/302 2530/317/311
f 2503/307/303 2532/306/302 2584/322/86
f 2540/320/313 2525/319/312 2522/318/101
f 3399/323/314 2503/307/303 2584/322/86
f 2503/307/303 3399/323/314 2480/324/315
f 2480/324/315 621/298/295 2503/307/303
f 622/299/296 621/298/295 2480/324/315
f 2502/325/316 622/299/296 2480/324/315
f 2502/325/316 3949/326/317 622/299/296
f 3955/300/297 622/299/296 3949/326/317
f 3399/323/314 2479/327/318 2480/324/315
f 2480/324/315 2479/327/318 2502/325/316
f 2479/327/318 2501/328/319 2502/325/316
f 2501/328/319 3949/326/317 2502/325/316
s 5
f 28/329/320 90/330/321 62/331/322
f 90/330/321 60/332/323 62/331/322
f 62/331/322 60/332/323 29/333/324
f 60/332/323 1272/334/325 29/333/324
f 1272/334/325 248/335/326 29/333/324
f 248/335/326 249/336/327 29/333/324
f 249/336/327 248/335/326 63/337/328
f 66/338/329 249/336/327 63/337/328
f 90/330/321 59/339/330 60/332/323
f 59/339/330 87/340/331 60/332/323
f 60/332/323 87/340/331 1272/334/325
f 87/340/331 333/341/332 1272/334/325
f 1272/334/325 333/341/332 1270/342/333
f 248/335/326 1272/334/325 1270/342/333
f 1270/342/333 26/343/334 248/335/326
f 26/343/334 63/337/328 248/335/326
f 27/344/335 63/337/328 26/343/334
f 63/337/328 27/344/335 24/345/336
f 66/338/329 63/337/328 24/345/336
f 64/346/337 66/338/329 24/345/336
f 59/339/330 3964/347/338 87/340/331
f 3964/347/338 3968/348/339 87/340/331
f 87/340/331 3968/348/339 333/341/332
f 3968/348/339 1/349/340 333/341/332
f 333/341/332 1/349/340 1270/342/333
f 1/349/340 18/350/341 1270/342/333
f 26/343/334 1270/342/333 18/350/341
f 26/343/334 18/350/341 214/351/342
f 27/344/335 26/343/334 214/351/342
f 27/344/335 214/351/342 65/352/343
f 27/344/335 65/352/343 145/353/344
f 27/344/335 145/353/344 24/345/336
f 3968/348/339 3964/347/338 341/354/345
f 401/355/346 3968/348/339 341/354/345
f 1/349/340 3968/348/339 401/355/346
f 342/356/347 1/349/340 401/355/346
f 1/349/340 342/356/347 18/350/341
f 342/356/347 250/357/348 18/350/341
f 18/350/341 250/357/348 215/358/349
f 214/351/342 18/350/341 215/358/349
f 214/351/342 215/358/349 65/352/343
f 215/358/349 142/359/350 65/352/343
f 65/352/343 142/359/350 144/360/351
f 65/352/343 144/360/351 145/353/344
f 401/355/346 341/354/345 310/361/352
f 343/362/353 401/355/346 310/361/352
f 401/355/346 343/362/353 390/363/354
f 342/356/347 401/355/346 390/363/354
f 250/357/348 342/356/347 390/363/354
f 297/364/355 250/357/348 390/363/354
f 297/364/355 215/358/349 250/357/348
f 215/358/349 297/364/355 142/359/350
f 142/359/350 297/364/355 295/365/356
f 143/366/357 142/359/350 295/365/356
f 142/359/350 143/366/357 144/360/351
f 144/360/351 143/366/357 20/367/358
f 20/367/358 3963/368/359 144/360/351
f 145/353/344 144/360/351 3963/368/359
f 24/345/336 145/353/344 3963/368/359
f 414/369/360 24/345/336 3963/368/359
f 64/346/337 24/345/336 414/369/360
f 1262/370/361 143/366/357 295/365/356
f 143/366/357 1262/370/361 20/367/358
f 20/367/358 1262/370/361 3959/371/362
f 3959/371/362 1261/372/363 20/367/358
f 3963/368/359 20/367/358 1261/372/363
f 414/369/360 3963/368/359 1261/372/363
f 1268/373/364 414/369/360 1261/372/363
f 56/374/365 414/369/360 1268/373/364
f 56/374/365 64/346/337 414/369/360
f 7/375/366 1262/370/361 295/365/356
f 1262/370/361 7/375/366 1259/376/367
f 1262/370/361 1259/376/367 3959/371/362
f 3959/371/362 1259/376/367 1256/377/368
f 1261/372/363 3959/371/362 1256/377/368
f 1261/372/363 1256/377/368 1255/378/369
f 1268/373/364 1261/372/363 1255/378/369
f 3960/379/370 1268/373/364 1255/378/369
f 3965/380/371 1268/373/364 3960/379/370
f 3965/380/371 56/374/365 1268/373/364
f 7/375/366 5/381/372 1259/376/367
f 1259/376/367 5/381/372 298/382/373
f 1257/383/374 1259/376/367 298/382/373
f 1259/376/367 1257/383/374 1256/377/368
f 1256/377/368 1257/383/374 1252/384/375
f 1256/377/368 1252/384/375 1255/378/369
f 1263/385/376 1255/378/369 1252/384/375
f 3960/379/370 1255/378/369 1263/385/376
f 3961/386/377 3960/379/370 1263/385/376
f 3966/387/378 3960/379/370 3961/386/377
f 3966/387/378 3965/380/371 3960/379/370
f 1257/383/374 298/382/373 389/388/379
f 1253/389/380 1257/383/374 389/388/379
f 1257/383/374 1253/389/380 1252/384/375
f 1252/384/375 1253/389/380 1260/390/381
f 1258/391/382 1252/384/375 1260/390/381
f 1258/391/382 1263/385/376 1252/384/375
f 1258/391/382 1266/392/383 1263/385/376
f 1266/392/383 1269/393/384 1263/385/376
f 1269/393/384 1267/394/385 1263/385/376
f 1267/394/385 3961/386/377 1263/385/376
f 1260/390/381 1253/389/380 389/388/379
f 340/395/386 1260/390/381 389/388/379
f 1265/396/387 1260/390/381 340/395/386
f 1258/391/382 1260/390/381 1265/396/387
f 1266/392/383 1258/391/382 1265/396/387
f 1266/392/383 1265/396/387 1271/397/388
f 1264/398/389 1266/392/383 1271/397/388
f 1269/393/384 1266/392/383 1264/398/389
f 3958/399/390 1269/393/384 1264/398/389
f 3958/399/390 21/400/391 1269/393/384
f 21/400/391 1267/394/385 1269/393/384
f 6/401/392 1265/396/387 340/395/386
f 1271/397/388 1265/396/387 6/401/392
f 4/402/393 1271/397/388 6/401/392
f 334/403/394 1271/397/388 4/402/393
f 1264/398/389 1271/397/388 334/403/394
f 1273/404/395 1264/398/389 334/403/394
f 3958/399/390 1264/398/389 1273/404/395
f 82/405/396 3958/399/390 1273/404/395
f 82/405/396 55/406/397 3958/399/390
f 55/406/397 21/400/391 3958/399/390
f 413/407/398 21/400/391 55/406/397
f 413/407/398 54/408/399 21/400/391
f 54/408/399 1267/394/385 21/400/391
f 2/409/400 334/403/394 4/402/393
f 3/410/401 334/403/394 2/409/400
f 1273/404/395 334/403/394 3/410/401
f 135/411/402 1273/404/395 3/410/401
f 1273/404/395 135/411/402 82/405/396
f 135/411/402 57/412/403 82/405/396
f 57/412/403 58/413/404 82/405/396
f 58/413/404 55/406/397 82/405/396
f 58/413/404 88/414/405 55/406/397
f 88/414/405 53/415/406 55/406/397
f 53/415/406 413/407/398 55/406/397
f 402/416/407 3/410/401 2/409/400
f 3/410/401 402/416/407 748/417/408
f 400/418/409 3/410/401 748/417/408
f 400/418/409 3967/419/410 3/410/401
f 3967/419/410 135/411/402 3/410/401
f 135/411/402 3967/419/410 57/412/403
f 3967/419/410 61/420/411 57/412/403
f 58/413/404 57/412/403 61/420/411
f 136/421/412 58/413/404 61/420/411
f 88/414/405 58/413/404 136/421/412
f 89/422/413 88/414/405 136/421/412
f 1267/394/385 54/408/399 3962/423/414
f 3961/386/377 1267/394/385 3962/423/414
f 3962/423/414 3966/387/378 3961/386/377
s 6
f 2228/424/415 2226/425/416 1254/426/417
f 2226/425/416 2228/424/415 2151/427/418
f 2151/427/418 2143/428/419 2226/425/416
f 2143/428/419 2151/427/418 2144/429/420
f 2152/430/421 2143/428/419 2144/429/420
f 2148/431/422 2143/428/419 2152/430/421
f 2150/432/423 2148/431/422 2152/430/421
f 2148/431/422 2150/432/423 2225/433/424
f 2228/424/415 2249/434/425 2151/427/418
f 2145/435/426 2151/427/418 2249/434/425
f 2144/429/420 2151/427/418 2145/435/426
f 2154/436/427 2144/429/420 2145/435/426
f 2144/429/420 2154/436/427 2139/437/428
f 2171/438/429 2144/429/420 2139/437/428
f 2144/429/420 2171/438/429 2152/430/421
f 2171/438/429 2149/439/430 2152/430/421
f 2152/430/421 2149/439/430 2150/432/423
f 2249/434/425 2228/424/415 2232/440/431
f 2249/434/425 2232/440/431 2235/441/432
f 2020/442/433 2249/434/425 2235/441/432
f 2020/442/433 2145/435/426 2249/434/425
f 2074/443/434 2145/435/426 2020/442/433
f 2145/435/426 2074/443/434 2154/436/427
f 2154/436/427 2074/443/434 2139/437/428
f 2074/443/434 2086/444/435 2139/437/428
f 2263/445/436 2139/437/428 2086/444/435
f 2174/446/437 2139/437/428 2263/445/436
f 2139/437/428 2174/446/437 2171/438/429
f 2232/440/431 2114/447/438 2235/441/432
f 2114/447/438 2269/448/439 2235/441/432
f 2234/449/440 2235/441/432 2269/448/439
f 2234/449/440 2020/442/433 2235/441/432
f 2020/442/433 2234/449/440 2229/450/441
f 2229/450/441 1983/451/442 2020/442/433
f 1983/451/442 2074/443/434 2020/442/433
f 2074/443/434 1983/451/442 1973/452/443
f 2086/444/435 2074/443/434 1973/452/443
f 2232/440/431 2233/453/444 2114/447/438
f 2114/447/438 2233/453/444 2274/454/445
f 2269/448/439 2114/447/438 2274/454/445
f 2274/454/445 2054/455/446 2269/448/439
f 2054/455/446 2034/456/447 2269/448/439
f 2034/456/447 2096/457/448 2269/448/439
f 2096/457/448 2234/449/440 2269/448/439
f 2096/457/448 2229/450/441 2234/449/440
f 2229/450/441 2096/457/448 2080/458/449
f 2080/458/449 2093/459/450 2229/450/441
f 2093/459/450 1983/451/442 2229/450/441
f 2274/454/445 2233/453/444 2223/460/451
f 2274/454/445 2223/460/451 2009/461/452
f 2009/461/452 2054/455/446 2274/454/445
f 2082/462/453 2054/455/446 2009/461/452
f 2082/462/453 2069/463/454 2054/455/446
f 2054/455/446 2069/463/454 2038/464/455
f 2034/456/447 2054/455/446 2038/464/455
f 2233/453/444 2240/465/456 2223/460/451
f 2223/460/451 2240/465/456 2237/466/457
f 2224/467/458 2223/460/451 2237/466/457
f 2008/468/459 2223/460/451 2224/467/458
f 2223/460/451 2008/468/459 2009/461/452
f 2009/461/452 2008/468/459 2014/469/460
f 2014/469/460 2082/462/453 2009/461/452
f 2082/462/453 2014/469/460 2016/470/461
f 2016/470/461 2058/471/462 2082/462/453
f 2058/471/462 2069/463/454 2082/462/453
f 2058/471/462 2022/472/463 2069/463/454
f 2022/472/463 2038/464/455 2069/463/454
f 2237/466/457 2230/473/464 2224/467/458
f 2231/474/465 2224/467/458 2230/473/464
f 2224/467/458 2231/474/465 2239/475/466
f 2239/475/466 2008/468/459 2224/467/458
f 2008/468/459 2010/476/467 2014/469/460
f 2014/469/460 2010/476/467 2017/477/468
f 2014/469/460 2017/477/468 2016/470/461
f 2016/470/461 2017/477/468 2012/478/469
f 2012/478/469 2013/479/470 2016/470/461
f 2013/479/470 2058/471/462 2016/470/461
f 2058/471/462 2013/479/470 2056/480/471
f 2055/481/472 2058/471/462 2056/480/471
f 2058/471/462 2055/481/472 2025/482/473
f 2022/472/463 2058/471/462 2025/482/473
f 2010/476/467 2247/483/474 2017/477/468
f 2248/484/475 2017/477/468 2247/483/474
f 2017/477/468 2248/484/475 2012/478/469
f 2012/478/469 2248/484/475 2015/485/476
f 2015/485/476 2013/479/470 2012/478/469
f 2252/486/477 2248/484/475 2247/483/474
f 2055/481/472 2056/480/471 2072/487/478
f 2068/488/479 2055/481/472 2072/487/478
f 2068/488/479 2260/489/480 2055/481/472
f 2260/489/480 2025/482/473 2055/481/472
f 2260/489/480 2085/490/481 2025/482/473
f 2085/490/481 2030/491/482 2025/482/473
f 2025/482/473 2030/491/482 2022/472/463
f 2030/491/482 2024/492/483 2022/472/463
f 2022/472/463 2024/492/483 2038/464/455
f 2115/493/484 2068/488/479 2072/487/478
f 2068/488/479 2115/493/484 2070/494/485
f 2081/495/486 2068/488/479 2070/494/485
f 2081/495/486 2083/496/487 2068/488/479
f 2083/496/487 2260/489/480 2068/488/479
f 2083/496/487 2084/497/488 2260/489/480
f 2084/497/488 2085/490/481 2260/489/480
f 2067/498/489 2115/493/484 2072/487/478
f 2115/493/484 2067/498/489 2063/499/490
f 2115/493/484 2063/499/490 2094/500/491
f 2070/494/485 2115/493/484 2094/500/491
f 2070/494/485 2094/500/491 2059/501/492
f 2057/502/493 2070/494/485 2059/501/492
f 2081/495/486 2070/494/485 2057/502/493
f 2271/503/494 2081/495/486 2057/502/493
f 2083/496/487 2081/495/486 2271/503/494
f 2026/504/495 2083/496/487 2271/503/494
f 2083/496/487 2026/504/495 2084/497/488
f 2026/504/495 2261/505/496 2084/497/488
f 2067/498/489 2071/506/497 2063/499/490
f 2063/499/490 2071/506/497 2065/507/498
f 2261/505/496 2026/504/495 2053/508/499
f 2053/508/499 2026/504/495 2073/509/500
f 2271/503/494 2073/509/500 2026/504/495
f 2271/503/494 2259/510/501 2073/509/500
f 2259/510/501 2271/503/494 2057/502/493
f 2064/511/502 2259/510/501 2057/502/493
f 2064/511/502 2057/502/493 2061/512/503
f 2064/511/502 2061/512/503 2023/513/504
f 2057/502/493 2059/501/492 2061/512/503
f 2024/492/483 2262/514/505 2038/464/455
f 2262/514/505 2078/515/506 2038/464/455
f 2078/515/506 2034/456/447 2038/464/455
f 2113/516/507 2034/456/447 2078/515/506
f 2034/456/447 2113/516/507 2096/457/448
f 2096/457/448 2113/516/507 2080/458/449
f 2113/516/507 2331/517/508 2080/458/449
f 2331/517/508 2332/518/509 2080/458/449
f 2080/458/449 2332/518/509 2093/459/450
f 2159/519/510 2113/516/507 2078/515/506
f 2113/516/507 2159/519/510 2321/520/511
f 2331/517/508 2113/516/507 2321/520/511
f 2331/517/508 2321/520/511 2406/521/512
f 2370/522/513 2331/517/508 2406/521/512
f 2332/518/509 2331/517/508 2370/522/513
f 2390/523/514 2332/518/509 2370/522/513
f 2087/524/515 2332/518/509 2390/523/514
f 2332/518/509 2087/524/515 2093/459/450
f 2093/459/450 2087/524/515 2272/525/516
f 2093/459/450 2272/525/516 1983/451/442
f 2272/525/516 1973/452/443 1983/451/442
f 2370/522/513 2406/521/512 2389/526/517
f 2405/527/518 2370/522/513 2389/526/517
f 2370/522/513 2405/527/518 2390/523/514
f 2405/527/518 2372/528/519 2390/523/514
f 2390/523/514 2372/528/519 2088/529/520
f 2088/529/520 2087/524/515 2390/523/514
f 2088/529/520 2076/530/521 2087/524/515
f 2272/525/516 2087/524/515 2076/530/521
f 2076/530/521 2089/531/522 2272/525/516
f 2089/531/522 2169/532/523 2272/525/516
f 1973/452/443 2272/525/516 2169/532/523
f 2405/527/518 2389/526/517 2383/533/524
f 2396/534/525 2405/527/518 2383/533/524
f 2372/528/519 2405/527/518 2396/534/525
f 2407/535/526 2372/528/519 2396/534/525
f 2407/535/526 2075/536/527 2372/528/519
f 2075/536/527 2076/530/521 2372/528/519
f 2088/529/520 2372/528/519 2076/530/521
f 2389/526/517 2357/537/528 2383/533/524
f 2383/533/524 2357/537/528 2377/538/529
f 2377/538/529 2358/539/530 2383/533/524
f 2358/539/530 2396/534/525 2383/533/524
f 2396/534/525 2358/539/530 2371/540/531
f 2371/540/531 2407/535/526 2396/534/525
f 2371/540/531 2388/541/532 2407/535/526
f 2388/541/532 1982/542/533 2407/535/526
f 1982/542/533 2264/543/534 2407/535/526
f 2264/543/534 2075/536/527 2407/535/526
f 2357/537/528 2375/544/535 2377/538/529
f 2377/538/529 2375/544/535 2376/545/536
f 2377/538/529 2376/545/536 2378/546/537
f 2378/546/537 2358/539/530 2377/538/529
f 2358/539/530 2378/546/537 2369/547/538
f 2358/539/530 2369/547/538 2371/540/531
f 2388/541/532 2371/540/531 2369/547/538
f 2376/545/536 2375/544/535 2395/548/539
f 2402/549/540 2376/545/536 2395/548/539
f 2402/549/540 2379/550/541 2376/545/536
f 2379/550/541 2378/546/537 2376/545/536
f 2373/551/542 2378/546/537 2379/550/541
f 2373/551/542 2388/541/532 2378/546/537
f 2388/541/532 2369/547/538 2378/546/537
f 2402/549/540 2395/548/539 2355/552/543
f 2382/553/544 2402/549/540 2355/552/543
f 2374/554/545 2402/549/540 2382/553/544
f 2402/549/540 2374/554/545 2379/550/541
f 2379/550/541 2374/554/545 2414/555/546
f 2356/556/547 2379/550/541 2414/555/546
f 2356/556/547 2373/551/542 2379/550/541
f 2382/553/544 2355/552/543 2360/557/548
f 2361/558/549 2382/553/544 2360/557/548
f 2361/558/549 2401/559/550 2382/553/544
f 2401/559/550 2374/554/545 2382/553/544
f 2374/554/545 2401/559/550 2381/560/551
f 2414/555/546 2374/554/545 2381/560/551
f 2414/555/546 2381/560/551 2412/561/552
f 2412/561/552 2330/562/553 2414/555/546
f 2330/562/553 2322/563/554 2414/555/546
f 2322/563/554 2356/556/547 2414/555/546
f 2373/551/542 2356/556/547 2322/563/554
f 2360/557/548 2408/564/555 2361/558/549
f 2361/558/549 2408/564/555 2391/565/556
f 2401/559/550 2361/558/549 2391/565/556
f 2401/559/550 2391/565/556 2381/560/551
f 2391/565/556 2359/566/557 2381/560/551
f 2413/567/558 2381/560/551 2359/566/557
f 2381/560/551 2413/567/558 2412/561/552
f 2411/568/559 2413/567/558 2359/566/557
f 2075/536/527 2089/531/522 2076/530/521
f 2089/531/522 2075/536/527 2091/569/560
f 2089/531/522 2091/569/560 2169/532/523
f 2265/570/561 2169/532/523 2091/569/560
f 2265/570/561 1973/452/443 2169/532/523
f 1973/452/443 2265/570/561 2166/571/562
f 2086/444/435 1973/452/443 2166/571/562
f 2075/536/527 2264/543/534 2091/569/560
f 2090/572/563 2091/569/560 2264/543/534
f 2090/572/563 2265/570/561 2091/569/560
f 2090/572/563 2166/571/562 2265/570/561
f 2090/572/563 2161/573/564 2166/571/562
f 2161/573/564 2077/574/565 2166/571/562
f 2077/574/565 2086/444/435 2166/571/562
f 2077/574/565 2027/575/566 2086/444/435
f 2027/575/566 2263/445/436 2086/444/435
f 2263/445/436 2027/575/566 2175/576/567
f 2174/446/437 2263/445/436 2175/576/567
f 2161/573/564 2090/572/563 2264/543/534
f 2161/573/564 2264/543/534 2021/577/568
f 2161/573/564 2021/577/568 2077/574/565
f 2021/577/568 2027/575/566 2077/574/565
f 2021/577/568 2339/578/569 2027/575/566
f 2339/578/569 2338/579/570 2027/575/566
f 2338/579/570 2175/576/567 2027/575/566
f 2173/580/571 2175/576/567 2338/579/570
f 2175/576/567 2173/580/571 2176/581/572
f 2174/446/437 2175/576/567 2176/581/572
f 2172/582/573 2174/446/437 2176/581/572
f 2174/446/437 2172/582/573 2171/438/429
f 2264/543/534 1982/542/533 2021/577/568
f 1982/542/533 2309/583/574 2021/577/568
f 2339/578/569 2021/577/568 2309/583/574
f 2312/584/575 2339/578/569 2309/583/574
f 2339/578/569 2312/584/575 2338/579/570
f 2312/584/575 2346/585/576 2338/579/570
f 2346/585/576 2284/586/577 2338/579/570
f 2284/586/577 2268/587/578 2338/579/570
f 2268/587/578 2173/580/571 2338/579/570
f 2309/583/574 1982/542/533 2388/541/532
f 2315/588/579 2309/583/574 2388/541/532
f 2309/583/574 2315/588/579 2303/589/580
f 2312/584/575 2309/583/574 2303/589/580
f 2312/584/575 2303/589/580 2302/590/581
f 2346/585/576 2312/584/575 2302/590/581
f 2346/585/576 2302/590/581 2301/591/582
f 2278/592/583 2346/585/576 2301/591/582
f 2284/586/577 2346/585/576 2278/592/583
f 2315/588/579 2388/541/532 2373/551/542
f 2327/593/584 2315/588/579 2373/551/542
f 2329/594/585 2315/588/579 2327/593/584
f 2303/589/580 2315/588/579 2329/594/585
f 2303/589/580 2329/594/585 2310/595/586
f 2302/590/581 2303/589/580 2310/595/586
f 2301/591/582 2302/590/581 2310/595/586
f 2304/596/587 2301/591/582 2310/595/586
f 2304/596/587 2278/592/583 2301/591/582
f 2300/597/588 2278/592/583 2304/596/587
f 2278/592/583 2300/597/588 2288/598/589
f 2288/598/589 2284/586/577 2278/592/583
f 2327/593/584 2373/551/542 2322/563/554
f 2327/593/584 2322/563/554 2320/599/590
f 2328/600/591 2327/593/584 2320/599/590
f 2329/594/585 2327/593/584 2328/600/591
f 2310/595/586 2329/594/585 2328/600/591
f 2310/595/586 2328/600/591 2308/601/592
f 2304/596/587 2310/595/586 2308/601/592
f 2311/602/593 2304/596/587 2308/601/592
f 2311/602/593 2300/597/588 2304/596/587
f 2320/599/590 2322/563/554 2330/562/553
f 2341/603/594 2320/599/590 2330/562/553
f 2341/603/594 2280/604/595 2320/599/590
f 2280/604/595 2318/605/596 2320/599/590
f 2318/605/596 2319/606/597 2320/599/590
f 2319/606/597 2328/600/591 2320/599/590
f 2328/600/591 2319/606/597 2308/601/592
f 2319/606/597 2292/607/598 2308/601/592
f 2293/608/599 2308/601/592 2292/607/598
f 2293/608/599 2311/602/593 2308/601/592
f 2313/609/600 2311/602/593 2293/608/599
f 2313/609/600 2306/610/601 2311/602/593
f 2300/597/588 2311/602/593 2306/610/601
f 2318/605/596 2280/604/595 2285/611/602
f 2317/612/603 2318/605/596 2285/611/602
f 2319/606/597 2318/605/596 2317/612/603
f 2317/612/603 2294/613/604 2319/606/597
f 2292/607/598 2319/606/597 2294/613/604
f 2292/607/598 2294/613/604 2289/614/605
f 2292/607/598 2289/614/605 2337/615/606
f 2297/616/607 2292/607/598 2337/615/606
f 2297/616/607 2293/608/599 2292/607/598
f 2293/608/599 2297/616/607 2295/617/608
f 2282/618/609 2293/608/599 2295/617/608
f 2293/608/599 2282/618/609 2313/609/600
f 2317/612/603 2289/614/605 2294/613/604
f 2295/617/608 2297/616/607 2337/615/606
f 2340/619/610 2295/617/608 2337/615/606
f 2340/619/610 2342/620/611 2295/617/608
f 2295/617/608 2342/620/611 2281/621/612
f 2295/617/608 2281/621/612 2282/618/609
f 2279/622/613 2282/618/609 2281/621/612
f 2277/623/614 2282/618/609 2279/622/613
f 2282/618/609 2277/623/614 2313/609/600
f 2314/624/615 2313/609/600 2277/623/614
f 2313/609/600 2314/624/615 2306/610/601
f 2287/625/616 2342/620/611 2340/619/610
f 2279/622/613 2281/621/612 2342/620/611
f 2279/622/613 2283/626/617 2277/623/614
f 2291/627/618 2277/623/614 2283/626/617
f 2277/623/614 2291/627/618 2314/624/615
f 2314/624/615 2291/627/618 2305/628/619
f 2316/629/620 2314/624/615 2305/628/619
f 2314/624/615 2316/629/620 2306/610/601
f 2306/610/601 2316/629/620 2286/630/621
f 2290/631/622 2306/610/601 2286/630/621
f 2290/631/622 2300/597/588 2306/610/601
f 2291/627/618 2296/632/623 2305/628/619
f 2305/628/619 2296/632/623 2336/633/624
f 2305/628/619 2336/633/624 2299/634/625
f 2305/628/619 2299/634/625 2307/635/626
f 2307/635/626 2316/629/620 2305/628/619
f 2286/630/621 2316/629/620 2307/635/626
f 2276/636/627 2286/630/621 2307/635/626
f 2286/630/621 2276/636/627 2095/637/490
f 2286/630/621 2095/637/490 2258/638/498
f 2290/631/622 2286/630/621 2258/638/498
f 2300/597/588 2290/631/622 2258/638/498
f 2079/639/628 2336/633/624 2296/632/623
f 2296/632/623 2112/640/504 2079/639/628
f 2196/641/629 2300/597/588 2258/638/498
f 2196/641/629 2288/598/589 2300/597/588
f 2276/636/627 2270/642/491 2095/637/490
f 2276/636/627 2353/643/630 2270/642/491
f 2353/643/630 2111/644/492 2270/642/491
f 2353/643/630 2351/645/624 2111/644/492
f 2351/645/624 2066/646/628 2111/644/492
f 2298/647/631 2353/643/630 2276/636/627
f 2298/647/631 2351/645/624 2353/643/630
f 2298/647/631 2299/634/625 2351/645/624
f 2298/647/631 2307/635/626 2299/634/625
f 2307/635/626 2298/647/631 2276/636/627
f 2288/598/589 2253/648/632 2284/586/577
f 2250/649/633 2284/586/577 2253/648/632
f 2268/587/578 2284/586/577 2250/649/633
f 2150/432/423 2227/650/634 2225/433/424
f 2227/650/634 2150/432/423 2246/651/635
f 2251/652/636 2227/650/634 2246/651/635
f 2005/653/637 2227/650/634 2251/652/636
f 2251/652/636 2245/654/638 2005/653/637
f 2245/654/638 2007/655/639 2005/653/637
f 2007/655/639 2245/654/638 2153/656/640
f 2006/655/641 2007/655/639 2153/656/640
f 2149/439/430 2246/651/635 2150/432/423
f 2149/439/430 2245/654/638 2246/651/635
f 2245/654/638 2251/652/636 2246/651/635
f 2245/654/638 2149/439/430 2153/656/640
f 2149/439/430 2140/657/642 2153/656/640
f 2153/656/640 2140/657/642 2188/658/643
f 2188/658/643 2146/659/644 2153/656/640
f 2146/659/644 2019/660/645 2153/656/640
f 2019/660/645 2011/661/646 2153/656/640
f 2011/661/646 2006/655/641 2153/656/640
f 2140/657/642 2149/439/430 2171/438/429
f 2171/438/429 2172/582/573 2140/657/642
f 2172/582/573 2256/662/647 2140/657/642
f 2140/657/642 2256/662/647 2188/658/643
f 2256/662/647 2257/663/648 2188/658/643
f 2257/663/648 2155/664/649 2188/658/643
f 2146/659/644 2188/658/643 2155/664/649
f 2155/664/649 2156/665/650 2146/659/644
f 2156/665/650 2147/666/651 2146/659/644
f 2146/659/644 2147/666/651 2019/660/645
f 2019/660/645 2147/666/651 2018/667/652
f 2011/661/646 2019/660/645 2018/667/652
f 2172/582/573 2141/668/653 2256/662/647
f 2141/668/653 2257/663/648 2256/662/647
f 2142/669/654 2257/663/648 2141/668/653
f 2142/669/654 2156/665/650 2257/663/648
f 2156/665/650 2155/664/649 2257/663/648
f 2172/582/573 2176/581/572 2141/668/653
f 2176/581/572 2170/670/655 2141/668/653
f 2170/670/655 2142/669/654 2141/668/653
s 7
f 1251/671/656 71/672/657 72/673/658
f 71/672/657 43/674/659 72/673/658
s 8
f 76/675/660 147/676/661 14/677/662
f 76/675/660 700/678/663 147/676/661
f 76/675/660 79/679/664 700/678/663
f 76/675/660 96/680/665 79/679/664
f 96/680/665 1246/681/666 79/679/664
f 1246/681/666 96/680/665 13/682/667
f 96/680/665 75/683/668 13/682/667
f 96/680/665 74/684/669 75/683/668
f 74/684/669 19/685/670 75/683/668
f 74/684/669 148/686/671 19/685/670
f 96/680/665 76/675/660 132/687/672
f 80/688/673 96/680/665 132/687/672
f 96/680/665 80/688/673 81/689/674
f 74/684/669 96/680/665 81/689/674
f 80/688/673 132/687/672 78/690/675
f 124/691/676 80/688/673 78/690/675
f 80/688/673 124/691/676 95/692/677
f 81/689/674 80/688/673 95/692/677
f 124/691/676 78/690/675 44/693/678
f 39/694/679 124/691/676 44/693/678
f 124/691/676 39/694/679 42/695/680
f 95/692/677 124/691/676 42/695/680
f 39/694/679 44/693/678 38/696/681
f 94/697/682 39/694/679 38/696/681
f 39/694/679 94/697/682 73/698/683
f 42/695/680 39/694/679 73/698/683
f 94/697/682 38/696/681 1245/699/684
f 45/700/685 94/697/682 1245/699/684
f 73/698/683 94/697/682 45/700/685
f 15/701/686 73/698/683 45/700/685
f 15/701/686 45/700/685 9/702/687
f 11/703/688 15/701/686 9/702/687
f 11/703/688 9/702/687 92/704/689
f 10/705/690 11/703/688 92/704/689
f 45/700/685 1245/699/684 40/706/691
f 9/702/687 45/700/685 40/706/691
f 9/702/687 40/706/691 475/707/692
f 92/704/689 9/702/687 475/707/692
f 92/704/689 475/707/692 93/708/693
f 8/709/694 92/704/689 93/708/693
f 10/705/690 92/704/689 8/709/694
f 41/710/695 10/705/690 8/709/694
f 41/710/695 8/709/694 46/711/696
f 48/712/697 41/710/695 46/711/696
f 48/712/697 46/711/696 47/713/698
f 476/714/699 48/712/697 47/713/698
f 93/708/693 91/715/700 8/709/694
f 91/715/700 46/711/696 8/709/694
f 91/715/700 670/716/701 46/711/696
f 670/716/701 47/713/698 46/711/696
f 670/716/701 131/717/702 47/713/698
f 131/717/702 77/718/703 47/713/698
f 47/713/698 77/718/703 476/714/699
f 77/718/703 701/719/704 476/714/699
f 701/719/704 77/718/703 702/720/705
f 97/721/706 701/719/704 702/720/705
f 77/718/703 131/717/702 138/722/707
f 702/720/705 77/718/703 138/722/707
f 131/717/702 137/723/708 138/722/707
f 148/686/671 74/684/669 1247/724/709
f 1247/724/709 74/684/669 452/725/710
s 9
f 568/725/711 501/726/712 50/727/713
f 563/684/714 568/725/711 50/727/713
f 568/725/711 563/684/714 562/724/715
f 568/725/711 562/724/715 644/728/716
f 598/729/717 568/725/711 644/728/716
f 563/684/714 50/727/713 52/730/718
f 638/689/719 563/684/714 52/730/718
f 647/680/720 563/684/714 638/689/719
f 647/680/720 133/683/721 563/684/714
f 17/731/722 563/684/714 133/683/721
f 16/686/723 563/684/714 17/731/722
f 563/684/714 16/686/723 562/724/715
f 562/724/715 16/686/723 149/732/724
f 644/728/716 562/724/715 149/732/724
f 638/689/719 52/730/718 560/692/725
f 636/688/726 638/689/719 560/692/725
f 636/688/726 647/680/720 638/689/719
f 52/730/718 51/733/727 560/692/725
f 560/692/725 51/733/727 687/695/728
f 561/691/729 560/692/725 687/695/728
f 561/691/729 636/688/726 560/692/725
f 636/688/726 561/691/729 648/690/730
f 632/687/731 636/688/726 648/690/730
f 647/680/720 636/688/726 632/687/731
f 51/733/727 671/734/732 687/695/728
f 687/695/728 671/734/732 610/698/733
f 602/694/734 687/695/728 610/698/733
f 602/694/734 561/691/729 687/695/728
f 561/691/729 602/694/734 601/693/735
f 648/690/730 561/691/729 601/693/735
f 601/693/735 645/735/736 648/690/730
f 645/735/736 537/736/737 648/690/730
f 648/690/730 537/736/737 632/687/731
f 671/734/732 669/737/738 610/698/733
f 610/698/733 669/737/738 689/701/739
f 607/697/740 610/698/733 689/701/739
f 607/697/740 602/694/734 610/698/733
f 602/694/734 607/697/740 605/696/741
f 601/693/735 602/694/734 605/696/741
f 605/696/741 346/738/742 601/693/735
f 346/738/742 645/735/736 601/693/735
f 669/737/738 477/739/743 689/701/739
f 689/701/739 477/739/743 478/740/744
f 661/703/745 689/701/739 478/740/744
f 692/700/746 689/701/739 661/703/745
f 692/700/746 607/697/740 689/701/739
f 607/697/740 692/700/746 688/699/747
f 605/696/741 607/697/740 688/699/747
f 688/699/747 649/741/748 605/696/741
f 649/741/748 346/738/742 605/696/741
f 661/703/745 478/740/744 672/742/749
f 659/705/750 661/703/745 672/742/749
f 691/702/751 661/703/745 659/705/750
f 691/702/751 692/700/746 661/703/745
f 692/700/746 691/702/751 690/706/752
f 688/699/747 692/700/746 690/706/752
f 688/699/747 690/706/752 649/741/748
f 690/706/752 275/743/753 649/741/748
f 276/744/754 275/743/753 690/706/752
f 666/707/755 276/744/754 690/706/752
f 268/745/756 276/744/754 666/707/755
f 659/705/750 672/742/749 675/746/757
f 660/710/758 659/705/750 675/746/757
f 662/704/759 659/705/750 660/710/758
f 662/704/759 691/702/751 659/705/750
f 690/706/752 691/702/751 662/704/759
f 666/707/755 690/706/752 662/704/759
f 666/707/755 662/704/759 654/709/760
f 668/708/761 666/707/755 654/709/760
f 668/708/761 268/745/756 666/707/755
f 668/708/761 650/715/762 268/745/756
f 650/715/762 693/747/763 268/745/756
f 660/710/758 675/746/757 679/748/764
f 655/712/765 660/710/758 679/748/764
f 654/709/760 660/710/758 655/712/765
f 654/709/760 662/704/759 660/710/758
f 655/712/765 679/748/764 677/749/766
f 663/714/767 655/712/765 677/749/766
f 655/712/765 663/714/767 618/713/768
f 652/711/769 655/712/765 618/713/768
f 652/711/769 654/709/760 655/712/765
f 652/711/769 650/715/762 654/709/760
f 650/715/762 668/708/761 654/709/760
f 663/714/767 677/749/766 676/750/770
f 639/719/771 663/714/767 676/750/770
f 639/719/771 637/718/772 663/714/767
f 637/718/772 618/713/768 663/714/767
f 637/718/772 646/717/773 618/713/768
f 646/717/773 657/716/774 618/713/768
f 618/713/768 657/716/774 652/711/769
f 657/716/774 650/715/762 652/711/769
f 693/747/763 650/715/762 657/716/774
f 266/751/775 693/747/763 657/716/774
f 673/752/776 639/719/771 676/750/770
f 674/753/777 673/752/776 676/750/770
f 657/716/774 646/717/773 266/751/775
f 646/717/773 698/754/778 266/751/775
f 646/717/773 500/755/779 698/754/778
f 500/755/779 678/756/780 698/754/778
f 537/736/737 347/757/781 632/687/731
f 632/687/731 347/757/781 427/758/782
f 634/675/783 632/687/731 427/758/782
f 634/675/783 647/680/720 632/687/731
f 634/675/783 49/679/784 647/680/720
f 640/681/785 647/680/720 49/679/784
f 647/680/720 640/681/785 641/759/786
f 133/683/721 647/680/720 641/759/786
f 427/758/782 428/760/787 634/675/783
f 428/760/787 643/677/788 634/675/783
f 634/675/783 643/677/788 451/676/789
f 549/678/790 634/675/783 451/676/789
f 634/675/783 549/678/790 49/679/784
f 49/679/784 549/678/790 141/761/791
f 640/681/785 49/679/784 141/761/791
f 599/762/792 640/681/785 141/761/791
f 641/759/786 640/681/785 599/762/792
f 429/763/793 641/759/786 599/762/792
f 429/763/793 134/764/794 641/759/786
f 134/764/794 133/683/721 641/759/786
f 451/676/789 643/677/788 146/765/795
f 12/766/796 451/676/789 146/765/795
f 451/676/789 12/766/796 703/767/797
f 549/678/790 451/676/789 703/767/797
f 549/678/790 703/767/797 141/761/791
f 133/683/721 134/764/794 150/768/798
f 17/731/722 133/683/721 150/768/798
f 16/686/723 17/731/722 150/768/798
f 149/732/724 16/686/723 150/768/798
f 633/723/799 646/717/773 635/722/800
f 646/717/773 637/718/772 635/722/800
f 635/722/800 637/718/772 642/720/801
f 637/718/772 639/719/771 642/720/801
f 639/719/771 569/721/802 642/720/801
s 10
f 586/769/803 577/770/804 584/771/805
f 577/770/804 580/772/806 584/771/805
f 584/771/805 580/772/806 571/773/807
f 580/772/806 566/774/808 571/773/807
f 526/775/809 571/773/807 566/774/808
f 539/776/810 526/775/809 566/774/808
f 539/776/810 527/777/811 526/775/809
f 527/777/811 541/778/812 526/775/809
f 577/770/804 594/779/813 580/772/806
f 594/779/813 592/780/814 580/772/806
f 580/772/806 592/780/814 566/774/808
f 592/780/814 523/781/815 566/774/808
f 566/774/808 523/781/815 539/776/810
f 597/782/816 539/776/810 523/781/815
f 597/782/816 589/783/817 539/776/810
f 589/783/817 527/777/811 539/776/810
f 606/784/818 592/780/814 594/779/813
f 542/785/819 592/780/814 606/784/818
f 542/785/819 523/781/815 592/780/814
f 597/782/816 523/781/815 542/785/819
f 530/786/820 597/782/816 542/785/819
f 509/787/821 597/782/816 530/786/820
f 589/783/817 597/782/816 509/787/821
f 518/788/822 589/783/817 509/787/821
f 518/788/822 509/787/821 106/789/823
f 108/790/824 518/788/822 106/789/823
f 612/791/825 606/784/818 594/779/813
f 583/792/826 606/784/818 612/791/825
f 583/792/826 564/793/827 606/784/818
f 564/793/827 542/785/819 606/784/818
f 530/786/820 542/785/819 564/793/827
f 532/794/828 530/786/820 564/793/827
f 512/795/829 530/786/820 532/794/828
f 512/795/829 509/787/821 530/786/820
f 509/787/821 512/795/829 113/796/830
f 106/789/823 509/787/821 113/796/830
f 613/797/831 583/792/826 612/791/825
f 603/798/832 583/792/826 613/797/831
f 583/792/826 603/798/832 564/793/827
f 603/798/832 565/799/833 564/793/827
f 532/794/828 564/793/827 565/799/833
f 533/800/834 532/794/828 565/799/833
f 510/801/835 532/794/828 533/800/834
f 510/801/835 512/795/829 532/794/828
f 113/796/830 512/795/829 510/801/835
f 107/802/836 113/796/830 510/801/835
f 105/803/837 113/796/830 107/802/836
f 113/796/830 105/803/837 106/789/823
f 611/804/838 603/798/832 613/797/831
f 582/805/839 603/798/832 611/804/838
f 582/805/839 567/806/840 603/798/832
f 567/806/840 565/799/833 603/798/832
f 533/800/834 565/799/833 567/806/840
f 535/807/841 533/800/834 567/806/840
f 513/808/842 533/800/834 535/807/841
f 513/808/842 510/801/835 533/800/834
f 107/802/836 510/801/835 513/808/842
f 111/809/843 107/802/836 513/808/842
f 101/810/844 107/802/836 111/809/843
f 101/810/844 105/803/837 107/802/836
f 576/811/845 582/805/839 611/804/838
f 585/812/846 582/805/839 576/811/845
f 585/812/846 570/813/847 582/805/839
f 570/813/847 567/806/840 582/805/839
f 567/806/840 570/813/847 536/814/848
f 535/807/841 567/806/840 536/814/848
f 535/807/841 536/814/848 516/815/849
f 514/816/850 535/807/841 516/815/849
f 514/816/850 513/808/842 535/807/841
f 111/809/843 513/808/842 514/816/850
f 575/817/851 585/812/846 576/811/845
f 593/818/852 585/812/846 575/817/851
f 593/818/852 546/819/853 585/812/846
f 546/819/853 570/813/847 585/812/846
f 570/813/847 546/819/853 538/820/854
f 536/814/848 570/813/847 538/820/854
f 538/820/854 511/821/855 536/814/848
f 511/821/855 516/815/849 536/814/848
f 587/822/856 593/818/852 575/817/851
f 587/822/856 595/823/857 593/818/852
f 595/823/857 581/824/858 593/818/852
f 581/824/858 545/825/859 593/818/852
f 545/825/859 546/819/853 593/818/852
f 546/819/853 545/825/859 515/826/860
f 538/820/854 546/819/853 515/826/860
f 538/820/854 515/826/860 521/827/861
f 511/821/855 538/820/854 521/827/861
f 521/827/861 103/828/862 511/821/855
f 103/828/862 517/829/863 511/821/855
f 511/821/855 517/829/863 516/815/849
f 590/830/864 581/824/858 595/823/857
f 600/831/865 581/824/858 590/830/864
f 581/824/858 600/831/865 545/825/859
f 600/831/865 529/832/866 545/825/859
f 545/825/859 529/832/866 531/833/867
f 515/826/860 545/825/859 531/833/867
f 515/826/860 531/833/867 520/834/868
f 521/827/861 515/826/860 520/834/868
f 521/827/861 520/834/868 103/828/862
f 604/835/869 590/830/864 595/823/857
f 604/835/869 608/836/870 590/830/864
f 608/836/870 591/837/871 590/830/864
f 600/831/865 590/830/864 591/837/871
f 1301/838/872 600/831/865 591/837/871
f 529/832/866 600/831/865 1301/838/872
f 540/839/873 529/832/866 1301/838/872
f 540/839/873 525/840/874 529/832/866
f 525/840/874 531/833/867 529/832/866
f 520/834/868 531/833/867 525/840/874
f 519/841/875 520/834/868 525/840/874
f 520/834/868 519/841/875 396/842/876
f 520/834/868 396/842/876 103/828/862
f 591/837/871 608/836/870 579/843/877
f 591/837/871 579/843/877 1301/838/872
f 579/843/877 534/844/878 1301/838/872
f 1301/838/872 534/844/878 540/839/873
f 534/844/878 528/845/879 540/839/873
f 524/846/880 540/839/873 528/845/879
f 540/839/873 524/846/880 522/847/881
f 525/840/874 540/839/873 522/847/881
f 525/840/874 522/847/881 519/841/875
f 608/836/870 609/848/882 579/843/877
f 578/849/883 524/846/880 528/845/879
f 519/841/875 98/850/884 396/842/876
f 98/850/884 100/851/885 396/842/876
f 100/851/885 127/852/886 396/842/876
f 396/842/876 127/852/886 103/828/862
f 127/852/886 102/853/887 103/828/862
f 517/829/863 103/828/862 102/853/887
f 110/854/888 517/829/863 102/853/887
f 507/855/889 517/829/863 110/854/888
f 517/829/863 507/855/889 516/815/849
f 507/855/889 109/856/890 516/815/849
f 109/856/890 514/816/850 516/815/849
f 109/856/890 111/809/843 514/816/850
f 112/857/891 111/809/843 109/856/890
f 112/857/891 101/810/844 111/809/843
f 508/858/892 507/855/889 110/854/888
f 109/856/890 507/855/889 508/858/892
f 506/859/893 109/856/890 508/858/892
f 506/859/893 112/857/891 109/856/890
f 105/803/837 99/860/894 106/789/823
f 106/789/823 99/860/894 108/790/824
f 99/860/894 104/861/895 108/790/824
s 11
f 123/862/896 373/863/897 432/864/898
f 373/863/897 128/865/899 432/864/898
f 432/864/898 128/865/899 122/866/900
f 267/867/901 432/864/898 122/866/900
f 267/867/901 122/866/900 272/868/902
f 122/866/900 121/869/903 272/868/902
f 122/866/900 273/870/904 121/869/903
f 273/870/904 374/871/905 121/869/903
f 373/863/897 435/872/906 128/865/899
f 435/872/906 430/873/907 128/865/899
f 128/865/899 430/873/907 273/870/904
f 122/866/900 128/865/899 273/870/904
f 430/873/907 435/872/906 120/874/908
f 430/873/907 120/874/908 273/870/904
f 120/874/908 433/875/909 273/870/904
f 273/870/904 433/875/909 374/871/905
f 433/875/909 115/876/910 374/871/905
f 115/876/910 433/875/909 375/877/911
f 433/875/909 130/878/912 375/877/911
f 375/877/911 130/878/912 116/879/913
f 435/872/906 129/880/914 120/874/908
f 129/880/914 119/881/915 120/874/908
f 119/881/915 431/882/916 120/874/908
f 120/874/908 431/882/916 433/875/909
f 431/882/916 130/878/912 433/875/909
f 431/882/916 437/883/917 130/878/912
f 437/883/917 363/884/918 130/878/912
f 130/878/912 363/884/918 116/879/913
f 436/885/919 116/879/913 363/884/918
f 360/886/920 436/885/919 363/884/918
f 436/885/919 360/886/920 434/887/921
f 431/882/916 119/881/915 117/888/922
f 437/883/917 431/882/916 117/888/922
f 366/889/923 437/883/917 117/888/922
f 437/883/917 366/889/923 363/884/918
f 360/886/920 363/884/918 366/889/923
f 366/889/923 358/890/924 360/886/920
f 358/890/924 355/891/925 360/886/920
f 364/892/926 360/886/920 355/891/925
f 360/886/920 364/892/926 434/887/921
f 434/887/921 364/892/926 353/893/927
f 114/894/928 434/887/921 353/893/927
f 140/895/929 366/889/923 117/888/922
f 358/890/924 366/889/923 140/895/929
f 362/896/930 358/890/924 140/895/929
f 362/896/930 377/897/931 358/890/924
f 377/897/931 351/898/932 358/890/924
f 351/898/932 355/891/925 358/890/924
f 355/891/925 351/898/932 352/899/933
f 352/899/933 364/892/926 355/891/925
f 364/892/926 352/899/933 386/900/934
f 353/893/927 364/892/926 386/900/934
f 386/900/934 359/901/935 353/893/927
f 359/901/935 354/902/936 353/893/927
f 353/893/927 354/902/936 367/903/937
f 114/894/928 353/893/927 367/903/937
f 125/904/938 114/894/928 367/903/937
f 357/905/939 351/898/932 377/897/931
f 351/898/932 357/905/939 352/899/933
f 357/905/939 356/906/940 352/899/933
f 356/906/940 386/900/934 352/899/933
f 386/900/934 356/906/940 359/901/935
f 359/901/935 356/906/940 139/907/941
f 118/908/942 359/901/935 139/907/941
f 354/902/936 359/901/935 118/908/942
f 361/909/943 354/902/936 118/908/942
f 365/910/944 354/902/936 361/909/943
f 365/910/944 367/903/937 354/902/936
f 388/911/945 357/905/939 377/897/931
f 356/906/940 357/905/939 388/911/945
f 139/907/941 356/906/940 388/911/945
f 376/912/946 365/910/944 361/909/943
f 376/912/946 126/913/947 365/910/944
f 126/913/947 372/914/948 365/910/944
f 372/914/948 325/915/949 365/910/944
f 325/915/949 367/903/937 365/910/944
f 325/915/949 269/916/950 367/903/937
f 269/916/950 125/904/938 367/903/937
s 12
f 446/917/951 449/918/803 884/919/952
f 882/920/953 446/917/951 884/919/952
f 443/921/954 446/917/951 882/920/953
f 883/922/955 443/921/954 882/920/953
f 883/922/955 887/923/956 443/921/954
f 887/923/956 440/924/957 443/921/954
f 887/923/956 694/925/958 440/924/957
f 694/925/958 442/926/959 440/924/957
f 882/920/953 884/919/952 861/927/960
f 863/928/961 882/920/953 861/927/960
f 883/922/955 882/920/953 863/928/961
f 881/929/962 883/922/955 863/928/961
f 883/922/955 881/929/962 853/930/963
f 887/923/956 883/922/955 853/930/963
f 853/930/963 865/931/964 887/923/956
f 865/931/964 694/925/958 887/923/956
f 667/932/965 694/925/958 865/931/964
f 694/925/958 667/932/965 442/926/959
f 667/932/965 665/933/966 442/926/959
f 861/927/960 856/934/967 863/928/961
f 856/934/967 859/935/968 863/928/961
f 859/935/968 881/929/962 863/928/961
f 881/929/962 859/935/968 860/936/969
f 881/929/962 860/936/969 853/930/963
f 860/936/969 904/937/970 853/930/963
f 853/930/963 904/937/970 865/931/964
f 904/937/970 903/938/971 865/931/964
f 865/931/964 903/938/971 864/939/972
f 864/939/972 667/932/965 865/931/964
f 858/940/973 859/935/968 856/934/967
f 858/940/973 862/941/974 859/935/968
f 862/941/974 860/936/969 859/935/968
f 860/936/969 862/941/974 905/942/975
f 860/936/969 905/942/975 904/937/970
f 905/942/975 896/943/976 904/937/970
f 904/937/970 896/943/976 903/938/971
f 896/943/976 895/944/977 903/938/971
f 903/938/971 895/944/977 910/945/978
f 903/938/971 910/945/978 864/939/972
f 855/946/979 858/940/973 856/934/967
f 862/941/974 900/947/980 905/942/975
f 905/942/975 900/947/980 928/948/981
f 905/942/975 928/948/981 931/949/982
f 896/943/976 905/942/975 931/949/982
f 896/943/976 931/949/982 895/944/977
f 931/949/982 941/950/983 895/944/977
f 895/944/977 941/950/983 902/951/984
f 895/944/977 902/951/984 910/945/978
f 912/952/985 910/945/978 902/951/984
f 910/945/978 912/952/985 866/953/986
f 864/939/972 910/945/978 866/953/986
f 900/947/980 926/954/987 928/948/981
f 923/955/988 928/948/981 926/954/987
f 923/955/988 942/956/989 928/948/981
f 942/956/989 931/949/982 928/948/981
f 931/949/982 942/956/989 941/950/983
f 942/956/989 939/957/990 941/950/983
f 941/950/983 939/957/990 929/958/991
f 941/950/983 929/958/991 902/951/984
f 902/951/984 929/958/991 899/959/992
f 899/959/992 912/952/985 902/951/984
f 970/960/993 923/955/988 926/954/987
f 939/957/990 946/961/994 929/958/991
f 929/958/991 946/961/994 956/962/995
f 929/958/991 956/962/995 899/959/992
f 899/959/992 956/962/995 898/963/996
f 912/952/985 899/959/992 898/963/996
f 878/964/997 912/952/985 898/963/996
f 866/953/986 912/952/985 878/964/997
f 946/961/994 927/965/998 956/962/995
f 956/962/995 927/965/998 930/966/999
f 892/967/1000 956/962/995 930/966/999
f 956/962/995 892/967/1000 898/963/996
f 892/967/1000 894/968/1001 898/963/996
f 894/968/1001 909/969/1002 898/963/996
f 898/963/996 909/969/1002 878/964/997
f 909/969/1002 911/970/1003 878/964/997
f 868/971/1004 878/964/997 911/970/1003
f 868/971/1004 866/953/986 878/964/997
f 892/967/1000 930/966/999 893/972/1005
f 894/968/1001 892/967/1000 893/972/1005
f 894/968/1001 893/972/1005 955/973/1006
f 957/974/1007 894/968/1001 955/973/1006
f 894/968/1001 957/974/1007 909/969/1002
f 957/974/1007 908/975/1008 909/969/1002
f 911/970/1003 909/969/1002 908/975/1008
f 901/976/1009 911/970/1003 908/975/1008
f 870/977/1010 911/970/1003 901/976/1009
f 870/977/1010 868/971/1004 911/970/1003
f 868/971/1004 870/977/1010 450/978/1011
f 868/971/1004 450/978/1011 695/979/1012
f 866/953/986 868/971/1004 695/979/1012
f 955/973/1006 969/980/1013 957/974/1007
f 969/980/1013 961/981/1014 957/974/1007
f 961/981/1014 906/982/1015 957/974/1007
f 906/982/1015 908/975/1008 957/974/1007
f 901/976/1009 908/975/1008 906/982/1015
f 886/983/1016 901/976/1009 906/982/1015
f 872/984/1017 901/976/1009 886/983/1016
f 872/984/1017 870/977/1010 901/976/1009
f 870/977/1010 872/984/1017 447/985/1018
f 870/977/1010 447/985/1018 450/978/1011
f 961/981/1014 969/980/1013 943/986/1019
f 960/987/1020 961/981/1014 943/986/1019
f 960/987/1020 907/988/1021 961/981/1014
f 907/988/1021 906/982/1015 961/981/1014
f 906/982/1015 907/988/1021 874/989/1022
f 886/983/1016 906/982/1015 874/989/1022
f 886/983/1016 874/989/1022 876/990/1023
f 876/990/1023 872/984/1017 886/983/1016
f 876/990/1023 869/991/1024 872/984/1017
f 869/991/1024 873/992/1025 872/984/1017
f 872/984/1017 873/992/1025 447/985/1018
f 907/988/1021 875/993/1026 874/989/1022
f 877/994/1027 874/989/1022 875/993/1026
f 874/989/1022 877/994/1027 876/990/1023
f 879/995/1028 876/990/1023 877/994/1027
f 879/995/1028 869/991/1024 876/990/1023
f 869/991/1024 879/995/1028 885/996/1029
f 871/997/1030 869/991/1024 885/996/1029
f 871/997/1030 873/992/1025 869/991/1024
f 873/992/1025 871/997/1030 441/998/1031
f 873/992/1025 441/998/1031 447/985/1018
f 854/999/1032 877/994/1027 875/993/1026
f 877/994/1027 854/999/1032 880/1000/1033
f 880/1000/1033 857/1001/1034 877/994/1027
f 857/1001/1034 879/995/1028 877/994/1027
f 857/1001/1034 867/1002/1035 879/995/1028
f 867/1002/1035 885/996/1029 879/995/1028
f 696/1003/1036 885/996/1029 867/1002/1035
f 871/997/1030 885/996/1029 696/1003/1036
f 697/1004/1037 871/997/1030 696/1003/1036
f 871/997/1030 697/1004/1037 441/998/1031
f 854/999/1032 852/1005/1038 880/1000/1033
f 445/1006/882 696/1003/1036 867/1002/1035
f 441/998/1031 444/1007/1039 447/985/1018
f 447/985/1018 444/1007/1039 384/1008/1040
f 450/978/1011 447/985/1018 384/1008/1040
f 450/978/1011 384/1008/1040 385/1009/1041
f 695/979/1012 450/978/1011 385/1009/1041
f 695/979/1012 385/1009/1041 665/933/966
f 667/932/965 695/979/1012 665/933/966
f 695/979/1012 667/932/965 866/953/986
f 667/932/965 864/939/972 866/953/986
s 13
f 918/1010/1042 935/1011/1043 934/1012/1044
f 1055/1013/1045 918/1010/1042 934/1012/1044
f 756/1014/1046 918/1010/1042 1055/1013/1045
f 758/1015/1047 756/1014/1046 1055/1013/1045
f 756/1014/1046 758/1015/1047 772/1016/1048
f 764/1017/1049 756/1014/1046 772/1016/1048
f 1043/1018/1050 764/1017/1049 772/1016/1048
f 757/1019/1051 1055/1013/1045 934/1012/1044
f 1055/1013/1045 757/1019/1051 762/1020/1052
f 758/1015/1047 1055/1013/1045 762/1020/1052
f 772/1016/1048 758/1015/1047 762/1020/1052
f 765/1021/1053 772/1016/1048 762/1020/1052
f 781/1022/1054 772/1016/1048 765/1021/1053
f 781/1022/1054 1043/1018/1050 772/1016/1048
f 1043/1018/1050 781/1022/1054 1050/1023/1055
f 919/1024/1056 757/1019/1051 934/1012/1044
f 757/1019/1051 919/1024/1056 916/1025/1057
f 1042/1026/1058 757/1019/1051 916/1025/1057
f 762/1020/1052 757/1019/1051 1042/1026/1058
f 760/1027/1059 762/1020/1052 1042/1026/1058
f 765/1021/1053 762/1020/1052 760/1027/1059
f 1044/1028/1060 765/1021/1053 760/1027/1059
f 765/1021/1053 1044/1028/1060 771/1029/1061
f 777/1030/1062 765/1021/1053 771/1029/1061
f 777/1030/1062 781/1022/1054 765/1021/1053
f 776/1031/1063 781/1022/1054 777/1030/1062
f 781/1022/1054 776/1031/1063 1050/1023/1055
f 776/1031/1063 1034/1032/1064 1050/1023/1055
f 1034/1032/1064 1046/1033/1065 1050/1023/1055
f 1034/1032/1064 1037/1034/1066 1046/1033/1065
f 1037/1034/1066 784/1035/1067 1046/1033/1065
f 784/1035/1067 1037/1034/1066 1051/1036/1068
f 777/1030/1062 771/1029/1061 773/1037/1069
f 1053/1038/1070 777/1030/1062 773/1037/1069
f 1053/1038/1070 776/1031/1063 777/1030/1062
f 1053/1038/1070 1034/1032/1064 776/1031/1063
f 1034/1032/1064 1053/1038/1070 917/1039/1071
f 1037/1034/1066 1034/1032/1064 917/1039/1071
f 1033/1040/1072 1037/1034/1066 917/1039/1071
f 1037/1034/1066 1033/1040/1072 1036/1041/1073
f 1037/1034/1066 1036/1041/1073 1051/1036/1068
f 1036/1041/1073 890/1042/1074 1051/1036/1068
f 890/1042/1074 1052/1043/1075 1051/1036/1068
f 773/1037/1069 782/1044/1076 1053/1038/1070
f 782/1044/1076 917/1039/1071 1053/1038/1070
f 917/1039/1071 782/1044/1076 1045/1045/1077
f 1032/1046/1078 917/1039/1071 1045/1045/1077
f 917/1039/1071 1032/1046/1078 1033/1040/1072
f 1032/1046/1078 836/1047/1079 1033/1040/1072
f 1036/1041/1073 1033/1040/1072 836/1047/1079
f 890/1042/1074 1036/1041/1073 836/1047/1079
f 913/1048/1080 890/1042/1074 836/1047/1079
f 890/1042/1074 913/1048/1080 1052/1043/1075
f 913/1048/1080 1054/1049/1081 1052/1043/1075
f 913/1048/1080 1035/1050/1082 1054/1049/1081
f 1035/1050/1082 1039/1051/1083 1054/1049/1081
f 1032/1046/1078 1045/1045/1077 914/1052/1084
f 1032/1046/1078 914/1052/1084 837/1053/1085
f 836/1047/1079 1032/1046/1078 837/1053/1085
f 837/1053/1085 913/1048/1080 836/1047/1079
f 1035/1050/1082 913/1048/1080 837/1053/1085
f 1035/1050/1082 837/1053/1085 914/1052/1084
f 915/1054/1086 1035/1050/1082 914/1052/1084
f 1035/1050/1082 915/1054/1086 1039/1051/1083
f 915/1054/1086 783/1055/1087 1039/1051/1083
f 915/1054/1086 1048/1056/1088 783/1055/1087
f 1048/1056/1088 774/1057/1089 783/1055/1087
f 920/1058/1090 774/1057/1089 1048/1056/1088
f 1045/1045/1077 924/1059/1091 914/1052/1084
f 914/1052/1084 924/1059/1091 1047/1060/1092
f 1047/1060/1092 915/1054/1086 914/1052/1084
f 915/1054/1086 1047/1060/1092 1048/1056/1088
f 1047/1060/1092 925/1061/1093 1048/1056/1088
f 925/1061/1093 921/1062/1094 1048/1056/1088
f 921/1062/1094 920/1058/1090 1048/1056/1088
f 924/1059/1091 922/1063/1095 1047/1060/1092
f 922/1063/1095 940/1064/1096 1047/1060/1092
f 940/1064/1096 925/1061/1093 1047/1060/1092
s 14
f 840/1065/1097 973/1066/1098 937/1067/1099
f 937/1067/1099 973/1066/1098 968/1068/1100
f 968/1068/1100 978/1069/1101 937/1067/1099
f 978/1069/1101 936/1070/1102 937/1067/1099
f 937/1067/1099 936/1070/1102 1038/1071/1103
f 936/1070/1102 933/1072/1104 1038/1071/1103
f 933/1072/1104 932/1073/1105 1038/1071/1103
f 973/1066/1098 971/1074/1106 968/1068/1100
f 944/1075/1107 968/1068/1100 971/1074/1106
f 944/1075/1107 938/1076/1108 968/1068/1100
f 938/1076/1108 978/1069/1101 968/1068/1100
f 978/1069/1101 938/1076/1108 850/1077/1109
f 850/1077/1109 990/1078/1110 978/1069/1101
f 990/1078/1110 936/1070/1102 978/1069/1101
f 990/1078/1110 989/1079/1111 936/1070/1102
f 989/1079/1111 933/1072/1104 936/1070/1102
f 1040/1080/1112 944/1075/1107 971/1074/1106
f 967/1081/1113 944/1075/1107 1040/1080/1112
f 944/1075/1107 967/1081/1113 991/1082/1114
f 938/1076/1108 944/1075/1107 991/1082/1114
f 938/1076/1108 991/1082/1114 992/1083/1115
f 938/1076/1108 992/1083/1115 850/1077/1109
f 992/1083/1115 829/1084/1116 850/1077/1109
f 990/1078/1110 850/1077/1109 829/1084/1116
f 990/1078/1110 829/1084/1116 830/1085/1117
f 989/1079/1111 990/1078/1110 830/1085/1117
f 965/1086/1118 967/1081/1113 1040/1080/1112
f 964/1087/1119 967/1081/1113 965/1086/1118
f 964/1087/1119 991/1082/1114 967/1081/1113
f 991/1082/1114 964/1087/1119 823/1088/1120
f 825/1089/1121 991/1082/1114 823/1088/1120
f 991/1082/1114 825/1089/1121 992/1083/1115
f 992/1083/1115 825/1089/1121 829/1084/1116
f 824/1090/1122 829/1084/1116 825/1089/1121
f 824/1090/1122 827/1091/1123 829/1084/1116
f 827/1091/1123 830/1085/1117 829/1084/1116
f 972/1092/1124 964/1087/1119 965/1086/1118
f 897/1093/1125 964/1087/1119 972/1092/1124
f 964/1087/1119 897/1093/1125 823/1088/1120
f 823/1088/1120 897/1093/1125 891/1094/1126
f 823/1088/1120 891/1094/1126 825/1089/1121
f 891/1094/1126 824/1090/1122 825/1089/1121
f 891/1094/1126 810/1095/1127 824/1090/1122
f 810/1095/1127 827/1091/1123 824/1090/1122
f 810/1095/1127 797/1096/1128 827/1091/1123
f 797/1096/1128 842/1097/1129 827/1091/1123
f 827/1091/1123 842/1097/1129 830/1085/1117
f 828/1098/1130 897/1093/1125 972/1092/1124
f 831/1099/1131 897/1093/1125 828/1098/1130
f 897/1093/1125 831/1099/1131 891/1094/1126
f 891/1094/1126 831/1099/1131 844/1100/1132
f 810/1095/1127 891/1094/1126 844/1100/1132
f 810/1095/1127 844/1100/1132 797/1096/1128
f 797/1096/1128 844/1100/1132 802/1101/1133
f 798/1102/1134 797/1096/1128 802/1101/1133
f 842/1097/1129 797/1096/1128 798/1102/1134
f 841/1103/1135 842/1097/1129 798/1102/1134
f 847/1104/1136 842/1097/1129 841/1103/1135
f 842/1097/1129 847/1104/1136 830/1085/1117
f 830/1085/1117 847/1104/1136 989/1079/1111
f 832/1105/1137 831/1099/1131 828/1098/1130
f 832/1105/1137 843/1106/1138 831/1099/1131
f 843/1106/1138 844/1100/1132 831/1099/1131
f 844/1100/1132 843/1106/1138 802/1101/1133
f 798/1102/1134 802/1101/1133 805/1107/1139
f 798/1102/1134 805/1107/1139 799/1108/1140
f 812/1109/1141 798/1102/1134 799/1108/1140
f 812/1109/1141 841/1103/1135 798/1102/1134
f 841/1103/1135 812/1109/1141 817/1110/1142
f 817/1110/1142 820/1111/1143 841/1103/1135
f 820/1111/1143 847/1104/1136 841/1103/1135
f 851/1112/1144 847/1104/1136 820/1111/1143
f 847/1104/1136 851/1112/1144 989/1079/1111
f 989/1079/1111 851/1112/1144 826/1113/1145
f 933/1072/1104 989/1079/1111 826/1113/1145
f 811/1114/1146 812/1109/1141 799/1108/1140
f 812/1109/1141 811/1114/1146 817/1110/1142
f 811/1114/1146 813/1115/1147 817/1110/1142
f 813/1115/1147 814/1116/1148 817/1110/1142
f 817/1110/1142 814/1116/1148 820/1111/1143
f 814/1116/1148 816/1117/1149 820/1111/1143
f 816/1117/1149 851/1112/1144 820/1111/1143
f 816/1117/1149 988/1118/1150 851/1112/1144
f 851/1112/1144 988/1118/1150 848/1119/1151
f 851/1112/1144 848/1119/1151 826/1113/1145
f 801/1120/1152 811/1114/1146 799/1108/1140
f 811/1114/1146 801/1120/1152 846/1121/1153
f 813/1115/1147 811/1114/1146 846/1121/1153
f 846/1121/1153 800/1122/1154 813/1115/1147
f 814/1116/1148 813/1115/1147 800/1122/1154
f 848/1119/1151 988/1118/1150 839/1123/1155
f 988/1118/1150 818/1124/1156 839/1123/1155
f 839/1123/1155 818/1124/1156 845/1125/1157
f 819/1126/1158 845/1125/1157 818/1124/1156
f 819/1126/1158 818/1124/1156 988/1118/1150
f 987/1127/1159 819/1126/1158 988/1118/1150
f 988/1118/1150 816/1117/1149 987/1127/1159
f 816/1117/1149 814/1116/1148 987/1127/1159
s 15
f 963/1128/1160 959/1129/1161 1193/1130/1162
f 959/1129/1161 1222/1131/1163 1193/1130/1162
f 1184/1132/1164 1193/1130/1162 1222/1131/1163
f 1183/1133/1165 1184/1132/1164 1222/1131/1163
f 1184/1132/1164 1183/1133/1165 1223/1134/1166
f 1242/1135/1167 1184/1132/1164 1223/1134/1166
f 1242/1135/1167 1223/1134/1166 1230/1136/1168
f 959/1129/1161 966/1137/1169 1222/1131/1163
f 966/1137/1169 1162/1138/1170 1222/1131/1163
f 1183/1133/1165 1222/1131/1163 1162/1138/1170
f 1195/1139/1171 1183/1133/1165 1162/1138/1170
f 1223/1134/1166 1183/1133/1165 1195/1139/1171
f 1213/1140/1172 1223/1134/1166 1195/1139/1171
f 1213/1140/1172 1231/1141/1173 1223/1134/1166
f 1223/1134/1166 1231/1141/1173 1230/1136/1168
f 1230/1136/1168 1231/1141/1173 1214/1142/1174
f 966/1137/1169 1197/1143/1175 1162/1138/1170
f 1197/1143/1175 1196/1144/1176 1162/1138/1170
f 1162/1138/1170 1196/1144/1176 1195/1139/1171
f 1195/1139/1171 1196/1144/1176 1213/1140/1172
f 1196/1144/1176 1166/1145/1177 1213/1140/1172
f 1213/1140/1172 1166/1145/1177 1198/1146/1178
f 1231/1141/1173 1213/1140/1172 1198/1146/1178
f 1231/1141/1173 1198/1146/1178 1214/1142/1174
f 1165/1147/1179 1214/1142/1174 1198/1146/1178
f 1165/1147/1179 1115/1148/1180 1214/1142/1174
f 1115/1148/1180 1215/1149/1181 1214/1142/1174
f 1214/1142/1174 1215/1149/1181 1225/1150/1168
f 1196/1144/1176 1197/1143/1175 1160/1151/1182
f 1116/1152/1183 1196/1144/1176 1160/1151/1182
f 1196/1144/1176 1116/1152/1183 1166/1145/1177
f 1116/1152/1183 1157/1153/1184 1166/1145/1177
f 1166/1145/1177 1157/1153/1184 1165/1147/1179
f 1198/1146/1178 1166/1145/1177 1165/1147/1179
f 1116/1152/1183 1160/1151/1182 1158/1154/1185
f 1112/1155/1186 1116/1152/1183 1158/1154/1185
f 1116/1152/1183 1112/1155/1186 1163/1156/1187
f 1157/1153/1184 1116/1152/1183 1163/1156/1187
f 1157/1153/1184 1163/1156/1187 1115/1148/1180
f 1165/1147/1179 1157/1153/1184 1115/1148/1180
f 1109/1157/1188 1112/1155/1186 1158/1154/1185
f 1112/1155/1186 1109/1157/1188 1164/1158/1189
f 1163/1156/1187 1112/1155/1186 1164/1158/1189
f 1163/1156/1187 1164/1158/1189 1137/1159/1190
f 1115/1148/1180 1163/1156/1187 1137/1159/1190
f 1137/1159/1190 1215/1149/1181 1115/1148/1180
f 1137/1159/1190 1113/1160/1191 1215/1149/1181
f 1215/1149/1181 1113/1160/1191 1225/1150/1168
f 1225/1150/1168 1113/1160/1191 1194/1161/1192
f 1113/1160/1191 1114/1162/1193 1194/1161/1192
f 1194/1161/1192 1114/1162/1193 1212/1163/1194
f 1110/1164/1195 1109/1157/1188 1158/1154/1185
f 1156/1165/1196 1109/1157/1188 1110/1164/1195
f 1109/1157/1188 1156/1165/1196 1111/1166/1197
f 1109/1157/1188 1111/1166/1197 1164/1158/1189
f 1111/1166/1197 1114/1162/1193 1164/1158/1189
f 1137/1159/1190 1164/1158/1189 1114/1162/1193
f 1113/1160/1191 1137/1159/1190 1114/1162/1193
f 949/1167/1198 1156/1165/1196 1110/1164/1195
f 1224/1168/1199 1156/1165/1196 949/1167/1198
f 1111/1166/1197 1156/1165/1196 1224/1168/1199
f 1212/1163/1194 1111/1166/1197 1224/1168/1199
f 1114/1162/1193 1111/1166/1197 1212/1163/1194
f 948/1169/1200 1224/1168/1199 949/1167/1198
s 16
f 997/1170/1201 995/1171/1202 994/1172/1203
f 995/1171/1202 993/1173/1204 994/1172/1203
f 994/1172/1203 993/1173/1204 1185/1174/1205
f 993/1173/1204 1233/1175/1206 1185/1174/1205
f 1185/1174/1205 1233/1175/1206 1228/1176/1207
f 1228/1176/1207 1233/1175/1206 1234/1177/1208
f 1235/1178/1209 1228/1176/1207 1234/1177/1208
f 995/1171/1202 1192/1179/1210 993/1173/1204
f 993/1173/1204 1192/1179/1210 1190/1180/1211
f 993/1173/1204 1190/1180/1211 1233/1175/1206
f 1233/1175/1206 1190/1180/1211 1232/1181/1212
f 1234/1177/1208 1233/1175/1206 1232/1181/1212
f 1227/1182/1213 1234/1177/1208 1232/1181/1212
f 1004/1183/1214 1234/1177/1208 1227/1182/1213
f 1235/1178/1209 1234/1177/1208 1004/1183/1214
f 1002/1184/1215 1235/1178/1209 1004/1183/1214
f 1009/1185/1216 1002/1184/1215 1004/1183/1214
f 1190/1180/1211 1192/1179/1210 1210/1186/1195
f 1232/1181/1212 1190/1180/1211 1210/1186/1195
f 1226/1187/1185 1232/1181/1212 1210/1186/1195
f 1227/1182/1213 1232/1181/1212 1226/1187/1185
f 1209/1188/1182 1227/1182/1213 1226/1187/1185
f 1227/1182/1213 1209/1188/1182 1191/1189/1217
f 1189/1190/1218 1227/1182/1213 1191/1189/1217
f 1189/1190/1218 1031/1191/1219 1227/1182/1213
f 1031/1191/1219 1004/1183/1214 1227/1182/1213
f 1004/1183/1214 1031/1191/1219 1009/1185/1216
f 1031/1191/1219 1018/1192/1220 1009/1185/1216
f 1192/1179/1210 1211/1193/1198 1210/1186/1195
f 1017/1194/1221 1018/1192/1220 1031/1191/1219
f 1031/1191/1219 1019/1195/1222 1017/1194/1221
f 1019/1195/1222 791/1196/1223 1017/1194/1221
f 791/1196/1223 1019/1195/1222 779/1197/1224
f 779/1197/1224 980/1198/1225 791/1196/1223
f 980/1198/1225 979/1199/1226 791/1196/1223
f 979/1199/1226 974/1200/1221 791/1196/1223
f 974/1200/1221 979/1199/1226 1041/1201/1227
f 1019/1195/1222 1031/1191/1219 1189/1190/1218
f 1020/1202/1228 1019/1195/1222 1189/1190/1218
f 1019/1195/1222 1020/1202/1228 1025/1203/1229
f 1019/1195/1222 1025/1203/1229 779/1197/1224
f 985/1204/1230 779/1197/1224 1025/1203/1229
f 980/1198/1225 779/1197/1224 985/1204/1230
f 778/1205/1231 980/1198/1225 985/1204/1230
f 778/1205/1231 945/1206/1232 980/1198/1225
f 979/1199/1226 980/1198/1225 945/1206/1232
f 977/1207/1233 979/1199/1226 945/1206/1232
f 979/1199/1226 977/1207/1233 1041/1201/1227
f 1041/1201/1227 977/1207/1233 976/1208/1216
f 1191/1189/1217 1020/1202/1228 1189/1190/1218
f 1020/1202/1228 1191/1189/1217 1010/1209/1234
f 1011/1210/1235 1020/1202/1228 1010/1209/1234
f 1020/1202/1228 1011/1210/1235 1025/1203/1229
f 958/1211/1236 1025/1203/1229 1011/1210/1235
f 958/1211/1236 985/1204/1230 1025/1203/1229
f 985/1204/1230 958/1211/1236 962/1212/1237
f 1005/1213/1238 985/1204/1230 962/1212/1237
f 778/1205/1231 985/1204/1230 1005/1213/1238
f 983/1214/1239 778/1205/1231 1005/1213/1238
f 945/1206/1232 778/1205/1231 983/1214/1239
f 1016/1215/1240 1010/1209/1234 1191/1189/1217
f 1026/1216/1241 1010/1209/1234 1016/1215/1240
f 1010/1209/1234 1026/1216/1241 953/1217/1242
f 953/1217/1242 950/1218/1243 1010/1209/1234
f 1010/1209/1234 950/1218/1243 1011/1210/1235
f 950/1218/1243 1014/1219/1244 1011/1210/1235
f 1014/1219/1244 962/1212/1237 1011/1210/1235
f 962/1212/1237 958/1211/1236 1011/1210/1235
f 952/1220/1175 1016/1215/1240 1191/1189/1217
f 1191/1189/1217 1209/1188/1182 952/1220/1175
s 17
f 1107/1221/1245 1105/1222/1246 1151/1223/1247
f 1108/1224/1248 1107/1221/1245 1151/1223/1247
f 1117/1225/1249 1107/1221/1245 1108/1224/1248
f 1108/1224/1248 1145/1226/1250 1117/1225/1249
f 1145/1226/1250 1179/1227/1251 1117/1225/1249
f 1145/1226/1250 1244/1228/1252 1179/1227/1251
f 1244/1228/1252 1121/1229/1253 1179/1227/1251
f 1108/1224/1248 1151/1223/1247 1152/1230/1254
f 1161/1231/1255 1108/1224/1248 1152/1230/1254
f 1108/1224/1248 1161/1231/1255 1106/1232/1256
f 1106/1232/1256 1154/1233/1257 1108/1224/1248
f 1154/1233/1257 1145/1226/1250 1108/1224/1248
f 1145/1226/1250 1154/1233/1257 1244/1228/1252
f 1154/1233/1257 1125/1234/1258 1244/1228/1252
f 1125/1234/1258 1128/1235/1259 1244/1228/1252
f 1128/1235/1259 1180/1236/1260 1244/1228/1252
f 1244/1228/1252 1180/1236/1260 1121/1229/1253
f 1180/1236/1260 1141/1237/1261 1121/1229/1253
f 1141/1237/1261 1180/1236/1260 1142/1238/1262
f 1142/1238/1262 1119/1239/1263 1141/1237/1261
f 1119/1239/1263 1159/1240/1264 1141/1237/1261
f 1154/1233/1257 1155/1241/1265 1125/1234/1258
f 1155/1241/1265 1177/1242/1266 1125/1234/1258
f 1177/1242/1266 1170/1243/1267 1125/1234/1258
f 1170/1243/1267 1128/1235/1259 1125/1234/1258
f 1128/1235/1259 1170/1243/1267 1135/1244/1268
f 1128/1235/1259 1135/1244/1268 1123/1245/1269
f 1180/1236/1260 1128/1235/1259 1123/1245/1269
f 1180/1236/1260 1123/1245/1269 1142/1238/1262
f 1142/1238/1262 1123/1245/1269 1140/1246/1270
f 1142/1238/1262 1140/1246/1270 1119/1239/1263
f 1177/1242/1266 1155/1241/1265 1167/1247/1271
f 1167/1247/1271 1187/1248/1272 1177/1242/1266
f 1187/1248/1272 1174/1249/1273 1177/1242/1266
f 1177/1242/1266 1174/1249/1273 1170/1243/1267
f 1174/1249/1273 1169/1250/1274 1170/1243/1267
f 1170/1243/1267 1169/1250/1274 1203/1251/1275
f 1170/1243/1267 1203/1251/1275 1135/1244/1268
f 1135/1244/1268 1203/1251/1275 1175/1252/1276
f 1133/1253/1277 1135/1244/1268 1175/1252/1276
f 1135/1244/1268 1133/1253/1277 1126/1254/1278
f 1123/1245/1269 1135/1244/1268 1126/1254/1278
f 1123/1245/1269 1126/1254/1278 1140/1246/1270
f 1140/1246/1270 1126/1254/1278 1124/1255/1279
f 1140/1246/1270 1124/1255/1279 1120/1256/1280
f 1140/1246/1270 1120/1256/1280 1119/1239/1263
f 1169/1250/1274 1188/1257/1281 1203/1251/1275
f 1203/1251/1275 1188/1257/1281 1175/1252/1276
f 1188/1257/1281 1178/1258/1282 1175/1252/1276
f 1205/1259/1283 1175/1252/1276 1178/1258/1282
f 1133/1253/1277 1175/1252/1276 1205/1259/1283
f 1131/1260/1284 1133/1253/1277 1205/1259/1283
f 1133/1253/1277 1131/1260/1284 1126/1254/1278
f 1131/1260/1284 1243/1261/1285 1126/1254/1278
f 1126/1254/1278 1243/1261/1285 1124/1255/1279
f 1124/1255/1279 1243/1261/1285 1122/1262/1286
f 1188/1257/1281 1136/1263/1287 1178/1258/1282
f 1178/1258/1282 1136/1263/1287 1134/1264/1288
f 1134/1264/1288 1136/1263/1287 1132/1265/1289
f 1136/1263/1287 1129/1266/1290 1132/1265/1289
f 1136/1263/1287 1127/1267/1291 1129/1266/1290
f 1136/1263/1287 1181/1268/1292 1127/1267/1291
f 1181/1268/1292 1136/1263/1287 1186/1269/1293
f 1136/1263/1287 1188/1257/1281 1186/1269/1293
f 1208/1270/1294 1205/1259/1283 1178/1258/1282
f 1171/1271/1295 1205/1259/1283 1208/1270/1294
f 1131/1260/1284 1205/1259/1283 1171/1271/1295
f 1130/1272/1296 1131/1260/1284 1171/1271/1295
f 1130/1272/1296 1144/1273/1297 1131/1260/1284
f 1144/1273/1297 1243/1261/1285 1131/1260/1284
f 1243/1261/1285 1144/1273/1297 1122/1262/1286
f 1172/1274/1298 1171/1271/1295 1208/1270/1294
f 1168/1275/1299 1171/1271/1295 1172/1274/1298
f 1168/1275/1299 1153/1276/1300 1171/1271/1295
f 1130/1272/1296 1171/1271/1295 1153/1276/1300
f 1146/1277/1301 1130/1272/1296 1153/1276/1300
f 1130/1272/1296 1146/1277/1301 1144/1273/1297
f 1146/1277/1301 1143/1278/1302 1144/1273/1297
f 1122/1262/1286 1144/1273/1297 1143/1278/1302
f 1148/1279/1303 1122/1262/1286 1143/1278/1302
f 1173/1280/1304 1168/1275/1299 1172/1274/1298
f 1168/1275/1299 1173/1280/1304 1182/1281/1305
f 1168/1275/1299 1182/1281/1305 1147/1282/1306
f 1153/1276/1300 1168/1275/1299 1147/1282/1306
f 1173/1280/1304 1176/1283/1307 1182/1281/1305
f 1124/1255/1279 1139/1284/1308 1120/1256/1280
f 1120/1256/1280 1139/1284/1308 1118/1285/1309
f 1138/1286/1310 1120/1256/1280 1118/1285/1309
f 1138/1286/1310 1149/1287/1311 1120/1256/1280
f 1149/1287/1311 1119/1239/1263 1120/1256/1280
f 1119/1239/1263 1149/1287/1311 1150/1288/1312
f 1159/1240/1264 1119/1239/1263 1150/1288/1312
s 18
f 1286/1289/1313 1288/1290/1314 1284/1291/1315
f 1288/1290/1314 728/1292/1316 1284/1291/1315
f 1284/1291/1315 728/1292/1316 1285/1293/1317
f 728/1292/1316 1292/1294/1318 1285/1293/1317
f 1292/1294/1318 722/1295/1319 1285/1293/1317
f 722/1295/1319 707/1296/1320 1285/1293/1317
f 707/1296/1320 722/1295/1319 705/1297/1321
f 728/1292/1316 1288/1290/1314 726/1298/1322
f 725/1299/1323 728/1292/1316 726/1298/1322
f 725/1299/1323 718/1300/1324 728/1292/1316
f 718/1300/1324 1292/1294/1318 728/1292/1316
f 718/1300/1324 719/1301/1325 1292/1294/1318
f 719/1301/1325 722/1295/1319 1292/1294/1318
f 1288/1290/1314 716/1302/1326 726/1298/1322
f 716/1302/1326 711/1303/1327 726/1298/1322
f 726/1298/1322 711/1303/1327 725/1299/1323
f 711/1303/1327 709/1304/1328 725/1299/1323
f 709/1304/1328 505/1305/1329 725/1299/1323
f 505/1305/1329 718/1300/1324 725/1299/1323
f 505/1305/1329 717/1306/1330 718/1300/1324
f 717/1306/1330 719/1301/1325 718/1300/1324
f 722/1295/1319 719/1301/1325 717/1306/1330
f 1288/1290/1314 1206/1307/1331 716/1302/1326
f 1206/1307/1331 499/1308/1332 716/1302/1326
f 499/1308/1332 710/1309/1333 716/1302/1326
f 710/1309/1333 708/1310/1334 716/1302/1326
f 711/1303/1327 716/1302/1326 708/1310/1334
f 1067/1311/1335 711/1303/1327 708/1310/1334
f 1067/1311/1335 1084/1312/1336 711/1303/1327
f 1084/1312/1336 709/1304/1328 711/1303/1327
f 709/1304/1328 1084/1312/1336 505/1305/1329
f 1084/1312/1336 1083/1313/1337 505/1305/1329
f 505/1305/1329 1083/1313/1337 717/1306/1330
f 1083/1313/1337 544/1314/1338 717/1306/1330
f 717/1306/1330 544/1314/1338 502/1315/1339
f 502/1315/1339 722/1295/1319 717/1306/1330
f 547/1316/1340 708/1310/1334 710/1309/1333
f 708/1310/1334 547/1316/1340 1067/1311/1335
f 1065/1317/1341 1067/1311/1335 547/1316/1340
f 1065/1317/1341 1086/1318/1342 1067/1311/1335
f 1086/1318/1342 1084/1312/1336 1067/1311/1335
f 1084/1312/1336 1086/1318/1342 1078/1319/1343
f 1083/1313/1337 1084/1312/1336 1078/1319/1343
f 1083/1313/1337 1078/1319/1343 1076/1320/1344
f 544/1314/1338 1083/1313/1337 1076/1320/1344
f 547/1316/1340 710/1309/1333 680/1321/1345
f 723/1322/1346 722/1295/1319 681/1323/1347
f 722/1295/1319 502/1315/1339 681/1323/1347
f 681/1323/1347 502/1315/1339 503/1324/1348
f 502/1315/1339 727/1325/1349 503/1324/1348
f 498/1326/1350 503/1324/1348 727/1325/1349
f 1103/1327/1351 498/1326/1350 727/1325/1349
f 544/1314/1338 727/1325/1349 502/1315/1339
f 720/1328/1352 727/1325/1349 544/1314/1338
f 727/1325/1349 720/1328/1352 1103/1327/1351
f 1103/1327/1351 720/1328/1352 1100/1329/1353
f 1081/1330/1354 1103/1327/1351 1100/1329/1353
f 1081/1330/1354 1066/1331/1355 1103/1327/1351
f 1066/1331/1355 504/1332/1356 1103/1327/1351
f 720/1328/1352 544/1314/1338 1076/1320/1344
f 1100/1329/1353 720/1328/1352 1076/1320/1344
f 1079/1333/1357 1100/1329/1353 1076/1320/1344
f 1100/1329/1353 1079/1333/1357 1080/1334/1358
f 1081/1330/1354 1100/1329/1353 1080/1334/1358
f 1080/1334/1358 1068/1335/1359 1081/1330/1354
f 1068/1335/1359 1066/1331/1355 1081/1330/1354
f 1066/1331/1355 1068/1335/1359 1220/1336/1360
f 1066/1331/1355 1220/1336/1360 1219/1337/1361
f 1219/1337/1361 1220/1336/1360 1238/1338/1362
f 1078/1319/1343 1079/1333/1357 1076/1320/1344
f 1070/1339/1363 1079/1333/1357 1078/1319/1343
f 1070/1339/1363 1082/1340/1364 1079/1333/1357
f 1082/1340/1364 1080/1334/1358 1079/1333/1357
f 1082/1340/1364 1087/1341/1365 1080/1334/1358
f 1087/1341/1365 1068/1335/1359 1080/1334/1358
f 1087/1341/1365 1241/1342/1366 1068/1335/1359
f 1068/1335/1359 1241/1342/1366 1220/1336/1360
f 1220/1336/1360 1241/1342/1366 1239/1343/1367
f 1220/1336/1360 1239/1343/1367 1238/1338/1362
f 1218/1344/1368 1238/1338/1362 1239/1343/1367
f 1086/1318/1342 1070/1339/1363 1078/1319/1343
f 1070/1339/1363 1086/1318/1342 1065/1317/1341
f 1096/1345/1369 1070/1339/1363 1065/1317/1341
f 1070/1339/1363 1096/1345/1369 1082/1340/1364
f 1096/1345/1369 1069/1346/1370 1082/1340/1364
f 1087/1341/1365 1082/1340/1364 1069/1346/1370
f 548/1347/1371 1087/1341/1365 1069/1346/1370
f 1087/1341/1365 548/1347/1371 1240/1348/1372
f 1241/1342/1366 1087/1341/1365 1240/1348/1372
f 1241/1342/1366 1240/1348/1372 1200/1349/1373
f 1201/1350/1374 1241/1342/1366 1200/1349/1373
f 1241/1342/1366 1201/1350/1374 1239/1343/1367
f 1096/1345/1369 1065/1317/1341 547/1316/1340
f 547/1316/1340 1069/1346/1370 1096/1345/1369
f 548/1347/1371 1069/1346/1370 547/1316/1340
f 543/1351/1375 548/1347/1371 547/1316/1340
f 548/1347/1371 1221/1352/1376 1240/1348/1372
f 1200/1349/1373 1240/1348/1372 1221/1352/1376
f 1199/1353/1377 1200/1349/1373 1221/1352/1376
f 1293/1354/1378 1200/1349/1373 1199/1353/1377
f 1200/1349/1373 1293/1354/1378 1202/1355/1379
f 1201/1350/1374 1200/1349/1373 1202/1355/1379
f 1201/1350/1374 1202/1355/1379 1239/1343/1367
f 1202/1355/1379 1237/1356/1380 1239/1343/1367
f 1237/1356/1380 1218/1344/1368 1239/1343/1367
f 1218/1344/1368 1237/1356/1380 1216/1357/1381
f 1207/1358/1382 1218/1344/1368 1216/1357/1381
f 706/1359/1383 1293/1354/1378 1199/1353/1377
f 1291/1360/1384 1293/1354/1378 706/1359/1383
f 1291/1360/1384 3956/1361/1385 1293/1354/1378
f 3956/1361/1385 1202/1355/1379 1293/1354/1378
f 3956/1361/1385 1229/1362/1386 1202/1355/1379
f 1217/1363/1387 1202/1355/1379 1229/1362/1386
f 1237/1356/1380 1202/1355/1379 1217/1363/1387
f 1216/1357/1381 1237/1356/1380 1217/1363/1387
f 1217/1363/1387 1204/1364/1388 1216/1357/1381
f 1204/1364/1388 1207/1358/1382 1216/1357/1381
f 1300/1365/1331 1291/1360/1384 706/1359/1383
f 1300/1365/1331 1294/1366/1315 1291/1360/1384
f 1294/1366/1315 3956/1361/1385 1291/1360/1384
f 1294/1366/1315 1236/1367/1317 3956/1361/1385
f 1236/1367/1317 1229/1362/1386 3956/1361/1385
f 1236/1367/1317 1204/1364/1388 1229/1362/1386
f 1204/1364/1388 1217/1363/1387 1229/1362/1386
s 19
f 1094/1368/1389 1290/1369/1390 1095/1370/1391
f 1290/1369/1390 1094/1368/1389 3957/1371/1392
f 3957/1371/1392 481/1372/1393 1290/1369/1390
f 481/1372/1393 1289/1373/1394 1290/1369/1390
f 32/1374/1395 1289/1373/1394 481/1372/1393
f 35/1375/1396 1289/1373/1394 32/1374/1395
f 245/1376/1397 35/1375/1396 32/1374/1395
f 35/1375/1396 245/1376/1397 715/1377/1398
f 3957/1371/1392 1094/1368/1389 464/1378/1399
f 3957/1371/1392 464/1378/1399 481/1372/1393
f 464/1378/1399 1781/1379/1400 481/1372/1393
f 1781/1379/1400 1091/1380/1401 481/1372/1393
f 33/1381/1402 481/1372/1393 1091/1380/1401
f 33/1381/1402 32/1374/1395 481/1372/1393
f 33/1381/1402 70/1382/1403 32/1374/1395
f 32/1374/1395 70/1382/1403 245/1376/1397
f 1094/1368/1389 1093/1383/1404 464/1378/1399
f 1093/1383/1404 463/1384/1405 464/1378/1399
f 464/1378/1399 463/1384/1405 1781/1379/1400
f 463/1384/1405 1762/1385/1406 1781/1379/1400
f 1762/1385/1406 1758/1386/1407 1781/1379/1400
f 1091/1380/1401 1781/1379/1400 1758/1386/1407
f 1092/1387/1408 1091/1380/1401 1758/1386/1407
f 1091/1380/1401 1092/1387/1408 1060/1388/1409
f 33/1381/1402 1091/1380/1401 1060/1388/1409
f 247/1389/1410 33/1381/1402 1060/1388/1409
f 70/1382/1403 33/1381/1402 247/1389/1410
f 1093/1383/1404 1104/1390/1411 463/1384/1405
f 1104/1390/1411 1296/1391/1412 463/1384/1405
f 463/1384/1405 1296/1391/1412 1762/1385/1406
f 1296/1391/1412 1282/1392/1413 1762/1385/1406
f 1762/1385/1406 1282/1392/1413 1283/1393/1414
f 1287/1394/1415 1762/1385/1406 1283/1393/1414
f 1758/1386/1407 1762/1385/1406 1287/1394/1415
f 1758/1386/1407 1287/1394/1415 461/1395/1416
f 461/1395/1416 1281/1396/1417 1758/1386/1407
f 1281/1396/1417 1092/1387/1408 1758/1386/1407
f 1062/1397/1418 1092/1387/1408 1281/1396/1417
f 1092/1387/1408 1062/1397/1418 1060/1388/1409
f 1287/1394/1415 1283/1393/1414 1280/1398/1419
f 1279/1399/1420 1287/1394/1415 1280/1398/1419
f 461/1395/1416 1287/1394/1415 1279/1399/1420
f 458/1400/1421 461/1395/1416 1279/1399/1420
f 462/1401/1422 461/1395/1416 458/1400/1421
f 1281/1396/1417 461/1395/1416 462/1401/1422
f 462/1401/1422 455/1402/1423 1281/1396/1417
f 455/1402/1423 453/1403/1424 1281/1396/1417
f 1062/1397/1418 1281/1396/1417 453/1403/1424
f 1279/1399/1420 1280/1398/1419 555/1404/1425
f 554/1405/1426 1279/1399/1420 555/1404/1425
f 458/1400/1421 1279/1399/1420 554/1405/1426
f 460/1406/1427 458/1400/1421 554/1405/1426
f 459/1407/1428 458/1400/1421 460/1406/1427
f 459/1407/1428 462/1401/1422 458/1400/1421
f 555/1404/1425 1299/1408/1429 554/1405/1426
f 1299/1408/1429 1277/1409/1430 554/1405/1426
f 554/1405/1426 1277/1409/1430 1276/1410/1431
f 460/1406/1427 554/1405/1426 1276/1410/1431
f 460/1406/1427 1276/1410/1431 1275/1411/1432
f 1278/1412/1433 460/1406/1427 1275/1411/1432
f 1278/1412/1433 459/1407/1428 460/1406/1427
f 1277/1409/1430 1299/1408/1429 488/1413/1434
f 1277/1409/1430 488/1413/1434 553/1414/1435
f 1276/1410/1431 1277/1409/1430 553/1414/1435
f 1275/1411/1432 1276/1410/1431 553/1414/1435
f 552/1415/1436 1275/1411/1432 553/1414/1435
f 553/1414/1435 1298/1416/1437 552/1415/1436
f 553/1414/1435 488/1413/1434 1298/1416/1437
f 488/1413/1434 1274/1417/1438 1298/1416/1437
f 488/1413/1434 457/1418/1439 1274/1417/1438
f 1299/1408/1429 457/1418/1439 488/1413/1434
f 455/1402/1423 1423/1419/1440 453/1403/1424
f 1423/1419/1440 1437/1420/1441 453/1403/1424
f 453/1403/1424 1437/1420/1441 495/1421/1442
f 495/1421/1442 1062/1397/1418 453/1403/1424
f 1063/1422/1443 1062/1397/1418 495/1421/1442
f 1061/1423/1444 1062/1397/1418 1063/1422/1443
f 1062/1397/1418 1061/1423/1444 1060/1388/1409
f 1437/1420/1441 1423/1419/1440 1422/1424/1445
f 1432/1425/1446 1437/1420/1441 1422/1424/1445
f 1437/1420/1441 1432/1425/1446 683/1426/1447
f 1437/1420/1441 683/1426/1447 495/1421/1442
f 495/1421/1442 683/1426/1447 551/1427/1448
f 1297/1428/1449 495/1421/1442 551/1427/1448
f 1297/1428/1449 1063/1422/1443 495/1421/1442
f 1432/1425/1446 1422/1424/1445 1250/1429/1450
f 1249/1430/1451 1432/1425/1446 1250/1429/1450
f 1432/1425/1446 1249/1430/1451 489/1431/1452
f 1432/1425/1446 489/1431/1452 683/1426/1447
f 683/1426/1447 489/1431/1452 685/1432/1453
f 551/1427/1448 683/1426/1447 685/1432/1453
f 1434/1433/1454 1249/1430/1451 1250/1429/1450
f 1249/1430/1451 1434/1433/1454 699/1434/1455
f 684/1435/1456 1249/1430/1451 699/1434/1455
f 1249/1430/1451 684/1435/1456 489/1431/1452
f 489/1431/1452 684/1435/1456 490/1436/1457
f 685/1432/1453 489/1431/1452 490/1436/1457
f 1248/1437/1458 1434/1433/1454 1250/1429/1450
f 1248/1437/1458 1433/1438/1459 1434/1433/1454
f 1434/1433/1454 1433/1438/1459 686/1439/1460
f 699/1434/1455 1434/1433/1454 686/1439/1460
f 686/1439/1460 491/1440/1461 699/1434/1455
f 699/1434/1455 491/1440/1461 490/1436/1457
f 684/1435/1456 699/1434/1455 490/1436/1457
f 1061/1423/1444 1063/1422/1443 246/1441/1462
f 67/1442/1463 1061/1423/1444 246/1441/1462
f 1061/1423/1444 67/1442/1463 1060/1388/1409
f 1058/1443/1464 1060/1388/1409 67/1442/1463
f 1058/1443/1464 247/1389/1410 1060/1388/1409
f 68/1444/1465 247/1389/1410 1058/1443/1464
f 247/1389/1410 68/1444/1465 70/1382/1403
f 246/1441/1462 1611/1445/1466 67/1442/1463
f 1611/1445/1466 1609/1446/1467 67/1442/1463
f 67/1442/1463 1609/1446/1467 1697/1447/1468
f 30/1448/1469 67/1442/1463 1697/1447/1468
f 30/1448/1469 1058/1443/1464 67/1442/1463
f 30/1448/1469 31/1449/1470 1058/1443/1464
f 31/1449/1470 1059/1450/1471 1058/1443/1464
f 1059/1450/1471 68/1444/1465 1058/1443/1464
f 1611/1445/1466 1660/1451/1472 1609/1446/1467
f 1660/1451/1472 1664/1452/1473 1609/1446/1467
f 1609/1446/1467 1664/1452/1473 1723/1453/1474
f 1697/1447/1468 1609/1446/1467 1723/1453/1474
f 1697/1447/1468 1723/1453/1474 1714/1454/1475
f 1665/1455/1476 1697/1447/1468 1714/1454/1475
f 30/1448/1469 1697/1447/1468 1665/1455/1476
f 31/1449/1470 30/1448/1469 1665/1455/1476
f 1660/1451/1472 1696/1456/1477 1664/1452/1473
f 1696/1456/1477 1662/1457/1478 1664/1452/1473
f 1664/1452/1473 1662/1457/1478 1723/1453/1474
f 1662/1457/1478 1713/1458/1479 1723/1453/1474
f 1723/1453/1474 1713/1458/1479 1730/1459/1480
f 1714/1454/1475 1723/1453/1474 1730/1459/1480
f 1662/1457/1478 1696/1456/1477 1661/1460/1481
f 1661/1460/1481 1695/1461/1482 1662/1457/1478
f 1695/1461/1482 1731/1462/1483 1662/1457/1478
f 1731/1462/1483 1713/1458/1479 1662/1457/1478
f 1713/1458/1479 1731/1462/1483 1724/1463/1484
f 1713/1458/1479 1724/1463/1484 1730/1459/1480
f 68/1444/1465 69/1464/1485 70/1382/1403
f 70/1382/1403 69/1464/1485 244/1465/1486
f 70/1382/1403 244/1465/1486 245/1376/1397
f 557/1466/1487 245/1376/1397 244/1465/1486
f 245/1376/1397 557/1466/1487 715/1377/1398
f 474/1467/1488 715/1377/1398 557/1466/1487
f 69/1464/1485 34/1468/1489 244/1465/1486
f 244/1465/1486 34/1468/1489 1088/1469/1490
f 1088/1469/1490 557/1466/1487 244/1465/1486
f 557/1466/1487 1088/1469/1490 473/1470/1491
f 473/1470/1491 474/1467/1488 557/1466/1487
f 473/1470/1491 37/1471/1492 474/1467/1488
f 37/1471/1492 556/1472/1493 474/1467/1488
f 556/1472/1493 37/1471/1492 36/1473/1494
f 37/1471/1492 1090/1474/1495 36/1473/1494
f 1090/1474/1495 1056/1475/1496 36/1473/1494
f 34/1468/1489 721/1476/1497 1088/1469/1490
f 721/1476/1497 1089/1477/1498 1088/1469/1490
f 1089/1477/1498 484/1478/1499 1088/1469/1490
f 1088/1469/1490 484/1478/1499 473/1470/1491
f 473/1470/1491 484/1478/1499 37/1471/1492
f 484/1478/1499 1090/1474/1495 37/1471/1492
f 485/1479/1500 1090/1474/1495 484/1478/1499
f 1090/1474/1495 485/1479/1500 1056/1475/1496
f 1089/1477/1498 485/1479/1500 484/1478/1499
s 20
f 1101/1480/1501 1428/1481/1502 1085/1482/1503
f 1428/1481/1502 1101/1480/1501 1450/1483/1504
f 1460/1484/1505 1428/1481/1502 1450/1483/1504
f 1677/1485/1506 1460/1484/1505 1450/1483/1504
f 1460/1484/1505 1677/1485/1506 1673/1486/1507
f 1459/1487/1508 1460/1484/1505 1673/1486/1507
f 1673/1486/1507 1627/1488/1509 1459/1487/1508
f 1627/1488/1509 1435/1489/1510 1459/1487/1508
f 1073/1490/1511 1450/1483/1504 1101/1480/1501
f 1450/1483/1504 1073/1490/1511 1449/1491/1512
f 1450/1483/1504 1449/1491/1512 1677/1485/1506
f 1449/1491/1512 1629/1492/1513 1677/1485/1506
f 1629/1492/1513 1644/1493/1514 1677/1485/1506
f 1644/1493/1514 1673/1486/1507 1677/1485/1506
f 1644/1493/1514 1627/1488/1509 1673/1486/1507
f 1644/1493/1514 1643/1494/1515 1627/1488/1509
f 1627/1488/1509 1643/1494/1515 1628/1495/1516
f 1435/1489/1510 1627/1488/1509 1628/1495/1516
f 1408/1496/1517 1435/1489/1510 1628/1495/1516
f 1448/1497/1518 1449/1491/1512 1073/1490/1511
f 1448/1497/1518 1646/1498/1519 1449/1491/1512
f 1646/1498/1519 1629/1492/1513 1449/1491/1512
f 1629/1492/1513 1646/1498/1519 1644/1493/1514
f 1646/1498/1519 1641/1499/1520 1644/1493/1514
f 1643/1494/1515 1644/1493/1514 1641/1499/1520
f 1648/1500/1521 1643/1494/1515 1641/1499/1520
f 1643/1494/1515 1648/1500/1521 1625/1501/1522
f 1640/1502/1523 1643/1494/1515 1625/1501/1522
f 1643/1494/1515 1640/1502/1523 1628/1495/1516
f 1075/1503/1524 1448/1497/1518 1073/1490/1511
f 1448/1497/1518 1075/1503/1524 1097/1504/1525
f 1744/1505/1526 1448/1497/1518 1097/1504/1525
f 1744/1505/1526 1682/1506/1527 1448/1497/1518
f 1682/1506/1527 1646/1498/1519 1448/1497/1518
f 1646/1498/1519 1682/1506/1527 1630/1507/1528
f 1646/1498/1519 1630/1507/1528 1641/1499/1520
f 1641/1499/1520 1630/1507/1528 1680/1508/1529
f 1641/1499/1520 1680/1508/1529 1648/1500/1521
f 1648/1500/1521 1680/1508/1529 1624/1509/1530
f 1642/1510/1531 1648/1500/1521 1624/1509/1530
f 1648/1500/1521 1642/1510/1531 1625/1501/1522
f 1654/1511/1532 1744/1505/1526 1097/1504/1525
f 1654/1511/1532 1645/1512/1533 1744/1505/1526
f 1645/1512/1533 1682/1506/1527 1744/1505/1526
f 1623/1513/1534 1682/1506/1527 1645/1512/1533
f 1630/1507/1528 1682/1506/1527 1623/1513/1534
f 1630/1507/1528 1623/1513/1534 1680/1508/1529
f 1680/1508/1529 1623/1513/1534 1605/1514/1535
f 1605/1514/1535 1637/1515/1536 1680/1508/1529
f 1637/1515/1536 1624/1509/1530 1680/1508/1529
f 1098/1516/1537 1654/1511/1532 1097/1504/1525
f 1634/1517/1538 1654/1511/1532 1098/1516/1537
f 1634/1517/1538 1614/1518/1539 1654/1511/1532
f 1614/1518/1539 1645/1512/1533 1654/1511/1532
f 1645/1512/1533 1614/1518/1539 1676/1519/1540
f 1649/1520/1541 1645/1512/1533 1676/1519/1540
f 1649/1520/1541 1623/1513/1534 1645/1512/1533
f 1605/1514/1535 1623/1513/1534 1649/1520/1541
f 1099/1521/1542 1634/1517/1538 1098/1516/1537
f 1633/1522/1543 1634/1517/1538 1099/1521/1542
f 1633/1522/1543 1666/1523/1544 1634/1517/1538
f 1666/1523/1544 1614/1518/1539 1634/1517/1538
f 1614/1518/1539 1666/1523/1544 1722/1524/1545
f 1676/1519/1540 1614/1518/1539 1722/1524/1545
f 1722/1524/1545 1698/1525/1546 1676/1519/1540
f 1649/1520/1541 1676/1519/1540 1698/1525/1546
f 1649/1520/1541 1698/1525/1546 1606/1526/1547
f 1606/1526/1547 1605/1514/1535 1649/1520/1541
f 1102/1527/1548 1633/1522/1543 1099/1521/1542
f 1667/1528/1549 1633/1522/1543 1102/1527/1548
f 1667/1528/1549 1631/1529/1550 1633/1522/1543
f 1631/1529/1550 1666/1523/1544 1633/1522/1543
f 1631/1529/1550 1715/1530/1551 1666/1523/1544
f 1666/1523/1544 1715/1530/1551 1722/1524/1545
f 1715/1530/1551 1686/1531/1552 1722/1524/1545
f 1686/1531/1552 1742/1532/1553 1722/1524/1545
f 1698/1525/1546 1722/1524/1545 1742/1532/1553
f 1613/1533/1554 1698/1525/1546 1742/1532/1553
f 1698/1525/1546 1613/1533/1554 1606/1526/1547
f 1064/1534/1555 1667/1528/1549 1102/1527/1548
f 1064/1534/1555 1655/1535/1556 1667/1528/1549
f 1655/1535/1556 1631/1529/1550 1667/1528/1549
f 1631/1529/1550 1655/1535/1556 1632/1536/1557
f 1631/1529/1550 1632/1536/1557 1647/1537/1558
f 1715/1530/1551 1631/1529/1550 1647/1537/1558
f 1715/1530/1551 1647/1537/1558 1687/1538/1559
f 1686/1531/1552 1715/1530/1551 1687/1538/1559
f 1704/1539/1560 1686/1531/1552 1687/1538/1559
f 1742/1532/1553 1686/1531/1552 1704/1539/1560
f 1074/1540/1561 1655/1535/1556 1064/1534/1555
f 1655/1535/1556 1074/1540/1561 1445/1541/1562
f 1636/1542/1563 1655/1535/1556 1445/1541/1562
f 1655/1535/1556 1636/1542/1563 1632/1536/1557
f 1632/1536/1557 1636/1542/1563 1635/1543/1564
f 1653/1544/1565 1632/1536/1557 1635/1543/1564
f 1632/1536/1557 1653/1544/1565 1743/1545/1566
f 1647/1537/1558 1632/1536/1557 1743/1545/1566
f 1647/1537/1558 1743/1545/1566 1687/1538/1559
f 1445/1541/1562 1074/1540/1561 1072/1546/1567
f 1445/1541/1562 1072/1546/1567 496/1547/1568
f 1445/1541/1562 496/1547/1568 486/1548/1569
f 1444/1549/1570 1445/1541/1562 486/1548/1569
f 1636/1542/1563 1445/1541/1562 1444/1549/1570
f 1442/1550/1571 1636/1542/1563 1444/1549/1570
f 1635/1543/1564 1636/1542/1563 1442/1550/1571
f 1443/1551/1572 1635/1543/1564 1442/1550/1571
f 1442/1550/1571 456/1552/1573 1443/1551/1572
f 456/1552/1573 494/1553/1574 1443/1551/1572
f 1071/1554/1575 496/1547/1568 1072/1546/1567
f 496/1547/1568 1071/1554/1575 466/1555/1576
f 496/1547/1568 466/1555/1576 1295/1556/1577
f 486/1548/1569 496/1547/1568 1295/1556/1577
f 486/1548/1569 1295/1556/1577 467/1557/1578
f 493/1558/1579 486/1548/1569 467/1557/1578
f 1444/1549/1570 486/1548/1569 493/1558/1579
f 1446/1559/1580 1444/1549/1570 493/1558/1579
f 1446/1559/1580 1442/1550/1571 1444/1549/1570
f 456/1552/1573 1442/1550/1571 1446/1559/1580
f 466/1555/1576 1071/1554/1575 468/1560/1581
f 468/1560/1581 465/1561/1582 466/1555/1576
f 465/1561/1582 1295/1556/1577 466/1555/1576
f 465/1561/1582 1057/1562/1583 1295/1556/1577
f 1057/1562/1583 467/1557/1578 1295/1556/1577
f 467/1557/1578 1057/1562/1583 714/1563/1584
f 559/1564/1585 467/1557/1578 714/1563/1584
f 467/1557/1578 559/1564/1585 493/1558/1579
f 559/1564/1585 550/1565/1586 493/1558/1579
f 493/1558/1579 550/1565/1586 1446/1559/1580
f 550/1565/1586 454/1566/1587 1446/1559/1580
f 454/1566/1587 456/1552/1573 1446/1559/1580
f 456/1552/1573 454/1566/1587 682/1567/1588
f 487/1568/1589 456/1552/1573 682/1567/1588
f 456/1552/1573 487/1568/1589 494/1553/1574
f 559/1564/1585 714/1563/1584 480/1569/1590
f 559/1564/1585 480/1569/1590 497/1570/1591
f 550/1565/1586 559/1564/1585 497/1570/1591
f 550/1565/1586 497/1570/1591 682/1567/1588
f 454/1566/1587 550/1565/1586 682/1567/1588
f 714/1563/1584 724/1571/1592 480/1569/1590
f 480/1569/1590 724/1571/1592 483/1572/1493
f 470/1573/1593 480/1569/1590 483/1572/1493
f 470/1573/1593 558/1574/1594 480/1569/1590
f 558/1574/1594 497/1570/1591 480/1569/1590
f 497/1570/1591 558/1574/1594 469/1575/1595
f 682/1567/1588 497/1570/1591 469/1575/1595
f 487/1568/1589 682/1567/1588 469/1575/1595
f 712/1576/1596 487/1568/1589 469/1575/1595
f 492/1577/1597 487/1568/1589 712/1576/1596
f 487/1568/1589 492/1577/1597 494/1553/1574
f 470/1573/1593 483/1572/1493 713/1578/1598
f 482/1579/1599 470/1573/1593 713/1578/1598
f 558/1574/1594 470/1573/1593 482/1579/1599
f 558/1574/1594 482/1579/1599 469/1575/1595
f 482/1579/1599 479/1580/1600 469/1575/1595
f 712/1576/1596 469/1575/1595 479/1580/1600
f 479/1580/1600 472/1581/1601 712/1576/1596
f 472/1581/1601 471/1582/1500 712/1576/1596
f 471/1582/1500 492/1577/1597 712/1576/1596
f 482/1579/1599 713/1578/1598 472/1581/1601
f 479/1580/1600 482/1579/1599 472/1581/1601
f 1743/1545/1566 1728/1583/1602 1687/1538/1559
f 1687/1538/1559 1728/1583/1602 1708/1584/1603
f 1708/1584/1603 1704/1539/1560 1687/1538/1559
f 1704/1539/1560 1708/1584/1603 1718/1585/1604
f 1704/1539/1560 1718/1585/1604 1737/1586/1605
f 1737/1586/1605 1742/1532/1553 1704/1539/1560
f 1610/1587/1606 1742/1532/1553 1737/1586/1605
f 1610/1587/1606 1613/1533/1554 1742/1532/1553
f 1728/1583/1602 1736/1588/1607 1708/1584/1603
f 1708/1584/1603 1736/1588/1607 1729/1589/1608
f 1729/1589/1608 1688/1590/1609 1708/1584/1603
f 1688/1590/1609 1718/1585/1604 1708/1584/1603
f 1718/1585/1604 1688/1590/1609 1675/1591/1610
f 1718/1585/1604 1675/1591/1610 1737/1586/1605
f 1692/1592/1611 1737/1586/1605 1675/1591/1610
f 1692/1592/1611 1610/1587/1606 1737/1586/1605
f 1736/1588/1607 1709/1593/1612 1729/1589/1608
f 1709/1593/1612 1690/1594/1480 1729/1589/1608
f 1690/1594/1480 1691/1595/1613 1729/1589/1608
f 1729/1589/1608 1691/1595/1613 1678/1596/1614
f 1729/1589/1608 1678/1596/1614 1688/1590/1609
f 1703/1597/1615 1688/1590/1609 1678/1596/1614
f 1688/1590/1609 1703/1597/1615 1675/1591/1610
f 1692/1592/1611 1675/1591/1610 1703/1597/1615
f 1689/1598/1616 1692/1592/1611 1703/1597/1615
f 1689/1598/1616 1725/1599/1617 1692/1592/1611
f 1725/1599/1617 1712/1600/1618 1692/1592/1611
f 1610/1587/1606 1692/1592/1611 1712/1600/1618
f 1690/1594/1480 1694/1601/1484 1691/1595/1613
f 1694/1601/1484 1735/1602/1619 1691/1595/1613
f 1691/1595/1613 1735/1602/1619 1734/1603/1620
f 1727/1604/1621 1691/1595/1613 1734/1603/1620
f 1691/1595/1613 1727/1604/1621 1678/1596/1614
f 1678/1596/1614 1727/1604/1621 1674/1605/1622
f 1674/1605/1622 1703/1597/1615 1678/1596/1614
f 1674/1605/1622 1689/1598/1616 1703/1597/1615
f 1735/1602/1619 1694/1601/1484 1711/1606/1483
f 1684/1607/1623 1735/1602/1619 1711/1606/1483
f 1684/1607/1623 1734/1603/1620 1735/1602/1619
f 1684/1607/1623 1693/1608/1624 1734/1603/1620
f 1693/1608/1624 1710/1609/1625 1734/1603/1620
f 1710/1609/1625 1685/1610/1626 1734/1603/1620
f 1685/1610/1626 1727/1604/1621 1734/1603/1620
f 1727/1604/1621 1685/1610/1626 1674/1605/1622
f 1674/1605/1622 1685/1610/1626 1689/1598/1616
f 1684/1607/1623 1711/1606/1483 1693/1608/1624
f 1711/1606/1483 1726/1611/1482 1693/1608/1624
f 1726/1611/1482 1663/1612/1481 1693/1608/1624
f 1663/1612/1481 1683/1613/1627 1693/1608/1624
f 1683/1613/1627 1710/1609/1625 1693/1608/1624
f 1710/1609/1625 1683/1613/1627 1733/1614/1628
f 1685/1610/1626 1710/1609/1625 1733/1614/1628
f 1685/1610/1626 1733/1614/1628 1689/1598/1616
f 1733/1614/1628 1732/1615/1477 1689/1598/1616
f 1732/1615/1477 1725/1599/1617 1689/1598/1616
f 1683/1613/1627 1663/1612/1481 1732/1615/1477
f 1733/1614/1628 1683/1613/1627 1732/1615/1477
f 1405/1616/1629 1610/1587/1606 1712/1600/1618
f 1610/1587/1606 1405/1616/1629 1420/1617/1630
f 1613/1533/1554 1610/1587/1606 1420/1617/1630
f 1613/1533/1554 1420/1617/1630 1421/1618/1631
f 1608/1619/1632 1613/1533/1554 1421/1618/1631
f 1613/1533/1554 1608/1619/1632 1606/1526/1547
f 1606/1526/1547 1608/1619/1632 1612/1620/1633
f 1606/1526/1547 1612/1620/1633 1605/1514/1535
f 1612/1620/1633 1607/1621/1634 1605/1514/1535
f 1605/1514/1535 1607/1621/1634 1637/1515/1536
f 1608/1619/1632 1421/1618/1631 1615/1622/1635
f 1608/1619/1632 1615/1622/1635 1612/1620/1633
f 1615/1622/1635 1620/1623/1636 1612/1620/1633
f 1607/1621/1634 1612/1620/1633 1620/1623/1636
f 1659/1624/1637 1607/1621/1634 1620/1623/1636
f 1659/1624/1637 1679/1625/1638 1607/1621/1634
f 1607/1621/1634 1679/1625/1638 1637/1515/1536
f 1421/1618/1631 1424/1626/1639 1615/1622/1635
f 1615/1622/1635 1424/1626/1639 1652/1627/1640
f 1615/1622/1635 1652/1627/1640 1620/1623/1636
f 1652/1627/1640 1658/1628/1641 1620/1623/1636
f 1659/1624/1637 1620/1623/1636 1658/1628/1641
f 1616/1629/1642 1659/1624/1637 1658/1628/1641
f 1616/1629/1642 1617/1630/1643 1659/1624/1637
f 1617/1630/1643 1679/1625/1638 1659/1624/1637
f 1679/1625/1638 1617/1630/1643 1402/1631/1644
f 1679/1625/1638 1402/1631/1644 1637/1515/1536
f 1424/1626/1639 1404/1632/1645 1652/1627/1640
f 1652/1627/1640 1404/1632/1645 1639/1633/1646
f 1639/1633/1646 1656/1634/1647 1652/1627/1640
f 1656/1634/1647 1658/1628/1641 1652/1627/1640
f 1616/1629/1642 1658/1628/1641 1656/1634/1647
f 1619/1635/1648 1616/1629/1642 1656/1634/1647
f 1617/1630/1643 1616/1629/1642 1619/1635/1648
f 1657/1636/1649 1617/1630/1643 1619/1635/1648
f 1407/1637/1650 1617/1630/1643 1657/1636/1649
f 1617/1630/1643 1407/1637/1650 1402/1631/1644
f 1404/1632/1645 1403/1638/1457 1639/1633/1646
f 1639/1633/1646 1403/1638/1457 1621/1639/1651
f 1639/1633/1646 1621/1639/1651 1622/1640/1652
f 1656/1634/1647 1639/1633/1646 1622/1640/1652
f 1656/1634/1647 1622/1640/1652 1619/1635/1648
f 1622/1640/1652 1618/1641/1653 1619/1635/1648
f 1657/1636/1649 1619/1635/1648 1618/1641/1653
f 1651/1642/1654 1657/1636/1649 1618/1641/1653
f 1425/1643/1655 1657/1636/1649 1651/1642/1654
f 1425/1643/1655 1407/1637/1650 1657/1636/1649
f 1403/1638/1457 1431/1644/1461 1621/1639/1651
f 1621/1639/1651 1431/1644/1461 1416/1645/1656
f 1456/1646/1657 1621/1639/1651 1416/1645/1656
f 1638/1647/1658 1621/1639/1651 1456/1646/1657
f 1621/1639/1651 1638/1647/1658 1622/1640/1652
f 1622/1640/1652 1638/1647/1658 1618/1641/1653
f 1638/1647/1658 1650/1648/1659 1618/1641/1653
f 1650/1648/1659 1651/1642/1654 1618/1641/1653
f 1650/1648/1659 1453/1649/1660 1651/1642/1654
f 1453/1649/1660 1418/1650/1459 1651/1642/1654
f 1418/1650/1459 1419/1651/1661 1651/1642/1654
f 1419/1651/1661 1425/1643/1655 1651/1642/1654
f 1453/1649/1660 1456/1646/1657 1416/1645/1656
f 1456/1646/1657 1453/1649/1660 1638/1647/1658
f 1453/1649/1660 1650/1648/1659 1638/1647/1658
f 1418/1650/1459 1453/1649/1660 1416/1645/1656
f 1402/1631/1644 1430/1652/1662 1637/1515/1536
f 1462/1653/1663 1637/1515/1536 1430/1652/1662
f 1462/1653/1663 1624/1509/1530 1637/1515/1536
f 1624/1509/1530 1462/1653/1663 1415/1654/1664
f 1642/1510/1531 1624/1509/1530 1415/1654/1664
f 1415/1654/1664 1417/1655/1665 1642/1510/1531
f 1417/1655/1665 1626/1656/1666 1642/1510/1531
f 1642/1510/1531 1626/1656/1666 1625/1501/1522
f 1626/1656/1666 1681/1657/1667 1625/1501/1522
f 1640/1502/1523 1625/1501/1522 1681/1657/1667
f 1451/1658/1668 1640/1502/1523 1681/1657/1667
f 1451/1658/1668 1628/1495/1516 1640/1502/1523
f 1626/1656/1666 1417/1655/1665 1429/1659/1669
f 1626/1656/1666 1429/1659/1669 1077/1660/1670
f 1681/1657/1667 1626/1656/1666 1077/1660/1670
f 1681/1657/1667 1077/1660/1670 1455/1661/1671
f 1451/1658/1668 1681/1657/1667 1455/1661/1671
f 1451/1658/1668 1455/1661/1671 1628/1495/1516
f 1455/1661/1671 1452/1662/1672 1628/1495/1516
f 1408/1496/1517 1628/1495/1516 1452/1662/1672
f 1410/1663/1673 1408/1496/1517 1452/1662/1672
f 1461/1664/1674 1410/1663/1673 1452/1662/1672
f 1417/1655/1665 1426/1665/1675 1429/1659/1669
f 1429/1659/1669 1426/1665/1675 1409/1666/1676
f 1454/1667/1677 1429/1659/1669 1409/1666/1676
f 1429/1659/1669 1454/1667/1677 1413/1668/1678
f 1429/1659/1669 1413/1668/1678 1077/1660/1670
f 1077/1660/1670 1413/1668/1678 1436/1669/1679
f 1455/1661/1671 1077/1660/1670 1436/1669/1679
f 1436/1669/1679 1452/1662/1672 1455/1661/1671
f 1452/1662/1672 1436/1669/1679 1414/1670/1680
f 1414/1670/1680 1461/1664/1674 1452/1662/1672
f 1427/1671/1681 1461/1664/1674 1414/1670/1680
f 1412/1672/1682 1427/1671/1681 1414/1670/1680
f 1427/1671/1681 1412/1672/1682 1406/1673/1437
f 1454/1667/1677 1409/1666/1676 1406/1673/1437
f 1411/1674/1683 1454/1667/1677 1406/1673/1437
f 1411/1674/1683 1458/1675/1684 1454/1667/1677
f 1454/1667/1677 1458/1675/1684 1413/1668/1678
f 1458/1675/1684 1457/1676/1685 1413/1668/1678
f 1457/1676/1685 1436/1669/1679 1413/1668/1678
f 1436/1669/1679 1457/1676/1685 1414/1670/1680
f 1457/1676/1685 1412/1672/1682 1414/1670/1680
f 1412/1672/1682 1457/1676/1685 1458/1675/1684
f 1411/1674/1683 1412/1672/1682 1458/1675/1684
f 1412/1672/1682 1411/1674/1683 1406/1673/1437
s 21
f 1795/1677/1686 1767/1678/1687 1798/1679/1688
f 1766/1680/1689 1795/1677/1686 1798/1679/1688
f 1754/1681/1690 1795/1677/1686 1766/1680/1689
f 1765/1682/1691 1754/1681/1690 1766/1680/1689
f 1791/1683/1692 1754/1681/1690 1765/1682/1691
f 1780/1684/1693 1791/1683/1692 1765/1682/1691
f 1791/1683/1692 1780/1684/1693 1716/1685/1694
f 1766/1680/1689 1798/1679/1688 1763/1686/1695
f 1802/1687/1696 1766/1680/1689 1763/1686/1695
f 1765/1682/1691 1766/1680/1689 1802/1687/1696
f 1774/1688/1697 1765/1682/1691 1802/1687/1696
f 1780/1684/1693 1765/1682/1691 1774/1688/1697
f 1770/1689/1698 1780/1684/1693 1774/1688/1697
f 1780/1684/1693 1770/1689/1698 1720/1690/1699
f 1780/1684/1693 1720/1690/1699 1716/1685/1694
f 1716/1685/1694 1720/1690/1699 1738/1691/1700
f 1720/1690/1699 1739/1692/1701 1738/1691/1700
f 1739/1692/1701 1720/1690/1699 1717/1693/1702
f 1764/1694/1703 1802/1687/1696 1763/1686/1695
f 1802/1687/1696 1764/1694/1703 1776/1695/1704
f 1774/1688/1697 1802/1687/1696 1776/1695/1704
f 1770/1689/1698 1774/1688/1697 1776/1695/1704
f 1777/1696/1705 1770/1689/1698 1776/1695/1704
f 1707/1697/1706 1770/1689/1698 1777/1696/1705
f 1770/1689/1698 1707/1697/1706 1720/1690/1699
f 1720/1690/1699 1707/1697/1706 1717/1693/1702
f 1707/1697/1706 1778/1698/1707 1717/1693/1702
f 1778/1698/1707 1705/1699/1708 1717/1693/1702
f 1775/1700/1709 1764/1694/1703 1763/1686/1695
f 1764/1694/1703 1775/1700/1709 1761/1701/1710
f 1761/1701/1710 1757/1702/1711 1764/1694/1703
f 1757/1702/1711 1776/1695/1704 1764/1694/1703
f 1777/1696/1705 1776/1695/1704 1757/1702/1711
f 1777/1696/1705 1757/1702/1711 1773/1703/1712
f 1777/1696/1705 1773/1703/1712 1768/1704/1713
f 1778/1698/1707 1777/1696/1705 1768/1704/1713
f 1778/1698/1707 1707/1697/1706 1777/1696/1705
f 1775/1700/1709 1759/1705/1714 1761/1701/1710
f 1761/1701/1710 1759/1705/1714 1771/1706/1715
f 1779/1707/1716 1761/1701/1710 1771/1706/1715
f 1757/1702/1711 1761/1701/1710 1779/1707/1716
f 1757/1702/1711 1779/1707/1716 1773/1703/1712
f 1793/1708/1717 1773/1703/1712 1779/1707/1716
f 1768/1704/1713 1773/1703/1712 1793/1708/1717
f 1760/1709/1718 1768/1704/1713 1793/1708/1717
f 1760/1709/1718 1705/1699/1708 1768/1704/1713
f 1778/1698/1707 1768/1704/1713 1705/1699/1708
f 1759/1705/1714 1796/1710/1719 1771/1706/1715
f 1771/1706/1715 1796/1710/1719 1746/1711/1720
f 1771/1706/1715 1746/1711/1720 1797/1712/1721
f 1801/1713/1722 1771/1706/1715 1797/1712/1721
f 1801/1713/1722 1779/1707/1716 1771/1706/1715
f 1793/1708/1717 1779/1707/1716 1801/1713/1722
f 1772/1714/1723 1793/1708/1717 1801/1713/1722
f 1760/1709/1718 1793/1708/1717 1772/1714/1723
f 1769/1715/1724 1760/1709/1718 1772/1714/1723
f 1760/1709/1718 1769/1715/1724 1702/1716/1725
f 1705/1699/1708 1760/1709/1718 1702/1716/1725
f 1796/1710/1719 1788/1717/1726 1746/1711/1720
f 1746/1711/1720 1788/1717/1726 1785/1718/1727
f 1746/1711/1720 1785/1718/1727 1869/1719/1728
f 1797/1712/1721 1746/1711/1720 1869/1719/1728
f 1869/1719/1728 1866/1720/1729 1797/1712/1721
f 1772/1714/1723 1797/1712/1721 1866/1720/1729
f 1797/1712/1721 1772/1714/1723 1801/1713/1722
f 1788/1717/1726 1748/1721/1730 1785/1718/1727
f 1785/1718/1727 1748/1721/1730 1783/1722/1731
f 1785/1718/1727 1783/1722/1731 1841/1723/1732
f 1869/1719/1728 1785/1718/1727 1841/1723/1732
f 1856/1724/1733 1869/1719/1728 1841/1723/1732
f 1856/1724/1733 1864/1725/1734 1869/1719/1728
f 1866/1720/1729 1869/1719/1728 1864/1725/1734
f 1867/1726/1735 1866/1720/1729 1864/1725/1734
f 1867/1726/1735 1769/1715/1724 1866/1720/1729
f 1769/1715/1724 1772/1714/1723 1866/1720/1729
f 1748/1721/1730 1786/1727/1736 1783/1722/1731
f 1783/1722/1731 1786/1727/1736 1782/1728/1737
f 1783/1722/1731 1782/1728/1737 1859/1729/1738
f 1841/1723/1732 1783/1722/1731 1859/1729/1738
f 1855/1730/1739 1841/1723/1732 1859/1729/1738
f 1855/1730/1739 1856/1724/1733 1841/1723/1732
f 1862/1731/1740 1856/1724/1733 1855/1730/1739
f 1862/1731/1740 1865/1732/1741 1856/1724/1733
f 1865/1732/1741 1864/1725/1734 1856/1724/1733
f 1865/1732/1741 1867/1726/1735 1864/1725/1734
f 1786/1727/1736 1747/1733/1742 1782/1728/1737
f 1784/1734/1743 1782/1728/1737 1747/1733/1742
f 1782/1728/1737 1784/1734/1743 1859/1729/1738
f 1784/1734/1743 1839/1735/1744 1859/1729/1738
f 1839/1735/1744 1857/1736/1745 1859/1729/1738
f 1857/1736/1745 1871/1737/1746 1859/1729/1738
f 1871/1737/1746 1855/1730/1739 1859/1729/1738
f 1855/1730/1739 1871/1737/1746 1870/1738/1747
f 1868/1739/1748 1855/1730/1739 1870/1738/1747
f 1868/1739/1748 1862/1731/1740 1855/1730/1739
f 1787/1740/1749 1784/1734/1743 1747/1733/1742
f 1784/1734/1743 1787/1740/1749 1751/1741/1750
f 1784/1734/1743 1751/1741/1750 1839/1735/1744
f 1751/1741/1750 1838/1742/1751 1839/1735/1744
f 1839/1735/1744 1838/1742/1751 1803/1743/1752
f 1857/1736/1745 1839/1735/1744 1803/1743/1752
f 1857/1736/1745 1803/1743/1752 1800/1744/1753
f 1858/1745/1754 1857/1736/1745 1800/1744/1753
f 1871/1737/1746 1857/1736/1745 1858/1745/1754
f 1870/1738/1747 1871/1737/1746 1858/1745/1754
f 1787/1740/1749 1745/1746/1755 1751/1741/1750
f 1751/1741/1750 1745/1746/1755 1794/1747/1756
f 1751/1741/1750 1794/1747/1756 1838/1742/1751
f 1794/1747/1756 1750/1748/1757 1838/1742/1751
f 1838/1742/1751 1750/1748/1757 1749/1749/1758
f 1803/1743/1752 1838/1742/1751 1749/1749/1758
f 1803/1743/1752 1749/1749/1758 1741/1750/1759
f 1800/1744/1753 1803/1743/1752 1741/1750/1759
f 1800/1744/1753 1741/1750/1759 1719/1751/1760
f 1800/1744/1753 1719/1751/1760 1706/1752/1761
f 1858/1745/1754 1800/1744/1753 1706/1752/1761
f 1745/1746/1755 1789/1753/1762 1794/1747/1756
f 1789/1753/1762 1752/1754/1763 1794/1747/1756
f 1752/1754/1763 1755/1755/1764 1794/1747/1756
f 1794/1747/1756 1755/1755/1764 1750/1748/1757
f 1755/1755/1764 1753/1756/1765 1750/1748/1757
f 1753/1756/1765 1756/1757/1766 1750/1748/1757
f 1756/1757/1766 1749/1749/1758 1750/1748/1757
f 1749/1749/1758 1756/1757/1766 1740/1758/1767
f 1741/1750/1759 1749/1749/1758 1740/1758/1767
f 1741/1750/1759 1740/1758/1767 1672/1759/1768
f 1741/1750/1759 1672/1759/1768 1719/1751/1760
f 1755/1755/1764 1752/1754/1763 1804/1760/1769
f 1755/1755/1764 1804/1760/1769 1792/1761/1770
f 1753/1756/1765 1755/1755/1764 1792/1761/1770
f 1792/1761/1770 1790/1762/1771 1753/1756/1765
f 1790/1762/1771 1756/1757/1766 1753/1756/1765
f 1756/1757/1766 1790/1762/1771 1740/1758/1767
f 1790/1762/1771 1721/1763/1772 1740/1758/1767
f 1740/1758/1767 1721/1763/1772 1699/1764/1773
f 1700/1765/1774 1740/1758/1767 1699/1764/1773
f 1740/1758/1767 1700/1765/1774 1672/1759/1768
f 1752/1754/1763 1799/1766/1775 1804/1760/1769
f 1858/1745/1754 1706/1752/1761 1701/1767/1776
f 1870/1738/1747 1858/1745/1754 1701/1767/1776
f 1870/1738/1747 1701/1767/1776 1671/1768/1777
f 1868/1739/1748 1870/1738/1747 1671/1768/1777
f 1862/1731/1740 1868/1739/1748 1671/1768/1777
f 1670/1769/1778 1862/1731/1740 1671/1768/1777
f 1865/1732/1741 1862/1731/1740 1670/1769/1778
f 1669/1770/1779 1865/1732/1741 1670/1769/1778
f 1669/1770/1779 1668/1771/1780 1865/1732/1741
f 1668/1771/1780 1867/1726/1735 1865/1732/1741
f 1867/1726/1735 1668/1771/1780 1702/1716/1725
f 1769/1715/1724 1867/1726/1735 1702/1716/1725
s 22
f 1955/1772/1781 1951/1773/1782 1915/1774/1783
f 1951/1773/1782 1914/1775/1784 1915/1774/1783
f 1915/1774/1783 1914/1775/1784 1910/1776/1785
f 1914/1775/1784 1950/1777/1786 1910/1776/1785
f 1950/1777/1786 1911/1778/1787 1910/1776/1785
f 1911/1778/1787 1908/1779/1788 1910/1776/1785
f 1911/1778/1787 1913/1780/1789 1908/1779/1788
f 1913/1780/1789 1957/1781/1790 1908/1779/1788
f 1914/1775/1784 1951/1773/1782 1912/1782/1791
f 1961/1783/1792 1914/1775/1784 1912/1782/1791
f 1961/1783/1792 1962/1784/1793 1914/1775/1784
f 1962/1784/1793 1950/1777/1786 1914/1775/1784
f 1950/1777/1786 1962/1784/1793 1807/1785/1794
f 1911/1778/1787 1950/1777/1786 1807/1785/1794
f 1911/1778/1787 1807/1785/1794 1913/1780/1789
f 1913/1780/1789 1807/1785/1794 1834/1786/1795
f 1834/1786/1795 1819/1787/1796 1913/1780/1789
f 1913/1780/1789 1819/1787/1796 1957/1781/1790
f 1819/1787/1796 1818/1788/1797 1957/1781/1790
f 1912/1782/1791 1951/1773/1782 1956/1789/1798
f 1960/1790/1799 1912/1782/1791 1956/1789/1798
f 1960/1790/1799 1811/1791/1800 1912/1782/1791
f 1811/1791/1800 1808/1792/1801 1912/1782/1791
f 1808/1792/1801 1961/1783/1792 1912/1782/1791
f 1962/1784/1793 1961/1783/1792 1808/1792/1801
f 1810/1793/1802 1962/1784/1793 1808/1792/1801
f 1810/1793/1802 1807/1785/1794 1962/1784/1793
f 1810/1793/1802 1828/1794/1803 1807/1785/1794
f 1807/1785/1794 1828/1794/1803 1834/1786/1795
f 1834/1786/1795 1828/1794/1803 1817/1795/1804
f 1819/1787/1796 1834/1786/1795 1817/1795/1804
f 1963/1796/1805 1960/1790/1799 1956/1789/1798
f 1806/1797/1806 1960/1790/1799 1963/1796/1805
f 1811/1791/1800 1960/1790/1799 1806/1797/1806
f 1811/1791/1800 1806/1797/1806 1816/1798/1807
f 1805/1799/1808 1811/1791/1800 1816/1798/1807
f 1805/1799/1808 1808/1792/1801 1811/1791/1800
f 1808/1792/1801 1805/1799/1808 1810/1793/1802
f 1805/1799/1808 1828/1794/1803 1810/1793/1802
f 1828/1794/1803 1805/1799/1808 1837/1800/1809
f 1828/1794/1803 1837/1800/1809 1817/1795/1804
f 1964/1801/1810 1963/1796/1805 1956/1789/1798
f 1963/1796/1805 1964/1801/1810 1813/1802/1811
f 1809/1803/1812 1963/1796/1805 1813/1802/1811
f 1963/1796/1805 1809/1803/1812 1806/1797/1806
f 1809/1803/1812 1830/1804/1813 1806/1797/1806
f 1830/1804/1813 1827/1805/1814 1806/1797/1806
f 1827/1805/1814 1829/1806/1815 1806/1797/1806
f 1829/1806/1815 1816/1798/1807 1806/1797/1806
f 1964/1801/1810 1812/1807/1816 1813/1802/1811
f 1814/1808/1817 1813/1802/1811 1812/1807/1816
f 1813/1802/1811 1814/1808/1817 1835/1809/1818
f 1809/1803/1812 1813/1802/1811 1835/1809/1818
f 1830/1804/1813 1809/1803/1812 1835/1809/1818
f 1830/1804/1813 1835/1809/1818 1820/1810/1819
f 1832/1811/1820 1830/1804/1813 1820/1810/1819
f 1830/1804/1813 1832/1811/1820 1827/1805/1814
f 1832/1811/1820 1826/1812/1821 1827/1805/1814
f 1827/1805/1814 1826/1812/1821 1836/1813/1822
f 1829/1806/1815 1827/1805/1814 1836/1813/1822
f 1820/1810/1819 1835/1809/1818 1814/1808/1817
f 1814/1808/1817 1840/1814/1823 1820/1810/1819
f 1832/1811/1820 1820/1810/1819 1840/1814/1823
f 1831/1815/1824 1832/1811/1820 1840/1814/1823
f 1831/1815/1824 1822/1816/1825 1832/1811/1820
f 1822/1816/1825 1821/1817/1826 1832/1811/1820
f 1821/1817/1826 1826/1812/1821 1832/1811/1820
f 1826/1812/1821 1821/1817/1826 1836/1813/1822
f 1821/1817/1826 1843/1818/1827 1836/1813/1822
f 1846/1819/1828 1836/1813/1822 1843/1818/1827
f 1829/1806/1815 1836/1813/1822 1846/1819/1828
f 1848/1820/1829 1829/1806/1815 1846/1819/1828
f 1829/1806/1815 1848/1820/1829 1816/1798/1807
f 1822/1816/1825 1850/1821/1830 1821/1817/1826
f 1850/1821/1830 1849/1822/1831 1821/1817/1826
f 1821/1817/1826 1849/1822/1831 1843/1818/1827
f 1849/1822/1831 1842/1823/1832 1843/1818/1827
f 1842/1823/1832 1847/1824/1833 1843/1818/1827
f 1847/1824/1833 1846/1819/1828 1843/1818/1827
f 1854/1825/1834 1846/1819/1828 1847/1824/1833
f 1848/1820/1829 1846/1819/1828 1854/1825/1834
f 1860/1826/1835 1848/1820/1829 1854/1825/1834
f 1848/1820/1829 1860/1826/1835 1825/1827/1836
f 1848/1820/1829 1825/1827/1836 1816/1798/1807
f 1816/1798/1807 1825/1827/1836 1805/1799/1808
f 1849/1822/1831 1850/1821/1830 1845/1828/1837
f 1853/1829/1838 1849/1822/1831 1845/1828/1837
f 1853/1829/1838 1852/1830/1839 1849/1822/1831
f 1852/1830/1839 1842/1823/1832 1849/1822/1831
f 1847/1824/1833 1842/1823/1832 1852/1830/1839
f 1851/1831/1840 1847/1824/1833 1852/1830/1839
f 1854/1825/1834 1847/1824/1833 1851/1831/1840
f 1863/1832/1841 1854/1825/1834 1851/1831/1840
f 1863/1832/1841 1861/1833/1842 1854/1825/1834
f 1860/1826/1835 1854/1825/1834 1861/1833/1842
f 1844/1834/1843 1860/1826/1835 1861/1833/1842
f 1860/1826/1835 1844/1834/1843 1823/1835/1844
f 1860/1826/1835 1823/1835/1844 1825/1827/1836
f 1825/1827/1836 1823/1835/1844 1837/1800/1809
f 1825/1827/1836 1837/1800/1809 1805/1799/1808
f 1861/1833/1842 1824/1836/1845 1844/1834/1843
f 1844/1834/1843 1824/1836/1845 1815/1837/1846
f 1815/1837/1846 1817/1795/1804 1844/1834/1843
f 1817/1795/1804 1823/1835/1844 1844/1834/1843
f 1823/1835/1844 1817/1795/1804 1837/1800/1809
f 1824/1836/1845 1833/1838/1847 1815/1837/1846
f 1815/1837/1846 1833/1838/1847 1818/1788/1797
f 1819/1787/1796 1815/1837/1846 1818/1788/1797
f 1815/1837/1846 1819/1787/1796 1817/1795/1804
s 23
f 1879/1839/1848 1907/1840/1849 1949/1841/1850
f 1897/1842/1851 1879/1839/1848 1949/1841/1850
f 1893/1843/1852 1879/1839/1848 1897/1842/1851
f 1887/1844/1853 1893/1843/1852 1897/1842/1851
f 1885/1845/1854 1893/1843/1852 1887/1844/1853
f 1885/1845/1854 1887/1844/1853 1945/1846/1855
f 1887/1844/1853 1954/1847/1856 1945/1846/1855
f 1945/1846/1855 1954/1847/1856 1944/1848/1857
f 1897/1842/1851 1949/1841/1850 1906/1849/1858
f 1883/1850/1859 1897/1842/1851 1906/1849/1858
f 1883/1850/1859 1882/1851/1860 1897/1842/1851
f 1882/1851/1860 1887/1844/1853 1897/1842/1851
f 1887/1844/1853 1882/1851/1860 1954/1847/1856
f 1882/1851/1860 1930/1852/1861 1954/1847/1856
f 1946/1853/1862 1954/1847/1856 1930/1852/1861
f 1954/1847/1856 1946/1853/1862 1944/1848/1857
f 1944/1848/1857 1946/1853/1862 1941/1854/1863
f 1946/1853/1862 1968/1855/1864 1941/1854/1863
f 1906/1849/1858 1890/1856/1865 1883/1850/1859
f 1875/1857/1866 1883/1850/1859 1890/1856/1865
f 1882/1851/1860 1883/1850/1859 1875/1857/1866
f 1882/1851/1860 1875/1857/1866 1930/1852/1861
f 1875/1857/1866 1933/1858/1867 1930/1852/1861
f 1930/1852/1861 1933/1858/1867 1939/1859/1868
f 1939/1859/1868 1946/1853/1862 1930/1852/1861
f 1946/1853/1862 1939/1859/1868 1968/1855/1864
f 1939/1859/1868 1942/1860/1869 1968/1855/1864
f 1942/1860/1869 1939/1859/1868 1931/1861/1870
f 1906/1849/1858 1905/1862/1871 1890/1856/1865
f 1890/1856/1865 1905/1862/1871 1909/1863/1872
f 1888/1864/1873 1890/1856/1865 1909/1863/1872
f 1890/1856/1865 1888/1864/1873 1901/1865/1874
f 1886/1866/1875 1890/1856/1865 1901/1865/1874
f 1886/1866/1875 1875/1857/1866 1890/1856/1865
f 1875/1857/1866 1886/1866/1875 1933/1858/1867
f 1886/1866/1875 1969/1867/1876 1933/1858/1867
f 1933/1858/1867 1969/1867/1876 1943/1868/1877
f 1933/1858/1867 1943/1868/1877 1939/1859/1868
f 1939/1859/1868 1943/1868/1877 1931/1861/1870
f 1943/1868/1877 1925/1869/1878 1931/1861/1870
f 1925/1869/1878 1900/1870/1879 1931/1861/1870
f 1909/1863/1872 1904/1871/1880 1888/1864/1873
f 1888/1864/1873 1904/1871/1880 1902/1872/1881
f 1888/1864/1873 1902/1872/1881 1901/1865/1874
f 1902/1872/1881 1873/1873/1882 1901/1865/1874
f 1901/1865/1874 1873/1873/1882 1892/1874/1883
f 1901/1865/1874 1892/1874/1883 1876/1875/1884
f 1901/1865/1874 1876/1875/1884 1969/1867/1876
f 1886/1866/1875 1901/1865/1874 1969/1867/1876
f 1902/1872/1881 1904/1871/1880 1958/1876/1885
f 1889/1877/1886 1902/1872/1881 1958/1876/1885
f 1902/1872/1881 1889/1877/1886 1873/1873/1882
f 1889/1877/1886 1932/1878/1887 1873/1873/1882
f 1884/1879/1888 1873/1873/1882 1932/1878/1887
f 1873/1873/1882 1884/1879/1888 1892/1874/1883
f 1884/1879/1888 1898/1880/1889 1892/1874/1883
f 1892/1874/1883 1898/1880/1889 1896/1881/1890
f 1892/1874/1883 1896/1881/1890 1876/1875/1884
f 1889/1877/1886 1958/1876/1885 1903/1882/1891
f 1903/1882/1891 1928/1883/1892 1889/1877/1886
f 1928/1883/1892 1932/1878/1887 1889/1877/1886
f 1932/1878/1887 1928/1883/1892 1927/1884/1893
f 1927/1884/1893 1884/1879/1888 1932/1878/1887
f 1884/1879/1888 1927/1884/1893 1874/1885/1894
f 1884/1879/1888 1874/1885/1894 1899/1886/1895
f 1898/1880/1889 1884/1879/1888 1899/1886/1895
f 1926/1887/1896 1898/1880/1889 1899/1886/1895
f 1898/1880/1889 1926/1887/1896 1896/1881/1890
f 1958/1876/1885 1959/1888/1897 1903/1882/1891
f 1928/1883/1892 1929/1889/1898 1927/1884/1893
f 1924/1890/1899 1926/1887/1896 1899/1886/1895
f 1878/1891/1900 1926/1887/1896 1924/1890/1899
f 1926/1887/1896 1878/1891/1900 1877/1892/1901
f 1896/1881/1890 1926/1887/1896 1877/1892/1901
f 1896/1881/1890 1877/1892/1901 1894/1893/1902
f 1876/1875/1884 1896/1881/1890 1894/1893/1902
f 1876/1875/1884 1894/1893/1902 1925/1869/1878
f 1969/1867/1876 1876/1875/1884 1925/1869/1878
f 1895/1894/1903 1878/1891/1900 1924/1890/1899
f 1878/1891/1900 1895/1894/1903 1891/1895/1904
f 1881/1896/1905 1878/1891/1900 1891/1895/1904
f 1878/1891/1900 1881/1896/1905 1877/1892/1901
f 1881/1896/1905 1872/1897/1906 1877/1892/1901
f 1877/1892/1901 1872/1897/1906 1880/1898/1907
f 1894/1893/1902 1877/1892/1901 1880/1898/1907
f 1894/1893/1902 1880/1898/1907 1900/1870/1879
f 1925/1869/1878 1894/1893/1902 1900/1870/1879
f 1969/1867/1876 1925/1869/1878 1943/1868/1877
s 24
f 2118/1899/1908 1966/1900/1909 1952/1901/1910
f 2110/1902/1911 2118/1899/1908 1952/1901/1910
f 2118/1899/1908 2110/1902/1911 2120/1903/1912
f 2110/1902/1911 2062/1904/1913 2120/1903/1912
f 2120/1903/1912 2062/1904/1913 2101/1905/1914
f 2062/1904/1913 2130/1906/1915 2101/1905/1914
f 2031/1907/1916 2101/1905/1914 2130/1906/1915
f 2102/1908/1917 2110/1902/1911 1952/1901/1910
f 2110/1902/1911 2102/1908/1917 2062/1904/1913
f 2102/1908/1917 2060/1909/1918 2062/1904/1913
f 2062/1904/1913 2060/1909/1918 2130/1906/1915
f 2060/1909/1918 2129/1910/1919 2130/1906/1915
f 2130/1906/1915 2129/1910/1919 2033/1911/1920
f 2033/1911/1920 2031/1907/1916 2130/1906/1915
f 2031/1907/1916 2033/1911/1920 2032/1912/1921
f 2033/1911/1920 2029/1913/1922 2032/1912/1921
f 2032/1912/1921 2029/1913/1922 2136/1914/1923
f 1948/1915/1924 2102/1908/1917 1952/1901/1910
f 1948/1915/1924 1947/1916/1925 2102/1908/1917
f 1947/1916/1925 2106/1917/1926 2102/1908/1917
f 2102/1908/1917 2106/1917/1926 2060/1909/1918
f 2106/1917/1926 2122/1918/1927 2060/1909/1918
f 2129/1910/1919 2060/1909/1918 2122/1918/1927
f 2125/1919/1928 2129/1910/1919 2122/1918/1927
f 2129/1910/1919 2125/1919/1928 2037/1920/1929
f 2129/1910/1919 2037/1920/1929 2033/1911/1920
f 2033/1911/1920 2037/1920/1929 2029/1913/1922
f 1947/1916/1925 1938/1921/1930 2106/1917/1926
f 1938/1921/1930 2103/1922/1931 2106/1917/1926
f 2122/1918/1927 2106/1917/1926 2103/1922/1931
f 2123/1923/1932 2122/1918/1927 2103/1922/1931
f 2122/1918/1927 2123/1923/1932 2125/1919/1928
f 2123/1923/1932 2124/1924/1933 2125/1919/1928
f 2124/1924/1933 2133/1925/1934 2125/1919/1928
f 2133/1925/1934 2045/1926/1935 2125/1919/1928
f 2125/1919/1928 2045/1926/1935 2037/1920/1929
f 2037/1920/1929 2045/1926/1935 2036/1927/1936
f 2037/1920/1929 2036/1927/1936 2029/1913/1922
f 2103/1922/1931 1938/1921/1930 1916/1928/1937
f 2103/1922/1931 1916/1928/1937 2097/1929/1938
f 2123/1923/1932 2103/1922/1931 2097/1929/1938
f 2123/1923/1932 2097/1929/1938 2124/1924/1933
f 2097/1929/1938 2051/1930/1939 2124/1924/1933
f 2124/1924/1933 2051/1930/1939 2133/1925/1934
f 2051/1930/1939 2049/1931/1940 2133/1925/1934
f 2133/1925/1934 2049/1931/1940 2050/1932/1941
f 2127/1933/1942 2133/1925/1934 2050/1932/1941
f 2133/1925/1934 2127/1933/1942 2045/1926/1935
f 1938/1921/1930 1937/1934/1943 1916/1928/1937
f 1916/1928/1937 1937/1934/1943 1921/1935/1944
f 1916/1928/1937 1921/1935/1944 2107/1936/1945
f 2097/1929/1938 1916/1928/1937 2107/1936/1945
f 2051/1930/1939 2097/1929/1938 2107/1936/1945
f 2041/1937/1946 2051/1930/1939 2107/1936/1945
f 2051/1930/1939 2041/1937/1946 2049/1931/1940
f 2041/1937/1946 2043/1938/1947 2049/1931/1940
f 2049/1931/1940 2043/1938/1947 2050/1932/1941
f 1937/1934/1943 1953/1939/1948 1921/1935/1944
f 1953/1939/1948 1923/1940/1949 1921/1935/1944
f 1923/1940/1949 1920/1941/1950 1921/1935/1944
f 2107/1936/1945 1921/1935/1944 1920/1941/1950
f 2273/1942/1951 2107/1936/1945 1920/1941/1950
f 2107/1936/1945 2273/1942/1951 2041/1937/1946
f 2273/1942/1951 2128/1943/1952 2041/1937/1946
f 2128/1943/1952 2044/1944/1953 2041/1937/1946
f 2044/1944/1953 2043/1938/1947 2041/1937/1946
f 2044/1944/1953 2047/1945/1954 2043/1938/1947
f 2047/1945/1954 2042/1946/1955 2043/1938/1947
f 2043/1938/1947 2042/1946/1955 2050/1932/1941
f 1920/1941/1950 1923/1940/1949 1922/1947/1956
f 2104/1948/1957 1920/1941/1950 1922/1947/1956
f 2273/1942/1951 1920/1941/1950 2104/1948/1957
f 2099/1949/1958 2273/1942/1951 2104/1948/1957
f 2273/1942/1951 2099/1949/1958 2128/1943/1952
f 2099/1949/1958 2132/1950/1959 2128/1943/1952
f 2132/1950/1959 1995/1951/1960 2128/1943/1952
f 1995/1951/1960 2044/1944/1953 2128/1943/1952
f 2047/1945/1954 2044/1944/1953 1995/1951/1960
f 2104/1948/1957 1922/1947/1956 1919/1952/1961
f 2105/1953/1962 2104/1948/1957 1919/1952/1961
f 2099/1949/1958 2104/1948/1957 2105/1953/1962
f 2098/1954/1963 2099/1949/1958 2105/1953/1962
f 2132/1950/1959 2099/1949/1958 2098/1954/1963
f 2131/1955/1964 2132/1950/1959 2098/1954/1963
f 2132/1950/1959 2131/1955/1964 1995/1951/1960
f 2131/1955/1964 2001/1956/1965 1995/1951/1960
f 1995/1951/1960 2001/1956/1965 1998/1957/1966
f 1998/1957/1966 2047/1945/1954 1995/1951/1960
f 2105/1953/1962 1919/1952/1961 1918/1958/1967
f 2108/1959/1968 2105/1953/1962 1918/1958/1967
f 2098/1954/1963 2105/1953/1962 2108/1959/1968
f 2116/1960/1969 2098/1954/1963 2108/1959/1968
f 2098/1954/1963 2116/1960/1969 2131/1955/1964
f 2116/1960/1969 2100/1961/1970 2131/1955/1964
f 2131/1955/1964 2100/1961/1970 2001/1956/1965
f 2100/1961/1970 1997/1962/1971 2001/1956/1965
f 2001/1956/1965 1997/1962/1971 1996/1963/1972
f 2001/1956/1965 1996/1963/1972 1998/1957/1966
f 1918/1958/1967 1917/1964/1973 2108/1959/1968
f 1917/1964/1973 2119/1965/1974 2108/1959/1968
f 2116/1960/1969 2108/1959/1968 2119/1965/1974
f 2117/1966/1975 2116/1960/1969 2119/1965/1974
f 2116/1960/1969 2117/1966/1975 2100/1961/1970
f 2117/1966/1975 2048/1967/1976 2100/1961/1970
f 2100/1961/1970 2048/1967/1976 1997/1962/1971
f 2048/1967/1976 2002/1968/1977 1997/1962/1971
f 1997/1962/1971 2002/1968/1977 2092/1969/1978
f 2205/1970/1979 1997/1962/1971 2092/1969/1978
f 1997/1962/1971 2205/1970/1979 1996/1963/1972
f 1917/1964/1973 1965/1971/1980 2119/1965/1974
f 1965/1971/1980 2109/1972/1981 2119/1965/1974
f 2119/1965/1974 2109/1972/1981 2117/1966/1975
f 2109/1972/1981 2121/1973/1982 2117/1966/1975
f 2117/1966/1975 2121/1973/1982 2048/1967/1976
f 2121/1973/1982 2052/1974/1983 2048/1967/1976
f 2048/1967/1976 2052/1974/1983 2002/1968/1977
f 2052/1974/1983 2138/1975/1984 2002/1968/1977
f 2002/1968/1977 2138/1975/1984 2209/1976/1985
f 2092/1969/1978 2002/1968/1977 2209/1976/1985
f 2209/1976/1985 2221/1977/1986 2092/1969/1978
f 2221/1977/1986 2206/1978/1987 2092/1969/1978
f 2205/1970/1979 2092/1969/1978 2206/1978/1987
f 2160/1979/1988 2205/1970/1979 2206/1978/1987
f 2205/1970/1979 2160/1979/1988 1996/1963/1972
f 2160/1979/1988 2203/1980/1989 1996/1963/1972
f 1998/1957/1966 1996/1963/1972 2203/1980/1989
f 2221/1977/1986 2164/1981/1990 2206/1978/1987
f 2164/1981/1990 2242/1982/1991 2206/1978/1987
f 2206/1978/1987 2242/1982/1991 2160/1979/1988
f 2242/1982/1991 2207/1983/1992 2160/1979/1988
f 2160/1979/1988 2207/1983/1992 2203/1980/1989
f 2207/1983/1992 2204/1984/1993 2203/1980/1989
f 2204/1984/1993 2162/1985/1994 2203/1980/1989
f 2162/1985/1994 1992/1986/1995 2203/1980/1989
f 1992/1986/1995 1998/1957/1966 2203/1980/1989
f 1992/1986/1995 2040/1987/1996 1998/1957/1966
f 2040/1987/1996 2047/1945/1954 1998/1957/1966
f 2242/1982/1991 2164/1981/1990 2028/1988/1997
f 2163/1989/1998 2242/1982/1991 2028/1988/1997
f 2242/1982/1991 2163/1989/1998 2207/1983/1992
f 2163/1989/1998 2165/1990/1999 2207/1983/1992
f 2207/1983/1992 2165/1990/1999 2204/1984/1993
f 2165/1990/1999 2167/1991/2000 2204/1984/1993
f 2204/1984/1993 2167/1991/2000 2162/1985/1994
f 2167/1991/2000 2208/1992/2001 2162/1985/1994
f 2162/1985/1994 2208/1992/2001 2219/1993/2002
f 1992/1986/1995 2162/1985/1994 2219/1993/2002
f 2040/1987/1996 1992/1986/1995 2219/1993/2002
f 1999/1994/2003 2163/1989/1998 2028/1988/1997
f 1999/1994/2003 1993/1995/2004 2163/1989/1998
f 1993/1995/2004 1989/1996/2005 2163/1989/1998
f 1989/1996/2005 2165/1990/1999 2163/1989/1998
f 2167/1991/2000 2165/1990/1999 1989/1996/2005
f 1978/1997/2006 2167/1991/2000 1989/1996/2005
f 2167/1991/2000 1978/1997/2006 2208/1992/2001
f 1978/1997/2006 1984/1998/2007 2208/1992/2001
f 2220/1999/2008 2208/1992/2001 1984/1998/2007
f 2208/1992/2001 2220/1999/2008 2219/1993/2002
f 1994/2000/2009 1999/1994/2003 2028/1988/1997
f 1989/1996/2005 1993/1995/2004 2000/2001/2010
f 1978/1997/2006 1989/1996/2005 2000/2001/2010
f 1978/1997/2006 2000/2001/2010 2004/2002/2011
f 1984/1998/2007 1978/1997/2006 2004/2002/2011
f 1984/1998/2007 2004/2002/2011 2003/2003/2012
f 2003/2003/2012 2220/1999/2008 1984/1998/2007
f 2212/2004/2013 2220/1999/2008 2003/2003/2012
f 2220/1999/2008 2212/2004/2013 2210/2005/2014
f 2219/1993/2002 2220/1999/2008 2210/2005/2014
f 2040/1987/1996 2219/1993/2002 2210/2005/2014
f 2039/2006/2015 2040/1987/1996 2210/2005/2014
f 2047/1945/1954 2040/1987/1996 2039/2006/2015
f 2004/2002/2011 1981/2007/2016 2003/2003/2012
f 2003/2003/2012 1981/2007/2016 1980/2008/2017
f 1970/2009/2018 2003/2003/2012 1980/2008/2017
f 1970/2009/2018 2212/2004/2013 2003/2003/2012
f 2212/2004/2013 1970/2009/2018 2215/2010/2019
f 2212/2004/2013 2215/2010/2019 2210/2005/2014
f 2215/2010/2019 2211/2011/2020 2210/2005/2014
f 2039/2006/2015 2210/2005/2014 2211/2011/2020
f 2126/2012/2021 2039/2006/2015 2211/2011/2020
f 2042/1946/1955 2039/2006/2015 2126/2012/2021
f 2042/1946/1955 2047/1945/1954 2039/2006/2015
f 1970/2009/2018 1980/2008/2017 1986/2013/2022
f 1975/2014/2023 1970/2009/2018 1986/2013/2022
f 1970/2009/2018 1975/2014/2023 2215/2010/2019
f 2215/2010/2019 1975/2014/2023 1988/2015/2024
f 2168/2016/2025 2215/2010/2019 1988/2015/2024
f 2211/2011/2020 2215/2010/2019 2168/2016/2025
f 2216/2017/2026 2211/2011/2020 2168/2016/2025
f 2126/2012/2021 2211/2011/2020 2216/2017/2026
f 2134/2018/2027 2126/2012/2021 2216/2017/2026
f 2050/1932/1941 2126/2012/2021 2134/2018/2027
f 2050/1932/1941 2042/1946/1955 2126/2012/2021
f 1975/2014/2023 1986/2013/2022 1988/2015/2024
f 1986/2013/2022 1987/2019/2028 1988/2015/2024
f 1976/2020/2029 1988/2015/2024 1987/2019/2028
f 1988/2015/2024 1976/2020/2029 2168/2016/2025
f 1976/2020/2029 2213/2021/2030 2168/2016/2025
f 2216/2017/2026 2168/2016/2025 2213/2021/2030
f 2214/2022/2031 2216/2017/2026 2213/2021/2030
f 2134/2018/2027 2216/2017/2026 2214/2022/2031
f 2135/2023/2032 2134/2018/2027 2214/2022/2031
f 2127/1933/1942 2134/2018/2027 2135/2023/2032
f 2127/1933/1942 2050/1932/1941 2134/2018/2027
f 1974/2024/2033 1976/2020/2029 1987/2019/2028
f 1976/2020/2029 1974/2024/2033 1967/2025/2034
f 1990/2026/2035 1976/2020/2029 1967/2025/2034
f 1976/2020/2029 1990/2026/2035 2218/2027/2036
f 2213/2021/2030 1976/2020/2029 2218/2027/2036
f 2213/2021/2030 2218/2027/2036 2214/2022/2031
f 2218/2027/2036 2217/2028/2037 2214/2022/2031
f 2217/2028/2037 2035/2029/2038 2214/2022/2031
f 2035/2029/2038 2135/2023/2032 2214/2022/2031
f 2135/2023/2032 2035/2029/2038 2036/1927/1936
f 2046/2030/2039 2135/2023/2032 2036/1927/1936
f 2046/2030/2039 2127/1933/1942 2135/2023/2032
f 2127/1933/1942 2046/2030/2039 2045/1926/1935
f 1967/2025/2034 1940/2031/2040 1990/2026/2035
f 1990/2026/2035 1940/2031/2040 1991/2032/2041
f 1990/2026/2035 1991/2032/2041 2218/2027/2036
f 1991/2032/2041 1979/2033/2042 2218/2027/2036
f 2218/2027/2036 1979/2033/2042 2217/2028/2037
f 1979/2033/2042 1985/2034/2043 2217/2028/2037
f 2217/2028/2037 1985/2034/2043 2035/2029/2038
f 1985/2034/2043 2137/2035/2044 2035/2029/2038
f 2035/2029/2038 2137/2035/2044 2029/1913/1922
f 2036/1927/1936 2035/2029/2038 2029/1913/1922
f 1991/2032/2041 1977/2036/2045 1979/2033/2042
f 1977/2036/2045 1971/2037/2046 1979/2033/2042
f 1979/2033/2042 1971/2037/2046 1985/2034/2043
f 1971/2037/2046 1972/2038/2047 1985/2034/2043
f 2137/2035/2044 1985/2034/2043 1972/2038/2047
f 2136/1914/1923 2137/2035/2044 1972/2038/2047
f 2029/1913/1922 2137/2035/2044 2136/1914/1923
f 2045/1926/1935 2046/2030/2039 2036/1927/1936
s 25
f 2193/2039/2048 2195/2040/2049 2194/2041/2050
f 2195/2040/2049 2190/2042/2051 2194/2041/2050
f 2190/2042/2051 2192/2043/2052 2194/2041/2050
f 2192/2043/2052 2189/2044/2053 2194/2041/2050
f 2189/2044/2053 2192/2043/2052 2187/2045/2054
f 2185/2046/2055 2189/2044/2053 2187/2045/2054
f 2185/2046/2055 2187/2045/2054 2191/2047/2056
f 2158/2048/2057 2185/2046/2055 2191/2047/2056
f 2190/2042/2051 2181/2049/2058 2192/2043/2052
f 2181/2049/2058 2187/2045/2054 2192/2043/2052
f 2187/2045/2054 2181/2049/2058 2183/2050/2059
f 2183/2050/2059 2191/2047/2056 2187/2045/2054
f 2157/2051/2060 2191/2047/2056 2183/2050/2059
f 1934/2052/2061 2191/2047/2056 2157/2051/2060
f 2191/2047/2056 1934/2052/2061 2158/2048/2057
f 2348/2053/2062 2158/2048/2057 1934/2052/2061
f 2181/2049/2058 2186/2054/2063 2183/2050/2059
f 2183/2050/2059 2186/2054/2063 2180/2055/2064
f 2180/2055/2064 2157/2051/2060 2183/2050/2059
f 2157/2051/2060 2180/2055/2064 2182/2056/2065
f 1935/2057/2066 2157/2051/2060 2182/2056/2065
f 2157/2051/2060 1935/2057/2066 1934/2052/2061
f 2333/2058/2067 1934/2052/2061 1935/2057/2066
f 1934/2052/2061 2333/2058/2067 2348/2053/2062
f 2348/2053/2062 2333/2058/2067 2349/2059/2068
f 2347/2060/2069 2348/2053/2062 2349/2059/2068
f 1936/2061/2057 2348/2053/2062 2347/2060/2069
f 2186/2054/2063 2179/2062/2070 2180/2055/2064
f 2180/2055/2064 2179/2062/2070 2182/2056/2065
f 2179/2062/2070 2177/2063/2071 2182/2056/2065
f 2182/2056/2065 2177/2063/2071 2198/2064/2072
f 2198/2064/2072 1935/2057/2066 2182/2056/2065
f 1935/2057/2066 2198/2064/2072 2345/2065/2073
f 2333/2058/2067 1935/2057/2066 2345/2065/2073
f 2333/2058/2067 2345/2065/2073 2325/2066/2074
f 2333/2058/2067 2325/2066/2074 2349/2059/2068
f 2177/2063/2071 2179/2062/2070 2178/2067/2075
f 2222/2068/2076 2177/2063/2071 2178/2067/2075
f 2177/2063/2071 2222/2068/2076 2198/2064/2072
f 2198/2064/2072 2222/2068/2076 2343/2069/2077
f 2345/2065/2073 2198/2064/2072 2343/2069/2077
f 2324/2070/2078 2345/2065/2073 2343/2069/2077
f 2345/2065/2073 2324/2070/2078 2325/2066/2074
f 2325/2066/2074 2324/2070/2078 2349/2059/2068
f 2324/2070/2078 2236/2071/2079 2349/2059/2068
f 2349/2059/2068 2236/2071/2079 2350/2072/2080
f 2326/2073/2081 2349/2059/2068 2350/2072/2080
f 2326/2073/2081 2347/2060/2069 2349/2059/2068
f 2184/2074/2082 2222/2068/2076 2178/2067/2075
f 2184/2074/2082 2255/2075/2083 2222/2068/2076
f 2343/2069/2077 2222/2068/2076 2255/2075/2083
f 2335/2076/2084 2343/2069/2077 2255/2075/2083
f 2344/2077/2085 2343/2069/2077 2335/2076/2084
f 2344/2077/2085 2324/2070/2078 2343/2069/2077
f 2324/2070/2078 2344/2077/2085 2236/2071/2079
f 2344/2077/2085 2238/2078/2086 2236/2071/2079
f 2238/2078/2086 2275/2079/2087 2236/2071/2079
f 2275/2079/2087 2350/2072/2080 2236/2071/2079
f 2275/2079/2087 2202/2080/2088 2350/2072/2080
f 2202/2080/2088 2334/2081/2089 2350/2072/2080
f 2350/2072/2080 2334/2081/2089 2326/2073/2081
f 2334/2081/2089 2347/2060/2069 2326/2073/2081
f 2347/2060/2069 2334/2081/2089 1936/2061/2057
f 2335/2076/2084 2255/2075/2083 2244/2082/2090
f 2352/2083/2091 2335/2076/2084 2244/2082/2090
f 2323/2084/2092 2335/2076/2084 2352/2083/2091
f 2323/2084/2092 2344/2077/2085 2335/2076/2084
f 2344/2077/2085 2323/2084/2092 2243/2085/2093
f 2238/2078/2086 2344/2077/2085 2243/2085/2093
f 2238/2078/2086 2243/2085/2093 2200/2086/2094
f 2275/2079/2087 2238/2078/2086 2200/2086/2094
f 2200/2086/2094 2266/2087/2095 2275/2079/2087
f 2266/2087/2095 2202/2080/2088 2275/2079/2087
f 2354/2088/2096 2323/2084/2092 2352/2083/2091
f 2323/2084/2092 2354/2088/2096 2201/2089/2097
f 2243/2085/2093 2323/2084/2092 2201/2089/2097
f 2243/2085/2093 2201/2089/2097 2200/2086/2094
f 2201/2089/2097 2199/2090/2098 2200/2086/2094
f 2199/2090/2098 2266/2087/2095 2200/2086/2094
f 2199/2090/2098 2254/2091/2099 2266/2087/2095
f 2254/2091/2099 2241/2092/2050 2266/2087/2095
f 2202/2080/2088 2266/2087/2095 2241/2092/2050
f 2267/2093/2053 2202/2080/2088 2241/2092/2050
f 2202/2080/2088 2267/2093/2053 2197/2094/2055
f 2334/2081/2089 2202/2080/2088 2197/2094/2055
f 2334/2081/2089 2197/2094/2055 1936/2061/2057
s 26
f 2545/2095/2100 2539/2096/2101 2544/2097/2102
f 2539/2096/2101 3116/2098/2103 2544/2097/2102
f 3116/2098/2103 2539/2096/2101 3073/2099/2104
f 1576/2100/2105 3116/2098/2103 3073/2099/2104
f 1578/2101/2106 3116/2098/2103 1576/2100/2105
f 1578/2101/2106 3082/2102/2107 3116/2098/2103
f 3082/2102/2107 1578/2101/2106 1566/2103/2108
f 3081/2104/2109 3082/2102/2107 1566/2103/2108
f 3082/2102/2107 3081/2104/2109 3105/2105/2110
f 3073/2099/2104 2539/2096/2101 1319/2106/2111
f 3073/2099/2104 1319/2106/2111 1529/2107/2112
f 1576/2100/2105 3073/2099/2104 1529/2107/2112
f 1563/2108/2113 1576/2100/2105 1529/2107/2112
f 1576/2100/2105 1563/2108/2113 1578/2101/2106
f 1563/2108/2113 1566/2103/2108 1578/2101/2106
f 1566/2103/2108 1563/2108/2113 1500/2109/2114
f 1566/2103/2108 1500/2109/2114 3081/2104/2109
f 1500/2109/2114 1546/2110/2115 3081/2104/2109
f 1546/2110/2115 3105/2105/2110 3081/2104/2109
f 3105/2105/2110 1546/2110/2115 1567/2111/2116
f 3105/2105/2110 1567/2111/2116 1572/2112/2117
f 3106/2113/2118 3105/2105/2110 1572/2112/2117
f 1319/2106/2111 1318/2114/2119 1529/2107/2112
f 1318/2114/2119 1531/2115/2120 1529/2107/2112
f 1563/2108/2113 1529/2107/2112 1531/2115/2120
f 1564/2116/2121 1563/2108/2113 1531/2115/2120
f 1563/2108/2113 1564/2116/2121 1500/2109/2114
f 1557/2117/2122 1500/2109/2114 1564/2116/2121
f 1500/2109/2114 1557/2117/2122 1546/2110/2115
f 1557/2117/2122 1575/2118/2123 1546/2110/2115
f 1546/2110/2115 1575/2118/2123 1567/2111/2116
f 1575/2118/2123 1548/2119/2124 1567/2111/2116
f 1567/2111/2116 1548/2119/2124 1555/2120/2125
f 1572/2112/2117 1567/2111/2116 1555/2120/2125
f 1533/2121/2126 1531/2115/2120 1318/2114/2119
f 1533/2121/2126 1564/2116/2121 1531/2115/2120
f 1533/2121/2126 2415/2122/2127 1564/2116/2121
f 1564/2116/2121 2415/2122/2127 1556/2123/2128
f 1556/2123/2128 1557/2117/2122 1564/2116/2121
f 2367/2124/2129 1557/2117/2122 1556/2123/2128
f 2367/2124/2129 1575/2118/2123 1557/2117/2122
f 1309/2125/2130 1533/2121/2126 1318/2114/2119
f 1310/2126/2131 1533/2121/2126 1309/2125/2130
f 2415/2122/2127 1533/2121/2126 1310/2126/2131
f 2397/2127/2132 2415/2122/2127 1310/2126/2131
f 2397/2127/2132 2420/2128/2133 2415/2122/2127
f 2420/2128/2133 1556/2123/2128 2415/2122/2127
f 2420/2128/2133 2367/2124/2129 1556/2123/2128
f 2367/2124/2129 2420/2128/2133 2404/2129/2134
f 2365/2130/2135 2367/2124/2129 2404/2129/2134
f 2365/2130/2135 1575/2118/2123 2367/2124/2129
f 1313/2131/2136 1310/2126/2131 1309/2125/2130
f 1310/2126/2131 1313/2131/2136 1335/2132/2137
f 1516/2133/2138 1310/2126/2131 1335/2132/2137
f 1516/2133/2138 2394/2134/2139 1310/2126/2131
f 2394/2134/2139 2397/2127/2132 1310/2126/2131
f 1535/2135/2140 1516/2133/2138 1335/2132/2137
f 1516/2133/2138 1535/2135/2140 1591/2136/2141
f 2394/2134/2139 1516/2133/2138 1591/2136/2141
f 2394/2134/2139 1591/2136/2141 2403/2137/2142
f 2397/2127/2132 2394/2134/2139 2403/2137/2142
f 2403/2137/2142 2368/2138/2143 2397/2127/2132
f 2368/2138/2143 2419/2139/2144 2397/2127/2132
f 2397/2127/2132 2419/2139/2144 2417/2140/2145
f 2404/2129/2134 2397/2127/2132 2417/2140/2145
f 2404/2129/2134 2420/2128/2133 2397/2127/2132
f 1561/2141/2146 1591/2136/2141 1535/2135/2140
f 1561/2141/2146 1513/2142/2147 1591/2136/2141
f 1513/2142/2147 2399/2143/2148 1591/2136/2141
f 2387/2144/2149 1591/2136/2141 2399/2143/2148
f 1591/2136/2141 2387/2144/2149 2403/2137/2142
f 2387/2144/2149 2416/2145/2150 2403/2137/2142
f 2416/2145/2150 2400/2146/2151 2403/2137/2142
f 2400/2146/2151 2368/2138/2143 2403/2137/2142
f 1513/2142/2147 1561/2141/2146 1562/2147/2152
f 1565/2148/2153 1513/2142/2147 1562/2147/2152
f 1513/2142/2147 1565/2148/2153 1559/2149/2154
f 730/2150/2155 1513/2142/2147 1559/2149/2154
f 2409/2151/2156 1513/2142/2147 730/2150/2155
f 2410/2152/2157 1513/2142/2147 2409/2151/2156
f 2392/2153/2158 1513/2142/2147 2410/2152/2157
f 1513/2142/2147 2392/2153/2158 2399/2143/2148
f 1562/2147/2152 1515/2154/2159 1565/2148/2153
f 1515/2154/2159 1514/2155/2160 1565/2148/2153
f 1514/2155/2160 1512/2156/2161 1565/2148/2153
f 1512/2156/2161 1517/2157/2162 1565/2148/2153
f 1565/2148/2153 1517/2157/2162 1559/2149/2154
f 1559/2149/2154 1517/2157/2162 1558/2158/2163
f 730/2150/2155 1559/2149/2154 1558/2158/2163
f 1562/2147/2152 1305/2159/2164 1515/2154/2159
f 1515/2154/2159 1305/2159/2164 1307/2160/2165
f 1509/2161/2166 1515/2154/2159 1307/2160/2165
f 1515/2154/2159 1509/2161/2166 1514/2155/2160
f 1504/2162/2167 1514/2155/2160 1509/2161/2166
f 1512/2156/2161 1514/2155/2160 1504/2162/2167
f 1512/2156/2161 1504/2162/2167 1573/2163/2168
f 1512/2156/2161 1573/2163/2168 1501/2164/2169
f 1517/2157/2162 1512/2156/2161 1501/2164/2169
f 1517/2157/2162 1501/2164/2169 1558/2158/2163
f 1558/2158/2163 1501/2164/2169 3054/2165/2170
f 3056/2166/2171 1558/2158/2163 3054/2165/2170
f 3056/2166/2171 730/2150/2155 1558/2158/2163
f 1509/2161/2166 1307/2160/2165 1574/2167/2172
f 1574/2167/2172 1560/2168/2173 1509/2161/2166
f 1560/2168/2173 1504/2162/2167 1509/2161/2166
f 1504/2162/2167 1560/2168/2173 1498/2169/2174
f 1504/2162/2167 1498/2169/2174 1573/2163/2168
f 1498/2169/2174 3095/2170/2175 1573/2163/2168
f 1573/2163/2168 3095/2170/2175 3055/2171/2176
f 1501/2164/2169 1573/2163/2168 3055/2171/2176
f 3057/2172/2177 1501/2164/2169 3055/2171/2176
f 3057/2172/2177 3054/2165/2170 1501/2164/2169
f 1307/2160/2165 1308/2173/2178 1574/2167/2172
f 1574/2167/2172 1308/2173/2178 1521/2174/2179
f 1574/2167/2172 1521/2174/2179 1560/2168/2173
f 1521/2174/2179 1522/2175/2180 1560/2168/2173
f 1499/2176/2181 1560/2168/2173 1522/2175/2180
f 1560/2168/2173 1499/2176/2181 1498/2169/2174
f 2664/2177/2182 1498/2169/2174 1499/2176/2181
f 2664/2177/2182 3095/2170/2175 1498/2169/2174
f 3095/2170/2175 2664/2177/2182 2660/2178/2183
f 3087/2179/2184 3095/2170/2175 2660/2178/2183
f 3095/2170/2175 3087/2179/2184 3055/2171/2176
f 1308/2173/2178 1320/2180/2185 1521/2174/2179
f 3714/2181/2186 1521/2174/2179 1320/2180/2185
f 1522/2175/2180 1521/2174/2179 3714/2181/2186
f 3713/2182/2187 1522/2175/2180 3714/2181/2186
f 1522/2175/2180 3713/2182/2187 1503/2183/2188
f 1503/2183/2188 1499/2176/2181 1522/2175/2180
f 2785/2184/2189 1499/2176/2181 1503/2183/2188
f 2785/2184/2189 2664/2177/2182 1499/2176/2181
f 2656/2185/2190 2664/2177/2182 2785/2184/2189
f 2660/2178/2183 2664/2177/2182 2656/2185/2190
f 3272/2186/2191 3714/2181/2186 1320/2180/2185
f 3272/2186/2191 3234/2187/2192 3714/2181/2186
f 3234/2187/2192 3712/2188/2193 3714/2181/2186
f 3712/2188/2193 3711/2189/2194 3714/2181/2186
f 3711/2189/2194 3713/2182/2187 3714/2181/2186
f 3713/2182/2187 3711/2189/2194 3186/2190/2195
f 3446/2191/2196 3713/2182/2187 3186/2190/2195
f 3713/2182/2187 3446/2191/2196 1503/2183/2188
f 2795/2192/2197 1503/2183/2188 3446/2191/2196
f 2795/2192/2197 2785/2184/2189 1503/2183/2188
f 3800/2193/2198 3712/2188/2193 3234/2187/2192
f 3800/2193/2198 3716/2194/2199 3712/2188/2193
f 3716/2194/2199 3711/2189/2194 3712/2188/2193
f 3711/2189/2194 3716/2194/2199 3451/2195/2200
f 3186/2190/2195 3711/2189/2194 3451/2195/2200
f 3277/2196/2201 3800/2193/2198 3234/2187/2192
f 3802/2197/2202 3800/2193/2198 3277/2196/2201
f 3800/2193/2198 3802/2197/2202 3801/2198/2203
f 3716/2194/2199 3800/2193/2198 3801/2198/2203
f 3801/2198/2203 3187/2199/2204 3716/2194/2199
f 3187/2199/2204 3451/2195/2200 3716/2194/2199
f 3254/2200/2205 3802/2197/2202 3277/2196/2201
f 2794/2201/2206 2795/2192/2197 3446/2191/2196
f 2793/2202/2207 2795/2192/2197 2794/2201/2206
f 2785/2184/2189 2795/2192/2197 2793/2202/2207
f 2697/2203/2208 2785/2184/2189 2793/2202/2207
f 2697/2203/2208 2656/2185/2190 2785/2184/2189
f 2649/2204/2209 2656/2185/2190 2697/2203/2208
f 2649/2204/2209 2657/2205/2210 2656/2185/2190
f 2660/2178/2183 2656/2185/2190 2657/2205/2210
f 2696/2206/2211 2793/2202/2207 2794/2201/2206
f 2692/2207/2212 2793/2202/2207 2696/2206/2211
f 2692/2207/2212 2693/2208/2213 2793/2202/2207
f 2693/2208/2213 2697/2203/2208 2793/2202/2207
f 2693/2208/2213 2649/2204/2209 2697/2203/2208
f 2650/2209/2214 2649/2204/2209 2693/2208/2213
f 2649/2204/2209 2650/2209/2214 2651/2210/2215
f 2657/2205/2210 2649/2204/2209 2651/2210/2215
f 2657/2205/2210 2651/2210/2215 2669/2211/2216
f 2660/2178/2183 2657/2205/2210 2669/2211/2216
f 2654/2212/2217 2660/2178/2183 2669/2211/2216
f 3087/2179/2184 2660/2178/2183 2654/2212/2217
f 2689/2213/2218 2692/2207/2212 2696/2206/2211
f 2680/2214/2219 2692/2207/2212 2689/2213/2218
f 2680/2214/2219 2682/2215/2220 2692/2207/2212
f 2682/2215/2220 2693/2208/2213 2692/2207/2212
f 2682/2215/2220 2650/2209/2214 2693/2208/2213
f 2673/2216/2221 2650/2209/2214 2682/2215/2220
f 2651/2210/2215 2650/2209/2214 2673/2216/2221
f 2668/2217/2222 2651/2210/2215 2673/2216/2221
f 2651/2210/2215 2668/2217/2222 2655/2218/2223
f 2670/2219/2224 2651/2210/2215 2655/2218/2223
f 2651/2210/2215 2670/2219/2224 2669/2211/2216
f 2675/2220/2225 2680/2214/2219 2689/2213/2218
f 2695/2221/2226 2680/2214/2219 2675/2220/2225
f 2695/2221/2226 2694/2222/2227 2680/2214/2219
f 2694/2222/2227 2682/2215/2220 2680/2214/2219
f 2694/2222/2227 2673/2216/2221 2682/2215/2220
f 2687/2223/2228 2673/2216/2221 2694/2222/2227
f 2687/2223/2228 2665/2224/2229 2673/2216/2221
f 2665/2224/2229 2674/2225/2230 2673/2216/2221
f 2674/2225/2230 2668/2217/2222 2673/2216/2221
f 2674/2225/2230 2653/2226/2231 2668/2217/2222
f 2668/2217/2222 2653/2226/2231 2655/2218/2223
f 2691/2227/2232 2695/2221/2226 2675/2220/2225
f 2678/2228/2233 2695/2221/2226 2691/2227/2232
f 2678/2228/2233 2681/2229/2234 2695/2221/2226
f 2681/2229/2234 2694/2222/2227 2695/2221/2226
f 2681/2229/2234 2687/2223/2228 2694/2222/2227
f 2686/2230/2235 2687/2223/2228 2681/2229/2234
f 2686/2230/2235 2667/2231/2236 2687/2223/2228
f 2667/2231/2236 2665/2224/2229 2687/2223/2228
f 2665/2224/2229 2667/2231/2236 2688/2232/2237
f 2688/2232/2237 2661/2233/2238 2665/2224/2229
f 2661/2233/2238 2674/2225/2230 2665/2224/2229
f 2679/2234/2239 2678/2228/2233 2691/2227/2232
f 2679/2234/2239 2659/2235/2240 2678/2228/2233
f 2659/2235/2240 2676/2236/2241 2678/2228/2233
f 2676/2236/2241 2690/2237/2242 2678/2228/2233
f 2690/2237/2242 2681/2229/2234 2678/2228/2233
f 2690/2237/2242 2686/2230/2235 2681/2229/2234
f 2686/2230/2235 2690/2237/2242 2684/2238/2243
f 2667/2231/2236 2686/2230/2235 2684/2238/2243
f 2677/2239/2244 2667/2231/2236 2684/2238/2243
f 2677/2239/2244 2683/2240/2245 2667/2231/2236
f 2667/2231/2236 2683/2240/2245 2688/2232/2237
f 1311/2241/2246 2688/2232/2237 2683/2240/2245
f 2688/2232/2237 1311/2241/2246 2661/2233/2238
f 2676/2236/2241 2659/2235/2240 2658/2242/2247
f 2666/2243/2248 2676/2236/2241 2658/2242/2247
f 2676/2236/2241 2666/2243/2248 2685/2244/2249
f 2690/2237/2242 2676/2236/2241 2685/2244/2249
f 2690/2237/2242 2685/2244/2249 2684/2238/2243
f 1325/2245/2250 1311/2241/2246 2683/2240/2245
f 1311/2241/2246 1325/2245/2250 1596/2246/2251
f 1314/2247/2252 1311/2241/2246 1596/2246/2251
f 3088/2248/2253 1311/2241/2246 1314/2247/2252
f 1311/2241/2246 3088/2248/2253 2661/2233/2238
f 2652/2249/2254 2661/2233/2238 3088/2248/2253
f 2674/2225/2230 2661/2233/2238 2652/2249/2254
f 2653/2226/2231 2674/2225/2230 2652/2249/2254
f 1314/2247/2252 1596/2246/2251 1568/2250/2255
f 1571/2251/2256 1314/2247/2252 1568/2250/2255
f 1571/2251/2256 3065/2252/2257 1314/2247/2252
f 3065/2252/2257 3063/2253/2258 1314/2247/2252
f 3063/2253/2258 3088/2248/2253 1314/2247/2252
f 3063/2253/2258 3058/2254/2259 3088/2248/2253
f 3058/2254/2259 3053/2255/2260 3088/2248/2253
f 3053/2255/2260 2652/2249/2254 3088/2248/2253
f 1571/2251/2256 1568/2250/2255 1553/2256/2261
f 1545/2257/2262 1571/2251/2256 1553/2256/2261
f 3065/2252/2257 1571/2251/2256 1545/2257/2262
f 1555/2120/2125 3065/2252/2257 1545/2257/2262
f 1555/2120/2125 1548/2119/2124 3065/2252/2257
f 1548/2119/2124 3064/2258/2263 3065/2252/2257
f 3065/2252/2257 3064/2258/2263 3063/2253/2258
f 3064/2258/2263 3061/2259/2264 3063/2253/2258
f 3063/2253/2258 3061/2259/2264 3058/2254/2259
f 3061/2259/2264 3059/2260/2265 3058/2254/2259
f 1553/2256/2261 1550/2261/2266 1545/2257/2262
f 1550/2261/2266 1544/2262/2267 1545/2257/2262
f 1544/2262/2267 1572/2112/2117 1545/2257/2262
f 1572/2112/2117 1555/2120/2125 1545/2257/2262
f 3084/2263/2268 1544/2262/2267 1550/2261/2266
f 1544/2262/2267 3084/2263/2268 3083/2264/2269
f 3083/2264/2269 3106/2113/2118 1544/2262/2267
f 3106/2113/2118 1572/2112/2117 1544/2262/2267
f 3089/2265/2270 3087/2179/2184 2654/2212/2217
f 3055/2171/2176 3087/2179/2184 3089/2265/2270
f 3094/2266/2271 3055/2171/2176 3089/2265/2270
f 3094/2266/2271 3086/2267/2272 3055/2171/2176
f 3086/2267/2272 3057/2172/2177 3055/2171/2176
f 3057/2172/2177 3086/2267/2272 3054/2165/2170
f 3054/2165/2170 3086/2267/2272 3090/2268/2273
f 3054/2165/2170 3090/2268/2273 3059/2260/2265
f 3059/2260/2265 3104/2269/2274 3054/2165/2170
f 3103/2270/2275 3054/2165/2170 3104/2269/2274
f 3103/2270/2275 3056/2166/2171 3054/2165/2170
f 730/2150/2155 3056/2166/2171 3103/2270/2275
f 2409/2151/2156 730/2150/2155 3103/2270/2275
f 2409/2151/2156 3103/2270/2275 2398/2271/2276
f 2410/2152/2157 2409/2151/2156 2398/2271/2276
f 3052/2272/2277 3104/2269/2274 3059/2260/2265
f 3052/2272/2277 2364/2273/2278 3104/2269/2274
f 3104/2269/2274 2364/2273/2278 2398/2271/2276
f 3104/2269/2274 2398/2271/2276 3103/2270/2275
f 3061/2259/2264 3052/2272/2277 3059/2260/2265
f 3062/2274/2279 3052/2272/2277 3061/2259/2264
f 3062/2274/2279 2386/2275/2280 3052/2272/2277
f 3052/2272/2277 2386/2275/2280 2363/2276/2281
f 2366/2277/2282 3052/2272/2277 2363/2276/2281
f 2364/2273/2278 3052/2272/2277 2366/2277/2282
f 2364/2273/2278 2366/2277/2282 2392/2153/2158
f 2392/2153/2158 2410/2152/2157 2364/2273/2278
f 2410/2152/2157 2398/2271/2276 2364/2273/2278
f 3064/2258/2263 3062/2274/2279 3061/2259/2264
f 3062/2274/2279 3064/2258/2263 1548/2119/2124
f 1575/2118/2123 3062/2274/2279 1548/2119/2124
f 3062/2274/2279 1575/2118/2123 3060/2278/2283
f 3068/2279/2284 3062/2274/2279 3060/2278/2283
f 2386/2275/2280 3062/2274/2279 3068/2279/2284
f 2400/2146/2151 2386/2275/2280 3068/2279/2284
f 2416/2145/2150 2386/2275/2280 2400/2146/2151
f 2384/2280/2285 2386/2275/2280 2416/2145/2150
f 2384/2280/2285 2385/2281/2286 2386/2275/2280
f 2385/2281/2286 2363/2276/2281 2386/2275/2280
f 3060/2278/2283 1575/2118/2123 2365/2130/2135
f 2365/2130/2135 2404/2129/2134 3060/2278/2283
f 2404/2129/2134 2417/2140/2145 3060/2278/2283
f 2417/2140/2145 2419/2139/2144 3060/2278/2283
f 2419/2139/2144 3068/2279/2284 3060/2278/2283
f 3068/2279/2284 2419/2139/2144 2368/2138/2143
f 2400/2146/2151 3068/2279/2284 2368/2138/2143
f 2384/2280/2285 2416/2145/2150 2387/2144/2149
f 2384/2280/2285 2387/2144/2149 2399/2143/2148
f 2399/2143/2148 2393/2282/2287 2384/2280/2285
f 2393/2282/2287 2385/2281/2286 2384/2280/2285
f 2393/2282/2287 729/2283/2288 2385/2281/2286
f 729/2283/2288 2363/2276/2281 2385/2281/2286
f 2366/2277/2282 2363/2276/2281 729/2283/2288
f 2380/2284/2289 2366/2277/2282 729/2283/2288
f 2366/2277/2282 2380/2284/2289 2392/2153/2158
f 2392/2153/2158 2380/2284/2289 2393/2282/2287
f 2399/2143/2148 2392/2153/2158 2393/2282/2287
f 729/2283/2288 2393/2282/2287 2380/2284/2289
s 27
f 2491/2285/2290 2476/2286/2291 2469/2287/2292
f 2476/2286/2291 2477/2288/2293 2469/2287/2292
f 2477/2288/2293 2518/2289/2294 2469/2287/2292
f 2518/2289/2294 2468/2290/2295 2469/2287/2292
f 2467/2291/2296 2468/2290/2295 2518/2289/2294
f 2451/2292/2297 2467/2291/2296 2518/2289/2294
f 2467/2291/2296 2451/2292/2297 2465/2293/2298
f 2477/2288/2293 2476/2286/2291 2435/2294/2299
f 2427/2295/2300 2477/2288/2293 2435/2294/2299
f 2518/2289/2294 2477/2288/2293 2427/2295/2300
f 2430/2296/2301 2518/2289/2294 2427/2295/2300
f 2451/2292/2297 2518/2289/2294 2430/2296/2301
f 2424/2297/2302 2451/2292/2297 2430/2296/2301
f 2451/2292/2297 2424/2297/2302 2517/2298/2303
f 2451/2292/2297 2517/2298/2303 2465/2293/2298
f 2465/2293/2298 2517/2298/2303 2462/2299/2304
f 2461/2300/2305 2465/2293/2298 2462/2299/2304
f 2427/2295/2300 2435/2294/2299 2459/2301/2306
f 2443/2302/2307 2427/2295/2300 2459/2301/2306
f 2430/2296/2301 2427/2295/2300 2443/2302/2307
f 2423/2303/2308 2430/2296/2301 2443/2302/2307
f 2430/2296/2301 2423/2303/2308 2424/2297/2302
f 2423/2303/2308 2425/2304/2309 2424/2297/2302
f 2426/2305/2310 2424/2297/2302 2425/2304/2309
f 2424/2297/2302 2426/2305/2310 2517/2298/2303
f 2517/2298/2303 2426/2305/2310 2429/2306/2311
f 2462/2299/2304 2517/2298/2303 2429/2306/2311
f 2459/2301/2306 2606/2307/2312 2443/2302/2307
f 2606/2307/2312 2605/2308/2313 2443/2302/2307
f 2423/2303/2308 2443/2302/2307 2605/2308/2313
f 2593/2309/2314 2423/2303/2308 2605/2308/2313
f 2425/2304/2309 2423/2303/2308 2593/2309/2314
f 2519/2310/2315 2425/2304/2309 2593/2309/2314
f 2519/2310/2315 2447/2311/2316 2425/2304/2309
f 2447/2311/2316 2431/2312/2317 2425/2304/2309
f 2431/2312/2317 2426/2305/2310 2425/2304/2309
f 2429/2306/2311 2426/2305/2310 2431/2312/2317
f 2605/2308/2313 2606/2307/2312 2585/2313/2318
f 2607/2314/2319 2605/2308/2313 2585/2313/2318
f 2593/2309/2314 2605/2308/2313 2607/2314/2319
f 2594/2315/2320 2593/2309/2314 2607/2314/2319
f 2519/2310/2315 2593/2309/2314 2594/2315/2320
f 2591/2316/2321 2519/2310/2315 2594/2315/2320
f 2591/2316/2321 2521/2317/2322 2519/2310/2315
f 2521/2317/2322 2447/2311/2316 2519/2310/2315
f 2607/2314/2319 2585/2313/2318 2589/2318/2323
f 2592/2319/2324 2607/2314/2319 2589/2318/2323
f 2592/2319/2324 2614/2320/2325 2607/2314/2319
f 2614/2320/2325 2594/2315/2320 2607/2314/2319
f 2614/2320/2325 2595/2321/2326 2594/2315/2320
f 2595/2321/2326 2591/2316/2321 2594/2315/2320
f 2521/2317/2322 2591/2316/2321 2595/2321/2326
f 2455/2322/2327 2521/2317/2322 2595/2321/2326
f 2458/2323/2328 2521/2317/2322 2455/2322/2327
f 2447/2311/2316 2521/2317/2322 2458/2323/2328
f 2592/2319/2324 2589/2318/2323 2550/2324/2329
f 2569/2325/2330 2592/2319/2324 2550/2324/2329
f 2592/2319/2324 2569/2325/2330 2614/2320/2325
f 2569/2325/2330 2568/2326/2331 2614/2320/2325
f 2614/2320/2325 2568/2326/2331 2565/2327/2332
f 2595/2321/2326 2614/2320/2325 2565/2327/2332
f 2455/2322/2327 2595/2321/2326 2565/2327/2332
f 2567/2328/2333 2455/2322/2327 2565/2327/2332
f 2450/2329/2334 2455/2322/2327 2567/2328/2333
f 2450/2329/2334 2458/2323/2328 2455/2322/2327
f 2550/2324/2329 2571/2330/2335 2569/2325/2330
f 2571/2330/2335 2570/2331/2336 2569/2325/2330
f 2569/2325/2330 2570/2331/2336 2568/2326/2331
f 2570/2331/2336 2549/2332/2337 2568/2326/2331
f 2568/2326/2331 2549/2332/2337 2565/2327/2332
f 2549/2332/2337 2548/2333/2338 2565/2327/2332
f 2567/2328/2333 2565/2327/2332 2548/2333/2338
f 2566/2334/2339 2567/2328/2333 2548/2333/2338
f 2547/2335/2340 2567/2328/2333 2566/2334/2339
f 2547/2335/2340 2450/2329/2334 2567/2328/2333
f 2571/2330/2335 2578/2336/2341 2570/2331/2336
f 2578/2336/2341 2587/2337/2342 2570/2331/2336
f 2570/2331/2336 2587/2337/2342 2549/2332/2337
f 2587/2337/2342 2602/2338/2343 2549/2332/2337
f 2602/2338/2343 2610/2339/2344 2549/2332/2337
f 2610/2339/2344 2548/2333/2338 2549/2332/2337
f 2548/2333/2338 2610/2339/2344 2566/2334/2339
f 2610/2339/2344 2603/2340/2345 2566/2334/2339
f 2560/2341/2346 2566/2334/2339 2603/2340/2345
f 2560/2341/2346 2547/2335/2340 2566/2334/2339
f 2561/2342/2347 2547/2335/2340 2560/2341/2346
f 2561/2342/2347 2520/2343/2348 2547/2335/2340
f 2520/2343/2348 2450/2329/2334 2547/2335/2340
f 2587/2337/2342 2494/2344/2349 2602/2338/2343
f 2602/2338/2343 2494/2344/2349 2460/2345/2350
f 2610/2339/2344 2602/2338/2343 2460/2345/2350
f 2579/2346/2351 2610/2339/2344 2460/2345/2350
f 2610/2339/2344 2579/2346/2351 2599/2347/2352
f 2603/2340/2345 2610/2339/2344 2599/2347/2352
f 2599/2347/2352 2552/2348/2353 2603/2340/2345
f 2552/2348/2353 2580/2349/2354 2603/2340/2345
f 2580/2349/2354 2560/2341/2346 2603/2340/2345
f 2580/2349/2354 2575/2350/2355 2560/2341/2346
f 2575/2350/2355 2553/2351/2356 2560/2341/2346
f 2553/2351/2356 2561/2342/2347 2560/2341/2346
f 2553/2351/2356 2562/2352/2357 2561/2342/2347
f 2562/2352/2357 2558/2353/2358 2561/2342/2347
f 2558/2353/2358 2454/2354/2359 2561/2342/2347
f 2454/2354/2359 2520/2343/2348 2561/2342/2347
f 2575/2350/2355 2580/2349/2354 2552/2348/2353
f 2572/2355/2360 2575/2350/2355 2552/2348/2353
f 2573/2356/2361 2575/2350/2355 2572/2355/2360
f 2553/2351/2356 2575/2350/2355 2573/2356/2361
f 2562/2352/2357 2553/2351/2356 2573/2356/2361
f 2562/2352/2357 2573/2356/2361 2574/2357/2362
f 2557/2358/2363 2562/2352/2357 2574/2357/2362
f 2562/2352/2357 2557/2358/2363 2558/2353/2358
f 2557/2358/2363 2559/2359/2364 2558/2353/2358
f 2559/2359/2364 2604/2360/2365 2558/2353/2358
f 2604/2360/2365 2454/2354/2359 2558/2353/2358
f 2577/2361/2366 2573/2356/2361 2572/2355/2360
f 2577/2361/2366 2600/2362/2367 2573/2356/2361
f 2600/2362/2367 2574/2357/2362 2573/2356/2361
f 2576/2363/2368 2574/2357/2362 2600/2362/2367
f 2574/2357/2362 2576/2363/2368 2557/2358/2363
f 2576/2363/2368 2554/2364/2369 2557/2358/2363
f 2557/2358/2363 2554/2364/2369 2559/2359/2364
f 2554/2364/2369 2700/2365/2370 2559/2359/2364
f 2559/2359/2364 2700/2365/2370 2663/2366/2371
f 2604/2360/2365 2559/2359/2364 2663/2366/2371
f 2588/2367/2372 2604/2360/2365 2663/2366/2371
f 2454/2354/2359 2604/2360/2365 2588/2367/2372
f 2611/2368/2373 2576/2363/2368 2600/2362/2367
f 2609/2369/2374 2576/2363/2368 2611/2368/2373
f 2554/2364/2369 2576/2363/2368 2609/2369/2374
f 2613/2370/2375 2554/2364/2369 2609/2369/2374
f 2554/2364/2369 2613/2370/2375 2700/2365/2370
f 2613/2370/2375 2672/2371/2376 2700/2365/2370
f 2700/2365/2370 2672/2371/2376 2663/2366/2371
f 2672/2371/2376 2671/2372/2377 2663/2366/2371
f 2663/2366/2371 2671/2372/2377 2596/2373/2378
f 2596/2373/2378 2588/2367/2372 2663/2366/2371
f 2608/2374/2379 2609/2369/2374 2611/2368/2373
f 2609/2369/2374 2608/2374/2379 2556/2375/2380
f 2556/2375/2380 2613/2370/2375 2609/2369/2374
f 2613/2370/2375 2556/2375/2380 2672/2371/2376
f 2556/2375/2380 2701/2376/2381 2672/2371/2376
f 2672/2371/2376 2701/2376/2381 2671/2372/2377
f 2701/2376/2381 2698/2377/2382 2671/2372/2377
f 2662/2378/2383 2671/2372/2377 2698/2377/2382
f 2671/2372/2377 2662/2378/2383 2596/2373/2378
f 2662/2378/2383 2598/2379/2384 2596/2373/2378
f 2598/2379/2384 2581/2380/2385 2596/2373/2378
f 2596/2373/2378 2581/2380/2385 2588/2367/2372
f 2608/2374/2379 2612/2381/2386 2556/2375/2380
f 2556/2375/2380 2612/2381/2386 2551/2382/2387
f 2701/2376/2381 2556/2375/2380 2551/2382/2387
f 2555/2383/2388 2701/2376/2381 2551/2382/2387
f 2701/2376/2381 2555/2383/2388 2698/2377/2382
f 2555/2383/2388 2703/2384/2389 2698/2377/2382
f 2698/2377/2382 2703/2384/2389 2702/2385/2390
f 2702/2385/2390 2662/2378/2383 2698/2377/2382
f 2598/2379/2384 2662/2378/2383 2702/2385/2390
f 2612/2381/2386 2601/2386/2391 2551/2382/2387
f 2703/2384/2389 2699/2387/2392 2702/2385/2390
f 2597/2388/2393 2702/2385/2390 2699/2387/2392
f 2597/2388/2393 2598/2379/2384 2702/2385/2390
f 2597/2388/2393 2438/2389/2394 2598/2379/2384
f 2438/2389/2394 2442/2390/2395 2598/2379/2384
f 2598/2379/2384 2442/2390/2395 2581/2380/2385
f 2590/2391/2396 2597/2388/2393 2699/2387/2392
f 2590/2391/2396 2433/2392/2397 2597/2388/2393
f 2433/2392/2397 2438/2389/2394 2597/2388/2393
f 2433/2392/2397 2436/2393/2398 2438/2389/2394
f 2436/2393/2398 2428/2394/2399 2438/2389/2394
f 2438/2389/2394 2428/2394/2399 2442/2390/2395
f 2428/2394/2399 2452/2395/2400 2442/2390/2395
f 2442/2390/2395 2452/2395/2400 2441/2396/2401
f 2442/2390/2395 2441/2396/2401 2581/2380/2385
f 2581/2380/2385 2441/2396/2401 2586/2397/2402
f 2581/2380/2385 2586/2397/2402 2588/2367/2372
f 2448/2398/2403 2588/2367/2372 2586/2397/2402
f 2448/2398/2403 2454/2354/2359 2588/2367/2372
f 2436/2393/2398 2475/2399/2404 2428/2394/2399
f 2475/2399/2404 2478/2400/2405 2428/2394/2399
f 2452/2395/2400 2428/2394/2399 2478/2400/2405
f 2474/2401/2406 2452/2395/2400 2478/2400/2405
f 2434/2402/2407 2452/2395/2400 2474/2401/2406
f 2452/2395/2400 2434/2402/2407 2441/2396/2401
f 2440/2403/2408 2441/2396/2401 2434/2402/2407
f 2441/2396/2401 2440/2403/2408 2586/2397/2402
f 2586/2397/2402 2440/2403/2408 2439/2404/2409
f 2449/2405/2410 2586/2397/2402 2439/2404/2409
f 2449/2405/2410 2448/2398/2403 2586/2397/2402
f 2475/2399/2404 2493/2406/2411 2478/2400/2405
f 2493/2406/2411 2464/2407/2412 2478/2400/2405
f 2478/2400/2405 2464/2407/2412 2474/2401/2406
f 2464/2407/2412 2463/2408/2413 2474/2401/2406
f 2470/2409/2414 2474/2401/2406 2463/2408/2413
f 2470/2409/2414 2434/2402/2407 2474/2401/2406
f 2453/2410/2415 2434/2402/2407 2470/2409/2414
f 2453/2410/2415 2440/2403/2408 2434/2402/2407
f 2440/2403/2408 2453/2410/2415 2439/2404/2409
f 2453/2410/2415 2437/2411/2416 2439/2404/2409
f 2439/2404/2409 2437/2411/2416 2444/2412/2417
f 2449/2405/2410 2439/2404/2409 2444/2412/2417
f 2445/2413/2418 2449/2405/2410 2444/2412/2417
f 2448/2398/2403 2449/2405/2410 2445/2413/2418
f 2466/2414/2419 2470/2409/2414 2463/2408/2413
f 2472/2415/2420 2470/2409/2414 2466/2414/2419
f 2472/2415/2420 2453/2410/2415 2470/2409/2414
f 2437/2411/2416 2453/2410/2415 2472/2415/2420
f 2471/2416/2421 2437/2411/2416 2472/2415/2420
f 2432/2417/2422 2437/2411/2416 2471/2416/2421
f 2437/2411/2416 2432/2417/2422 2444/2412/2417
f 2457/2418/2423 2444/2412/2417 2432/2417/2422
f 2444/2412/2417 2457/2418/2423 2446/2419/2424
f 2445/2413/2418 2444/2412/2417 2446/2419/2424
f 2489/2420/2425 2472/2415/2420 2466/2414/2419
f 2471/2416/2421 2472/2415/2420 2489/2420/2425
f 2490/2421/2426 2471/2416/2421 2489/2420/2425
f 2471/2416/2421 2490/2421/2426 2473/2422/2427
f 2473/2422/2427 2432/2417/2422 2471/2416/2421
f 2473/2422/2427 2462/2299/2304 2432/2417/2422
f 2462/2299/2304 2429/2306/2311 2432/2417/2422
f 2429/2306/2311 2457/2418/2423 2432/2417/2422
f 2457/2418/2423 2429/2306/2311 2431/2312/2317
f 2457/2418/2423 2431/2312/2317 2447/2311/2316
f 2446/2419/2424 2457/2418/2423 2447/2311/2316
f 2446/2419/2424 2447/2311/2316 2458/2323/2328
f 2445/2413/2418 2446/2419/2424 2458/2323/2328
f 2490/2421/2426 2492/2423/2428 2473/2422/2427
f 2492/2423/2428 2461/2300/2305 2473/2422/2427
f 2461/2300/2305 2462/2299/2304 2473/2422/2427
f 2454/2354/2359 2448/2398/2403 2520/2343/2348
f 2448/2398/2403 2456/2424/2429 2520/2343/2348
f 2520/2343/2348 2456/2424/2429 2450/2329/2334
f 2456/2424/2429 2458/2323/2328 2450/2329/2334
f 2456/2424/2429 2445/2413/2418 2458/2323/2328
f 2456/2424/2429 2448/2398/2403 2445/2413/2418
s 28
f 2739/2425/2430 2727/2426/2431 2726/2427/2432
f 2727/2426/2431 2729/2428/2433 2726/2427/2432
f 2729/2428/2433 2754/2429/2434 2726/2427/2432
f 2726/2427/2432 2754/2429/2434 2707/2430/2435
f 2754/2429/2434 2708/2431/2436 2707/2430/2435
f 2707/2430/2435 2708/2431/2436 2736/2432/2437
f 2708/2431/2436 2705/2433/2438 2736/2432/2437
f 2736/2432/2437 2705/2433/2438 2766/2434/2439
f 2754/2429/2434 2729/2428/2433 2719/2435/2440
f 2704/2436/2441 2754/2429/2434 2719/2435/2440
f 2754/2429/2434 2704/2436/2441 2708/2431/2436
f 2704/2436/2441 2706/2437/2442 2708/2431/2436
f 2708/2431/2436 2706/2437/2442 2705/2433/2438
f 2706/2437/2442 2709/2438/2443 2705/2433/2438
f 2709/2438/2443 2710/2439/2444 2705/2433/2438
f 2710/2439/2444 2740/2440/2445 2705/2433/2438
f 2705/2433/2438 2740/2440/2445 2766/2434/2439
f 2714/2441/2446 2766/2434/2439 2740/2440/2445
f 2714/2441/2446 2740/2440/2445 2710/2439/2444
f 2735/2442/2447 2704/2436/2441 2719/2435/2440
f 2725/2443/2448 2704/2436/2441 2735/2442/2447
f 2725/2443/2448 2723/2444/2449 2704/2436/2441
f 2723/2444/2449 2706/2437/2442 2704/2436/2441
f 2706/2437/2442 2723/2444/2449 2709/2438/2443
f 2723/2444/2449 2733/2445/2450 2709/2438/2443
f 2733/2445/2450 2742/2446/2451 2709/2438/2443
f 2742/2446/2451 2710/2439/2444 2709/2438/2443
f 2711/2447/2452 2735/2442/2447 2719/2435/2440
f 2718/2448/2453 2735/2442/2447 2711/2447/2452
f 2735/2442/2447 2718/2448/2453 2732/2449/2454
f 2732/2449/2454 2725/2443/2448 2735/2442/2447
f 2781/2450/2455 2725/2443/2448 2732/2449/2454
f 2781/2450/2455 2717/2451/2456 2725/2443/2448
f 2717/2451/2456 2723/2444/2449 2725/2443/2448
f 2723/2444/2449 2717/2451/2456 2733/2445/2450
f 2717/2451/2456 2767/2452/2457 2733/2445/2450
f 2724/2453/2458 2733/2445/2450 2767/2452/2457
f 2742/2446/2451 2733/2445/2450 2724/2453/2458
f 2816/2454/2459 2718/2448/2453 2711/2447/2452
f 2718/2448/2453 2816/2454/2459 2862/2455/2460
f 2718/2448/2453 2862/2455/2460 2721/2456/2461
f 2734/2457/2462 2718/2448/2453 2721/2456/2461
f 2716/2458/2463 2718/2448/2453 2734/2457/2462
f 2718/2448/2453 2716/2458/2463 2732/2449/2454
f 2743/2459/482 2732/2449/2454 2716/2458/2463
f 2743/2459/482 2781/2450/2455 2732/2449/2454
f 2816/2454/2459 2825/2460/2464 2862/2455/2460
f 2812/2461/2465 2862/2455/2460 2825/2460/2464
f 2812/2461/2465 2833/2462/2466 2862/2455/2460
f 2833/2462/2466 2721/2456/2461 2862/2455/2460
f 2721/2456/2461 2833/2462/2466 2835/2463/2467
f 2741/2464/2468 2721/2456/2461 2835/2463/2467
f 2741/2464/2468 2734/2457/2462 2721/2456/2461
f 2734/2457/2462 2741/2464/2468 2722/2465/2469
f 2722/2465/2469 2716/2458/2463 2734/2457/2462
f 2825/2460/2464 2816/2454/2459 2817/2466/2470
f 2817/2466/2470 2813/2467/2471 2825/2460/2464
f 2813/2467/2471 2812/2461/2465 2825/2460/2464
f 2812/2461/2465 2813/2467/2471 2819/2468/2472
f 2819/2468/2472 2834/2469/2473 2812/2461/2465
f 2834/2469/2473 2833/2462/2466 2812/2461/2465
f 2834/2469/2473 2864/2470/2474 2833/2462/2466
f 2864/2470/2474 2835/2463/2467 2833/2462/2466
f 2864/2470/2474 2866/2471/2475 2835/2463/2467
f 2866/2471/2475 2780/2472/2476 2835/2463/2467
f 2780/2472/2476 2741/2464/2468 2835/2463/2467
f 2813/2467/2471 2830/2473/2477 2819/2468/2472
f 2768/2474/2478 2743/2459/482 2716/2458/2463
f 2768/2474/2478 2716/2458/2463 2722/2465/2469
f 2782/2475/2479 2768/2474/2478 2722/2465/2469
f 2712/2476/2480 2782/2475/2479 2722/2465/2469
f 2720/2477/2481 2712/2476/2480 2722/2465/2469
f 2720/2477/2481 2750/2478/2482 2712/2476/2480
f 2750/2478/2482 2762/2479/2483 2712/2476/2480
f 2762/2479/2483 2750/2478/2482 2980/2480/2484
f 2750/2478/2482 3012/2481/2485 2980/2480/2484
f 2980/2480/2484 3012/2481/2485 3043/2482/2486
f 2741/2464/2468 2720/2477/2481 2722/2465/2469
f 2720/2477/2481 2741/2464/2468 2753/2483/2487
f 2753/2483/2487 2792/2484/2488 2720/2477/2481
f 2792/2484/2488 2750/2478/2482 2720/2477/2481
f 2750/2478/2482 2792/2484/2488 2751/2485/2489
f 3012/2481/2485 2750/2478/2482 2751/2485/2489
f 3035/2486/2490 3012/2481/2485 2751/2485/2489
f 3012/2481/2485 3035/2486/2490 3034/2487/2491
f 3012/2481/2485 3034/2487/2491 3043/2482/2486
f 3043/2482/2486 3034/2487/2491 2979/2488/2492
f 2741/2464/2468 2780/2472/2476 2753/2483/2487
f 2756/2489/2493 2753/2483/2487 2780/2472/2476
f 2779/2490/2494 2753/2483/2487 2756/2489/2493
f 2779/2490/2494 2791/2491/2495 2753/2483/2487
f 2791/2491/2495 2792/2484/2488 2753/2483/2487
f 2791/2491/2495 2758/2492/2496 2792/2484/2488
f 2792/2484/2488 2758/2492/2496 2751/2485/2489
f 2772/2493/2497 2751/2485/2489 2758/2492/2496
f 3035/2486/2490 2751/2485/2489 2772/2493/2497
f 2755/2494/2498 2756/2489/2493 2780/2472/2476
f 2756/2489/2493 2755/2494/2498 2790/2495/2499
f 2779/2490/2494 2756/2489/2493 2790/2495/2499
f 2779/2490/2494 2790/2495/2499 2828/2496/2500
f 2828/2496/2500 2861/2497/2501 2779/2490/2494
f 2861/2497/2501 2791/2491/2495 2779/2490/2494
f 2758/2492/2496 2791/2491/2495 2861/2497/2501
f 2861/2497/2501 2759/2498/2502 2758/2492/2496
f 2759/2498/2502 2772/2493/2497 2758/2492/2496
f 2755/2494/2498 2780/2472/2476 2866/2471/2475
f 2787/2499/2503 2755/2494/2498 2866/2471/2475
f 2787/2499/2503 2866/2471/2475 2865/2500/2504
f 2866/2471/2475 2863/2501/2505 2865/2500/2504
f 2863/2501/2505 2777/2502/2506 2865/2500/2504
f 2777/2502/2506 2863/2501/2505 2789/2503/2507
f 2775/2504/2508 2789/2503/2507 2863/2501/2505
f 2864/2470/2474 2775/2504/2508 2863/2501/2505
f 2866/2471/2475 2864/2470/2474 2863/2501/2505
f 2790/2495/2499 2778/2505/2509 2828/2496/2500
f 2836/2506/2510 2828/2496/2500 2778/2505/2509
f 2836/2506/2510 2822/2507/2511 2828/2496/2500
f 2822/2507/2511 2861/2497/2501 2828/2496/2500
f 2822/2507/2511 2731/2508/2512 2861/2497/2501
f 2731/2508/2512 2759/2498/2502 2861/2497/2501
f 2836/2506/2510 2778/2505/2509 2757/2509/2513
f 2757/2509/2513 2839/2510/2503 2836/2506/2510
f 2836/2506/2510 2839/2510/2503 2843/2511/2514
f 2836/2506/2510 2843/2511/2514 2822/2507/2511
f 2843/2511/2514 2838/2512/2515 2822/2507/2511
f 2838/2512/2515 2731/2508/2512 2822/2507/2511
f 2764/2513/2516 2757/2509/2513 2778/2505/2509
f 2752/2514/2517 2928/2515/2518 2765/2516/2519
f 2928/2515/2518 2902/2517/2520 2765/2516/2519
f 2765/2516/2519 2902/2517/2520 2749/2518/2521
f 2902/2517/2520 2952/2519/2522 2749/2518/2521
f 2749/2518/2521 2952/2519/2522 2728/2520/2432
f 2952/2519/2522 2940/2521/2523 2728/2520/2432
f 2728/2520/2432 2940/2521/2523 2925/2522/2524
f 2902/2517/2520 2928/2515/2518 2916/2523/2525
f 2952/2519/2522 2902/2517/2520 2916/2523/2525
f 2952/2519/2522 2916/2523/2525 2917/2524/2526
f 2940/2521/2523 2952/2519/2522 2917/2524/2526
f 2920/2525/2527 2940/2521/2523 2917/2524/2526
f 2920/2525/2527 2921/2526/2528 2940/2521/2523
f 2921/2526/2528 2918/2527/2529 2940/2521/2523
f 2940/2521/2523 2918/2527/2529 2925/2522/2524
f 2918/2527/2529 2912/2528/2530 2925/2522/2524
f 2912/2528/2530 2893/2529/2531 2925/2522/2524
f 2928/2515/2518 2914/2530/2532 2916/2523/2525
f 2914/2530/2532 2917/2524/2526 2916/2523/2525
f 2917/2524/2526 2914/2530/2532 2915/2531/2533
f 2920/2525/2527 2917/2524/2526 2915/2531/2533
f 2938/2532/2534 2920/2525/2527 2915/2531/2533
f 2920/2525/2527 2938/2532/2534 2921/2526/2528
f 2938/2532/2534 2951/2533/2535 2921/2526/2528
f 3017/2534/2536 2921/2526/2528 2951/2533/2535
f 3017/2534/2536 2912/2528/2530 2921/2526/2528
f 2912/2528/2530 2918/2527/2529 2921/2526/2528
f 2914/2530/2532 2942/2535/2537 2915/2531/2533
f 2942/2535/2537 2890/2536/2538 2915/2531/2533
f 2890/2536/2538 2954/2537/2539 2915/2531/2533
f 2954/2537/2539 2938/2532/2534 2915/2531/2533
f 2939/2538/2540 2938/2532/2534 2954/2537/2539
f 2939/2538/2540 2951/2533/2535 2938/2532/2534
f 2939/2538/2540 3018/2539/2541 2951/2533/2535
f 3018/2539/2541 3117/2540/2542 2951/2533/2535
f 3117/2540/2542 3017/2534/2536 2951/2533/2535
f 2890/2536/2538 2942/2535/2537 2738/2541/2543
f 2738/2541/2543 2737/2542/2544 2890/2536/2538
f 2737/2542/2544 2954/2537/2539 2890/2536/2538
f 2889/2543/2545 2939/2538/2540 2954/2537/2539
f 2939/2538/2540 2889/2543/2545 3008/2544/2546
f 3008/2544/2546 3018/2539/2541 2939/2538/2540
f 2950/2545/2547 3018/2539/2541 3008/2544/2546
f 3018/2539/2541 2950/2545/2547 3009/2546/2548
f 3117/2540/2542 3018/2539/2541 3009/2546/2548
f 3098/2547/2549 3117/2540/2542 3009/2546/2548
f 3117/2540/2542 3098/2547/2549 3108/2548/2550
f 3097/2549/2551 3117/2540/2542 3108/2548/2550
f 3017/2534/2536 3117/2540/2542 3097/2549/2551
f 2901/2550/2552 2950/2545/2547 3008/2544/2546
f 2950/2545/2547 2901/2550/2552 3009/2546/2548
f 3009/2546/2548 2901/2550/2552 2927/2551/2553
f 3009/2546/2548 2927/2551/2553 2953/2552/2554
f 3098/2547/2549 3009/2546/2548 2953/2552/2554
f 3108/2548/2550 3098/2547/2549 2953/2552/2554
f 2943/2553/2555 3108/2548/2550 2953/2552/2554
f 2943/2553/2555 3109/2554/2556 3108/2548/2550
f 3109/2554/2556 3101/2555/2557 3108/2548/2550
f 3097/2549/2551 3108/2548/2550 3101/2555/2557
f 2927/2551/2553 2901/2550/2552 2867/2556/2558
f 3109/2554/2556 2943/2553/2555 3005/2557/2559
f 3101/2555/2557 3109/2554/2556 3005/2557/2559
f 3005/2557/2559 3016/2558/2560 3101/2555/2557
f 3101/2555/2557 3016/2558/2560 3025/2559/2561
f 3026/2560/2562 3101/2555/2557 3025/2559/2561
f 3097/2549/2551 3101/2555/2557 3026/2560/2562
f 3026/2560/2562 3006/2561/2563 3097/2549/2551
f 3006/2561/2563 3102/2562/2564 3097/2549/2551
f 3102/2562/2564 3017/2534/2536 3097/2549/2551
f 3016/2558/2560 3005/2557/2559 2874/2563/2565
f 2872/2564/2566 3016/2558/2560 2874/2563/2565
f 3016/2558/2560 2872/2564/2566 3025/2559/2561
f 2872/2564/2566 2892/2565/2567 3025/2559/2561
f 3025/2559/2561 2892/2565/2567 3040/2566/2568
f 3041/2567/2569 3025/2559/2561 3040/2566/2568
f 3041/2567/2569 3036/2568/2570 3025/2559/2561
f 3036/2568/2570 3026/2560/2562 3025/2559/2561
f 3026/2560/2562 3036/2568/2570 3037/2569/2571
f 3026/2560/2562 3037/2569/2571 3006/2561/2563
f 3006/2561/2563 3037/2569/2571 3024/2570/2572
f 3006/2561/2563 3024/2570/2572 3023/2571/2573
f 3023/2571/2573 3100/2572/2574 3006/2561/2563
f 3100/2572/2574 3102/2562/2564 3006/2561/2563
f 3041/2567/2569 3040/2566/2568 2978/2573/2575
f 2978/2573/2575 3032/2574/2576 3041/2567/2569
f 3032/2574/2576 3031/2575/2577 3041/2567/2569
f 3031/2575/2577 3036/2568/2570 3041/2567/2569
f 3038/2576/2578 3036/2568/2570 3031/2575/2577
f 3036/2568/2570 3038/2576/2578 3037/2569/2571
f 3037/2569/2571 3038/2576/2578 3024/2570/2572
f 3038/2576/2578 3022/2577/2579 3024/2570/2572
f 3022/2577/2579 3021/2578/2580 3024/2570/2572
f 3024/2570/2572 3021/2578/2580 3023/2571/2573
f 3040/2566/2568 3011/2579/2581 2978/2573/2575
f 3027/2580/2582 2978/2573/2575 3011/2579/2581
f 2992/2581/2583 2978/2573/2575 3027/2580/2582
f 2992/2581/2583 2989/2582/2584 2978/2573/2575
f 2989/2582/2584 3032/2574/2576 2978/2573/2575
f 3032/2574/2576 2989/2582/2584 3031/2575/2577
f 2989/2582/2584 2988/2583/2585 3031/2575/2577
f 2983/2584/2586 3031/2575/2577 2988/2583/2585
f 2983/2584/2586 3038/2576/2578 3031/2575/2577
f 3022/2577/2579 3038/2576/2578 2983/2584/2586
f 3010/2585/2587 3027/2580/2582 3011/2579/2581
f 3027/2580/2582 3010/2585/2587 2990/2586/2588
f 2990/2586/2588 3048/2587/2589 3027/2580/2582
f 3048/2587/2589 3028/2588/2590 3027/2580/2582
f 3028/2588/2590 2992/2581/2583 3027/2580/2582
f 2992/2581/2583 3028/2588/2590 3047/2589/2591
f 2987/2590/2592 2992/2581/2583 3047/2589/2591
f 2989/2582/2584 2992/2581/2583 2987/2590/2592
f 2989/2582/2584 2987/2590/2592 2981/2591/2593
f 2988/2583/2585 2989/2582/2584 2981/2591/2593
f 3010/2585/2587 3039/2592/2594 2990/2586/2588
f 2912/2528/2530 3017/2534/2536 3102/2562/2564
f 2913/2593/2595 2912/2528/2530 3102/2562/2564
f 2941/2594/2596 2912/2528/2530 2913/2593/2595
f 2912/2528/2530 2941/2594/2596 2893/2529/2531
f 2913/2593/2595 3102/2562/2564 3100/2572/2574
f 3099/2595/2597 2913/2593/2595 3100/2572/2574
f 3099/2595/2597 2919/2596/2598 2913/2593/2595
f 2919/2596/2598 2941/2594/2596 2913/2593/2595
f 2919/2596/2598 2911/2597/2599 2941/2594/2596
f 2911/2597/2599 2919/2596/2598 2909/2598/2600
f 2909/2598/2600 2919/2596/2598 2923/2599/2601
f 2923/2599/2601 2919/2596/2598 2900/2600/2602
f 2859/2601/2603 2923/2599/2601 2900/2600/2602
f 3100/2572/2574 3023/2571/2573 3099/2595/2597
f 3021/2578/2580 3099/2595/2597 3023/2571/2573
f 3099/2595/2597 3021/2578/2580 2900/2600/2602
f 2900/2600/2602 2919/2596/2598 3099/2595/2597
f 3021/2578/2580 2891/2602/2604 2900/2600/2602
f 2900/2600/2602 2891/2602/2604 2783/2603/2605
f 2860/2604/2606 2900/2600/2602 2783/2603/2605
f 2900/2600/2602 2860/2604/2606 2859/2601/2603
f 2855/2605/2607 2859/2601/2603 2860/2604/2606
f 2891/2602/2604 3021/2578/2580 3022/2577/2579
f 2744/2606/2608 2891/2602/2604 3022/2577/2579
f 2783/2603/2605 2891/2602/2604 2744/2606/2608
f 2783/2603/2605 2744/2606/2608 2713/2607/2609
f 2783/2603/2605 2713/2607/2609 2715/2608/2610
f 2769/2609/2611 2783/2603/2605 2715/2608/2610
f 2783/2603/2605 2769/2609/2611 2860/2604/2606
f 2769/2609/2611 2858/2610/2612 2860/2604/2606
f 2860/2604/2606 2858/2610/2612 2855/2605/2607
f 2744/2606/2608 3022/2577/2579 2730/2611/2613
f 2730/2611/2613 2773/2612/2614 2744/2606/2608
f 2773/2612/2614 2796/2613/2615 2744/2606/2608
f 2744/2606/2608 2796/2613/2615 2713/2607/2609
f 2713/2607/2609 2796/2613/2615 2784/2614/2616
f 2784/2614/2616 2715/2608/2610 2713/2607/2609
f 2730/2611/2613 3022/2577/2579 2983/2584/2586
f 2730/2611/2613 2983/2584/2586 2976/2615/2617
f 2773/2612/2614 2730/2611/2613 2976/2615/2617
f 2770/2616/2618 2773/2612/2614 2976/2615/2617
f 2773/2612/2614 2770/2616/2618 2747/2617/2619
f 2747/2617/2619 2771/2618/2620 2773/2612/2614
f 2771/2618/2620 2796/2613/2615 2773/2612/2614
f 2796/2613/2615 2771/2618/2620 2784/2614/2616
f 2786/2619/2621 2784/2614/2616 2771/2618/2620
f 2786/2619/2621 2760/2620/2622 2784/2614/2616
f 2760/2620/2622 2715/2608/2610 2784/2614/2616
f 2983/2584/2586 2975/2621/2623 2976/2615/2617
f 2976/2615/2617 2975/2621/2623 2982/2622/2624
f 3042/2623/2625 2976/2615/2617 2982/2622/2624
f 2770/2616/2618 2976/2615/2617 3042/2623/2625
f 2745/2624/2626 2770/2616/2618 3042/2623/2625
f 2745/2624/2626 2748/2625/2627 2770/2616/2618
f 2770/2616/2618 2748/2625/2627 2747/2617/2619
f 2984/2626/2628 2975/2621/2623 2983/2584/2586
f 2975/2621/2623 2984/2626/2628 3044/2627/2629
f 2975/2621/2623 3044/2627/2629 2982/2622/2624
f 2982/2622/2624 3044/2627/2629 2985/2628/2630
f 2985/2628/2630 2986/2629/2631 2982/2622/2624
f 2982/2622/2624 2986/2629/2631 3042/2623/2625
f 3042/2623/2625 2986/2629/2631 2977/2630/2632
f 2746/2631/2633 3042/2623/2625 2977/2630/2632
f 2745/2624/2626 3042/2623/2625 2746/2631/2633
f 2984/2626/2628 2983/2584/2586 2988/2583/2585
f 2984/2626/2628 2988/2583/2585 3044/2627/2629
f 3045/2632/2634 3044/2627/2629 2988/2583/2585
f 3044/2627/2629 3045/2632/2634 2985/2628/2630
f 3033/2633/2635 2985/2628/2630 3045/2632/2634
f 3033/2633/2635 2979/2488/2492 2985/2628/2630
f 2979/2488/2492 2986/2629/2631 2985/2628/2630
f 3034/2487/2491 2986/2629/2631 2979/2488/2492
f 2986/2629/2631 3034/2487/2491 2977/2630/2632
f 3035/2486/2490 2977/2630/2632 3034/2487/2491
f 3035/2486/2490 2761/2634/2636 2977/2630/2632
f 2761/2634/2636 2746/2631/2633 2977/2630/2632
f 2761/2634/2636 2745/2624/2626 2746/2631/2633
f 2988/2583/2585 2981/2591/2593 3045/2632/2634
f 2981/2591/2593 3030/2635/535 3045/2632/2634
f 3030/2635/535 3033/2633/2635 3045/2632/2634
f 3030/2635/535 2981/2591/2593 2991/2636/2637
f 2981/2591/2593 2987/2590/2592 2991/2636/2637
f 2991/2636/2637 2987/2590/2592 3046/2637/2638
f 2987/2590/2592 3047/2589/2591 3046/2637/2638
f 3046/2637/2638 3047/2589/2591 3029/2638/548
f 3047/2589/2591 2994/2639/2639 3029/2638/548
f 2994/2639/2639 2995/2640/555 3029/2638/548
f 2995/2640/555 2994/2639/2639 3048/2587/2589
f 2994/2639/2639 3028/2588/2590 3048/2587/2589
f 3047/2589/2591 3028/2588/2590 2994/2639/2639
f 2761/2634/2636 3035/2486/2490 2772/2493/2497
f 2774/2641/2640 2761/2634/2636 2772/2493/2497
f 2745/2624/2626 2761/2634/2636 2774/2641/2640
f 2774/2641/2640 2748/2625/2627 2745/2624/2626
f 2774/2641/2640 2763/2642/2641 2748/2625/2627
f 2763/2642/2641 2747/2617/2619 2748/2625/2627
f 2747/2617/2619 2763/2642/2641 2786/2619/2621
f 2747/2617/2619 2786/2619/2621 2771/2618/2620
f 2774/2641/2640 2772/2493/2497 2759/2498/2502
f 2760/2620/2622 2774/2641/2640 2759/2498/2502
f 2774/2641/2640 2760/2620/2622 2763/2642/2641
f 2760/2620/2622 2786/2619/2621 2763/2642/2641
f 2759/2498/2502 2731/2508/2512 2760/2620/2622
f 2731/2508/2512 2715/2608/2610 2760/2620/2622
f 2715/2608/2610 2731/2508/2512 2857/2643/2642
f 2715/2608/2610 2857/2643/2642 2769/2609/2611
f 2769/2609/2611 2857/2643/2642 2858/2610/2612
f 2858/2610/2612 2857/2643/2642 2853/2644/2643
f 2854/2645/2644 2858/2610/2612 2853/2644/2643
f 2858/2610/2612 2854/2645/2644 2855/2605/2607
f 2731/2508/2512 2838/2512/2515 2857/2643/2642
f 2838/2512/2515 2843/2511/2514 2857/2643/2642
f 2843/2511/2514 2853/2644/2643 2857/2643/2642
f 2853/2644/2643 2843/2511/2514 2827/2646/2645
f 2837/2647/2646 2853/2644/2643 2827/2646/2645
f 2853/2644/2643 2837/2647/2646 2846/2648/2647
f 2854/2645/2644 2853/2644/2643 2846/2648/2647
f 2852/2649/2648 2854/2645/2644 2846/2648/2647
f 2850/2650/2649 2854/2645/2644 2852/2649/2648
f 2850/2650/2649 2855/2605/2607 2854/2645/2644
f 2850/2650/2649 2849/2651/2650 2855/2605/2607
f 2844/2652/2651 2849/2651/2650 2850/2650/2649
f 2839/2510/2503 2827/2646/2645 2843/2511/2514
f 2839/2510/2503 2821/2653/2652 2827/2646/2645
f 2821/2653/2652 2823/2654/2653 2827/2646/2645
f 2837/2647/2646 2827/2646/2645 2823/2654/2653
f 2820/2655/2654 2837/2647/2646 2823/2654/2653
f 2824/2656/2655 2837/2647/2646 2820/2655/2654
f 2837/2647/2646 2824/2656/2655 2847/2657/2656
f 2846/2648/2647 2837/2647/2646 2847/2657/2656
f 2846/2648/2647 2847/2657/2656 2841/2658/2657
f 2852/2649/2648 2846/2648/2647 2841/2658/2657
f 2851/2659/2658 2852/2649/2648 2841/2658/2657
f 2851/2659/2658 2850/2650/2649 2852/2649/2648
f 2851/2659/2658 2844/2652/2651 2850/2650/2649
f 2845/2660/2659 2844/2652/2651 2851/2659/2658
f 2823/2654/2653 2821/2653/2652 2776/2661/2660
f 2788/2662/2661 2823/2654/2653 2776/2661/2660
f 2820/2655/2654 2823/2654/2653 2788/2662/2661
f 2820/2655/2654 2788/2662/2661 2818/2663/2662
f 2818/2663/2662 2824/2656/2655 2820/2655/2654
f 2824/2656/2655 2818/2663/2662 2831/2664/2663
f 2826/2665/2664 2824/2656/2655 2831/2664/2663
f 2824/2656/2655 2826/2665/2664 2847/2657/2656
f 2818/2663/2662 2788/2662/2661 2831/2664/2663
f 2826/2665/2664 2832/2666/2665 2847/2657/2656
f 2832/2666/2665 2815/2667/2666 2847/2657/2656
f 2815/2667/2666 2829/2668/2667 2847/2657/2656
f 2829/2668/2667 2840/2669/2668 2847/2657/2656
f 2840/2669/2668 2841/2658/2657 2847/2657/2656
f 2842/2670/2669 2841/2658/2657 2840/2669/2668
f 2842/2670/2669 2851/2659/2658 2841/2658/2657
f 2842/2670/2669 2845/2660/2659 2851/2659/2658
f 2829/2668/2667 2815/2667/2666 2814/2671/2670
f 2848/2672/2671 2829/2668/2667 2814/2671/2670
f 2829/2668/2667 2848/2672/2671 2840/2669/2668
f 2848/2672/2671 2845/2660/2659 2840/2669/2668
f 2845/2660/2659 2842/2670/2669 2840/2669/2668
s 29
f 2910/2673/2672 2876/2674/2673 2933/2675/2674
f 2908/2676/2524 2876/2674/2673 2910/2673/2672
f 2924/2677/2675 2908/2676/2524 2910/2673/2672
f 2885/2678/2676 2908/2676/2524 2924/2677/2675
f 2878/2679/2677 2885/2678/2676 2924/2677/2675
f 2885/2678/2676 2878/2679/2677 2883/2680/2678
f 2882/2681/2433 2885/2678/2676 2883/2680/2678
f 2882/2681/2433 2883/2680/2678 2886/2682/2679
f 2884/2683/2680 2882/2681/2433 2886/2682/2679
f 2910/2673/2672 2947/2684/2681 2924/2677/2675
f 2924/2677/2675 2947/2684/2681 2878/2679/2677
f 2947/2684/2681 2926/2685/2682 2878/2679/2677
f 2878/2679/2677 2926/2685/2682 2875/2686/2683
f 2878/2679/2677 2875/2686/2683 2883/2680/2678
f 2875/2686/2683 2879/2687/2684 2883/2680/2678
f 2879/2687/2684 2886/2682/2679 2883/2680/2678
f 2888/2688/2685 2886/2682/2679 2879/2687/2684
f 2884/2683/2680 2886/2682/2679 2888/2688/2685
f 2871/2689/2686 2884/2683/2680 2888/2688/2685
f 2856/2690/2452 2884/2683/2680 2871/2689/2686
f 2871/2689/2686 2880/2691/2687 2856/2690/2452
f 2880/2691/2687 2873/2692/2688 2856/2690/2452
f 2926/2685/2682 2877/2693/2689 2875/2686/2683
f 2877/2693/2689 2948/2694/2690 2875/2686/2683
f 2879/2687/2684 2875/2686/2683 2948/2694/2690
f 2948/2694/2690 2887/2695/2691 2879/2687/2684
f 2879/2687/2684 2887/2695/2691 2888/2688/2685
f 2887/2695/2691 2895/2696/2692 2888/2688/2685
f 2871/2689/2686 2888/2688/2685 2895/2696/2692
f 2880/2691/2687 2871/2689/2686 2895/2696/2692
f 2880/2691/2687 2895/2696/2692 2903/2697/2693
f 2880/2691/2687 2903/2697/2693 2935/2698/2694
f 2880/2691/2687 2935/2698/2694 2873/2692/2688
f 2948/2694/2690 2877/2693/2689 2945/2699/2695
f 2945/2699/2695 2870/2700/2696 2948/2694/2690
f 2887/2695/2691 2948/2694/2690 2870/2700/2696
f 2887/2695/2691 2870/2700/2696 2881/2701/2697
f 2895/2696/2692 2887/2695/2691 2881/2701/2697
f 2895/2696/2692 2881/2701/2697 2903/2697/2693
f 2881/2701/2697 2899/2702/2698 2903/2697/2693
f 2899/2702/2698 2929/2703/2699 2903/2697/2693
f 2903/2697/2693 2929/2703/2699 2944/2704/2700
f 2903/2697/2693 2944/2704/2700 2935/2698/2694
f 2935/2698/2694 2944/2704/2700 2936/2705/2701
f 2944/2704/2700 2869/2706/2702 2936/2705/2701
f 2870/2700/2696 2945/2699/2695 2930/2707/2703
f 2956/2708/2704 2870/2700/2696 2930/2707/2703
f 2881/2701/2697 2870/2700/2696 2956/2708/2704
f 2899/2702/2698 2881/2701/2697 2956/2708/2704
f 2899/2702/2698 2956/2708/2704 2930/2707/2703
f 2906/2709/2705 2899/2702/2698 2930/2707/2703
f 2929/2703/2699 2899/2702/2698 2906/2709/2705
f 2937/2710/2706 2929/2703/2699 2906/2709/2705
f 2929/2703/2699 2937/2710/2706 2932/2711/2707
f 2955/2712/2708 2929/2703/2699 2932/2711/2707
f 2929/2703/2699 2955/2712/2708 2944/2704/2700
f 2944/2704/2700 2955/2712/2708 2869/2706/2702
f 2955/2712/2708 2868/2713/2709 2869/2706/2702
f 2945/2699/2695 2897/2714/2710 2930/2707/2703
f 2897/2714/2710 2904/2715/2711 2930/2707/2703
f 2930/2707/2703 2904/2715/2711 2898/2716/2712
f 2906/2709/2705 2930/2707/2703 2898/2716/2712
f 2898/2716/2712 2946/2717/2713 2906/2709/2705
f 2946/2717/2713 2937/2710/2706 2906/2709/2705
f 2937/2710/2706 2946/2717/2713 2905/2718/2714
f 2932/2711/2707 2937/2710/2706 2905/2718/2714
f 2905/2718/2714 2958/2719/2715 2932/2711/2707
f 2955/2712/2708 2932/2711/2707 2958/2719/2715
f 2868/2713/2709 2955/2712/2708 2958/2719/2715
f 2897/2714/2710 2945/2699/2695 2949/2720/2716
f 2957/2721/2717 2897/2714/2710 2949/2720/2716
f 2897/2714/2710 2957/2721/2717 2904/2715/2711
f 2957/2721/2717 2898/2716/2712 2904/2715/2711
f 2957/2721/2717 2931/2722/2718 2898/2716/2712
f 2931/2722/2718 2946/2717/2713 2898/2716/2712
f 2931/2722/2718 2896/2723/2719 2946/2717/2713
f 2896/2723/2719 2905/2718/2714 2946/2717/2713
f 2896/2723/2719 2959/2724/2720 2905/2718/2714
f 2959/2724/2720 2958/2719/2715 2905/2718/2714
f 2894/2725/2721 2957/2721/2717 2949/2720/2716
f 2931/2722/2718 2957/2721/2717 2894/2725/2721
f 2922/2726/2722 2931/2722/2718 2894/2725/2721
f 2931/2722/2718 2922/2726/2722 2907/2727/2672
f 2896/2723/2719 2931/2722/2718 2907/2727/2672
f 2907/2727/2672 2934/2728/2596 2896/2723/2719
f 2934/2728/2596 2959/2724/2720 2896/2723/2719
s 30
f 3075/2729/2723 3077/2730/2724 1479/2731/2725
f 1526/2732/2726 3075/2729/2723 1479/2731/2725
f 1526/2732/2726 1530/2733/2727 3075/2729/2723
f 1530/2733/2727 3076/2734/2728 3075/2729/2723
f 3076/2734/2728 1530/2733/2727 1584/2735/2729
f 3076/2734/2728 1584/2735/2729 3074/2736/2730
f 1526/2732/2726 1479/2731/2725 1525/2737/2731
f 1526/2732/2726 1525/2737/2731 1530/2733/2727
f 1525/2737/2731 1466/2738/2732 1530/2733/2727
f 1530/2733/2727 1466/2738/2732 1584/2735/2729
f 1466/2738/2732 1587/2739/2733 1584/2735/2729
f 1587/2739/2733 1523/2740/2734 1584/2735/2729
f 1523/2740/2734 1495/2741/2735 1584/2735/2729
f 1584/2735/2729 1495/2741/2735 3074/2736/2730
f 1479/2731/2725 1476/2742/2736 1525/2737/2731
f 3135/2743/2737 1525/2737/2731 1476/2742/2736
f 3124/2744/2738 1525/2737/2731 3135/2743/2737
f 1525/2737/2731 3124/2744/2738 1466/2738/2732
f 3124/2744/2738 1585/2745/2739 1466/2738/2732
f 1585/2745/2739 1587/2739/2733 1466/2738/2732
f 1585/2745/2739 1524/2746/2740 1587/2739/2733
f 1524/2746/2740 1523/2740/2734 1587/2739/2733
f 1524/2746/2740 3147/2747/2741 1523/2740/2734
f 3147/2747/2741 1468/2748/2742 1523/2740/2734
f 1495/2741/2735 1523/2740/2734 1468/2748/2742
f 1484/2749/2743 1495/2741/2735 1468/2748/2742
f 1484/2749/2743 3074/2736/2730 1495/2741/2735
f 3135/2743/2737 3125/2750/2744 3124/2744/2738
f 3124/2744/2738 3125/2750/2744 3213/2751/2745
f 3124/2744/2738 3213/2751/2745 3214/2752/2746
f 1585/2745/2739 3124/2744/2738 3214/2752/2746
f 1585/2745/2739 3214/2752/2746 3146/2753/2747
f 1524/2746/2740 1585/2745/2739 3146/2753/2747
f 1524/2746/2740 3146/2753/2747 3142/2754/2748
f 3147/2747/2741 1524/2746/2740 3142/2754/2748
f 3067/2755/2749 3125/2750/2744 3135/2743/2737
f 3125/2750/2744 3067/2755/2749 1532/2756/2750
f 3213/2751/2745 3125/2750/2744 1532/2756/2750
f 3130/2757/2751 3213/2751/2745 1532/2756/2750
f 3213/2751/2745 3130/2757/2751 3214/2752/2746
f 3130/2757/2751 3131/2758/2752 3214/2752/2746
f 3214/2752/2746 3131/2758/2752 3146/2753/2747
f 3131/2758/2752 3150/2759/2753 3146/2753/2747
f 3146/2753/2747 3150/2759/2753 3142/2754/2748
f 3150/2759/2753 3149/2760/2754 3142/2754/2748
f 3142/2754/2748 3149/2760/2754 3127/2761/2755
f 3147/2747/2741 3142/2754/2748 3127/2761/2755
f 3067/2755/2749 3143/2762/2756 1532/2756/2750
f 3179/2763/2757 1532/2756/2750 3143/2762/2756
f 1532/2756/2750 3179/2763/2757 3130/2757/2751
f 3130/2757/2751 3179/2763/2757 3205/2764/2758
f 3205/2764/2758 3196/2765/2759 3130/2757/2751
f 3196/2765/2759 3131/2758/2752 3130/2757/2751
f 3196/2765/2759 3178/2766/2760 3131/2758/2752
f 3178/2766/2760 3150/2759/2753 3131/2758/2752
f 3150/2759/2753 3178/2766/2760 3149/2760/2754
f 3179/2763/2757 3143/2762/2756 3203/2767/2761
f 3203/2767/2761 3177/2768/2762 3179/2763/2757
f 3177/2768/2762 3194/2769/2763 3179/2763/2757
f 3179/2763/2757 3194/2769/2763 3205/2764/2758
f 3194/2769/2763 3204/2770/2764 3205/2764/2758
f 3204/2770/2764 3193/2771/2765 3205/2764/2758
f 3193/2771/2765 3196/2765/2759 3205/2764/2758
f 3178/2766/2760 3196/2765/2759 3193/2771/2765
f 3176/2772/2766 3178/2766/2760 3193/2771/2765
f 3175/2773/2767 3178/2766/2760 3176/2772/2766
f 3178/2766/2760 3175/2773/2767 3149/2760/2754
f 3175/2773/2767 3219/2774/2768 3149/2760/2754
f 3219/2774/2768 3132/2775/2769 3149/2760/2754
f 3149/2760/2754 3132/2775/2769 3127/2761/2755
f 3220/2776/2770 3175/2773/2767 3176/2772/2766
f 3175/2773/2767 3220/2776/2770 3219/2774/2768
f 3220/2776/2770 3218/2777/2771 3219/2774/2768
f 3219/2774/2768 3218/2777/2771 3511/2778/2772
f 3219/2774/2768 3511/2778/2772 3132/2775/2769
f 3511/2778/2772 3217/2779/2773 3132/2775/2769
f 3132/2775/2769 3217/2779/2773 3126/2780/2774
f 3127/2761/2755 3132/2775/2769 3126/2780/2774
f 3212/2781/2775 3127/2761/2755 3126/2780/2774
f 3212/2781/2775 3147/2747/2741 3127/2761/2755
f 3147/2747/2741 3212/2781/2775 1468/2748/2742
f 3218/2777/2771 3522/2782/2776 3511/2778/2772
f 3511/2778/2772 3522/2782/2776 3496/2783/2777
f 3511/2778/2772 3496/2783/2777 3217/2779/2773
f 3496/2783/2777 3216/2784/2778 3217/2779/2773
f 3217/2779/2773 3216/2784/2778 3126/2780/2774
f 3216/2784/2778 3129/2785/2779 3126/2780/2774
f 1494/2786/2780 3126/2780/2774 3129/2785/2779
f 1494/2786/2780 3212/2781/2775 3126/2780/2774
f 3212/2781/2775 1494/2786/2780 1482/2787/2781
f 3212/2781/2775 1482/2787/2781 1468/2748/2742
f 1482/2787/2781 1469/2788/2782 1468/2748/2742
f 1469/2788/2782 1484/2749/2743 1468/2748/2742
f 3522/2782/2776 3270/2789/2783 3496/2783/2777
f 3496/2783/2777 3270/2789/2783 3271/2790/2784
f 3496/2783/2777 3271/2790/2784 3216/2784/2778
f 3271/2790/2784 3256/2791/2785 3216/2784/2778
f 3216/2784/2778 3256/2791/2785 3215/2792/2786
f 3129/2785/2779 3216/2784/2778 3215/2792/2786
f 1489/2793/2787 3129/2785/2779 3215/2792/2786
f 1489/2793/2787 1494/2786/2780 3129/2785/2779
f 1494/2786/2780 1489/2793/2787 1520/2794/2788
f 1494/2786/2780 1520/2794/2788 1482/2787/2781
f 1482/2787/2781 1520/2794/2788 1469/2788/2782
f 3270/2789/2783 3269/2795/2789 3271/2790/2784
f 3269/2795/2789 3266/2796/2790 3271/2790/2784
f 3266/2796/2790 3508/2797/2791 3271/2790/2784
f 3271/2790/2784 3508/2797/2791 3256/2791/2785
f 3508/2797/2791 3259/2798/2792 3256/2791/2785
f 3256/2791/2785 3259/2798/2792 3151/2799/2793
f 3215/2792/2786 3256/2791/2785 3151/2799/2793
f 3238/2800/2794 3215/2792/2786 3151/2799/2793
f 3238/2800/2794 1489/2793/2787 3215/2792/2786
f 1489/2793/2787 3238/2800/2794 1485/2801/2795
f 1489/2793/2787 1485/2801/2795 1520/2794/2788
f 1520/2794/2788 1485/2801/2795 1487/2802/2796
f 1520/2794/2788 1487/2802/2796 1469/2788/2782
f 3508/2797/2791 3266/2796/2790 3267/2803/2797
f 3264/2804/2798 3508/2797/2791 3267/2803/2797
f 3264/2804/2798 3261/2805/2799 3508/2797/2791
f 3261/2805/2799 3259/2798/2792 3508/2797/2791
f 3259/2798/2792 3261/2805/2799 3145/2806/2800
f 3151/2799/2793 3259/2798/2792 3145/2806/2800
f 3251/2807/2801 3151/2799/2793 3145/2806/2800
f 3251/2807/2801 3238/2800/2794 3151/2799/2793
f 3238/2800/2794 3251/2807/2801 3244/2808/2802
f 3238/2800/2794 3244/2808/2802 1485/2801/2795
f 1485/2801/2795 3244/2808/2802 1490/2809/2803
f 1485/2801/2795 1490/2809/2803 1487/2802/2796
f 3267/2803/2797 3263/2810/2804 3264/2804/2798
f 3263/2810/2804 3268/2811/2805 3264/2804/2798
f 3264/2804/2798 3268/2811/2805 3260/2812/2806
f 3261/2805/2799 3264/2804/2798 3260/2812/2806
f 3261/2805/2799 3260/2812/2806 3145/2806/2800
f 3260/2812/2806 3128/2813/2807 3145/2806/2800
f 3145/2806/2800 3128/2813/2807 3258/2814/2808
f 3455/2815/2809 3145/2806/2800 3258/2814/2808
f 3455/2815/2809 3251/2807/2801 3145/2806/2800
f 3251/2807/2801 3455/2815/2809 3242/2816/2810
f 3251/2807/2801 3242/2816/2810 3244/2808/2802
f 3509/2817/2811 3268/2811/2805 3263/2810/2804
f 3268/2811/2805 3509/2817/2811 3486/2818/2812
f 3486/2818/2812 3485/2819/2813 3268/2811/2805
f 3485/2819/2813 3260/2812/2806 3268/2811/2805
f 3260/2812/2806 3485/2819/2813 3258/2814/2808
f 3260/2812/2806 3258/2814/2808 3128/2813/2807
f 3486/2818/2812 3509/2817/2811 3479/2820/2814
f 3481/2821/2815 3486/2818/2812 3479/2820/2814
f 3484/2822/2816 3486/2818/2812 3481/2821/2815
f 3486/2818/2812 3484/2822/2816 3485/2819/2813
f 3484/2822/2816 3483/2823/2817 3485/2819/2813
f 3502/2824/2818 3485/2819/2813 3483/2823/2817
f 3502/2824/2818 3262/2825/2819 3485/2819/2813
f 3262/2825/2819 3258/2814/2808 3485/2819/2813
f 3262/2825/2819 3136/2826/2820 3258/2814/2808
f 3455/2815/2809 3258/2814/2808 3136/2826/2820
f 3479/2820/2814 3480/2827/2821 3481/2821/2815
f 3480/2827/2821 3490/2828/2822 3481/2821/2815
f 3481/2821/2815 3490/2828/2822 3477/2829/2823
f 3482/2830/2824 3481/2821/2815 3477/2829/2823
f 3482/2830/2824 3484/2822/2816 3481/2821/2815
f 3482/2830/2824 3497/2831/2825 3484/2822/2816
f 3483/2823/2817 3484/2822/2816 3497/2831/2825
f 3507/2832/2826 3483/2823/2817 3497/2831/2825
f 3507/2832/2826 3499/2833/2827 3483/2823/2817
f 3499/2833/2827 3502/2824/2818 3483/2823/2817
f 3490/2828/2822 3480/2827/2821 1542/2834/2828
f 1543/2835/2829 3490/2828/2822 1542/2834/2828
f 3490/2828/2822 1543/2835/2829 3477/2829/2823
f 1543/2835/2829 1570/2836/2830 3477/2829/2823
f 1570/2836/2830 1340/2837/2831 3477/2829/2823
f 3477/2829/2823 1340/2837/2831 3498/2838/2832
f 3497/2831/2825 3477/2829/2823 3498/2838/2832
f 3497/2831/2825 3482/2830/2824 3477/2829/2823
f 1543/2835/2829 1542/2834/2828 1551/2839/2833
f 1543/2835/2829 1551/2839/2833 1554/2840/2834
f 1570/2836/2830 1543/2835/2829 1554/2840/2834
f 1340/2837/2831 1570/2836/2830 1554/2840/2834
f 1340/2837/2831 1554/2840/2834 1569/2841/2835
f 1341/2842/2836 1340/2837/2831 1569/2841/2835
f 1341/2842/2836 1598/2843/2837 1340/2837/2831
f 1598/2843/2837 3498/2838/2832 1340/2837/2831
f 3497/2831/2825 3498/2838/2832 1598/2843/2837
f 3507/2832/2826 3497/2831/2825 1598/2843/2837
f 1542/2834/2828 1339/2844/2838 1551/2839/2833
f 1551/2839/2833 1339/2844/2838 1329/2845/2839
f 1552/2846/2840 1551/2839/2833 1329/2845/2839
f 1551/2839/2833 1552/2846/2840 1554/2840/2834
f 1552/2846/2840 1569/2841/2835 1554/2840/2834
f 1569/2841/2835 1552/2846/2840 1534/2847/2841
f 1577/2848/2842 1569/2841/2835 1534/2847/2841
f 1577/2848/2842 1341/2842/2836 1569/2841/2835
f 1341/2842/2836 1577/2848/2842 1580/2849/2843
f 1341/2842/2836 1580/2849/2843 1598/2843/2837
f 1580/2849/2843 3507/2832/2826 1598/2843/2837
f 3499/2833/2827 3507/2832/2826 1580/2849/2843
f 1594/2850/2844 1329/2845/2839 1339/2844/2838
f 1329/2845/2839 1594/2850/2844 1603/2851/2845
f 1322/2852/2846 1329/2845/2839 1603/2851/2845
f 1329/2845/2839 1322/2852/2846 1334/2853/2847
f 1334/2853/2847 1552/2846/2840 1329/2845/2839
f 1595/2854/2848 1552/2846/2840 1334/2853/2847
f 1534/2847/2841 1552/2846/2840 1595/2854/2848
f 1316/2855/2849 1534/2847/2841 1595/2854/2848
f 1534/2847/2841 1316/2855/2849 1579/2856/2850
f 1534/2847/2841 1579/2856/2850 1577/2848/2842
f 1579/2856/2850 1580/2849/2843 1577/2848/2842
f 3499/2833/2827 1580/2849/2843 1579/2856/2850
f 3502/2824/2818 3499/2833/2827 1579/2856/2850
f 1594/2850/2844 1600/2857/2851 1603/2851/2845
f 1603/2851/2845 1600/2857/2851 1331/2858/2852
f 1333/2859/2853 1603/2851/2845 1331/2858/2852
f 1603/2851/2845 1333/2859/2853 1323/2860/2854
f 1323/2860/2854 1322/2852/2846 1603/2851/2845
f 1322/2852/2846 1323/2860/2854 2362/2861/2855
f 1382/2862/2856 1322/2852/2846 2362/2861/2855
f 1334/2853/2847 1322/2852/2846 1382/2862/2856
f 1353/2863/2857 1334/2853/2847 1382/2862/2856
f 1353/2863/2857 1595/2854/2848 1334/2853/2847
f 1328/2864/2858 1333/2859/2853 1331/2858/2852
f 1333/2859/2853 1328/2864/2858 1324/2865/2859
f 1326/2866/2860 1333/2859/2853 1324/2865/2859
f 1323/2860/2854 1333/2859/2853 1326/2866/2860
f 1326/2866/2860 2362/2861/2855 1323/2860/2854
f 1327/2867/2861 1328/2864/2858 1331/2858/2852
f 1328/2864/2858 1327/2867/2861 1332/2868/2862
f 1328/2864/2858 1332/2868/2862 1581/2869/2863
f 1324/2865/2859 1328/2864/2858 1581/2869/2863
f 1324/2865/2859 1581/2869/2863 1302/2870/2864
f 1324/2865/2859 1302/2870/2864 1602/2871/2865
f 1326/2866/2860 1324/2865/2859 1602/2871/2865
f 1602/2871/2865 2362/2861/2855 1326/2866/2860
f 1327/2867/2861 1331/2858/2852 1593/2872/2866
f 1327/2867/2861 1590/2873/2867 1332/2868/2862
f 1590/2873/2867 1592/2874/2868 1332/2868/2862
f 1592/2874/2868 1330/2875/2869 1332/2868/2862
f 1332/2868/2862 1330/2875/2869 1387/2876/2870
f 1581/2869/2863 1332/2868/2862 1387/2876/2870
f 1581/2869/2863 1387/2876/2870 1306/2877/2871
f 1581/2869/2863 1306/2877/2871 1302/2870/2864
f 1302/2870/2864 1306/2877/2871 1304/2878/2872
f 1336/2879/2873 1302/2870/2864 1304/2878/2872
f 1336/2879/2873 1604/2880/2874 1302/2870/2864
f 1302/2870/2864 1604/2880/2874 1602/2871/2865
f 1592/2874/2868 1317/2881/2875 1330/2875/2869
f 1317/2881/2875 1315/2882/2876 1330/2875/2869
f 1330/2875/2869 1315/2882/2876 1386/2883/2877
f 1387/2876/2870 1330/2875/2869 1386/2883/2877
f 1387/2876/2870 1386/2883/2877 1355/2884/2878
f 1354/2885/2879 1387/2876/2870 1355/2884/2878
f 1387/2876/2870 1354/2885/2879 1306/2877/2871
f 1306/2877/2871 1354/2885/2879 1347/2886/2880
f 1304/2878/2872 1306/2877/2871 1347/2886/2880
f 1317/2881/2875 1464/2887/2881 1315/2882/2876
f 1464/2887/2881 1463/2888/2882 1315/2882/2876
f 1315/2882/2876 1463/2888/2882 1358/2889/2883
f 1386/2883/2877 1315/2882/2876 1358/2889/2883
f 1355/2884/2878 1386/2883/2877 1358/2889/2883
f 1383/2890/2884 1355/2884/2878 1358/2889/2883
f 1355/2884/2878 1383/2890/2884 1349/2891/2885
f 1388/2892/2886 1355/2884/2878 1349/2891/2885
f 1354/2885/2879 1355/2884/2878 1388/2892/2886
f 1347/2886/2880 1354/2885/2879 1388/2892/2886
f 1464/2887/2881 1359/2893/2887 1463/2888/2882
f 1359/2893/2887 1467/2894/2888 1463/2888/2882
f 1463/2888/2882 1467/2894/2888 1357/2895/2889
f 1358/2889/2883 1463/2888/2882 1357/2895/2889
f 1358/2889/2883 1357/2895/2889 1383/2890/2884
f 1357/2895/2889 1344/2896/2890 1383/2890/2884
f 1383/2890/2884 1344/2896/2890 1371/2897/2891
f 1349/2891/2885 1383/2890/2884 1371/2897/2891
f 1349/2891/2885 1371/2897/2891 1363/2898/2892
f 1349/2891/2885 1363/2898/2892 1388/2892/2886
f 1363/2898/2892 1389/2899/2893 1388/2892/2886
f 1388/2892/2886 1389/2899/2893 1347/2886/2880
f 1467/2894/2888 1359/2893/2887 1582/2900/2894
f 1467/2894/2888 1582/2900/2894 1357/2895/2889
f 1582/2900/2894 1384/2901/2895 1357/2895/2889
f 1384/2901/2895 1346/2902/2896 1357/2895/2889
f 1346/2902/2896 1344/2896/2890 1357/2895/2889
f 1344/2896/2890 1346/2902/2896 1351/2903/2897
f 1371/2897/2891 1344/2896/2890 1351/2903/2897
f 1351/2903/2897 1361/2904/2898 1371/2897/2891
f 1361/2904/2898 1390/2905/2899 1371/2897/2891
f 1371/2897/2891 1390/2905/2899 1363/2898/2892
f 1359/2893/2887 1465/2906/2900 1582/2900/2894
f 1582/2900/2894 1465/2906/2900 1583/2907/2901
f 1582/2900/2894 1583/2907/2901 1384/2901/2895
f 1583/2907/2901 1440/2908/2902 1384/2901/2895
f 1384/2901/2895 1440/2908/2902 1346/2902/2896
f 1440/2908/2902 1352/2909/2903 1346/2902/2896
f 1346/2902/2896 1352/2909/2903 1392/2910/2904
f 1351/2903/2897 1346/2902/2896 1392/2910/2904
f 1392/2910/2904 1364/2911/2905 1351/2903/2897
f 1364/2911/2905 1361/2904/2898 1351/2903/2897
f 1391/2912/2906 1361/2904/2898 1364/2911/2905
f 1390/2905/2899 1361/2904/2898 1391/2912/2906
f 1465/2906/2900 1586/2913/2907 1583/2907/2901
f 1583/2907/2901 1586/2913/2907 1597/2914/2908
f 1583/2907/2901 1597/2914/2908 1345/2915/2909
f 1440/2908/2902 1583/2907/2901 1345/2915/2909
f 1440/2908/2902 1345/2915/2909 1352/2909/2903
f 1345/2915/2909 1356/2916/2910 1352/2909/2903
f 1352/2909/2903 1356/2916/2910 1472/2917/2911
f 1392/2910/2904 1352/2909/2903 1472/2917/2911
f 1364/2911/2905 1392/2910/2904 1472/2917/2911
f 1393/2918/2912 1364/2911/2905 1472/2917/2911
f 1364/2911/2905 1393/2918/2912 1366/2919/2913
f 1366/2919/2913 1391/2912/2906 1364/2911/2905
f 1586/2913/2907 1601/2920/2914 1597/2914/2908
f 1511/2921/2915 1597/2914/2908 1601/2920/2914
f 1511/2921/2915 1491/2922/2916 1597/2914/2908
f 1491/2922/2916 1345/2915/2909 1597/2914/2908
f 1356/2916/2910 1345/2915/2909 1491/2922/2916
f 1481/2923/2917 1356/2916/2910 1491/2922/2916
f 1481/2923/2917 1474/2924/2918 1356/2916/2910
f 1474/2924/2918 1472/2917/2911 1356/2916/2910
f 1472/2917/2911 1474/2924/2918 1473/2925/2919
f 1393/2918/2912 1472/2917/2911 1473/2925/2919
f 1367/2926/2920 1393/2918/2912 1473/2925/2919
f 1393/2918/2912 1367/2926/2920 1366/2919/2913
f 1510/2927/2921 1511/2921/2915 1601/2920/2914
f 1511/2921/2915 1510/2927/2921 1493/2928/2922
f 1511/2921/2915 1493/2928/2922 1491/2922/2916
f 1493/2928/2922 1519/2929/2923 1491/2922/2916
f 1481/2923/2917 1491/2922/2916 1519/2929/2923
f 1507/2930/2749 1481/2923/2917 1519/2929/2923
f 1474/2924/2918 1481/2923/2917 1507/2930/2749
f 1478/2931/2737 1474/2924/2918 1507/2930/2749
f 1480/2932/2924 1474/2924/2918 1478/2931/2737
f 1474/2924/2918 1480/2932/2924 1473/2925/2919
f 1473/2925/2919 1480/2932/2924 1506/2933/2925
f 1506/2933/2925 1367/2926/2920 1473/2925/2919
f 1510/2927/2921 1492/2934/2926 1493/2928/2922
f 1478/2931/2737 1477/2935/2736 1480/2932/2924
f 1477/2935/2736 1505/2936/2927 1480/2932/2924
f 1505/2936/2927 1496/2937/2928 1480/2932/2924
f 1480/2932/2924 1496/2937/2928 1506/2933/2925
f 1496/2937/2928 3080/2938/2929 1506/2933/2925
f 3080/2938/2929 3092/2939/2930 1506/2933/2925
f 1367/2926/2920 1506/2933/2925 3092/2939/2930
f 1367/2926/2920 3092/2939/2930 1366/2919/2913
f 3092/2939/2930 3091/2940/2931 1366/2919/2913
f 1391/2912/2906 1366/2919/2913 3091/2940/2931
f 1496/2937/2928 1505/2936/2927 3080/2938/2929
f 1505/2936/2927 3078/2941/2932 3080/2938/2929
f 1391/2912/2906 3091/2940/2931 3093/2942/2933
f 1374/2943/2934 1391/2912/2906 3093/2942/2933
f 1374/2943/2934 1390/2905/2899 1391/2912/2906
f 1390/2905/2899 1374/2943/2934 1362/2944/2935
f 1363/2898/2892 1390/2905/2899 1362/2944/2935
f 1363/2898/2892 1362/2944/2935 1350/2945/2936
f 1389/2899/2893 1363/2898/2892 1350/2945/2936
f 1374/2943/2934 3093/2942/2933 1362/2944/2935
f 1350/2945/2936 1362/2944/2935 3093/2942/2933
f 3115/2946/2937 1350/2945/2936 3093/2942/2933
f 1350/2945/2936 3115/2946/2937 1365/2947/2938
f 1365/2947/2938 1360/2948/2939 1350/2945/2936
f 1360/2948/2939 1389/2899/2893 1350/2945/2936
f 1389/2899/2893 1360/2948/2939 1347/2886/2880
f 1347/2886/2880 1360/2948/2939 1304/2878/2872
f 1360/2948/2939 1303/2949/2940 1304/2878/2872
f 1304/2878/2872 1303/2949/2940 1336/2879/2873
f 1365/2947/2938 3115/2946/2937 1338/2950/2941
f 1338/2950/2941 1303/2949/2940 1365/2947/2938
f 1303/2949/2940 1360/2948/2939 1365/2947/2938
f 3115/2946/2937 1438/2951/2942 1338/2950/2941
f 1438/2951/2942 1342/2952/2943 1338/2950/2941
f 1342/2952/2943 1343/2953/2944 1338/2950/2941
f 1343/2953/2944 1303/2949/2940 1338/2950/2941
f 1303/2949/2940 1343/2953/2944 1336/2879/2873
f 1336/2879/2873 1343/2953/2944 1604/2880/2874
f 1343/2953/2944 1337/2954/2945 1604/2880/2874
f 1537/2955/2946 1604/2880/2874 1337/2954/2945
f 1537/2955/2946 1441/2956/2947 1604/2880/2874
f 1441/2956/2947 1602/2871/2865 1604/2880/2874
f 1342/2952/2943 1438/2951/2942 1378/2957/2948
f 1599/2958/2949 1342/2952/2943 1378/2957/2948
f 1599/2958/2949 1337/2954/2945 1342/2952/2943
f 1337/2954/2945 1343/2953/2944 1342/2952/2943
f 1540/2959/2950 1599/2958/2949 1378/2957/2948
f 1540/2959/2950 1536/2960/2951 1599/2958/2949
f 1536/2960/2951 1337/2954/2945 1599/2958/2949
f 1536/2960/2951 1537/2955/2946 1337/2954/2945
f 1537/2955/2946 1536/2960/2951 1541/2961/2952
f 1541/2961/2952 2362/2861/2855 1537/2955/2946
f 2362/2861/2855 1441/2956/2947 1537/2955/2946
f 2362/2861/2855 1602/2871/2865 1441/2956/2947
f 1538/2962/2953 1540/2959/2950 1378/2957/2948
f 1447/2963/2954 1540/2959/2950 1538/2962/2953
f 1447/2963/2954 1379/2964/2955 1540/2959/2950
f 1379/2964/2955 1536/2960/2951 1540/2959/2950
f 1536/2960/2951 1379/2964/2955 1541/2961/2952
f 1541/2961/2952 1379/2964/2955 1401/2965/2956
f 1541/2961/2952 1401/2965/2956 1382/2862/2856
f 2362/2861/2855 1541/2961/2952 1382/2862/2856
f 1377/2966/2957 1447/2963/2954 1538/2962/2953
f 1447/2963/2954 1377/2966/2957 1376/2967/2958
f 1379/2964/2955 1447/2963/2954 1376/2967/2958
f 1379/2964/2955 1376/2967/2958 1401/2965/2956
f 1401/2965/2956 1376/2967/2958 1398/2968/2959
f 1401/2965/2956 1398/2968/2959 1595/2854/2848
f 1401/2965/2956 1595/2854/2848 1382/2862/2856
f 1595/2854/2848 1353/2863/2857 1382/2862/2856
f 1539/2969/2960 1377/2966/2957 1538/2962/2953
f 1377/2966/2957 1539/2969/2960 1385/2970/2961
f 1377/2966/2957 1385/2970/2961 1348/2971/2962
f 1376/2967/2958 1377/2966/2957 1348/2971/2962
f 1376/2967/2958 1348/2971/2962 1398/2968/2959
f 1398/2968/2959 1348/2971/2962 1483/2972/2963
f 1483/2972/2963 1316/2855/2849 1398/2968/2959
f 1398/2968/2959 1316/2855/2849 1595/2854/2848
f 1539/2969/2960 1400/2973/2964 1385/2970/2961
f 1385/2970/2961 1400/2973/2964 1488/2974/2965
f 1385/2970/2961 1488/2974/2965 1486/2975/2966
f 1348/2971/2962 1385/2970/2961 1486/2975/2966
f 1348/2971/2962 1486/2975/2966 1483/2972/2963
f 1483/2972/2963 1486/2975/2966 3174/2976/2967
f 3136/2826/2820 1483/2972/2963 3174/2976/2967
f 3136/2826/2820 3262/2825/2819 1483/2972/2963
f 1483/2972/2963 3262/2825/2819 1321/2977/2968
f 1316/2855/2849 1483/2972/2963 1321/2977/2968
f 1316/2855/2849 1321/2977/2968 1579/2856/2850
f 1400/2973/2964 1399/2978/2969 1488/2974/2965
f 1399/2978/2969 3183/2979/2970 1488/2974/2965
f 3183/2979/2970 3174/2976/2967 1488/2974/2965
f 3174/2976/2967 1486/2975/2966 1488/2974/2965
f 1399/2978/2969 1439/2980/2971 3183/2979/2970
f 1439/2980/2971 3236/2981/2972 3183/2979/2970
f 3174/2976/2967 3183/2979/2970 3236/2981/2972
f 3235/2982/2973 3174/2976/2967 3236/2981/2972
f 3136/2826/2820 3174/2976/2967 3235/2982/2973
f 3455/2815/2809 3136/2826/2820 3235/2982/2973
f 3455/2815/2809 3235/2982/2973 3242/2816/2810
f 3242/2816/2810 3235/2982/2973 3243/2983/2974
f 3242/2816/2810 3243/2983/2974 3244/2808/2802
f 1439/2980/2971 3243/2983/2974 3236/2981/2972
f 3235/2982/2973 3236/2981/2972 3243/2983/2974
f 1439/2980/2971 3079/2984/2975 3243/2983/2974
f 3079/2984/2975 3252/2985/2976 3243/2983/2974
f 3243/2983/2974 3252/2985/2976 3244/2808/2802
f 3244/2808/2802 3252/2985/2976 1490/2809/2803
f 3079/2984/2975 1490/2809/2803 3252/2985/2976
f 1490/2809/2803 3079/2984/2975 1487/2802/2796
f 3079/2984/2975 3072/2986/2977 1487/2802/2796
f 1487/2802/2796 3072/2986/2977 1469/2788/2782
f 3072/2986/2977 3074/2736/2730 1469/2788/2782
f 3074/2736/2730 1484/2749/2743 1469/2788/2782
f 1579/2856/2850 1321/2977/2968 3262/2825/2819
f 3502/2824/2818 1579/2856/2850 3262/2825/2819
s 31
f 3110/2987/2978 3085/2988/2979 1547/2989/2980
f 3110/2987/2978 1547/2989/2980 3119/2990/2981
f 3110/2987/2978 3119/2990/2981 3121/2991/2982
f 3111/2992/2983 3110/2987/2978 3121/2991/2982
f 3111/2992/2983 3121/2991/2982 3107/2993/2984
f 3121/2991/2982 3118/2994/2985 3107/2993/2984
f 3120/2995/2986 3118/2994/2985 3121/2991/2982
f 1547/2989/2980 1502/2996/2987 3119/2990/2981
f 1502/2996/2987 1497/2997/2988 3119/2990/2981
f 1497/2997/2988 1470/2998/2989 3119/2990/2981
f 3119/2990/2981 1470/2998/2989 3121/2991/2982
f 1470/2998/2989 1471/2999/2990 3121/2991/2982
f 1471/2999/2990 3120/2995/2986 3121/2991/2982
f 3120/2995/2986 1471/2999/2990 3528/3000/2991
f 3529/3001/2992 3120/2995/2986 3528/3000/2991
f 3529/3001/2992 3528/3000/2991 3530/3002/2993
f 1502/2996/2987 1547/2989/2980 1549/3003/2994
f 3539/3004/2995 1502/2996/2987 1549/3003/2994
f 3539/3004/2995 3540/3005/2996 1502/2996/2987
f 3540/3005/2996 1497/2997/2988 1502/2996/2987
f 1497/2997/2988 3540/3005/2996 3535/3006/2997
f 1508/3007/2998 1497/2997/2988 3535/3006/2997
f 1475/3008/2999 1497/2997/2988 1508/3007/2998
f 1497/2997/2988 1475/3008/2999 1470/2998/2989
f 1471/2999/2990 1470/2998/2989 1475/3008/2999
f 3539/3004/2995 1549/3003/2994 3487/3009/3000
f 3492/3010/3001 3539/3004/2995 3487/3009/3000
f 3539/3004/2995 3492/3010/3001 3732/3011/3002
f 3540/3005/2996 3539/3004/2995 3732/3011/3002
f 3807/3012/3003 3540/3005/2996 3732/3011/3002
f 3540/3005/2996 3807/3012/3003 3535/3006/2997
f 3807/3012/3003 3542/3013/3004 3535/3006/2997
f 1518/3014/3005 3535/3006/2997 3542/3013/3004
f 1508/3007/2998 3535/3006/2997 1518/3014/3005
f 3492/3010/3001 3501/3015/3006 3732/3011/3002
f 3501/3015/3006 3731/3016/3007 3732/3011/3002
f 3807/3012/3003 3732/3011/3002 3731/3016/3007
f 3730/3017/3008 3807/3012/3003 3731/3016/3007
f 3807/3012/3003 3730/3017/3008 3542/3013/3004
f 3730/3017/3008 3543/3018/3009 3542/3013/3004
f 3538/3019/3010 3542/3013/3004 3543/3018/3009
f 3538/3019/3010 1518/3014/3005 3542/3013/3004
f 3538/3019/3010 3727/3020/3011 1518/3014/3005
f 3727/3020/3011 2495/3021/3012 1518/3014/3005
f 2495/3021/3012 1508/3007/2998 1518/3014/3005
f 3731/3016/3007 3501/3015/3006 3503/3022/3013
f 3440/3023/3014 3731/3016/3007 3503/3022/3013
f 3731/3016/3007 3440/3023/3014 3730/3017/3008
f 3440/3023/3014 3798/3024/3015 3730/3017/3008
f 3730/3017/3008 3798/3024/3015 3799/3025/3016
f 3543/3018/3009 3730/3017/3008 3799/3025/3016
f 3544/3026/3017 3543/3018/3009 3799/3025/3016
f 3543/3018/3009 3544/3026/3017 3537/3027/3018
f 3537/3027/3018 3538/3019/3010 3543/3018/3009
f 3501/3015/3006 3265/3028/3019 3503/3022/3013
f 3474/3029/3020 3440/3023/3014 3503/3022/3013
f 3185/3030/3021 3440/3023/3014 3474/3029/3020
f 3440/3023/3014 3185/3030/3021 3453/3031/3022
f 3798/3024/3015 3440/3023/3014 3453/3031/3022
f 3799/3025/3016 3798/3024/3015 3453/3031/3022
f 3494/3032/3023 3799/3025/3016 3453/3031/3022
f 3799/3025/3016 3494/3032/3023 3544/3026/3017
f 3476/3033/3024 3185/3030/3021 3474/3029/3020
f 3443/3034/3025 3185/3030/3021 3476/3033/3024
f 3443/3034/3025 3495/3035/3026 3185/3030/3021
f 3495/3035/3026 3453/3031/3022 3185/3030/3021
f 3494/3032/3023 3453/3031/3022 3495/3035/3026
f 3505/3036/3027 3494/3032/3023 3495/3035/3026
f 3494/3032/3023 3505/3036/3027 3070/3037/3028
f 3069/3038/3029 3494/3032/3023 3070/3037/3028
f 3494/3032/3023 3069/3038/3029 3544/3026/3017
f 3478/3039/3030 3443/3034/3025 3476/3033/3024
f 3257/3040/3031 3443/3034/3025 3478/3039/3030
f 3495/3035/3026 3443/3034/3025 3257/3040/3031
f 3438/3041/3032 3495/3035/3026 3257/3040/3031
f 3505/3036/3027 3495/3035/3026 3438/3041/3032
f 3432/3042/3033 3505/3036/3027 3438/3041/3032
f 3070/3037/3028 3505/3036/3027 3432/3042/3033
f 3365/3043/3034 3257/3040/3031 3478/3039/3030
f 3345/3044/3035 3257/3040/3031 3365/3043/3034
f 3345/3044/3035 3346/3045/3036 3257/3040/3031
f 3346/3045/3036 3438/3041/3032 3257/3040/3031
f 3520/3046/3037 3438/3041/3032 3346/3045/3036
f 3432/3042/3033 3438/3041/3032 3520/3046/3037
f 3525/3047/3038 3432/3042/3033 3520/3046/3037
f 3432/3042/3033 3525/3047/3038 3066/3048/3039
f 3066/3048/3039 3070/3037/3028 3432/3042/3033
f 3364/3049/3040 3345/3044/3035 3365/3043/3034
f 1312/3050/3041 3520/3046/3037 3346/3045/3036
f 3528/3000/2991 1471/2999/2990 1475/3008/2999
f 3536/3051/3042 3528/3000/2991 1475/3008/2999
f 3528/3000/2991 3536/3051/3042 3530/3002/2993
f 1588/3052/3043 3530/3002/2993 3536/3051/3042
f 1589/3053/3044 1588/3052/3043 3536/3051/3042
f 3536/3051/3042 1508/3007/2998 1589/3053/3044
f 1508/3007/2998 2495/3021/3012 1589/3053/3044
f 1589/3053/3044 2495/3021/3012 2537/3054/3045
f 1508/3007/2998 3536/3051/3042 1475/3008/2999
f 2495/3021/3012 3727/3020/3011 2537/3054/3045
f 3727/3020/3011 3806/3055/3046 2537/3054/3045
f 2537/3054/3045 3806/3055/3046 2536/3056/3047
f 3806/3055/3046 3071/3057/3048 2536/3056/3047
f 3333/3058/3049 3071/3057/3048 3806/3055/3046
f 3729/3059/3050 3333/3058/3049 3806/3055/3046
f 3332/3060/3051 3333/3058/3049 3729/3059/3050
f 3727/3020/3011 3728/3061/3052 3806/3055/3046
f 3728/3061/3052 3729/3059/3050 3806/3055/3046
f 3728/3061/3052 3725/3062/3053 3729/3059/3050
f 3725/3062/3053 3726/3063/3054 3729/3059/3050
f 3726/3063/3054 3332/3060/3051 3729/3059/3050
f 3726/3063/3054 3330/3064/3055 3332/3060/3051
f 3330/3064/3055 3510/3065/3056 3332/3060/3051
f 3330/3064/3055 3723/3066/3057 3510/3065/3056
f 3723/3066/3057 3316/3067/3058 3510/3065/3056
f 3728/3061/3052 3727/3020/3011 3538/3019/3010
f 3537/3027/3018 3728/3061/3052 3538/3019/3010
f 3728/3061/3052 3537/3027/3018 3541/3068/3059
f 3725/3062/3053 3728/3061/3052 3541/3068/3059
f 3541/3068/3059 3444/3069/3060 3725/3062/3053
f 3444/3069/3060 3445/3070/3061 3725/3062/3053
f 3725/3062/3053 3445/3070/3061 2543/3071/3062
f 3725/3062/3053 2543/3071/3062 3726/3063/3054
f 3726/3063/3054 2543/3071/3062 3330/3064/3055
f 3537/3027/3018 3544/3026/3017 3541/3068/3059
f 3544/3026/3017 3444/3069/3060 3541/3068/3059
f 3544/3026/3017 2535/3072/3063 3444/3069/3060
f 3444/3069/3060 2535/3072/3063 2499/3073/3064
f 3445/3070/3061 3444/3069/3060 2499/3073/3064
f 3445/3070/3061 2499/3073/3064 2543/3071/3062
f 2499/3073/3064 2496/3074/3065 2543/3071/3062
f 2543/3071/3062 2496/3074/3065 2542/3075/3066
f 2543/3071/3062 2542/3075/3066 3330/3064/3055
f 2542/3075/3066 2546/3076/3067 3330/3064/3055
f 3723/3066/3057 3330/3064/3055 2546/3076/3067
f 3069/3038/3029 2535/3072/3063 3544/3026/3017
f 2535/3072/3063 3069/3038/3029 2538/3077/3068
f 2499/3073/3064 2535/3072/3063 2538/3077/3068
f 2496/3074/3065 2499/3073/3064 2538/3077/3068
f 2512/3078/3069 2496/3074/3065 2538/3077/3068
f 2496/3074/3065 2512/3078/3069 2542/3075/3066
f 2542/3075/3066 2512/3078/3069 2497/3079/3070
f 734/3080/3071 2542/3075/3066 2497/3079/3070
f 2513/3081/3072 2542/3075/3066 734/3080/3071
f 2542/3075/3066 2513/3081/3072 2546/3076/3067
f 2513/3081/3072 3805/3082/3073 2546/3076/3067
f 3723/3066/3057 2546/3076/3067 3805/3082/3073
f 2538/3077/3068 3069/3038/3029 2498/3083/3074
f 2498/3083/3074 2512/3078/3069 2538/3077/3068
f 2512/3078/3069 2498/3083/3074 2497/3079/3070
f 2498/3083/3074 2541/3084/3075 2497/3079/3070
f 2497/3079/3070 2541/3084/3075 2488/3085/3076
f 2515/3086/3077 2497/3079/3070 2488/3085/3076
f 2497/3079/3070 2515/3086/3077 2509/3087/3078
f 734/3080/3071 2497/3079/3070 2509/3087/3078
f 3069/3038/3029 2541/3084/3075 2498/3083/3074
f 3069/3038/3029 3070/3037/3028 2541/3084/3075
f 3070/3037/3028 2488/3085/3076 2541/3084/3075
f 2488/3085/3076 3070/3037/3028 2514/3088/3079
f 2514/3088/3079 2534/3089/3080 2488/3085/3076
f 2515/3086/3077 2488/3085/3076 2534/3089/3080
f 2509/3087/3078 2515/3086/3077 2534/3089/3080
f 2509/3087/3078 2534/3089/3080 733/3090/3081
f 734/3080/3071 2509/3087/3078 733/3090/3081
f 734/3080/3071 733/3090/3081 2422/3091/3082
f 2513/3081/3072 734/3080/3071 2422/3091/3082
f 3066/3048/3039 2514/3088/3079 3070/3037/3028
f 2514/3088/3079 3066/3048/3039 735/3092/3083
f 2514/3088/3079 735/3092/3083 737/3093/3084
f 2514/3088/3079 737/3093/3084 2510/3094/3085
f 2514/3088/3079 2510/3094/3085 2511/3095/3086
f 2422/3091/3082 2514/3088/3079 2511/3095/3086
f 2514/3088/3079 2422/3091/3082 733/3090/3081
f 2514/3088/3079 733/3090/3081 2534/3089/3080
f 3066/3048/3039 741/3096/3087 735/3092/3083
f 735/3092/3083 741/3096/3087 742/3097/3088
f 738/3098/3089 735/3092/3083 742/3097/3088
f 737/3093/3084 735/3092/3083 738/3098/3089
f 739/3099/3090 737/3093/3084 738/3098/3089
f 2510/3094/3085 737/3093/3084 739/3099/3090
f 3159/3100/3091 2510/3094/3085 739/3099/3090
f 2511/3095/3086 2510/3094/3085 3159/3100/3091
f 741/3096/3087 3066/3048/3039 3532/3101/3092
f 3532/3101/3092 3531/3102/3093 741/3096/3087
f 3531/3102/3093 742/3097/3088 741/3096/3087
f 3531/3102/3093 3804/3103/3094 742/3097/3088
f 742/3097/3088 3804/3103/3094 738/3098/3089
f 738/3098/3089 3804/3103/3094 739/3099/3090
f 739/3099/3090 3804/3103/3094 3159/3100/3091
f 3804/3103/3094 3160/3104/3095 3159/3100/3091
f 3160/3104/3095 2511/3095/3086 3159/3100/3091
f 2511/3095/3086 3160/3104/3095 2421/3105/3096
f 2422/3091/3082 2511/3095/3086 2421/3105/3096
f 3066/3048/3039 3489/3106/3097 3532/3101/3092
f 3489/3106/3097 3533/3107/3098 3532/3101/3092
f 3532/3101/3092 3533/3107/3098 3531/3102/3093
f 3533/3107/3098 3527/3108/3099 3531/3102/3093
f 3527/3108/3099 3804/3103/3094 3531/3102/3093
f 3525/3047/3038 3489/3106/3097 3066/3048/3039
f 3442/3109/3100 3489/3106/3097 3525/3047/3038
f 3489/3106/3097 3442/3109/3100 3452/3110/3101
f 3533/3107/3098 3489/3106/3097 3452/3110/3101
f 3452/3110/3101 3534/3111/3102 3533/3107/3098
f 3534/3111/3102 3527/3108/3099 3533/3107/3098
f 3534/3111/3102 3804/3103/3094 3527/3108/3099
f 3525/3047/3038 3347/3112/3103 3442/3109/3100
f 3347/3112/3103 3521/3113/3104 3442/3109/3100
f 3442/3109/3100 3521/3113/3104 3473/3114/3105
f 3450/3115/3106 3442/3109/3100 3473/3114/3105
f 3442/3109/3100 3450/3115/3106 744/3116/3107
f 3442/3109/3100 744/3116/3107 3506/3117/3108
f 3442/3109/3100 3506/3117/3108 3526/3118/3109
f 3442/3109/3100 3526/3118/3109 3452/3110/3101
f 3526/3118/3109 3517/3119/3110 3452/3110/3101
f 3517/3119/3110 3534/3111/3102 3452/3110/3101
f 3517/3119/3110 3804/3103/3094 3534/3111/3102
f 3475/3120/3111 3473/3114/3105 3521/3113/3104
f 3450/3115/3106 3473/3114/3105 3475/3120/3111
f 3449/3121/3112 3450/3115/3106 3475/3120/3111
f 3717/3122/3113 3450/3115/3106 3449/3121/3112
f 3450/3115/3106 3717/3122/3113 745/3123/3114
f 744/3116/3107 3450/3115/3106 745/3123/3114
f 744/3116/3107 745/3123/3114 740/3124/3115
f 3506/3117/3108 744/3116/3107 740/3124/3115
f 3506/3117/3108 740/3124/3115 3526/3118/3109
f 740/3124/3115 3517/3119/3110 3526/3118/3109
f 3517/3119/3110 740/3124/3115 3804/3103/3094
f 3321/3125/3116 3475/3120/3111 3521/3113/3104
f 3475/3120/3111 3321/3125/3116 3322/3126/3117
f 3320/3127/3118 3475/3120/3111 3322/3126/3117
f 3331/3128/3119 3475/3120/3111 3320/3127/3118
f 3331/3128/3119 3449/3121/3112 3475/3120/3111
f 3331/3128/3119 3519/3129/3120 3449/3121/3112
f 3718/3130/3121 3449/3121/3112 3519/3129/3120
f 3718/3130/3121 3717/3122/3113 3449/3121/3112
f 3717/3122/3113 3718/3130/3121 3721/3131/3122
f 3717/3122/3113 3721/3131/3122 745/3123/3114
f 745/3123/3114 3721/3131/3122 740/3124/3115
f 740/3124/3115 3721/3131/3122 3804/3103/3094
f 3519/3129/3120 3331/3128/3119 3518/3132/3123
f 3519/3129/3120 3518/3132/3123 3447/3133/3124
f 3448/3134/3125 3519/3129/3120 3447/3133/3124
f 3448/3134/3125 3718/3130/3121 3519/3129/3120
f 3448/3134/3125 3720/3135/3126 3718/3130/3121
f 3718/3130/3121 3720/3135/3126 3721/3131/3122
f 3722/3136/3127 3721/3131/3122 3720/3135/3126
f 3721/3131/3122 3722/3136/3127 3803/3137/3128
f 3804/3103/3094 3721/3131/3122 3803/3137/3128
f 3805/3082/3073 3804/3103/3094 3803/3137/3128
f 2418/3138/3129 3804/3103/3094 3805/3082/3073
f 3160/3104/3095 3804/3103/3094 2418/3138/3129
f 3720/3135/3126 3448/3134/3125 3447/3133/3124
f 3715/3139/3130 3720/3135/3126 3447/3133/3124
f 3720/3135/3126 3715/3139/3130 3719/3140/3131
f 3719/3140/3131 3722/3136/3127 3720/3135/3126
f 3719/3140/3131 3226/3141/3132 3722/3136/3127
f 3226/3141/3132 3231/3142/3133 3722/3136/3127
f 3722/3136/3127 3231/3142/3133 3803/3137/3128
f 3231/3142/3133 3292/3143/3134 3803/3137/3128
f 3292/3143/3134 3294/3144/3135 3803/3137/3128
f 3294/3144/3135 3724/3145/3136 3803/3137/3128
f 3724/3145/3136 3805/3082/3073 3803/3137/3128
f 3805/3082/3073 3724/3145/3136 3723/3066/3057
f 3719/3140/3131 3715/3139/3130 3224/3146/3137
f 3226/3141/3132 3719/3140/3131 3224/3146/3137
f 3723/3066/3057 3724/3145/3136 3316/3067/3058
f 3724/3145/3136 3294/3144/3135 3316/3067/3058
f 3160/3104/3095 2418/3138/3129 2421/3105/3096
f 2421/3105/3096 2418/3138/3129 2516/3147/3138
f 2422/3091/3082 2421/3105/3096 2516/3147/3138
f 2422/3091/3082 2516/3147/3138 2513/3081/3072
f 2516/3147/3138 3805/3082/3073 2513/3081/3072
f 2418/3138/3129 3805/3082/3073 2516/3147/3138
s 32
f 3188/3148/3139 3189/3149/3140 3809/3150/3141
f 3810/3151/3142 3188/3148/3139 3809/3150/3141
f 3153/3152/3143 3188/3148/3139 3810/3151/3142
f 3198/3153/3144 3153/3152/3143 3810/3151/3142
f 3210/3154/3145 3153/3152/3143 3198/3153/3144
f 3197/3155/3146 3210/3154/3145 3198/3153/3144
f 3209/3156/3147 3210/3154/3145 3197/3155/3146
f 3049/3157/3148 3210/3154/3145 3209/3156/3147
f 3810/3151/3142 3809/3150/3141 3736/3158/3149
f 3734/3159/3150 3810/3151/3142 3736/3158/3149
f 3810/3151/3142 3734/3159/3150 3198/3153/3144
f 3734/3159/3150 3735/3160/3151 3198/3153/3144
f 3197/3155/3146 3198/3153/3144 3735/3160/3151
f 3167/3161/3152 3197/3155/3146 3735/3160/3151
f 3123/3162/3153 3197/3155/3146 3167/3161/3152
f 3123/3162/3153 3209/3156/3147 3197/3155/3146
f 3734/3159/3150 3736/3158/3149 3411/3163/3154
f 3733/3164/3155 3734/3159/3150 3411/3163/3154
f 3735/3160/3151 3734/3159/3150 3733/3164/3155
f 3808/3165/3156 3735/3160/3151 3733/3164/3155
f 3167/3161/3152 3735/3160/3151 3808/3165/3156
f 3461/3166/3157 3167/3161/3152 3808/3165/3156
f 3190/3167/3158 3167/3161/3152 3461/3166/3157
f 3190/3167/3158 3123/3162/3153 3167/3161/3152
f 3133/3168/3159 3123/3162/3153 3190/3167/3158
f 3123/3162/3153 3133/3168/3159 3209/3156/3147
f 3733/3164/3155 3411/3163/3154 3410/3169/3160
f 3418/3170/3161 3733/3164/3155 3410/3169/3160
f 3733/3164/3155 3418/3170/3161 3808/3165/3156
f 3418/3170/3161 3514/3171/3162 3808/3165/3156
f 3461/3166/3157 3808/3165/3156 3514/3171/3162
f 3343/3172/3163 3461/3166/3157 3514/3171/3162
f 3461/3166/3157 3343/3172/3163 3275/3173/3164
f 3416/3174/3165 3461/3166/3157 3275/3173/3164
f 3416/3174/3165 3190/3167/3158 3461/3166/3157
f 3410/3169/3160 3342/3175/3166 3418/3170/3161
f 3342/3175/3166 3340/3176/3167 3418/3170/3161
f 3418/3170/3161 3340/3176/3167 3514/3171/3162
f 3340/3176/3167 3344/3177/3168 3514/3171/3162
f 3343/3172/3163 3514/3171/3162 3344/3177/3168
f 3341/3178/3169 3343/3172/3163 3344/3177/3168
f 3343/3172/3163 3341/3178/3169 3387/3179/3170
f 3275/3173/3164 3343/3172/3163 3387/3179/3170
f 3387/3179/3170 3282/3180/3171 3275/3173/3164
f 3275/3173/3164 3282/3180/3171 3280/3181/3172
f 3275/3173/3164 3280/3181/3172 3416/3174/3165
f 3340/3176/3167 3342/3175/3166 3420/3182/3173
f 3466/3183/3174 3340/3176/3167 3420/3182/3173
f 3344/3177/3168 3340/3176/3167 3466/3183/3174
f 3523/3184/3175 3344/3177/3168 3466/3183/3174
f 3523/3184/3175 3341/3178/3169 3344/3177/3168
f 3341/3178/3169 3523/3184/3175 3279/3185/3176
f 3341/3178/3169 3279/3185/3176 3387/3179/3170
f 3279/3185/3176 3289/3186/3177 3387/3179/3170
f 3289/3186/3177 3285/3187/3178 3387/3179/3170
f 3282/3180/3171 3387/3179/3170 3285/3187/3178
f 3282/3180/3171 3285/3187/3178 3375/3188/3179
f 3376/3189/3180 3282/3180/3171 3375/3188/3179
f 3376/3189/3180 3377/3190/3181 3282/3180/3171
f 3377/3190/3181 3280/3181/3172 3282/3180/3171
f 3280/3181/3172 3377/3190/3181 3351/3191/3182
f 3280/3181/3172 3351/3191/3182 3416/3174/3165
f 3416/3174/3165 3351/3191/3182 3190/3167/3158
f 3285/3187/3178 3289/3186/3177 3374/3192/3183
f 3375/3188/3179 3285/3187/3178 3374/3192/3183
f 3375/3188/3179 3374/3192/3183 3354/3193/3184
f 3357/3194/3185 3375/3188/3179 3354/3193/3184
f 3357/3194/3185 3371/3195/3186 3375/3188/3179
f 3371/3195/3186 3376/3189/3180 3375/3188/3179
f 3371/3195/3186 3373/3196/3187 3376/3189/3180
f 3373/3196/3187 3377/3190/3181 3376/3189/3180
f 3377/3190/3181 3373/3196/3187 3296/3197/3188
f 3382/3198/3189 3377/3190/3181 3296/3197/3188
f 3377/3190/3181 3382/3198/3189 3351/3191/3182
f 3357/3194/3185 3354/3193/3184 3360/3199/3190
f 3355/3200/3191 3357/3194/3185 3360/3199/3190
f 3355/3200/3191 3370/3201/3192 3357/3194/3185
f 3370/3201/3192 3371/3195/3186 3357/3194/3185
f 3371/3195/3186 3370/3201/3192 3372/3202/3193
f 3373/3196/3187 3371/3195/3186 3372/3202/3193
f 3373/3196/3187 3372/3202/3193 3299/3203/3194
f 3296/3197/3188 3373/3196/3187 3299/3203/3194
f 3296/3197/3188 3299/3203/3194 3334/3204/3195
f 3296/3197/3188 3334/3204/3195 3382/3198/3189
f 3355/3200/3191 3360/3199/3190 3368/3205/3196
f 3367/3206/3197 3355/3200/3191 3368/3205/3196
f 3367/3206/3197 3369/3207/3198 3355/3200/3191
f 3369/3207/3198 3370/3201/3192 3355/3200/3191
f 3369/3207/3198 3358/3208/3199 3370/3201/3192
f 3358/3208/3199 3372/3202/3193 3370/3201/3192
f 3372/3202/3193 3358/3208/3199 3300/3209/3200
f 3299/3203/3194 3372/3202/3193 3300/3209/3200
f 3299/3203/3194 3300/3209/3200 3276/3210/3201
f 3299/3203/3194 3276/3210/3201 3334/3204/3195
f 3368/3205/3196 3312/3211/3202 3367/3206/3197
f 3312/3211/3202 3356/3212/3203 3367/3206/3197
f 3356/3212/3203 3369/3207/3198 3367/3206/3197
f 3369/3207/3198 3356/3212/3203 3353/3213/3204
f 3358/3208/3199 3369/3207/3198 3353/3213/3204
f 3358/3208/3199 3353/3213/3204 3301/3214/3205
f 3300/3209/3200 3358/3208/3199 3301/3214/3205
f 3301/3214/3205 3388/3215/3206 3300/3209/3200
f 3388/3215/3206 3324/3216/3207 3300/3209/3200
f 3300/3209/3200 3324/3216/3207 3276/3210/3201
f 3312/3211/3202 3368/3205/3196 3304/3217/3208
f 3312/3211/3202 3304/3217/3208 3284/3218/3209
f 3524/3219/3210 3312/3211/3202 3284/3218/3209
f 3312/3211/3202 3524/3219/3210 3356/3212/3203
f 3524/3219/3210 3361/3220/3211 3356/3212/3203
f 3361/3220/3211 3359/3221/3212 3356/3212/3203
f 3359/3221/3212 3353/3213/3204 3356/3212/3203
f 3353/3213/3204 3359/3221/3212 3380/3222/3213
f 3301/3214/3205 3353/3213/3204 3380/3222/3213
f 3301/3214/3205 3380/3222/3213 3388/3215/3206
f 3368/3205/3196 3297/3223/3214 3304/3217/3208
f 3306/3224/3215 3304/3217/3208 3297/3223/3214
f 3306/3224/3215 3284/3218/3209 3304/3217/3208
f 3284/3218/3209 3306/3224/3215 3309/3225/3216
f 3309/3225/3216 3313/3226/3217 3284/3218/3209
f 3313/3226/3217 3524/3219/3210 3284/3218/3209
f 3361/3220/3211 3524/3219/3210 3313/3226/3217
f 3348/3227/3218 3361/3220/3211 3313/3226/3217
f 3348/3227/3218 3350/3228/3219 3361/3220/3211
f 3350/3228/3219 3359/3221/3212 3361/3220/3211
f 3350/3228/3219 3366/3229/3220 3359/3221/3212
f 3366/3229/3220 3380/3222/3213 3359/3221/3212
f 3306/3224/3215 3297/3223/3214 3298/3230/3221
f 3291/3231/3222 3306/3224/3215 3298/3230/3221
f 3306/3224/3215 3291/3231/3222 3287/3232/3223
f 3315/3233/3224 3306/3224/3215 3287/3232/3223
f 3306/3224/3215 3315/3233/3224 3309/3225/3216
f 3309/3225/3216 3315/3233/3224 3317/3234/3225
f 3313/3226/3217 3309/3225/3216 3317/3234/3225
f 3318/3235/3226 3313/3226/3217 3317/3234/3225
f 3313/3226/3217 3318/3235/3226 3348/3227/3218
f 3318/3235/3226 3288/3236/3227 3348/3227/3218
f 3288/3236/3227 3350/3228/3219 3348/3227/3218
f 3291/3231/3222 3298/3230/3221 3293/3237/3228
f 3286/3238/3229 3291/3231/3222 3293/3237/3228
f 3287/3232/3223 3291/3231/3222 3286/3238/3229
f 3286/3238/3229 3290/3239/3230 3287/3232/3223
f 3287/3232/3223 3290/3239/3230 3362/3240/3231
f 3315/3233/3224 3287/3232/3223 3362/3240/3231
f 3315/3233/3224 3362/3240/3231 3317/3234/3225
f 3314/3241/3232 3317/3234/3225 3362/3240/3231
f 3317/3234/3225 3314/3241/3232 3318/3235/3226
f 3314/3241/3232 3363/3242/3233 3318/3235/3226
f 3318/3235/3226 3363/3242/3233 3288/3236/3227
f 3293/3237/3228 3303/3243/3234 3286/3238/3229
f 3303/3243/3234 3305/3244/3235 3286/3238/3229
f 3319/3245/3236 3286/3238/3229 3305/3244/3235
f 3283/3246/3237 3286/3238/3229 3319/3245/3236
f 3283/3246/3237 3290/3239/3230 3286/3238/3229
f 3290/3239/3230 3283/3246/3237 3281/3247/3238
f 3302/3248/3239 3290/3239/3230 3281/3247/3238
f 3302/3248/3239 3362/3240/3231 3290/3239/3230
f 3362/3240/3231 3302/3248/3239 3314/3241/3232
f 3305/3244/3235 3303/3243/3234 3310/3249/3240
f 3305/3244/3235 3310/3249/3240 3323/3250/3241
f 3319/3245/3236 3305/3244/3235 3323/3250/3241
f 3378/3251/3242 3319/3245/3236 3323/3250/3241
f 3319/3245/3236 3378/3251/3242 3283/3246/3237
f 3281/3247/3238 3283/3246/3237 3378/3251/3242
f 3295/3252/3243 3302/3248/3239 3281/3247/3238
f 3314/3241/3232 3302/3248/3239 3295/3252/3243
f 3311/3253/3244 3314/3241/3232 3295/3252/3243
f 3363/3242/3233 3314/3241/3232 3311/3253/3244
f 3308/3254/3245 3363/3242/3233 3311/3253/3244
f 3363/3242/3233 3308/3254/3245 3307/3255/3246
f 3363/3242/3233 3307/3255/3246 3288/3236/3227
f 3383/3256/3247 3311/3253/3244 3295/3252/3243
f 3383/3256/3247 3308/3254/3245 3311/3253/3244
f 3383/3256/3247 3379/3257/3248 3308/3254/3245
f 3308/3254/3245 3379/3257/3248 3307/3255/3246
f 3307/3255/3246 3379/3257/3248 3381/3258/3249
f 3307/3255/3246 3381/3258/3249 3288/3236/3227
f 3381/3258/3249 3349/3259/3250 3288/3236/3227
f 3288/3236/3227 3349/3259/3250 3350/3228/3219
f 3349/3259/3250 3366/3229/3220 3350/3228/3219
f 3384/3260/3251 3379/3257/3248 3383/3256/3247
f 3379/3257/3248 3384/3260/3251 3352/3261/3252
f 3379/3257/3248 3352/3261/3252 3381/3258/3249
f 3381/3258/3249 3352/3261/3252 3389/3262/3253
f 3381/3258/3249 3389/3262/3253 3273/3263/3254
f 3349/3259/3250 3381/3258/3249 3273/3263/3254
f 3349/3259/3250 3273/3263/3254 3274/3264/3255
f 3366/3229/3220 3349/3259/3250 3274/3264/3255
f 3366/3229/3220 3274/3264/3255 3278/3265/3256
f 3380/3222/3213 3366/3229/3220 3278/3265/3256
f 3380/3222/3213 3278/3265/3256 3388/3215/3206
f 3384/3260/3251 3385/3266/3257 3352/3261/3252
f 3385/3266/3257 3240/3267/3258 3352/3261/3252
f 3352/3261/3252 3240/3267/3258 3389/3262/3253
f 3412/3268/3259 3389/3262/3253 3240/3267/3258
f 3389/3262/3253 3412/3268/3259 3239/3269/3260
f 3389/3262/3253 3239/3269/3260 3249/3270/3261
f 3273/3263/3254 3389/3262/3253 3249/3270/3261
f 3249/3270/3261 3274/3264/3255 3273/3263/3254
f 3249/3270/3261 3278/3265/3256 3274/3264/3255
f 3237/3271/3262 3278/3265/3256 3249/3270/3261
f 3278/3265/3256 3237/3271/3262 3388/3215/3206
f 3237/3271/3262 3324/3216/3207 3388/3215/3206
f 3386/3272/3263 3385/3266/3257 3384/3260/3251
f 3386/3272/3263 3419/3273/3264 3385/3266/3257
f 3419/3273/3264 3515/3274/3265 3385/3266/3257
f 3385/3266/3257 3515/3274/3265 3240/3267/3258
f 3515/3274/3265 3412/3268/3259 3240/3267/3258
f 3412/3268/3259 3515/3274/3265 3245/3275/3266
f 3239/3269/3260 3412/3268/3259 3245/3275/3266
f 3239/3269/3260 3245/3275/3266 3241/3276/3267
f 3229/3277/3268 3239/3269/3260 3241/3276/3267
f 3249/3270/3261 3239/3269/3260 3229/3277/3268
f 3250/3278/3269 3249/3270/3261 3229/3277/3268
f 3250/3278/3269 3237/3271/3262 3249/3270/3261
f 3417/3279/3270 3419/3273/3264 3386/3272/3263
f 3225/3280/3271 3419/3273/3264 3417/3279/3270
f 3515/3274/3265 3419/3273/3264 3225/3280/3271
f 3245/3275/3266 3515/3274/3265 3225/3280/3271
f 3245/3275/3266 3225/3280/3271 3246/3281/3272
f 3241/3276/3267 3245/3275/3266 3246/3281/3272
f 3326/3282/3273 3241/3276/3267 3246/3281/3272
f 3229/3277/3268 3241/3276/3267 3326/3282/3273
f 3329/3283/3274 3229/3277/3268 3326/3282/3273
f 3250/3278/3269 3229/3277/3268 3329/3283/3274
f 3335/3284/3275 3250/3278/3269 3329/3283/3274
f 3237/3271/3262 3250/3278/3269 3335/3284/3275
f 3227/3285/3276 3225/3280/3271 3417/3279/3270
f 3225/3280/3271 3227/3285/3276 3228/3286/3277
f 3246/3281/3272 3225/3280/3271 3228/3286/3277
f 3246/3281/3272 3228/3286/3277 3325/3287/3278
f 3325/3287/3278 3326/3282/3273 3246/3281/3272
f 3326/3282/3273 3325/3287/3278 3184/3288/3279
f 3326/3282/3273 3184/3288/3279 3182/3289/3280
f 3329/3283/3274 3326/3282/3273 3182/3289/3280
f 3329/3283/3274 3182/3289/3280 3191/3290/3281
f 3335/3284/3275 3329/3283/3274 3191/3290/3281
f 3417/3279/3270 3414/3291/3282 3227/3285/3276
f 3414/3291/3282 3248/3292/3283 3227/3285/3276
f 3228/3286/3277 3227/3285/3276 3248/3292/3283
f 3247/3293/3284 3228/3286/3277 3248/3292/3283
f 3228/3286/3277 3247/3293/3284 3327/3294/3285
f 3228/3286/3277 3327/3294/3285 3325/3287/3278
f 3325/3287/3278 3327/3294/3285 3493/3295/3286
f 3457/3296/3287 3325/3287/3278 3493/3295/3286
f 3325/3287/3278 3457/3296/3287 3184/3288/3279
f 3414/3291/3282 3413/3297/3288 3248/3292/3283
f 3413/3297/3288 3233/3298/3289 3248/3292/3283
f 3247/3293/3284 3248/3292/3283 3233/3298/3289
f 3253/3299/3290 3247/3293/3284 3233/3298/3289
f 3253/3299/3290 3337/3300/3291 3247/3293/3284
f 3337/3300/3291 3339/3301/3292 3247/3293/3284
f 3247/3293/3284 3339/3301/3292 3327/3294/3285
f 3327/3294/3285 3339/3301/3292 3472/3302/3293
f 3493/3295/3286 3327/3294/3285 3472/3302/3293
f 3413/3297/3288 3415/3303/3294 3233/3298/3289
f 3415/3303/3294 3223/3304/3295 3233/3298/3289
f 3253/3299/3290 3233/3298/3289 3223/3304/3295
f 3230/3305/3296 3253/3299/3290 3223/3304/3295
f 3230/3305/3296 3336/3306/3297 3253/3299/3290
f 3336/3306/3297 3337/3300/3291 3253/3299/3290
f 3336/3306/3297 3460/3307/3298 3337/3300/3291
f 3460/3307/3298 3468/3308/3299 3337/3300/3291
f 3471/3309/3300 3337/3300/3291 3468/3308/3299
f 3337/3300/3291 3471/3309/3300 3339/3301/3292
f 3339/3301/3292 3471/3309/3300 3472/3302/3293
f 3415/3303/3294 3459/3310/3301 3223/3304/3295
f 3459/3310/3301 3255/3311/3302 3223/3304/3295
f 3230/3305/3296 3223/3304/3295 3255/3311/3302
f 3222/3312/3303 3230/3305/3296 3255/3311/3302
f 3222/3312/3303 3513/3313/3304 3230/3305/3296
f 3513/3313/3304 3336/3306/3297 3230/3305/3296
f 3462/3314/3305 3336/3306/3297 3513/3313/3304
f 3460/3307/3298 3336/3306/3297 3462/3314/3305
f 3459/3310/3301 3458/3315/3306 3255/3311/3302
f 3458/3315/3306 3232/3316/3307 3255/3311/3302
f 3222/3312/3303 3255/3311/3302 3232/3316/3307
f 3221/3317/3308 3222/3312/3303 3232/3316/3307
f 3222/3312/3303 3221/3317/3308 3513/3313/3304
f 3221/3317/3308 3512/3318/3309 3513/3313/3304
f 3469/3319/3310 3513/3313/3304 3512/3318/3309
f 3469/3319/3310 3462/3314/3305 3513/3313/3304
f 3454/3320/3311 3462/3314/3305 3469/3319/3310
f 3460/3307/3298 3462/3314/3305 3454/3320/3311
f 3470/3321/3312 3460/3307/3298 3454/3320/3311
f 3470/3321/3312 3463/3322/3313 3460/3307/3298
f 3463/3322/3313 3468/3308/3299 3460/3307/3298
f 3467/3323/3314 3469/3319/3310 3512/3318/3309
f 3469/3319/3310 3467/3323/3314 3465/3324/3315
f 3464/3325/3316 3469/3319/3310 3465/3324/3315
f 3464/3325/3316 3454/3320/3311 3469/3319/3310
f 3464/3325/3316 3172/3326/3317 3454/3320/3311
f 3172/3326/3317 3170/3327/501 3454/3320/3311
f 3470/3321/3312 3454/3320/3311 3170/3327/501
f 3171/3328/502 3470/3321/3312 3170/3327/501
f 1527/3329/3318 3470/3321/3312 3171/3328/502
f 3463/3322/3313 3470/3321/3312 1527/3329/3318
f 3465/3324/3315 3168/3330/3319 3464/3325/3316
f 3168/3330/3319 3172/3326/3317 3464/3325/3316
f 3463/3322/3313 1527/3329/3318 3516/3331/3320
f 3463/3322/3313 3516/3331/3320 3456/3332/3321
f 3463/3322/3313 3456/3332/3321 3122/3333/3322
f 3463/3322/3313 3122/3333/3322 1528/3334/3323
f 3468/3308/3299 3463/3322/3313 1528/3334/3323
f 3471/3309/3300 3468/3308/3299 1528/3334/3323
f 1528/3334/3323 3163/3335/3324 3471/3309/3300
f 3163/3335/3324 3472/3302/3293 3471/3309/3300
f 3165/3336/3325 3472/3302/3293 3163/3335/3324
f 3472/3302/3293 3165/3336/3325 3493/3295/3286
f 1528/3334/3323 3122/3333/3322 3148/3337/3326
f 1528/3334/3323 3148/3337/3326 3163/3335/3324
f 3148/3337/3326 3164/3338/3327 3163/3335/3324
f 3165/3336/3325 3163/3335/3324 3164/3338/3327
f 3166/3339/3328 3165/3336/3325 3164/3338/3327
f 3165/3336/3325 3166/3339/3328 3202/3340/3329
f 3493/3295/3286 3165/3336/3325 3202/3340/3329
f 3493/3295/3286 3202/3340/3329 3158/3341/3330
f 3457/3296/3287 3493/3295/3286 3158/3341/3330
f 3457/3296/3287 3158/3341/3330 3491/3342/3331
f 3184/3288/3279 3457/3296/3287 3491/3342/3331
f 3184/3288/3279 3491/3342/3331 3140/3343/3332
f 3184/3288/3279 3140/3343/3332 3182/3289/3280
f 3166/3339/3328 3207/3344/3333 3202/3340/3329
f 3202/3340/3329 3207/3344/3333 3158/3341/3330
f 3207/3344/3333 3206/3345/3334 3158/3341/3330
f 3206/3345/3334 3504/3346/3335 3158/3341/3330
f 3504/3346/3335 3491/3342/3331 3158/3341/3330
f 3504/3346/3335 3500/3347/3336 3491/3342/3331
f 3500/3347/3336 3488/3348/3337 3491/3342/3331
f 3491/3342/3331 3488/3348/3337 3140/3343/3332
f 3140/3343/3332 3488/3348/3337 3201/3349/3338
f 3140/3343/3332 3201/3349/3338 3139/3350/3339
f 3182/3289/3280 3140/3343/3332 3139/3350/3339
f 3191/3290/3281 3182/3289/3280 3139/3350/3339
f 3191/3290/3281 3139/3350/3339 3141/3351/3340
f 3192/3352/3341 3191/3290/3281 3141/3351/3340
f 3191/3290/3281 3192/3352/3341 3335/3284/3275
f 3488/3348/3337 3500/3347/3336 3161/3353/3342
f 3162/3354/3343 3488/3348/3337 3161/3353/3342
f 3488/3348/3337 3162/3354/3343 3201/3349/3338
f 3162/3354/3343 3208/3355/3344 3201/3349/3338
f 3139/3350/3339 3201/3349/3338 3208/3355/3344
f 3141/3351/3340 3139/3350/3339 3208/3355/3344
f 3141/3351/3340 3208/3355/3344 3152/3356/3345
f 3211/3357/3346 3141/3351/3340 3152/3356/3345
f 3192/3352/3341 3141/3351/3340 3211/3357/3346
f 3169/3358/3347 3192/3352/3341 3211/3357/3346
f 3192/3352/3341 3169/3358/3347 3328/3359/3348
f 3192/3352/3341 3328/3359/3348 3335/3284/3275
f 3328/3359/3348 3237/3271/3262 3335/3284/3275
f 1394/3360/3349 3162/3354/3343 3161/3353/3342
f 1394/3360/3349 3152/3356/3345 3162/3354/3343
f 3152/3356/3345 3208/3355/3344 3162/3354/3343
f 1368/3361/3350 1394/3360/3349 3161/3353/3342
f 1369/3362/3351 1394/3360/3349 1368/3361/3350
f 1394/3360/3349 1369/3362/3351 3154/3363/3352
f 3152/3356/3345 1394/3360/3349 3154/3363/3352
f 3152/3356/3345 3154/3363/3352 3144/3364/3353
f 3211/3357/3346 3152/3356/3345 3144/3364/3353
f 3211/3357/3346 3144/3364/3353 3195/3365/3354
f 3169/3358/3347 3211/3357/3346 3195/3365/3354
f 3169/3358/3347 3195/3365/3354 3276/3210/3201
f 3338/3366/3355 3169/3358/3347 3276/3210/3201
f 3169/3358/3347 3338/3366/3355 3328/3359/3348
f 3237/3271/3262 3328/3359/3348 3338/3366/3355
f 3324/3216/3207 3237/3271/3262 3338/3366/3355
f 1370/3367/3356 1369/3362/3351 1368/3361/3350
f 1369/3362/3351 1370/3367/3356 1396/3368/3357
f 1369/3362/3351 1396/3368/3357 3157/3369/3358
f 1369/3362/3351 3157/3369/3358 3154/3363/3352
f 3154/3363/3352 3157/3369/3358 3138/3370/3359
f 3144/3364/3353 3154/3363/3352 3138/3370/3359
f 3195/3365/3354 3144/3364/3353 3138/3370/3359
f 3199/3371/3360 3195/3365/3354 3138/3370/3359
f 3195/3365/3354 3199/3371/3360 3334/3204/3195
f 3276/3210/3201 3195/3365/3354 3334/3204/3195
f 1370/3367/3356 1372/3372/3361 1396/3368/3357
f 1395/3373/3362 1396/3368/3357 1372/3372/3361
f 1396/3368/3357 1395/3373/3362 3156/3374/3363
f 3157/3369/3358 1396/3368/3357 3156/3374/3363
f 3157/3369/3358 3156/3374/3363 3137/3375/3364
f 3138/3370/3359 3157/3369/3358 3137/3375/3364
f 3199/3371/3360 3138/3370/3359 3137/3375/3364
f 3173/3376/3365 3199/3371/3360 3137/3375/3364
f 3199/3371/3360 3173/3376/3365 3382/3198/3189
f 3334/3204/3195 3199/3371/3360 3382/3198/3189
f 1397/3377/3366 1395/3373/3362 1372/3372/3361
f 1397/3377/3366 1373/3378/3367 1395/3373/3362
f 1373/3378/3367 1375/3379/3368 1395/3373/3362
f 1375/3379/3368 3155/3380/3369 1395/3373/3362
f 3155/3380/3369 3156/3374/3363 1395/3373/3362
f 3137/3375/3364 3156/3374/3363 3155/3380/3369
f 3134/3381/3370 3137/3375/3364 3155/3380/3369
f 3173/3376/3365 3137/3375/3364 3134/3381/3370
f 3180/3382/3371 3173/3376/3365 3134/3381/3370
f 3173/3376/3365 3180/3382/3371 3351/3191/3182
f 3382/3198/3189 3173/3376/3365 3351/3191/3182
f 1373/3378/3367 1381/3383/3372 1375/3379/3368
f 1381/3383/3372 1380/3384/3373 1375/3379/3368
f 1375/3379/3368 1380/3384/3373 3155/3380/3369
f 3155/3380/3369 1380/3384/3373 3200/3385/3374
f 3155/3380/3369 3200/3385/3374 3134/3381/3370
f 3200/3385/3374 3133/3168/3159 3134/3381/3370
f 3134/3381/3370 3133/3168/3159 3181/3386/3375
f 3180/3382/3371 3134/3381/3370 3181/3386/3375
f 3351/3191/3182 3180/3382/3371 3181/3386/3375
f 3190/3167/3158 3351/3191/3182 3181/3386/3375
f 3181/3386/3375 3133/3168/3159 3190/3167/3158
f 1381/3383/3372 2998/3387/3376 1380/3384/3373
f 2998/3387/3376 2997/3388/3377 1380/3384/3373
f 1380/3384/3373 2997/3388/3377 3200/3385/3374
f 3200/3385/3374 2997/3388/3377 3209/3156/3147
f 3133/3168/3159 3200/3385/3374 3209/3156/3147
f 2998/3387/3376 3209/3156/3147 2997/3388/3377
f 3209/3156/3147 2998/3387/3376 2993/3389/3378
f 2993/3389/3378 3049/3157/3148 3209/3156/3147
f 3324/3216/3207 3338/3366/3355 3276/3210/3201
s 16
f 962/1212/1237 1014/1219/1244 1006/3390/3379
f 1014/1219/1244 950/1218/1243 1006/3390/3379
f 1006/3390/3379 950/1218/1243 1012/3391/3380
f 1008/3392/3381 1006/3390/3379 1012/3391/3380
f 1006/3390/3379 1008/3392/3381 1007/3393/3382
f 1005/1213/1238 1006/3390/3379 1007/3393/3382
f 1006/3390/3379 1005/1213/1238 962/1212/1237
f 950/1218/1243 953/1217/1242 1012/3391/3380
f 953/1217/1242 1024/3394/3383 1012/3391/3380
f 954/3395/3384 1012/3391/3380 1024/3394/3383
f 954/3395/3384 1000/3396/3385 1012/3391/3380
f 1000/3396/3385 1008/3392/3381 1012/3391/3380
f 1008/3392/3381 1000/3396/3385 1003/3397/3386
f 1007/3393/3382 1008/3392/3381 1003/3397/3386
f 1003/3397/3386 984/3398/3387 1007/3393/3382
f 984/3398/3387 983/1214/1239 1007/3393/3382
f 983/1214/1239 1005/1213/1238 1007/3393/3382
f 1024/3394/3383 953/1217/1242 1026/1216/1241
f 1026/1216/1241 951/3399/1200 1024/3394/3383
f 951/3399/1200 1013/3400/3388 1024/3394/3383
f 1013/3400/3388 954/3395/3384 1024/3394/3383
f 954/3395/3384 1013/3400/3388 1029/3401/3389
f 1000/3396/3385 954/3395/3384 1029/3401/3389
f 998/3402/3390 1000/3396/3385 1029/3401/3389
f 1001/3403/3391 1000/3396/3385 998/3402/3390
f 1000/3396/3385 1001/3403/3391 1003/3397/3386
f 1013/3400/3388 951/3399/1200 1023/3404/3392
f 1013/3400/3388 1023/3404/3392 1029/3401/3389
f 1021/3405/1210 1029/3401/3389 1023/3404/3392
f 1029/3401/3389 1021/3405/1210 998/3402/3390
f 1021/3405/1210 996/3406/1202 998/3402/3390
f 998/3402/3390 996/3406/1202 999/3407/3393
f 1001/3403/3391 998/3402/3390 999/3407/3393
f 1023/3404/3392 951/3399/1200 1022/3408/3394
f 1022/3408/3394 1021/3405/1210 1023/3404/3392
f 945/1206/1232 983/1214/1239 984/3398/3387
f 945/1206/1232 984/3398/3387 780/3409/3395
f 945/1206/1232 780/3409/3395 790/3410/3396
f 790/3410/3396 1015/3411/3397 945/1206/1232
f 1015/3411/3397 1027/3412/3398 945/1206/1232
f 1027/3412/3398 1028/3413/3399 945/1206/1232
f 977/1207/1233 945/1206/1232 1028/3413/3399
f 977/1207/1233 1028/3413/3399 976/1208/1216
f 780/3409/3395 984/3398/3387 789/3414/3391
f 780/3409/3395 789/3414/3391 1049/3415/3400
f 790/3410/3396 780/3409/3395 1049/3415/3400
f 790/3410/3396 1049/3415/3400 986/3416/1203
f 1015/3411/3397 790/3410/3396 986/3416/1203
f 1015/3411/3397 986/3416/1203 1030/3417/3401
f 1015/3411/3397 1030/3417/3401 982/3418/3402
f 1027/3412/3398 1015/3411/3397 982/3418/3402
f 1027/3412/3398 982/3418/3402 947/3419/1209
f 1028/3413/3399 1027/3412/3398 947/3419/1209
f 984/3398/3387 1003/3397/3386 789/3414/3391
f 947/3419/1209 975/3420/1215 1028/3413/3399
f 975/3420/1215 976/1208/1216 1028/3413/3399
s 14
f 826/1113/1145 848/1119/1151 822/3421/3403
f 822/3421/3403 848/1119/1151 815/3422/3404
f 821/3423/3405 822/3421/3403 815/3422/3404
f 822/3421/3403 821/3423/3405 981/3424/3406
f 981/3424/3406 933/1072/1104 822/3421/3403
f 933/1072/1104 826/1113/1145 822/3421/3403
f 849/3425/3407 981/3424/3406 821/3423/3405
f 849/3425/3407 932/1073/1105 981/3424/3406
f 932/1073/1105 933/1072/1104 981/3424/3406
s 3
f 3423/113/110 3426/119/116 349/3426/3408
f 3426/119/116 749/3427/3409 349/3426/3408
f 349/3426/3408 749/3427/3409 408/3428/3410
f 395/3429/3411 349/3426/3408 408/3428/3410
f 395/3429/3411 84/3430/3412 349/3426/3408
f 84/3430/3412 282/3431/3413 349/3426/3408
f 3423/113/110 349/3426/3408 282/3431/3413
f 2485/88/85 3423/113/110 282/3431/3413
f 282/3431/3413 339/3432/3414 2485/88/85
f 339/3432/3414 2506/3433/3415 2485/88/85
f 2506/3433/3415 2486/79/76 2485/88/85
f 395/3429/3411 408/3428/3410 411/3434/3416
f 409/3435/3417 395/3429/3411 411/3434/3416
f 409/3435/3417 418/3436/3418 395/3429/3411
f 418/3436/3418 84/3430/3412 395/3429/3411
f 84/3430/3412 418/3436/3418 415/3437/3419
f 399/3438/3420 84/3430/3412 415/3437/3419
f 84/3430/3412 399/3438/3420 282/3431/3413
f 399/3438/3420 339/3432/3414 282/3431/3413
f 409/3435/3417 411/3434/3416 412/3439/3421
f 335/3440/3422 409/3435/3417 412/3439/3421
f 335/3440/3422 83/3441/3423 409/3435/3417
f 83/3441/3423 418/3436/3418 409/3435/3417
f 418/3436/3418 83/3441/3423 85/3442/3424
f 415/3437/3419 418/3436/3418 85/3442/3424
f 410/3443/3425 335/3440/3422 412/3439/3421
f 83/3441/3423 335/3440/3422 410/3443/3425
f 86/3444/3426 83/3441/3423 410/3443/3425
f 83/3441/3423 86/3444/3426 85/3442/3424
f 86/3444/3426 416/3445/3427 85/3442/3424
f 86/3444/3426 417/3446/3428 416/3445/3427
f 417/3446/3428 86/3444/3426 398/3447/3429
f 86/3444/3426 410/3443/3425 398/3447/3429
f 410/3443/3425 397/3448/3430 398/3447/3429
f 397/3448/3430 410/3443/3425 412/3439/3421
f 2486/79/76 2506/3433/3415 751/3449/3431
f 2506/3433/3415 345/3450/3432 751/3449/3431
f 751/3449/3431 345/3450/3432 403/3451/3433
f 751/3449/3431 403/3451/3433 631/3452/3434
f 750/80/77 751/3449/3431 631/3452/3434
f 2486/79/76 751/3449/3431 750/80/77
f 345/3450/3432 630/3453/3435 403/3451/3433
f 403/3451/3433 630/3453/3435 629/3454/3436
f 628/3455/3437 403/3451/3433 629/3454/3436
f 403/3451/3433 628/3455/3437 631/3452/3434
f 628/3455/3437 404/3456/3438 631/3452/3434
f 404/3456/3438 391/3457/3439 631/3452/3434
f 391/3457/3439 344/81/78 631/3452/3434
f 750/80/77 631/3452/3434 344/81/78
f 628/3455/3437 629/3454/3436 348/3458/3440
f 404/3456/3438 628/3455/3437 348/3458/3440
f 626/3459/3441 404/3456/3438 348/3458/3440
f 391/3457/3439 404/3456/3438 626/3459/3441
f 624/3460/3442 391/3457/3439 626/3459/3441
f 405/3461/3443 624/3460/3442 626/3459/3441
f 405/3461/3443 626/3459/3441 392/3462/3444
f 626/3459/3441 348/3458/3440 392/3462/3444
f 627/3463/3445 392/3462/3444 348/3458/3440
f 629/3454/3436 627/3463/3445 348/3458/3440
s 33
f 2624/3464/3446 2621/3465/3447 732/3466/3448
f 2624/3464/3446 732/3466/3448 736/3467/3449
f 2624/3464/3446 736/3467/3449 743/3468/3450
f 2624/3464/3446 743/3468/3450 731/3469/3451
f 2624/3464/3446 731/3469/3451 747/3470/3452
f 2624/3464/3446 747/3470/3452 746/3471/3453
f 2624/3464/3446 746/3471/3453 2623/3472/3454
f 2624/3464/3446 2623/3472/3454 2621/3465/3447
s 34
f 2633/3473/3455 2640/3474/3456 2617/3475/3457
f 2617/3475/3457 2640/3474/3456 2643/3476/3458
f 2617/3475/3457 2643/3476/3458 2637/3477/3459
f 2628/3478/3460 2617/3475/3457 2637/3477/3459
f 2628/3478/3460 2636/3479/3461 2617/3475/3457
f 2636/3479/3461 2639/3480/3462 2617/3475/3457
f 2639/3480/3462 2633/3473/3455 2617/3475/3457
f 2615/3481/3463 2633/3473/3455 2639/3480/3462
f 2640/3474/3456 2644/3482/3464 2643/3476/3458
f 2643/3476/3458 2644/3482/3464 2629/3483/3465
f 2643/3476/3458 2629/3483/3465 2637/3477/3459
f 2629/3483/3465 2625/3484/3466 2637/3477/3459
f 2626/3485/3467 2637/3477/3459 2625/3484/3466
f 2626/3485/3467 2628/3478/3460 2637/3477/3459
f 2626/3485/3467 2636/3479/3461 2628/3478/3460
f 2626/3485/3467 2635/3486/3468 2636/3479/3461
f 2635/3486/3468 2620/3487/3469 2636/3479/3461
f 2620/3487/3469 2639/3480/3462 2636/3479/3461
f 2620/3487/3469 2615/3481/3463 2639/3480/3462
f 2630/3488/3470 2615/3481/3463 2620/3487/3469
f 2644/3482/3464 2618/3489/3471 2629/3483/3465
f 2629/3483/3465 2618/3489/3471 2631/3490/3472
f 2629/3483/3465 2631/3490/3472 2619/3491/3473
f 2625/3484/3466 2629/3483/3465 2619/3491/3473
f 2626/3485/3467 2625/3484/3466 2619/3491/3473
f 2626/3485/3467 2619/3491/3473 2622/3492/3474
f 2626/3485/3467 2622/3492/3474 2634/3493/3475
f 2626/3485/3467 2634/3493/3475 2635/3486/3468
f 2620/3487/3469 2635/3486/3468 2634/3493/3475
f 2627/3494/3476 2620/3487/3469 2634/3493/3475
f 2627/3494/3476 2630/3488/3470 2620/3487/3469
f 2632/3495/3477 2630/3488/3470 2627/3494/3476
f 2618/3489/3471 2616/3496/3478 2631/3490/3472
f 2631/3490/3472 2616/3496/3478 2638/3497/3479
f 2631/3490/3472 2638/3497/3479 2619/3491/3473
f 2638/3497/3479 2622/3492/3474 2619/3491/3473
f 2622/3492/3474 2638/3497/3479 2634/3493/3475
f 2638/3497/3479 2627/3494/3476 2634/3493/3475
f 2638/3497/3479 2632/3495/3477 2627/3494/3476
f 2616/3496/3478 2632/3495/3477 2638/3497/3479
s 35
f 2804/3464/3480 2803/3465/3481 2645/3466/3482
f 2804/3464/3480 2645/3466/3482 2646/3467/3483
f 2804/3464/3480 2646/3467/3483 2647/3468/3484
f 2804/3464/3480 2647/3468/3484 2642/3469/3485
f 2804/3464/3480 2642/3469/3485 2648/3470/3486
f 2804/3464/3480 2648/3470/3486 2641/3471/3487
f 2804/3464/3480 2641/3471/3487 2802/3472/3488
f 2804/3464/3480 2802/3472/3488 2803/3465/3481
s 36
f 2811/3473/3489 2966/3474/3490 2965/3475/3491
f 2965/3475/3491 2966/3474/3490 2967/3476/3492
f 2965/3475/3491 2967/3476/3492 2810/3477/3493
f 2809/3478/3494 2965/3475/3491 2810/3477/3493
f 2809/3478/3494 2800/3479/3495 2965/3475/3491
f 2800/3479/3495 2799/3480/3496 2965/3475/3491
f 2799/3480/3496 2811/3473/3489 2965/3475/3491
f 2973/3481/3497 2811/3473/3489 2799/3480/3496
f 2966/3474/3490 2974/3482/3498 2967/3476/3492
f 2967/3476/3492 2974/3482/3498 2963/3483/3499
f 2967/3476/3492 2963/3483/3499 2810/3477/3493
f 2963/3483/3499 2808/3484/3500 2810/3477/3493
f 2801/3485/3501 2810/3477/3493 2808/3484/3500
f 2801/3485/3501 2809/3478/3494 2810/3477/3493
f 2801/3485/3501 2800/3479/3495 2809/3478/3494
f 2801/3485/3501 2798/3486/3502 2800/3479/3495
f 2798/3486/3502 2805/3487/3503 2800/3479/3495
f 2805/3487/3503 2799/3480/3496 2800/3479/3495
f 2805/3487/3503 2973/3481/3497 2799/3480/3496
f 2971/3488/3504 2973/3481/3497 2805/3487/3503
f 2974/3482/3498 2964/3489/3505 2963/3483/3499
f 2963/3483/3499 2964/3489/3505 2960/3490/3506
f 2963/3483/3499 2960/3490/3506 2807/3491/3507
f 2808/3484/3500 2963/3483/3499 2807/3491/3507
f 2801/3485/3501 2808/3484/3500 2807/3491/3507
f 2801/3485/3501 2807/3491/3507 2806/3492/3508
f 2801/3485/3501 2806/3492/3508 2797/3493/3509
f 2801/3485/3501 2797/3493/3509 2798/3486/3502
f 2805/3487/3503 2798/3486/3502 2797/3493/3509
f 2972/3494/3510 2805/3487/3503 2797/3493/3509
f 2972/3494/3510 2971/3488/3504 2805/3487/3503
f 2969/3495/3511 2971/3488/3504 2972/3494/3510
f 2964/3489/3505 2962/3496/3512 2960/3490/3506
f 2960/3490/3506 2962/3496/3512 2970/3497/3513
f 2960/3490/3506 2970/3497/3513 2807/3491/3507
f 2970/3497/3513 2806/3492/3508 2807/3491/3507
f 2806/3492/3508 2970/3497/3513 2797/3493/3509
f 2970/3497/3513 2972/3494/3510 2797/3493/3509
f 2970/3497/3513 2969/3495/3511 2972/3494/3510
f 2962/3496/3512 2969/3495/3511 2970/3497/3513
s 37
f 3577/3464/3514 3578/3465/3515 2961/3466/3516
f 3577/3464/3514 2961/3466/3516 2968/3467/3517
f 3577/3464/3514 2968/3467/3517 3573/3468/3518
f 3577/3464/3514 3573/3468/3518 3574/3469/3519
f 3577/3464/3514 3574/3469/3519 3575/3470/3520
f 3577/3464/3514 3575/3470/3520 3576/3471/3521
f 3577/3464/3514 3576/3471/3521 3571/3472/3522
f 3577/3464/3514 3571/3472/3522 3578/3465/3515
s 38
f 3588/3473/3523 3617/3474/3524 3598/3475/3525
f 3598/3475/3525 3617/3474/3524 3595/3476/3526
f 3598/3475/3525 3595/3476/3526 3580/3477/3527
f 3587/3478/3528 3598/3475/3525 3580/3477/3527
f 3587/3478/3528 3579/3479/3529 3598/3475/3525
f 3579/3479/3529 3581/3480/3530 3598/3475/3525
f 3581/3480/3530 3588/3473/3523 3598/3475/3525
f 3604/3481/3531 3588/3473/3523 3581/3480/3530
f 3617/3474/3524 3596/3482/3532 3595/3476/3526
f 3595/3476/3526 3596/3482/3532 3618/3483/3533
f 3595/3476/3526 3618/3483/3533 3580/3477/3527
f 3618/3483/3533 3586/3484/3534 3580/3477/3527
f 3572/3485/3535 3580/3477/3527 3586/3484/3534
f 3572/3485/3535 3587/3478/3528 3580/3477/3527
f 3572/3485/3535 3579/3479/3529 3587/3478/3528
f 3572/3485/3535 3582/3486/3536 3579/3479/3529
f 3582/3486/3536 3620/3487/3537 3579/3479/3529
f 3620/3487/3537 3581/3480/3530 3579/3479/3529
f 3620/3487/3537 3604/3481/3531 3581/3480/3530
f 3619/3488/3538 3604/3481/3531 3620/3487/3537
f 3596/3482/3532 3597/3489/3539 3618/3483/3533
f 3618/3483/3533 3597/3489/3539 3599/3490/3540
f 3618/3483/3533 3599/3490/3540 3585/3491/3541
f 3586/3484/3534 3618/3483/3533 3585/3491/3541
f 3572/3485/3535 3586/3484/3534 3585/3491/3541
f 3572/3485/3535 3585/3491/3541 3584/3492/3542
f 3572/3485/3535 3584/3492/3542 3583/3493/3543
f 3572/3485/3535 3583/3493/3543 3582/3486/3536
f 3620/3487/3537 3582/3486/3536 3583/3493/3543
f 3602/3494/3544 3620/3487/3537 3583/3493/3543
f 3602/3494/3544 3619/3488/3538 3620/3487/3537
f 3601/3495/3545 3619/3488/3538 3602/3494/3544
f 3597/3489/3539 3600/3496/3546 3599/3490/3540
f 3599/3490/3540 3600/3496/3546 3603/3497/3547
f 3599/3490/3540 3603/3497/3547 3585/3491/3541
f 3603/3497/3547 3584/3492/3542 3585/3491/3541
f 3584/3492/3542 3603/3497/3547 3583/3493/3543
f 3603/3497/3547 3602/3494/3544 3583/3493/3543
f 3603/3497/3547 3601/3495/3545 3602/3494/3544
f 3600/3496/3546 3601/3495/3545 3603/3497/3547
s 39
f 3591/3498/366 3616/3499/3548 3621/3500/3549
f 3616/3499/3548 3593/3501/3550 3621/3500/3549
f 3593/3501/3550 3594/3502/3551 3621/3500/3549
f 3594/3502/3551 3614/3503/3552 3621/3500/3549
f 3614/3503/3552 3624/3504/408 3621/3500/3549
f 3624/3504/408 3606/3505/3553 3621/3500/3549
f 3606/3505/3553 3590/3506/400 3621/3500/3549
f 3590/3506/400 3589/3507/393 3621/3500/3549
f 3589/3507/393 3613/3508/3554 3621/3500/3549
f 3613/3508/3554 3607/3509/386 3621/3500/3549
f 3607/3509/386 3605/3510/379 3621/3500/3549
f 3605/3510/379 3615/3511/373 3621/3500/3549
f 3615/3511/373 3592/3512/372 3621/3500/3549
f 3592/3512/372 3591/3498/366 3621/3500/3549
s 40
f 3548/3513/3555 3622/3514/3556 3612/3515/1780
f 3548/3513/3555 3612/3515/1780 3623/3516/1779
f 3548/3513/3555 3623/3516/1779 3610/3517/3557
f 3548/3513/3555 3610/3517/3557 3625/3518/3558
f 3548/3513/3555 3625/3518/3558 3633/3519/1776
f 3548/3513/3555 3633/3519/1776 3634/3520/1761
f 3548/3513/3555 3634/3520/1761 3635/3521/1760
f 3548/3513/3555 3635/3521/1760 3636/3522/3559
f 3548/3513/3555 3636/3522/3559 3550/3523/3560
f 3548/3513/3555 3550/3523/3560 3549/3524/1773
f 3548/3513/3555 3549/3524/1773 3611/3525/3561
f 3548/3513/3555 3611/3525/3561 3609/3526/3562
f 3548/3513/3555 3609/3526/3562 3608/3527/3563
f 3548/3513/3555 3608/3527/3563 3622/3514/3556
s 41
f 3643/3528/3564 3551/3529/3565 3632/3530/1
f 3643/3528/3564 3632/3530/1 3644/3531/3566
f 3643/3528/3564 3644/3531/3566 3554/3532/32
f 3643/3528/3564 3554/3532/32 3642/3533/3567
f 3643/3528/3564 3642/3533/3567 3641/3534/30
f 3643/3528/3564 3641/3534/30 3553/3535/3568
f 3643/3528/3564 3553/3535/3568 3640/3536/21
f 3643/3528/3564 3640/3536/21 3639/3537/20
f 3643/3528/3564 3639/3537/20 3552/3538/13
f 3643/3528/3564 3552/3538/13 3638/3539/3569
f 3643/3528/3564 3638/3539/3569 3637/3540/7
f 3643/3528/3564 3637/3540/7 3551/3529/3565
s 42
f 3655/3541/3570 3649/3542/3571 3626/3543/3572
f 3626/3543/3572 3649/3542/3571 3648/3544/3573
f 3647/3545/3574 3626/3543/3572 3648/3544/3573
f 3647/3545/3574 3656/3546/3575 3626/3543/3572
f 3656/3546/3575 3655/3541/3570 3626/3543/3572
f 3668/3547/3576 3655/3541/3570 3656/3546/3575
f 3667/3548/3577 3668/3547/3576 3656/3546/3575
f 3567/3549/3578 3668/3547/3576 3667/3548/3577
f 3649/3542/3571 3657/3550/3579 3648/3544/3573
f 3648/3544/3573 3657/3550/3579 3658/3551/3580
f 3647/3545/3574 3648/3544/3573 3658/3551/3580
f 3657/3550/3579 3659/3552/3581 3658/3551/3580
f 3658/3551/3580 3659/3552/3581 3660/3553/3582
f 3647/3545/3574 3658/3551/3580 3660/3553/3582
f 3659/3552/3581 3561/3554/3583 3660/3553/3582
f 3660/3553/3582 3561/3554/3583 3562/3555/3584
f 3647/3545/3574 3660/3553/3582 3562/3555/3584
f 3561/3554/3583 3563/3556/3585 3562/3555/3584
f 3562/3555/3584 3563/3556/3585 3564/3557/3586
f 3647/3545/3574 3562/3555/3584 3564/3557/3586
f 3563/3556/3585 3661/3558/3587 3564/3557/3586
f 3564/3557/3586 3661/3558/3587 3662/3559/3588
f 3647/3545/3574 3564/3557/3586 3662/3559/3588
f 3647/3545/3574 3662/3559/3588 3663/3560/3589
f 3647/3545/3574 3663/3560/3589 3566/3561/3590
f 3647/3545/3574 3566/3561/3590 3666/3562/3591
f 3647/3545/3574 3666/3562/3591 3667/3548/3577
f 3647/3545/3574 3667/3548/3577 3656/3546/3575
f 3661/3558/3587 3565/3563/3592 3662/3559/3588
f 3662/3559/3588 3565/3563/3592 3663/3560/3589
f 3565/3563/3592 3664/3564/3593 3663/3560/3589
f 3663/3560/3589 3664/3564/3593 3566/3561/3590
f 3664/3564/3593 3665/3565/3594 3566/3561/3590
f 3566/3561/3590 3665/3565/3594 3666/3562/3591
f 3665/3565/3594 3567/3549/3578 3666/3562/3591
f 3666/3562/3591 3567/3549/3578 3667/3548/3577
s 43
f 3569/3566/3595 3676/3567/3596 3560/3568/3597
f 3676/3567/3596 3671/3569/3598 3560/3568/3597
f 3560/3568/3597 3671/3569/3598 3558/3570/3579
f 3671/3569/3598 3673/3571/3599 3558/3570/3579
f 3558/3570/3579 3673/3571/3599 3559/3572/3600
f 3673/3571/3599 3705/3573/3601 3559/3572/3600
f 3559/3572/3600 3705/3573/3601 3568/3574/3583
f 3679/3575/3602 3676/3567/3596 3569/3566/3595
f 3679/3575/3602 3699/3576/34 3676/3567/3596
f 3699/3576/34 3677/3577/3603 3676/3567/3596
f 3676/3567/3596 3677/3577/3603 3671/3569/3598
f 3677/3577/3603 3650/3578/3604 3671/3569/3598
f 3671/3569/3598 3650/3578/3604 3673/3571/3599
f 3650/3578/3604 3672/3579/3605 3673/3571/3599
f 3673/3571/3599 3672/3579/3605 3705/3573/3601
f 3570/3580/3606 3679/3575/3602 3569/3566/3595
f 3701/3581/3607 3679/3575/3602 3570/3580/3606
f 3701/3581/3607 3678/3582/3608 3679/3575/3602
f 3678/3582/3608 3699/3576/34 3679/3575/3602
f 3651/3583/3578 3701/3581/3607 3570/3580/3606
f 3680/3584/3609 3701/3581/3607 3651/3583/3578
f 3680/3584/3609 3681/3585/28 3701/3581/3607
f 3681/3585/28 3678/3582/3608 3701/3581/3607
f 3652/3586/3594 3680/3584/3609 3651/3583/3578
f 3683/3587/3610 3680/3584/3609 3652/3586/3594
f 3683/3587/3610 3702/3588/3611 3680/3584/3609
f 3702/3588/3611 3681/3585/28 3680/3584/3609
f 3653/3589/3593 3683/3587/3610 3652/3586/3594
f 3703/3590/3612 3683/3587/3610 3653/3589/3593
f 3703/3590/3612 3682/3591/24 3683/3587/3610
f 3682/3591/24 3702/3588/3611 3683/3587/3610
f 3654/3592/3592 3703/3590/3612 3653/3589/3593
f 3684/3593/3613 3703/3590/3612 3654/3592/3592
f 3684/3593/3613 3685/3594/19 3703/3590/3612
f 3685/3594/19 3682/3591/24 3703/3590/3612
f 3670/3595/3587 3684/3593/3613 3654/3592/3592
f 3688/3596/3614 3684/3593/3613 3670/3595/3587
f 3688/3596/3614 3686/3597/17 3684/3593/3613
f 3686/3597/17 3685/3594/19 3684/3593/3613
f 3669/3598/3615 3688/3596/3614 3670/3595/3587
f 3687/3599/3616 3688/3596/3614 3669/3598/3615
f 3687/3599/3616 3704/3600/3617 3688/3596/3614
f 3704/3600/3617 3686/3597/17 3688/3596/3614
f 3568/3574/3583 3687/3599/3616 3669/3598/3615
f 3705/3573/3601 3687/3599/3616 3568/3574/3583
f 3705/3573/3601 3689/3601/3618 3687/3599/3616
f 3689/3601/3618 3704/3600/3617 3687/3599/3616
f 3672/3579/3605 3689/3601/3618 3705/3573/3601
s 44
f 3748/3602/3619 3766/3603/3620 3737/3604/3621
f 3737/3604/3621 3766/3603/3620 3757/3605/3622
f 3757/3605/3622 3759/3606/3623 3737/3604/3621
f 3759/3606/3623 3739/3607/3624 3737/3604/3621
f 3737/3604/3621 3739/3607/3624 3740/3608/3625
f 3740/3608/3625 3748/3602/3619 3737/3604/3621
f 3765/3609/3626 3748/3602/3619 3740/3608/3625
f 3756/3610/3627 3765/3609/3626 3740/3608/3625
f 3745/3611/3628 3765/3609/3626 3756/3610/3627
f 3766/3603/3620 3747/3612/3629 3757/3605/3622
f 3757/3605/3622 3747/3612/3629 3786/3613/3630
f 3786/3613/3630 3787/3614/3631 3757/3605/3622
f 3787/3614/3631 3759/3606/3623 3757/3605/3622
f 3759/3606/3623 3787/3614/3631 3762/3615/3632
f 3739/3607/3624 3759/3606/3623 3762/3615/3632
f 3769/3616/3633 3739/3607/3624 3762/3615/3632
f 3739/3607/3624 3769/3616/3633 3740/3608/3625
f 3740/3608/3625 3769/3616/3633 3770/3617/3634
f 3756/3610/3627 3740/3608/3625 3770/3617/3634
f 3747/3612/3629 3741/3618/3635 3786/3613/3630
f 3786/3613/3630 3741/3618/3635 3784/3619/3636
f 3784/3619/3636 3785/3620/3637 3786/3613/3630
f 3785/3620/3637 3787/3614/3631 3786/3613/3630
f 3787/3614/3631 3785/3620/3637 3762/3615/3632
f 3741/3618/3635 3742/3621/3638 3784/3619/3636
f 3784/3619/3636 3742/3621/3638 3780/3622/3639
f 3780/3622/3639 3782/3623/3640 3784/3619/3636
f 3782/3623/3640 3785/3620/3637 3784/3619/3636
f 3785/3620/3637 3782/3623/3640 3762/3615/3632
f 3742/3621/3638 3763/3624/3641 3780/3622/3639
f 3780/3622/3639 3763/3624/3641 3783/3625/3642
f 3783/3625/3642 3778/3626/3643 3780/3622/3639
f 3778/3626/3643 3782/3623/3640 3780/3622/3639
f 3782/3623/3640 3778/3626/3643 3762/3615/3632
f 3763/3624/3641 3744/3627/3644 3783/3625/3642
f 3783/3625/3642 3744/3627/3644 3779/3628/3645
f 3783/3625/3642 3779/3628/3645 3778/3626/3643
f 3779/3628/3645 3781/3629/3646 3778/3626/3643
f 3778/3626/3643 3781/3629/3646 3762/3615/3632
f 3744/3627/3644 3743/3630/3647 3779/3628/3645
f 3779/3628/3645 3743/3630/3647 3772/3631/3648
f 3779/3628/3645 3772/3631/3648 3781/3629/3646
f 3772/3631/3648 3738/3632/3649 3781/3629/3646
f 3781/3629/3646 3738/3632/3649 3762/3615/3632
f 3738/3632/3649 3761/3633/3650 3762/3615/3632
f 3761/3633/3650 3771/3634/3651 3762/3615/3632
f 3771/3634/3651 3770/3617/3634 3762/3615/3632
f 3770/3617/3634 3769/3616/3633 3762/3615/3632
f 3743/3630/3647 3764/3635/3652 3772/3631/3648
f 3772/3631/3648 3764/3635/3652 3760/3636/3653
f 3772/3631/3648 3760/3636/3653 3738/3632/3649
f 3760/3636/3653 3761/3633/3650 3738/3632/3649
f 3760/3636/3653 3758/3637/3654 3761/3633/3650
f 3758/3637/3654 3771/3634/3651 3761/3633/3650
f 3758/3637/3654 3756/3610/3627 3771/3634/3651
f 3756/3610/3627 3770/3617/3634 3771/3634/3651
f 3764/3635/3652 3746/3638/3655 3760/3636/3653
f 3760/3636/3653 3746/3638/3655 3758/3637/3654
f 3746/3638/3655 3745/3611/3628 3758/3637/3654
f 3758/3637/3654 3745/3611/3628 3756/3610/3627
s 45
f 3814/3639/3635 3789/3640/3656 3788/3641/3657
f 3788/3641/3657 3789/3640/3656 3790/3642/3658
f 3788/3641/3657 3790/3642/3658 3912/3643/3659
f 3910/3644/3660 3788/3641/3657 3912/3643/3659
f 3815/3645/3661 3788/3641/3657 3910/3644/3660
f 3815/3645/3661 3814/3639/3635 3788/3641/3657
f 3816/3646/3662 3814/3639/3635 3815/3645/3661
f 3817/3647/3663 3816/3646/3662 3815/3645/3661
f 3818/3648/3664 3816/3646/3662 3817/3647/3663
f 3789/3640/3656 3791/3649/3665 3790/3642/3658
f 3790/3642/3658 3791/3649/3665 3792/3650/3666
f 3790/3642/3658 3792/3650/3666 3906/3651/3667
f 3912/3643/3659 3790/3642/3658 3906/3651/3667
f 3912/3643/3659 3906/3651/3667 3902/3652/3668
f 3910/3644/3660 3912/3643/3659 3902/3652/3668
f 3891/3653/3669 3910/3644/3660 3902/3652/3668
f 3891/3653/3669 3815/3645/3661 3910/3644/3660
f 3817/3647/3663 3815/3645/3661 3891/3653/3669
f 3889/3654/3670 3817/3647/3663 3891/3653/3669
f 3819/3655/3671 3817/3647/3663 3889/3654/3670
f 3819/3655/3671 3818/3648/3664 3817/3647/3663
f 3820/3656/3672 3818/3648/3664 3819/3655/3671
f 3791/3649/3665 3793/3657/3673 3792/3650/3666
f 3792/3650/3666 3793/3657/3673 3777/3658/3674
f 3792/3650/3666 3777/3658/3674 3893/3659/3675
f 3906/3651/3667 3792/3650/3666 3893/3659/3675
f 3906/3651/3667 3893/3659/3675 3902/3652/3668
f 3793/3657/3673 3776/3660/3626 3777/3658/3674
f 3777/3658/3674 3776/3660/3626 3775/3661/3676
f 3777/3658/3674 3775/3661/3676 3888/3662/3677
f 3893/3659/3675 3777/3658/3674 3888/3662/3677
f 3893/3659/3675 3888/3662/3677 3902/3652/3668
f 3776/3660/3626 3774/3663/3678 3775/3661/3676
f 3775/3661/3676 3774/3663/3678 3797/3664/3679
f 3775/3661/3676 3797/3664/3679 3900/3665/3680
f 3888/3662/3677 3775/3661/3676 3900/3665/3680
f 3888/3662/3677 3900/3665/3680 3902/3652/3668
f 3774/3663/3678 3794/3666/3681 3797/3664/3679
f 3797/3664/3679 3794/3666/3681 3773/3667/3682
f 3797/3664/3679 3773/3667/3682 3903/3668/3683
f 3900/3665/3680 3797/3664/3679 3903/3668/3683
f 3900/3665/3680 3903/3668/3683 3902/3652/3668
f 3903/3668/3683 3911/3669/3684 3902/3652/3668
f 3911/3669/3684 3905/3670/3685 3902/3652/3668
f 3905/3670/3685 3904/3671/3686 3902/3652/3668
f 3904/3671/3686 3889/3654/3670 3902/3652/3668
f 3889/3654/3670 3891/3653/3669 3902/3652/3668
f 3794/3666/3681 3796/3672/3687 3773/3667/3682
f 3773/3667/3682 3796/3672/3687 3795/3673/3688
f 3773/3667/3682 3795/3673/3688 3911/3669/3684
f 3903/3668/3683 3773/3667/3682 3911/3669/3684
f 3796/3672/3687 3822/3674/3689 3795/3673/3688
f 3795/3673/3688 3822/3674/3689 3821/3675/3690
f 3795/3673/3688 3821/3675/3690 3905/3670/3685
f 3911/3669/3684 3795/3673/3688 3905/3670/3685
f 3822/3674/3689 3820/3656/3672 3821/3675/3690
f 3821/3675/3690 3820/3656/3672 3819/3655/3671
f 3821/3675/3690 3819/3655/3671 3904/3671/3686
f 3905/3670/3685 3821/3675/3690 3904/3671/3686
f 3904/3671/3686 3819/3655/3671 3889/3654/3670
s 46
f 3844/3676/3691 3813/3677/3692 3812/3678/3693
f 3812/3678/3693 3813/3677/3692 3811/3679/3694
f 3812/3678/3693 3811/3679/3694 3913/3680/3695
f 3890/3681/3696 3812/3678/3693 3913/3680/3695
f 3845/3682/3697 3812/3678/3693 3890/3681/3696
f 3845/3682/3697 3844/3676/3691 3812/3678/3693
f 3846/3683/3698 3844/3676/3691 3845/3682/3697
f 3847/3684/3699 3846/3683/3698 3845/3682/3697
f 3848/3685/3700 3846/3683/3698 3847/3684/3699
f 3813/3677/3692 3823/3686/3701 3811/3679/3694
f 3811/3679/3694 3823/3686/3701 3837/3687/3702
f 3811/3679/3694 3837/3687/3702 3916/3688/3703
f 3913/3680/3695 3811/3679/3694 3916/3688/3703
f 3913/3680/3695 3916/3688/3703 3928/3689/3704
f 3890/3681/3696 3913/3680/3695 3928/3689/3704
f 3930/3690/3705 3890/3681/3696 3928/3689/3704
f 3930/3690/3705 3845/3682/3697 3890/3681/3696
f 3847/3684/3699 3845/3682/3697 3930/3690/3705
f 3931/3691/3706 3847/3684/3699 3930/3690/3705
f 3838/3692/3707 3847/3684/3699 3931/3691/3706
f 3838/3692/3707 3848/3685/3700 3847/3684/3699
f 3834/3693/3708 3848/3685/3700 3838/3692/3707
f 3823/3686/3701 3836/3694/3709 3837/3687/3702
f 3837/3687/3702 3836/3694/3709 3835/3695/3710
f 3837/3687/3702 3835/3695/3710 3917/3696/3711
f 3916/3688/3703 3837/3687/3702 3917/3696/3711
f 3916/3688/3703 3917/3696/3711 3928/3689/3704
f 3836/3694/3709 3825/3697/3712 3835/3695/3710
f 3835/3695/3710 3825/3697/3712 3824/3698/3713
f 3835/3695/3710 3824/3698/3713 3918/3699/3714
f 3917/3696/3711 3835/3695/3710 3918/3699/3714
f 3917/3696/3711 3918/3699/3714 3928/3689/3704
f 3825/3697/3712 3827/3700/3715 3824/3698/3713
f 3824/3698/3713 3827/3700/3715 3828/3701/3716
f 3824/3698/3713 3828/3701/3716 3919/3702/3717
f 3918/3699/3714 3824/3698/3713 3919/3702/3717
f 3918/3699/3714 3919/3702/3717 3928/3689/3704
f 3827/3700/3715 3829/3703/3718 3828/3701/3716
f 3828/3701/3716 3829/3703/3718 3830/3704/3719
f 3828/3701/3716 3830/3704/3719 3920/3705/3720
f 3919/3702/3717 3828/3701/3716 3920/3705/3720
f 3919/3702/3717 3920/3705/3720 3928/3689/3704
f 3920/3705/3720 3915/3706/3721 3928/3689/3704
f 3915/3706/3721 3921/3707/3722 3928/3689/3704
f 3921/3707/3722 3914/3708/3723 3928/3689/3704
f 3914/3708/3723 3931/3691/3706 3928/3689/3704
f 3931/3691/3706 3930/3690/3705 3928/3689/3704
f 3829/3703/3718 3831/3709/3724 3830/3704/3719
f 3830/3704/3719 3831/3709/3724 3832/3710/3725
f 3830/3704/3719 3832/3710/3725 3915/3706/3721
f 3920/3705/3720 3830/3704/3719 3915/3706/3721
f 3831/3709/3724 3833/3711/3726 3832/3710/3725
f 3832/3710/3725 3833/3711/3726 3826/3712/3727
f 3832/3710/3725 3826/3712/3727 3921/3707/3722
f 3915/3706/3721 3832/3710/3725 3921/3707/3722
f 3833/3711/3726 3834/3693/3708 3826/3712/3727
f 3826/3712/3727 3834/3693/3708 3838/3692/3707
f 3826/3712/3727 3838/3692/3707 3914/3708/3723
f 3921/3707/3722 3826/3712/3727 3914/3708/3723
f 3914/3708/3723 3838/3692/3707 3931/3691/3706
s 47
f 3839/3713/3728 3843/3714/3729 3874/3715/3730
f 3874/3715/3730 3843/3714/3729 3865/3716/3731
f 3865/3716/3731 3875/3717/3732 3874/3715/3730
f 3875/3717/3732 3873/3718/3733 3874/3715/3730
f 3874/3715/3730 3873/3718/3733 3861/3719/3734
f 3861/3719/3734 3839/3713/3728 3874/3715/3730
f 3841/3720/3735 3839/3713/3728 3861/3719/3734
f 3864/3721/3736 3841/3720/3735 3861/3719/3734
f 3850/3722/3715 3841/3720/3735 3864/3721/3736
f 3843/3714/3729 3842/3723/3692 3865/3716/3731
f 3865/3716/3731 3842/3723/3692 3879/3724/3737
f 3879/3724/3737 3882/3725/3738 3865/3716/3731
f 3882/3725/3738 3875/3717/3732 3865/3716/3731
f 3875/3717/3732 3882/3725/3738 3862/3726/3739
f 3873/3718/3733 3875/3717/3732 3862/3726/3739
f 3858/3727/3740 3873/3718/3733 3862/3726/3739
f 3873/3718/3733 3858/3727/3740 3861/3719/3734
f 3861/3719/3734 3858/3727/3740 3867/3728/3741
f 3864/3721/3736 3861/3719/3734 3867/3728/3741
f 3842/3723/3692 3863/3729/3742 3879/3724/3737
f 3879/3724/3737 3863/3729/3742 3857/3730/3743
f 3857/3730/3743 3856/3731/3744 3879/3724/3737
f 3856/3731/3744 3882/3725/3738 3879/3724/3737
f 3882/3725/3738 3856/3731/3744 3862/3726/3739
f 3863/3729/3742 3860/3732/3745 3857/3730/3743
f 3857/3730/3743 3860/3732/3745 3855/3733/3746
f 3855/3733/3746 3868/3734/3747 3857/3730/3743
f 3868/3734/3747 3856/3731/3744 3857/3730/3743
f 3856/3731/3744 3868/3734/3747 3862/3726/3739
f 3860/3732/3745 3853/3735/3748 3855/3733/3746
f 3855/3733/3746 3853/3735/3748 3871/3736/3749
f 3871/3736/3749 3870/3737/3750 3855/3733/3746
f 3870/3737/3750 3868/3734/3747 3855/3733/3746
f 3868/3734/3747 3870/3737/3750 3862/3726/3739
f 3853/3735/3748 3840/3738/3751 3871/3736/3749
f 3871/3736/3749 3840/3738/3751 3869/3739/3752
f 3871/3736/3749 3869/3739/3752 3870/3737/3750
f 3869/3739/3752 3877/3740/3753 3870/3737/3750
f 3870/3737/3750 3877/3740/3753 3862/3726/3739
f 3840/3738/3751 3849/3741/3754 3869/3739/3752
f 3869/3739/3752 3849/3741/3754 3854/3742/3755
f 3869/3739/3752 3854/3742/3755 3877/3740/3753
f 3854/3742/3755 3866/3743/3756 3877/3740/3753
f 3877/3740/3753 3866/3743/3756 3862/3726/3739
f 3866/3743/3756 3859/3744/3757 3862/3726/3739
f 3859/3744/3757 3878/3745/3758 3862/3726/3739
f 3878/3745/3758 3867/3728/3741 3862/3726/3739
f 3867/3728/3741 3858/3727/3740 3862/3726/3739
f 3849/3741/3754 3852/3746/3759 3854/3742/3755
f 3854/3742/3755 3852/3746/3759 3872/3747/3760
f 3854/3742/3755 3872/3747/3760 3866/3743/3756
f 3872/3747/3760 3859/3744/3757 3866/3743/3756
f 3872/3747/3760 3876/3748/3761 3859/3744/3757
f 3876/3748/3761 3878/3745/3758 3859/3744/3757
f 3876/3748/3761 3864/3721/3736 3878/3745/3758
f 3864/3721/3736 3867/3728/3741 3878/3745/3758
f 3852/3746/3759 3851/3749/3718 3872/3747/3760
f 3872/3747/3760 3851/3749/3718 3876/3748/3761
f 3851/3749/3718 3850/3722/3715 3876/3748/3761
f 3876/3748/3761 3850/3722/3715 3864/3721/3736
s 48
f 3894/3750/3762 3883/3751/3763 3897/3752/3764
f 3883/3751/3763 3884/3753/3765 3897/3752/3764
f 3884/3753/3765 3885/3754/3766 3897/3752/3764
f 3885/3754/3766 3886/3755/3767 3897/3752/3764
f 3886/3755/3767 3881/3756/41 3897/3752/3764
f 3881/3756/41 3887/3757/3768 3897/3752/3764
f 3887/3757/3768 3880/3758/52 3897/3752/3764
f 3880/3758/52 3894/3750/3762 3897/3752/3764
s 49
f 3901/3755/3769 3896/3756/3770 3898/3752/3771
f 3896/3756/3770 3899/3757/3772 3898/3752/3771
f 3899/3757/3772 3909/3758/3773 3898/3752/3771
f 3909/3758/3773 3908/3750/3774 3898/3752/3771
f 3908/3750/3774 3907/3751/44 3898/3752/3771
f 3907/3751/44 3895/3753/3775 3898/3752/3771
f 3895/3753/3775 3892/3754/3776 3898/3752/3771
f 3892/3754/3776 3901/3755/3769 3898/3752/3771
s 50
f 658/3759/3777 619/3760/3778 616/3761/3779
f 619/3760/3778 664/3762/3780 616/3761/3779
f 664/3762/3780 596/3763/3781 616/3761/3779
f 596/3763/3781 588/3764/3782 616/3761/3779
f 588/3764/3782 573/3765/945 616/3761/3779
f 573/3765/945 574/3766/931 616/3761/3779
f 574/3766/931 614/3767/930 616/3761/3779
f 614/3767/930 615/3768/3783 616/3761/3779
f 615/3768/3783 617/3769/3784 616/3761/3779
f 617/3769/3784 572/3770/3785 616/3761/3779
f 572/3770/3785 653/3771/3786 616/3761/3779
f 653/3771/3786 651/3772/3787 616/3761/3779
f 651/3772/3787 656/3773/3788 616/3761/3779
f 656/3773/3788 658/3759/3777 616/3761/3779
s 51
f 439/3774/3789 704/3775/1089 378/3776/3790
f 439/3774/3789 378/3776/3790 368/3777/3791
f 439/3774/3789 368/3777/3791 369/3778/3792
f 439/3774/3789 369/3778/3792 370/3779/3793
f 439/3774/3789 370/3779/3793 371/3780/3794
f 439/3774/3789 371/3780/3794 448/3781/3795
f 439/3774/3789 448/3781/3795 387/3782/3796
f 439/3774/3789 387/3782/3796 438/3783/1067
f 439/3774/3789 438/3783/1067 383/3784/1068
f 439/3774/3789 383/3784/1068 382/3785/3797
f 439/3774/3789 382/3785/3797 381/3786/1081
f 439/3774/3789 381/3786/1081 380/3787/3798
f 439/3774/3789 380/3787/3798 379/3788/3799
f 439/3774/3789 379/3788/3799 704/3775/1089
s 52
f 786/3464/3800 766/3465/3801 889/3466/3802
f 786/3464/3800 889/3466/3802 888/3467/3803
f 786/3464/3800 888/3467/3803 835/3468/3804
f 786/3464/3800 835/3468/3804 807/3469/3805
f 786/3464/3800 807/3469/3805 834/3470/3806
f 786/3464/3800 834/3470/3806 833/3471/3807
f 786/3464/3800 833/3471/3807 761/3472/3808
f 786/3464/3800 761/3472/3808 766/3465/3801
s 53
f 788/3473/3809 793/3474/3810 794/3475/3811
f 794/3475/3811 793/3474/3810 792/3476/3812
f 794/3475/3811 792/3476/3812 763/3477/3813
f 768/3478/3814 794/3475/3811 763/3477/3813
f 768/3478/3814 752/3479/3815 794/3475/3811
f 752/3479/3815 753/3480/3816 794/3475/3811
f 753/3480/3816 788/3473/3809 794/3475/3811
f 809/3481/3817 788/3473/3809 753/3480/3816
f 793/3474/3810 838/3482/3818 792/3476/3812
f 792/3476/3812 838/3482/3818 803/3483/3819
f 792/3476/3812 803/3483/3819 763/3477/3813
f 803/3483/3819 767/3484/3820 763/3477/3813
f 759/3485/3821 763/3477/3813 767/3484/3820
f 759/3485/3821 768/3478/3814 763/3477/3813
f 759/3485/3821 752/3479/3815 768/3478/3814
f 759/3485/3821 754/3486/3822 752/3479/3815
f 754/3486/3822 808/3487/3823 752/3479/3815
f 808/3487/3823 753/3480/3816 752/3479/3815
f 808/3487/3823 809/3481/3817 753/3480/3816
f 769/3488/3824 809/3481/3817 808/3487/3823
f 838/3482/3818 796/3489/3825 803/3483/3819
f 803/3483/3819 796/3489/3825 806/3490/3826
f 803/3483/3819 806/3490/3826 775/3491/3827
f 767/3484/3820 803/3483/3819 775/3491/3827
f 759/3485/3821 767/3484/3820 775/3491/3827
f 759/3485/3821 775/3491/3827 787/3492/3828
f 759/3485/3821 787/3492/3828 755/3493/3829
f 759/3485/3821 755/3493/3829 754/3486/3822
f 808/3487/3823 754/3486/3822 755/3493/3829
f 795/3494/3830 808/3487/3823 755/3493/3829
f 795/3494/3830 769/3488/3824 808/3487/3823
f 785/3495/3831 769/3488/3824 795/3494/3830
f 796/3489/3825 804/3496/3832 806/3490/3826
f 806/3490/3826 804/3496/3832 770/3497/3833
f 806/3490/3826 770/3497/3833 775/3491/3827
f 770/3497/3833 787/3492/3828 775/3491/3827
f 787/3492/3828 770/3497/3833 755/3493/3829
f 770/3497/3833 795/3494/3830 755/3493/3829
f 770/3497/3833 785/3495/3831 795/3494/3830
f 804/3496/3832 785/3495/3831 770/3497/3833
s 54
f 3003/3789/3834 3001/3790/3835 3015/3791/3836
f 3003/3789/3834 3015/3791/3836 3050/3792/3837
f 3003/3789/3834 3050/3792/3837 3007/3793/3838
f 3003/3789/3834 3007/3793/3838 3019/3794/3839
f 3003/3789/3834 3019/3794/3839 3004/3795/3840
f 3003/3789/3834 3004/3795/3840 3002/3796/3841
f 3003/3789/3834 3002/3796/3841 3020/3797/3842
f 3003/3789/3834 3020/3797/3842 3051/3798/3843
f 3003/3789/3834 3051/3798/3843 3013/3799/3844
f 3003/3789/3834 3013/3799/3844 3096/3800/3845
f 3003/3789/3834 3096/3800/3845 3112/3801/3846
f 3003/3789/3834 3112/3801/3846 3113/3802/3847
f 3003/3789/3834 3113/3802/3847 3114/3803/3848
f 3003/3789/3834 3114/3803/3848 2999/3804/3849
f 3003/3789/3834 2999/3804/3849 3014/3805/3850
f 3003/3789/3834 3014/3805/3850 2996/3806/3851
f 3003/3789/3834 2996/3806/3851 3000/3807/3852
f 3003/3789/3834 3000/3807/3852 3001/3790/3835
