# Blender 3.6.0
# www.blender.org
mtllib TorsoKarma.mtl
g Karma_torso_Mesh
v -16.988640 -11.124956 3.744671
v -20.005634 -16.318933 3.712729
v -16.710520 -11.590341 7.731588
v -0.022286 -17.075380 -7.161302
v -10.455037 -31.939240 -4.281932
v -0.051233 -20.354065 -7.167596
v -10.450100 -19.436432 -4.319023
v -10.428290 -9.134775 -4.248152
v -2.532068 44.203308 10.690567
v -3.475571 43.898819 9.313814
v -5.640538 46.865814 6.158686
v -6.945514 52.142426 8.179997
v -6.378583 49.627808 4.698914
v -7.684739 49.346115 8.467607
v -8.218801 50.752014 8.826367
v -7.182002 48.420609 7.805283
v -5.361650 46.837631 7.664263
v -6.485216 47.605133 7.268589
v -6.068861 47.856812 6.578997
v -5.856688 47.690918 7.355256
v -7.963140 52.026917 8.131490
v -7.750825 52.298309 8.210842
v -7.508553 52.144623 7.316854
v -3.713874 43.137924 4.053812
v 6.721394 48.795929 6.139330
v 13.298539 45.754211 12.214485
v 15.558399 44.607208 14.218844
v 16.513008 42.809814 16.554510
v -4.809884 45.258026 7.094332
v -1.959863 41.603622 2.628503
v -4.595982 45.624329 8.681751
v 9.033365 45.749115 7.945916
v 15.985849 41.095123 13.402012
v 11.695979 42.066010 9.600794
v 12.033250 43.195923 10.741352
v -6.803931 53.390411 8.579370
v 13.263490 40.797729 12.849380
v 13.018950 39.804825 11.576748
v 6.475955 46.335114 5.590788
v 15.793960 39.993118 14.803222
v 6.333066 54.371429 5.823759
v 6.089883 53.845520 4.033147
v -3.714651 45.953827 10.476705
v -5.017859 47.043808 9.159471
v 10.660119 40.871826 9.800086
v 15.828269 39.457413 14.009552
v 10.949079 41.981613 11.007801
v -4.476400 47.317215 10.687935
v -4.942142 45.095917 5.720654
v 8.008945 43.466614 7.297171
v 6.901808 47.895111 5.448321
v -3.496649 42.460327 5.069455
v 2.532068 44.203308 10.690571
v 4.476400 47.317215 10.687938
v 3.475571 43.898819 9.313817
v 4.595982 45.624329 8.681756
v 3.993719 43.313721 7.793572
v -6.909040 48.246124 8.073621
v -8.043319 51.000412 9.109936
v -7.461513 49.365417 8.814333
v -7.291274 52.297409 7.098450
v -5.605272 48.626221 9.617116
v -6.675365 52.224747 7.133876
v -6.916317 51.613022 6.296633
v 14.624189 39.433121 12.900038
v 16.460228 39.817413 13.193808
v 15.828269 39.457413 14.009552
v 13.018950 39.804825 11.576748
v 14.624189 39.433121 12.900038
v 14.961638 40.248123 14.137630
v 10.660119 40.871826 9.800086
v 6.475955 46.335114 5.590788
v 8.008945 43.466614 7.297171
v 8.844707 44.594009 7.074779
v 6.138271 49.720810 9.822562
v 6.916317 51.613022 6.296637
v 7.291276 52.297409 7.098454
v 5.361650 46.837631 7.664266
v -6.423065 49.523117 8.827975
v -5.991580 48.526215 8.222961
v 6.485219 47.605133 7.268592
v 8.218801 50.752014 8.826374
v 8.835750 45.958908 8.408209
v 9.689187 46.984009 8.123495
v 6.656469 50.142120 5.314648
v 6.708189 50.277817 5.828749
v 9.986472 48.198120 8.915652
v 6.313822 49.684509 5.536430
v -6.866182 50.809418 9.023190
v -6.138270 49.720810 9.822559
v 5.856690 47.690918 7.355259
v 6.068864 47.856812 6.579000
v 5.605272 48.626221 9.617120
v 6.909043 48.246124 8.073625
v 8.043319 51.000412 9.109942
v 5.991582 48.526215 8.222966
v 6.423065 49.523117 8.827981
v 6.675367 52.224731 7.133881
v 7.963142 52.026917 8.131496
v 14.171119 42.343109 13.685248
v 6.866182 50.809418 9.023196
v 1.959869 41.603622 2.628506
v 5.640541 46.865814 6.158689
v 4.809886 45.258026 7.094336
v 7.750828 52.298325 8.210848
v 6.378586 49.627808 4.698917
v 3.713880 43.137924 4.053814
v 7.182003 48.420609 7.805286
v 7.461513 49.365417 8.814338
v 7.684741 49.346115 8.467612
v 6.710010 52.223221 9.962136
v 6.945517 52.142426 8.180003
v 4.942144 45.095917 5.720657
v 7.508554 52.144623 7.316858
v 13.946489 40.872116 11.276978
v 14.300118 41.916611 12.373911
v 15.511109 40.221222 12.413895
v 6.803931 53.390411 8.579374
v 16.190338 41.893326 15.417875
v 14.609420 43.549133 14.699503
v 11.871729 43.379822 11.449923
v 17.273098 40.145218 14.477783
v 6.771657 46.784225 6.272240
v 12.290679 44.617920 12.521884
v 8.835750 45.958908 8.408209
v 9.144462 47.161316 9.208110
v 7.161026 49.701126 6.587164
v 6.436316 51.756622 4.613045
v 6.606042 53.406616 7.181221
v -6.436316 51.756622 4.613041
v 6.721394 48.795929 6.139330
v 6.313822 49.684509 5.536430
v 8.126063 44.501312 8.167136
v -6.606040 53.406631 7.181217
v -3.993719 43.313721 7.793569
v -6.333063 54.371429 5.823753
v -6.089880 53.845520 4.033143
v -6.710010 52.223221 9.962132
v 3.496650 42.460327 5.069455
v 3.714651 45.953827 10.476708
v 5.017859 47.043808 9.159474
v 11.871729 43.379822 11.449923
v -13.298539 45.754211 12.214476
v -6.721391 48.795929 6.139326
v -9.986472 48.198120 8.915648
v -15.099739 43.408112 13.201183
v -6.656466 50.142120 5.314644
v -6.708186 50.277817 5.828745
v -15.558399 44.607208 14.218836
v -16.513008 42.809814 16.554501
v -16.190338 41.893326 15.417867
v -7.379117 49.320023 5.981917
v -6.313819 49.684509 5.536427
v -9.689187 46.984009 8.123490
v -8.835750 45.958908 8.408206
v -18.105030 44.046127 14.387359
v -21.783199 51.766617 20.970831
v -16.694599 37.183533 12.683473
v -37.942619 56.510731 44.119022
v 38.899609 71.777527 43.246849
v 35.706600 67.906128 40.496941
v 39.036884 71.709106 45.234230
v 35.976475 69.520432 38.866322
v 29.796324 57.235325 30.276461
v 28.587914 58.064732 30.406351
v -35.535751 85.045212 39.368927
v -22.433369 47.824615 20.463690
v -26.694742 50.948917 26.413067
v -34.287148 38.651020 39.221012
v -36.395401 58.939320 41.656658
v -35.535751 85.045212 39.368927
v -17.032681 44.949127 14.655717
v 38.127804 80.708923 41.752163
v 38.124241 81.726227 43.549126
v 36.885441 68.706528 40.289829
v 35.270321 68.563019 39.661980
v 30.163122 27.555025 33.294682
v 17.032677 44.949127 14.655721
v 33.321224 96.658218 33.795368
v 31.019499 33.738316 32.798618
v 29.285351 27.320818 30.209793
v 32.746929 97.775726 34.716038
v -39.036911 71.709106 45.234219
v 18.105026 44.046127 14.387362
v 35.868412 81.653229 40.079681
v 19.119646 39.998932 16.119280
v 29.784351 69.321228 31.430521
v 29.689461 77.780518 30.917862
v -35.868439 81.653229 40.079666
v -35.631241 84.690918 37.770245
v -29.582163 96.531616 30.005594
v 30.629272 95.407318 29.698185
v 36.180744 80.476120 38.764301
v 31.185043 69.240128 31.544981
v 30.849762 78.020416 30.700710
v -34.737267 90.979019 37.932922
v -36.180771 80.476120 38.764286
v -26.760445 92.421127 25.891176
v -30.629284 95.407318 29.698172
v -34.836227 90.543320 36.343094
v -25.832623 52.119236 26.822138
v 25.833031 52.117725 26.823324
v 29.582151 96.531616 30.005608
v 34.287121 38.651020 39.221027
v -22.089611 50.066925 19.821291
v -21.710890 48.644913 21.088453
v 34.444042 39.275822 37.672070
v 34.737240 90.979019 37.932938
v 31.256781 36.198215 34.813519
v 26.695501 50.946110 26.415224
v 21.710886 48.644913 21.088461
v -28.071045 91.785614 25.912718
v -14.624189 39.433121 12.900032
v -14.624189 39.433121 12.900032
v -10.949079 41.981613 11.007795
v -10.660119 40.871826 9.800080
v -15.793960 39.993118 14.803213
v -15.828269 39.457413 14.009543
v -16.460228 39.817413 13.193799
v -15.828269 39.457413 14.009543
v 10.127069 48.324127 8.790942
v 16.647619 46.149628 14.343738
v 13.977279 46.294312 12.127372
v 7.187231 53.353729 5.865918
v 7.379117 49.320023 5.981921
v 7.269598 51.017212 6.041240
v -13.263490 40.797729 12.849375
v -8.008945 43.466614 7.297166
v -14.961638 40.248123 14.137623
v -13.018950 39.804825 11.576742
v -35.302658 68.761719 41.656197
v -35.706627 67.906128 40.496929
v 29.155352 80.650818 28.019375
v 27.902042 80.351822 28.073086
v 16.190338 41.893326 15.417875
v 17.418629 43.673920 16.015154
v 6.877903 50.827637 5.604925
v 17.041359 42.769119 14.855930
v 12.877798 44.516418 11.142984
v 7.788074 50.267029 6.427607
v -6.721391 48.795929 6.139326
v -12.033250 43.195923 10.741344
v -6.901805 47.895111 5.448317
v -6.475953 46.335114 5.590785
v -17.273098 40.145218 14.477775
v -8.126063 44.501312 8.167133
v 14.180120 47.536026 13.361740
v 17.313148 47.100525 14.205267
v 18.194479 47.206726 15.843803
v 10.982689 50.880615 9.911644
v -6.771656 46.784225 6.272236
v -8.008945 43.466614 7.297166
v -15.511109 40.221222 12.413888
v -6.475953 46.335114 5.590785
v -14.300118 41.916611 12.373904
v -8.844707 44.594009 7.074772
v -15.985849 41.095123 13.402005
v -9.033365 45.749115 7.945912
v -11.695979 42.066010 9.600788
v -8.835750 45.958908 8.408206
v -11.871729 43.379822 11.449916
v -14.171119 42.343109 13.685242
v -13.018950 39.804825 11.576742
v 16.524508 47.126419 15.152847
v 13.977279 46.294312 12.127372
v 6.656469 50.142120 5.314648
v 7.297112 51.820419 6.837542
v 6.732759 51.916016 5.417555
v 7.714015 51.956223 6.238784
v 15.082749 48.886917 13.432563
v 7.269598 51.017212 6.041240
v 7.866604 52.780624 6.921987
v 31.730570 31.358812 35.541172
v 30.799034 28.382418 32.468483
v 10.127069 48.324127 8.790942
v 17.257837 48.054916 15.150601
v 16.647619 46.149628 14.343738
v 18.194479 47.206726 15.843803
v 14.841660 47.651718 12.182076
v -35.270348 68.563019 39.661968
v -36.770226 67.586716 43.942387
v -36.530281 80.757507 43.124725
v -37.295921 71.824432 44.629253
v -29.795704 57.237614 30.274693
v -28.587482 58.066319 30.405170
v -31.183294 69.246521 31.540077
v -36.885468 68.706528 40.289818
v -29.784233 69.321716 31.430138
v -31.991247 31.236025 34.214199
v -29.285362 27.320818 30.209782
v -28.225094 26.408419 30.480869
v -22.015390 42.292023 20.219690
v -21.127689 41.080933 20.866665
v -19.119650 39.998932 16.119278
v -27.435404 28.460024 27.477001
v -26.021954 27.883318 27.333942
v -29.689472 77.780518 30.917850
v -38.084869 56.144123 42.594959
v -37.473740 67.411819 41.262737
v -30.849773 78.020416 30.700697
v -38.127831 80.708923 41.752148
v -34.248863 69.077118 39.986446
v 30.542582 34.108219 33.758957
v 31.991232 31.236025 34.214211
v -34.049202 84.742828 39.147274
v 10.185789 49.480316 9.859322
v 6.732759 51.916016 5.417555
v 10.890630 49.698608 8.914355
v -39.036911 71.709106 45.234219
v -36.138245 46.564915 41.687473
v -15.242881 35.638214 12.386890
v -36.395538 47.366917 40.309513
v -18.455730 38.896927 17.010508
v -10.660119 40.871826 9.800080
v -13.946489 40.872116 11.276971
v -36.534561 56.195225 43.953403
v -38.124268 81.726227 43.549114
v -36.138245 46.564915 41.687473
v -32.746956 97.775726 34.716022
v -35.270348 68.563019 39.661968
v -35.706627 67.906128 40.496929
v -31.019514 33.738316 32.798611
v -34.587250 80.525421 40.137527
v -37.942619 56.510731 44.119022
v -17.313148 47.100525 14.205258
v -15.082749 48.886917 13.432553
v -9.144462 47.161316 9.208106
v -34.804512 47.425129 41.674690
v -7.269597 51.017212 6.041236
v -30.542597 34.108219 33.758949
v -34.737267 90.979019 37.932922
v -6.656466 50.142120 5.314644
v -38.899635 71.777527 43.246838
v -13.977279 46.294312 12.127363
v -16.647619 46.149628 14.343729
v -10.127069 48.324127 8.790936
v -16.647619 46.149628 14.343729
v -16.524508 47.126419 15.152839
v -10.185789 49.480316 9.859316
v -14.180120 47.536026 13.361732
v -18.194479 47.206726 15.843795
v -13.977279 46.294312 12.127363
v -17.257837 48.054916 15.150593
v -10.982689 50.880615 9.911638
v -27.902054 80.351822 28.073078
v -29.155363 80.650818 28.019365
v -30.799046 28.382418 32.468472
v -7.714015 51.956223 6.238780
v -14.841660 47.651718 12.182068
v -7.187228 53.353729 5.865912
v -7.297112 51.820419 6.837538
v -6.732757 51.916016 5.417552
v -10.890630 49.698608 8.914351
v -31.730616 31.358812 35.541199
v -30.163137 27.555025 33.294670
v -7.866601 52.780624 6.921981
v -32.746956 97.775726 34.716022
v -33.321251 96.658218 33.795353
v -38.124268 81.726227 43.549114
v -7.269597 51.017212 6.041236
v -10.127069 48.324127 8.790936
v -6.877903 50.827637 5.604921
v -35.976501 69.520432 38.866310
v -18.194479 47.206726 15.843795
v -6.732757 51.916016 5.417552
v 5.655193 -70.971603 -6.416339
v 5.861398 -70.970360 -7.625896
v 18.819637 42.347916 17.130564
v 15.099739 43.408112 13.201192
v -12.290679 44.617920 12.521877
v -7.161024 49.701126 6.587162
v -14.609420 43.549133 14.699494
v -16.190338 41.893326 15.417867
v -6.313819 49.684509 5.536427
v 14.171119 42.343109 13.685248
v 36.530254 80.757507 43.124741
v 39.036884 71.709106 45.234230
v 38.124241 81.726227 43.549126
v -11.871729 43.379822 11.449916
v -14.171119 42.343109 13.685242
v -12.877798 44.516418 11.142978
v -7.788072 50.267029 6.427604
v -21.783199 51.766617 20.970831
v -36.476921 66.372620 41.706799
v -38.347832 67.541718 42.576618
v -35.499420 64.279510 38.324799
v 28.224182 26.411821 30.478359
v 36.368603 47.465229 40.234554
v 37.942593 56.510731 44.119030
v 15.242877 35.638214 12.386893
v 22.433365 47.824615 20.463697
v 16.694595 37.183533 12.683476
v -37.889862 66.385223 43.743176
v -20.537579 50.157028 21.133024
v -36.754204 58.256840 40.475060
v -21.710890 48.644913 21.088453
v 18.455727 38.896927 17.010511
v 21.783195 51.766617 20.970839
v 22.016106 42.289429 20.221643
v 36.134380 46.578922 41.676857
v 22.089607 50.066925 19.821297
v 21.127686 41.080933 20.866671
v 38.084843 56.144123 42.594978
v 26.021942 27.883318 27.333950
v 27.435392 28.460024 27.477009
v 35.631214 84.690918 37.770260
v 34.836201 90.543320 36.343109
v 35.535725 85.045212 39.368942
v -34.444969 39.272526 37.674583
v -31.256796 36.198215 34.813507
v 26.760433 92.421127 25.891188
v 28.071033 91.785614 25.912727
v 31.702030 36.899525 33.733837
v -25.602974 31.615023 26.893353
v -31.702045 36.899525 33.733826
v -27.171175 32.426121 27.246370
v -23.857523 38.564423 24.750677
v 23.857512 38.564423 24.750689
v 27.171164 32.426121 27.246380
v -35.214218 64.397522 39.612671
v -25.137094 39.635818 24.634558
v 25.137083 39.635818 24.634567
v 36.749523 58.273930 40.462067
v 35.499393 64.279510 38.324814
v 25.602962 31.615023 26.893360
v 31.256781 36.198215 34.813519
v 29.582151 96.531616 30.005608
v 21.127686 41.080933 20.866671
v 33.958904 64.329224 39.684315
v 31.737640 96.710022 35.161926
v 33.261211 90.596924 37.716785
v 34.737240 90.979019 37.932938
v 36.134380 46.578922 41.676857
v 27.704554 27.383516 31.554863
v 17.517437 40.068024 17.470762
v 30.163122 27.555025 33.294682
v 30.542582 34.108219 33.758957
v 25.602962 31.615023 26.893360
v 28.224182 26.411821 30.478359
v 29.232540 28.438723 33.806911
v 16.537235 44.103210 15.735857
v 20.402657 42.390533 21.556074
v 35.214191 64.397522 39.612686
v -33.261238 90.596924 37.716770
v -35.868439 81.653229 40.079666
v -27.618294 80.708206 29.371220
v -29.689472 77.780518 30.917850
v 25.833031 52.117725 26.823324
v 28.199421 57.329014 31.607981
v 36.476894 66.372620 41.706814
v 35.910656 67.466431 42.618271
v 23.857512 38.564423 24.750689
v 23.518402 39.748722 25.966106
v 29.784351 69.321228 31.430521
v 29.615770 69.292511 32.913311
v 34.049175 84.742828 39.147289
v 29.868422 36.288425 34.711788
v 25.845232 28.530519 28.837040
v 32.746929 97.775726 34.716038
v 32.843304 39.347919 39.022499
v 36.395374 58.939320 41.656677
v 35.201450 58.321125 41.827110
v 34.287121 38.651020 39.221027
v 21.710886 48.644913 21.088461
v 35.868412 81.653229 40.079681
v 27.618282 80.708206 29.371227
v 34.587223 80.525421 40.137539
v 29.297012 78.068909 32.051189
v 35.302631 68.761719 41.656208
v 34.804485 47.425129 41.674706
v 36.770199 67.586716 43.942402
v 37.889835 66.385223 43.743191
v 37.942593 56.510731 44.119030
v 34.248837 69.077118 39.986458
v 35.706600 67.906128 40.496941
v 26.760433 92.421127 25.891188
v 25.203503 51.050724 27.659323
v 31.730570 31.358812 35.541172
v 25.589861 32.504215 28.582497
v 36.395374 58.939320 41.656677
v 35.214191 64.397522 39.612686
v 37.473713 67.411819 41.262753
v 21.783195 51.766617 20.970839
v 38.347805 67.541718 42.576633
v 35.535725 85.045212 39.368942
v -28.199432 57.329014 31.607971
v -35.214218 64.397522 39.612671
v 17.032677 44.949127 14.655721
v 26.021942 27.883318 27.333950
v 20.848366 47.922623 21.795996
v 36.476894 66.372620 41.706814
v 20.537575 50.157028 21.133032
v -25.203514 51.050724 27.659315
v -28.587482 58.066319 30.405170
v -15.168421 37.222122 14.026794
v -29.784233 69.321716 31.430138
v -20.402660 42.390533 21.556068
v -26.021954 27.883318 27.333942
v -21.127689 41.080933 20.866665
v -29.868437 36.288425 34.711781
v -36.395401 58.939320 41.656658
v -20.848370 47.922623 21.795988
v -32.843330 39.347919 39.022484
v -30.163137 27.555025 33.294670
v -29.232555 28.438814 33.806850
v -34.287148 38.651020 39.221012
v -31.256796 36.198215 34.813507
v -30.427225 31.308825 35.555668
v -27.704575 27.383516 31.554821
v -26.501984 91.830017 27.283575
v -29.615665 69.292923 32.912960
v -29.297024 78.068909 32.051178
v 15.242877 35.638214 12.386893
v 18.455727 38.896927 17.010511
v 37.889835 66.385223 43.743191
v -16.537239 44.103210 15.735853
v -35.201477 58.321125 41.827091
v -25.845243 28.530519 28.837032
v -17.032681 44.949127 14.655717
v -15.242881 35.638214 12.386890
v 26.501972 91.830017 27.283588
v 29.689461 77.780518 30.917862
v -31.737656 96.710022 35.161911
v -37.889862 66.385223 43.743176
v -29.039024 95.449722 31.065252
v -29.582163 96.531616 30.005594
v -35.910683 67.466431 42.618259
v -17.517441 40.068024 17.470760
v -25.832623 52.119236 26.822138
v -26.760445 92.421127 25.891176
v -27.902054 80.351822 28.073078
v -33.958931 64.329224 39.684299
v 27.902042 80.351822 28.073086
v -18.455730 38.896927 17.010508
v -31.730616 31.358812 35.541199
v -17.041359 42.769119 14.855922
v -18.819637 42.347916 17.130552
v -30.542597 34.108219 33.758949
v -29.459196 33.822834 34.114540
v -23.857523 38.564423 24.750677
v -25.602974 31.615023 26.893353
v -25.589872 32.504215 28.582489
v -36.476921 66.372620 41.706799
v -28.225094 26.408419 30.480869
v -23.518414 39.748722 25.966097
v -17.418629 43.673920 16.015141
v 8.688542 -67.803139 -5.745978
v 6.928414 -68.871994 -7.422124
v 9.004946 -67.801826 -6.931317
v 6.684767 -68.873260 -6.219625
v 30.427240 31.308718 35.555759
v 15.168417 37.222122 14.026798
v 36.534534 56.195225 43.953411
v 29.039013 95.449722 31.065266
v 37.295895 71.824432 44.629265
v 35.270321 68.563019 39.661980
v 28.587914 58.064732 30.406351
v 29.459259 33.822529 34.114708
v -12.042129 -13.679025 14.549007
v -15.804873 -11.183053 9.325360
v -9.904703 -8.504159 14.560356
v -13.974273 -6.135293 10.136163
v -15.086305 -5.102403 3.167628
v -16.474693 -11.547960 -2.084719
v -17.464949 -10.403131 3.205199
v -13.734990 -6.379595 -1.981280
v -5.436049 -11.012452 16.346462
v -1.315434 45.083817 0.565309
v -1.703150 43.690033 -0.062441
v 0.000003 52.195221 -2.952514
v -1.704693 45.963318 -0.309151
v -0.611472 43.980911 -1.131721
v -1.713207 45.060913 0.794358
v -1.396382 46.165115 -0.690041
v -1.150192 43.949707 -0.732750
v -1.723264 46.035217 -0.292072
v -1.790368 45.174011 -2.050132
v -1.157965 46.259918 -0.980311
v -1.790368 45.174011 -2.050132
v -1.441723 43.825027 -0.392932
v -1.981766 45.061615 -1.703171
v -0.680724 46.287811 -1.240962
v -0.854562 45.369019 -2.935082
v -0.900945 45.182129 0.196029
v -1.981766 45.061615 -1.703171
v -0.547087 45.187424 -0.021521
v -1.727001 44.795929 -1.387782
v -1.809451 45.112213 -2.056012
v -1.433415 45.321320 -2.399301
v -2.668033 57.034622 -2.328094
v -6.081580 68.555328 1.908141
v -4.113700 85.456421 15.579715
v -4.232521 87.943130 16.244106
v -4.232521 87.943130 16.244106
v -4.341609 86.240631 17.167616
v 4.232518 87.943130 16.244112
v -3.684941 76.045929 12.864270
v -3.573288 64.329926 7.344722
v -1.769564 58.789108 -1.565504
v -19.432077 68.876404 20.298109
v -20.749977 68.321121 20.905315
v -22.029707 68.332230 19.860096
v 13.710242 -6.372553 -1.947631
v 17.423998 -10.392351 3.260071
v -18.358408 72.895828 19.857101
v -16.791658 76.718018 18.754675
v -13.805718 70.804626 16.074436
v 16.416319 -11.528711 -2.002824
v 9.904703 -8.504159 14.560362
v 15.788177 -11.180192 9.346319
v 12.037680 -13.678666 14.554224
v 15.078310 -5.100572 3.178086
v 5.435915 -11.012452 16.346609
v -5.982621 61.505524 8.346981
v -15.328588 76.345825 19.690058
v 13.974082 -6.135270 10.136406
v -4.094995 81.411621 15.898330
v -4.243107 85.035919 16.924395
v -4.341609 86.240631 17.167616
v -17.370296 64.102524 16.458004
v 7.782104 59.349319 8.728460
v 0.982890 51.729431 -3.731282
v 8.084311 44.242813 5.125811
v -2.107143 62.253815 -2.541125
v -2.236078 67.309311 -1.176277
v -1.340460 54.048325 -4.233764
v 0.000003 69.940521 -0.292597
v 0.000003 69.319809 1.885375
v -6.081580 68.555328 1.908141
v 3.040916 65.232910 -1.722915
v -5.156726 69.184418 -0.115787
v 2.107149 62.253815 -2.541125
v 1.515536 57.633621 -3.743824
v -0.982884 51.729431 -3.731284
v -6.081580 68.555328 1.908141
v 0.000003 51.154816 -5.024674
v -3.040910 65.232910 -1.722917
v 0.000003 65.047318 -2.943157
v -1.400511 53.033813 -3.454564
v 0.000003 51.501221 -3.896682
v 6.382145 58.762222 3.054309
v 1.769570 58.789108 -1.565504
v 3.615726 57.354324 -1.855334
v -1.769564 58.789108 -1.565504
v -3.615720 57.354324 -1.855334
v 0.000003 59.063919 -1.535125
v -2.668033 57.034622 -2.328094
v -3.243218 59.054611 -0.862525
v -5.395891 60.651718 3.443236
v 1.340466 54.048325 -4.233764
v 2.668039 57.034622 -2.328094
v -7.512872 44.909927 4.046106
v -7.111065 36.931427 4.156284
v -6.382141 58.762222 3.054304
v 2.236084 67.309311 -1.176274
v -1.515530 57.633621 -3.743824
v 0.000003 51.501221 -3.896682
v 0.000003 52.195221 -2.952514
v 5.395894 60.651718 3.443239
v 6.176127 62.391312 8.221435
v 7.255888 37.550629 3.235009
v 6.402670 43.983719 2.985700
v 7.111068 36.931427 4.156288
v 0.000003 57.104431 -4.652944
v -0.982884 51.729431 -3.731284
v -2.668033 57.034622 -2.328094
v 6.665763 37.523514 4.890709
v 2.668039 57.034622 -2.328094
v 6.144805 39.807129 5.409512
v 0.000003 59.063919 -1.535125
v 6.081586 68.555328 1.908144
v 0.982890 51.729431 -3.731282
v -2.236792 57.357635 -3.472794
v 0.000003 68.390320 -0.940386
v -0.520798 51.182312 -4.914514
v 1.400517 53.033813 -3.454562
v 6.081586 68.555328 1.908144
v 2.236798 57.357635 -3.472794
v 5.156732 69.184418 -0.115785
v -3.528478 69.524719 11.241285
v -3.227749 70.001617 10.026791
v -3.993659 75.627319 14.068534
v 8.084311 44.242813 5.125811
v 1.769570 58.789108 -1.565504
v -0.982884 51.729431 -3.731284
v -6.402666 43.983719 2.985697
v 0.982890 51.729431 -3.731282
v 0.000003 54.779312 -4.330546
v 7.512875 44.909927 4.046111
v 6.308407 44.560715 4.044822
v 0.520804 51.182312 -4.914514
v 0.000003 59.394836 -3.440425
v 0.000003 60.737320 -3.027975
v 2.668039 57.034622 -2.328094
v 6.081586 68.555328 1.908144
v 0.000003 69.319809 1.885375
v 20.749977 68.321121 20.905327
v 8.234655 83.320724 16.608280
v 6.784297 81.564514 17.051195
v 10.889636 81.102722 18.008684
v 5.370551 61.269623 8.492918
v 21.888769 63.537720 19.838669
v 11.677629 70.929214 17.879642
v 8.957705 65.556915 14.041935
v 3.745005 63.458817 7.389947
v 14.830146 77.171417 19.982738
v 22.029707 68.332230 19.860107
v 13.507186 75.799820 20.578331
v 11.496968 56.455933 13.106454
v 11.559619 61.457825 15.162969
v 13.076986 71.810928 17.431692
v 5.384402 71.417114 13.270687
v 11.715209 61.147125 12.302543
v 18.358408 72.895828 19.857113
v 11.164208 61.168121 13.043797
v 17.370296 64.102524 16.458012
v 16.085659 56.708023 14.684028
v 12.519239 56.195221 11.227849
v 10.876639 51.430527 9.824049
v 7.166192 52.766724 6.113558
v 20.289497 53.658615 16.064764
v 18.674728 53.577011 17.024982
v 19.432077 68.876404 20.298120
v 9.993035 79.254410 18.922506
v 6.798625 59.632523 8.335912
v 19.432077 68.876404 20.298120
v 10.889636 81.102722 18.008684
v 13.805718 70.804626 16.074442
v 16.791658 76.718018 18.754684
v 16.646257 56.438324 13.808543
v 21.101158 57.282822 18.115717
v 18.332748 68.287216 21.207119
v 16.085659 56.708023 14.684028
v 20.366259 59.223129 20.712366
v 21.558138 59.149811 19.730402
v 16.859388 64.799011 17.950426
v 15.316545 64.197021 18.631649
v 20.289497 53.658615 16.064764
v 16.859388 64.799011 17.950426
v 20.749977 68.321121 20.905327
v 13.076986 71.810928 17.431692
v 7.441478 56.500916 7.426630
v 17.216528 50.807220 16.050797
v 14.946069 50.681122 12.559150
v 6.490172 56.471130 7.501699
v 15.328585 76.345825 19.690067
v 20.411608 63.132126 20.940634
v 3.528478 69.524719 11.241286
v 8.234655 83.320724 16.608280
v 22.082878 56.905319 17.104597
v 12.038909 56.540619 12.245257
v 18.223639 50.249634 14.899320
v 22.082878 56.905319 17.104597
v 10.753798 51.198318 10.962988
v 12.038909 56.540619 12.245257
v 16.791658 76.718018 18.754684
v 22.029707 68.332230 19.860107
v 5.982623 61.505524 8.346984
v 9.681556 65.338226 12.698257
v 3.573288 64.329926 7.344723
v 3.993659 75.627319 14.068536
v 14.946069 50.681122 12.559150
v 21.558138 59.149811 19.730402
v 5.339868 69.522614 11.274642
v 6.784297 81.564514 17.051195
v 6.561872 84.877319 17.216711
v 6.554622 81.487610 16.067747
v 18.223639 50.249634 14.899320
v 21.888769 63.537720 19.838669
v 21.101158 57.282822 18.115717
v 6.267427 52.758026 6.683001
v 14.001040 50.750824 13.413152
v 18.358408 72.895828 19.857113
v 16.331198 57.082230 17.423195
v 14.830146 77.171417 19.982738
v 17.311308 57.314819 16.390507
v 6.706954 83.329727 18.023411
v 6.385808 75.647018 14.283675
v 7.166192 52.766724 6.113558
v -20.749977 68.321121 20.905315
v -11.677632 70.929214 17.879637
v -22.029707 68.332230 19.860096
v -5.370549 61.269623 8.492915
v -10.889642 81.102722 18.008678
v -8.234657 83.320724 16.608274
v -14.830152 77.171417 19.982731
v 4.094994 81.411621 15.898331
v 10.876639 51.430527 9.824049
v 17.137678 72.388321 20.847492
v 17.311308 57.314819 16.390507
v 5.925598 59.464310 8.539610
v 15.328585 76.345825 19.690067
v -6.784298 81.564514 17.051189
v 4.243104 85.035919 16.924398
v -21.888769 63.537720 19.838657
v -13.076992 71.810928 17.431684
v -16.859388 64.799011 17.950418
v -16.085659 56.708023 14.684019
v -10.876639 51.430527 9.824043
v -7.166189 52.766724 6.113555
v -10.753798 51.198318 10.962982
v -17.216528 50.807220 16.050787
v -12.038909 56.540619 12.245251
v -6.490170 56.471130 7.501697
v -18.332748 68.287216 21.207111
v -16.085659 56.708023 14.684019
v -20.411608 63.132126 20.940624
v -16.646257 56.438324 13.808535
v -16.331198 57.082230 17.423189
v -8.957705 65.556915 14.041929
v -20.366259 59.223129 20.712355
v -15.316551 64.197021 18.631641
v -12.038909 56.540619 12.245251
v -7.441475 56.500916 7.426627
v -18.223639 50.249634 14.899310
v -10.876639 51.430527 9.824043
v -18.223639 50.249634 14.899310
v -14.001040 50.750824 13.413145
v -18.358408 72.895828 19.857101
v -5.384402 71.417114 13.270683
v -17.311308 57.314819 16.390497
v -5.925596 59.464310 8.539607
v -13.507192 75.799820 20.578321
v -21.558138 59.149811 19.730391
v -17.311308 57.314819 16.390497
v -22.082878 56.905319 17.104584
v -12.519239 56.195221 11.227842
v -22.082878 56.905319 17.104584
v -14.946069 50.681122 12.559142
v -19.432077 68.876404 20.298109
v -11.559619 61.457825 15.162964
v -9.993041 79.254410 18.922501
v -21.558138 59.149811 19.730391
v -11.496968 56.455933 13.106447
v -15.328588 76.345825 19.690058
v -3.745005 63.458817 7.389945
v -6.798625 59.632523 8.335909
v -21.888769 63.537720 19.838657
v -21.101158 57.282822 18.115704
v -14.946069 50.681122 12.559142
v -20.289497 53.658615 16.064751
v -7.166189 52.766724 6.113555
v -17.137678 72.388321 20.847485
v -11.164208 61.168121 13.043791
v -11.715209 61.147125 12.302537
v -16.791658 76.718018 18.754675
v -6.267426 52.758026 6.682997
v -20.289497 53.658615 16.064751
v -18.674728 53.577011 17.024971
v -21.101158 57.282822 18.115704
v -4.017851 81.755829 14.728062
v -16.859388 64.799011 17.950418
v -14.830152 77.171417 19.982731
v 6.348314 52.130325 6.235269
v 8.079387 55.997330 7.518120
v 6.339654 44.228119 5.094462
v 7.368598 37.550629 4.938975
v 7.900290 37.550629 3.886482
v 6.402670 43.983719 2.985700
v 6.135299 42.887131 2.660577
v 6.995008 44.463623 3.088442
v 7.527946 39.850525 5.628913
v 6.155896 39.829529 2.638072
v 4.833581 15.761518 -8.597105
v 2.760002 14.707228 -8.559225
v 5.896945 17.989929 -8.813559
v -6.561875 84.877319 17.216705
v 4.243104 85.035919 16.924398
v -6.706955 83.329727 18.023407
v 6.561872 84.877319 17.216711
v -6.561875 84.877319 17.216705
v 6.706954 83.329727 18.023411
v 3.993659 75.627319 14.068536
v 4.094994 81.411621 15.898331
v -4.243107 85.035919 16.924395
v -4.094995 81.411621 15.898330
v -3.993659 75.627319 14.068534
v 5.973785 18.024918 -8.111616
v 8.216777 17.981018 -6.832155
v 11.155152 21.035431 -4.162134
v -5.384402 71.417114 13.270683
v 4.243104 85.035919 16.924398
v -6.784298 81.564514 17.051189
v -4.243107 85.035919 16.924395
v 3.573288 64.329926 7.344723
v 5.384402 71.417114 13.270687
v -3.745005 63.458817 7.389945
v 6.784297 81.564514 17.051195
v 3.684941 76.045929 12.864272
v 4.341609 86.240631 17.167620
v 4.017848 81.755829 14.728065
v -10.889642 81.102722 18.008678
v -6.784298 81.564514 17.051189
v -9.681556 65.338226 12.698252
v -13.076992 71.810928 17.431684
v -8.234657 83.320724 16.608274
v -5.339868 69.522614 11.274639
v 4.232518 87.943130 16.244112
v -3.528478 69.524719 11.241285
v -6.385810 75.647018 14.283671
v 12.503462 23.673523 1.008265
v 9.169323 20.254623 -7.364584
v 3.745005 63.458817 7.389947
v 7.456110 42.887131 2.573588
v 6.340662 48.493622 5.588697
v 7.231433 44.190109 5.164934
v -6.554625 81.487610 16.067741
v 3.227749 70.001617 10.026793
v -3.573288 64.329926 7.344722
v -6.706955 83.329727 18.023407
v 4.113698 85.456421 15.579718
v 3.528478 69.524719 11.241286
v 10.160252 17.968323 -3.578755
v 4.341609 86.240631 17.167620
v 1.359864 53.071915 -2.884772
v 3.043739 62.564026 2.922880
v 7.512875 44.909927 4.046111
v 1.854194 59.965820 -0.654295
v 6.176127 62.391312 8.221435
v 7.231433 44.190109 5.164934
v 3.785563 62.391022 8.240111
v 7.782104 59.349319 8.728460
v 6.433135 48.626816 3.013448
v 6.402670 43.983719 2.985700
v 5.824614 55.358124 3.012670
v 6.767642 56.048019 3.068587
v 8.079387 55.997330 7.518120
v 4.001967 54.842621 -2.423362
v 3.799559 54.702118 -2.233222
v 5.641081 55.723923 0.326287
v 5.334522 55.404526 0.584189
v 6.995008 44.463623 3.088442
v 7.019102 48.909317 3.128385
v 1.400517 53.033813 -3.454562
v 8.555642 42.887131 3.679533
v 3.243224 59.054611 -0.862524
v 0.000000 65.689514 6.849141
v 0.000003 59.780426 -1.088665
v -1.854188 59.965820 -0.654295
v -3.540394 64.827225 7.173551
v 7.047534 52.739914 3.184169
v 8.083125 52.203110 6.236372
v -7.782104 59.349319 8.728457
v -6.176126 62.391312 8.221431
v 6.339654 44.228119 5.094462
v 8.084273 48.762024 5.626958
v -6.308404 44.560715 4.044819
v -8.084308 44.242813 5.125806
v -8.084308 44.242813 5.125806
v 6.166080 42.893616 5.307824
v 5.518085 42.887131 4.028888
v 7.893898 44.391220 3.912926
v 3.540395 64.827225 7.173552
v 7.368598 37.550629 4.938975
v 3.540395 64.827225 7.173552
v 6.363409 52.534607 3.013588
v 6.166284 37.550629 4.079988
v 5.438221 39.812225 4.032598
v 3.206569 55.664108 7.556479
v 6.552351 37.550629 3.290269
v 6.186637 55.384018 7.384844
v 7.423553 42.887131 5.586070
v 8.083125 52.203110 6.236372
v 7.507616 39.851425 2.507785
v 3.206569 55.664108 7.556479
v 6.433135 48.626816 3.013448
v 4.653180 59.354126 8.799103
v 6.348314 52.130325 6.235269
v 8.443155 42.887131 4.837501
v 7.810410 37.550629 4.518765
v 6.339654 44.228119 5.094462
v 8.084311 44.242813 5.125811
v 6.186637 55.384018 7.384844
v -7.255888 37.550629 3.235006
v 6.308407 44.560715 4.044822
v 5.824614 55.358124 3.012670
v 7.527946 39.850525 5.628913
v 5.995522 44.254822 4.055954
v 6.340662 48.493622 5.588697
v 7.231433 44.190109 5.164934
v 8.464344 39.868713 4.853407
v 8.623200 39.871613 3.646654
v 7.423553 42.887131 5.586070
v 6.363409 52.534607 3.013588
v 6.013296 -73.296593 -6.354739
v 12.410511 -69.833893 -4.524126
v 5.655193 -70.971603 -6.416339
v 9.230020 -71.565163 -5.502879
v -0.056742 -72.305016 -6.662273
v 9.621448 -71.563622 -6.873658
v 12.748520 -72.158958 -4.392175
v 11.771559 -74.257088 -4.773157
v 9.820455 -75.327019 -5.431221
v 6.684767 -68.873260 -6.219625
v 8.688542 -67.803139 -5.745978
v 10.177684 -75.325676 -6.604908
v -2.076662 -68.260460 -6.708998
v -4.009458 -70.246895 -6.541220
v 4.320382 -71.590935 -6.498231
v 10.873821 -68.170067 -5.084273
v 7.615058 -74.960167 -6.022465
v 9.820455 -75.327019 -5.431221
v 0.634354 -67.818977 -6.762971
v -0.748028 -76.790855 -6.769557
v 3.896183 -74.363335 -6.552047
v 1.963082 -76.349464 -6.719769
v -6.433129 48.626816 3.013444
v -6.363403 52.534607 3.013585
v -7.019099 48.909317 3.128382
v -7.047533 52.739914 3.184166
v 12.410511 -69.833893 -4.524126
v 12.199620 -74.255699 -5.922998
v -6.308404 44.560715 4.044819
v -6.402666 43.983719 2.985697
v -6.339653 44.228119 5.094459
v -6.995005 44.463623 3.088437
v 6.232422 -73.295341 -7.562014
v 6.013296 -73.296593 -6.354739
v 12.861911 -69.832497 -5.665057
v 12.748520 -72.158958 -4.392175
v 3.078501 -69.091156 -6.630538
v -4.433564 -73.019417 -6.491476
v -3.191928 -75.518944 -6.630428
v 13.212124 -72.157555 -5.528238
v 11.771559 -74.257088 -4.773157
v 11.269502 -68.168701 -6.245604
v 10.873821 -68.170067 -5.084273
v 7.615058 -74.960167 -6.022465
v -3.799553 54.702118 -2.233225
v -8.079387 55.997330 7.518116
v -4.001960 54.842621 -2.423364
v 0.000003 63.098511 2.293851
v -1.359858 53.071915 -2.884774
v -3.043733 62.564026 2.922877
v 0.000003 52.433212 -3.575605
v -1.400511 53.033813 -3.454564
v -8.083125 52.203110 6.236370
v -6.433129 48.626816 3.013444
v -6.340659 48.493622 5.588694
v 7.892269 -74.958870 -7.217618
v -4.009458 -70.246895 -6.541220
v -4.433564 -73.019417 -6.491476
v -4.624959 -73.018311 -7.941730
v -2.076662 -68.260460 -6.708998
v -6.767638 56.048019 3.068583
v -5.824608 55.358124 3.012667
v -5.641075 55.723923 0.326284
v -5.334516 55.404526 0.584186
v -8.084269 48.762024 5.626955
v -7.423553 42.887131 5.586064
v -6.340659 48.493622 5.588694
v -6.402666 43.983719 2.985697
v -8.443151 42.887131 4.837495
v -7.893898 44.391220 3.912921
v -4.182329 -70.245766 -7.993750
v -6.348311 52.130325 6.235266
v -6.363403 52.534607 3.013585
v -7.512872 44.909927 4.046106
v 18.817688 -74.738503 20.795319
v 15.804610 -74.144859 22.102673
v 8.890561 -76.686295 23.409410
v 9.196239 -76.741859 24.682867
v 0.000000 55.623032 7.544120
v 0.000000 59.213425 8.766208
v -3.206569 55.664108 7.556478
v 0.000000 55.623032 7.544120
v -6.186635 55.384018 7.384841
v -6.155890 39.829529 2.638068
v -6.552351 37.550629 3.290265
v -6.166281 37.550629 4.079987
v 15.466190 -74.297173 21.226851
v 24.274378 -68.694221 18.620415
v -3.540394 64.827225 7.173551
v -6.176126 62.391312 8.221431
v -3.785563 62.391022 8.240109
v 0.000000 65.689514 6.849141
v 9.196239 -76.741859 24.682867
v 23.197258 -64.475571 18.080757
v 15.804610 -74.144859 22.102673
v 0.000000 62.391022 8.240279
v 0.000003 55.562225 4.746386
v -7.231431 44.190109 5.164929
v -6.135293 42.887131 2.660574
v -7.810407 37.550629 4.518763
v -8.555636 42.887131 3.679527
v -5.438219 39.812225 4.032595
v -6.144804 39.807129 5.409509
v -6.348311 52.130325 6.235266
v 22.440630 -73.083504 19.479122
v 22.161163 -73.031998 18.474695
v 23.391119 -64.128265 18.893566
v -5.824608 55.358124 3.012667
v -8.084269 48.762024 5.626955
v -7.231431 44.190109 5.164929
v -7.900288 37.550629 3.886478
v -7.368597 37.550629 4.938972
v 17.977688 -68.206932 19.735754
v 17.738804 -49.385880 19.895521
v 23.391119 -64.128265 18.893566
v -7.231431 44.190109 5.164929
v -7.507610 39.851425 2.507782
v -6.995005 44.463623 3.088437
v -6.186635 55.384018 7.384841
v -7.423553 42.887131 5.586064
v -8.623194 39.871613 3.646648
v -7.527943 39.850525 5.628911
v 15.376515 -38.297195 17.661400
v 10.018479 -8.574655 14.498793
v 18.817688 -74.738503 20.795319
v 24.274378 -68.694221 18.620415
v 18.480640 -48.707626 20.675949
v -8.083125 52.203110 6.236370
v -4.653180 59.354126 8.799100
v 22.440630 -73.083504 19.479122
v 18.325272 -74.712120 19.929268
v 11.182324 -64.282326 24.207602
v 9.631047 -49.057083 24.176943
v -8.079387 55.997330 7.518116
v -7.782104 59.349319 8.728457
v -7.456104 42.887131 2.573585
v -7.368597 37.550629 4.938972
v -8.464338 39.868713 4.853404
v -6.339653 44.228119 5.094459
v -5.518084 42.887131 4.028885
v 13.475973 -24.278799 15.974433
v -3.206569 55.664108 7.556478
v 23.968870 -68.795677 17.817625
v 18.404013 -68.061913 21.599960
v -6.339653 44.228119 5.094459
v 11.464828 -24.271055 19.064150
v 19.334858 -47.783638 15.660664
v 6.257972 -2.881646 12.571858
v 13.878279 0.628142 8.904147
v 16.462469 -4.642419 10.987820
v 9.731380 -10.453858 17.150488
v -7.527943 39.850525 5.628911
v -8.084308 44.242813 5.125806
v -5.995521 44.254822 4.055951
v -6.166080 42.893616 5.307819
v -6.665761 37.523514 4.890706
v 16.462469 -4.642419 10.987820
v 10.821038 -0.304963 8.883813
v 19.710241 -37.297218 15.466368
v 18.069174 -24.284170 13.642699
v 11.751541 -0.140856 -3.057859
v 6.257972 -2.881646 12.571858
v 13.692588 -0.072855 -3.285366
v 6.845531 -2.435960 14.146329
v 15.146749 1.341040 1.995136
v 10.821038 -0.304963 8.883813
v 12.675732 0.799643 2.225376
v 17.501020 -3.455263 2.489311
v 13.878279 0.628142 8.904147
v 15.971335 -4.813448 -2.853136
v 7.643982 -3.507456 -5.721720
v 12.999681 -37.189819 21.293545
v 18.480640 -48.707626 20.675949
v 7.643982 -3.507456 -5.721720
v 12.675732 0.799643 2.225376
v 6.354286 0.222143 -6.061059
v 2.607367 -2.844759 -7.476290
v 3.714365 -6.696558 -7.351570
v 10.821038 -0.304963 8.883813
v 13.710242 -6.372553 -1.947631
v 18.580868 -38.117859 14.635672
v 20.493210 -47.171738 16.409731
v 20.493210 -47.171738 16.409731
v 5.747746 21.245316 -11.508005
v 3.418167 19.802017 -11.439188
v 2.225859 17.955215 -10.802515
v 5.976378 18.645721 -10.191816
v 12.587042 22.207031 5.098970
v 2.251238 0.376340 -7.327214
v 15.078310 -5.100572 3.178086
v 19.710241 -37.297218 15.466368
v 13.974082 -6.135270 10.136406
v 17.017338 -24.285139 12.859741
v 18.069174 -24.284170 13.642699
v 16.462469 -4.642419 10.987820
v 2.761751 9.292829 -7.318235
v 2.438154 17.810226 -9.910295
v 5.777787 23.504120 -11.438627
v 6.978837 22.891129 -10.858027
v 2.921560 21.816422 -11.379488
v 8.088497 -3.897456 -6.359428
v 1.407242 7.834836 -7.829782
v 5.699580 18.365524 -9.155867
v 11.751541 -0.140856 -3.057859
v 13.974082 -6.135270 10.136406
v 4.786682 23.058411 -11.761995
v 7.537514 20.661713 -10.145407
v 3.036107 21.532028 -11.890116
v 8.084273 48.762024 5.626958
v 11.509728 19.439117 6.900097
v 7.478619 20.321213 -8.646555
v -3.795306 47.596832 -1.233841
v -5.183312 51.699020 -0.249775
v -4.758098 46.939423 -0.135893
v -2.366167 50.304611 -1.016434
v -1.359858 53.071915 -2.884774
v -3.587733 52.306625 -1.769134
v -0.816062 46.718628 -2.797332
v -1.145064 41.940018 -0.284730
v -4.643830 51.177826 -0.118405
v -4.335690 51.457230 -0.889094
v -4.325363 50.378220 -0.481684
v -3.450626 51.836029 -1.351964
v -4.740525 50.922028 -0.033234
v -4.421687 51.637314 -0.760545
v -4.728406 51.259521 -0.138995
v -4.749934 51.120316 0.025595
v -0.957957 44.179718 -2.712462
v -1.270170 50.285431 -1.936852
v -5.471341 48.300629 0.683986
v -2.911421 45.954926 -1.598391
v -1.790368 45.174011 -2.050132
v -5.829160 47.773804 3.631902
v -0.726020 47.066315 -2.863382
v -1.894135 46.712433 -2.293631
v -1.661003 45.631729 -2.518482
v -6.436316 51.756622 4.613041
v -5.023311 45.920822 2.531578
v -2.247240 49.415436 -1.661641
v -1.433415 45.321320 -2.399301
v -6.378583 49.627808 4.698914
v -6.068861 47.856812 6.578997
v -0.613724 51.628311 -2.686936
v -3.540787 50.155731 -0.868294
v -3.986221 48.822723 -1.139924
v -4.708405 52.077118 -0.989874
v -5.002846 49.205719 -0.357454
v -6.089880 53.845520 4.033143
v -5.824608 55.358124 3.012667
v -5.334516 55.404526 0.584186
v -4.664235 51.011414 -0.065454
v -4.671781 51.117218 -0.032234
v -3.500668 50.310715 -0.993484
v -3.368367 51.553711 -1.101684
v -2.375148 50.406708 -1.117364
v -2.440991 51.455933 -1.113315
v -4.942142 45.095917 5.720654
v -4.211454 50.575317 -0.502574
v -3.470964 50.364624 -0.825713
v -1.817205 50.839417 -0.845634
v -3.400234 51.614929 -1.395974
v -4.283640 50.485321 -0.638994
v -1.926468 51.129211 -1.315153
v -1.774108 50.795807 -0.931604
v -0.591188 50.586716 -2.784633
v -5.640538 46.865814 6.158686
v -3.006207 43.214432 0.341609
v -2.382381 50.425919 -0.928475
v -2.140027 42.284912 0.224189
v -3.789023 51.093628 -0.662044
v -4.264002 51.395523 -0.634425
v -4.577251 51.113525 -0.102184
v -3.570231 45.569412 -0.635900
v -3.713874 43.137924 4.053812
v -4.131049 44.467926 1.389917
v -3.288741 50.995728 -0.832465
v -2.648337 50.897629 -1.070054
v -2.014612 51.137909 -1.013603
v -2.390617 51.529022 -1.451135
v -5.977170 55.635529 4.143128
v -1.959863 41.603622 2.628503
v -1.710767 50.731613 -1.057955
v -1.041659 43.586823 -2.542852
v -2.469934 44.209808 -1.279641
v -1.604397 44.496811 -2.196891
v -1.280298 47.266724 -2.642022
v -1.239426 47.455231 -3.131692
v -1.981766 45.061615 -1.703171
v -5.986034 49.641312 1.459301
v -5.456843 54.350311 0.233465
v -1.809451 45.112213 -2.056012
v 1.809457 45.112213 -2.056012
v 1.981772 45.061615 -1.703171
v 0.680730 46.287811 -1.240962
v 1.433421 45.321320 -2.399301
v 1.790374 45.174011 -2.050131
v 4.335696 51.457230 -0.889092
v 1.157971 46.259918 -0.980311
v 0.854568 45.369019 -2.935082
v -1.825366 51.222809 -1.237363
v -1.796297 43.504608 -1.767682
v -1.192506 42.245117 -1.775681
v -0.929725 47.837021 -3.762522
v -0.685851 48.888519 -3.332501
v -0.464313 47.921616 -4.347213
v -1.327560 51.446228 -1.825974
v -0.884965 46.178528 -3.415082
v -0.400816 47.638519 -4.312092
v -3.799553 54.702118 -2.233225
v -1.433415 45.257523 -2.399301
v 0.900951 45.182129 0.196029
v -1.017205 44.761612 -3.052501
v 0.547093 45.187424 -0.021521
v -0.623263 45.084320 -2.459732
v -0.854562 45.316422 -2.935082
v 1.704699 45.963318 -0.309151
v -1.170919 45.052612 -2.057272
v 1.315440 45.083817 0.565309
v -1.809451 45.112213 -2.056012
v -1.433415 45.257523 -2.399301
v -1.839893 44.969513 -1.964282
v 0.000003 45.361130 -0.067072
v 1.703156 43.690033 -0.062441
v -6.146948 51.208923 1.687430
v -5.706424 51.158508 0.733416
v 1.713213 45.060913 0.794359
v 1.396388 46.165115 -0.690041
v 1.441729 43.825027 -0.392931
v 1.790374 45.174011 -2.050131
v 1.150198 43.949707 -0.732750
v 0.000003 44.064117 -1.249892
v -5.846420 53.899933 2.306651
v -1.463848 44.929016 -1.717592
v -5.997086 52.251709 1.773332
v -5.384775 50.166321 0.238865
v -1.611350 44.942032 -2.384911
v -0.854562 45.316422 -2.935082
v -5.206199 52.982117 -1.000974
v -1.315764 48.028214 -3.128102
v -2.058103 42.707916 -1.127020
v -1.258898 48.557617 -2.862302
v -3.749752 53.180237 -2.280485
v -0.716706 47.367813 -3.784362
v -5.671480 52.282013 0.493896
v -2.340242 51.698517 -1.394294
v 0.000003 46.261505 -1.509381
v 0.000003 45.405228 -3.059041
v 1.981772 45.061615 -1.703171
v 1.727007 44.795929 -1.387782
v 0.611478 43.980911 -1.131721
v 1.723270 46.035217 -0.292072
v -1.147877 42.854813 -2.493003
v -1.493763 48.141724 -2.188802
v -0.854562 45.369019 -2.935082
v -2.181080 52.081818 -1.838174
v 0.000003 41.398514 1.984625
v 1.145070 41.940018 -0.284730
v 1.359864 53.071915 -2.884772
v 0.591194 50.586716 -2.784633
v 3.986227 48.822723 -1.139922
v 0.000003 46.655426 -3.122251
v 2.247246 49.415436 -1.661641
v 5.002852 49.205719 -0.357451
v 3.587739 52.306625 -1.769131
v 4.740531 50.922028 -0.033231
v 0.000003 50.705521 -3.080432
v 0.000003 49.029816 -3.621522
v 1.959869 41.603622 2.628506
v 0.000003 44.114319 -2.809920
v 0.816068 46.718628 -2.797331
v 5.829163 47.773804 3.631905
v 0.000003 46.912231 -3.187651
v 1.433421 45.321320 -2.399301
v 6.378586 49.627808 4.698917
v 1.790374 45.174011 -2.050131
v 0.000003 42.570709 -2.713922
v 0.000003 43.394623 -2.683272
v 2.911427 45.954926 -1.598391
v 0.000003 41.594711 -0.286083
v 1.661009 45.631729 -2.518482
v 5.023317 45.920822 2.531579
v 3.540793 50.155731 -0.868291
v 2.366173 50.304611 -1.016432
v 1.894141 46.712433 -2.293631
v 0.000003 41.915924 -1.924233
v 4.325369 50.378220 -0.481681
v 6.068864 47.856812 6.579000
v 4.131055 44.467926 1.389918
v 0.613730 51.628311 -2.686933
v 3.450632 51.836029 -1.351962
v 3.006213 43.214432 0.341610
v 4.643836 51.177826 -0.118403
v 4.283646 50.485321 -0.638991
v 3.500674 50.310715 -0.993481
v 4.708411 52.077118 -0.989872
v 5.640541 46.865814 6.158689
v 2.382387 50.425919 -0.928472
v 3.288747 50.995728 -0.832462
v 2.014618 51.137909 -1.013601
v 1.926474 51.129211 -1.315151
v 5.824614 55.358124 3.012670
v 4.577257 51.113525 -0.102181
v 3.789029 51.093628 -0.662041
v 1.817211 50.839417 -0.845631
v 2.440997 51.455933 -1.113313
v 1.774114 50.795807 -0.931601
v 3.368373 51.553711 -1.101681
v 2.390623 51.529022 -1.451133
v 3.713880 43.137924 4.053814
v 4.942144 45.095917 5.720657
v 0.000003 51.713013 -2.872401
v 3.570237 45.569412 -0.635900
v 4.211460 50.575317 -0.502572
v 3.470970 50.364624 -0.825710
v 4.671787 51.117218 -0.032231
v 4.664241 51.011414 -0.065451
v 2.375154 50.406708 -1.117362
v 4.421693 51.637314 -0.760542
v 6.089883 53.845520 4.033147
v 5.334522 55.404526 0.584189
v 4.264008 51.395523 -0.634422
v 3.400240 51.614929 -1.395971
v 2.648343 50.897629 -1.070052
v 2.140033 42.284912 0.224190
v 5.977172 55.635529 4.143133
v 0.726026 47.066315 -2.863382
v 0.000003 47.309525 -4.132702
v 0.464319 47.921616 -4.347213
v 0.685857 48.888519 -3.332501
v 2.058109 42.707916 -1.127020
v 0.929731 47.837021 -3.762522
v 6.146954 51.208923 1.687433
v 5.671486 52.282013 0.493899
v 5.846426 53.899933 2.306654
v 0.884971 46.178528 -3.415082
v 1.433421 45.257523 -2.399301
v 1.463854 44.929016 -1.717592
v 1.017211 44.761612 -3.052501
v 0.957963 44.179718 -2.712462
v -13.513527 -5.022158 -3.277005
v -19.729446 -16.791079 -0.710056
v 0.854568 45.316422 -2.935082
v 1.809457 45.112213 -2.056012
v 1.258904 48.557617 -2.862302
v 1.981772 45.061615 -1.703171
v 1.280304 47.266724 -2.642022
v 2.469940 44.209808 -1.279640
v 1.327566 51.446228 -1.825972
v 1.493769 48.141724 -2.188802
v 1.315770 48.028214 -3.128102
v 1.239432 47.455231 -3.131692
v 2.181086 52.081818 -1.838172
v 1.147883 42.854813 -2.493003
v 1.170925 45.052612 -2.057271
v 1.433421 45.257523 -2.399301
v 5.384781 50.166321 0.238868
v 5.706430 51.158508 0.733419
v 1.270176 50.285431 -1.936851
v 4.728412 51.259521 -0.138992
v 4.749940 51.120316 0.025598
v 5.183318 51.699020 -0.249772
v 3.795312 47.596832 -1.233840
v 4.758104 46.939423 -0.135891
v 6.436316 51.756622 4.613045
v 5.471347 48.300629 0.683989
v 0.000003 45.356018 -3.059041
v 0.000003 45.167328 -2.580842
v 1.809457 45.112213 -2.056012
v 5.997092 52.251709 1.773335
v 0.623269 45.084320 -2.459732
v 0.854568 45.316422 -2.935082
v 1.611356 44.942032 -2.384911
v 1.710773 50.731613 -1.057952
v 0.000003 44.634811 -3.221962
v 1.839899 44.969513 -1.964281
v 3.749758 53.180237 -2.280482
v 3.799559 54.702118 -2.233222
v 5.456849 54.350311 0.233468
v 5.206205 52.982117 -1.000972
v 0.000003 46.280121 -3.533683
v 5.986040 49.641312 1.459303
v 1.192512 42.245117 -1.775681
v 1.825372 51.222809 -1.237361
v 1.796303 43.504608 -1.767681
v 1.041665 43.586823 -2.542852
v 2.340248 51.698517 -1.394293
v 0.400822 47.638519 -4.312091
v 0.000003 45.405228 -3.059041
v 0.854568 45.369019 -2.935082
v -21.439732 -15.897234 -0.704212
v -16.726231 -11.600809 -0.735646
v -19.152512 -17.464281 -4.514668
v -17.442123 -18.358095 -4.520393
v -19.152512 -17.464281 -4.514668
v 0.000003 45.356018 -3.059041
v 1.604403 44.496811 -2.196890
v 0.716712 47.367813 -3.784362
v 0.000003 47.937210 -4.411372
v 0.000003 47.624023 -4.372533
v -13.513527 -5.022158 -3.277005
v -28.643890 -24.605804 -5.654748
v -29.929361 -22.038017 -0.621611
v -22.326187 -20.443382 -5.094356
v -29.929361 -22.038017 -0.621611
v -28.867218 -23.649788 -0.626332
v -28.643890 -24.605804 -5.654748
v -21.264257 -22.054779 -5.097163
v -18.542557 -10.952738 -0.728473
v -11.729741 -5.680514 -3.331588
v -16.113611 -12.165117 -3.932634
v -22.326187 -20.443382 -5.094356
v -14.086334 -4.489702 -0.730130
v -15.894879 -3.839113 -0.713516
v -13.513527 -5.022158 -3.277005
v -23.590384 -17.911867 -0.673833
v -22.528463 -19.523216 -0.676632
v -27.581961 -26.217224 -5.657547
v -16.988640 -11.124956 3.744671
v -14.341951 -4.015512 3.788144
v -16.113611 -12.165117 -3.932634
v -16.160742 -3.367029 3.786324
v -15.894879 -3.839113 -0.713516
v -14.297606 -12.813593 -3.941768
v -28.643890 -24.605804 -5.654748
v -29.143547 -23.177551 3.711698
v -20.005634 -16.318933 3.712729
v -30.205465 -21.566139 3.709916
v -28.654852 -24.592611 12.798651
v -13.514621 -5.022286 10.589153
v -22.335249 -20.430725 12.241463
v -16.710520 -11.590341 7.731588
v -23.866392 -17.439577 3.711223
v -30.205465 -21.566139 3.709916
v -19.160765 -17.452471 11.661399
v -21.715996 -15.425112 3.711093
v -19.730484 -16.784182 7.643337
v -17.451271 -18.346453 11.669285
v -18.804785 -10.477213 3.736200
v -29.934214 -22.032181 7.544672
v -11.696886 -5.671044 10.596934
v -15.880969 -3.834894 7.783700
v -21.440752 -15.890298 7.634488
v -16.160742 -3.367029 3.786324
v -18.518501 -10.941201 7.703993
v -19.160765 -17.452471 11.661399
v -22.804485 -19.051025 3.712978
v -16.084721 -12.149400 11.148077
v -14.266994 -12.797853 11.156439
v -16.084721 -12.149400 11.148077
v -29.934214 -22.032181 7.544672
v -13.514621 -5.022286 10.589153
v -28.654852 -24.592611 12.798651
v -15.880969 -3.834894 7.783700
v -14.062325 -4.483163 7.791877
v -13.514621 -5.022286 10.589153
v -23.591600 -17.904894 7.603655
v -28.872078 -23.643944 7.552955
v 16.669949 -11.583193 -0.657556
v 13.513533 -5.022158 -3.276999
v 16.058355 -12.145548 -3.853731
v 14.240832 -12.794382 -3.861608
v 13.513533 -5.022158 -3.276999
v 15.878240 -3.834444 -0.690944
v 11.695659 -5.671000 -3.285386
v 23.532986 -17.888178 -0.588818
v 14.061284 -4.483042 -0.696514
v 18.486721 -10.934313 -0.650141
v 13.513533 -5.022158 -3.276999
v -27.592926 -26.204023 12.805017
v 21.381243 -15.875010 -0.619374
v 16.058355 -12.145548 -3.853731
v 19.097116 -17.440813 -4.432000
v -21.274006 -22.042274 12.246922
v -22.529873 -19.516304 7.609743
v -28.654852 -24.592611 12.798651
v 15.878240 -3.834444 -0.690944
v 19.671457 -16.769930 -0.626755
v 19.097116 -17.440813 -4.432000
v 17.387320 -18.335733 -4.439382
v 22.273085 -20.417442 -5.011877
v 28.593842 -24.575325 -5.571373
v -22.335249 -20.430725 12.241463
v 29.874626 -22.010216 -0.535679
v 29.874626 -22.010216 -0.535679
v 28.593842 -24.575325 -5.571373
v 30.147823 -21.541183 3.796336
v 28.813543 -23.622673 -0.542158
v 22.745525 -19.031036 3.796256
v 21.212221 -22.029526 -5.016433
v 19.097038 -17.440554 11.742328
v 29.086960 -23.153290 3.796358
v 17.387245 -18.335474 11.749709
v 30.147823 -21.541183 3.796336
v 19.944927 -16.300760 3.796196
v 21.654715 -15.405840 3.796189
v 16.947458 -11.114534 3.799478
v 23.806398 -17.418894 3.796235
v 14.335093 -4.014078 3.797005
v 16.152590 -3.365160 3.796975
v 18.760069 -10.465143 3.796386
v 16.152590 -3.365160 3.796975
v 21.381207 -15.874887 7.714069
v 19.097038 -17.440554 11.742328
v 13.514423 -5.022264 10.589402
v 19.671419 -16.769815 7.721460
v 22.472122 -19.500221 -0.593386
v 16.685419 -11.585290 7.763773
v 28.593842 -24.575325 -5.571373
v 22.273085 -20.417442 -5.011877
v 27.532969 -26.187439 -5.575932
v 14.249596 -12.795442 11.177745
v 15.878452 -3.834451 7.786878
v 16.067072 -12.146661 11.169956
v 22.273012 -20.417145 12.322336
v 28.593740 -24.575003 12.882030
v 22.273012 -20.417145 12.322336
v 27.532869 -26.187101 12.886635
v 23.532974 -17.888063 7.683583
v 28.813501 -23.622543 7.637128
v 21.212132 -22.029228 12.326934
v 22.472113 -19.500099 7.688185
v 15.878452 -3.834451 7.786878
v 28.593740 -24.575003 12.882030
v 13.514423 -5.022264 10.589402
v 16.067072 -12.146661 11.169956
v 18.486578 -10.934251 7.745418
v 29.874584 -22.010071 7.630604
v 13.514423 -5.022264 10.589402
v 11.696729 -5.671021 10.597130
v 14.061839 -4.483079 7.792489
v 28.593740 -24.575003 12.882030
v 29.874584 -22.010071 7.630604
v 9.114606 27.729813 -6.988368
v 11.827042 25.868011 0.412105
v 9.026312 28.214615 -6.479926
v 10.886084 27.154724 -5.338995
v 10.796553 17.507111 1.378643
v 9.524152 17.769516 -3.292645
v 12.133232 22.398010 5.284359
v 5.078729 25.426620 -9.968337
v 11.971083 21.004318 0.858185
v 6.345707 27.486618 -9.313128
v 2.752045 28.557327 -9.104152
v 6.213650 27.670120 -8.271605
v 4.074785 27.098221 -9.979671
v 4.448617 23.106232 -10.727705
v 5.217440 23.601135 -10.226187
v 6.642348 26.002930 -9.539377
v 6.771041 23.131226 -9.827097
v 11.086825 22.276215 -5.820875
v 9.522136 22.408020 -7.890974
v 2.624457 28.284119 -7.564391
v 9.448592 27.672729 -7.596697
v 9.483153 25.934021 -7.810896
v 11.538144 26.835526 -5.658255
v 12.402472 25.789230 -3.438725
v 11.821181 23.573822 -3.775856
v 2.815623 25.591629 -10.350699
v 11.303384 24.907623 -5.872515
v 2.404233 29.372009 -5.811122
v 2.387895 30.359116 -2.279250
v 8.881872 9.453833 1.850666
v 4.014362 27.121017 -8.871211
v 10.118901 4.957640 2.128524
v 10.297152 14.876830 1.530916
v 11.942612 24.057617 1.164965
v 11.890652 26.054626 -3.025617
v 6.064911 28.780624 -7.308913
v 8.208302 4.304244 6.753073
v 7.634243 9.714827 6.129381
v 9.318388 15.278411 -3.278474
v 11.846079 25.110428 5.288240
v 11.481974 26.322985 13.942816
v 8.626422 32.349411 15.004079
v 11.513316 29.293947 15.604697
v 2.753712 9.118321 -6.599525
v 5.973784 18.024918 -7.576225
v 2.848356 14.225920 -7.238945
v 4.640585 15.850111 -7.441355
v 9.416066 4.704443 -2.766512
v 8.148856 9.930113 -2.622663
v 11.144279 31.375305 1.898779
v 8.057772 17.605911 -6.562425
v 3.985285 22.209826 13.791320
v 9.088095 18.634323 10.551818
v 4.193244 26.705217 15.226975
v 8.907207 24.587831 14.622846
v 7.059407 13.964218 9.496461
v 5.983810 9.702620 -5.519034
v 11.255001 27.708755 -0.095483
v 11.033719 21.849823 10.982925
v 10.271972 24.642504 13.149084
v 8.743641 22.063524 12.908873
v 8.608539 32.275574 1.478398
v 12.090619 31.941774 15.129479
v 11.388117 24.202133 9.280953
v 3.763155 18.356018 12.069087
v 6.114955 14.736113 -6.343624
v 8.943012 28.651125 15.361911
v 11.703309 21.158218 8.738809
v 1.236843 7.704740 -6.818365
v 10.862469 17.145523 7.039551
v 9.585362 14.465927 6.351109
v 3.174717 10.342925 9.047669
v 11.547697 25.269302 9.753182
v 4.184623 3.704543 9.058292
v 12.481183 29.244125 2.567993
v 12.017012 26.585678 4.763795
v 5.229323 4.328046 -6.079923
v 0.634354 -67.818977 -6.762971
v -2.165526 -68.259254 -8.168877
v 4.320382 -71.590935 -6.498231
v 4.509127 -71.589493 -7.948833
v 6.882441 31.145584 -1.165418
v 9.066618 29.196320 -5.083876
v -23.969599 -68.795876 17.816475
v -15.380563 -38.298042 17.662367
v -24.275118 -68.694405 18.619261
v -17.978197 -68.207130 19.735989
v -18.325619 -74.712227 19.929136
v -22.161280 -73.032021 18.474615
v -0.005378 -64.198532 26.580471
v -18.819437 -74.739487 20.796429
v 2.667563 36.455917 1.860496
v -0.006985 -49.089336 25.972736
v -0.005641 -49.048958 22.888943
v -15.809301 -74.147148 22.105261
v -0.005342 -38.207336 21.742968
v -13.477122 -24.278921 15.973115
v -0.000000 -9.232263 16.357735
v 7.044882 -11.615207 -7.328950
v 3.714365 -6.696558 -7.351570
v 4.316919 -7.529765 -8.138988
v 6.962786 -11.565967 -9.895513
v 2.049276 -76.348114 -8.179809
v 3.213408 -69.089760 -8.086970
v 1.963082 -76.349464 -6.719769
v 3.078501 -69.091156 -6.630538
v 4.341311 42.474716 8.025219
v 3.993719 43.313721 7.793571
v 3.496650 42.460327 5.069455
v 3.003819 44.051117 10.002193
v 0.663198 -67.817665 -8.225227
v 3.896183 -74.363335 -6.552047
v 4.066399 -74.361916 -8.004889
v -3.191928 -75.518944 -6.630428
v 3.993719 43.313721 7.793571
v 6.130910 29.959717 -5.429313
v -0.058296 -72.303535 -8.361802
v -3.329498 -75.517784 -8.086612
v -5.978969 -70.980736 -7.615082
v 3.509605 -18.433533 -9.949164
v 3.505102 -18.645027 -7.974120
v 3.565558 -6.549861 -9.886351
v 6.369550 -18.156885 -9.946027
v -7.049286 -68.884239 -7.409357
v 6.425552 -18.205629 -7.304055
v -0.003021 -76.751999 25.580751
v -5.770551 -70.981606 -6.405903
v -0.003771 -24.529341 19.557276
v -0.003725 -76.732750 26.889555
v -8.897226 -76.688400 23.411783
v -22.440979 -73.083702 19.479351
v -23.391233 -64.128296 18.893614
v -22.440979 -73.083702 19.479351
v -15.468657 -74.298317 21.228140
v -15.809301 -74.147148 22.105261
v -0.002964 -37.217316 24.867640
v -0.001426 -24.584326 22.608740
v -10.018479 -8.574655 14.498787
v 2.622069 39.848572 10.590324
v 3.407936 35.114822 0.770718
v 4.242984 39.668518 8.178725
v -0.779546 -76.789604 -8.231759
v -0.748028 -76.790855 -6.769557
v 3.293431 -21.578865 -7.909190
v 3.211751 -21.515648 -9.946818
v 10.395498 -9.125299 -4.203382
v 10.202457 29.801285 -0.204754
v 3.224772 38.748215 11.655474
v 9.016440 36.526230 10.170887
v 4.108838 35.478424 13.775903
v 8.059120 36.083481 5.934875
v 9.016440 36.526230 10.170887
v 13.951146 34.271881 6.786494
v 13.958321 34.827484 10.071330
v 10.465638 -54.308914 -6.571624
v 5.467873 38.618118 8.860026
v 5.849379 35.686127 2.860895
v 10.345472 -62.988495 -4.237098
v 8.728309 35.208527 13.355819
v 10.325037 -43.034065 -4.218090
v 10.653591 -43.032829 -6.460402
v 10.813738 -19.542145 -6.339688
v 10.827374 -32.047760 -6.302310
v 10.872517 -9.325853 -6.227613
v -0.003725 -76.732750 26.889555
v 5.467873 38.618118 8.860026
v 13.958321 34.827484 10.071330
v 5.633019 37.866318 5.667552
v 10.335005 -54.310936 -4.215444
v -0.008914 -64.037910 23.331198
v 13.287720 34.246124 13.265447
v -0.009591 -56.114902 23.225601
v 4.350679 32.320526 15.067296
v 4.811314 35.163422 1.764536
v 10.007414 33.839020 3.049368
v 5.136196 33.418213 0.483189
v 2.370534 32.114120 -0.608980
v 4.109222 36.874710 3.000046
v 1.908262 34.426514 0.444080
v 10.343690 -31.924606 -4.275105
v 10.342468 -19.422859 -4.304632
v 4.057889 38.882675 5.428378
v 4.242984 39.668518 8.178725
v 3.021153 38.036438 3.227680
v 13.065801 32.584000 3.224571
v 2.352361 40.316910 3.176032
v 3.669050 40.875565 5.287158
v 3.927166 41.451202 7.895310
v 2.397463 40.931824 2.658304
v 3.927166 41.451202 7.895310
v 3.960481 41.758118 5.030633
v 4.341311 42.474716 8.025219
v 2.565997 42.018921 10.056860
v 3.125680 43.488022 10.514857
v 1.959869 41.603622 2.628506
v -18.819437 -74.739487 20.796429
v -24.275118 -68.694405 18.619261
v -9.202847 -76.744148 24.685438
v 10.461550 -62.909985 -6.512938
v 10.345472 -62.988495 -4.237098
v 0.000006 9.037625 -8.228395
v 0.000006 7.788640 -7.906446
v -7.537502 20.661713 -10.145411
v -10.160246 17.968323 -3.578760
v -7.643975 -3.507456 -5.721725
v -2.607355 -2.844759 -7.476295
v -2.921548 21.816422 -11.379493
v 0.000006 21.851318 -11.287761
v -6.354279 0.222143 -6.061063
v 0.000006 -4.116457 -7.546864
v 0.000006 0.006444 -7.279954
v -5.976366 18.645721 -10.191821
v -6.978825 22.891129 -10.858031
v -2.225847 17.955215 -10.802516
v -5.747734 21.245316 -11.508010
v 0.000006 14.863325 -10.198204
v -11.751535 -0.140856 -3.057864
v -5.777775 23.504120 -11.438632
v -1.407230 7.834836 -7.829782
v 0.000006 -6.406565 -7.483000
v -2.251226 0.376340 -7.327214
v -12.587036 22.207031 5.098962
v -12.675726 0.799643 2.225368
v -3.418155 19.802017 -11.439193
v 0.000006 19.098923 -11.631709
v -17.018400 -24.285345 12.858451
v -19.711853 -37.297623 15.466832
v -19.711853 -37.297623 15.466832
v -18.582315 -38.118210 14.636064
v -20.493750 -47.171875 16.409910
v -13.004218 -37.190666 21.294504
v -13.974274 -6.135285 10.136163
v -5.699568 18.365524 -9.155871
v 0.000006 14.038313 -9.404175
v -3.036095 21.532028 -11.890121
v 0.000006 21.283615 -12.041839
v -15.267687 1.476248 1.995128
v -3.714353 -6.696558 -7.351575
v -13.813516 0.062345 -3.285368
v -11.751535 -0.140856 -3.057864
v -16.582968 -4.507157 10.987527
v -16.582968 -4.507157 10.987527
v -9.731384 -10.453858 17.150480
v -23.197374 -64.475609 18.080805
v -18.485846 -48.709236 20.677774
v -9.202847 -76.744148 24.685438
v -23.391233 -64.128296 18.893614
v -18.409309 -68.064407 21.602779
v -11.192437 -64.285187 24.210812
v -9.642970 -49.059174 24.179296
v -15.086305 -5.102403 3.167628
v 0.001274 -13.099678 19.292986
v -13.734990 -6.379595 -1.981280
v -0.000000 -5.219964 12.836677
v -16.125864 -4.688829 -2.899724
v -0.000000 -4.555954 15.982662
v -17.630899 -3.322374 2.477401
v -4.833569 15.761518 -8.597110
v -2.761739 9.292829 -7.318235
v -8.216765 17.981018 -6.832160
v -2.759990 14.707228 -8.559225
v -2.438142 17.810226 -9.910300
v -4.786670 23.058411 -11.762000
v -18.069199 -24.284193 13.642700
v -11.470033 -24.271765 19.064951
v -18.069199 -24.284193 13.642700
v -13.974274 -6.135285 10.136163
v -19.335449 -47.783791 15.660849
v -16.582968 -4.507157 10.987527
v -5.896933 17.989929 -8.813563
v -11.509728 19.439117 6.900092
v -7.478607 20.321213 -8.646560
v -9.169312 20.254623 -7.364589
v -11.155149 21.035431 -4.162139
v -12.503456 23.673523 1.008259
v -10.821038 -0.304963 8.883807
v -13.999219 0.763343 8.904141
v -13.999219 0.763343 8.904141
v -6.845534 -2.435960 14.146326
v -6.257972 -2.881646 12.571856
v -8.088486 -3.897456 -6.359434
v -18.485846 -48.709236 20.677774
v -11.086814 22.276215 -5.820881
v -11.971077 21.004318 0.858179
v -10.821038 -0.304963 8.883807
v -10.821038 -0.304963 8.883807
v -7.643975 -3.507456 -5.721725
v -17.744171 -49.387482 19.897310
v -12.675726 0.799643 2.225368
v -0.000000 -5.219964 12.836677
v -20.493750 -47.171875 16.409910
v -6.257972 -2.881646 12.571856
v -6.771029 23.131226 -9.827102
v -9.522124 22.408020 -7.890979
v -5.973774 18.024918 -8.111621
v -9.416060 4.704443 -2.766518
v -9.585362 14.465927 6.351103
v -2.753702 9.118321 -6.599525
v -4.640578 15.850111 -7.441359
v -6.114946 14.736113 -6.343628
v -2.848344 14.225920 -7.238945
v -9.088095 18.634323 10.551815
v -5.973776 18.024918 -7.576230
v -8.943009 28.651094 15.361925
v -8.907207 24.587831 14.622840
v -4.193244 26.705217 15.226974
v -11.254972 27.708725 -0.095388
v -8.608510 32.275558 1.478490
v -3.985285 22.209826 13.791317
v -9.448581 27.672729 -7.596703
v -3.763155 18.356018 12.069084
v -11.033719 21.849823 10.982920
v -8.057760 17.605911 -6.562430
v -9.483142 25.934021 -7.810902
v -11.538132 26.835526 -5.658260
v -2.565997 42.018921 10.056859
v -2.397456 40.931824 2.658304
v 0.000003 40.607315 1.681907
v -0.000000 44.585419 11.284212
v -3.669047 40.875565 5.287167
v -3.927164 41.451187 7.895317
v -4.341307 42.474701 8.025220
v -3.960479 41.758118 5.030636
v 0.000003 41.398514 1.984624
v -3.496649 42.460327 5.069455
v -3.927164 41.451187 7.895317
v -0.000000 22.629519 14.168633
v -11.144226 31.375275 1.898970
v -0.000000 26.553316 14.929399
v -11.513303 29.293932 15.604758
v -5.983803 9.702620 -5.519036
v 0.000000 3.481345 9.383201
v -8.148850 9.930113 -2.622668
v -3.174717 10.342925 9.047669
v -5.229317 4.328046 -6.079924
v -12.481129 29.244080 2.568199
v -12.016973 26.585632 4.763928
v -12.613237 26.731140 5.460362
v -1.236831 7.704740 -6.818365
v -6.213638 27.670120 -8.271610
v -7.059407 13.964218 9.496455
v -11.827036 25.868011 0.412097
v -10.862469 17.145523 7.039546
v -11.890646 26.054626 -3.025625
v -6.064904 28.780624 -7.308914
v -10.118895 4.957640 2.128519
v -2.387889 30.359116 -2.279251
v -10.886074 27.154724 -5.339001
v -11.388107 24.202118 9.280991
v -11.703309 21.158218 8.738802
v -4.184623 3.704543 9.058290
v -0.000000 18.181625 11.501402
v -9.318382 15.278411 -3.278478
v -11.846066 25.110428 5.288276
v -11.481952 26.322939 13.942916
v -13.065745 32.583954 3.224777
v -12.090597 31.941744 15.129581
v -1.959863 41.603622 2.628503
v -8.208302 4.304244 6.753070
v -3.993719 43.313721 7.793569
v -3.003819 44.051117 10.002192
v 0.000003 39.908722 2.416308
v -2.352354 40.316910 3.176036
v -0.001778 39.820312 11.393034
v -2.622066 39.848572 10.590338
v -3.125680 43.488022 10.514853
v -0.000000 44.160721 11.683585
v -7.634242 9.714827 6.129376
v -8.626422 32.349411 15.004077
v -6.642336 26.002930 -9.539383
v -11.303372 24.907623 -5.872520
v -12.402466 25.789230 -3.438732
v -10.271965 24.642504 13.149106
v -8.743641 22.063524 12.908869
v -11.821175 23.573822 -3.775862
v -2.815611 25.591629 -10.350699
v -4.341307 42.474701 8.025220
v -3.993719 43.313721 7.793569
v -6.345695 27.486618 -9.313133
v -2.752033 28.557327 -9.104153
v -5.217428 23.601135 -10.226192
v 0.000006 29.128922 -8.612639
v 0.000006 25.786423 -10.367251
v -12.133226 22.398010 5.284351
v -9.524146 17.769516 -3.292650
v 0.000006 27.063416 -7.373210
v -4.074773 27.098221 -9.979671
v -10.796547 17.507111 1.378637
v -6.130903 29.959717 -5.429314
v -5.078717 25.426620 -9.968341
v 0.000006 28.749329 -7.284919
v 0.000006 27.558716 -6.063800
v 0.000003 28.521729 -2.656271
v -4.014350 27.121017 -8.871212
v -9.066612 29.196320 -5.083881
v -6.882424 31.145599 -1.165373
v -10.202401 29.801239 -0.204564
v -4.448605 23.106232 -10.727710
v -9.114594 27.729813 -6.988373
v -11.942606 24.057617 1.164959
v -10.297146 14.876830 1.530912
v -2.624445 28.284119 -7.564392
v -8.881866 9.453833 1.850661
v -9.026300 28.214615 -6.479931
v -2.404225 29.372009 -5.811122
v 0.000000 11.691726 8.824307
v 0.000006 4.193044 -6.897882
v 0.000006 7.794347 -6.662092
v -11.547664 25.269257 9.753330
v -4.242979 39.668503 8.178743
v -4.242979 39.668503 8.178743
v -0.000560 42.356430 10.943861
v 14.293024 71.756714 31.826996
v 18.437164 74.315216 31.160686
v 20.149162 61.521824 33.929611
v 6.529136 47.901814 31.293659
v -3.308850 -21.519905 -9.951332
v -0.003517 38.822113 12.262656
v -2.667551 36.455917 1.860522
v -3.407930 35.114822 0.770718
v 0.000003 30.928314 -1.204200
v -2.370528 32.114120 -0.608981
v 0.000003 34.226822 -0.137439
v -3.565546 -6.549861 -9.886355
v 12.730133 72.515015 32.611626
v 20.009504 73.604126 31.293655
v 20.867085 66.054718 31.293659
v -3.021143 38.036438 3.227697
v -0.000113 37.735321 2.221437
v 20.149164 61.521824 31.293659
v 18.481344 60.045216 31.218819
v -4.811308 35.163422 1.764533
v -10.007387 33.839005 3.049450
v -0.000688 36.372818 1.138265
v -4.057878 38.882660 5.428401
v -6.978633 -11.567363 -9.897340
v -4.316908 -7.529765 -8.138993
v -8.728309 35.208527 13.355816
v -0.022286 -17.075380 -7.161302
v -10.932294 -32.062820 -6.311267
v -10.455037 -31.939240 -4.281932
v 0.000006 -12.006663 -9.885609
v -0.049447 -22.031502 -8.166610
v -10.918390 -19.556335 -6.354731
v -6.530628 -18.214083 -7.313021
v -3.608678 -18.649673 -7.979042
v -7.062373 -11.616672 -7.330744
v -6.803440 -68.885078 -6.207304
v -3.610725 -18.438187 -9.954094
v -13.951099 34.271835 6.786699
v -9.016440 36.526230 10.170882
v -0.065015 -63.202461 -6.986862
v -13.958283 34.827438 10.071501
v -0.051233 -20.354065 -7.167596
v -10.471997 -54.328964 -4.197940
v -0.054657 -32.287453 -7.112820
v -10.470827 -63.006733 -4.218087
v -9.126783 -67.817711 -6.914755
v -12.524385 -69.855736 -4.501352
v -8.808212 -67.818474 -5.729996
v -10.991640 -68.189224 -5.064305
v -11.389437 -68.188560 -6.224915
v -12.858078 -72.181389 -4.368791
v -13.323753 -72.180809 -5.504006
v -10.795751 -43.050453 -6.449242
v -10.465387 -43.051186 -4.207063
v -0.071579 -43.041100 -7.764692
v -10.606583 -54.327171 -6.553905
v -0.071466 -54.317108 -7.728346
v -10.591192 -62.928429 -6.493714
v -0.071925 -43.041031 -7.038015
v -0.070979 -54.317596 -7.054459
v -13.287687 34.246063 13.265579
v -9.016440 36.526230 10.170882
v -5.467873 38.618118 8.860023
v -5.633018 37.866318 5.667549
v 0.000006 -6.406565 -7.483000
v 0.000006 -6.464458 -9.886410
v -3.393265 -21.583229 -7.913818
v -10.906657 -9.336184 -6.270784
v -6.471028 -18.165270 -9.954912
v -0.048264 -21.955460 -9.948510
v -10.450100 -19.436432 -4.319023
v -10.428290 -9.134775 -4.248152
v -0.050200 -32.041290 -7.732928
v -11.878139 -74.277809 -4.751560
v -10.470827 -63.006733 -4.218087
v -0.065783 -63.089451 -7.718912
v -0.065015 -63.202461 -6.986862
v 14.934382 53.672428 31.348543
v 20.149164 61.521824 31.293659
v 12.442843 50.914936 31.293661
v 17.741434 58.880329 31.287792
v -3.714353 -6.696558 -7.351575
v 16.061255 57.034428 30.969841
v -3.224772 38.748215 11.655473
v -0.000000 35.303421 13.707128
v -5.467873 38.618118 8.860023
v -0.000000 32.050415 14.675770
v -13.958283 34.827438 10.071501
v -8.059108 36.083466 5.934923
v -12.308298 -74.277176 -5.900616
v -6.581677 47.901814 31.293655
v -6.581677 47.901814 31.293655
v -4.350682 32.320526 15.067292
v -4.109218 36.874710 3.000044
v -4.108839 35.478424 13.775900
v -12.977864 -69.855141 -5.641461
v -5.849373 35.686127 2.860892
v -5.136190 33.418213 0.483189
v -10.285737 -75.343605 -6.586222
v -1.908256 34.426514 0.444079
v 16.061255 57.034428 30.969841
v 17.741434 58.880329 31.287792
v 5.138824 70.030823 31.556704
v 18.241804 58.184528 31.896734
v -18.523212 58.227634 31.293650
v -15.161284 60.319828 31.641062
v -5.131742 63.226933 31.626093
v -18.523214 58.227634 33.929600
v -12.495365 50.915028 33.929607
v -17.188511 55.608112 31.293650
v -6.581677 47.901814 33.929607
v 19.435335 60.747623 31.396408
v -12.495365 50.915028 31.293653
v -1.927967 63.937229 31.556704
v -1.005966 65.575119 31.556704
v 1.416965 64.746124 31.556705
v -17.188513 55.608112 33.929604
v -9.153274 61.804325 31.829813
v 17.188374 57.185932 31.558035
v -0.673151 44.831821 31.087132
v 22.038395 69.473221 31.330170
v 1.508489 44.825932 31.189220
v -18.523212 58.227634 31.293650
v -11.156884 57.189121 31.556704
v -17.188511 55.608112 31.293650
v 2.655117 50.317722 31.365967
v 2.007679 47.195225 31.273918
v -11.600915 63.289310 31.828691
v -18.716312 58.817234 32.611618
v 22.031744 66.268631 31.346951
v -13.333775 62.540440 31.827261
v -16.152502 60.860233 31.160681
v -12.495365 50.915028 31.293653
v -4.178152 54.428318 31.504055
v -3.804602 58.411228 31.552105
v -5.510996 53.843235 31.468758
v -1.575955 46.415424 30.607265
v -1.802354 45.633030 31.370186
v -2.160432 47.201511 31.340706
v 2.438959 50.956135 31.403946
v 2.319331 51.450825 30.575005
v 3.097720 51.945621 31.364056
v 1.470350 47.303623 30.534420
v 2.002905 50.045719 30.743614
v 1.150208 45.214725 30.551201
v -0.949639 45.354420 30.684536
v 1.347712 50.349628 30.620094
v -3.736886 54.647923 30.617867
v -4.661676 54.921436 30.531757
v 5.227668 58.679829 31.554264
v 2.195350 55.805622 30.568485
v -2.709029 57.111149 31.556705
v -4.344961 58.213718 30.571726
v -0.137537 51.299809 31.450745
v 7.750996 55.827518 31.451458
v 3.289558 58.164524 31.554626
v 1.902565 55.828815 31.552536
v 7.455183 57.403217 31.482876
v -2.437376 55.823124 30.535896
v -0.130292 50.729527 30.566216
v -3.229325 57.195316 30.530365
v -5.795248 54.199329 30.617477
v -2.057293 55.795322 31.488445
v 3.551035 54.869724 30.563778
v 5.271443 58.215733 30.534756
v 7.125256 57.056828 30.599915
v 3.299339 57.644321 30.562805
v 7.240502 55.749226 30.584335
v 6.376271 54.608021 30.623978
v 6.621201 54.107029 31.422878
v 5.689818 56.209522 30.529926
v 4.860971 53.917728 31.464016
v 4.145613 55.341618 30.794937
v 3.904925 54.345036 31.492447
v 4.883657 54.260624 30.670597
v -6.143461 58.567722 31.541864
v -7.318311 57.927525 31.556704
v -7.463461 54.661915 31.501574
v -5.738832 58.200031 30.804235
v -7.522935 55.137333 30.816366
v -7.854803 56.435917 31.549006
v -1.916470 45.832523 32.611626
v -7.616690 56.782932 30.763094
v -2.160432 47.201511 31.340706
v 17.754213 66.667221 30.548836
v 17.654135 65.477509 31.367481
v -2.160432 47.201511 33.882557
v 12.369424 63.851627 31.517235
v 9.306623 60.440632 31.527687
v 8.261826 63.242313 31.552677
v 11.194613 60.180027 31.384464
v 11.144403 60.571720 30.531467
v 8.673195 63.244724 30.552677
v 10.531034 62.580311 30.524307
v 9.473258 60.814930 30.571247
v 12.314875 61.980412 30.762726
v 16.877754 65.778412 30.668266
v 21.687353 66.608017 30.629341
v 11.955784 63.847019 30.580338
v 18.443495 66.185425 30.624962
v 9.006299 70.941818 31.767807
v 8.168787 72.391418 32.611626
v 20.847374 69.720413 31.290150
v 9.349707 75.200317 31.035006
v 9.362853 71.159531 30.547504
v 8.558320 71.832733 31.106388
v 21.676476 69.134323 30.586029
v 11.398774 75.427811 30.853737
v 8.356587 73.556015 30.923464
v 11.118824 71.882935 31.063526
v 12.599904 74.533813 30.886887
v 20.867083 66.054718 33.929611
v 10.226514 72.747711 30.608295
v 11.398774 75.427811 30.853737
v 20.867085 66.054718 31.293659
v 11.398774 75.427811 34.369526
v 12.599904 74.533813 30.886887
v 12.599904 74.533813 34.336369
v 12.812933 72.962311 34.307297
v 12.445892 71.991913 31.712875
v 12.812933 72.962311 30.915966
v 12.812933 72.962311 30.915966
v 22.031744 66.268631 31.346951
v 22.031742 66.268631 33.876312
v 19.435335 60.747623 31.396408
v 12.718833 62.010624 31.451965
v 18.481344 60.045216 31.218819
v 15.607793 67.840912 31.535095
v 9.827683 65.007629 30.656296
v 1.508489 44.825932 31.189220
v 16.293745 67.860123 30.530396
v 2.007679 47.195225 31.273918
v 9.596646 65.192123 31.646126
v 16.362364 55.434025 31.806932
v 2.007679 47.195225 33.949341
v 6.529136 47.901814 31.293659
v 1.508489 44.825932 34.034039
v 12.442843 50.914936 31.293661
v 14.934382 53.672428 31.348543
v 22.038395 69.473221 31.330170
v 12.442843 50.914936 33.929611
v 22.038393 69.473221 33.893089
v 6.529136 47.901814 33.929611
v 20.847372 69.720413 33.933109
v 20.847374 69.720413 31.290150
v 20.009504 73.604126 31.293655
v 20.009502 73.604126 33.929607
v 19.816395 74.193817 32.611626
v 12.442843 50.914936 33.929611
v 20.867083 66.054718 33.929611
v 14.934382 53.672428 33.874722
v 20.009502 73.604126 33.929607
v 19.816395 74.193817 32.611626
v 18.437162 74.315216 34.062576
v 18.244064 74.904907 32.611626
v 14.293024 71.756714 33.396267
v 14.099924 72.346313 32.611626
v 20.149162 61.521824 33.929611
v 16.061253 57.034428 34.253429
v 19.435333 60.747623 33.826847
v 17.741432 58.880329 33.935478
v 18.481342 60.045216 34.004440
v 5.138824 70.030823 33.666546
v 4.945723 70.620422 32.611626
v 6.529136 47.901814 33.929611
v -6.581677 47.901814 33.929607
v 14.934382 53.672428 33.874722
v 16.061253 57.034428 34.253429
v 17.741432 58.880329 33.935478
v 1.223864 65.335815 32.611626
v -1.927967 63.937229 33.666546
v -1.005966 65.575119 33.666546
v 1.416965 64.746124 33.666546
v -2.121083 64.526917 32.611626
v 16.362362 55.434025 33.416340
v 16.812225 55.984226 32.611629
v -1.199049 66.164810 32.611626
v -5.329098 63.825428 32.611626
v -5.131742 63.226933 33.597157
v 18.241802 58.184528 33.326538
v 17.188372 57.185932 33.665230
v -9.346375 62.393925 32.611622
v -9.153274 61.804325 33.393433
v -11.156884 57.189121 33.666546
v -11.600915 63.289310 33.394558
v -12.495365 50.915028 33.929607
v -17.188513 55.608112 33.929604
v -18.523214 58.227634 33.929600
v -11.868053 63.933018 32.611618
v -13.333775 62.540440 33.395981
v -16.152504 60.860233 34.062569
v -16.345602 61.449924 32.611618
v -18.716312 58.817234 32.611618
v -15.459254 60.801609 32.611618
v -15.161284 60.319828 33.582180
v -1.802354 45.633030 31.370186
v 22.031742 66.268631 33.876312
v 22.038393 69.473221 33.893089
v -13.526875 63.130131 32.611618
v -0.673151 44.831821 31.087132
v 8.168787 72.391418 32.611626
v -0.673151 44.831821 34.136131
v 2.007679 47.195225 33.949341
v -0.673151 44.831821 34.136131
v -1.802354 45.633030 33.853077
v 2.655117 50.317722 33.857296
v 1.508489 44.825932 34.034039
v 1.150208 45.214725 34.672058
v 2.002905 50.045719 34.479637
v 3.097720 51.945621 33.859196
v 2.438959 50.956135 33.819317
v 1.347712 50.349628 34.603168
v -0.949639 45.354420 34.538727
v -1.802354 45.633030 33.853077
v -1.575955 46.415424 34.615986
v 2.319331 51.450825 34.648258
v 1.470350 47.303623 34.688850
v -3.736886 54.647923 34.605385
v -2.160432 47.201511 33.882557
v -4.344961 58.213718 34.651524
v -4.661676 54.921436 34.691505
v -5.795248 54.199329 34.605785
v -4.178152 54.428318 33.719196
v -3.229325 57.195316 34.692894
v -5.510996 53.843235 33.754498
v -0.137537 51.299809 33.772518
v -2.709029 57.111149 33.666546
v -0.130292 50.729527 34.657043
v -3.804602 58.411228 33.671146
v -2.057293 55.795322 33.734806
v -2.437376 55.823124 34.687366
v 7.750996 55.827518 33.771805
v 5.227668 58.679829 33.668987
v 1.902565 55.828815 33.670715
v 7.455183 57.403217 33.740376
v 3.289558 58.164524 33.668636
v 3.551035 54.869724 34.659485
v 3.299339 57.644321 34.660446
v 2.195350 55.805622 34.654778
v 5.271443 58.215733 34.688496
v 7.240502 55.749226 34.638916
v 5.689818 56.209522 34.693329
v 7.125256 57.056828 34.623337
v 6.621201 54.107029 33.800377
v 4.860971 53.917728 33.759235
v 4.145613 55.341618 34.428314
v 6.376271 54.608021 34.599277
v 4.883657 54.260624 34.552654
v -6.143461 58.567722 33.681385
v -5.738832 58.200031 34.419018
v 3.904925 54.345036 33.730808
v -7.318311 57.927525 33.666546
v -7.616690 56.782932 34.460155
v -7.522935 55.137333 34.406887
v -7.463461 54.661915 33.721687
v -7.854803 56.435917 33.674255
v 17.654133 65.477509 33.855789
v 12.369424 63.851627 33.706017
v 17.754211 66.667221 34.674427
v 11.194613 60.180027 33.838787
v 8.261826 63.242313 33.670574
v 11.144403 60.571720 34.691788
v 9.306623 60.440632 33.695576
v 9.473258 60.814930 34.652016
v 10.531034 62.580311 34.698948
v 12.314875 61.980412 34.460537
v 8.673195 63.244724 34.670586
v 16.877752 65.778412 34.554996
v 21.687351 66.608017 34.593922
v 18.443493 66.185425 34.598301
v 11.955784 63.847019 34.642918
v 20.847372 69.720413 33.933109
v 8.356587 73.556015 30.923464
v 8.356587 73.556015 34.299797
v 9.006299 70.941818 33.455456
v 9.349707 75.200317 31.035006
v 21.676474 69.134323 34.637230
v 9.362853 71.159531 34.675747
v 9.759961 75.264435 34.380447
v 8.558320 71.832733 34.116867
v 9.759961 75.264435 34.380447
v 11.398774 75.427811 34.369526
v 8.356587 73.556015 34.299797
v 12.599904 74.533813 34.336369
v 11.118824 71.882935 34.159737
v 12.730133 72.515015 32.611626
v 10.226514 72.747711 34.614956
v 12.445892 71.991913 33.510387
v 19.435333 60.747623 33.826847
v 18.481342 60.045216 34.004440
v 12.812933 72.962311 34.307297
v 9.827683 65.007629 34.566956
v 15.607793 67.840912 33.688168
v 16.293743 67.860123 34.692867
v 12.718833 62.010624 33.771305
v -14.934394 81.658127 31.348522
v 9.596646 65.192123 33.577126
v -20.867092 69.275818 31.293644
v -18.437172 61.015324 31.160677
v -12.730145 62.815525 32.611614
v -12.442855 84.415527 31.293640
v -14.293036 63.573811 31.826986
v -20.009512 61.726322 31.293646
v -20.149174 73.808716 33.929592
v -17.741442 76.450104 31.287773
v -16.061262 78.296112 30.969822
v -20.149172 73.808716 31.293640
v -18.481352 75.285217 31.218800
v -20.149172 73.808716 31.293640
v -16.061262 78.296112 30.969822
v -5.138836 65.299713 31.556696
v 6.581665 87.428619 31.293646
v -6.529148 87.428711 31.293644
v 6.581665 87.428619 31.293646
v -17.741442 76.450104 31.287773
v -1.416977 70.584320 31.556696
v 1.927955 71.393219 31.556700
v -19.435343 74.582916 31.396389
v 6.581665 87.428619 33.929596
v 12.495355 84.415527 31.293650
v 1.005954 69.755310 31.556700
v 17.188501 79.722321 33.929604
v -17.188381 78.144531 31.558014
v 17.188503 79.722321 31.293652
v 12.495355 84.415527 33.929604
v 9.153262 73.526215 31.829815
v -18.241812 77.146027 31.896713
v 18.523205 77.102921 31.293652
v 12.495355 84.415527 31.293650
v 18.523203 77.102921 33.929604
v 5.131730 72.103516 31.626089
v 17.188503 79.722321 31.293652
v 18.716305 76.513229 32.611622
v 15.161273 75.010712 31.641064
v 11.600904 72.041138 31.828693
v 18.523205 77.102921 31.293652
v 11.156873 78.141418 31.556700
v 13.333763 72.790115 31.827263
v 16.152494 74.470230 31.160683
v -2.007691 88.135315 31.273903
v -22.038403 65.857330 31.330154
v 0.673139 90.498718 31.087116
v -22.031752 69.061920 31.346935
v -2.655129 85.012817 31.365957
v -1.508501 90.504623 31.189205
v -2.438971 84.374420 31.403936
v 0.949627 89.976105 30.684525
v -1.150220 90.115707 30.551186
v -3.097732 83.384811 31.364046
v -2.002917 85.284821 30.743605
v -1.347724 84.980820 30.620085
v -2.319343 83.879715 30.574995
v -1.470362 88.026825 30.534405
v 2.160420 88.128922 31.340696
v 1.575943 88.915009 30.607256
v 3.736874 80.682617 30.617857
v 1.802342 89.697525 31.370176
v 4.661664 80.409119 30.531748
v 5.510984 81.487320 31.468748
v 5.795236 81.131134 30.617468
v 4.178140 80.902222 31.504045
v 4.344949 77.116821 30.571718
v 3.229313 78.135223 30.530355
v 2.709017 78.219315 31.556696
v 3.804590 76.919220 31.552095
v -7.751008 79.502914 31.451447
v 0.130280 84.601013 30.566206
v 2.057281 79.535233 31.488436
v 2.437364 79.507416 30.535887
v -7.455195 77.927307 31.482866
v 0.137525 84.030716 31.450735
v -3.289570 77.165924 31.554617
v -1.902577 79.501617 31.552526
v -3.551047 80.460709 30.563768
v -5.227680 76.650604 31.554255
v -3.299351 77.686218 30.562796
v -2.195362 79.524811 30.568476
v -5.271455 77.114822 30.534746
v -7.125268 78.273621 30.599905
v -7.240514 79.581314 30.584326
v -6.376283 80.722519 30.623968
v -6.621213 81.223511 31.422867
v -5.689830 79.120911 30.529917
v -4.860983 81.412827 31.464006
v -4.883669 81.069916 30.670588
v -4.145625 79.988907 30.794928
v 6.143449 76.762817 31.541861
v 5.738820 77.130524 30.804232
v -3.904937 80.985428 31.492437
v 7.522923 80.193115 30.816359
v 7.463449 80.668518 31.501566
v 7.854791 78.894516 31.549002
v 7.318299 77.403015 31.556700
v 1.916458 89.498016 32.611614
v 7.616678 78.547623 30.763090
v -17.754221 68.663223 30.548824
v 2.160420 88.128922 33.882545
v -12.369434 71.478912 31.517225
v 2.160420 88.128922 31.340696
v -11.194625 75.150513 31.384455
v -17.654142 69.852921 31.367466
v -11.144415 74.758820 30.531458
v -8.261836 72.088120 31.552668
v -8.673207 72.085724 30.552668
v -9.306635 74.889923 31.527678
v -10.531045 72.750214 30.524298
v -9.473269 74.515625 30.571238
v -12.314885 73.350113 30.762716
v -11.955795 71.483521 30.580328
v -16.877762 69.552124 30.668255
v -18.443502 69.145111 30.624947
v -20.847382 65.610107 31.290134
v -21.687361 68.722534 30.629326
v -9.006310 64.388611 31.767797
v -8.168798 62.939121 32.611618
v -21.676483 66.196136 30.586014
v -8.558331 63.497730 31.106379
v -8.356599 61.774418 30.923456
v -9.362864 64.170929 30.547495
v -9.349717 60.130222 31.035002
v -10.226524 62.582829 30.608286
v -12.599916 60.796619 30.886877
v -11.398786 59.902714 30.853727
v -11.118835 63.447529 31.063517
v -20.867094 69.275818 33.929596
v -11.398786 59.902714 30.853727
v -20.867092 69.275818 31.293644
v -11.398786 59.902714 34.369518
v -12.599916 60.796619 34.336361
v -12.812945 62.368122 30.915956
v -12.599916 60.796619 30.886877
v -12.812945 62.368122 34.307285
v -12.812945 62.368122 30.915956
v -22.031752 69.061920 31.346935
v -12.445904 63.338627 31.712866
v -22.031754 69.061920 33.876297
v -19.435343 74.582916 31.396389
v -12.718845 73.319824 31.451956
v -18.481352 75.285217 31.218800
v -1.416977 70.584320 33.666538
v -6.529148 87.428711 33.929596
v -18.481354 75.285217 34.004421
v -14.293036 63.573811 33.396255
v -20.009512 61.726322 31.293646
v -22.038404 65.857330 33.893074
v -20.847383 65.610107 33.933094
v -20.847382 65.610107 31.290134
v 9.153262 73.526215 33.393433
v 9.346363 72.936523 32.611622
v -19.816402 61.136723 32.611614
v -17.741444 76.450104 33.935459
v -5.138836 65.299713 33.666538
v -20.149174 73.808716 33.929592
v -14.099936 62.984119 32.611614
v -18.244072 60.425617 32.611614
v -2.007691 88.135315 31.273903
v -1.508501 90.504623 34.034023
v -16.293753 67.470428 30.530386
v -9.827695 70.322922 30.656286
v -16.061264 78.296112 34.253410
v -16.061264 78.296112 34.253410
v -18.437174 61.015324 34.062565
v -16.362373 79.896515 33.416321
v -16.812233 79.346329 32.611610
v -1.223876 69.994720 32.611618
v -19.435345 74.582916 33.826828
v -12.442855 84.415527 31.293640
v -6.529148 87.428711 31.293644
v -15.607803 67.489517 31.535086
v -2.007691 88.135315 33.949326
v -6.529148 87.428711 33.929596
v -20.009514 61.726322 33.929596
v -19.816402 61.136723 32.611614
v 1.927955 71.393219 33.666542
v -4.945735 64.710114 32.611622
v -17.188383 78.144531 33.665211
v 12.495355 84.415527 33.929604
v 17.188501 79.722321 33.929604
v 18.523203 77.102921 33.929604
v 11.600904 72.041138 33.394562
v 2.121071 70.803619 32.611622
v 1.005954 69.755310 33.666542
v 5.131730 72.103516 33.597153
v -18.241814 77.146027 33.326519
v -20.009514 61.726322 33.929596
v -20.867094 69.275818 33.929596
v -12.442855 84.415527 33.929592
v -14.934394 81.658127 33.874702
v 13.526863 72.200424 32.611622
v 16.345594 73.880508 32.611622
v 16.152493 74.470230 34.062572
v 18.716305 76.513229 32.611622
v -17.741444 76.450104 33.935459
v 6.581665 87.428619 33.929596
v -14.934394 81.658127 33.874702
v 1.199037 69.165710 32.611622
v -9.596658 70.138428 31.646116
v -16.362371 79.896515 31.806911
v -1.508501 90.504623 31.189205
v -14.934394 81.658127 31.348522
v 13.333763 72.790115 33.395985
v -22.031754 69.061920 33.876297
v 15.459243 74.528824 32.611622
v 15.161273 75.010712 33.582184
v 11.868043 71.397415 32.611622
v 11.156873 78.141418 33.666542
v 5.329086 71.505127 32.611622
v -22.038403 65.857330 31.330154
v -12.442855 84.415527 33.929592
v 0.130280 84.601013 34.657032
v -2.195362 79.524811 34.654766
v 2.437364 79.507416 34.687355
v -3.551047 80.460709 34.659473
v -22.038404 65.857330 33.893074
v 0.673139 90.498718 31.087116
v 1.802342 89.697525 33.853065
v 0.673139 90.498718 34.136116
v -7.751008 79.502914 33.771793
v -7.125268 78.273621 34.623325
v -7.455195 77.927307 33.740364
v -5.227680 76.650604 33.668976
v -3.289570 77.165924 33.668625
v -6.376283 80.722519 34.599266
v 4.344949 77.116821 34.651516
v 3.229313 78.135223 34.692886
v -2.655129 85.012817 33.857285
v -2.007691 88.135315 33.949326
v -1.508501 90.504623 34.034023
v -8.168798 62.939121 32.611618
v 2.057281 79.535233 33.734795
v 2.709017 78.219315 33.666538
v 5.510984 81.487320 33.754490
v -5.271455 77.114822 34.688484
v 0.137525 84.030716 33.772507
v -3.299351 77.686218 34.660435
v 3.804590 76.919220 33.671139
v 1.802342 89.697525 31.370176
v 0.673139 90.498718 34.136116
v -2.438971 84.374420 33.819305
v -3.097732 83.384811 33.859184
v -1.150220 90.115707 34.672043
v 0.949627 89.976105 34.538715
v -2.002917 85.284821 34.479626
v -4.145625 79.988907 34.428303
v -4.860983 81.412827 33.759224
v -4.883669 81.069916 34.552643
v -3.904937 80.985428 33.730797
v 6.143449 76.762817 33.681381
v -7.240514 79.581314 34.638905
v -1.902577 79.501617 33.670704
v 7.522923 80.193115 34.406879
v 7.616678 78.547623 34.460152
v -9.306635 74.889923 33.695564
v -12.369434 71.478912 33.706005
v 3.736874 80.682617 34.605373
v 4.661664 80.409119 34.691498
v 5.795236 81.131134 34.605778
v 4.178140 80.902222 33.719185
v -5.689830 79.120911 34.693317
v 5.738820 77.130524 34.419014
v -6.621213 81.223511 33.800365
v -12.314885 73.350113 34.460526
v 7.318299 77.403015 33.666542
v 7.463449 80.668518 33.721680
v -17.654144 69.852921 33.855774
v -11.194625 75.150513 33.838776
v 1.802342 89.697525 33.853065
v -2.319343 83.879715 34.648247
v -1.470362 88.026825 34.688835
v -1.347724 84.980820 34.603157
v -9.473269 74.515625 34.652004
v -10.531045 72.750214 34.698936
v -8.673207 72.085724 34.670574
v -17.754223 68.663223 34.674416
v 7.854791 78.894516 33.674252
v -11.144415 74.758820 34.691776
v -8.261836 72.088120 33.670563
v 2.160420 88.128922 33.882545
v 1.575943 88.915009 34.615974
v -9.006310 64.388611 33.455448
v -7.799294 55.386520 7.204617
v -20.847383 65.610107 33.933094
v -6.347270 42.614929 6.691203
v -8.356599 61.774418 30.923456
v -5.615819 42.871719 7.330238
v -4.772347 47.020218 10.388211
v -5.327188 45.395920 10.425847
v 9.123663 -62.022133 -6.071670
v -9.319949 -68.181198 -6.583107
v 8.940921 -67.874062 -6.143161
v -9.883080 -62.621040 -5.989821
v 8.744759 -62.459831 -5.113084
v -9.681194 -62.506794 -6.980437
v 8.902625 -62.608288 -6.118440
v 9.549927 -62.489944 -6.997998
v 3.339633 41.811615 11.978909
v -8.046675 51.383316 10.282894
v 6.638454 42.010315 11.878299
v -6.474928 48.882507 11.650868
v 6.655474 42.026321 11.699319
v 2.146340 46.851013 14.243462
v 6.655474 42.026321 11.699319
v 8.981677 42.258423 9.763448
v 4.055789 43.037308 14.152838
v -16.877764 69.552124 34.554985
v 7.862169 41.345215 6.395340
v -11.955795 71.483521 34.642906
v 7.710478 42.637817 10.426936
v 6.148960 41.803314 11.097055
v 5.829744 41.492325 10.633343
v 4.950142 44.777222 12.496716
v 6.296551 42.524521 11.199416
v 5.055334 45.094513 12.239329
v 9.022689 42.619125 9.739857
v -6.425899 53.043015 6.454583
v -6.580441 52.359207 8.444549
v 2.973436 62.179825 8.153567
v -6.652502 57.769623 8.049335
v -5.711008 47.685516 9.649931
v -5.907911 44.000122 8.684727
v -5.839388 45.418304 9.200565
v -6.194191 42.169617 7.951329
v 8.883076 42.587830 10.145921
v 5.655186 59.577026 8.664884
v -7.157125 52.359207 8.613791
v 7.123408 53.683929 6.649419
v -9.596658 70.138428 33.577114
v 1.252450 42.648727 14.813910
v 6.957952 57.918304 8.179268
v -5.381985 49.607330 7.921589
v -6.326593 48.121704 10.507751
v -7.161909 51.272919 9.178882
v -5.084974 46.163025 11.384480
v -6.159549 42.863113 7.586158
v -6.392138 42.365021 6.706897
v 6.752731 43.173523 10.872406
v 7.806649 42.530930 9.375771
v 5.502913 42.657516 12.866508
v 4.045239 44.085022 13.312781
v 6.638454 42.010315 11.878299
v 4.250121 43.339905 14.044732
v -4.998569 47.155029 12.447964
v 0.214847 45.297516 13.495073
v 4.565057 42.471619 12.876576
v -4.967363 49.857819 13.259850
v 2.307114 43.606918 12.067384
v 2.867902 45.303711 7.661070
v -6.131017 51.272919 9.178882
v -2.889101 45.032227 12.707923
v -7.269010 52.996628 6.394360
v -0.589928 44.147308 13.442222
v -21.687363 68.722534 34.593906
v -18.443504 69.145111 34.598286
v 2.252357 43.641144 14.356301
v -3.945774 48.512527 13.694567
v -1.202677 43.904419 13.903367
v -1.651018 43.187225 13.696257
v 1.085870 42.242020 14.831050
v 1.441034 42.557922 14.797955
v 0.985660 42.446411 14.888118
v -5.764097 43.447128 9.506378
v -0.042040 43.741028 13.088426
v 4.177802 43.260925 14.201547
v -7.591096 54.206909 6.791963
v -15.607803 67.489517 33.688156
v -9.827695 70.322922 34.566944
v 5.619153 54.905029 14.041574
v 5.502470 53.000214 14.047765
v 4.173964 47.723022 14.162785
v 1.964709 50.744019 15.165401
v 7.333853 41.645615 10.143208
v 4.203321 43.040329 13.898505
v -5.974123 52.982819 14.318350
v -6.566939 55.280716 11.142483
v -6.375703 55.474915 12.920215
v 1.402333 45.710617 13.524613
v -3.637249 51.008514 15.241417
v 3.092193 44.008514 13.228566
v -0.358363 45.079926 13.378222
v -1.032720 46.685608 13.664205
v -8.219323 54.088226 9.063198
v 2.988186 47.494827 13.651709
v 8.836577 42.321930 10.129824
v 5.021032 51.240234 13.851344
v 6.487546 50.962112 13.512336
v 9.482368 42.321320 5.233819
v 1.402333 45.710617 13.524613
v 3.092193 44.008514 13.228566
v -5.958648 52.425720 12.469584
v -5.396413 46.828522 9.035610
v -5.250106 45.421204 8.941912
v -5.951130 49.607330 7.921589
v -1.790251 46.351822 13.357407
v 6.764948 42.286224 11.751483
v -9.349717 60.130222 31.035002
v -9.759973 60.066029 34.380440
v -11.398786 59.902714 34.369518
v -12.445904 63.338627 33.510376
v -12.812945 62.368122 34.307285
v -12.599916 60.796619 34.336361
v -11.118835 63.447529 34.159725
v -10.226524 62.582829 34.614948
v -9.362864 64.170929 34.675739
v -8.558331 63.497730 34.116859
v -21.676485 66.196136 34.637215
v -9.759973 60.066029 34.380440
v 8.836577 42.321930 10.129824
v 8.981677 42.258423 9.763448
v -8.356599 61.774418 34.299789
v -12.730145 62.815525 32.611614
v -18.481354 75.285217 34.004421
v -19.435345 74.582916 33.826828
v -16.293755 67.470428 34.692856
v -12.718845 73.319824 33.771294
v 5.837119 41.712311 12.168798
v 6.755764 42.261612 11.921380
v 7.634342 41.756317 9.256953
v -0.472138 -67.875854 -7.471649
v -0.399803 -62.611271 -7.767317
v 0.381279 -62.613533 -7.857523
v -0.007739 -62.067879 -7.825762
v -9.032081 -62.624001 -6.102061
v -8.872641 -62.475266 -5.096995
v -9.734722 -67.727394 -6.120051
v -9.254059 -62.038235 -6.054887
v -6.566236 58.212921 8.294445
v -3.866643 57.102615 14.612868
v -4.756835 55.679428 14.491400
v 9.199355 -68.164970 -6.600024
v 9.753821 -62.603832 -6.007752
v 8.744759 -62.459831 -5.113084
v -0.059323 -68.127998 -7.042316
v -9.254059 -62.038235 -6.054887
v 0.395276 -62.486103 -6.903696
v -9.315426 -68.171593 -5.670182
v 9.123663 -62.022133 -6.071670
v -0.415073 -62.509884 -8.716566
v 0.395276 -62.486103 -6.903696
v -9.315426 -68.171593 -5.670182
v 9.196482 -68.155373 -5.687091
v -8.872641 -62.475266 -5.096995
v 9.614176 -67.710442 -6.137723
v -8.356599 61.774418 34.299789
v -5.650464 42.178314 7.695410
v -1.352399 42.787033 12.932276
v -5.037712 43.447128 9.212782
v -3.575799 45.761719 10.112176
v -3.484773 44.388229 12.112432
v -0.007739 -62.067879 -7.825762
v -9.061193 -67.889839 -6.126717
v 9.196482 -68.155373 -5.687091
v -9.342654 -71.581436 -5.485920
v -5.770551 -70.981606 -6.405903
v 1.552958 51.052521 16.731281
v 2.127230 58.512421 14.925175
v 4.353023 57.634323 14.006811
v 5.511935 59.312622 10.292944
v -1.522295 50.985428 16.548786
v -2.596731 52.938507 16.826668
v 4.308331 54.466812 15.970415
v 2.551358 53.090714 17.013945
v 2.124558 43.210327 14.096925
v 6.467577 51.036026 7.626830
v -2.734115 60.714523 12.164473
v -2.969418 61.563522 8.364976
v 8.001021 55.495926 10.002183
v 7.373058 42.696625 5.436728
v 7.131283 50.262619 9.366948
v 6.951705 43.486633 8.540875
v 6.024899 44.072815 6.663235
v 2.307114 43.606918 12.067384
v 2.157050 44.238525 10.060357
v -6.249146 42.371826 6.595776
v -4.350591 47.020218 10.197960
v -4.737766 45.398727 10.167216
v -4.350591 47.020218 10.197960
v 4.614106 51.204315 15.982512
v 4.203321 43.040329 13.898505
v 9.097181 42.144928 4.934113
v 7.213690 42.013306 5.330812
v 2.307114 43.606918 12.067384
v 4.250121 43.339905 14.044732
v 3.092193 44.008514 13.228566
v 2.867902 45.303711 7.661070
v -6.204257 42.621719 6.580062
v -4.737766 45.398727 10.167216
v -6.249146 42.371826 6.595776
v -5.037712 43.447128 9.212782
v -5.181506 44.000122 8.391129
v 4.851759 45.682220 10.763693
v 6.524239 43.203217 9.145050
v 7.300396 53.263031 13.000717
v 2.824077 62.158615 10.040882
v 2.788168 60.086716 12.995851
v 3.908720 46.625717 7.037488
v 4.906116 43.990814 6.271076
v 7.794251 55.262207 7.099730
v -0.641527 47.546814 15.285183
v 0.825469 47.510712 15.172597
v 4.055789 43.037308 14.152838
v 4.830400 48.582016 8.089118
v -1.676960 44.838516 10.470518
v -2.841760 44.093811 10.580070
v 2.851264 43.439224 12.856462
v 2.124558 43.210327 14.096925
v 5.384677 56.212814 13.858676
v 0.932310 43.998215 11.651414
v 7.329875 52.783829 7.057433
v -4.897395 46.828522 8.940506
v 9.097181 42.144928 4.934113
v 4.210579 42.893845 7.339443
v 7.862169 41.345215 6.395340
v 7.213690 42.013306 5.330812
v 4.698120 48.459427 12.221948
v 5.502553 46.394241 8.473921
v 6.463193 57.819824 10.371352
v 7.902740 52.363022 9.003846
v 7.914495 52.943130 11.068341
v 9.299449 41.897430 5.333546
v 9.299449 41.897430 5.333546
v 6.604737 41.890732 8.605057
v -0.271774 62.371231 8.110384
v 0.507639 61.103317 12.191922
v -0.042040 43.741028 13.088426
v -2.841760 44.093811 10.580070
v 6.604737 41.890732 8.605057
v -6.249146 42.371826 6.595776
v 7.661229 49.970917 11.621333
v 7.616860 55.392212 12.408582
v -2.562593 56.142319 16.273996
v -3.916035 54.070312 16.122849
v -2.210943 58.327820 14.840676
v -6.204257 42.621719 6.580062
v -5.650464 42.178314 7.695410
v -1.352399 42.787033 12.932276
v 2.965218 56.198013 16.170231
v 6.148960 41.803314 11.097055
v 3.339633 41.811615 11.978909
v 8.981677 42.258423 9.763448
v 9.299449 41.897430 5.333546
v 9.097181 42.144928 4.934113
v 5.829744 41.492325 10.633343
v 6.298420 41.509125 9.535979
v 6.638454 42.010315 11.878299
v 4.055789 43.037308 14.152838
v 1.085870 42.242020 14.831050
v 3.605117 41.854523 9.678628
v 1.441034 42.557922 14.797955
v 2.851264 43.439224 12.856462
v 7.994574 42.118118 6.498928
v 6.655474 42.026321 11.699319
v 5.837119 41.712311 12.168798
v 8.836577 42.321930 10.129824
v 7.634342 41.756317 9.256953
v 7.333853 41.645615 10.143208
v 4.210579 42.893845 7.339443
v 6.210389 48.310028 9.162850
v 6.133347 45.860809 10.466099
v 6.487166 47.992004 11.167928
v -0.062043 -68.144333 -7.901659
v -6.124464 -73.307228 -6.343651
v -7.722699 -74.973595 -6.008459
v -8.808212 -67.818474 -5.729996
v -8.002094 -74.972801 -7.203104
v -9.926364 -75.344315 -5.413187
v -5.051075 58.902832 11.334563
v -5.343164 59.386322 8.705914
v -6.257328 57.496307 11.450607
v -6.803440 -68.885078 -6.207304
v -7.722699 -74.973595 -6.008459
v -6.124464 -73.307228 -6.343651
v 0.349350 -67.876549 -7.475500
v -0.059323 -68.127998 -7.042316
v -11.878139 -74.277809 -4.751560
v -9.926364 -75.344315 -5.413187
v -9.736586 -71.580582 -6.855982
v -10.991640 -68.189224 -5.064305
v -12.524385 -69.855736 -4.501352
v -12.858078 -72.181389 -4.368791
v -6.345799 -73.306358 -7.550529
v 9.341084 42.491714 4.948059
vn 0.8554 -0.5090 -0.0959
vn 0.8586 -0.4981 -0.1213
vn 0.8792 -0.4624 -0.1151
vn 0.2631 -0.0017 0.9648
vn 0.2627 -0.0060 0.9649
vn 0.2653 -0.0036 0.9642
vn 0.2644 0.0028 0.9644
vn 0.0745 0.1089 0.9913
vn 0.4677 -0.8838 0.0099
vn 0.1038 -0.1955 -0.9752
vn -0.4158 0.9094 -0.0079
vn 0.4158 0.9094 -0.0079
vn -0.1038 -0.1955 -0.9752
vn -0.4677 -0.8838 0.0098
vn -0.9851 0.1032 -0.1379
vn -0.9860 0.0713 -0.1506
vn -0.4818 -0.7030 -0.5231
vn -0.9778 0.1221 -0.1703
vn -0.9685 0.1204 -0.2179
vn -0.9897 0.0828 -0.1164
vn -0.9703 0.0340 -0.2395
vn -0.9842 -0.1454 -0.1012
vn -0.9377 -0.2207 -0.2685
vn -0.9283 0.1792 -0.3258
vn -0.9516 -0.0060 -0.3074
vn -0.8483 -0.0707 -0.5248
vn -0.9470 -0.1243 -0.2961
vn -0.9468 -0.3052 -0.1023
vn -0.9484 -0.3096 -0.0684
vn -0.9297 -0.3631 -0.0611
vn -0.7774 -0.4289 -0.4602
vn -0.7703 -0.1593 -0.6175
vn -0.6426 -0.4858 -0.5925
vn -0.5902 -0.1737 -0.7883
vn -0.7350 0.1006 -0.6706
vn -0.8961 -0.1945 -0.3991
vn -0.3812 -0.3448 -0.8578
vn -0.3350 -0.5484 -0.7662
vn -0.4704 -0.5266 -0.7081
vn -0.5800 -0.4274 -0.6935
vn -0.4694 -0.6393 -0.6091
vn -0.4533 -0.6465 -0.6136
vn -0.3139 -0.6208 -0.7184
vn -0.3163 -0.3461 -0.8833
vn -0.3955 -0.6329 -0.6656
vn -0.4782 -0.6665 -0.5719
vn -0.5691 -0.3344 -0.7512
vn -0.4628 -0.1733 -0.8693
vn -0.7173 -0.2908 -0.6332
vn 0.0191 -0.2919 -0.9563
vn -0.0240 -0.1597 -0.9869
vn -0.1595 -0.5574 -0.8148
vn -0.0000 -0.2010 -0.9796
vn -0.0000 0.0183 -0.9998
vn -0.0000 0.1979 -0.9802
vn -0.6370 0.1599 -0.7541
vn -0.7109 0.3062 -0.6331
vn -0.4831 -0.0570 -0.8737
vn 0.4628 -0.1733 -0.8693
vn 0.6370 0.1599 -0.7541
vn -0.0000 0.4862 -0.8738
vn -0.6600 0.3853 -0.6449
vn 0.4533 -0.6465 -0.6136
vn 0.3140 -0.6208 -0.7184
vn 0.7173 -0.2908 -0.6332
vn 0.7109 0.3062 -0.6331
vn 0.6600 0.3853 -0.6449
vn 0.3812 -0.3448 -0.8578
vn 0.3350 -0.5484 -0.7662
vn 0.3163 -0.3461 -0.8833
vn 0.0240 -0.1597 -0.9869
vn -0.0191 -0.2919 -0.9563
vn 0.4831 -0.0570 -0.8737
vn 0.7774 -0.4289 -0.4602
vn 0.7703 -0.1593 -0.6175
vn 0.4704 -0.5266 -0.7081
vn 0.5800 -0.4274 -0.6935
vn 0.3955 -0.6329 -0.6656
vn 0.1595 -0.5574 -0.8148
vn -0.0517 -0.3039 -0.9513
vn 0.9283 0.1792 -0.3258
vn 0.9516 -0.0060 -0.3074
vn 0.6426 -0.4858 -0.5925
vn 0.4694 -0.6393 -0.6091
vn 0.4782 -0.6665 -0.5719
vn 0.9377 -0.2207 -0.2685
vn 0.9778 0.1221 -0.1703
vn 0.9685 0.1205 -0.2179
vn 0.8483 -0.0707 -0.5248
vn 0.5902 -0.1737 -0.7883
vn 0.5691 -0.3344 -0.7512
vn 0.4818 -0.7030 -0.5231
vn 0.9851 0.1032 -0.1379
vn 0.9897 0.0828 -0.1164
vn 0.9703 0.0340 -0.2395
vn 0.9470 -0.1243 -0.2961
vn 0.7350 0.1006 -0.6706
vn 0.9860 0.0713 -0.1506
vn 0.9842 -0.1454 -0.1012
vn 0.9468 -0.3052 -0.1023
vn 0.8960 -0.1945 -0.3991
vn 0.7055 0.0225 -0.7084
vn 0.6220 0.0477 -0.7816
vn 0.5774 0.2081 -0.7895
vn 0.9484 -0.3096 -0.0684
vn 0.9297 -0.3631 -0.0611
vn 0.9154 -0.3953 -0.0755
vn 0.9097 -0.3879 -0.1481
vn 0.8219 -0.3071 -0.4797
vn 0.5932 -0.0683 -0.8021
vn 0.4431 0.1667 -0.8808
vn 0.8241 -0.5518 -0.1279
vn 0.8417 -0.4607 -0.2817
vn 0.7477 -0.3514 -0.5634
vn 0.6041 -0.2410 -0.7596
vn 0.5044 0.0610 -0.8613
vn 0.7783 0.0563 -0.6253
vn 0.4923 0.2378 -0.8373
vn 0.7926 -0.5290 -0.3032
vn 0.7158 -0.2307 -0.6591
vn -0.1037 -0.1956 -0.9752
vn 0.6391 -0.2568 -0.7250
vn 0.4761 0.2040 -0.8554
vn 0.7506 -0.2052 -0.6281
vn 0.5257 -0.8333 -0.1713
vn 0.5906 -0.7744 -0.2268
vn 0.7044 -0.5629 -0.4323
vn 0.7367 -0.2137 -0.6416
vn 0.7584 -0.1624 -0.6312
vn 0.8809 -0.1670 -0.4428
vn 0.3495 -0.9189 -0.1830
vn 0.5246 -0.7074 -0.4737
vn 0.4927 -0.2423 -0.8358
vn 0.4384 -0.1244 -0.8901
vn 0.4456 -0.3896 -0.8060
vn 0.7956 -0.0532 -0.6035
vn 0.3631 0.9118 -0.1917
vn -0.0000 -0.9925 -0.1224
vn -0.0000 -0.9902 -0.1395
vn -0.0000 -0.9366 -0.3504
vn -0.0000 -0.5382 -0.8428
vn -0.0000 -0.0615 -0.9981
vn -0.0000 -0.3599 -0.9330
vn -0.3497 -0.9188 -0.1830
vn -0.5246 -0.7074 -0.4737
vn -0.4927 -0.2423 -0.8358
vn -0.4384 -0.1244 -0.8901
vn -0.4457 -0.3896 -0.8060
vn -0.0000 -0.1849 -0.9828
vn -0.5257 -0.8333 -0.1713
vn -0.5906 -0.7744 -0.2268
vn -0.7044 -0.5629 -0.4323
vn -0.7367 -0.2137 -0.6416
vn -0.7583 -0.1624 -0.6313
vn -0.7949 -0.0536 -0.6044
vn -0.5419 0.0025 -0.8404
vn -0.7926 -0.5290 -0.3032
vn -0.7158 -0.2306 -0.6591
vn 0.1037 -0.1956 -0.9752
vn -0.8809 -0.1670 -0.4428
vn -0.3631 0.9118 -0.1917
vn -0.8241 -0.5518 -0.1279
vn -0.8417 -0.4607 -0.2817
vn -0.7477 -0.3514 -0.5634
vn -0.6041 -0.2410 -0.7596
vn -0.6391 -0.2568 -0.7250
vn 0.4677 -0.8838 0.0100
vn 0.1194 -0.9926 -0.0213
vn -0.1059 -0.9739 -0.2008
vn -0.9097 -0.3879 -0.1481
vn -0.8219 -0.3071 -0.4797
vn -0.5932 -0.0683 -0.8021
vn -0.5044 0.0610 -0.8613
vn -0.4761 0.2040 -0.8554
vn -0.4037 0.1220 -0.9067
vn -0.0000 -0.8294 -0.5586
vn -0.9154 -0.3953 -0.0755
vn -0.7055 0.0225 -0.7084
vn -0.4431 0.1667 -0.8808
vn -0.4923 0.2378 -0.8373
vn -0.7783 0.0563 -0.6253
vn -0.6220 0.0477 -0.7816
vn -0.3619 -0.1214 -0.9243
vn -0.2041 -0.0704 -0.9764
vn -0.7992 0.2145 -0.5615
vn -0.5774 0.2081 -0.7895
vn -0.5702 0.2512 -0.7821
vn -0.4219 0.3161 -0.8497
vn -0.1860 0.3353 -0.9236
vn -0.2283 0.4942 -0.8388
vn -0.5752 -0.2429 -0.7811
vn -0.3075 0.4669 -0.8291
vn -0.1975 0.4607 -0.8653
vn -0.2177 0.6958 -0.6845
vn -0.8997 0.1448 -0.4118
vn -0.4250 -0.6718 -0.6067
vn -0.2286 -0.7983 -0.5572
vn -0.4312 -0.2204 -0.8749
vn -0.3583 -0.1889 -0.9143
vn -0.0289 -0.2079 -0.9777
vn -0.2851 -0.1493 -0.9468
vn -0.4648 -0.6440 -0.6077
vn -0.1829 -0.7160 -0.6737
vn -0.2580 -0.7726 -0.5801
vn 0.0517 -0.3039 -0.9513
vn -0.9191 0.1035 -0.3802
vn -0.7506 -0.2052 -0.6281
vn -0.8037 -0.0336 -0.5940
vn -0.7761 -0.4872 -0.4003
vn -0.4645 -0.5548 -0.6902
vn -0.0000 0.3554 -0.9347
vn -0.0000 0.1613 -0.9869
vn -0.4929 0.2723 -0.8264
vn -0.4069 -0.3913 -0.8254
vn -0.5169 -0.7087 -0.4801
vn -0.0000 -0.7933 -0.6088
vn -0.0000 0.1109 -0.9938
vn -0.0000 -0.3781 -0.9258
vn -0.0000 -0.7872 -0.6166
vn 0.5169 -0.7087 -0.4801
vn 0.4645 -0.5548 -0.6902
vn 0.4929 0.2723 -0.8264
vn 0.4069 -0.3913 -0.8254
vn 0.8037 -0.0336 -0.5940
vn 0.7761 -0.4872 -0.4003
vn 0.9191 0.1035 -0.3802
vn 0.7992 0.2145 -0.5615
vn 0.2041 -0.0703 -0.9764
vn 0.3619 -0.1214 -0.9243
vn 0.4219 0.3161 -0.8497
vn 0.5702 0.2512 -0.7821
vn 0.2283 0.4943 -0.8388
vn 0.1860 0.3353 -0.9236
vn 0.1975 0.4607 -0.8653
vn 0.3075 0.4669 -0.8291
vn 0.8997 0.1448 -0.4118
vn 0.2177 0.6958 -0.6845
vn 0.0289 -0.2079 -0.9777
vn 0.3583 -0.1889 -0.9143
vn 0.4312 -0.2204 -0.8749
vn 0.5752 -0.2430 -0.7811
vn 0.4250 -0.6717 -0.6067
vn 0.4648 -0.6440 -0.6077
vn 0.2850 -0.1493 -0.9468
vn 0.2560 -0.7734 -0.5800
vn 0.1829 -0.7160 -0.6737
vn 0.2286 -0.7983 -0.5572
vn -0.2134 0.8000 -0.5607
vn -0.0000 0.9967 -0.0814
vn 0.2134 0.8000 -0.5607
vn 0.5419 0.0025 -0.8404
vn -0.4677 -0.8838 0.0100
vn -0.1195 -0.9926 -0.0213
vn 0.1059 -0.9739 -0.2008
vn 0.4037 0.1220 -0.9067
vn -0.1923 0.6921 -0.6957
vn 0.8784 0.2753 -0.3906
vn -0.3046 0.2336 -0.9234
vn 0.9057 -0.4208 -0.0513
vn 0.7101 -0.5176 -0.4774
vn -0.2933 0.3708 -0.8812
vn 0.5805 -0.6493 -0.4913
vn -0.2306 0.4351 -0.8704
vn -0.1394 -0.6391 -0.7563
vn -0.8276 -0.1254 -0.5472
vn 0.8220 -0.4001 0.4053
vn 0.7239 -0.5782 0.3764
vn 0.5773 -0.7396 0.3461
vn -0.2456 -0.9205 0.3039
vn -0.8276 -0.1254 -0.5471
vn -0.9537 0.1524 -0.2592
vn 0.8759 0.4615 0.1409
vn 0.9144 -0.4048 0.0040
vn 0.7914 -0.6097 0.0445
vn 0.6506 -0.7594 -0.0069
vn -0.2081 -0.9781 -0.0054
vn -0.8653 0.5013 0.0059
vn -0.9548 0.1559 0.2533
vn -0.1824 0.6847 -0.7056
vn -0.3603 0.8893 -0.2816
vn 0.7241 0.6896 -0.0010
vn 0.8757 0.4611 -0.1434
vn 0.8121 -0.3764 -0.4459
vn 0.7275 -0.5788 -0.3684
vn 0.5790 -0.7405 -0.3411
vn -0.2425 -0.9235 -0.2972
vn -0.8311 -0.1221 0.5425
vn -0.4238 0.9057 0.0077
vn -0.3675 0.8868 0.2801
vn -0.1981 0.6886 0.6975
vn 0.8807 0.2574 0.3977
vn 0.9034 -0.4214 0.0794
vn 0.7027 -0.5186 0.4872
vn 0.5767 -0.6449 0.5016
vn -0.1362 -0.6359 0.7597
vn -0.3161 0.2305 0.9203
vn -0.3027 0.3746 0.8764
vn -0.2368 0.4430 0.8647
vn -0.8312 -0.1221 0.5424
vn -0.1974 0.6874 0.6989
vn -0.5689 0.7460 -0.3462
vn -0.2931 0.3707 -0.8813
vn -0.7160 0.5876 -0.3768
vn -0.2990 0.2342 -0.9251
vn -0.8196 0.4038 -0.4065
vn -0.1753 0.6830 -0.7091
vn -0.3556 0.8920 -0.2789
vn -0.8652 0.5013 0.0060
vn -0.6401 0.7682 0.0069
vn -0.8103 0.5860 0.0068
vn -0.9155 0.4022 0.0079
vn -0.4198 0.9076 0.0080
vn -0.3658 0.8873 0.2808
vn -0.8259 0.4013 0.3959
vn -0.1988 0.6882 0.6978
vn -0.5706 0.7470 0.3412
vn -0.7193 0.5890 0.3684
vn -0.9548 0.1558 0.2533
vn -0.2371 0.4431 0.8646
vn -0.3055 0.3751 0.8752
vn -0.3171 0.2311 0.9198
vn 0.1840 0.6784 -0.7113
vn 0.3033 0.2295 -0.9248
vn -0.8811 0.2735 -0.3857
vn -0.9065 -0.4193 -0.0493
vn -0.8229 -0.3972 0.4063
vn -0.8734 0.4659 0.1417
vn 0.1839 0.6783 -0.7114
vn 0.3629 0.8887 -0.2803
vn -0.7228 0.6910 0.0018
vn 0.4234 0.9059 0.0075
vn -0.7094 -0.5179 -0.4780
vn -0.7241 -0.5784 0.3757
vn -0.8169 -0.5767 -0.0066
vn -0.9173 -0.3981 -0.0047
vn -0.8759 0.4612 -0.1416
vn 0.3670 0.8870 0.2802
vn 0.2937 0.3712 -0.8809
vn -0.5798 -0.6494 -0.4921
vn -0.5770 -0.7402 0.3452
vn -0.6501 -0.7598 -0.0076
vn -0.7273 -0.5784 -0.3695
vn -0.8274 -0.3983 -0.3959
vn 0.2308 0.4359 -0.8699
vn 0.1403 -0.6385 -0.7567
vn 0.2460 -0.9206 0.3034
vn 0.2087 -0.9780 -0.0058
vn -0.5783 -0.7408 -0.3417
vn -0.7051 -0.5141 0.4884
vn -0.9057 -0.4167 0.0777
vn 0.8280 -0.1245 -0.5468
vn 0.8280 -0.1245 -0.5467
vn 0.9538 0.1532 -0.2585
vn 0.8649 0.5018 0.0068
vn 0.9545 0.1563 0.2539
vn 0.2433 -0.9231 -0.2978
vn -0.5765 -0.6455 0.5010
vn 0.3023 0.3775 0.8753
vn 0.3138 0.2344 0.9201
vn -0.8809 0.2586 0.3965
vn 0.8309 -0.1219 0.5429
vn 0.1361 -0.6362 0.7594
vn 0.2362 0.4428 0.8649
vn 0.8309 -0.1219 0.5430
vn 0.1974 0.6891 0.6972
vn 0.1979 0.6887 0.6975
vn 0.5686 0.7466 -0.3453
vn 0.8649 0.5019 0.0069
vn 0.6397 0.7686 0.0077
vn 0.5699 0.7472 0.3419
vn 0.9545 0.1563 0.2540
vn 0.8308 -0.1219 0.5430
vn 0.2937 0.3711 -0.8809
vn 0.7161 0.5881 -0.3760
vn 0.8106 0.5855 0.0072
vn 0.7189 0.5887 0.3696
vn 0.3026 0.3776 0.8751
vn 0.3032 0.2295 -0.9249
vn 0.8218 0.3996 -0.4063
vn 0.9167 0.3995 0.0062
vn 0.8264 0.4009 0.3954
vn 0.3146 0.2351 0.9196
vn 0.1837 0.6783 -0.7115
vn 0.3628 0.8887 -0.2804
vn 0.3671 0.8870 0.2802
vn 0.1983 0.6890 0.6971
vn 0.7791 -0.4153 0.4696
vn 0.7084 -0.4082 0.5758
vn 0.7833 -0.3823 0.4901
vn 0.8660 -0.3676 0.3389
vn 0.8507 -0.4135 0.3247
vn 0.7865 -0.4964 0.3674
vn 0.9066 -0.3726 0.1980
vn 0.9072 -0.3985 0.1347
vn 0.8904 -0.4001 0.2172
vn 0.6436 -0.5743 0.5060
vn 0.8397 -0.4604 0.2879
vn 0.4829 -0.5008 0.7184
vn 0.8582 -0.3478 0.3776
vn 0.8625 -0.5015 -0.0681
vn 0.8894 -0.4540 0.0539
vn 0.8966 -0.4170 0.1493
vn 0.4976 -0.7947 0.3475
vn 0.2896 -0.7119 0.6398
vn 0.3561 -0.4148 0.8373
vn 0.5582 -0.0717 0.8266
vn 0.9673 -0.0432 0.2500
vn 0.8204 -0.5409 -0.1854
vn 0.7451 -0.6173 -0.2525
vn 0.6659 -0.6724 -0.3231
vn 0.4179 -0.9085 0.0088
vn 0.8300 -0.5318 -0.1681
vn 0.9167 -0.3988 0.0232
vn 0.9772 -0.1745 0.1209
vn 0.4186 0.2912 0.8602
vn 0.6624 0.6668 0.3416
vn 0.9934 0.1142 -0.0046
vn 0.9129 -0.2167 -0.3460
vn 0.8505 0.1820 -0.4934
vn 0.9438 0.3040 -0.1296
vn 0.4914 0.8494 0.1927
vn 0.2684 0.9058 -0.3278
vn 0.6869 0.6702 -0.2811
vn 0.9834 0.0958 -0.1542
vn 0.9703 0.1653 -0.1766
vn 0.8089 0.3890 -0.4408
vn 0.9832 0.1073 -0.1478
vn 0.9791 0.1160 -0.1670
vn -0.7833 -0.3823 0.4901
vn -0.7084 -0.4082 0.5758
vn -0.7791 -0.4153 0.4696
vn -0.8660 -0.3677 0.3390
vn -0.9066 -0.3726 0.1980
vn -0.9072 -0.3985 0.1347
vn -0.8625 -0.5015 -0.0681
vn -0.8894 -0.4540 0.0538
vn -0.8205 -0.5408 -0.1853
vn -0.7451 -0.6173 -0.2525
vn -0.8507 -0.4135 0.3247
vn -0.8904 -0.4001 0.2172
vn -0.8966 -0.4170 0.1492
vn -0.7865 -0.4964 0.3674
vn -0.9703 0.1653 -0.1765
vn -0.9832 0.1073 -0.1478
vn -0.9791 0.1160 -0.1670
vn -0.9834 0.0958 -0.1542
vn -0.6869 0.6702 -0.2811
vn -0.6624 0.6667 0.3416
vn -0.9934 0.1142 -0.0046
vn -0.9673 -0.0432 0.2500
vn -0.5579 -0.0716 0.8268
vn -0.8582 -0.3478 0.3776
vn -0.8505 0.1820 -0.4934
vn -0.2683 0.9058 -0.3278
vn -0.4914 0.8493 0.1927
vn -0.4186 0.2912 0.8602
vn -0.3561 -0.4149 0.8373
vn -0.4829 -0.5008 0.7184
vn -0.8397 -0.4604 0.2879
vn -0.9129 -0.2167 -0.3460
vn -0.9167 -0.3988 0.0232
vn -0.9772 -0.1745 0.1209
vn -0.9438 0.3040 -0.1296
vn -0.8090 0.3890 -0.4407
vn -0.8300 -0.5318 -0.1681
vn -0.2896 -0.7119 0.6398
vn -0.6659 -0.6724 -0.3231
vn -0.4179 -0.9085 0.0088
vn -0.4976 -0.7947 0.3475
vn -0.6435 -0.5743 0.5060
vn -0.5846 0.1890 0.7890
vn -0.5747 0.2427 0.7815
vn -0.1856 -0.0510 0.9813
vn -0.8342 0.2876 0.4705
vn -0.8495 0.2320 0.4738
vn -0.9244 0.3771 0.0569
vn -0.9012 0.4332 -0.0138
vn -0.8771 0.4315 -0.2108
vn -0.8487 0.4622 -0.2572
vn 0.9060 0.4229 -0.0182
vn 0.8540 0.4534 -0.2550
vn 0.8795 0.4254 -0.2136
vn 0.9264 0.3728 0.0532
vn 0.8343 0.2874 0.4704
vn 0.8502 0.2317 0.4727
vn 0.5844 0.1895 0.7890
vn 0.5771 0.2447 0.7792
vn 0.1853 -0.0504 0.9814
vn -0.2533 0.7928 -0.5543
vn 0.0891 0.0128 0.9959
vn 0.5859 0.8058 0.0861
vn -0.3583 0.1323 0.9242
vn 0.6187 0.2763 0.7355
vn 0.2210 -0.2750 0.9357
vn 0.4615 0.5236 -0.7162
vn -0.3752 -0.3890 0.8414
vn -0.1587 -0.4727 0.8668
vn -0.5692 -0.3002 0.7654
vn -0.3176 -0.4221 0.8491
vn -0.0616 0.1401 0.9882
vn -0.1382 0.6053 0.7839
vn 0.9338 0.3577 0.0118
vn 0.0080 0.7813 -0.6241
vn -0.5114 -0.4135 0.7533
vn -0.7361 -0.2149 0.6419
vn -0.7080 -0.2715 0.6520
vn -0.5123 -0.3695 0.7752
vn 0.7551 0.3322 -0.5652
vn 0.3766 -0.3974 0.8368
vn 0.8909 -0.0384 0.4526
vn -0.3513 -0.8400 0.4136
vn -0.4098 -0.5212 0.7486
vn -0.0108 -0.0324 0.9994
vn 0.1093 0.3854 0.9163
vn 0.9990 -0.0437 -0.0054
vn 0.2575 0.8188 -0.5130
vn -0.6218 -0.4627 0.6319
vn 0.4926 0.7842 -0.3773
vn 0.5731 -0.6595 -0.4864
vn 0.1983 -0.6861 0.7000
vn 0.8016 -0.4255 0.4199
vn -0.5290 -0.7353 0.4237
vn -0.5589 -0.4258 0.7116
vn -0.4743 0.6478 0.5961
vn -0.0881 -0.2756 0.9572
vn 0.2681 0.5026 0.8219
vn 0.8810 -0.4606 -0.1079
vn 0.8748 0.3421 -0.3430
vn -0.4252 -0.8974 0.1177
vn 0.3723 -0.6244 -0.6867
vn 0.3253 -0.7193 -0.6139
vn -0.1432 -0.8012 0.5810
vn 0.4985 -0.8056 0.3201
vn 0.4513 -0.5946 -0.6654
vn 0.6274 0.4187 -0.6566
vn 0.4925 0.4890 -0.7199
vn 0.3464 0.6897 -0.6359
vn -0.4743 0.6478 0.5962
vn 0.2682 0.5026 0.8219
vn 0.5331 0.4927 -0.6878
vn 0.3658 0.5433 -0.7557
vn 0.5731 -0.6596 -0.4863
vn 0.2138 0.5676 -0.7951
vn 0.2697 0.7111 -0.6493
vn 0.7551 0.3323 -0.5651
vn 0.2574 0.8189 -0.5130
vn 0.6454 0.2415 -0.7247
vn 0.5022 0.2995 -0.8112
vn 0.2494 0.3359 -0.9083
vn 0.8909 -0.0383 0.4526
vn 0.4970 0.4068 -0.7665
vn 0.3085 0.4161 -0.8554
vn 0.4614 0.5235 -0.7162
vn 0.7427 0.3108 -0.5932
vn 0.6634 0.2572 -0.7026
vn 0.3108 0.2934 -0.9041
vn 0.6187 0.2764 0.7354
vn 0.5751 0.2208 -0.7877
vn 0.6603 0.2344 -0.7135
vn 0.0890 0.0128 0.9959
vn 0.8036 0.4782 0.3543
vn 0.7875 0.6044 -0.1209
vn 0.5113 0.0654 0.8569
vn -0.1383 0.6054 0.7839
vn 0.2533 0.7928 -0.5543
vn -0.5859 0.8058 0.0861
vn -0.0904 -0.0195 0.9957
vn 0.3583 0.1323 0.9242
vn 0.3739 -0.3504 0.8587
vn 0.1587 -0.4727 0.8668
vn 0.5692 -0.3002 0.7654
vn 0.3874 -0.4753 0.7899
vn 0.7359 -0.2152 0.6420
vn 0.7080 -0.2715 0.6520
vn -0.6187 0.2763 0.7355
vn -0.2210 -0.2750 0.9357
vn -0.4615 0.5236 -0.7162
vn 0.3177 -0.4221 0.8491
vn 0.5123 -0.3695 0.7752
vn 0.3513 -0.8400 0.4136
vn 0.6218 -0.4627 0.6319
vn -0.1093 0.3854 0.9163
vn -0.2575 0.8188 -0.5130
vn -0.9990 -0.0437 -0.0054
vn 0.0108 -0.0324 0.9994
vn -0.7551 0.3322 -0.5652
vn 0.4098 -0.5212 0.7486
vn -0.3766 -0.3973 0.8368
vn -0.8909 -0.0384 0.4526
vn 0.0616 0.1401 0.9882
vn -0.9338 0.3577 0.0118
vn -0.8016 -0.4255 0.4199
vn -0.1982 -0.6861 0.7000
vn -0.5731 -0.6595 -0.4864
vn -0.4926 0.7842 -0.3773
vn 0.5290 -0.7353 0.4237
vn 0.4252 -0.8974 0.1177
vn -0.3723 -0.6244 -0.6867
vn -0.4513 -0.5946 -0.6654
vn 0.5588 -0.4258 0.7116
vn -0.3253 -0.7193 -0.6139
vn 0.4743 0.6478 0.5961
vn 0.0881 -0.2756 0.9572
vn 0.1432 -0.8012 0.5811
vn -0.4985 -0.8056 0.3201
vn -0.8810 -0.4606 -0.1079
vn -0.2681 0.5026 0.8219
vn -0.8748 0.3421 -0.3430
vn 0.1382 0.6053 0.7839
vn -0.0080 0.7813 -0.6241
vn -0.6274 0.4187 -0.6566
vn -0.4925 0.4890 -0.7199
vn -0.5331 0.4927 -0.6878
vn -0.3658 0.5433 -0.7557
vn -0.2701 0.7112 -0.6490
vn -0.6454 0.2415 -0.7247
vn -0.3464 0.6897 -0.6359
vn -0.2682 0.5026 0.8219
vn -0.5731 -0.6596 -0.4863
vn -0.2138 0.5676 -0.7951
vn -0.7551 0.3323 -0.5651
vn -0.5022 0.2995 -0.8112
vn -0.4132 0.4191 -0.8085
vn -0.2574 0.8189 -0.5130
vn -0.8909 -0.0383 0.4526
vn -0.2494 0.3359 -0.9083
vn -0.4614 0.5235 -0.7162
vn -0.3085 0.4161 -0.8554
vn -0.7427 0.3108 -0.5932
vn -0.6634 0.2572 -0.7026
vn 0.1383 0.6054 0.7839
vn -0.6187 0.2764 0.7354
vn -0.3108 0.2934 -0.9041
vn -0.5751 0.2208 -0.7877
vn -0.6603 0.2344 -0.7135
vn -0.8565 0.3053 0.4161
vn -0.7875 0.6044 -0.1209
vn -0.4878 0.3297 0.8083
vn -0.0904 -0.0194 0.9957
vn 0.8037 0.4781 0.3543
vn 0.5113 0.0655 0.8569
vn -0.8565 0.3054 0.4161
vn 0.6079 0.0037 0.7940
vn -0.6091 0.2110 0.7645
vn 0.5865 0.7111 0.3878
vn -0.5402 0.5356 -0.6490
vn 0.8118 -0.0005 -0.5840
vn 0.5263 0.0895 0.8456
vn 0.5721 0.7837 -0.2418
vn -0.0000 0.4694 0.8830
vn -0.0000 0.7661 -0.6427
vn -0.5721 0.7837 -0.2418
vn -0.5263 0.0895 0.8456
vn -0.8118 -0.0005 -0.5840
vn 0.5490 0.4647 -0.6947
vn -0.0001 0.7394 -0.6732
vn -0.5490 0.4647 -0.6947
vn 0.1626 0.3901 -0.9063
vn -0.0000 0.4507 -0.8927
vn -0.1626 0.3901 -0.9063
vn 0.3420 0.2229 -0.9129
vn -0.0000 0.2722 -0.9622
vn -0.3420 0.2229 -0.9129
vn -0.3136 0.1433 -0.9387
vn -0.5633 0.0501 -0.8248
vn -0.8118 -0.0005 -0.5839
vn -0.5263 0.0894 0.8456
vn 0.3136 0.1433 -0.9387
vn -0.0000 0.1889 -0.9820
vn 0.5633 0.0500 -0.8247
vn 0.3166 0.1801 -0.9313
vn -0.0000 0.3802 -0.9249
vn -0.3166 0.1801 -0.9313
vn -0.0000 0.0679 -0.9977
vn -0.7040 -0.0402 -0.7091
vn -0.7608 -0.6412 -0.1004
vn 0.8118 -0.0005 -0.5839
vn 0.7040 -0.0402 -0.7091
vn -0.0000 0.1910 -0.9816
vn 0.5263 0.0894 0.8456
vn 0.7608 -0.6412 -0.1004
vn 0.6095 -0.5933 0.5259
vn 0.5394 -0.8056 -0.2450
vn -0.0000 -0.3422 -0.9396
vn -0.5394 -0.8056 -0.2450
vn -0.6095 -0.5933 0.5259
vn -0.0000 -0.8084 0.5887
vn -0.6095 -0.5932 0.5259
vn 0.6095 -0.5932 0.5259
vn 0.7104 -0.1060 0.6958
vn 0.8090 0.2713 0.5215
vn 0.8700 0.2664 -0.4149
vn 0.6886 0.0184 -0.7249
vn 0.9153 -0.1423 0.3767
vn 0.5644 0.0219 -0.8252
vn 0.8765 -0.0782 -0.4749
vn 0.9360 -0.0799 0.3427
vn 0.8582 0.3147 -0.4056
vn 0.7863 0.1678 0.5947
vn 0.4436 0.2383 -0.8640
vn -0.7415 0.0076 -0.6709
vn -0.4076 -0.0450 -0.9121
vn 0.8412 -0.4218 -0.3384
vn -0.5871 0.3314 -0.7386
vn 0.6895 -0.2660 -0.6737
vn 0.5602 0.3982 -0.7263
vn 0.5016 0.5731 -0.6480
vn 0.7341 0.5491 -0.3995
vn 0.4886 0.5425 0.6833
vn 0.2025 0.6495 -0.7329
vn 0.3991 0.7440 -0.5359
vn 0.4027 0.8325 0.3806
vn -0.0000 -0.7964 0.6048
vn -0.0000 -0.8084 0.5886
vn -0.0000 -0.9342 -0.3568
vn -0.7774 -0.4289 -0.4601
vn -0.6895 -0.2660 -0.6737
vn -0.5602 0.3982 -0.7263
vn -0.5016 0.5731 -0.6480
vn -0.2025 0.6495 -0.7329
vn -0.8411 -0.4219 -0.3384
vn -0.8582 0.3147 -0.4056
vn -0.7341 0.5491 -0.3994
vn -0.3991 0.7440 -0.5359
vn -0.0000 0.7866 -0.6174
vn -0.0000 0.6261 -0.7798
vn -0.8765 -0.0782 -0.4749
vn -0.9360 -0.0799 0.3427
vn -0.7863 0.1678 0.5947
vn -0.4886 0.5425 0.6833
vn -0.4027 0.8325 0.3806
vn -0.0000 0.9999 -0.0171
vn -0.5644 0.0219 -0.8252
vn -0.9153 -0.1423 0.3767
vn 0.4076 -0.0450 -0.9120
vn -0.6886 0.0183 -0.7249
vn -0.7104 -0.1060 0.6958
vn -0.8700 0.2664 -0.4149
vn -0.8090 0.2713 0.5215
vn 0.7415 0.0076 -0.6709
vn -0.4436 0.2383 -0.8640
vn 0.5871 0.3314 -0.7386
vn -0.5871 0.3315 -0.7385
vn -0.9515 0.3020 -0.0587
vn -0.7224 -0.0848 0.6863
vn -0.7888 -0.1912 0.5841
vn -0.4076 -0.0449 -0.9120
vn 0.4817 -0.7030 -0.5231
vn -0.1691 -0.4845 0.8583
vn -0.0145 -0.8040 0.5945
vn -0.0000 -0.9992 0.0395
vn -0.7127 0.2371 0.6601
vn -0.0000 -0.8067 0.5910
vn 0.0145 -0.8040 0.5945
vn -0.4817 -0.7030 -0.5231
vn 0.1691 -0.4845 0.8583
vn 0.7888 -0.1912 0.5841
vn 0.7224 -0.0848 0.6863
vn 0.9515 0.3020 -0.0587
vn 0.5871 0.3315 -0.7385
vn 0.7127 0.2371 0.6601
vn -0.0494 0.0726 0.9961
vn -0.7128 0.2371 0.6601
vn 0.0112 -0.0757 0.9971
vn -0.0000 -0.0778 0.9970
vn -0.0112 -0.0757 0.9971
vn 0.1691 -0.4844 0.8583
vn 0.4886 0.5426 0.6833
vn 0.0005 0.2672 0.9637
vn -0.0000 0.3197 0.9475
vn -0.0005 0.2672 0.9637
vn -0.4886 0.5426 0.6833
vn 0.4026 0.8325 0.3806
vn -0.0001 0.9999 -0.0171
vn -0.4026 0.8325 0.3806
vn 0.0494 0.0726 0.9961
vn 0.7128 0.2371 0.6601
vn 0.1135 0.1161 0.9867
vn 0.8784 0.1311 0.4595
vn 0.8101 0.4695 -0.3512
vn 0.4435 0.2383 -0.8640
vn 0.3363 0.2025 -0.9197
vn 0.2723 -0.1369 0.9524
vn 0.8944 -0.1672 0.4148
vn 0.9547 0.1857 -0.2324
vn 0.9068 -0.1107 -0.4068
vn 0.4227 -0.1814 -0.8879
vn -0.4917 -0.1332 -0.8605
vn -0.5590 0.1843 -0.8084
vn 0.3647 -0.5267 0.7679
vn 0.7285 -0.5731 0.3754
vn 0.8196 -0.5047 -0.2711
vn 0.0749 -0.9964 0.0398
vn 0.2082 -0.5532 -0.8066
vn -0.5439 -0.5768 -0.6095
vn -0.8187 -0.5596 0.1289
vn -0.9896 -0.1436 0.0051
vn -0.9733 0.1786 -0.1440
vn -0.8820 0.4697 0.0383
vn -0.3563 -0.5454 0.7586
vn -0.5758 -0.1406 0.8054
vn -0.6574 0.1585 0.7367
vn 0.2722 -0.1369 0.9524
vn 0.3646 -0.5267 0.7679
vn -0.1135 0.1161 0.9867
vn -0.8784 0.1311 0.4595
vn -0.2723 -0.1369 0.9524
vn -0.8944 -0.1672 0.4148
vn -0.3647 -0.5267 0.7679
vn -0.7285 -0.5731 0.3754
vn -0.0748 -0.9964 0.0398
vn -0.8101 0.4695 -0.3512
vn -0.9547 0.1857 -0.2324
vn -0.9068 -0.1107 -0.4068
vn -0.8195 -0.5047 -0.2715
vn -0.4435 0.2383 -0.8640
vn -0.3363 0.2025 -0.9197
vn -0.4227 -0.1814 -0.8879
vn -0.2082 -0.5532 -0.8066
vn 0.5439 -0.5768 -0.6095
vn 0.8187 -0.5596 0.1289
vn 0.3563 -0.5454 0.7586
vn -0.3646 -0.5267 0.7679
vn 0.5590 0.1843 -0.8084
vn 0.4917 -0.1332 -0.8605
vn 0.9896 -0.1436 0.0051
vn 0.5758 -0.1406 0.8054
vn -0.2722 -0.1369 0.9524
vn 0.9731 0.1797 -0.1439
vn 0.6574 0.1585 0.7367
vn 0.8820 0.4697 0.0383
vn 0.9186 -0.0518 0.3918
vn 0.2891 -0.4094 -0.8653
vn 0.5573 -0.8303 0.0001
vn 0.9977 0.0110 -0.0672
vn 0.2766 0.9095 0.3104
vn 0.4219 0.9025 -0.0862
vn 0.3879 0.9216 0.0159
vn 0.0718 0.9047 0.4199
vn 0.8016 -0.4029 -0.4416
vn 0.3676 0.7456 -0.5558
vn 0.2961 0.6607 -0.6898
vn 0.0491 0.5061 -0.8611
vn 0.1444 0.3757 -0.9154
vn 0.1657 0.6522 -0.7397
vn 0.5739 -0.8079 0.1336
vn 0.8061 -0.2369 -0.5422
vn 0.6067 -0.4065 0.6832
vn 0.5106 -0.0026 0.8598
vn 0.7636 -0.0097 -0.6457
vn 0.7660 0.0756 -0.6383
vn 0.6132 0.5228 -0.5922
vn 0.4210 0.7629 -0.4906
vn -0.0000 0.7027 -0.7115
vn -0.2649 -0.0035 0.9643
vn -0.1661 0.0030 0.9861
vn 0.5103 0.0036 0.8600
vn 0.8223 -0.0158 -0.5689
vn 0.3608 -0.2220 -0.9058
vn 0.4918 -0.3173 -0.8108
vn -0.0002 0.0056 1.0000
vn -0.6262 0.0051 0.7796
vn 0.5346 -0.0017 0.8451
vn 0.7867 -0.0022 -0.6174
vn 0.0003 -0.0219 -0.9998
vn -0.7669 -0.4895 0.4151
vn -0.8033 -0.2321 -0.5485
vn -0.9747 0.0016 0.2237
vn -0.7630 -0.0065 -0.6464
vn -0.8208 -0.0152 -0.5710
vn -0.5345 -0.0002 0.8452
vn 0.0008 0.0027 1.0000
vn 0.7064 -0.0046 0.7078
vn -0.5787 -0.8048 0.1319
vn -0.8029 -0.3953 -0.4462
vn -0.0376 0.5110 -0.8587
vn -0.6112 0.5248 -0.5925
vn -0.7628 0.0802 -0.6416
vn -0.4913 -0.3122 -0.8131
vn -0.3594 -0.2225 -0.9063
vn -0.5687 -0.8225 0.0013
vn -0.9977 0.0155 -0.0660
vn -0.3404 0.7604 -0.5531
vn -0.2785 0.6694 -0.6887
vn -0.1444 0.3757 -0.9154
vn -0.1657 0.6522 -0.7397
vn -0.9162 -0.0503 0.3976
vn -0.2578 0.9160 0.3075
vn -0.4025 0.9114 -0.0861
vn -0.3674 0.9299 0.0170
vn -0.2913 -0.4081 -0.8652
vn -0.0610 0.9074 0.4159
vn 0.9186 -0.0478 0.3922
vn 0.9919 0.1079 -0.0664
vn 0.2896 -0.4122 -0.8638
vn -0.0322 -0.1470 -0.9886
vn -0.4447 -0.2006 -0.8730
vn -0.4673 -0.1736 -0.8669
vn 0.0001 -0.1711 -0.9853
vn -0.0000 -0.2047 -0.9788
vn 0.4447 -0.2006 -0.8729
vn 0.9880 0.1423 0.0595
vn -0.0486 -0.1253 -0.9909
vn -0.5102 -0.1863 -0.8396
vn -0.0000 -0.1396 -0.9902
vn 0.4675 -0.1736 -0.8668
vn 0.0315 -0.1470 -0.9886
vn -0.2912 -0.4104 -0.8642
vn 0.8493 -0.4108 -0.3315
vn -0.1825 -0.5143 -0.8379
vn 0.1587 -0.2594 -0.9526
vn -0.0000 -0.1289 -0.9917
vn 0.5104 -0.1865 -0.8395
vn 0.0488 -0.1253 -0.9909
vn 0.7193 0.0221 0.6943
vn 0.9594 0.2641 0.0992
vn 0.5686 0.2026 -0.7973
vn -0.2858 -0.0447 -0.9573
vn 0.0001 -0.0185 -0.9998
vn -0.1590 -0.2592 -0.9527
vn 0.1828 -0.5140 -0.8381
vn 0.9879 -0.0934 0.1236
vn 0.4143 -0.0857 -0.9061
vn 0.4150 -0.6358 -0.6508
vn -0.1840 -0.8408 -0.5091
vn -0.1482 -0.7774 -0.6113
vn -0.0151 -0.7421 -0.6702
vn 0.0001 -0.1203 -0.9927
vn 0.7169 -0.4991 0.4867
vn 0.3550 -0.8306 0.4290
vn 0.2643 -0.8627 0.4312
vn 0.2992 -0.6072 0.7361
vn -0.0000 -0.9103 -0.4140
vn 0.0152 -0.7421 -0.6701
vn 0.2858 -0.0447 -0.9572
vn 0.0002 -0.7032 0.7110
vn -0.2991 -0.6072 0.7361
vn -0.2642 -0.8634 0.4299
vn 0.1485 -0.7769 -0.6119
vn 0.1844 -0.8405 -0.5095
vn -0.4149 -0.6358 -0.6509
vn -0.4142 -0.0857 -0.9062
vn -0.5684 0.2027 -0.7974
vn -0.3551 -0.8310 0.4281
vn -0.7171 -0.4991 0.4865
vn -0.9879 -0.0934 0.1236
vn -0.9594 0.2640 0.0992
vn -0.7193 0.0226 0.6943
vn -0.8494 -0.4105 -0.3317
vn -0.9880 0.1422 0.0596
vn -0.9922 0.1066 -0.0650
vn -0.9166 -0.0463 0.3970
vn 0.8503 -0.4106 -0.3291
vn 0.9876 0.1437 0.0639
vn 0.7203 0.0227 0.6933
vn 0.4159 0.1892 0.8895
vn 0.2612 0.0791 0.9620
vn 0.2954 0.0186 0.9552
vn 0.4011 -0.0226 0.9158
vn 0.9592 0.2640 0.1013
vn 0.9877 -0.0934 0.1258
vn 0.7166 -0.4985 0.4877
vn 0.4485 0.2036 0.8703
vn -0.0000 0.2195 0.9756
vn -0.0000 0.1436 0.9896
vn 0.0001 0.0662 0.9978
vn 0.0001 0.0231 0.9997
vn 0.2993 -0.6070 0.7362
vn 0.9923 0.1081 -0.0607
vn 0.3847 0.2725 0.8819
vn -0.0000 0.2967 0.9550
vn -0.4486 0.2037 0.8702
vn -0.4160 0.1892 0.8894
vn -0.2613 0.0792 0.9620
vn 0.9183 -0.0489 0.3929
vn -0.0285 0.7891 0.6136
vn -0.0001 0.9663 0.2573
vn 0.0370 0.7893 0.6129
vn -0.3816 0.2712 0.8837
vn -0.9924 0.1065 -0.0610
vn -0.9876 0.1437 0.0635
vn 0.0717 0.9047 0.4199
vn -0.1942 0.8631 0.4661
vn -0.0000 0.8688 0.4952
vn 0.1942 0.8631 0.4661
vn -0.2580 0.9160 0.3073
vn -0.9163 -0.0476 0.3976
vn 0.2634 -0.8643 0.4285
vn 0.3544 -0.8314 0.4280
vn 0.0002 -0.7031 0.7110
vn -0.2991 -0.6071 0.7362
vn -0.2955 0.0186 0.9552
vn -0.4016 -0.0227 0.9155
vn -0.2636 -0.8645 0.4280
vn -0.3548 -0.8315 0.4274
vn -0.7169 -0.4988 0.4871
vn -0.9878 -0.0934 0.1249
vn -0.9593 0.2640 0.1005
vn -0.7206 0.0229 0.6930
vn -0.8499 -0.4107 -0.3300
vn 0.9247 0.3807 -0.0084
vn 0.9800 0.0866 0.1793
vn 0.7855 0.4461 -0.4289
vn 0.9431 -0.0893 -0.3203
vn 0.6352 -0.1230 -0.7625
vn 0.4490 0.3301 -0.8303
vn -0.0000 -0.0592 -0.9982
vn -0.0000 0.3573 -0.9340
vn -0.4490 0.3301 -0.8303
vn 0.9614 -0.0978 0.2573
vn 0.9640 -0.0536 -0.2605
vn 0.6831 -0.1444 -0.7159
vn -0.0000 -0.4658 -0.8849
vn -0.6352 -0.1230 -0.7625
vn -0.7855 0.4461 -0.4289
vn 0.8444 0.5346 0.0335
vn 0.7641 0.4707 -0.4411
vn 0.5015 0.4500 -0.7389
vn -0.0000 0.3736 -0.9276
vn -0.6831 -0.1444 -0.7159
vn -0.9431 -0.0894 -0.3203
vn -0.9800 0.0866 0.1793
vn -0.9247 0.3807 -0.0084
vn 0.5686 0.7411 -0.3571
vn 0.4527 0.6453 -0.6153
vn 0.2424 0.6119 -0.7528
vn -0.0001 0.5512 -0.8344
vn -0.2425 0.6120 -0.7528
vn -0.5015 0.4500 -0.7390
vn 0.5886 0.7835 0.1991
vn 0.4624 0.8298 -0.3126
vn 0.4265 0.7198 -0.5477
vn 0.3772 0.6423 -0.6673
vn 0.2225 0.5611 -0.7973
vn 0.1307 0.4610 -0.8777
vn 0.3090 0.9377 0.1586
vn 0.4327 0.8321 -0.3470
vn 0.3447 0.6739 -0.6535
vn 0.2708 0.5378 -0.7984
vn 0.0646 0.5364 -0.8415
vn -0.0000 0.4245 -0.9054
vn 0.4918 0.8690 0.0542
vn -0.9613 -0.0978 0.2574
vn -0.9640 -0.0536 -0.2605
vn -0.8444 0.5346 0.0335
vn -0.7641 0.4707 -0.4411
vn -0.5686 0.7411 -0.3571
vn -0.5886 0.7835 0.1991
vn -0.4624 0.8298 -0.3126
vn -0.3090 0.9377 0.1586
vn -0.4527 0.6453 -0.6153
vn -0.4264 0.7199 -0.5476
vn -0.3448 0.6738 -0.6535
vn -0.4327 0.8321 -0.3470
vn -0.4919 0.8690 0.0542
vn -0.3772 0.6423 -0.6672
vn -0.2709 0.5378 -0.7984
vn -0.3819 0.6171 -0.6880
vn -0.4644 0.4323 -0.7729
vn -0.3481 0.6583 -0.6675
vn -0.2226 0.5610 -0.7973
vn -0.1308 0.4610 -0.8777
vn -0.0646 0.5364 -0.8415
vn -0.2294 0.8240 -0.5181
vn -0.6380 0.5855 -0.5001
vn -0.8508 0.0726 -0.5205
vn -0.0000 0.5122 -0.8589
vn 0.2068 0.8176 -0.5374
vn -0.0912 0.9048 -0.4159
vn -0.5619 0.7569 -0.3337
vn -0.9201 0.3361 -0.2013
vn -0.9320 -0.3167 -0.1763
vn 0.0108 -0.8383 -0.5450
vn -0.1562 -0.9832 -0.0943
vn -0.2068 0.8176 -0.5374
vn -0.0000 0.8525 -0.5228
vn 0.3321 0.8564 -0.3953
vn -0.1073 0.7643 -0.6358
vn -0.4388 0.7211 -0.5361
vn -0.6095 0.7786 -0.1491
vn 0.2294 0.8240 -0.5181
vn 0.0911 0.9048 -0.4159
vn -0.3321 0.8564 -0.3953
vn -0.0000 0.9134 -0.4070
vn -0.0373 0.9965 -0.0747
vn 0.3819 0.6171 -0.6880
vn 0.6381 0.5854 -0.5002
vn 0.5620 0.7566 -0.3341
vn 0.4388 0.7211 -0.5361
vn 0.1073 0.7643 -0.6358
vn 0.0373 0.9965 -0.0747
vn 0.4644 0.4322 -0.7730
vn 0.8554 -0.1055 -0.5071
vn 0.9201 0.3361 -0.2012
vn 0.6093 0.7788 -0.1491
vn 0.3318 0.8552 -0.3981
vn 0.4006 0.6546 -0.6411
vn 0.9847 -0.1741 -0.0058
vn 0.9925 0.1222 -0.0092
vn 0.7769 0.6126 0.1455
vn 0.9989 -0.0194 0.0434
vn 0.1731 -0.9841 -0.0398
vn 0.8628 0.4748 0.1735
vn 0.9419 0.3164 0.1130
vn 0.9639 0.2498 -0.0918
vn 0.7877 0.5335 -0.3081
vn 0.9790 -0.0299 0.2017
vn 0.8782 0.4292 0.2110
vn 0.9239 0.3256 0.2008
vn 0.9537 -0.2825 -0.1036
vn 0.9585 -0.1908 -0.2117
vn 0.8578 -0.0691 -0.5094
vn 0.7373 -0.3602 0.5715
vn 0.8192 -0.2680 0.5070
vn 0.9424 -0.0698 0.3272
vn 0.9262 -0.3362 0.1704
vn -0.1164 -0.5586 0.8212
vn 0.1140 -0.1603 0.9805
vn 0.3381 -0.3523 0.8727
vn 0.4008 -0.4786 0.7812
vn 0.6271 -0.4433 0.6405
vn 0.8702 -0.3800 0.3138
vn 0.9239 -0.3709 -0.0935
vn 0.0249 -0.1321 0.9909
vn -0.0160 0.2779 0.9605
vn -0.0185 0.2402 0.9705
vn -0.0258 -0.1258 0.9917
vn 0.0755 -0.4016 0.9127
vn 0.0672 -0.4147 0.9075
vn 0.5416 -0.4281 0.7235
vn 0.2272 0.3191 0.9201
vn 0.0998 0.6624 0.7424
vn 0.1478 0.5891 0.7945
vn -0.0000 0.1856 0.9826
vn -0.0000 -0.0727 0.9974
vn -0.0000 -0.3582 0.9336
vn 0.4336 0.7297 0.5287
vn 0.3092 0.9378 0.1581
vn 0.5890 0.7833 0.1991
vn 0.3262 0.6139 0.7189
vn -0.0000 0.4035 0.9150
vn 0.4922 0.8688 0.0542
vn 0.9799 0.0864 0.1796
vn 0.9247 0.3807 -0.0085
vn 0.7476 0.5307 0.3994
vn 0.5930 0.1095 0.7977
vn 0.5888 -0.1184 0.7996
vn 0.9612 -0.0977 0.2579
vn 0.5351 0.5495 0.6416
vn 0.8444 0.5347 0.0331
vn -0.0002 0.6011 0.7992
vn -0.0000 0.7037 0.7105
vn -0.0000 0.1667 0.9860
vn -0.0001 -0.2088 0.9780
vn -0.0001 0.3727 0.9280
vn -0.5353 0.5494 0.6416
vn -0.3262 0.6140 0.7188
vn -0.5930 0.1095 0.7977
vn -0.5889 -0.1183 0.7995
vn -0.9612 -0.0977 0.2580
vn -0.8444 0.5346 0.0331
vn -0.5890 0.7832 0.1991
vn -0.1478 0.5890 0.7945
vn -0.7475 0.5307 0.3995
vn -0.9799 0.0864 0.1796
vn -0.9247 0.3807 -0.0085
vn -0.3092 0.9378 0.1581
vn -0.0994 0.6625 0.7424
vn 0.0185 0.2402 0.9705
vn 0.0258 -0.1258 0.9917
vn -0.4335 0.7298 0.5287
vn -0.2272 0.3191 0.9201
vn 0.0161 0.2780 0.9604
vn -0.1140 -0.1604 0.9804
vn -0.3381 -0.3523 0.8727
vn -0.0755 -0.4016 0.9127
vn -0.4922 0.8688 0.0542
vn -0.0249 -0.1321 0.9909
vn 0.1164 -0.5586 0.8212
vn -0.7375 -0.3603 0.5712
vn -0.4008 -0.4786 0.7812
vn -0.0672 -0.4147 0.9075
vn -0.0000 -0.4491 0.8935
vn -0.9790 -0.0299 0.2017
vn -0.8192 -0.2680 0.5070
vn -0.6271 -0.4433 0.6405
vn -0.5416 -0.4281 0.7235
vn -0.1831 -0.1889 0.9648
vn -0.0000 -0.2211 0.9753
vn -0.9989 -0.0194 0.0434
vn -0.8782 0.4291 0.2112
vn -0.9424 -0.0698 0.3271
vn -0.9262 -0.3362 0.1704
vn -0.8702 -0.3800 0.3138
vn -0.9925 0.1222 -0.0092
vn -0.8628 0.4748 0.1735
vn -0.9239 0.3256 0.2008
vn -0.9537 -0.2825 -0.1036
vn -0.9239 -0.3709 -0.0935
vn -0.8977 -0.3501 0.2677
vn -0.7770 0.6125 0.1454
vn -0.9419 0.3164 0.1130
vn -0.9585 -0.1908 -0.2117
vn -0.9073 -0.3235 -0.2687
vn -0.7314 -0.6206 -0.2827
vn -0.7877 0.5335 -0.3081
vn -0.9639 0.2498 -0.0918
vn -0.8578 -0.0691 -0.5094
vn -0.8755 -0.2293 -0.4254
vn -0.7281 -0.3746 -0.5741
vn -0.4301 0.7664 -0.4771
vn -0.6346 0.0606 -0.7705
vn -0.3318 0.8553 -0.3981
vn -0.0432 0.9120 -0.4079
vn -0.1260 0.7345 -0.6668
vn -0.3891 0.1498 -0.9089
vn -0.6976 0.3723 -0.6121
vn -0.6731 -0.1350 -0.7271
vn -0.2227 0.9300 -0.2925
vn -0.2292 0.5489 -0.8038
vn -0.2987 0.1605 -0.9408
vn -0.3341 0.7866 -0.5193
vn -0.0146 0.2872 -0.9578
vn 0.0492 0.6154 -0.7867
vn -0.2095 0.7133 -0.6688
vn -0.0000 0.9841 -0.1774
vn -0.0000 0.3622 -0.9321
vn -0.0000 0.4525 -0.8918
vn 0.1915 0.6869 -0.7010
vn 0.2753 0.6129 -0.7406
vn -0.1705 0.8333 -0.5259
vn -0.0000 0.5762 0.8173
vn 0.3341 0.7866 -0.5193
vn 0.0146 0.2872 -0.9578
vn -0.1915 0.6870 -0.7010
vn -0.0000 0.3789 -0.9254
vn -0.0001 0.7644 0.6448
vn 0.6225 -0.5434 -0.5633
vn 0.2267 -0.4427 0.8676
vn 0.0012 -0.9302 0.3670
vn -0.0001 -0.6533 -0.7571
vn -0.0009 -0.0038 -1.0000
vn 0.6313 -0.0052 -0.7755
vn 0.2265 -0.4424 0.8677
vn 0.0009 0.0009 1.0000
vn 0.0012 -0.9301 0.3674
vn -0.6227 -0.5444 -0.5621
vn -0.6327 -0.0055 -0.7743
vn -0.0007 0.0015 -1.0000
vn -0.2243 -0.4431 0.8680
vn -0.7876 -0.0014 -0.6162
vn 0.0006 -0.8836 -0.4683
vn -0.7054 -0.0046 0.7088
vn -0.2243 -0.4425 0.8683
vn 0.7605 -0.3155 0.5675
vn 0.8184 0.5747 -0.0000
vn 0.8376 -0.2463 -0.4876
vn 0.6516 0.2713 0.7084
vn 0.6633 0.5016 -0.5554
vn 0.3712 0.8656 0.3361
vn 0.0990 0.8285 -0.5512
vn -0.2512 0.6485 0.7185
vn -0.5369 0.6632 -0.5214
vn -0.8445 0.2378 0.4798
vn -0.8164 0.1418 -0.5598
vn -0.8449 0.5349 -0.0000
vn -0.6849 -0.1298 0.7170
vn -0.8657 0.5006 -0.0000
vn -0.7827 -0.2210 -0.5818
vn -0.5755 -0.3623 0.7332
vn -0.5307 -0.4245 -0.7335
vn -0.4369 -0.5320 0.7253
vn -0.3757 -0.5766 -0.7255
vn -0.2084 -0.5408 0.8149
vn -0.1477 -0.5604 -0.8149
vn -0.7801 -0.4853 0.3948
vn -0.8277 -0.3573 -0.4328
vn -0.9593 -0.2824 -0.0000
vn -0.7873 -0.5641 0.2490
vn -0.8108 -0.5089 -0.2892
vn -0.3358 -0.8843 -0.3245
vn -0.2292 -0.9178 0.3243
vn 0.4725 -0.8350 -0.2819
vn 0.7265 -0.6270 0.2813
vn 0.8005 -0.2886 -0.5252
vn 0.7120 -0.4309 0.5544
vn 0.1499 -0.5661 -0.8106
vn 0.2106 -0.5464 0.8106
vn 0.3902 -0.5727 -0.7209
vn 0.4592 -0.5195 0.7206
vn 0.3901 -0.3425 -0.8547
vn 0.3953 -0.3364 0.8547
vn 0.7787 -0.5390 -0.3210
vn 0.7676 -0.5111 0.3867
vn 0.2519 -0.1387 0.9578
vn 0.6447 -0.4127 0.6435
vn 0.3153 -0.1781 0.9321
vn 0.7113 -0.4709 0.5219
vn 0.2349 -0.1421 0.9616
vn 0.2519 -0.1387 -0.9578
vn 0.6447 -0.4127 -0.6435
vn 0.8268 -0.5625 -0.0000
vn 0.7572 -0.4731 -0.4503
vn 0.5688 -0.3398 0.7490
vn 0.3153 -0.1781 -0.9321
vn 0.2349 -0.1421 -0.9616
vn 0.5352 -0.3902 -0.7492
vn 0.6792 -0.4506 0.5794
vn 0.7558 -0.3004 -0.5819
vn 0.4845 -0.7142 0.5051
vn 0.3121 -0.8220 -0.4763
vn 0.6345 -0.7347 0.2401
vn 0.8450 -0.4782 -0.2394
vn 0.8166 0.5196 0.2512
vn 0.8153 0.4649 -0.3451
vn 0.4353 0.7025 -0.5630
vn 0.3169 0.6452 0.6952
vn 0.8542 0.4022 0.3296
vn 0.7854 0.4503 -0.4247
vn 0.5637 0.8260 -0.0000
vn 0.6517 0.2713 0.7083
vn -0.2512 0.6486 0.7185
vn -0.0187 -0.0304 0.9994
vn 0.7605 -0.3156 0.5675
vn 0.2284 0.0177 0.9734
vn 0.4711 0.4991 0.7273
vn -0.5845 -0.0813 0.8073
vn -0.3377 -0.4376 0.8333
vn -0.1081 0.0497 0.9929
vn 0.2340 0.3855 0.8925
vn -0.0516 0.6267 0.7776
vn -0.3321 0.3314 0.8831
vn -0.2349 -0.4822 0.8440
vn -0.6193 0.0213 0.7849
vn -0.6705 0.7419 -0.0000
vn -0.3080 0.9514 -0.0000
vn -0.0743 0.2285 0.9707
vn -0.4533 -0.0099 0.8913
vn -0.3997 0.4269 0.8112
vn -0.3371 0.5076 0.7929
vn -0.3321 0.3314 -0.8831
vn -0.0743 0.2285 -0.9707
vn -0.2628 0.6779 -0.6865
vn -0.3614 0.9324 -0.0000
vn -0.2644 0.6774 0.6865
vn -0.5845 -0.0813 -0.8073
vn -0.2349 -0.4822 -0.8440
vn -0.3997 0.4269 -0.8112
vn -0.4533 -0.0099 -0.8913
vn -0.0218 -0.0056 -0.9997
vn -0.3377 -0.4376 -0.8333
vn -0.6193 0.0213 -0.7849
vn -0.3371 0.5077 -0.7929
vn -0.6255 0.2103 -0.7513
vn 0.6634 0.5016 -0.5553
vn 0.8376 -0.2462 -0.4876
vn 0.2284 0.0177 -0.9734
vn -0.1081 0.0497 -0.9929
vn 0.2865 -0.1754 -0.9419
vn 0.0342 0.0078 -0.9994
vn -0.4486 -0.5206 -0.7265
vn 0.4711 0.4991 -0.7273
vn 0.2340 0.3855 -0.8925
vn 0.0377 -0.2608 -0.9647
vn 0.2356 -0.5496 -0.8015
vn 0.6124 -0.3611 -0.7033
vn 0.6852 -0.1733 -0.7074
vn -0.0516 0.6267 -0.7776
vn 0.4354 0.7025 -0.5629
vn 0.5268 -0.4291 -0.7338
vn 0.0033 -0.4902 -0.8716
vn 0.0477 -0.3661 -0.9293
vn -0.3652 0.9309 -0.0000
vn -0.0383 0.6507 -0.7584
vn 0.5636 0.8260 -0.0000
vn -0.0556 0.9985 -0.0000
vn -0.0384 0.6507 0.7584
vn 0.8542 0.4022 0.3295
vn 0.7557 -0.3005 -0.5819
vn 0.2137 -0.0010 -0.9769
vn 0.1689 -0.5502 -0.8178
vn 0.2330 -0.4597 -0.8570
vn 0.3154 -0.1781 -0.9321
vn -0.2355 -0.2485 -0.9396
vn 0.3648 0.3645 -0.8568
vn 0.0386 0.3409 -0.9393
vn 0.4997 -0.0344 -0.8655
vn 0.5477 0.2427 -0.8007
vn 0.0957 0.6648 -0.7409
vn -0.2294 0.3881 -0.8926
vn 0.3902 -0.5728 -0.7209
vn 0.2467 -0.2886 -0.9251
vn 0.5483 -0.2271 -0.8049
vn -0.0273 -0.0323 -0.9991
vn -0.4088 0.3508 -0.8425
vn 0.2198 -0.0896 -0.9714
vn -0.0364 -0.5947 -0.8031
vn 0.2198 -0.5520 -0.8043
vn -0.2378 -0.5147 -0.8237
vn 0.0052 -0.1582 -0.9874
vn 0.2625 0.0397 -0.9641
vn 0.5489 -0.0982 -0.8301
vn 0.4982 -0.2811 -0.8202
vn 0.2700 -0.4886 -0.8297
vn 0.5685 0.1022 -0.8163
vn 0.2880 -0.0367 -0.9569
vn -0.0010 0.1128 -0.9936
vn -0.4218 0.2710 -0.8653
vn 0.4725 -0.1700 -0.8648
vn 0.3271 -0.0322 -0.9445
vn -0.4077 -0.1588 -0.8992
vn -0.3971 -0.3083 -0.8644
vn 0.6018 0.2667 -0.7528
vn 0.0047 0.5995 -0.8003
vn 0.2884 -0.3743 -0.8813
vn -0.3806 -0.5028 -0.7761
vn -0.8276 -0.3573 -0.4329
vn -0.1815 -0.4700 -0.8638
vn 0.0718 -0.4163 -0.9064
vn -0.3358 -0.8843 -0.3244
vn -0.1477 -0.5605 -0.8149
vn 0.1057 -0.5806 -0.8073
vn -0.1334 -0.4853 -0.8641
vn -0.2035 0.3499 -0.9144
vn 0.3892 0.3430 -0.8549
vn -0.3312 -0.3196 -0.8878
vn -0.7632 -0.3227 -0.5598
vn -0.6039 0.2130 -0.7681
vn -0.3577 0.3475 -0.8668
vn -0.1020 0.5242 -0.8455
vn 0.1255 0.7344 -0.6670
vn -0.3756 -0.5767 -0.7255
vn 0.0127 0.0436 -0.9990
vn -0.7501 0.0241 -0.6609
vn -0.0298 0.3517 -0.9356
vn -0.1446 0.4753 -0.8679
vn 0.2844 0.4726 -0.8341
vn 0.0642 0.2599 -0.9635
vn -0.2962 0.3682 -0.8813
vn 0.0660 0.6705 -0.7389
vn 0.2809 0.9597 -0.0000
vn -0.3037 0.9528 -0.0000
vn 0.0021 0.7678 -0.6407
vn -0.0632 0.9980 -0.0000
vn -0.5526 0.8334 -0.0000
vn 0.0946 0.9955 -0.0000
vn 0.0660 0.6705 0.7389
vn -0.0298 0.3517 0.9356
vn -0.0875 0.9962 -0.0000
vn 0.0003 0.7676 0.6409
vn 0.0642 0.2599 0.9635
vn -0.2962 0.3682 0.8813
vn -0.6849 -0.1299 0.7170
vn -0.5755 -0.3623 0.7331
vn 0.0127 0.0437 0.9990
vn -0.4368 -0.5320 0.7254
vn -0.3312 -0.3196 0.8878
vn -0.7501 0.0241 0.6609
vn -0.3577 0.3475 0.8668
vn -0.1020 0.5242 0.8455
vn -0.1446 0.4753 0.8679
vn -0.2083 -0.5408 0.8149
vn 0.1057 -0.5806 0.8073
vn -0.1334 -0.4853 0.8641
vn -0.7632 -0.3227 0.5598
vn -0.6039 0.2130 0.7681
vn -0.2053 0.3500 0.9140
vn -0.1815 -0.4700 0.8638
vn 0.0718 -0.4163 0.9064
vn -0.7801 -0.4854 0.3948
vn -0.3971 -0.3083 0.8644
vn 0.6018 0.2667 0.7528
vn 0.3891 0.3430 0.8549
vn 0.1255 0.7344 0.6670
vn 0.2844 0.4726 0.8341
vn -0.4075 -0.1598 0.8991
vn -0.0010 0.1128 0.9936
vn 0.0047 0.5995 0.8003
vn 0.5278 0.2674 0.8062
vn 0.4145 0.2718 0.8685
vn -0.7873 -0.5640 0.2490
vn -0.3806 -0.5028 0.7761
vn 0.2884 -0.3743 0.8813
vn 0.3271 -0.0323 0.9444
vn 0.2880 -0.0367 0.9569
vn 0.4982 -0.2811 0.8202
vn -0.4218 0.2710 0.8653
vn 0.5685 0.1022 0.8163
vn 0.5489 -0.0983 0.8301
vn 0.2198 -0.0896 0.9714
vn 0.2700 -0.4886 0.8297
vn 0.4725 -0.1700 0.8648
vn 0.2625 0.0397 0.9641
vn 0.2467 -0.2886 0.9251
vn -0.0364 -0.5947 0.8031
vn -0.2378 -0.5147 0.8237
vn 0.0052 -0.1582 0.9874
vn 0.4997 -0.0344 0.8655
vn 0.5483 -0.2271 0.8049
vn 0.2198 -0.5520 0.8043
vn -0.0273 -0.0323 0.9991
vn -0.4089 0.3508 0.8425
vn -0.5241 0.3070 0.7944
vn 0.3953 -0.3365 0.8547
vn 0.3648 0.3645 0.8568
vn 0.5477 0.2427 0.8007
vn -0.2355 -0.2485 0.9396
vn 0.0386 0.3409 0.9393
vn 0.0965 0.6647 0.7408
vn -0.2293 0.3881 0.8926
vn 0.1689 -0.5502 0.8178
vn -0.4486 -0.5206 0.7265
vn 0.2519 -0.1388 0.9578
vn 0.2137 -0.0010 0.9769
vn 0.6852 -0.1733 0.7074
vn 0.2330 -0.4597 0.8570
vn 0.0342 0.0079 0.9994
vn -0.6255 0.2103 0.7513
vn 0.3154 -0.1781 0.9321
vn 0.5688 -0.3398 0.7491
vn 0.0477 -0.3661 0.9293
vn 0.6124 -0.3611 0.7033
vn 0.2865 -0.1754 0.9419
vn 0.4845 -0.7143 0.5050
vn 0.0033 -0.4902 0.8716
vn 0.0377 -0.2608 0.9647
vn 0.2356 -0.5496 0.8015
vn 0.5268 -0.4291 0.7338
vn 0.8166 0.5197 0.2512
vn -0.5241 0.3070 -0.7944
vn 0.4145 0.2718 -0.8685
vn -0.1659 0.2119 -0.9631
vn 0.5278 0.2674 -0.8062
vn -0.6105 0.7920 -0.0000
vn -0.1659 0.2119 0.9631
vn -0.7605 0.3155 0.5675
vn -0.8183 -0.5748 -0.0000
vn -0.8376 0.2462 -0.4876
vn -0.6516 -0.2713 0.7084
vn -0.6633 -0.5016 -0.5554
vn -0.3712 -0.8656 0.3361
vn -0.0990 -0.8285 -0.5512
vn 0.2512 -0.6485 0.7185
vn 0.5369 -0.6632 -0.5215
vn 0.8445 -0.2378 0.4798
vn 0.8164 -0.1418 -0.5598
vn 0.8449 -0.5350 -0.0000
vn 0.6849 0.1298 0.7170
vn 0.8657 -0.5006 -0.0000
vn 0.7827 0.2210 -0.5818
vn 0.5755 0.3623 0.7332
vn 0.5307 0.4245 -0.7335
vn 0.4366 0.5321 0.7254
vn 0.3758 0.5766 -0.7255
vn 0.2084 0.5408 0.8149
vn 0.1477 0.5605 -0.8149
vn 0.7801 0.4853 0.3948
vn 0.8277 0.3573 -0.4328
vn 0.9593 0.2824 -0.0000
vn 0.7873 0.5641 0.2490
vn 0.8108 0.5089 -0.2892
vn 0.3358 0.8843 -0.3245
vn 0.2292 0.9178 0.3243
vn -0.4725 0.8350 -0.2819
vn -0.7265 0.6270 0.2813
vn -0.8005 0.2886 -0.5252
vn -0.7119 0.4310 0.5545
vn -0.1499 0.5661 -0.8106
vn -0.2107 0.5464 0.8106
vn -0.3902 0.5727 -0.7209
vn -0.4592 0.5195 0.7206
vn -0.3901 0.3425 -0.8547
vn -0.3953 0.3364 0.8547
vn -0.7787 0.5390 -0.3210
vn -0.7676 0.5111 0.3868
vn -0.2519 0.1387 0.9578
vn -0.6447 0.4127 0.6435
vn -0.3153 0.1780 0.9321
vn -0.7113 0.4709 0.5219
vn -0.2349 0.1421 0.9616
vn -0.2519 0.1387 -0.9578
vn -0.6447 0.4127 -0.6435
vn -0.8268 0.5625 -0.0000
vn -0.7572 0.4731 -0.4503
vn -0.5687 0.3398 0.7491
vn -0.3153 0.1780 -0.9321
vn -0.2349 0.1421 -0.9616
vn -0.5352 0.3902 -0.7492
vn -0.6791 0.4507 0.5794
vn -0.7558 0.3004 -0.5819
vn -0.4845 0.7142 0.5051
vn -0.3121 0.8220 -0.4763
vn -0.6345 0.7347 0.2401
vn -0.8450 0.4782 -0.2394
vn -0.8166 -0.5197 0.2511
vn -0.8153 -0.4649 -0.3451
vn -0.4353 -0.7026 -0.5629
vn -0.3169 -0.6452 0.6952
vn -0.8542 -0.4023 0.3295
vn -0.7854 -0.4504 -0.4247
vn -0.5636 -0.8260 -0.0000
vn -0.6517 -0.2713 0.7083
vn 0.2512 -0.6486 0.7185
vn 0.0187 0.0304 0.9994
vn -0.7605 0.3156 0.5674
vn -0.2284 -0.0177 0.9734
vn -0.4710 -0.4991 0.7273
vn 0.5845 0.0813 0.8073
vn 0.3377 0.4376 0.8333
vn 0.1081 -0.0497 0.9929
vn -0.2340 -0.3855 0.8925
vn 0.0516 -0.6267 0.7775
vn 0.8449 -0.5349 -0.0000
vn 0.3321 -0.3314 0.8831
vn 0.2349 0.4822 0.8440
vn 0.6193 -0.0213 0.7849
vn 0.6705 -0.7419 -0.0000
vn 0.3083 -0.9513 -0.0000
vn 0.0742 -0.2285 0.9707
vn 0.4533 0.0099 0.8913
vn 0.3997 -0.4269 0.8112
vn 0.3371 -0.5077 0.7929
vn 0.3321 -0.3314 -0.8831
vn 0.0742 -0.2285 -0.9707
vn 0.2628 -0.6780 -0.6865
vn 0.3614 -0.9324 -0.0000
vn 0.2644 -0.6774 0.6865
vn 0.5845 0.0813 -0.8073
vn 0.2349 0.4822 -0.8440
vn 0.3997 -0.4269 -0.8112
vn 0.4533 0.0099 -0.8913
vn 0.0218 0.0056 -0.9997
vn 0.3377 0.4376 -0.8333
vn 0.6193 -0.0213 -0.7849
vn 0.3370 -0.5077 -0.7929
vn 0.6255 -0.2104 -0.7513
vn 0.5369 -0.6632 -0.5214
vn -0.0990 -0.8284 -0.5512
vn -0.2284 -0.0177 -0.9734
vn 0.1081 -0.0497 -0.9929
vn -0.2865 0.1754 -0.9419
vn -0.0342 -0.0078 -0.9994
vn 0.4486 0.5206 -0.7265
vn -0.4711 -0.4991 -0.7273
vn -0.2340 -0.3855 -0.8925
vn -0.0377 0.2608 -0.9647
vn -0.2356 0.5496 -0.8015
vn -0.6124 0.3611 -0.7032
vn -0.6852 0.1733 -0.7074
vn 0.0516 -0.6267 -0.7775
vn -0.4354 -0.7026 -0.5629
vn -0.5268 0.4291 -0.7338
vn -0.0032 0.4902 -0.8716
vn -0.0477 0.3662 -0.9293
vn 0.3653 -0.9309 -0.0000
vn 0.0384 -0.6507 -0.7584
vn -0.7854 -0.4503 -0.4247
vn 0.0556 -0.9985 -0.0000
vn 0.0384 -0.6507 0.7584
vn -0.8542 -0.4022 0.3296
vn -0.7557 0.3005 -0.5819
vn -0.2137 0.0010 -0.9769
vn -0.1689 0.5502 -0.8178
vn -0.2330 0.4597 -0.8570
vn -0.3154 0.1781 -0.9321
vn 0.2355 0.2485 -0.9396
vn -0.3648 -0.3645 -0.8568
vn -0.0386 -0.3409 -0.9393
vn -0.4997 0.0344 -0.8655
vn -0.5477 -0.2427 -0.8007
vn -0.0957 -0.6647 -0.7409
vn 0.2294 -0.3881 -0.8926
vn -0.3902 0.5728 -0.7209
vn -0.2467 0.2886 -0.9251
vn -0.5483 0.2271 -0.8049
vn 0.0273 0.0323 -0.9991
vn 0.4088 -0.3508 -0.8425
vn -0.2198 0.0896 -0.9714
vn 0.0364 0.5947 -0.8031
vn -0.2198 0.5520 -0.8043
vn 0.2378 0.5147 -0.8237
vn -0.0052 0.1582 -0.9874
vn -0.2626 -0.0398 -0.9641
vn -0.5489 0.0983 -0.8301
vn -0.4982 0.2811 -0.8202
vn -0.2700 0.4886 -0.8297
vn -0.5685 -0.1022 -0.8163
vn -0.2880 0.0367 -0.9569
vn 0.0011 -0.1129 -0.9936
vn 0.4217 -0.2710 -0.8653
vn -0.4725 0.1700 -0.8648
vn -0.3270 0.0323 -0.9445
vn 0.4077 0.1588 -0.8992
vn 0.3971 0.3083 -0.8644
vn -0.6018 -0.2667 -0.7528
vn -0.0047 -0.5995 -0.8003
vn -0.2884 0.3743 -0.8813
vn 0.3805 0.5028 -0.7761
vn 0.8277 0.3572 -0.4329
vn 0.1815 0.4700 -0.8638
vn -0.0718 0.4163 -0.9064
vn -0.1057 0.5806 -0.8073
vn 0.1334 0.4853 -0.8641
vn 0.2035 -0.3499 -0.9144
vn -0.3891 -0.3430 -0.8549
vn 0.3312 0.3196 -0.8878
vn 0.7632 0.3227 -0.5598
vn 0.6039 -0.2130 -0.7681
vn 0.3577 -0.3475 -0.8668
vn 0.1020 -0.5242 -0.8455
vn -0.1255 -0.7344 -0.6670
vn 0.3756 0.5767 -0.7255
vn -0.0127 -0.0437 -0.9990
vn 0.7501 -0.0241 -0.6609
vn 0.0298 -0.3517 -0.9356
vn 0.1446 -0.4753 -0.8678
vn -0.2844 -0.4726 -0.8341
vn -0.0643 -0.2599 -0.9635
vn 0.2962 -0.3682 -0.8813
vn -0.0660 -0.6705 -0.7389
vn -0.2809 -0.9597 -0.0000
vn 0.3037 -0.9528 -0.0000
vn -0.0022 -0.7677 -0.6408
vn 0.0632 -0.9980 -0.0000
vn 0.5527 -0.8334 -0.0000
vn -0.0946 -0.9955 -0.0000
vn -0.0660 -0.6705 0.7389
vn 0.0298 -0.3517 0.9356
vn 0.0875 -0.9962 -0.0000
vn -0.0003 -0.7676 0.6409
vn -0.0643 -0.2599 0.9635
vn 0.2962 -0.3682 0.8813
vn 0.6849 0.1299 0.7170
vn 0.5755 0.3623 0.7331
vn -0.0127 -0.0437 0.9990
vn 0.4368 0.5320 0.7254
vn 0.3312 0.3196 0.8878
vn 0.7501 -0.0241 0.6609
vn 0.3577 -0.3475 0.8668
vn 0.1020 -0.5242 0.8455
vn 0.1446 -0.4753 0.8678
vn 0.2083 0.5408 0.8149
vn -0.1057 0.5806 0.8073
vn 0.1334 0.4853 0.8641
vn 0.7632 0.3227 0.5598
vn 0.6039 -0.2130 0.7681
vn 0.2053 -0.3499 0.9140
vn 0.1815 0.4700 0.8638
vn -0.0718 0.4163 0.9064
vn 0.3971 0.3083 0.8644
vn -0.6018 -0.2667 0.7528
vn -0.3891 -0.3430 0.8549
vn -0.1255 -0.7344 0.6670
vn -0.2844 -0.4726 0.8341
vn 0.4075 0.1597 0.8991
vn 0.0010 -0.1129 0.9936
vn -0.0047 -0.5995 0.8003
vn -0.5278 -0.2674 0.8062
vn -0.4145 -0.2718 0.8685
vn 0.3805 0.5028 0.7761
vn -0.2884 0.3743 0.8813
vn -0.3270 0.0323 0.9445
vn -0.2880 0.0367 0.9569
vn -0.4982 0.2811 0.8202
vn 0.4217 -0.2710 0.8653
vn -0.7265 0.6270 0.2812
vn -0.7120 0.4310 0.5544
vn -0.5685 -0.1022 0.8163
vn -0.5489 0.0983 0.8301
vn -0.2198 0.0896 0.9714
vn -0.2700 0.4886 0.8297
vn -0.4725 0.1700 0.8648
vn -0.2625 -0.0397 0.9641
vn -0.2106 0.5464 0.8106
vn -0.2467 0.2886 0.9251
vn 0.0364 0.5946 0.8032
vn 0.2378 0.5147 0.8237
vn -0.0052 0.1582 0.9874
vn -0.4997 0.0344 0.8655
vn -0.5483 0.2271 0.8049
vn -0.2198 0.5520 0.8043
vn 0.0273 0.0323 0.9991
vn 0.4088 -0.3508 0.8425
vn 0.5241 -0.3070 0.7944
vn -0.3648 -0.3645 0.8568
vn -0.5477 -0.2427 0.8007
vn 0.2355 0.2485 0.9396
vn -0.0386 -0.3409 0.9393
vn -0.0965 -0.6647 0.7409
vn 0.2294 -0.3881 0.8926
vn -0.1689 0.5502 0.8178
vn 0.4485 0.5206 0.7265
vn -0.2137 0.0010 0.9769
vn -0.6852 0.1733 0.7074
vn -0.2330 0.4597 0.8570
vn -0.0342 -0.0079 0.9994
vn 0.6255 -0.2104 0.7513
vn -0.3154 0.1781 0.9321
vn -0.0477 0.3662 0.9293
vn -0.6124 0.3611 0.7033
vn -0.2865 0.1754 0.9419
vn -0.6792 0.4505 0.5794
vn -0.4845 0.7143 0.5050
vn -0.0032 0.4902 0.8716
vn -0.0377 0.2608 0.9647
vn -0.2356 0.5496 0.8015
vn -0.5268 0.4291 0.7338
vn 0.5241 -0.3070 -0.7944
vn -0.4145 -0.2718 -0.8685
vn 0.1659 -0.2119 -0.9631
vn -0.5278 -0.2674 -0.8062
vn 0.6104 -0.7921 -0.0000
vn 0.1659 -0.2119 0.9631
vn 0.8491 -0.2752 -0.4509
vn 0.7423 -0.1279 -0.6577
vn 0.9541 0.0071 -0.2994
vn 0.9499 -0.2467 -0.1921
vn 0.7605 -0.4771 -0.4404
vn 0.8602 -0.3646 -0.3565
vn 0.6633 -0.1573 -0.7317
vn 0.8547 -0.1855 -0.4848
vn 0.7580 0.2893 -0.5846
vn 0.3186 0.2255 -0.9207
vn 0.9693 0.2375 0.0633
vn 0.9789 -0.1091 0.1730
vn 0.8498 -0.3901 0.3545
vn 0.7914 -0.4501 0.4136
vn 0.9154 -0.1698 0.3650
vn 0.8703 0.4802 0.1094
vn 0.7744 0.5523 0.3086
vn 0.8272 0.2777 0.4884
vn 0.7403 -0.0402 0.6710
vn 0.5630 -0.2848 0.7758
vn 0.7225 -0.3415 0.6011
vn 0.8050 0.0354 0.5923
vn 0.7607 0.6313 0.1514
vn 0.7204 0.6000 0.3480
vn 0.6328 0.5247 0.5695
vn 0.6707 0.4093 0.6186
vn 0.6779 0.0994 0.7284
vn 0.7002 -0.0759 0.7099
vn 0.7566 -0.3309 0.5640
vn 0.3862 0.8754 0.2907
vn 0.4206 0.6998 0.5774
vn 0.1772 0.6265 0.7590
vn 0.3806 0.3996 0.8340
vn 0.6920 0.1581 0.7043
vn 0.6243 -0.2962 0.7228
vn 0.3982 0.9163 0.0418
vn -0.1142 0.9684 0.2216
vn -0.0206 0.8345 0.5506
vn -0.2444 0.6426 0.7262
vn -0.2861 0.3780 0.8805
vn 0.2489 -0.0815 0.9651
vn 0.3431 -0.5000 0.7952
vn 0.5174 -0.4377 0.7353
vn -0.4007 0.7949 0.4556
vn -0.6058 0.5021 0.6172
vn -0.6864 0.2626 0.6782
vn -0.6919 0.0227 0.7216
vn -0.2810 -0.1073 0.9537
vn 0.3277 -0.3607 0.8732
vn -0.5287 0.8206 0.2170
vn -0.6666 0.6618 0.3431
vn -0.8475 0.4152 0.3306
vn -0.9349 0.1252 0.3321
vn -0.8200 -0.1277 0.5579
vn -0.5994 -0.3454 0.7221
vn -0.2778 -0.3397 0.8986
vn -0.6987 0.6839 0.2099
vn -0.8919 0.4143 0.1814
vn -0.9644 0.1926 0.1810
vn -0.9281 0.2047 0.3111
vn -0.9054 -0.1075 0.4106
vn -0.7324 -0.2718 0.6243
vn -0.4432 -0.3785 0.8126
vn -0.3829 -0.4449 0.8096
vn -0.2401 -0.5599 0.7930
vn -0.9452 0.3111 0.0988
vn -0.9970 -0.0106 -0.0765
vn -0.9746 -0.2146 0.0640
vn -0.8581 -0.3398 0.3849
vn -0.6303 -0.3866 0.6732
vn -0.2471 -0.2386 0.9392
vn -0.9456 -0.2657 -0.1877
vn -0.6993 -0.5191 -0.4914
vn -0.6303 -0.3542 -0.6909
vn -0.8413 -0.5303 -0.1045
vn -0.7569 -0.6405 -0.1297
vn -0.4818 -0.0430 0.8752
vn -0.3984 -0.8821 -0.2512
vn -0.0694 -0.7855 -0.6149
vn -0.0000 0.2570 -0.9664
vn -0.6157 -0.0518 -0.7863
vn -0.9690 -0.2466 0.0175
vn -0.3917 -0.7808 0.4868
vn 0.0748 -0.9448 -0.3189
vn -0.0657 -0.0510 -0.9965
vn -0.4777 -0.1451 -0.8665
vn -0.9425 0.1091 -0.3158
vn -0.4322 -0.1029 0.8959
vn 0.8349 -0.3035 0.4592
vn 0.2212 -0.8409 -0.4939
vn 0.4658 -0.2435 -0.8508
vn 0.3098 0.1320 -0.9416
vn -0.8509 0.3268 -0.4114
vn -0.4998 -0.4139 0.7608
vn 0.8436 -0.4632 0.2718
vn -0.6783 -0.6123 0.4062
vn 0.6415 -0.7504 -0.1593
vn 0.8436 -0.4631 0.2718
vn 0.5304 0.4076 -0.7433
vn -0.7701 0.5947 -0.2309
vn 0.6415 -0.7504 -0.1592
vn 0.5375 0.5479 -0.6410
vn -0.6555 0.5832 -0.4798
vn -0.8362 -0.4968 -0.2324
vn 0.1049 -0.4341 -0.8947
vn 0.1048 -0.4341 -0.8948
vn 0.0022 0.4837 -0.8752
vn -0.7118 -0.5163 -0.4763
vn -0.7811 -0.5991 0.1762
vn -0.5971 -0.3876 0.7023
vn -0.1708 0.4742 0.8637
vn 0.2304 0.4658 0.8544
vn -0.4333 -0.8055 -0.4043
vn -0.0587 -0.9354 -0.3487
vn 0.1391 -0.8408 0.5232
vn -0.1813 -0.0261 0.9831
vn 0.3148 0.5711 0.7581
vn 0.5474 -0.8349 0.0573
vn -0.0996 -0.1104 0.9889
vn -0.2196 -0.2104 0.9526
vn 0.8462 0.3031 0.4383
vn 0.8565 0.1474 0.4947
vn 0.8069 0.1856 0.5608
vn 0.8759 0.4430 0.1912
vn 0.9573 0.2144 0.1938
vn 0.4182 -0.1373 0.8979
vn 0.7072 0.1928 0.6802
vn 0.9724 0.2304 -0.0376
vn 0.3899 -0.9127 0.1225
vn 0.2832 -0.7833 0.5533
vn 0.4314 0.5453 0.7187
vn 0.4368 -0.4096 0.8009
vn 0.3133 -0.2675 0.9112
vn 0.2188 -0.1118 0.9693
vn 0.5253 0.0603 0.8488
vn 0.1093 -0.2842 0.9525
vn -0.0852 0.0766 0.9934
vn 0.4836 0.4513 0.7500
vn 0.4769 0.3855 0.7899
vn 0.9827 0.1009 0.1554
vn 0.3140 -0.8160 0.4853
vn 0.8033 -0.3642 -0.4712
vn -0.2164 -0.9464 0.2399
vn 0.1093 -0.2843 0.9525
vn 0.4835 0.4513 0.7500
vn -0.0913 -0.4825 0.8711
vn 0.3147 -0.8205 0.4773
vn 0.7793 0.2163 0.5882
vn -0.2571 -0.9567 0.1365
vn -0.4333 -0.8221 0.3692
vn -0.7501 -0.6589 0.0570
vn 0.7532 -0.6128 0.2392
vn 0.4801 -0.6044 0.6357
vn 0.6583 0.5323 0.5323
vn 0.3624 0.6137 -0.7015
vn 0.4237 -0.8576 -0.2916
vn 0.7596 0.4026 0.5108
vn 0.5813 0.7072 -0.4024
vn 0.7536 0.5330 -0.3846
vn 0.8705 -0.3924 -0.2969
vn 0.3965 -0.8142 -0.4241
vn 0.8705 -0.3925 -0.2970
vn 0.4802 -0.6044 0.6357
vn 0.2550 -0.9663 0.0363
vn 0.7565 -0.6362 0.1516
vn 0.9988 -0.0451 -0.0175
vn 0.4532 0.7988 -0.3956
vn 0.0951 0.6795 -0.7275
vn -0.1779 0.2575 -0.9498
vn -0.6998 -0.2197 -0.6797
vn 0.1704 -0.4637 -0.8694
vn -0.6159 -0.5990 -0.5116
vn -0.4274 -0.5407 -0.7245
vn 0.7734 -0.5594 -0.2982
vn 0.7425 -0.5966 -0.3046
vn 0.9856 -0.0143 -0.1688
vn 0.7531 -0.6128 0.2393
vn 0.7425 -0.5966 -0.3045
vn -0.1721 -0.9639 -0.2034
vn -0.2164 -0.9463 0.2400
vn 0.5475 -0.8349 0.0573
vn 0.2603 -0.8042 -0.5343
vn 0.3139 -0.8160 0.4853
vn 0.8461 0.3031 0.4384
vn -0.6159 -0.5990 -0.5117
vn -0.8383 -0.4497 -0.3084
vn -0.4952 -0.8322 -0.2495
vn 0.3899 -0.9127 0.1226
vn 0.3147 -0.8204 0.4774
vn 0.4236 -0.8576 -0.2916
vn 0.0229 -0.9838 -0.1779
vn 0.2831 -0.7834 0.5533
vn 0.3966 -0.8142 -0.4241
vn 0.4801 -0.6045 0.6357
vn 0.8706 -0.3924 -0.2968
vn 0.1704 -0.4637 -0.8695
vn 0.7564 -0.6362 0.1516
vn 0.7531 -0.6128 0.2395
vn 0.6828 -0.6466 -0.3400
vn 0.0009 -0.4350 -0.9004
vn 0.3127 -0.3077 -0.8986
vn 0.7073 -0.6255 -0.3293
vn 0.5879 -0.5652 -0.5787
vn -0.6805 -0.6486 -0.3410
vn -0.3111 -0.3081 -0.8991
vn 0.0003 0.0044 -1.0000
vn -0.7060 -0.6265 -0.3303
vn -0.5910 -0.5619 -0.5787
vn -0.7492 0.2979 -0.5916
vn -0.4192 0.7640 -0.4905
vn -0.0000 0.6984 -0.7157
vn 0.7525 0.2919 -0.5904
vn 0.0699 0.2483 -0.9662
vn -0.3375 -0.1686 -0.9261
vn -0.7794 0.3327 -0.5309
vn -0.1454 -0.3216 -0.9356
vn -0.4745 -0.7254 -0.4987
vn -0.9228 -0.1272 -0.3637
vn -0.7619 -0.4168 -0.4957
vn -0.0000 -0.3036 -0.9528
vn -0.3383 -0.6094 -0.7170
vn -0.4125 -0.6331 -0.6550
vn -0.5108 -0.7160 -0.4759
vn 0.1454 -0.3216 -0.9356
vn 0.3383 -0.6094 -0.7170
vn -0.0000 -0.6333 -0.7739
vn -0.0699 0.2483 -0.9662
vn 0.3375 -0.1686 -0.9261
vn 0.4745 -0.7254 -0.4987
vn 0.4125 -0.6331 -0.6550
vn -0.0000 -0.3672 -0.9301
vn -0.2753 0.6129 -0.7406
vn 0.1705 0.8333 -0.5259
vn 0.7794 0.3327 -0.5309
vn 0.9228 -0.1272 -0.3637
vn 0.7619 -0.4168 -0.4957
vn 0.5108 -0.7160 -0.4759
vn -0.0492 0.6154 -0.7867
vn 0.2095 0.7133 -0.6688
vn 0.6976 0.3723 -0.6121
vn 0.2292 0.5489 -0.8038
vn 0.2987 0.1605 -0.9408
vn 0.3891 0.1498 -0.9089
vn 0.6346 0.0606 -0.7705
vn 0.6731 -0.1350 -0.7272
vn 0.2227 0.9300 -0.2925
vn 0.1260 0.7345 -0.6668
vn 0.4301 0.7664 -0.4771
vn 0.0432 0.9120 -0.4079
vn 0.8755 -0.2293 -0.4254
vn 0.7281 -0.3746 -0.5741
vn 0.4909 -0.6509 -0.5790
vn 0.7374 -0.6607 -0.1402
vn 0.6551 -0.4841 -0.5800
vn 0.9072 -0.3236 -0.2687
vn 0.7314 -0.6206 -0.2827
vn 0.5818 -0.5711 -0.5791
vn 0.4436 -0.6682 -0.5972
vn 0.6825 -0.6523 -0.3297
vn 0.6828 -0.6098 -0.4024
vn 0.7270 -0.6341 -0.2633
vn 0.8843 -0.2253 -0.4090
vn 0.5185 -0.3043 -0.7991
vn 0.7176 -0.3001 -0.6284
vn 0.6012 -0.5243 -0.6030
vn 0.9718 -0.2246 -0.0723
vn 0.9038 -0.0710 -0.4221
vn 0.5096 -0.0548 -0.8587
vn 0.7636 -0.4293 -0.4823
vn 0.7588 -0.2166 -0.6142
vn 0.8976 -0.3501 0.2677
vn 0.9992 -0.0206 0.0337
vn 0.8241 0.2807 -0.4921
vn 0.3528 0.0796 -0.9323
vn 0.2512 -0.5664 -0.7849
vn 0.4798 -0.6712 -0.5650
vn 0.7783 -0.0944 0.6208
vn 0.9239 0.3496 0.1553
vn 0.3879 0.9216 0.0158
vn 0.4217 0.1209 -0.8987
vn 0.1831 -0.1889 0.9648
vn 0.3211 0.3152 0.8931
vn 0.7024 0.4083 0.5830
vn -0.1942 0.8632 0.4661
vn -0.0000 0.2377 0.9713
vn -0.3211 0.3152 0.8931
vn 0.1942 0.8632 0.4661
vn -0.7783 -0.0944 0.6208
vn -0.7024 0.4083 0.5830
vn -0.9992 -0.0206 0.0337
vn -0.9239 0.3496 0.1553
vn -0.9718 -0.2246 -0.0723
vn -0.9038 -0.0710 -0.4221
vn -0.8241 0.2807 -0.4921
vn -0.2785 0.6695 -0.6887
vn -0.4217 0.1209 -0.8987
vn -0.8843 -0.2253 -0.4090
vn -0.5185 -0.3043 -0.7991
vn -0.5096 -0.0548 -0.8587
vn -0.3528 0.0796 -0.9323
vn -0.1369 0.0979 -0.9857
vn -0.1457 0.0332 -0.9888
vn -0.7270 -0.6341 -0.2633
vn -0.5818 -0.5711 -0.5791
vn -0.4436 -0.6682 -0.5972
vn -0.6825 -0.6523 -0.3297
vn -0.7176 -0.3001 -0.6284
vn -0.4909 -0.6509 -0.5790
vn -0.7374 -0.6607 -0.1402
vn -0.6828 -0.6098 -0.4024
vn -0.6012 -0.5243 -0.6030
vn -0.7589 -0.2166 -0.6142
vn -0.7636 -0.4293 -0.4823
vn -0.6551 -0.4842 -0.5800
vn -0.0000 -0.1462 -0.9893
vn -0.4798 -0.6712 -0.5650
vn -0.2512 -0.5664 -0.7849
vn -0.0002 -0.9002 -0.4355
vn -0.0000 -0.6871 -0.7265
vn -0.0000 0.0806 -0.9967
vn -0.0000 0.0662 -0.9978
vn 0.1369 0.0979 -0.9857
vn 0.1457 0.0332 -0.9888
vn -0.0000 0.0184 -0.9998
vn 0.2096 -0.9565 -0.2030
vn 0.1037 -0.1955 -0.9752
vn 0.6828 -0.6006 -0.4160
vn 0.9754 0.1810 -0.1258
vn 0.6984 0.6423 0.3158
vn 0.2881 0.8173 0.4990
vn -0.4157 0.9095 -0.0079
vn 0.1192 -0.9825 -0.1433
vn -0.6396 -0.1236 -0.7587
vn -0.6328 -0.1542 -0.7588
vn 0.7003 -0.0134 -0.7137
vn 0.5479 0.7795 -0.3035
vn -0.2774 0.9578 0.0755
vn 0.1102 -0.9891 -0.0973
vn -0.3791 0.0683 -0.9228
vn -0.1325 0.9912 0.0006
vn -0.0000 -0.9865 0.1635
vn -0.0000 -0.4273 -0.9041
vn -0.0000 0.9987 -0.0511
vn 0.0216 0.9905 0.1361
vn 0.2635 0.8193 0.5092
vn -0.1102 -0.9891 -0.0973
vn 0.3791 0.0683 -0.9228
vn -0.0216 0.9905 0.1361
vn -0.1227 0.8616 0.4925
vn -0.0000 0.8608 0.5090
vn 0.1227 0.8616 0.4925
vn -0.1194 -0.9926 -0.0213
vn -0.1201 -0.9823 -0.1440
vn 0.6396 -0.1236 -0.7587
vn 0.1325 0.9912 0.0006
vn -0.2635 0.8193 0.5092
vn -0.2096 -0.9565 -0.2030
vn 0.6328 -0.1541 -0.7588
vn 0.2774 0.9578 0.0755
vn -0.2881 0.8173 0.4990
vn 0.4157 0.9095 -0.0079
vn -0.1037 -0.1955 -0.9752
vn -0.6828 -0.6007 -0.4160
vn -0.7003 -0.0134 -0.7137
vn -0.5479 0.7795 -0.3035
vn -0.6984 0.6423 0.3158
vn -0.9754 0.1810 -0.1258
vn 0.2134 0.8000 -0.5608
vn -0.2134 0.8001 -0.5607
vn -0.0507 -0.7895 -0.6116
vn 0.9661 -0.2081 0.1530
vn -0.0900 -0.7925 0.6032
vn -0.3598 0.3603 0.8606
vn 0.8649 0.3997 0.3035
vn -0.2141 0.9691 -0.1229
vn -0.0025 0.3619 -0.9322
vn -0.9676 -0.1742 -0.1830
vn -0.9064 0.1785 -0.3829
vn -0.3598 0.3603 0.8607
vn -0.0900 -0.7925 0.6031
vn 0.0925 -0.7924 0.6030
vn -0.9654 -0.2098 0.1547
vn 0.0509 -0.7894 -0.6117
vn 0.0002 0.3619 -0.9322
vn 0.9675 -0.1725 -0.1847
vn 0.3607 0.3609 0.8600
vn 0.9054 0.1801 -0.3845
vn 0.2122 0.9694 -0.1233
vn 0.3608 0.3609 0.8600
vn -0.8651 0.3982 0.3051
vn -0.9540 -0.2250 0.1980
vn 0.2481 -0.6803 -0.6897
vn 0.0175 -0.7772 0.6290
vn 0.1638 0.4078 0.8983
vn -0.8769 0.3243 0.3549
vn -0.5053 0.3950 -0.7673
vn 0.8693 0.2149 -0.4451
vn 0.9509 -0.3094 -0.0046
vn 0.1637 0.4078 0.8983
vn 0.0031 0.9999 -0.0168
vn 0.0031 0.9999 -0.0169
vn 0.7940 -0.4493 0.4095
vn 0.9483 0.1391 0.2854
vn 0.2763 -0.0006 0.9611
vn 0.6310 0.6421 0.4354
vn 0.2947 0.6889 0.6622
vn -0.1062 0.7698 0.6294
vn -0.4551 0.4486 0.7692
vn -0.6519 -0.1398 0.7453
vn -0.3036 -0.6428 0.7033
vn 0.1018 -0.6898 0.7168
vn 0.4240 -0.7705 0.4760
vn 0.9483 0.1392 0.2854
vn 0.6462 -0.2957 -0.7036
vn 0.3080 -0.6957 -0.6489
vn -0.2763 0.0006 -0.9611
vn 0.5339 0.1116 -0.8382
vn 0.5092 0.5238 -0.6830
vn 0.0146 0.8812 -0.4726
vn 0.2948 0.6889 0.6622
vn -0.2637 -0.8806 -0.3937
vn 0.1017 -0.6897 0.7169
vn -0.7943 -0.5231 -0.3088
vn -0.8976 -0.1108 -0.4267
vn -0.9211 0.2963 -0.2525
vn -0.6054 0.6963 -0.3854
vn -0.4550 0.4486 0.7692
vn -0.1061 0.7698 0.6294
vn -0.6853 -0.5237 -0.5062
vn -0.4794 -0.6428 0.5975
vn -0.7361 -0.2147 0.6419
vn -0.8795 -0.0425 -0.4740
vn -0.0009 0.0009 -1.0000
vn -0.2254 -0.8014 -0.5540
vn -0.0339 -0.8225 0.5678
vn 0.4259 -0.7940 -0.4338
vn 0.2890 -0.6210 0.7286
vn 0.7438 -0.4017 0.5343
vn -0.7428 0.4007 0.5363
vn -0.6816 0.3195 -0.6583
vn -0.4267 0.7947 -0.4317
vn 0.2244 0.8024 -0.5530
vn 0.6843 0.5246 -0.5065
vn 0.8786 0.0433 -0.4755
vn 0.6800 -0.3191 -0.6601
vn -0.2877 0.6197 0.7302
vn 0.0349 0.8215 0.5692
vn 0.4805 0.6417 0.5977
vn 0.7373 0.2136 0.6409
vn -0.7361 -0.2148 0.6419
vn 0.0009 -0.0009 1.0000
vn 0.0349 0.8214 0.5692
vn -0.0339 -0.8224 0.5678
vn -0.2746 -0.0011 0.9616
vn -0.9480 0.1375 0.2871
vn -0.7924 -0.4507 0.4110
vn -0.4218 -0.7712 0.4768
vn -0.0993 -0.6900 0.7170
vn 0.3060 -0.6422 0.7028
vn 0.6535 -0.1386 0.7441
vn 0.4557 0.4494 0.7684
vn 0.1060 0.7700 0.6292
vn -0.2947 0.6884 0.6627
vn -0.6313 0.6410 0.4366
vn -0.6470 -0.2968 -0.7024
vn -0.5357 0.1104 -0.8372
vn 0.2746 0.0011 -0.9616
vn -0.3080 -0.6962 -0.6484
vn -0.4218 -0.7712 0.4767
vn 0.2645 -0.8802 -0.3942
vn -0.0992 -0.6899 0.7170
vn -0.5113 0.5229 -0.6820
vn -0.6313 0.6409 0.4366
vn -0.0170 0.8811 -0.4726
vn 0.6035 0.6974 -0.3865
vn 0.9201 0.2979 -0.2542
vn 0.8970 -0.1093 -0.4283
vn 0.7947 -0.5218 -0.3103
vn -0.2948 0.6884 0.6628
vn 0.1059 0.7700 0.6292
vn 0.6535 -0.1387 0.7441
vn -0.9033 -0.2992 -0.3075
vn 0.0238 0.9113 -0.4111
vn 0.5817 -0.1006 -0.8072
vn 0.4697 0.8384 0.2765
vn 0.5855 -0.1305 -0.8001
vn -0.2765 -0.7131 -0.6442
vn -0.7012 0.3287 0.6327
vn -0.7242 0.0519 0.6876
vn 0.2158 0.8903 0.4010
vn 0.5904 -0.0975 -0.8012
vn -0.2406 -0.9527 -0.1859
vn -0.5963 -0.8027 -0.0124
vn -0.9032 -0.2993 -0.3075
vn -0.5963 -0.8027 -0.0123
vn -0.6657 -0.0744 0.7425
vn -0.5861 0.0038 0.8102
vn 0.3675 0.9261 0.0852
vn 0.5690 -0.2532 -0.7824
vn -0.1569 -0.9866 -0.0442
vn -0.2406 -0.9527 -0.1860
vn -0.5477 0.0427 0.8356
vn 0.4622 0.8867 0.0087
vn 0.6753 -0.3974 -0.6214
vn -0.0054 -0.9913 0.1318
vn -0.2351 0.0267 0.9716
vn 0.8778 -0.3368 0.3408
vn -0.9651 -0.0820 -0.2486
vn -0.7485 0.4816 0.4559
vn -0.0874 0.1946 -0.9770
vn -0.6361 0.7677 0.0774
vn 0.5015 0.8625 0.0677
vn 0.5129 -0.2416 -0.8238
vn -0.9651 -0.0821 -0.2486
vn -0.7072 -0.6438 -0.2922
vn -0.5934 0.3571 0.7214
vn 0.6553 0.7530 -0.0598
vn 0.5280 -0.2394 -0.8148
vn -0.2649 -0.7994 -0.5393
vn 0.5946 -0.2328 -0.7696
vn -0.6389 -0.7585 0.1284
vn -0.3225 -0.9457 -0.0413
vn -0.7071 -0.6439 -0.2922
vn -0.6647 0.1620 0.7293
vn 0.2171 0.9181 0.3317
vn -0.2649 -0.7993 -0.5394
vn -0.6738 0.0682 0.7358
vn -0.6230 0.1519 0.7673
vn 0.3560 0.9331 0.0513
vn 0.6142 -0.2122 -0.7601
vn -0.1392 -0.9898 0.0313
vn -0.3224 -0.9457 -0.0414
vn -0.1393 -0.9898 0.0313
vn -0.4588 0.2089 0.8636
vn 0.4779 0.8640 0.1584
vn 0.7103 -0.0930 -0.6978
vn 0.7829 -0.4691 0.4086
vn -0.5073 -0.0465 0.8605
vn 0.1407 -0.9891 0.0423
vn 0.6848 -0.3413 0.6439
vn 0.2779 0.8904 0.3604
vn 0.1521 0.9567 0.2483
vn -0.6334 -0.1169 0.7649
vn -0.1257 -0.9603 -0.2491
vn -0.7215 -0.1539 0.6751
vn -0.5681 -0.8196 -0.0749
vn -0.8104 -0.0005 0.5858
vn 0.0431 -0.6022 -0.7972
vn 0.7656 0.1215 -0.6318
vn 0.6669 0.0498 -0.7435
vn -0.0259 0.8584 0.5123
vn 0.5694 0.8181 -0.0809
vn -0.1113 0.9601 -0.2565
vn -0.5265 -0.2366 -0.8166
vn 0.1408 -0.9891 0.0423
vn 0.6685 0.0435 -0.7424
vn 0.7185 0.0694 -0.6920
vn -0.5817 -0.1006 -0.8072
vn -0.0239 0.9113 -0.4110
vn 0.9033 -0.2992 -0.3075
vn 0.2765 -0.7131 -0.6442
vn -0.5855 -0.1305 -0.8001
vn -0.4697 0.8384 0.2765
vn 0.7012 0.3287 0.6327
vn 0.9032 -0.2993 -0.3075
vn 0.7242 0.0519 0.6876
vn 0.5963 -0.8027 -0.0123
vn 0.5963 -0.8027 -0.0124
vn 0.2406 -0.9527 -0.1859
vn -0.5904 -0.0975 -0.8012
vn -0.2158 0.8903 0.4010
vn 0.1569 -0.9866 -0.0442
vn -0.5690 -0.2532 -0.7824
vn -0.3675 0.9261 0.0852
vn 0.5861 0.0038 0.8102
vn 0.6657 -0.0744 0.7425
vn 0.2406 -0.9527 -0.1860
vn 0.0054 -0.9913 0.1318
vn -0.6753 -0.3974 -0.6214
vn -0.4622 0.8867 0.0087
vn 0.5477 0.0427 0.8356
vn 0.2351 0.0267 0.9716
vn -0.8778 -0.3368 0.3408
vn 0.0874 0.1946 -0.9770
vn 0.7485 0.4815 0.4559
vn 0.9651 -0.0820 -0.2486
vn 0.5934 0.3571 0.7214
vn 0.7071 -0.6439 -0.2922
vn 0.6647 0.1620 0.7293
vn 0.2649 -0.7993 -0.5394
vn 0.6389 -0.7585 0.1284
vn 0.6362 0.7676 0.0775
vn -0.5015 0.8625 0.0677
vn -0.6553 0.7530 -0.0598
vn -0.2171 0.9181 0.3317
vn 0.6738 0.0682 0.7358
vn 0.3224 -0.9457 -0.0414
vn 0.6230 0.1519 0.7673
vn 0.1393 -0.9898 0.0313
vn -0.5129 -0.2416 -0.8238
vn -0.5280 -0.2394 -0.8148
vn -0.5946 -0.2328 -0.7696
vn -0.6142 -0.2122 -0.7601
vn -0.3560 0.9331 0.0513
vn 0.9651 -0.0821 -0.2486
vn 0.2649 -0.7994 -0.5393
vn 0.3225 -0.9457 -0.0413
vn 0.1392 -0.9898 0.0313
vn -0.7103 -0.0930 -0.6978
vn -0.4779 0.8640 0.1584
vn 0.4588 0.2089 0.8636
vn -0.7829 -0.4691 0.4086
vn -0.6848 -0.3413 0.6439
vn -0.1407 -0.9891 0.0423
vn 0.5073 -0.0465 0.8605
vn 0.6334 -0.1169 0.7649
vn -0.1521 0.9567 0.2483
vn -0.2779 0.8904 0.3604
vn 0.1257 -0.9603 -0.2491
vn 0.7215 -0.1539 0.6751
vn 0.0259 0.8584 0.5123
vn -0.6669 0.0498 -0.7435
vn -0.7655 0.1216 -0.6318
vn -0.1408 -0.9891 0.0423
vn 0.5681 -0.8196 -0.0749
vn 0.8104 -0.0005 0.5858
vn -0.5694 0.8181 -0.0809
vn -0.6685 0.0435 -0.7424
vn -0.0431 -0.6022 -0.7972
vn 0.5265 -0.2366 -0.8166
vn 0.1113 0.9601 -0.2565
vn -0.7185 0.0694 -0.6920
vn -0.4114 -0.7926 0.4500
vn -0.9392 -0.2547 -0.2302
vn -0.6456 0.1011 0.7569
vn -0.9740 0.0376 -0.2232
vn -0.9976 -0.0041 -0.0684
vn -0.5101 -0.1491 0.8471
vn -0.4326 -0.8127 0.3904
vn -0.9115 -0.2735 -0.3073
vn -0.6813 -0.2105 -0.7011
vn -0.5687 -0.0917 -0.8174
vn -0.6254 -0.2126 -0.7508
vn -0.8973 -0.3238 -0.3001
vn -0.7132 -0.5849 -0.3862
vn 0.0844 -0.9936 -0.0754
vn -0.4354 -0.6994 0.5668
vn -0.5878 -0.3331 0.7372
vn -0.9204 -0.0955 -0.3792
vn -0.6629 0.2599 -0.7021
vn -0.8634 0.1405 -0.4845
vn -0.7557 -0.3687 -0.5413
vn 0.0381 -0.9991 0.0203
vn 0.5229 -0.5865 -0.6185
vn -0.9876 0.1276 -0.0911
vn -0.9191 0.1187 -0.3757
vn -0.5288 0.1660 -0.8324
vn 0.4127 0.7147 -0.5647
vn -0.4072 0.8210 0.4002
vn -0.6194 0.2774 0.7345
vn -0.5347 0.5827 0.6120
vn -0.9980 0.0624 0.0031
vn -0.4718 -0.0096 -0.8817
vn 0.5983 0.3017 -0.7423
vn -0.6409 0.1918 0.7433
vn -0.6451 -0.6958 0.3156
vn -0.8741 -0.1595 -0.4588
vn -0.6269 -0.1744 -0.7594
vn 0.5812 -0.4752 -0.6606
vn 0.6355 0.0416 -0.7710
vn -0.6177 -0.3674 -0.6953
vn -0.9165 -0.0218 -0.3995
vn -0.8820 0.1305 -0.4527
vn -0.9637 0.0596 -0.2604
vn -0.5210 -0.3224 -0.7903
vn 0.5935 -0.4219 -0.6854
vn 0.4253 -0.7800 -0.4591
vn -0.5113 -0.5036 -0.6964
vn -0.8853 -0.3306 -0.3270
vn -0.6086 -0.0648 0.7908
vn -0.8844 0.3303 -0.3296
vn -0.3902 0.8074 0.4426
vn 0.0238 -0.9356 -0.3523
vn -0.0876 -0.8432 0.5305
vn -0.6103 0.2493 0.7520
vn -0.9450 0.0655 -0.3206
vn -0.4456 0.0399 -0.8943
vn 0.3847 0.4078 -0.8281
vn -0.5816 0.4006 0.7080
vn -0.8441 0.4250 -0.3268
vn -0.6203 0.3747 -0.6890
vn 0.3582 0.9004 -0.2468
vn -0.3049 0.8948 0.3261
vn -0.3521 0.8371 0.4186
vn 0.6138 -0.2008 -0.7635
vn 0.4923 -0.6476 -0.5815
vn -0.8504 0.3751 -0.3689
vn -0.3505 0.8838 0.3101
vn 0.5143 0.5351 -0.6702
vn -0.6089 0.1557 -0.7778
vn -0.8574 -0.3442 -0.3827
vn -0.2899 -0.8692 0.4004
vn -0.6380 -0.2221 -0.7373
vn 0.4289 -0.7460 -0.5095
vn 0.6137 0.1274 0.7792
vn -0.5816 0.4007 0.7080
vn 0.5518 0.1209 0.8252
vn 0.9406 -0.2351 0.2449
vn 0.9774 0.1477 0.1515
vn 0.8663 0.3154 0.3874
vn 0.5664 0.4866 0.6651
vn -0.3049 0.8948 0.3262
vn -0.3902 0.8074 0.4425
vn 0.7668 0.1574 0.6223
vn 0.9396 -0.1105 0.3240
vn 0.5963 0.3941 0.6993
vn 0.6699 0.0158 0.7423
vn 0.8790 -0.1891 0.4377
vn 0.7805 -0.2723 0.5627
vn 0.9798 0.0368 0.1967
vn -0.3521 0.8371 0.4187
vn 0.6044 -0.2180 0.7663
vn 0.8286 -0.4698 0.3044
vn 0.4252 -0.7800 -0.4591
vn -0.6452 -0.6958 0.3155
vn 0.2613 0.1235 0.9573
vn -0.0876 -0.8431 0.5305
vn -0.6408 0.1917 0.7433
vn 0.6601 0.1952 0.7254
vn 0.9466 0.2045 0.2494
vn 0.8691 0.3082 0.3868
vn -0.4071 0.8210 0.4002
vn 0.3441 0.1879 0.9199
vn 0.6568 -0.0715 0.7507
vn 0.5414 -0.3072 0.7826
vn 0.8771 -0.1688 0.4496
vn 0.7343 0.2225 0.6413
vn 0.5681 0.4479 0.6904
vn -0.3505 0.8837 0.3101
vn -0.5878 -0.3331 0.7373
vn 0.4571 -0.3079 0.8344
vn 0.9401 -0.1032 0.3249
vn 0.5228 -0.5866 -0.6185
vn 0.0381 -0.9991 0.0204
vn 0.7807 -0.2919 0.5526
vn -0.6456 0.1011 0.7570
vn 0.4953 0.0607 0.8666
vn 0.9113 -0.2027 0.3584
vn 0.6138 -0.2007 -0.7635
vn 0.3765 0.1373 0.9162
vn 0.4599 -0.4067 0.7894
vn 0.6161 -0.5867 0.5255
vn 0.0844 -0.9936 -0.0755
vn 0.4923 -0.6476 -0.5816
vn 0.9284 0.1956 0.3160
vn 0.8994 -0.2055 0.3858
vn 0.4289 -0.7460 -0.5094
vn -0.2899 -0.8693 0.4004
vn 0.6779 -0.3026 0.6700
vn 0.9392 -0.2547 -0.2302
vn 0.4117 -0.7925 0.4500
vn 0.6456 0.1011 0.7570
vn 0.9740 0.0376 -0.2232
vn 0.5687 -0.0917 -0.8174
vn 0.6813 -0.2106 -0.7011
vn 0.9110 -0.2711 -0.3109
vn 0.4364 -0.6988 0.5669
vn 0.5949 -0.3329 0.7316
vn 0.9976 -0.0041 -0.0684
vn 0.6254 -0.2128 -0.7507
vn -0.6138 -0.2008 -0.7635
vn -0.5229 -0.5865 -0.6185
vn 0.5102 -0.1491 0.8470
vn 0.4324 -0.8129 0.3901
vn 0.8973 -0.3238 -0.3001
vn 0.7128 -0.5856 -0.3861
vn -0.0843 -0.9936 -0.0756
vn -0.4922 -0.6479 -0.5814
vn -0.0383 -0.9991 0.0205
vn 0.7555 -0.3691 -0.5412
vn 0.8634 0.1405 -0.4845
vn 0.6629 0.2596 -0.7023
vn 0.9175 -0.0923 -0.3869
vn 0.8573 -0.3444 -0.3826
vn 0.6089 0.1557 -0.7778
vn 0.8504 0.3751 -0.3689
vn 0.4074 0.8209 0.4001
vn -0.4121 0.7147 -0.5652
vn 0.5288 0.1662 -0.8323
vn 0.2899 -0.8692 0.4004
vn 0.6380 -0.2221 -0.7373
vn -0.5143 0.5351 -0.6702
vn 0.3505 0.8838 0.3101
vn -0.4289 -0.7460 -0.5095
vn -0.5974 0.3019 -0.7429
vn 0.4725 -0.0096 -0.8813
vn 0.9193 0.1193 -0.3750
vn 0.9871 0.1281 -0.0961
vn 0.6196 0.2766 0.7346
vn 0.5346 0.5826 0.6122
vn -0.6343 0.0415 -0.7720
vn -0.5808 -0.4754 -0.6608
vn 0.6269 -0.1745 -0.7593
vn 0.8741 -0.1595 -0.4588
vn 0.9980 0.0624 0.0029
vn 0.5210 -0.3224 -0.7903
vn 0.9637 0.0596 -0.2604
vn 0.8820 0.1305 -0.4527
vn 0.9165 -0.0218 -0.3995
vn 0.6177 -0.3674 -0.6953
vn 0.6452 -0.6958 0.3155
vn -0.5935 -0.4219 -0.6854
vn 0.4456 0.0399 -0.8943
vn 0.9450 0.0655 -0.3206
vn 0.6103 0.2493 0.7520
vn 0.3902 0.8074 0.4426
vn 0.8844 0.3303 -0.3296
vn -0.3847 0.4078 -0.8281
vn 0.6203 0.3748 -0.6890
vn 0.8442 0.4250 -0.3268
vn 0.5816 0.4006 0.7080
vn -0.3582 0.9004 -0.2468
vn 0.3049 0.8948 0.3261
vn 0.3521 0.8371 0.4186
vn 0.6086 -0.0648 0.7908
vn 0.8851 -0.3311 -0.3271
vn 0.5113 -0.5036 -0.6964
vn -0.4253 -0.7800 -0.4591
vn 0.0876 -0.8432 0.5305
vn -0.0238 -0.9356 -0.3523
vn 0.6409 0.1917 0.7433
vn 0.5816 0.4007 0.7080
vn -0.6137 0.1274 0.7792
vn -0.5518 0.1209 0.8252
vn 0.3902 0.8074 0.4425
vn -0.7668 0.1574 0.6223
vn -0.5963 0.3941 0.6993
vn 0.3521 0.8371 0.4187
vn -0.5664 0.4866 0.6651
vn -0.8663 0.3154 0.3874
vn -0.9774 0.1477 0.1515
vn -0.9406 -0.2351 0.2449
vn -0.9396 -0.1106 0.3240
vn 0.3049 0.8948 0.3262
vn -0.9798 0.0368 0.1966
vn -0.7805 -0.2723 0.5627
vn -0.8790 -0.1892 0.4377
vn -0.6699 0.0158 0.7423
vn -0.6343 0.0414 -0.7720
vn -0.9466 0.2047 0.2491
vn -0.6601 0.1952 0.7254
vn -0.2613 0.1235 0.9573
vn -0.8691 0.3084 0.3867
vn -0.6549 -0.0724 0.7523
vn -0.3423 0.1873 0.9207
vn 0.6408 0.1917 0.7433
vn -0.7340 0.2228 0.6416
vn -0.8771 -0.1688 0.4496
vn -0.5403 -0.3075 0.7833
vn 0.6195 0.2766 0.7346
vn -0.5681 0.4479 0.6904
vn -0.9284 0.1956 0.3160
vn -0.6779 -0.3026 0.6700
vn -0.7807 -0.2919 0.5526
vn 0.3505 0.8837 0.3101
vn -0.8994 -0.2055 0.3858
vn 0.2899 -0.8693 0.4004
vn -0.0383 -0.9991 0.0204
vn -0.4289 -0.7460 -0.5094
vn -0.5228 -0.5866 -0.6185
vn -0.9401 -0.1032 0.3249
vn -0.4571 -0.3079 0.8344
vn 0.4116 -0.7925 0.4500
vn 0.4363 -0.6988 0.5669
vn -0.6138 -0.2007 -0.7635
vn -0.9113 -0.2029 0.3584
vn -0.4953 0.0607 0.8666
vn -0.4921 -0.6479 -0.5814
vn -0.6157 -0.5876 0.5250
vn -0.4598 -0.4068 0.7894
vn -0.3764 0.1373 0.9162
vn 0.5102 -0.1491 0.8471
vn 0.4325 -0.8129 0.3901
vn -0.8286 -0.4698 0.3044
vn 0.0876 -0.8431 0.5305
vn -0.6044 -0.2180 0.7663
vn 0.4007 0.3881 -0.8300
vn -0.6221 0.3299 -0.7101
vn -0.6203 0.2663 -0.7378
vn 0.6197 0.2417 -0.7467
vn 0.7532 0.1446 -0.6417
vn -0.7535 0.1610 -0.6374
vn -0.6673 0.1421 -0.7311
vn 0.6675 0.1498 -0.7294
vn 0.6080 0.0037 0.7940
vn -0.5402 0.5357 -0.6490
vn -0.6092 0.2110 0.7645
vt 0.767033 0.158570
vt 0.752409 0.158676
vt 0.767033 0.195556
vt 0.120050 0.818485
vt 0.118451 0.829964
vt 0.074559 0.824650
vt 0.074083 0.764407
vt 0.084340 0.856724
vt 0.167852 0.335541
vt 0.165209 0.337556
vt 0.171780 0.334828
vt 0.257781 0.409546
vt 0.261309 0.427718
vt 0.249612 0.426779
vt 0.240825 0.413730
vt 0.233202 0.399081
vt 0.258908 0.387900
vt 0.230874 0.389359
vt 0.255552 0.368519
vt 0.225701 0.431124
vt 0.221553 0.421394
vt 0.220966 0.401789
vt 0.220852 0.390674
vt 0.226010 0.375436
vt 0.241261 0.353907
vt 0.267956 0.348863
vt 0.261591 0.339212
vt 0.194609 0.428938
vt 0.208724 0.410815
vt 0.211705 0.398212
vt 0.209378 0.391402
vt 0.214292 0.381822
vt 0.216130 0.364682
vt 0.192788 0.415223
vt 0.192984 0.406409
vt 0.204589 0.403086
vt 0.203127 0.398202
vt 0.208403 0.393199
vt 0.170263 0.414008
vt 0.180974 0.402775
vt 0.193063 0.400785
vt 0.202688 0.396737
vt 0.208440 0.391462
vt 0.164073 0.398728
vt 0.174485 0.395916
vt 0.180428 0.393750
vt 0.183666 0.398470
vt 0.193092 0.398718
vt 0.157078 0.404203
vt 0.157135 0.399576
vt 0.157246 0.388906
vt 0.163604 0.388253
vt 0.173377 0.386196
vt 0.180398 0.389827
vt 0.157371 0.373673
vt 0.162219 0.373144
vt 0.184518 0.397108
vt 0.207304 0.373827
vt 0.202617 0.384995
vt 0.208719 0.389570
vt 0.252357 0.322417
vt 0.226128 0.339038
vt 0.205383 0.354049
vt 0.193448 0.360875
vt 0.196030 0.371291
vt 0.229739 0.306618
vt 0.210816 0.328042
vt 0.194136 0.341887
vt 0.184088 0.346863
vt 0.174008 0.354726
vt 0.175881 0.367237
vt 0.181109 0.378053
vt 0.195450 0.317795
vt 0.181842 0.329877
vt 0.166751 0.341432
vt 0.163805 0.354982
vt 0.169743 0.359120
vt 0.207445 0.291569
vt 0.188509 0.305736
vt 0.178770 0.314155
vt 0.174197 0.322124
vt 0.168397 0.329657
vt 0.169227 0.333884
vt 0.178210 0.297819
vt 0.168577 0.307931
vt 0.165776 0.314428
vt 0.165492 0.321756
vt 0.162964 0.325534
vt 0.167072 0.332311
vt 0.167701 0.334037
vt 0.192137 0.277000
vt 0.171229 0.288595
vt 0.157638 0.301455
vt 0.157630 0.311479
vt 0.157613 0.320033
vt 0.157016 0.324676
vt 0.156998 0.327121
vt 0.162141 0.328672
vt 0.163962 0.337806
vt 0.160688 0.338490
vt 0.161425 0.343599
vt 0.156843 0.339363
vt 0.194444 0.383711
vt 0.184635 0.386167
vt 0.168704 0.371190
vt 0.202328 0.385683
vt 0.194302 0.384830
vt 0.185116 0.387273
vt 0.207306 0.391534
vt 0.201829 0.386873
vt 0.194196 0.385658
vt 0.181407 0.390349
vt 0.181635 0.393310
vt 0.202322 0.395516
vt 0.198109 0.392277
vt 0.193018 0.391678
vt 0.187511 0.390847
vt 0.182094 0.390705
vt 0.182687 0.392926
vt 0.193111 0.397411
vt 0.185370 0.395745
vt 0.167519 0.367949
vt 0.162365 0.366772
vt 0.165850 0.363225
vt 0.164439 0.357711
vt 0.157476 0.355374
vt 0.156924 0.344389
vt 0.158930 0.369197
vt 0.158630 0.366814
vt 0.161270 0.363782
vt 0.157450 0.358543
vt 0.157408 0.369277
vt 0.157426 0.366684
vt 0.157432 0.363810
vt 0.162168 0.333273
vt 0.156983 0.332779
vt 0.723590 0.114223
vt 0.732372 0.115344
vt 0.720154 0.158268
vt 0.729004 0.158426
vt 0.726112 0.194857
vt 0.717461 0.195823
vt 0.723716 0.225159
vt 0.715084 0.223183
vt 0.721448 0.271066
vt 0.712038 0.270167
vt 0.752240 0.195972
vt 0.753115 0.220880
vt 0.754365 0.269004
vt 0.725910 0.281125
vt 0.756733 0.280146
vt 0.752716 0.113095
vt 0.767033 0.220262
vt 0.767033 0.267917
vt 0.767033 0.279085
vt 0.736924 0.106930
vt 0.754263 0.102687
vt 0.767033 0.113204
vt 0.767033 0.102791
vt 0.880307 0.358620
vt 0.811963 0.353025
vt 0.877531 0.281061
vt 0.813962 0.272998
vt 0.872864 0.238265
vt 0.814809 0.240550
vt 0.866010 0.177994
vt 0.814475 0.178770
vt 0.858482 0.102739
vt 0.813900 0.100907
vt 0.778566 0.352698
vt 0.779898 0.272659
vt 0.780667 0.240208
vt 0.781763 0.178440
vt 0.783074 0.100597
vt 0.300529 0.310157
vt 0.297957 0.289199
vt 0.282215 0.295269
vt 0.281445 0.316595
vt 0.290570 0.329143
vt 0.306370 0.324748
vt 0.265357 0.297163
vt 0.265428 0.319011
vt 0.275708 0.333406
vt 0.286070 0.348256
vt 0.299322 0.344569
vt 0.293138 0.356879
vt 0.302649 0.356248
vt 0.236839 0.296716
vt 0.275439 0.343988
vt 0.281150 0.353652
vt 0.287462 0.361498
vt 0.296150 0.368652
vt 0.307355 0.378660
vt 0.274594 0.348873
vt 0.279409 0.355855
vt 0.285105 0.362208
vt 0.288464 0.369703
vt 0.289965 0.370436
vt 0.291473 0.381453
vt 0.298221 0.391685
vt 0.273707 0.381404
vt 0.287089 0.377177
vt 0.287948 0.378465
vt 0.282082 0.381930
vt 0.282367 0.385980
vt 0.286069 0.396377
vt 0.282677 0.380307
vt 0.276187 0.409217
vt 0.391262 0.032019
vt 0.420068 0.040440
vt 0.403707 0.004755
vt 0.406688 0.073985
vt 0.378632 0.065379
vt 0.370160 0.104158
vt 0.401303 0.106862
vt 0.371550 0.135329
vt 0.403171 0.135027
vt 0.693324 0.449897
vt 0.678870 0.455684
vt 0.692402 0.478057
vt 0.680378 0.478819
vt 0.681623 0.504754
vt 0.674491 0.500695
vt 0.654079 0.507921
vt 0.631653 0.474060
vt 0.650154 0.502008
vt 0.620774 0.501124
vt 0.632923 0.529628
vt 0.664161 0.525191
vt 0.674978 0.512135
vt 0.669131 0.529195
vt 0.680284 0.516657
vt 0.591598 0.480899
vt 0.590184 0.492532
vt 0.585800 0.498397
vt 0.613315 0.519990
vt 0.634081 0.536097
vt 0.652441 0.534963
vt 0.655067 0.539550
vt 0.593723 0.526697
vt 0.608082 0.544871
vt 0.634364 0.553496
vt 0.652040 0.548289
vt 0.637533 0.559509
vt 0.654107 0.553946
vt 0.575741 0.505256
vt 0.590330 0.528346
vt 0.604708 0.548728
vt 0.622006 0.557371
vt 0.620928 0.562149
vt 0.570570 0.532623
vt 0.576632 0.545519
vt 0.598662 0.542757
vt 0.594404 0.558145
vt 0.609765 0.560769
vt 0.595336 0.564566
vt 0.608827 0.565815
vt 0.562693 0.510645
vt 0.566507 0.531564
vt 0.573101 0.548429
vt 0.583902 0.556960
vt 0.580750 0.561013
vt 0.559379 0.512789
vt 0.302810 0.465567
vt 0.314586 0.447054
vt 0.328728 0.480561
vt 0.348010 0.458705
vt 0.353273 0.492656
vt 0.374208 0.465981
vt 0.391901 0.487976
vt 0.373652 0.501844
vt 0.350937 0.452854
vt 0.375703 0.460258
vt 0.408745 0.466534
vt 0.408360 0.474566
vt 0.318725 0.429147
vt 0.354723 0.427487
vt 0.388247 0.456028
vt 0.396748 0.418887
vt 0.426769 0.429334
vt 0.419677 0.452666
vt 0.354171 0.422469
vt 0.398255 0.409350
vt 0.433914 0.403914
vt 0.316142 0.418162
vt 0.349349 0.398158
vt 0.384562 0.372549
vt 0.419444 0.367387
vt 0.421426 0.390570
vt 0.303275 0.401123
vt 0.326440 0.371240
vt 0.383217 0.362261
vt 0.413303 0.344505
vt 0.316885 0.367918
vt 0.329989 0.333216
vt 0.343647 0.335382
vt 0.380980 0.308026
vt 0.403051 0.333257
vt 0.334544 0.298859
vt 0.348421 0.300047
vt 0.353949 0.298673
vt 0.365962 0.293087
vt 0.338230 0.277912
vt 0.351270 0.280070
vt 0.357397 0.287824
vt 0.404510 0.340055
vt 0.428799 0.396382
vt 0.718128 0.737150
vt 0.726736 0.741340
vt 0.725108 0.736347
vt 0.687621 0.750749
vt 0.688809 0.756680
vt 0.728375 0.747163
vt 0.700487 0.787275
vt 0.731889 0.779721
vt 0.712208 0.814980
vt 0.734049 0.809726
vt 0.693382 0.743103
vt 0.686801 0.745562
vt 0.717553 0.733498
vt 0.692233 0.739588
vt 0.715877 0.727926
vt 0.691192 0.733864
vt 0.033310 0.583041
vt 0.066816 0.523974
vt 0.031110 0.571993
vt 0.036265 0.512400
vt 0.022303 0.568308
vt 0.012798 0.567419
vt 0.003858 0.508252
vt 0.005663 0.576137
vt 0.013991 0.441151
vt 0.017518 0.426764
vt 0.052404 0.433022
vt 0.048550 0.419939
vt 0.078328 0.408852
vt 0.089090 0.419029
vt 0.030998 0.408565
vt 0.045818 0.410662
vt 0.057134 0.400867
vt 0.022655 0.397585
vt 0.039499 0.389211
vt 0.058192 0.387116
vt 0.047597 0.370099
vt 0.040351 0.339885
vt 0.047489 0.336491
vt 0.091436 0.402799
vt 0.022332 0.377541
vt 0.032193 0.364411
vt 0.012043 0.348223
vt 0.017158 0.348114
vt 0.029684 0.355892
vt 0.035993 0.342566
vt 0.021450 0.327939
vt 0.028569 0.321062
vt 0.031583 0.313368
vt 0.004204 0.349241
vt 0.011739 0.326019
vt 0.025416 0.341402
vt 0.003221 0.428785
vt 0.005036 0.321188
vt 0.004847 0.312157
vt 0.011595 0.306293
vt 0.014782 0.305304
vt 0.017997 0.304407
vt 0.026846 0.305677
vt 0.012752 0.298411
vt 0.018796 0.295159
vt 0.005911 0.298954
vt 0.943354 0.480842
vt 0.929062 0.454977
vt 0.923484 0.462095
vt 0.927464 0.488657
vt 0.955555 0.500077
vt 0.937462 0.511485
vt 0.943913 0.533002
vt 0.972779 0.520051
vt 0.952065 0.550050
vt 0.988836 0.537601
vt 0.915842 0.462209
vt 0.923172 0.488504
vt 0.932795 0.512041
vt 0.936871 0.529667
vt 0.925433 0.542691
vt 0.911022 0.460892
vt 0.924334 0.539502
vt 0.903518 0.548037
vt 0.904522 0.549801
vt 0.915299 0.563177
vt 0.925830 0.571699
vt 0.958975 0.562612
vt 0.994746 0.560845
vt 0.882329 0.552734
vt 0.908502 0.566724
vt 0.916268 0.579653
vt 0.927695 0.583176
vt 0.959516 0.582656
vt 0.990185 0.585024
vt 0.882937 0.548860
vt 0.871934 0.551513
vt 0.875249 0.559167
vt 0.868501 0.557319
vt 0.872019 0.546948
vt 0.913477 0.594452
vt 0.955431 0.602365
vt 0.920542 0.595784
vt 0.985833 0.608100
vt 0.736841 0.328344
vt 0.735082 0.334876
vt 0.755561 0.346337
vt 0.745100 0.356275
vt 0.757363 0.372896
vt 0.771408 0.361389
vt 0.783071 0.372579
vt 0.766023 0.390163
vt 0.778336 0.400972
vt 0.801819 0.400782
vt 0.729692 0.337858
vt 0.791492 0.412521
vt 0.026453 0.185964
vt 0.028916 0.185699
vt 0.028892 0.161384
vt 0.023865 0.162847
vt 0.023872 0.185809
vt 0.023871 0.147997
vt 0.028874 0.147599
vt 0.023374 0.130747
vt 0.028831 0.129067
vt 0.027938 0.110015
vt 0.018927 0.109955
vt 0.014773 0.130747
vt 0.005528 0.110697
vt 0.005528 0.130747
vt 0.023336 0.093475
vt 0.016439 0.093479
vt 0.005528 0.093477
vt 0.015741 0.079259
vt 0.005528 0.074334
vt 0.716945 0.011089
vt 0.717103 0.024020
vt 0.724934 0.011523
vt 0.727284 0.023533
vt 0.736408 0.010613
vt 0.736726 0.004473
vt 0.747971 0.008777
vt 0.746580 0.023119
vt 0.755572 0.012446
vt 0.720954 0.048690
vt 0.729359 0.045615
vt 0.735712 0.023630
vt 0.736663 0.043936
vt 0.745382 0.043538
vt 0.752322 0.044849
vt 0.755763 0.022709
vt 0.734324 0.064486
vt 0.737740 0.060927
vt 0.741155 0.058590
vt 0.746881 0.065647
vt 0.745974 0.057277
vt 0.749448 0.057541
vt 0.753424 0.059963
vt 0.760268 0.049176
vt 0.767376 0.022535
vt 0.768860 0.011025
vt 0.769097 0.006332
vt 0.780718 0.012936
vt 0.757137 0.064709
vt 0.769609 0.052578
vt 0.778822 0.026429
vt 0.790615 0.014944
vt 0.790558 0.030424
vt 0.779205 0.058784
vt 0.759329 0.070137
vt 0.227087 0.868482
vt 0.223634 0.856724
vt 0.164954 0.856724
vt 0.159795 0.868482
vt 0.215431 0.907127
vt 0.160720 0.907127
vt 0.163979 0.915528
vt 0.223271 0.915528
vt 0.122784 0.868482
vt 0.126709 0.907127
vt 0.127630 0.915528
vt 0.076290 0.907127
vt 0.076451 0.915528
vt 0.038866 0.915528
vt 0.121446 0.856724
vt 0.076760 0.868482
vt 0.064847 0.826396
vt 0.052516 0.871908
vt 0.038857 0.907127
vt 0.029127 0.907127
vt 0.008360 0.915528
vt 0.063856 0.763688
vt 0.025951 0.822319
vt 0.043487 0.838160
vt 0.125861 0.765511
vt 0.076862 0.706689
vt 0.065107 0.706023
vt 0.008360 0.763193
vt 0.132555 0.711131
vt 0.080024 0.645831
vt 0.157760 0.570495
vt 0.147776 0.643682
vt 0.163085 0.573690
vt 0.152738 0.643353
vt 0.183951 0.585919
vt 0.170478 0.645311
vt 0.222473 0.647815
vt 0.222473 0.589633
vt 0.141915 0.693803
vt 0.147343 0.696464
vt 0.163427 0.698903
vt 0.222473 0.699840
vt 0.140635 0.729515
vt 0.144458 0.729756
vt 0.155025 0.740762
vt 0.222473 0.741073
vt 0.151551 0.739038
vt 0.131331 0.794924
vt 0.133825 0.797163
vt 0.153731 0.811370
vt 0.222473 0.767948
vt 0.128204 0.812967
vt 0.131245 0.812844
vt 0.137790 0.827439
vt 0.151355 0.834283
vt 0.162964 0.834592
vt 0.188528 0.843363
vt 0.222473 0.798085
vt 0.135452 0.830030
vt 0.149880 0.837409
vt 0.161953 0.838046
vt 0.187902 0.848067
vt 0.222473 0.845366
vt 0.222473 0.850157
vt 0.366270 0.677315
vt 0.350945 0.733166
vt 0.343005 0.660204
vt 0.304445 0.723282
vt 0.288134 0.652824
vt 0.300473 0.563464
vt 0.347355 0.543073
vt 0.380161 0.568905
vt 0.387317 0.541301
vt 0.376210 0.513821
vt 0.292801 0.793457
vt 0.233007 0.792325
vt 0.232937 0.718282
vt 0.232890 0.649176
vt 0.232848 0.561301
vt 0.289940 0.490104
vt 0.331240 0.798548
vt 0.288772 0.860928
vt 0.233092 0.860644
vt 0.327861 0.870488
vt 0.285742 0.909133
vt 0.233145 0.909133
vt 0.339516 0.909133
vt 0.331676 0.917533
vt 0.285744 0.917533
vt 0.233184 0.917533
vt 0.332743 0.505447
vt 0.353047 0.502555
vt 0.232816 0.489654
vt 0.393734 0.244035
vt 0.391541 0.239345
vt 0.379473 0.251333
vt 0.376610 0.247942
vt 0.365363 0.258284
vt 0.368057 0.261065
vt 0.361314 0.270081
vt 0.366430 0.270081
vt 0.386791 0.235439
vt 0.373015 0.243960
vt 0.362290 0.255408
vt 0.356380 0.270081
vt 0.381389 0.226005
vt 0.363626 0.234202
vt 0.348822 0.246586
vt 0.342525 0.270081
vt 0.358428 0.221110
vt 0.340445 0.237274
vt 0.333442 0.249684
vt 0.331184 0.270081
vt 0.380890 0.214172
vt 0.349518 0.199852
vt 0.331816 0.223174
vt 0.324160 0.232728
vt 0.320592 0.244736
vt 0.316198 0.255857
vt 0.377745 0.182545
vt 0.339287 0.153123
vt 0.318550 0.189842
vt 0.307160 0.231557
vt 0.297558 0.253093
vt 0.314698 0.270081
vt 0.363540 0.145678
vt 0.301748 0.202193
vt 0.295777 0.180264
vt 0.310968 0.165426
vt 0.283331 0.221135
vt 0.275117 0.192843
vt 0.282045 0.161032
vt 0.291250 0.270081
vt 0.279917 0.254353
vt 0.255519 0.234181
vt 0.250344 0.217773
vt 0.260490 0.180405
vt 0.262286 0.136765
vt 0.266839 0.130666
vt 0.253061 0.095099
vt 0.273427 0.270081
vt 0.255252 0.255578
vt 0.242879 0.237441
vt 0.241067 0.221036
vt 0.237844 0.208458
vt 0.251369 0.270081
vt 0.241797 0.257289
vt 0.237290 0.221626
vt 0.247355 0.170170
vt 0.239069 0.191860
vt 0.250749 0.130560
vt 0.236014 0.160634
vt 0.230974 0.161153
vt 0.234987 0.193410
vt 0.234186 0.207349
vt 0.245386 0.098181
vt 0.230147 0.127301
vt 0.226761 0.128909
vt 0.211833 0.158083
vt 0.221441 0.192017
vt 0.224645 0.205790
vt 0.249135 0.072429
vt 0.230276 0.085072
vt 0.223542 0.100444
vt 0.208383 0.110592
vt 0.260774 0.073462
vt 0.270775 0.058782
vt 0.248487 0.061084
vt 0.230858 0.065160
vt 0.205038 0.076313
vt 0.191401 0.105282
vt 0.185753 0.150276
vt 0.275057 0.071631
vt 0.291743 0.057148
vt 0.292085 0.032308
vt 0.256127 0.031714
vt 0.225708 0.032742
vt 0.197908 0.034576
vt 0.166459 0.067897
vt 0.288395 0.075640
vt 0.310608 0.059181
vt 0.313943 0.031544
vt 0.290904 0.005380
vt 0.251274 0.005380
vt 0.222986 0.005380
vt 0.303774 0.084254
vt 0.329729 0.065035
vt 0.347152 0.046439
vt 0.338960 0.026621
vt 0.314356 0.005380
vt 0.320407 0.092803
vt 0.370874 0.038213
vt 0.375909 0.038046
vt 0.378018 0.024598
vt 0.374032 0.023435
vt 0.364560 0.023366
vt 0.365083 0.038751
vt 0.349540 0.024556
vt 0.355502 0.041523
vt 0.339724 0.005380
vt 0.381274 0.005380
vt 0.378212 0.005380
vt 0.365204 0.005380
vt 0.346920 0.005380
vt 0.190920 0.005380
vt 0.134652 0.036204
vt 0.144132 0.005380
vt 0.167814 0.103381
vt 0.205566 0.192107
vt 0.185963 0.187656
vt 0.211158 0.202712
vt 0.196542 0.213983
vt 0.233867 0.221655
vt 0.225460 0.220414
vt 0.234728 0.238072
vt 0.229175 0.238705
vt 0.221785 0.237049
vt 0.206808 0.235382
vt 0.207987 0.216914
vt 0.231520 0.249868
vt 0.225485 0.250598
vt 0.217597 0.245066
vt 0.232364 0.258089
vt 0.216134 0.256627
vt 0.204872 0.248487
vt 0.208168 0.243986
vt 0.232366 0.270081
vt 0.213926 0.270081
vt 0.193803 0.270081
vt 0.196933 0.255766
vt 0.201477 0.246657
vt 0.203332 0.243310
vt 0.238609 0.270081
vt 0.189000 0.270081
vt 0.246021 0.270081
vt 0.070017 0.596385
vt 0.071811 0.583106
vt 0.008360 0.587591
vt 0.008360 0.591879
vt 0.008360 0.643355
vt 0.067117 0.645122
vt 0.083123 0.597219
vt 0.138523 0.650455
vt 0.143060 0.601346
vt 0.008360 0.703567
vt 0.008360 0.819812
vt 0.553995 0.813651
vt 0.546582 0.823632
vt 0.535827 0.828041
vt 0.547023 0.804847
vt 0.528855 0.819237
vt 0.540440 0.796534
vt 0.522272 0.810924
vt 0.533200 0.787391
vt 0.513208 0.799479
vt 0.523474 0.775109
vt 0.504751 0.788799
vt 0.509233 0.775169
vt 0.011456 0.992939
vt 0.005717 0.980747
vt 0.011457 0.968555
vt 0.038653 0.992939
vt 0.038653 0.968555
vt 0.100050 0.992939
vt 0.100050 0.968555
vt 0.161443 0.992938
vt 0.161443 0.968556
vt 0.202844 0.992500
vt 0.202844 0.968994
vt 0.215647 0.980747
vt 0.217747 0.992200
vt 0.217747 0.969294
vt 0.230520 0.966684
vt 0.230520 0.994810
vt 0.250628 0.967648
vt 0.250628 0.993846
vt 0.272905 0.968452
vt 0.272905 0.993042
vt 0.314927 0.968656
vt 0.314927 0.992839
vt 0.375776 0.968672
vt 0.375776 0.992821
vt 0.409789 0.969199
vt 0.409789 0.992296
vt 0.430444 0.973449
vt 0.430444 0.988046
vt 0.441204 1.000809
vt 0.448054 0.991172
vt 0.463977 0.996241
vt 0.461040 0.987197
vt 0.476667 0.996249
vt 0.441203 0.960685
vt 0.448054 0.970322
vt 0.437064 0.980747
vt 0.461040 0.974297
vt 0.486627 0.991812
vt 0.463977 0.965253
vt 0.476667 0.965245
vt 0.486627 0.969682
vt 0.496216 0.992748
vt 0.496216 0.968746
vt 0.538008 0.992749
vt 0.538008 0.968745
vt 0.548792 0.992264
vt 0.548792 0.969230
vt 0.577978 0.992418
vt 0.577978 0.969076
vt 0.589056 0.968711
vt 0.589056 0.992782
vt 0.625242 0.992750
vt 0.625242 0.968743
vt 0.630893 0.980747
vt 0.789495 0.884462
vt 0.791990 0.875963
vt 0.802483 0.869748
vt 0.807344 0.884829
vt 0.794079 0.892646
vt 0.806195 0.892704
vt 0.798348 0.896233
vt 0.796062 0.894465
vt 0.813026 0.873985
vt 0.818769 0.884162
vt 0.816797 0.888891
vt 0.797259 0.928222
vt 0.767747 0.942715
vt 0.767645 0.936552
vt 0.790589 0.903878
vt 0.818057 0.878821
vt 0.840438 0.882379
vt 0.821938 0.890431
vt 0.802317 0.924795
vt 0.839589 0.875723
vt 0.875980 0.887454
vt 0.877197 0.893234
vt 0.850186 0.922516
vt 0.837195 0.917583
vt 0.836709 0.922925
vt 0.886625 0.881735
vt 0.884480 0.874916
vt 0.850050 0.922733
vt 0.846009 0.926288
vt 0.830306 0.933769
vt 0.840669 0.934358
vt 0.849922 0.937948
vt 0.793810 0.939100
vt 0.801214 0.940118
vt 0.828474 0.938046
vt 0.835939 0.942442
vt 0.762897 0.941957
vt 0.775467 0.952626
vt 0.791752 0.943683
vt 0.799001 0.945999
vt 0.790189 0.900136
vt 0.763495 0.909045
vt 0.757787 0.915217
vt 0.756602 0.911744
vt 0.761502 0.902789
vt 0.774330 0.957078
vt 0.780594 0.953945
vt 0.800114 0.972811
vt 0.806243 0.973931
vt 0.833171 0.945704
vt 0.846718 0.947957
vt 0.844853 0.943397
vt 0.813249 0.973855
vt 0.820891 0.976728
vt 0.835398 0.979473
vt 0.852685 0.991351
vt 0.855049 0.939446
vt 0.875124 0.947336
vt 0.881115 0.933387
vt 0.879330 0.956090
vt 0.880518 0.947783
vt 0.884832 0.937996
vt 0.892278 0.928778
vt 0.874270 0.995518
vt 0.890616 0.960652
vt 0.883584 0.953013
vt 0.888795 0.947305
vt 0.894042 0.934690
vt 0.912937 0.988717
vt 0.914018 0.958886
vt 0.899327 0.956238
vt 0.890123 0.955571
vt 0.896815 0.953168
vt 0.898096 0.946963
vt 0.921851 0.964492
vt 0.920320 0.961154
vt 0.920104 0.956295
vt 0.901973 0.952042
vt 0.936817 0.975969
vt 0.926730 0.962306
vt 0.928255 0.958179
vt 0.933578 0.950527
vt 0.904457 0.938627
vt 0.902573 0.946698
vt 0.939493 0.972430
vt 0.954348 0.967235
vt 0.937947 0.920858
vt 0.929264 0.919330
vt 0.930446 0.946482
vt 0.947842 0.980703
vt 0.955884 0.973777
vt 0.960380 0.969796
vt 0.956492 0.961110
vt 0.942992 0.920169
vt 0.941194 0.915806
vt 0.947606 0.985390
vt 0.957895 0.977600
vt 0.974894 0.942070
vt 0.950172 0.918284
vt 0.947715 0.914346
vt 0.935132 0.899123
vt 0.928617 0.911131
vt 0.955532 0.907421
vt 0.951420 0.905623
vt 0.946836 0.899152
vt 0.942761 0.892763
vt 0.934705 0.893914
vt 0.929837 0.903917
vt 0.992119 0.906791
vt 0.963472 0.881903
vt 0.950964 0.897576
vt 0.938463 0.868580
vt 0.914192 0.877308
vt 0.923996 0.902763
vt 0.997600 0.867915
vt 0.971812 0.854658
vt 0.955263 0.850976
vt 0.945335 0.853284
vt 0.936398 0.863749
vt 0.912321 0.871277
vt 0.994588 0.850788
vt 0.975340 0.850175
vt 0.970950 0.849525
vt 0.953534 0.845397
vt 0.942838 0.847504
vt 0.993403 0.847314
vt 0.972832 0.843307
vt 0.924307 0.921092
vt 0.923059 0.912769
vt 0.907054 0.933968
vt 0.846834 0.947659
vt 0.896210 0.885279
vt 0.894665 0.879376
vt 0.550451 0.666100
vt 0.546621 0.677928
vt 0.537384 0.686250
vt 0.541263 0.659642
vt 0.528209 0.679801
vt 0.532588 0.653544
vt 0.519548 0.673713
vt 0.523050 0.646841
vt 0.507573 0.665295
vt 0.510244 0.637839
vt 0.496444 0.657473
vt 0.495731 0.643959
vt 0.626901 0.932212
vt 0.632641 0.944404
vt 0.626901 0.956596
vt 0.599705 0.932211
vt 0.599705 0.956596
vt 0.538307 0.932212
vt 0.538307 0.956596
vt 0.476914 0.932213
vt 0.476914 0.956594
vt 0.435514 0.932651
vt 0.435513 0.956157
vt 0.422710 0.944404
vt 0.420610 0.932950
vt 0.420610 0.955857
vt 0.407838 0.958466
vt 0.407838 0.930341
vt 0.387730 0.957503
vt 0.387730 0.931305
vt 0.365452 0.956699
vt 0.365453 0.932109
vt 0.323430 0.956495
vt 0.323430 0.932312
vt 0.262581 0.956479
vt 0.262581 0.932329
vt 0.228568 0.955952
vt 0.228568 0.932855
vt 0.207913 0.951702
vt 0.207913 0.937105
vt 0.197154 0.924341
vt 0.190304 0.933979
vt 0.174380 0.928909
vt 0.177317 0.937954
vt 0.161690 0.928902
vt 0.197154 0.964465
vt 0.190304 0.954828
vt 0.201294 0.944403
vt 0.177317 0.950854
vt 0.151730 0.933339
vt 0.174380 0.959898
vt 0.161690 0.959906
vt 0.151730 0.955468
vt 0.142141 0.932402
vt 0.142141 0.956405
vt 0.100349 0.932401
vt 0.100349 0.956406
vt 0.089565 0.932886
vt 0.089565 0.955921
vt 0.060380 0.932733
vt 0.060379 0.956075
vt 0.049301 0.956440
vt 0.049301 0.932369
vt 0.013116 0.932401
vt 0.013116 0.956408
vt 0.007465 0.944404
vt 0.938857 0.758208
vt 0.936362 0.749710
vt 0.925869 0.743495
vt 0.921008 0.758576
vt 0.934273 0.766392
vt 0.922157 0.766450
vt 0.930004 0.769979
vt 0.932290 0.768212
vt 0.915326 0.747732
vt 0.909583 0.757909
vt 0.911555 0.762637
vt 0.931093 0.801969
vt 0.960606 0.816462
vt 0.960707 0.810298
vt 0.937764 0.777625
vt 0.910295 0.752567
vt 0.887915 0.756125
vt 0.906414 0.764178
vt 0.926035 0.798541
vt 0.888763 0.749469
vt 0.852372 0.761201
vt 0.851155 0.766981
vt 0.878166 0.796263
vt 0.891157 0.791329
vt 0.891643 0.796671
vt 0.841727 0.755481
vt 0.843872 0.748662
vt 0.882536 0.800308
vt 0.898046 0.807516
vt 0.887888 0.808435
vt 0.878430 0.811694
vt 0.934542 0.812847
vt 0.927138 0.813864
vt 0.899878 0.811793
vt 0.892413 0.816189
vt 0.965456 0.815704
vt 0.952885 0.826373
vt 0.936600 0.817430
vt 0.929352 0.819746
vt 0.938163 0.773882
vt 0.964857 0.782791
vt 0.970565 0.788964
vt 0.971750 0.785490
vt 0.966850 0.776536
vt 0.954023 0.830824
vt 0.947758 0.827691
vt 0.928238 0.846558
vt 0.922109 0.847677
vt 0.895182 0.819450
vt 0.881635 0.821704
vt 0.883499 0.817144
vt 0.915103 0.847602
vt 0.907461 0.850474
vt 0.892954 0.853220
vt 0.875667 0.865098
vt 0.873303 0.813192
vt 0.853228 0.821082
vt 0.847237 0.807134
vt 0.849022 0.829837
vt 0.847834 0.821529
vt 0.843521 0.811743
vt 0.836074 0.802524
vt 0.854082 0.869264
vt 0.837736 0.834398
vt 0.844768 0.826759
vt 0.839557 0.821051
vt 0.834310 0.808437
vt 0.815416 0.862463
vt 0.814335 0.832632
vt 0.829025 0.829985
vt 0.838229 0.829317
vt 0.831537 0.826915
vt 0.830256 0.820709
vt 0.806502 0.838238
vt 0.808032 0.834900
vt 0.808248 0.830042
vt 0.826380 0.825788
vt 0.791535 0.849716
vt 0.801623 0.836052
vt 0.800097 0.831925
vt 0.794774 0.824274
vt 0.823895 0.812373
vt 0.825780 0.820445
vt 0.788859 0.846177
vt 0.774004 0.840981
vt 0.790405 0.794604
vt 0.799087 0.793076
vt 0.797906 0.820228
vt 0.780510 0.854449
vt 0.772468 0.847523
vt 0.767972 0.843543
vt 0.771860 0.834856
vt 0.785360 0.793916
vt 0.787158 0.789552
vt 0.780746 0.859136
vt 0.770457 0.851346
vt 0.753458 0.815817
vt 0.778180 0.792030
vt 0.780637 0.788093
vt 0.793221 0.772870
vt 0.799735 0.784877
vt 0.772820 0.781167
vt 0.776932 0.779369
vt 0.781516 0.772898
vt 0.785591 0.766509
vt 0.793647 0.767661
vt 0.798515 0.777663
vt 0.736233 0.780537
vt 0.764880 0.755650
vt 0.777389 0.771322
vt 0.789889 0.742326
vt 0.814160 0.751054
vt 0.804356 0.776509
vt 0.730752 0.741661
vt 0.756540 0.728404
vt 0.773089 0.724723
vt 0.783018 0.727031
vt 0.791954 0.737495
vt 0.816032 0.745024
vt 0.733764 0.724534
vt 0.753012 0.723921
vt 0.757402 0.723271
vt 0.774818 0.719143
vt 0.785514 0.721250
vt 0.734950 0.721061
vt 0.755520 0.717054
vt 0.804045 0.794838
vt 0.805293 0.786515
vt 0.821298 0.807715
vt 0.881518 0.821405
vt 0.887683 0.808104
vt 0.882343 0.800035
vt 0.832142 0.759025
vt 0.833687 0.753122
vt 0.465687 0.734274
vt 0.472654 0.734620
vt 0.479682 0.744653
vt 0.456810 0.744692
vt 0.451725 0.729546
vt 0.442417 0.740201
vt 0.432420 0.721073
vt 0.428254 0.732843
vt 0.415186 0.720588
vt 0.424521 0.708326
vt 0.469863 0.760033
vt 0.454022 0.757401
vt 0.436549 0.753594
vt 0.421719 0.747685
vt 0.405300 0.736841
vt 0.489518 0.762499
vt 0.479991 0.772813
vt 0.462223 0.770101
vt 0.451064 0.768433
vt 0.437563 0.767573
vt 0.416732 0.763300
vt 0.398652 0.746236
vt 0.495268 0.776106
vt 0.486658 0.780244
vt 0.467885 0.790788
vt 0.462114 0.784042
vt 0.455451 0.781471
vt 0.445131 0.778360
vt 0.434288 0.775667
vt 0.496520 0.797755
vt 0.480220 0.798734
vt 0.469602 0.802648
vt 0.457328 0.799437
vt 0.449803 0.792154
vt 0.433590 0.787919
vt 0.505430 0.795416
vt 0.505041 0.811734
vt 0.486866 0.808723
vt 0.471764 0.822397
vt 0.460575 0.825247
vt 0.441523 0.801841
vt 0.424219 0.800594
vt 0.409465 0.778335
vt 0.487741 0.823159
vt 0.469558 0.831751
vt 0.465079 0.838624
vt 0.453251 0.833272
vt 0.445422 0.828199
vt 0.430660 0.807957
vt 0.504755 0.823752
vt 0.488739 0.838140
vt 0.484348 0.847436
vt 0.471061 0.849508
vt 0.455088 0.849694
vt 0.438219 0.841401
vt 0.433466 0.825655
vt 0.504339 0.841233
vt 0.503942 0.857933
vt 0.503875 0.860763
vt 0.477859 0.858559
vt 0.456457 0.860740
vt 0.435642 0.859279
vt 0.421762 0.855166
vt 0.395674 0.840760
vt 0.405150 0.826448
vt 0.503503 0.876396
vt 0.485094 0.877064
vt 0.462952 0.882440
vt 0.436248 0.877844
vt 0.416878 0.871301
vt 0.395886 0.849043
vt 0.503331 0.883618
vt 0.478905 0.892710
vt 0.464323 0.894012
vt 0.431237 0.888323
vt 0.410373 0.881045
vt 0.390787 0.865616
vt 0.503134 0.891878
vt 0.480231 0.899029
vt 0.465965 0.904397
vt 0.448142 0.908569
vt 0.427055 0.898093
vt 0.414498 0.892768
vt 0.502910 0.901295
vt 0.447736 0.913137
vt 0.423243 0.907052
vt 0.412756 0.910321
vt 0.408716 0.903001
vt 0.406337 0.900564
vt 0.411660 0.893133
vt 0.423578 0.911010
vt 0.415126 0.914059
vt 0.405285 0.915489
vt 0.401860 0.911777
vt 0.398829 0.909552
vt 0.396463 0.918436
vt 0.394242 0.917607
vt 0.419841 0.919938
vt 0.409683 0.923772
vt 0.407440 0.919297
vt 0.398957 0.920468
vt 0.427754 0.916737
vt 0.400807 0.926491
vt 0.400256 0.922990
vt 0.395863 0.923270
vt 0.394974 0.922774
vt 0.394228 0.922897
vt 0.395871 0.924943
vt 0.394766 0.923467
vt 0.399835 0.889791
vt 0.390329 0.874912
vt 0.369495 0.866792
vt 0.369838 0.859765
vt 0.370959 0.851943
vt 0.386908 0.887718
vt 0.367105 0.873608
vt 0.350319 0.852972
vt 0.351724 0.851703
vt 0.351064 0.848991
vt 0.365423 0.847925
vt 0.377588 0.844231
vt 0.376342 0.835890
vt 0.349525 0.848234
vt 0.389351 0.756483
vt 0.372794 0.733009
vt 0.381860 0.719027
vt 0.387979 0.713770
vt 0.401582 0.786013
vt 0.386090 0.758058
vt 0.368966 0.738503
vt 0.362181 0.738546
vt 0.361963 0.730352
vt 0.367355 0.725892
vt 0.399817 0.812857
vt 0.393706 0.793871
vt 0.378683 0.766978
vt 0.368094 0.753636
vt 0.372798 0.823515
vt 0.351994 0.826721
vt 0.351844 0.816374
vt 0.336907 0.815800
vt 0.337709 0.814263
vt 0.334557 0.815598
vt 0.334940 0.812933
vt 0.349437 0.830917
vt 0.336219 0.818064
vt 0.377574 0.793358
vt 0.375749 0.774021
vt 0.366417 0.760393
vt 0.359866 0.750060
vt 0.363638 0.742122
vt 0.370411 0.774873
vt 0.357807 0.768111
vt 0.366453 0.780980
vt 0.361591 0.743045
vt 0.360691 0.721211
vt 0.361466 0.720024
vt 0.370168 0.717383
vt 0.379669 0.709597
vt 0.380670 0.693418
vt 0.401386 0.700456
vt 0.361367 0.717412
vt 0.361605 0.715207
vt 0.370770 0.711442
vt 0.359207 0.717869
vt 0.359835 0.720210
vt 0.376145 0.693819
vt 0.375629 0.680772
vt 0.377809 0.678086
vt 0.380050 0.676702
vt 0.391601 0.686229
vt 0.408714 0.696155
vt 0.427289 0.697855
vt 0.378122 0.674186
vt 0.374887 0.676081
vt 0.415019 0.687364
vt 0.393524 0.682205
vt 0.383049 0.676122
vt 0.365424 0.739133
vt 0.364500 0.741061
vt 0.361909 0.740711
vt 0.362777 0.739569
vt 0.363212 0.793744
vt 0.370885 0.797749
vt 0.373226 0.802899
vt 0.368419 0.806771
vt 0.355876 0.799892
vt 0.349122 0.783614
vt 0.347488 0.802128
vt 0.341263 0.785416
vt 0.379070 0.811683
vt 0.380161 0.810369
vt 0.377163 0.801447
vt 0.381793 0.809290
vt 0.359792 0.814931
vt 0.362226 0.814136
vt 0.361495 0.875156
vt 0.371341 0.887878
vt 0.350187 0.886123
vt 0.360599 0.898014
vt 0.342473 0.896008
vt 0.350085 0.905554
vt 0.365970 0.910599
vt 0.359413 0.916874
vt 0.377486 0.904025
vt 0.372310 0.907485
vt 0.374853 0.914168
vt 0.379690 0.911114
vt 0.382795 0.920252
vt 0.384772 0.918850
vt 0.393237 0.891806
vt 0.392573 0.900238
vt 0.404108 0.895679
vt 0.403654 0.898705
vt 0.365450 0.914326
vt 0.364802 0.919068
vt 0.363914 0.919640
vt 0.020758 0.830258
vt 0.008360 0.828935
vt 0.024108 0.844142
vt 0.029982 0.836406
vt 0.035053 0.845117
vt 0.008360 0.881123
vt 0.040421 0.875057
vt 0.008360 0.907127
vt 0.194450 0.254903
vt 0.195589 0.242924
vt 0.202922 0.238420
vt 0.186919 0.252482
vt 0.185252 0.238185
vt 0.195248 0.233592
vt 0.193860 0.226394
vt 0.178571 0.270081
vt 0.176278 0.257032
vt 0.173889 0.253410
vt 0.181059 0.235542
vt 0.159930 0.270081
vt 0.155173 0.270081
vt 0.181967 0.212849
vt 0.178386 0.229208
vt 0.179162 0.233386
vt 0.179159 0.211709
vt 0.176950 0.226738
vt 0.163798 0.232316
vt 0.167011 0.237904
vt 0.181420 0.186715
vt 0.164401 0.185762
vt 0.157996 0.218847
vt 0.153761 0.242039
vt 0.158291 0.249308
vt 0.165281 0.145858
vt 0.123733 0.181735
vt 0.124366 0.214866
vt 0.125065 0.244874
vt 0.128029 0.249576
vt 0.120198 0.136901
vt 0.078611 0.180278
vt 0.085756 0.226661
vt 0.118003 0.259268
vt 0.123436 0.261282
vt 0.125603 0.090690
vt 0.078302 0.133372
vt 0.037387 0.134671
vt 0.035459 0.180218
vt 0.053191 0.223274
vt 0.079581 0.041052
vt 0.076639 0.084359
vt 0.032837 0.079275
vt 0.026613 0.040372
vt 0.084940 0.005380
vt 0.022210 0.005380
vt 0.026259 0.219827
vt 0.060884 0.254078
vt 0.035984 0.252801
vt 0.009560 0.245678
vt 0.130351 0.270081
vt 0.124942 0.270081
vt 0.120172 0.270081
vt 0.098687 0.270081
vt 0.060697 0.270081
vt 0.026257 0.270081
vt 0.006949 0.270081
vt 0.156411 0.336515
vt 0.156321 0.337559
vt 0.157084 0.337145
vt 0.158744 0.337010
vt 0.158039 0.336134
vt 0.157946 0.338435
vt 0.155979 0.336741
vt 0.155623 0.336728
vt 0.155880 0.337759
vt 0.155281 0.336874
vt 0.159524 0.337591
vt 0.159119 0.336254
vt 0.160398 0.337043
vt 0.986481 0.457812
vt 0.982477 0.455187
vt 0.984463 0.450950
vt 0.948601 0.455040
vt 0.951728 0.462772
vt 0.946676 0.462863
vt 0.952303 0.468995
vt 0.985952 0.461918
vt 0.955698 0.474999
vt 0.951977 0.476277
vt 0.957294 0.481257
vt 0.989038 0.464027
vt 0.983116 0.522237
vt 0.986321 0.522529
vt 0.981135 0.524672
vt 0.959720 0.495912
vt 0.966463 0.492668
vt 0.971053 0.488574
vt 0.978372 0.486870
vt 0.988702 0.520163
vt 0.996103 0.521632
vt 0.984122 0.483902
vt 0.963596 0.489541
vt 0.976218 0.483127
vt 0.431746 0.271637
vt 0.420731 0.260748
vt 0.409188 0.282894
vt 0.405286 0.258319
vt 0.391349 0.265277
vt 0.384252 0.278965
vt 0.386664 0.294154
vt 0.397683 0.305043
vt 0.413129 0.307472
vt 0.427063 0.300514
vt 0.434157 0.286826
vt 0.442530 0.288225
vt 0.439233 0.267662
vt 0.432894 0.306643
vt 0.414373 0.315819
vt 0.424431 0.253156
vt 0.404041 0.249972
vt 0.385517 0.259147
vt 0.375878 0.277565
vt 0.379177 0.298129
vt 0.393983 0.312636
vt 0.978851 0.627487
vt 0.985789 0.620152
vt 0.997316 0.642184
vt 0.987315 0.643852
vt 0.957425 0.648501
vt 0.962171 0.619148
vt 0.963654 0.609193
vt 0.943657 0.622022
vt 0.939291 0.612941
vt 0.921530 0.630220
vt 0.993318 0.666781
vt 0.984402 0.661992
vt 0.971193 0.674979
vt 0.952678 0.677852
vt 0.935998 0.669514
vt 0.927534 0.653149
vt 0.930447 0.635009
vt 0.975558 0.684060
vt 0.951194 0.687808
vt 0.929059 0.676848
vt 0.917531 0.654816
vt 0.223826 0.484309
vt 0.216195 0.477259
vt 0.242691 0.474964
vt 0.238856 0.466421
vt 0.270332 0.463872
vt 0.247327 0.482806
vt 0.220050 0.469367
vt 0.236172 0.456806
vt 0.267753 0.453125
vt 0.288030 0.454795
vt 0.291793 0.463321
vt 0.274524 0.473386
vt 0.215558 0.466264
vt 0.231900 0.449275
vt 0.256734 0.434693
vt 0.263314 0.443156
vt 0.282188 0.435752
vt 0.286355 0.444868
vt 0.298744 0.448588
vt 0.302979 0.455075
vt 0.275540 0.427837
vt 0.288920 0.425548
vt 0.294811 0.432368
vt 0.297686 0.439281
vt 0.303857 0.442997
vt 0.309590 0.445581
vt 0.299661 0.427351
vt 0.299566 0.431732
vt 0.306726 0.434704
vt 0.948711 0.032286
vt 0.947399 0.027277
vt 0.950758 0.028580
vt 0.949103 0.023448
vt 0.940730 0.023585
vt 0.949052 0.018263
vt 0.940868 0.016661
vt 0.948304 0.014237
vt 0.941301 0.011261
vt 0.940785 0.028803
vt 0.915841 0.024425
vt 0.916096 0.014821
vt 0.915229 0.006147
vt 0.883521 0.014403
vt 0.883245 0.004441
vt 0.861950 0.006192
vt 0.941772 0.035687
vt 0.914926 0.033261
vt 0.881032 0.025316
vt 0.916117 0.042631
vt 0.884218 0.046005
vt 0.881150 0.035554
vt 0.859690 0.034879
vt 0.859998 0.025557
vt 0.862947 0.015674
vt 0.844913 0.010489
vt 0.862890 0.044751
vt 0.845752 0.041457
vt 0.844314 0.033113
vt 0.844573 0.026260
vt 0.847712 0.018286
vt 0.830632 0.027538
vt 0.967113 0.106204
vt 0.958695 0.106366
vt 0.970490 0.117605
vt 0.974564 0.108451
vt 0.974775 0.088710
vt 0.963822 0.086892
vt 0.952286 0.083675
vt 0.964032 0.048128
vt 0.953336 0.046101
vt 0.967311 0.014779
vt 0.959589 0.012902
vt 0.983019 0.106440
vt 0.986490 0.085362
vt 0.975261 0.048572
vt 0.975151 0.014857
vt 0.975470 0.004460
vt 0.963607 0.004500
vt 0.978710 0.117614
vt 0.990581 0.106595
vt 0.997439 0.084200
vt 0.986094 0.047067
vt 0.983613 0.013203
vt 0.987668 0.004452
vt 0.991241 0.012928
vt 0.997121 0.046576
vt 0.807121 0.584107
vt 0.800235 0.579050
vt 0.816681 0.577871
vt 0.817119 0.571902
vt 0.833592 0.579855
vt 0.834677 0.586650
vt 0.853623 0.571128
vt 0.793098 0.607491
vt 0.760916 0.508022
vt 0.814630 0.532343
vt 0.839855 0.536524
vt 0.846805 0.568246
vt 0.849909 0.553945
vt 0.857045 0.551558
vt 0.799057 0.615105
vt 0.759608 0.635935
vt 0.753689 0.629194
vt 0.709380 0.528688
vt 0.712644 0.482457
vt 0.736165 0.475889
vt 0.743676 0.474546
vt 0.767472 0.502466
vt 0.709738 0.648529
vt 0.697031 0.636799
vt 0.688020 0.563885
vt 0.702224 0.528285
vt 0.707231 0.484884
vt 0.708839 0.656664
vt 0.693135 0.643396
vt 0.663325 0.626482
vt 0.631565 0.584087
vt 0.682099 0.558857
vt 0.663201 0.633556
vt 0.642247 0.637906
vt 0.634966 0.635027
vt 0.579962 0.581679
vt 0.582465 0.575131
vt 0.630412 0.576268
vt 0.640595 0.645347
vt 0.624281 0.668702
vt 0.567456 0.639622
vt 0.542603 0.632823
vt 0.563277 0.564990
vt 0.565805 0.558298
vt 0.646713 0.640891
vt 0.648178 0.651587
vt 0.648423 0.660420
vt 0.626562 0.681306
vt 0.567273 0.661751
vt 0.558812 0.646516
vt 0.656523 0.649243
vt 0.657361 0.665200
vt 0.540261 0.641827
vt 0.509048 0.624136
vt 0.500432 0.554614
vt 0.496511 0.547560
vt 0.506051 0.633112
vt 0.478406 0.607800
vt 0.480687 0.580282
vt 0.472002 0.577587
vt 0.470488 0.611636
vt 0.559942 0.672853
vt 0.819344 0.524222
vt 0.843993 0.530075
vt 0.703396 0.479011
vt 0.695771 0.483153
vt 0.716886 0.439473
vt 0.722172 0.442228
vt 0.739858 0.448465
vt 0.746719 0.449481
vt 0.745850 0.428578
vt 0.751037 0.421777
vt 0.444933 0.698226
vt 0.439189 0.701983
vt 0.427284 0.677148
vt 0.433248 0.673978
vt 0.481727 0.647845
vt 0.499448 0.694386
vt 0.482589 0.713298
vt 0.461957 0.718973
vt 0.461156 0.725582
vt 0.486880 0.719129
vt 0.421252 0.663594
vt 0.424390 0.656097
vt 0.466295 0.637898
vt 0.471167 0.635202
vt 0.486996 0.644960
vt 0.505918 0.696209
vt 0.407893 0.659315
vt 0.393425 0.620083
vt 0.409607 0.601846
vt 0.419089 0.602040
vt 0.456635 0.599435
vt 0.463080 0.598955
vt 0.468434 0.557742
vt 0.401959 0.665665
vt 0.384694 0.620986
vt 0.395516 0.599102
vt 0.402737 0.597212
vt 0.412589 0.596523
vt 0.415942 0.598690
vt 0.420359 0.581972
vt 0.390517 0.592734
vt 0.403897 0.589945
vt 0.415525 0.583238
vt 0.404061 0.562472
vt 0.407869 0.558403
vt 0.463331 0.554452
vt 0.488632 0.538466
vt 0.486368 0.533575
vt 0.520144 0.528879
vt 0.397525 0.550533
vt 0.405473 0.515255
vt 0.415933 0.482954
vt 0.494136 0.492406
vt 0.520236 0.524528
vt 0.524312 0.530771
vt 0.523249 0.536745
vt 0.392147 0.552188
vt 0.400113 0.511546
vt 0.410204 0.479320
vt 0.431920 0.468406
vt 0.437317 0.470700
vt 0.468316 0.456259
vt 0.497982 0.486934
vt 0.522448 0.500168
vt 0.521645 0.505965
vt 0.434876 0.461511
vt 0.438860 0.460064
vt 0.461613 0.438275
vt 0.474256 0.451719
vt 0.430918 0.449223
vt 0.437388 0.437930
vt 0.447323 0.433535
vt 0.448974 0.427821
vt 0.466496 0.434423
vt 0.426296 0.449317
vt 0.434945 0.433047
vt 0.552519 0.514351
vt 0.549079 0.511165
vt 0.555639 0.490790
vt 0.560477 0.485503
vt 0.540479 0.493571
vt 0.541571 0.498798
vt 0.750159 0.642148
vt 0.780191 0.631115
vt 0.753721 0.647759
vt 0.797535 0.661985
vt 0.769551 0.675935
vt 0.741524 0.694357
vt 0.723408 0.662113
vt 0.720238 0.656420
vt 0.696396 0.675453
vt 0.693641 0.670047
vt 0.676818 0.677981
vt 0.772490 0.681896
vt 0.744737 0.700027
vt 0.716078 0.710487
vt 0.699757 0.720133
vt 0.679667 0.684374
vt 0.671459 0.680995
vt 0.668171 0.690109
vt 0.688879 0.726968
vt 0.719262 0.715653
vt 0.703734 0.725892
vt 0.698372 0.728901
s 1
g off
g Karma_torso_Material.001
usemtl Material.001
f 1/1/1 3/2/2 2/3/3
s 2
f 6/4/4 4/5/5 7/6/6
f 6/4/4 7/6/6 5/7/7
f 4/5/5 8/8/8 7/6/6
s 3
f 579/9/9 581/10/10 588/11/11
s 4
f 1276/11/12 1332/10/13 1313/9/14
s 5
f 1232/12/15 1264/13/16 1233/14/17
f 1316/15/18 1232/12/15 1233/14/17
f 1316/15/18 1318/16/19 1232/12/15
f 1318/16/19 1221/17/20 1232/12/15
f 1308/18/21 1221/17/20 1318/16/19
f 1225/19/22 1221/17/20 1308/18/21
f 1316/15/18 1233/14/17 1234/20/23
f 1274/21/24 1316/15/18 1234/20/23
f 1274/21/24 1328/22/25 1316/15/18
f 1328/22/25 1318/16/19 1316/15/18
f 1328/22/25 1309/23/26 1318/16/19
f 1309/23/26 1308/18/21 1318/16/19
f 1273/24/27 1308/18/21 1309/23/26
f 1273/24/27 1225/19/22 1308/18/21
f 1217/25/28 1225/19/22 1273/24/27
f 1225/19/22 1217/25/28 1226/26/29
f 1217/25/28 1250/27/30 1226/26/29
f 1234/20/23 1293/28/31 1274/21/24
f 1322/29/32 1274/21/24 1293/28/31
f 1322/29/32 1328/22/25 1274/21/24
f 1197/30/33 1328/22/25 1322/29/32
f 1309/23/26 1328/22/25 1197/30/33
f 1309/23/26 1197/30/33 1211/31/34
f 1309/23/26 1211/31/34 1319/32/35
f 1319/32/35 1273/24/27 1309/23/26
f 1273/24/27 1319/32/35 1214/33/36
f 1214/33/36 1217/25/28 1273/24/27
f 1326/34/37 1322/29/32 1293/28/31
f 1326/34/37 1201/35/38 1322/29/32
f 1201/35/38 1230/36/39 1322/29/32
f 1230/36/39 1197/30/33 1322/29/32
f 1197/30/33 1230/36/39 1209/37/40
f 1210/38/41 1197/30/33 1209/37/40
f 1197/30/33 1210/38/41 1211/31/34
f 1200/39/42 1326/34/37 1293/28/31
f 1326/34/37 1200/39/42 1339/40/43
f 1201/35/38 1326/34/37 1339/40/43
f 1201/35/38 1339/40/43 1207/41/44
f 1230/36/39 1201/35/38 1207/41/44
f 1209/37/40 1230/36/39 1207/41/44
f 1209/37/40 1207/41/44 1205/42/45
f 1209/37/40 1205/42/45 1204/38/46
f 1210/38/41 1209/37/40 1204/38/46
f 1210/38/41 1204/38/46 1236/43/47
f 1211/31/34 1210/38/41 1236/43/47
f 1200/39/42 1227/44/48 1339/40/43
f 1227/44/48 1290/45/49 1339/40/43
f 1290/45/49 1284/46/50 1339/40/43
f 1284/46/50 1329/47/51 1339/40/43
f 1339/40/43 1329/47/51 1207/41/44
f 1207/41/44 1329/47/51 1245/48/52
f 1207/41/44 1245/48/52 1205/42/45
f 1200/39/42 570/49/53 1227/44/48
f 570/49/53 1395/50/54 1227/44/48
f 1227/44/48 1395/50/54 1350/51/55
f 1249/52/56 1227/44/48 1350/51/55
f 1227/44/48 1249/52/56 1290/45/49
f 1249/52/56 1213/53/57 1290/45/49
f 1290/45/49 1213/53/57 1266/54/58
f 1284/46/50 1290/45/49 1266/54/58
f 1373/44/59 1395/50/54 570/49/53
f 1395/50/54 1373/44/59 1350/51/55
f 1373/44/59 1343/52/60 1350/51/55
f 1351/55/61 1350/51/55 1343/52/60
f 1249/52/56 1350/51/55 1351/55/61
f 1288/56/62 1249/52/56 1351/55/61
f 1249/52/56 1288/56/62 1213/53/57
f 1342/39/63 1373/44/59 570/49/53
f 1373/44/59 1342/39/63 1436/40/64
f 1432/45/65 1373/44/59 1436/40/64
f 1343/52/60 1373/44/59 1432/45/65
f 1442/53/66 1343/52/60 1432/45/65
f 1413/56/67 1343/52/60 1442/53/66
f 1413/56/67 1351/55/61 1343/52/60
f 1436/40/64 1342/39/63 1460/34/68
f 1348/35/69 1436/40/64 1460/34/68
f 1348/35/69 1374/41/70 1436/40/64
f 1374/41/70 1470/47/71 1436/40/64
f 1436/40/64 1470/47/71 1467/46/72
f 1432/45/65 1436/40/64 1467/46/72
f 1432/45/65 1467/46/72 1457/54/73
f 1442/53/66 1432/45/65 1457/54/73
f 1461/28/74 1460/34/68 1342/39/63
f 1463/29/75 1460/34/68 1461/28/74
f 1348/35/69 1460/34/68 1463/29/75
f 1379/36/76 1348/35/69 1463/29/75
f 1374/41/70 1348/35/69 1379/36/76
f 1402/37/77 1374/41/70 1379/36/76
f 1374/41/70 1402/37/77 1281/42/78
f 1406/48/79 1374/41/70 1281/42/78
f 1374/41/70 1406/48/79 1470/47/71
f 1406/48/79 1392/57/80 1470/47/71
f 1470/47/71 1392/57/80 1467/46/72
f 1462/21/81 1463/29/75 1461/28/74
f 1462/21/81 1417/22/82 1463/29/75
f 1417/22/82 1445/30/83 1463/29/75
f 1445/30/83 1379/36/76 1463/29/75
f 1402/37/77 1379/36/76 1445/30/83
f 1443/38/84 1402/37/77 1445/30/83
f 1402/37/77 1443/38/84 1376/38/85
f 1281/42/78 1402/37/77 1376/38/85
f 1462/21/81 1461/28/74 1404/20/86
f 1418/15/87 1462/21/81 1404/20/86
f 1462/21/81 1418/15/87 1417/22/82
f 1418/15/87 1453/16/88 1417/22/82
f 1441/23/89 1417/22/82 1453/16/88
f 1445/30/83 1417/22/82 1441/23/89
f 1445/30/83 1441/23/89 1444/31/90
f 1444/31/90 1443/38/84 1445/30/83
f 1443/38/84 1444/31/90 1399/43/91
f 1376/38/85 1443/38/84 1399/43/91
f 1385/14/92 1418/15/87 1404/20/86
f 1403/12/93 1418/15/87 1385/14/92
f 1453/16/88 1418/15/87 1403/12/93
f 1448/17/94 1453/16/88 1403/12/93
f 1453/16/88 1448/17/94 1416/18/95
f 1416/18/95 1441/23/89 1453/16/88
f 1441/23/89 1416/18/95 1465/24/96
f 1440/32/97 1441/23/89 1465/24/96
f 1444/31/90 1441/23/89 1440/32/97
f 1409/13/98 1403/12/93 1385/14/92
f 1416/18/95 1448/17/94 1358/19/99
f 1465/24/96 1416/18/95 1358/19/99
f 1358/19/99 1355/25/100 1465/24/96
f 1355/25/100 1449/33/101 1465/24/96
f 1440/32/97 1465/24/96 1449/33/101
f 1347/58/102 1440/32/97 1449/33/101
f 1440/32/97 1347/58/102 1370/59/103
f 1349/60/104 1440/32/97 1370/59/103
f 1349/60/104 1444/31/90 1440/32/97
f 1358/19/99 1371/26/105 1355/25/100
f 1371/26/105 1380/27/106 1355/25/100
f 1355/25/100 1380/27/106 1394/61/107
f 1365/62/108 1355/25/100 1394/61/107
f 1355/25/100 1365/62/108 1449/33/101
f 1365/62/108 1447/63/109 1449/33/101
f 1447/63/109 1446/64/110 1449/33/101
f 1449/33/101 1446/64/110 1347/58/102
f 1446/64/110 1344/65/111 1347/58/102
f 1347/58/102 1344/65/111 1370/59/103
f 1365/62/108 1394/61/107 1393/66/112
f 1372/67/113 1365/62/108 1393/66/112
f 1447/63/109 1365/62/108 1372/67/113
f 1396/68/114 1447/63/109 1372/67/113
f 1447/63/109 1396/68/114 1446/64/110
f 1396/68/114 1362/69/115 1446/64/110
f 1446/64/110 1362/69/115 1368/70/116
f 1433/71/117 1446/64/110 1368/70/116
f 1433/71/117 1346/72/118 1446/64/110
f 1346/72/118 1344/65/111 1446/64/110
f 1372/67/113 1393/66/112 1375/73/119
f 1396/68/114 1372/67/113 1375/73/119
f 1431/74/120 1396/68/114 1375/73/119
f 1396/68/114 1431/74/120 1362/69/115
f 1362/69/115 1431/74/120 1429/11/121
f 1429/11/121 1364/75/122 1362/69/115
f 1364/75/122 1368/70/116 1362/69/115
f 1368/70/116 1364/75/122 1354/76/123
f 1430/77/124 1368/70/116 1354/76/123
f 1430/77/124 1433/71/117 1368/70/116
f 1375/73/119 1393/66/112 1352/78/125
f 1408/79/126 1375/73/119 1352/78/125
f 1414/80/127 1375/73/119 1408/79/126
f 1431/74/120 1375/73/119 1414/80/127
f 1468/81/128 1431/74/120 1414/80/127
f 1468/81/128 1480/82/129 1431/74/120
f 1480/82/129 1429/11/121 1431/74/120
f 1480/82/129 1459/83/130 1429/11/121
f 1427/9/12 1429/11/121 1459/83/130
f 1352/78/125 1341/84/131 1408/79/126
f 1414/80/127 1408/79/126 1341/84/131
f 1466/85/132 1414/80/127 1341/84/131
f 1468/81/128 1414/80/127 1466/85/132
f 1437/86/133 1468/81/128 1466/85/132
f 1437/86/133 1469/87/134 1468/81/128
f 1480/82/129 1468/81/128 1469/87/134
f 1423/88/135 1480/82/129 1469/87/134
f 1480/82/129 1423/88/135 1456/89/136
f 1480/82/129 1456/89/136 1459/83/130
f 1427/9/12 1459/83/130 1456/89/136
f 1420/90/137 1427/9/12 1456/89/136
f 1340/91/138 1341/84/131 1352/78/125
f 1340/91/138 1363/92/139 1341/84/131
f 1341/84/131 1363/92/139 1369/93/140
f 1466/85/132 1341/84/131 1369/93/140
f 1369/93/140 1360/94/141 1466/85/132
f 1360/94/141 1437/86/133 1466/85/132
f 1437/86/133 1360/94/141 1361/95/142
f 1469/87/134 1437/86/133 1361/95/142
f 1361/95/142 1353/96/143 1469/87/134
f 1353/96/143 1423/88/135 1469/87/134
f 1203/84/144 1363/92/139 1340/91/138
f 1363/92/139 1203/84/144 1369/93/140
f 1203/84/144 1286/85/145 1369/93/140
f 1360/94/141 1369/93/140 1286/85/145
f 1336/86/146 1360/94/141 1286/85/145
f 1361/95/142 1360/94/141 1336/86/146
f 1267/87/147 1361/95/142 1336/86/146
f 1361/95/142 1267/87/147 1353/96/143
f 1267/87/147 1212/88/148 1353/96/143
f 1458/97/149 1353/96/143 1212/88/148
f 1353/96/143 1458/97/149 1423/88/135
f 1265/78/150 1203/84/144 1340/91/138
f 1253/79/151 1203/84/144 1265/78/150
f 1203/84/144 1253/79/151 1324/80/152
f 1286/85/145 1203/84/144 1324/80/152
f 1286/85/145 1324/80/152 1285/81/153
f 1336/86/146 1286/85/145 1285/81/153
f 1285/81/153 1267/87/147 1336/86/146
f 1285/81/153 1269/82/154 1267/87/147
f 1269/82/154 1212/88/148 1267/87/147
f 1269/82/154 1320/89/155 1212/88/148
f 1320/89/155 1296/98/156 1212/88/148
f 1296/98/156 1458/97/149 1212/88/148
f 1253/79/151 1265/78/150 1251/73/157
f 1253/79/151 1251/73/157 1324/80/152
f 1324/80/152 1251/73/157 1268/74/158
f 1285/81/153 1324/80/152 1268/74/158
f 1269/82/154 1285/81/153 1268/74/158
f 1272/11/159 1269/82/154 1268/74/158
f 1272/11/159 1305/83/160 1269/82/154
f 1305/83/160 1320/89/155 1269/82/154
f 1320/89/155 1305/83/160 1303/9/11
f 1294/90/161 1320/89/155 1303/9/11
f 1320/89/155 1294/90/161 1296/98/156
f 1265/78/150 1258/66/162 1251/73/157
f 1251/73/157 1258/66/162 1259/67/163
f 1259/67/163 1257/68/164 1251/73/157
f 1257/68/164 1268/74/158 1251/73/157
f 1215/69/165 1268/74/158 1257/68/164
f 1272/11/159 1268/74/158 1215/69/165
f 1220/75/166 1272/11/159 1215/69/165
f 1220/75/166 1216/10/167 1272/11/159
f 1220/75/166 1224/99/168 1216/10/167
f 1338/100/169 1224/99/168 1220/75/166
f 1222/62/170 1259/67/163 1258/66/162
f 1222/62/170 1198/63/171 1259/67/163
f 1198/63/171 1257/68/164 1259/67/163
f 1257/68/164 1198/63/171 1196/64/172
f 1215/69/165 1257/68/164 1196/64/172
f 1215/69/165 1196/64/172 1219/70/173
f 1219/70/173 1220/75/166 1215/69/165
f 1219/70/173 1202/76/174 1220/75/166
f 1202/76/174 1291/101/175 1220/75/166
f 1291/101/175 1338/100/169 1220/75/166
f 1472/102/176 1338/100/169 1291/101/175
f 1241/61/177 1222/62/170 1258/66/162
f 1217/25/28 1222/62/170 1241/61/177
f 1222/62/170 1217/25/28 1214/33/36
f 1198/63/171 1222/62/170 1214/33/36
f 1214/33/36 1196/64/172 1198/63/171
f 1196/64/172 1214/33/36 1231/58/178
f 1229/65/179 1196/64/172 1231/58/178
f 1196/64/172 1229/65/179 1223/72/180
f 1337/71/181 1196/64/172 1223/72/180
f 1196/64/172 1337/71/181 1219/70/173
f 1250/27/30 1217/25/28 1241/61/177
f 1305/83/160 1272/11/159 1303/9/11
f 1319/32/35 1231/58/178 1214/33/36
f 1206/59/182 1231/58/178 1319/32/35
f 1229/65/179 1231/58/178 1206/59/182
f 1228/103/183 1229/65/179 1206/59/182
f 1229/65/179 1228/103/183 1223/72/180
f 1228/103/183 1199/104/184 1223/72/180
f 1213/53/57 1223/72/180 1199/104/184
f 1213/53/57 1325/105/185 1223/72/180
f 1325/105/185 1337/71/181 1223/72/180
f 1208/60/186 1206/59/182 1319/32/35
f 1206/59/182 1208/60/186 1235/43/187
f 1246/106/188 1206/59/182 1235/43/187
f 1228/103/183 1206/59/182 1246/106/188
f 1237/107/189 1228/103/183 1246/106/188
f 1228/103/183 1237/107/189 1199/104/184
f 1237/107/189 1239/108/190 1199/104/184
f 1266/54/58 1199/104/184 1239/108/190
f 1266/54/58 1213/53/57 1199/104/184
f 1211/31/34 1208/60/186 1319/32/35
f 1208/60/186 1211/31/34 1235/43/187
f 1211/31/34 1236/43/47 1235/43/187
f 1236/43/47 1256/109/191 1235/43/187
f 1235/43/187 1256/109/191 1242/110/192
f 1246/106/188 1235/43/187 1242/110/192
f 1246/106/188 1242/110/192 1243/111/193
f 1237/107/189 1246/106/188 1243/111/193
f 1237/107/189 1243/111/193 1252/108/194
f 1239/108/190 1237/107/189 1252/108/194
f 1248/112/195 1239/108/190 1252/108/194
f 1266/54/58 1239/108/190 1248/112/195
f 1247/113/196 1266/54/58 1248/112/195
f 1247/113/196 1284/46/50 1266/54/58
f 1236/43/47 1204/38/46 1256/109/191
f 1256/109/191 1204/38/46 1255/114/197
f 1256/109/191 1255/114/197 1254/115/198
f 1242/110/192 1256/109/191 1254/115/198
f 1243/111/193 1242/110/192 1254/115/198
f 1260/116/199 1243/111/193 1254/115/198
f 1243/111/193 1260/116/199 1261/117/200
f 1252/108/194 1243/111/193 1261/117/200
f 1244/118/201 1252/108/194 1261/117/200
f 1244/118/201 1248/112/195 1252/108/194
f 1248/112/195 1244/118/201 1262/119/202
f 1247/113/196 1248/112/195 1262/119/202
f 1204/38/46 1205/42/45 1255/114/197
f 1255/114/197 1205/42/45 1238/120/203
f 1255/114/197 1238/120/203 1254/115/198
f 1238/120/203 1260/116/199 1254/115/198
f 1260/116/199 1238/120/203 1261/117/200
f 1238/120/203 1240/121/204 1261/117/200
f 1240/121/204 1262/119/202 1261/117/200
f 1262/119/202 1244/118/201 1261/117/200
f 1205/42/45 1245/48/52 1238/120/203
f 1240/121/204 1238/120/203 1245/48/52
f 1263/57/205 1240/121/204 1245/48/52
f 1240/121/204 1263/57/205 1247/113/196
f 1262/119/202 1240/121/204 1247/113/196
f 1329/47/51 1263/57/205 1245/48/52
f 1263/57/205 1329/47/51 1284/46/50
f 1247/113/196 1263/57/205 1284/46/50
f 1288/56/62 1325/105/185 1213/53/57
f 1325/105/185 1288/56/62 1323/122/206
f 1323/122/206 1337/71/181 1325/105/185
f 1270/77/207 1337/71/181 1323/122/206
f 1219/70/173 1337/71/181 1270/77/207
f 1219/70/173 1270/77/207 1202/76/174
f 1288/56/62 1287/123/208 1323/122/206
f 1271/124/209 1323/122/206 1287/123/208
f 1271/124/209 1270/77/207 1323/122/206
f 1270/77/207 1271/124/209 1218/125/210
f 1270/77/207 1218/125/210 1202/76/174
f 1345/126/211 1202/76/174 1218/125/210
f 1291/101/175 1202/76/174 1345/126/211
f 1464/127/212 1291/101/175 1345/126/211
f 1464/127/212 1472/102/176 1291/101/175
f 1287/123/208 1288/56/62 1289/128/213
f 1287/123/208 1289/128/213 1292/129/214
f 1327/130/215 1287/123/208 1292/129/214
f 1327/130/215 1271/124/209 1287/123/208
f 1218/125/210 1271/124/209 1327/130/215
f 1218/125/210 1327/130/215 1356/131/216
f 1356/131/216 1345/126/211 1218/125/210
f 1288/56/62 1351/55/61 1289/128/213
f 1351/55/61 1482/132/217 1289/128/213
f 1292/129/214 1289/128/213 1482/132/217
f 1483/133/218 1292/129/214 1482/132/217
f 1292/129/214 1483/133/218 1411/134/219
f 1327/130/215 1292/129/214 1411/134/219
f 1327/130/215 1411/134/219 1356/131/216
f 1411/134/219 1481/130/220 1356/131/216
f 1481/130/220 1410/125/221 1356/131/216
f 1345/126/211 1356/131/216 1410/125/221
f 1412/128/222 1482/132/217 1351/55/61
f 1412/128/222 1471/129/223 1482/132/217
f 1471/129/223 1483/133/218 1482/132/217
f 1483/133/218 1471/129/223 1411/134/219
f 1471/129/223 1481/130/220 1411/134/219
f 1415/123/224 1481/130/220 1471/129/223
f 1435/124/225 1481/130/220 1415/123/224
f 1481/130/220 1435/124/225 1410/125/221
f 1410/125/221 1435/124/225 1430/77/124
f 1410/125/221 1430/77/124 1354/76/123
f 1354/76/123 1345/126/211 1410/125/221
f 1413/56/67 1412/128/222 1351/55/61
f 1412/128/222 1413/56/67 1415/123/224
f 1412/128/222 1415/123/224 1471/129/223
f 1434/122/226 1415/123/224 1413/56/67
f 1434/122/226 1435/124/225 1415/123/224
f 1435/124/225 1434/122/226 1430/77/124
f 1434/122/226 1433/71/117 1430/77/124
f 1428/105/227 1433/71/117 1434/122/226
f 1433/71/117 1428/105/227 1346/72/118
f 1428/105/227 1434/122/226 1413/56/67
f 1428/105/227 1413/56/67 1442/53/66
f 1428/105/227 1442/53/66 1346/72/118
f 1367/104/228 1346/72/118 1442/53/66
f 1367/104/228 1366/103/229 1346/72/118
f 1366/103/229 1344/65/111 1346/72/118
f 1344/65/111 1366/103/229 1370/59/103
f 1377/106/230 1370/59/103 1366/103/229
f 1377/106/230 1400/60/231 1370/59/103
f 1400/60/231 1349/60/104 1370/59/103
f 1457/54/73 1367/104/228 1442/53/66
f 1401/108/232 1367/104/228 1457/54/73
f 1401/108/232 1378/107/233 1367/104/228
f 1378/107/233 1366/103/229 1367/104/228
f 1378/107/233 1377/106/230 1366/103/229
f 1377/106/230 1378/107/233 1398/111/234
f 1397/110/235 1377/106/230 1398/111/234
f 1400/60/231 1377/106/230 1397/110/235
f 1401/108/232 1457/54/73 1390/112/236
f 1381/108/237 1401/108/232 1390/112/236
f 1401/108/232 1381/108/237 1378/107/233
f 1381/108/237 1398/111/234 1378/107/233
f 1398/111/234 1381/108/237 1407/117/238
f 1382/116/239 1398/111/234 1407/117/238
f 1382/116/239 1387/115/240 1398/111/234
f 1387/115/240 1397/110/235 1398/111/234
f 1387/115/240 1386/109/241 1397/110/235
f 1386/109/241 1400/60/231 1397/110/235
f 1390/112/236 1457/54/73 1384/113/242
f 1390/112/236 1384/113/242 1383/119/243
f 1388/118/244 1390/112/236 1383/119/243
f 1388/118/244 1381/108/237 1390/112/236
f 1407/117/238 1381/108/237 1388/118/244
f 1407/117/238 1388/118/244 1383/119/243
f 1407/117/238 1383/119/243 1389/121/245
f 1407/117/238 1389/121/245 1391/120/246
f 1382/116/239 1407/117/238 1391/120/246
f 1382/116/239 1391/120/246 1387/115/240
f 1391/120/246 1405/114/247 1387/115/240
f 1387/115/240 1405/114/247 1386/109/241
f 1457/54/73 1467/46/72 1384/113/242
f 1392/57/80 1384/113/242 1467/46/72
f 1392/57/80 1389/121/245 1384/113/242
f 1389/121/245 1383/119/243 1384/113/242
f 1389/121/245 1392/57/80 1406/48/79
f 1391/120/246 1389/121/245 1406/48/79
f 1391/120/246 1406/48/79 1281/42/78
f 1405/114/247 1391/120/246 1281/42/78
f 1405/114/247 1281/42/78 1376/38/85
f 1386/109/241 1405/114/247 1376/38/85
f 1386/109/241 1376/38/85 1399/43/91
f 1400/60/231 1386/109/241 1399/43/91
f 1400/60/231 1399/43/91 1444/31/90
f 1349/60/104 1400/60/231 1444/31/90
f 1294/90/161 1299/135/248 1296/98/156
f 1296/98/156 1299/135/248 1458/97/149
f 1299/135/248 1479/136/249 1458/97/149
f 1458/97/149 1479/136/249 1426/135/250
f 1422/98/251 1458/97/149 1426/135/250
f 1458/97/149 1422/98/251 1423/88/135
f 1423/88/135 1422/98/251 1456/89/136
f 1456/89/136 1422/98/251 1420/90/137
f 1422/98/251 1426/135/250 1420/90/137
f 1429/11/121 1359/10/252 1364/75/122
f 1359/10/252 1357/99/253 1364/75/122
f 1364/75/122 1357/99/253 1473/100/254
f 1419/101/255 1364/75/122 1473/100/254
f 1364/75/122 1419/101/255 1354/76/123
f 1345/126/211 1354/76/123 1419/101/255
f 1464/127/212 1345/126/211 1419/101/255
f 1472/102/176 1464/127/212 1419/101/255
f 1473/100/254 1472/102/176 1419/101/255
s 6
f 1424/137/256 1493/138/257 1504/139/258
f 1493/138/257 1507/140/259 1504/139/258
f 1507/140/259 1477/141/260 1504/139/258
f 1477/141/260 1476/142/261 1504/139/258
f 1477/141/260 1491/143/262 1476/142/261
f 1491/143/262 1495/144/263 1476/142/261
f 1491/143/262 1501/145/264 1495/144/263
f 1501/145/264 1508/146/265 1495/144/263
f 1507/140/259 1493/138/257 1475/2/266
f 1507/140/259 1475/2/266 1425/147/267
f 1477/141/260 1507/140/259 1425/147/267
f 1477/141/260 1425/147/267 1500/148/268
f 1491/143/262 1477/141/260 1500/148/268
f 1491/143/262 1500/148/268 1489/149/269
f 1501/145/264 1491/143/262 1489/149/269
f 1501/145/264 1489/149/269 1485/150/270
f 1489/149/269 1486/151/271 1485/150/270
f 1493/138/257 1496/152/272 1475/2/266
f 1475/2/266 1496/152/272 1502/1/273
f 1475/2/266 1502/1/273 1510/3/274
f 1425/147/267 1475/2/266 1510/3/274
f 1425/147/267 1510/3/274 1530/153/275
f 1500/148/268 1425/147/267 1530/153/275
f 1500/148/268 1530/153/275 1509/154/276
f 1489/149/269 1500/148/268 1509/154/276
f 1486/151/271 1489/149/269 1509/154/276
f 1511/155/277 1486/151/271 1509/154/276
f 1511/155/277 1509/154/276 1534/151/278
f 1493/138/257 1498/156/279 1496/152/272
f 1498/156/279 1497/157/280 1496/152/272
f 1496/152/272 1497/157/280 1503/158/281
f 1496/152/272 1503/158/281 1502/1/273
f 1503/158/281 1538/152/282 1502/1/273
f 1538/152/282 1515/2/283 1502/1/273
f 1515/2/283 1520/147/284 1510/3/274
f 1510/3/274 1520/147/284 1530/153/275
f 1520/147/284 1558/148/285 1530/153/275
f 1530/153/275 1558/148/285 1509/154/276
f 1558/148/285 1541/149/286 1509/154/276
f 1509/154/276 1541/149/286 1534/151/278
f 1534/151/278 1541/149/286 1536/150/287
f 1497/157/280 1505/159/288 1503/158/281
f 1505/159/288 1537/157/289 1503/158/281
f 1537/157/289 1538/152/282 1503/158/281
f 1537/157/289 1539/156/290 1538/152/282
f 1539/156/290 1524/138/291 1538/152/282
f 1538/152/282 1524/138/291 1515/2/283
f 1524/138/291 1532/140/292 1515/2/283
f 1515/2/283 1532/140/292 1520/147/284
f 1532/140/292 1521/141/293 1520/147/284
f 1520/147/284 1521/141/293 1558/148/285
f 1521/141/293 1557/143/294 1558/148/285
f 1558/148/285 1557/143/294 1541/149/286
f 1557/143/294 1553/145/295 1541/149/286
f 1541/149/286 1553/145/295 1536/150/287
f 1533/139/296 1532/140/292 1524/138/291
f 1521/141/293 1532/140/292 1533/139/296
f 1518/142/297 1521/141/293 1533/139/296
f 1521/141/293 1518/142/297 1557/143/294
f 1518/142/297 1514/144/298 1557/143/294
f 1557/143/294 1514/144/298 1553/145/295
f 1514/144/298 1512/146/299 1553/145/295
f 1513/137/300 1533/139/296 1524/138/291
s 7
f 1490/160/265 1488/161/271 1487/162/263
f 1488/161/271 1499/163/301 1487/162/263
f 1478/164/302 1487/162/263 1499/163/301
f 1474/165/303 1478/164/302 1499/163/301
f 1478/164/302 1474/165/303 1494/166/304
f 1474/165/303 1492/167/305 1494/166/304
f 1484/168/306 1494/166/304 1492/167/305
f 1506/169/307 1484/168/306 1492/167/305
f 1499/163/301 1488/161/271 1517/170/308
f 1516/171/309 1499/163/301 1517/170/308
f 1474/165/303 1499/163/301 1516/171/309
f 1519/172/310 1474/165/303 1516/171/309
f 1492/167/305 1474/165/303 1519/172/310
f 1522/173/311 1492/167/305 1519/172/310
f 1492/167/305 1522/173/311 1506/169/307
f 1522/173/311 1527/174/312 1506/169/307
f 1525/169/313 1527/174/312 1522/173/311
f 1528/167/314 1525/169/313 1522/173/311
f 1535/168/315 1525/169/313 1528/167/314
f 1516/171/309 1517/170/308 1540/163/316
f 1516/171/309 1540/163/316 1526/165/317
f 1519/172/310 1516/171/309 1526/165/317
f 1519/172/310 1526/165/317 1528/167/314
f 1522/173/311 1519/172/310 1528/167/314
f 1517/170/308 1523/161/318 1540/163/316
f 1540/163/316 1523/161/318 1566/162/319
f 1566/162/319 1529/164/320 1540/163/316
f 1529/164/320 1526/165/317 1540/163/316
f 1526/165/317 1529/164/320 1531/166/321
f 1528/167/314 1526/165/317 1531/166/321
f 1531/166/321 1535/168/315 1528/167/314
f 1523/161/318 1559/160/287 1566/162/319
s 8
f 1543/137/322 1555/139/323 1548/138/324
f 1555/139/323 1545/140/325 1548/138/324
f 1548/138/324 1545/140/325 1542/2/326
f 1550/152/327 1548/138/324 1542/2/326
f 1546/156/328 1548/138/324 1550/152/327
f 1547/157/329 1546/156/328 1550/152/327
f 1547/157/329 1550/152/327 1582/158/330
f 1583/159/331 1547/157/329 1582/158/330
f 1563/141/332 1545/140/325 1555/139/323
f 1545/140/325 1563/141/332 1561/147/333
f 1542/2/326 1545/140/325 1561/147/333
f 1542/2/326 1561/147/333 1578/3/334
f 1580/1/335 1542/2/326 1578/3/334
f 1550/152/327 1542/2/326 1580/1/335
f 1582/158/330 1550/152/327 1580/1/335
f 1614/152/336 1582/158/330 1580/1/335
f 1614/152/336 1606/157/337 1582/158/330
f 1606/157/337 1583/159/331 1582/158/330
f 1562/142/338 1563/141/332 1555/139/323
f 1563/141/332 1562/142/338 1573/143/339
f 1563/141/332 1573/143/339 1590/148/340
f 1561/147/333 1563/141/332 1590/148/340
f 1561/147/333 1590/148/340 1572/153/341
f 1578/3/334 1561/147/333 1572/153/341
f 1589/147/342 1578/3/334 1572/153/341
f 1589/147/342 1591/2/343 1578/3/334
f 1591/2/343 1580/1/335 1578/3/334
f 1591/2/343 1614/152/336 1580/1/335
f 1562/142/338 1564/144/344 1573/143/339
f 1573/143/339 1564/144/344 1594/145/345
f 1573/143/339 1594/145/345 1571/149/346
f 1590/148/340 1573/143/339 1571/149/346
f 1590/148/340 1571/149/346 1575/154/347
f 1572/153/341 1590/148/340 1575/154/347
f 1605/148/348 1572/153/341 1575/154/347
f 1605/148/348 1589/147/342 1572/153/341
f 1576/141/349 1589/147/342 1605/148/348
f 1576/141/349 1595/140/350 1589/147/342
f 1595/140/350 1591/2/343 1589/147/342
f 1564/144/344 1565/146/351 1594/145/345
f 1571/149/346 1594/145/345 1569/150/352
f 1567/151/353 1571/149/346 1569/150/352
f 1575/154/347 1571/149/346 1567/151/353
f 1570/155/354 1575/154/347 1567/151/353
f 1570/155/354 1611/151/355 1575/154/347
f 1611/151/355 1603/149/356 1575/154/347
f 1603/149/356 1605/148/348 1575/154/347
f 1604/143/357 1605/148/348 1603/149/356
f 1604/143/357 1576/141/349 1605/148/348
f 1576/141/349 1604/143/357 1574/142/358
f 1576/141/349 1574/142/358 1597/139/359
f 1595/140/350 1576/141/349 1597/139/359
f 1613/138/360 1595/140/350 1597/139/359
f 1595/140/350 1613/138/360 1591/2/343
f 1613/138/360 1614/152/336 1591/2/343
f 1603/149/356 1611/151/355 1607/150/361
f 1601/145/362 1603/149/356 1607/150/361
f 1601/145/362 1604/143/357 1603/149/356
f 1604/143/357 1601/145/362 1598/144/363
f 1604/143/357 1598/144/363 1574/142/358
f 1601/145/362 1599/146/364 1598/144/363
f 1588/137/365 1613/138/360 1597/139/359
f 1613/138/360 1612/156/366 1614/152/336
f 1612/156/366 1606/157/337 1614/152/336
s 9
f 1568/161/353 1592/160/351 1593/162/344
f 1549/163/367 1568/161/353 1593/162/344
f 1577/170/368 1568/161/353 1549/163/367
f 1581/171/369 1577/170/368 1549/163/367
f 1581/171/369 1602/163/370 1577/170/368
f 1602/163/370 1616/161/371 1577/170/368
f 1616/161/371 1602/163/370 1600/162/363
f 1615/160/372 1616/161/371 1600/162/363
f 1593/162/344 1556/164/373 1549/163/367
f 1556/164/373 1554/165/374 1549/163/367
f 1581/171/369 1549/163/367 1554/165/374
f 1579/172/375 1581/171/369 1554/165/374
f 1579/172/375 1586/165/376 1581/171/369
f 1586/165/376 1602/163/370 1581/171/369
f 1586/165/376 1587/164/377 1602/163/370
f 1587/164/377 1600/162/363 1602/163/370
f 1554/165/374 1556/164/373 1544/166/378
f 1551/167/379 1554/165/374 1544/166/378
f 1579/172/375 1554/165/374 1551/167/379
f 1584/173/380 1579/172/375 1551/167/379
f 1584/173/380 1610/167/381 1579/172/375
f 1610/167/381 1586/165/376 1579/172/375
f 1586/165/376 1610/167/381 1609/166/382
f 1587/164/377 1586/165/376 1609/166/382
f 1544/166/378 1552/168/383 1551/167/379
f 1552/168/383 1560/169/384 1551/167/379
f 1551/167/379 1560/169/384 1584/173/380
f 1560/169/384 1585/174/331 1584/173/380
f 1584/173/380 1585/174/331 1596/169/385
f 1610/167/381 1584/173/380 1596/169/385
f 1596/169/385 1608/168/386 1610/167/381
f 1608/168/386 1609/166/382 1610/167/381
s 10
f 140/175/387 53/176/388 55/177/389
f 140/175/387 55/177/389 56/178/390
f 56/178/390 141/179/391 140/175/387
f 141/179/391 54/180/392 140/175/387
f 55/177/389 57/181/393 56/178/390
f 56/178/390 57/181/393 104/182/394
f 104/182/394 78/183/395 56/178/390
f 78/183/395 141/179/391 56/178/390
f 141/179/391 78/183/395 96/184/396
f 93/185/397 141/179/391 96/184/396
f 93/185/397 96/184/396 97/186/398
f 75/187/399 93/185/397 97/186/398
f 57/181/393 139/188/400 104/182/394
f 113/61/401 104/182/394 139/188/400
f 113/61/401 103/27/402 104/182/394
f 103/27/402 78/183/395 104/182/394
f 78/183/395 103/27/402 91/189/403
f 78/183/395 91/189/403 96/184/396
f 94/190/404 96/184/396 91/189/403
f 97/186/398 96/184/396 94/190/404
f 109/191/405 97/186/398 94/190/404
f 101/192/406 97/186/398 109/191/405
f 75/187/399 97/186/398 101/192/406
f 111/193/407 75/187/399 101/192/406
f 107/66/408 113/61/401 139/188/400
f 102/78/409 107/66/408 139/188/400
f 103/27/402 92/26/410 91/189/403
f 91/189/403 92/26/410 81/194/411
f 81/194/411 94/190/404 91/189/403
f 94/190/404 81/194/411 108/195/412
f 108/195/412 110/196/413 94/190/404
f 110/196/413 109/191/405 94/190/404
f 110/196/413 82/197/414 109/191/405
f 82/197/414 95/198/415 109/191/405
f 95/198/415 101/192/406 109/191/405
f 101/192/406 95/198/415 112/199/416
f 101/192/406 112/199/416 111/193/407
f 112/199/416 118/200/417 111/193/407
f 81/194/411 92/26/410 108/195/412
f 92/26/410 106/19/418 108/195/412
f 108/195/412 106/19/418 110/196/413
f 110/196/413 106/19/418 76/201/419
f 82/197/414 110/196/413 76/201/419
f 99/202/420 82/197/414 76/201/419
f 95/198/415 82/197/414 99/202/420
f 105/203/421 95/198/415 99/202/420
f 95/198/415 105/203/421 112/199/416
f 105/203/421 77/204/422 112/199/416
f 77/204/422 98/205/423 112/199/416
f 98/205/423 129/206/424 112/199/416
f 129/206/424 118/200/417 112/199/416
f 106/19/418 128/17/425 76/201/419
f 76/201/419 128/17/425 98/205/423
f 77/204/422 76/201/419 98/205/423
f 76/201/419 77/204/422 114/207/426
f 114/207/426 99/202/420 76/201/419
f 105/203/421 99/202/420 114/207/426
f 77/204/422 105/203/421 114/207/426
f 129/206/424 98/205/423 128/17/425
f 41/208/427 129/206/424 128/17/425
f 42/12/428 41/208/427 128/17/425
s 11
f 10/177/429 9/176/430 43/175/431
f 10/177/429 43/175/431 31/178/432
f 135/181/433 10/177/429 31/178/432
f 135/181/433 31/178/432 29/182/434
f 52/188/435 135/181/433 29/182/434
f 29/182/434 49/61/436 52/188/435
f 49/61/436 24/66/437 52/188/435
f 52/188/435 24/66/437 30/78/438
f 31/178/432 43/175/431 44/179/439
f 31/178/432 44/179/439 17/183/440
f 29/182/434 31/178/432 17/183/440
f 17/183/440 11/27/441 29/182/434
f 11/27/441 49/61/436 29/182/434
f 43/175/431 48/180/442 44/179/439
f 130/17/443 136/208/444 137/12/445
f 130/17/443 134/206/446 136/208/444
f 130/17/443 63/205/447 134/206/446
f 63/205/447 12/199/448 134/206/446
f 12/199/448 36/200/449 134/206/446
f 138/193/450 36/200/449 12/199/448
f 89/192/451 138/193/450 12/199/448
f 90/187/452 138/193/450 89/192/451
f 63/205/447 130/17/443 64/201/453
f 61/204/454 63/205/447 64/201/453
f 63/205/447 61/204/454 12/199/448
f 61/204/454 22/203/455 12/199/448
f 22/203/455 59/198/456 12/199/448
f 59/198/456 89/192/451 12/199/448
f 89/192/451 59/198/456 60/191/457
f 79/186/458 89/192/451 60/191/457
f 79/186/458 90/187/452 89/192/451
f 90/187/452 79/186/458 62/185/459
f 64/201/453 130/17/443 13/19/460
f 64/201/453 13/19/460 14/196/461
f 15/197/462 64/201/453 14/196/461
f 15/197/462 21/202/463 64/201/453
f 21/202/463 23/207/464 64/201/453
f 23/207/464 61/204/454 64/201/453
f 61/204/454 23/207/464 22/203/455
f 14/196/461 13/19/460 16/195/465
f 16/195/465 58/190/466 14/196/461
f 58/190/466 60/191/457 14/196/461
f 14/196/461 60/191/457 15/197/462
f 60/191/457 59/198/456 15/197/462
f 15/197/462 59/198/456 21/202/463
f 59/198/456 22/203/455 21/202/463
f 23/207/464 21/202/463 22/203/455
f 16/195/465 13/19/460 19/26/467
f 19/26/467 18/194/468 16/195/465
f 18/194/468 58/190/466 16/195/465
f 58/190/466 18/194/468 20/189/469
f 80/184/470 58/190/466 20/189/469
f 80/184/470 79/186/458 58/190/466
f 79/186/458 60/191/457 58/190/466
f 18/194/468 19/26/467 20/189/469
f 20/189/469 19/26/467 11/27/441
f 17/183/440 20/189/469 11/27/441
f 80/184/470 20/189/469 17/183/440
f 17/183/440 44/179/439 80/184/470
f 44/179/439 62/185/459 80/184/470
f 79/186/458 80/184/470 62/185/459
s 12
f 561/209/471 559/210/472 567/211/473
f 560/212/474 559/210/472 561/209/471
f 562/213/475 560/212/474 561/209/471
f 560/212/474 562/213/475 563/214/476
f 565/215/477 560/212/474 563/214/476
f 563/214/476 566/216/478 565/215/477
f 566/216/478 564/217/479 565/215/477
s 13
f 604/215/480 608/217/481 603/216/482
f 612/214/483 604/215/480 603/216/482
f 604/215/480 612/214/483 610/212/484
f 612/214/483 616/213/485 610/212/484
f 616/213/485 609/209/486 610/212/484
f 609/209/486 611/210/487 610/212/484
f 609/209/486 613/211/488 611/210/487
s 14
f 698/218/489 699/219/490 700/220/491
f 699/219/490 724/221/492 700/220/491
f 700/220/491 724/221/492 706/222/493
f 724/221/492 708/223/494 706/222/493
f 706/222/493 708/223/494 711/224/495
f 724/221/492 699/219/490 712/225/496
f 703/226/497 724/221/492 712/225/496
f 724/221/492 703/226/497 708/223/494
f 708/223/494 703/226/497 711/224/495
f 704/227/498 711/224/495 703/226/497
f 737/228/499 711/224/495 704/227/498
f 737/228/499 789/229/500 711/224/495
f 711/224/495 789/229/500 746/230/501
f 789/229/500 773/231/502 746/230/501
f 773/231/502 756/232/503 746/230/501
f 704/227/498 703/226/497 712/225/496
f 704/227/498 712/225/496 705/233/504
f 701/234/505 704/227/498 705/233/504
f 701/234/505 791/235/506 704/227/498
f 791/235/506 710/236/507 704/227/498
f 710/236/507 737/228/499 704/227/498
f 736/237/508 737/228/499 710/236/507
f 737/228/499 736/237/508 732/238/509
f 789/229/500 737/228/499 732/238/509
f 789/229/500 732/238/509 723/239/510
f 773/231/502 789/229/500 723/239/510
f 709/240/511 710/236/507 791/235/506
f 709/240/511 774/241/512 710/236/507
f 774/241/512 736/237/508 710/236/507
f 774/241/512 747/242/513 736/237/508
f 736/237/508 747/242/513 697/243/514
f 697/243/514 747/242/513 702/244/515
f 707/245/516 697/243/514 702/244/515
f 745/246/517 709/240/511 791/235/506
f 755/247/518 709/240/511 745/246/517
f 709/240/511 755/247/518 790/248/519
f 774/241/512 709/240/511 790/248/519
f 774/241/512 790/248/519 734/249/520
f 734/249/520 747/242/513 774/241/512
f 734/249/520 735/250/521 747/242/513
f 735/250/521 702/244/515 747/242/513
f 754/251/522 755/247/518 745/246/517
f 754/251/522 772/252/523 755/247/518
f 772/252/523 733/253/524 755/247/518
f 772/252/523 722/254/525 733/253/524
f 770/255/526 733/253/524 722/254/525
f 770/255/526 722/254/525 721/256/527
f 753/257/528 770/255/526 721/256/527
f 771/258/529 754/251/522 745/246/517
f 754/251/522 771/258/529 788/259/530
f 754/251/522 788/259/530 744/260/531
f 772/252/523 754/251/522 744/260/531
f 772/252/523 744/260/531 743/261/532
f 722/254/525 772/252/523 743/261/532
f 743/261/532 752/262/533 722/254/525
f 752/262/533 721/256/527 722/254/525
f 771/258/529 779/263/534 788/259/530
f 744/260/531 752/262/533 743/261/532
f 790/248/519 735/250/521 734/249/520
f 736/237/508 723/239/510 732/238/509
s 15
f 720/264/534 742/265/535 719/266/530
f 742/265/535 718/267/536 719/266/530
f 762/268/531 719/266/530 718/267/536
f 730/269/537 762/268/531 718/267/536
f 738/270/527 762/268/531 730/269/537
f 738/270/527 768/271/533 762/268/531
f 742/265/535 751/272/518 718/267/536
f 718/267/536 751/272/518 730/269/537
f 751/272/518 717/273/538 730/269/537
f 717/273/538 731/274/539 730/269/537
f 731/274/539 750/275/528 730/269/537
f 730/269/537 750/275/528 738/270/527
f 751/272/518 742/265/535 725/276/540
f 713/277/541 751/272/518 725/276/540
f 751/272/518 713/277/541 776/278/542
f 713/277/541 716/279/543 776/278/542
f 716/279/543 769/280/515 776/278/542
f 769/280/515 763/281/521 776/278/542
f 725/276/540 715/282/544 713/277/541
f 713/277/541 715/282/544 716/279/543
f 715/282/544 739/283/545 716/279/543
f 716/279/543 739/283/545 757/284/546
f 716/279/543 757/284/546 769/280/515
f 725/276/540 758/285/547 715/282/544
f 758/285/547 759/286/548 715/282/544
f 715/282/544 759/286/548 739/283/545
f 759/286/548 728/287/549 739/283/545
f 728/287/549 714/288/502 739/283/545
f 739/283/545 714/288/502 726/289/550
f 758/285/547 760/290/551 759/286/548
f 760/290/551 764/291/552 759/286/548
f 759/286/548 764/291/552 741/292/553
f 759/286/548 741/292/553 728/287/549
f 728/287/549 741/292/553 729/293/503
f 729/293/503 714/288/502 728/287/549
f 764/291/552 760/290/551 748/294/554
f 748/294/554 761/295/555 764/291/552
f 761/295/555 778/296/556 764/291/552
f 764/291/552 778/296/556 741/292/553
f 778/296/556 727/297/491 741/292/553
f 727/297/491 775/298/557 741/292/553
f 761/295/555 787/299/558 778/296/556
f 787/299/558 767/300/559 778/296/556
f 778/296/556 767/300/559 765/301/560
f 749/302/489 778/296/556 765/301/560
f 727/297/491 778/296/556 749/302/489
f 767/300/559 787/299/558 794/303/561
f 766/304/562 767/300/559 794/303/561
f 766/304/562 777/305/563 767/300/559
f 777/305/563 765/301/560 767/300/559
f 741/292/553 792/306/564 729/293/503
f 739/283/545 740/307/514 757/284/546
s 16
f 785/218/565 784/220/566 793/219/567
f 784/220/566 832/221/568 793/219/567
f 820/225/569 793/219/567 832/221/568
f 820/225/569 832/221/568 781/226/570
f 820/225/569 781/226/570 810/227/571
f 820/225/569 810/227/571 836/233/572
f 810/227/571 783/234/573 836/233/572
f 783/234/573 810/227/571 822/235/574
f 832/221/568 784/220/566 786/222/575
f 823/223/576 832/221/568 786/222/575
f 823/223/576 781/226/570 832/221/568
f 781/226/570 823/223/576 796/224/577
f 781/226/570 796/224/577 810/227/571
f 796/224/577 812/228/578 810/227/571
f 812/228/578 831/236/579 810/227/571
f 810/227/571 831/236/579 822/235/574
f 831/236/579 834/240/580 822/235/574
f 834/240/580 804/246/581 822/235/574
f 823/223/576 786/222/575 796/224/577
f 780/243/582 782/245/583 795/244/584
f 807/242/585 780/243/582 795/244/584
f 780/243/582 807/242/585 797/237/586
f 797/237/586 807/242/585 809/241/587
f 797/237/586 809/241/587 831/236/579
f 831/236/579 812/228/578 797/237/586
f 797/237/586 812/228/578 805/238/588
f 830/239/589 797/237/586 805/238/588
f 830/239/589 805/238/588 843/229/590
f 819/231/591 830/239/589 843/229/590
f 795/244/584 833/250/592 807/242/585
f 833/250/592 811/249/593 807/242/585
f 809/241/587 807/242/585 811/249/593
f 809/241/587 811/249/593 821/248/594
f 809/241/587 821/248/594 834/240/580
f 809/241/587 834/240/580 831/236/579
f 811/249/593 833/250/592 821/248/594
f 821/248/594 803/247/595 834/240/580
f 804/246/581 834/240/580 803/247/595
f 803/247/595 801/251/596 804/246/581
f 801/251/596 847/258/597 804/246/581
f 847/258/597 801/251/596 799/259/598
f 842/263/599 847/258/597 799/259/598
f 801/251/596 803/247/595 818/252/600
f 801/251/596 818/252/600 829/260/601
f 799/259/598 801/251/596 829/260/601
f 803/247/595 806/253/602 818/252/600
f 806/253/602 849/254/603 818/252/600
f 802/261/604 818/252/600 849/254/603
f 818/252/600 802/261/604 829/260/601
f 802/261/604 817/262/605 829/260/601
f 802/261/604 849/254/603 817/262/605
f 849/254/603 841/256/606 817/262/605
f 841/256/606 849/254/603 850/255/607
f 828/257/608 841/256/606 850/255/607
f 849/254/603 806/253/602 850/255/607
f 805/238/588 812/228/578 843/229/590
f 796/224/577 843/229/590 812/228/578
f 835/230/609 843/229/590 796/224/577
f 843/229/590 835/230/609 819/231/591
f 835/230/609 846/232/610 819/231/591
s 17
f 800/264/599 816/266/598 814/265/611
f 816/266/598 827/267/612 814/265/611
f 827/267/612 813/272/595 814/265/611
f 814/265/611 813/272/595 837/276/613
f 813/272/595 845/277/614 837/276/613
f 845/277/614 844/282/615 837/276/613
f 837/276/613 844/282/615 614/285/616
f 816/266/598 840/268/601 827/267/612
f 840/268/601 808/269/617 827/267/612
f 827/267/612 808/269/617 813/272/595
f 808/269/617 798/273/602 813/272/595
f 839/274/618 798/273/602 808/269/617
f 826/275/608 839/274/618 808/269/617
f 848/270/606 826/275/608 808/269/617
f 808/269/617 840/268/601 848/270/606
f 840/268/601 815/271/605 848/270/606
f 813/272/595 825/278/619 845/277/614
f 825/278/619 620/279/620 845/277/614
f 845/277/614 620/279/620 844/282/615
f 620/279/620 852/283/621 844/282/615
f 894/286/622 844/282/615 852/283/621
f 844/282/615 894/286/622 614/285/616
f 614/285/616 894/286/622 909/290/623
f 825/278/619 838/280/584 620/279/620
f 838/280/584 602/284/624 620/279/620
f 620/279/620 602/284/624 852/283/621
f 602/284/624 601/307/582 852/283/621
f 825/278/619 824/281/592 838/280/584
f 600/289/625 605/288/591 852/283/621
f 852/283/621 605/288/591 607/287/626
f 607/287/626 894/286/622 852/283/621
f 607/287/626 895/292/627 894/286/622
f 894/286/622 895/292/627 897/291/628
f 894/286/622 897/291/628 909/290/623
f 899/294/629 909/290/623 897/291/628
f 877/295/630 899/294/629 897/291/628
f 607/287/626 605/288/591 606/293/610
f 607/287/626 606/293/610 895/292/627
f 606/293/610 615/306/631 895/292/627
f 895/292/627 853/298/632 892/297/566
f 895/292/627 892/297/566 900/296/633
f 895/292/627 900/296/633 897/291/628
f 900/296/633 877/295/630 897/291/628
f 876/299/634 877/295/630 900/296/633
f 907/300/635 876/299/634 900/296/633
f 876/299/634 907/300/635 875/303/636
f 907/300/635 871/304/637 875/303/636
f 871/304/637 907/300/635 910/305/638
f 907/300/635 893/301/639 910/305/638
f 896/302/565 900/296/633 892/297/566
f 893/301/639 900/296/633 896/302/565
f 893/301/639 907/300/635 900/296/633
s 18
f 882/308/640 872/309/641 870/310/562
f 869/311/638 872/309/641 882/308/640
f 869/311/638 883/312/639 872/309/641
f 883/312/639 888/313/490 872/309/641
f 888/313/490 883/312/639 881/314/569
f 886/315/496 888/313/490 881/314/569
f 886/315/496 881/314/569 887/316/572
f 903/317/504 886/315/496 887/316/572
f 884/318/642 869/311/638 882/308/640
f 867/319/637 869/311/638 884/318/642
f 882/308/640 914/320/643 884/318/642
f 914/320/643 595/321/644 884/318/642
f 914/320/643 596/322/645 595/321/644
f 596/322/645 594/323/646 595/321/644
s 19
f 694/324/647 695/325/648 684/326/649
f 684/326/649 695/325/648 696/327/650
f 670/328/651 684/326/649 696/327/650
f 599/329/652 670/328/651 696/327/650
f 591/330/653 599/329/652 696/327/650
f 590/331/654 599/329/652 591/330/653
s 20
f 671/332/648 679/333/655 628/334/650
f 679/333/655 627/335/656 628/334/650
f 627/335/656 631/336/657 628/334/650
f 631/336/657 629/337/653 628/334/650
f 679/333/655 655/338/658 627/335/656
f 655/338/658 674/339/659 627/335/656
f 674/339/659 625/340/660 627/335/656
f 625/340/660 631/336/657 627/335/656
f 655/338/658 679/333/655 630/341/661
f 630/341/661 638/342/662 655/338/658
f 674/339/659 655/338/658 638/342/662
f 638/342/662 625/340/660 674/339/659
f 637/343/663 625/340/660 638/342/662
f 625/340/660 637/343/663 631/336/657
f 631/336/657 637/343/663 624/344/664
f 673/345/665 631/336/657 624/344/664
f 673/345/665 666/346/666 631/336/657
f 666/346/666 635/347/667 631/336/657
f 630/341/661 679/333/655 632/348/668
f 630/341/661 632/348/668 638/342/662
f 632/348/668 693/349/669 638/342/662
f 638/342/662 693/349/669 624/344/664
f 638/342/662 624/344/664 637/343/663
f 679/333/655 678/350/670 632/348/668
f 633/351/671 632/348/668 678/350/670
f 693/349/669 632/348/668 633/351/671
f 692/352/672 693/349/669 633/351/671
f 692/352/672 656/353/673 693/349/669
f 656/353/673 624/344/664 693/349/669
f 656/353/673 673/345/665 624/344/664
f 673/345/665 656/353/673 688/354/674
f 626/355/675 673/345/665 688/354/674
f 673/345/665 626/355/675 666/346/666
f 626/355/675 639/356/676 666/346/666
f 678/350/670 679/333/655 651/357/677
f 650/358/678 678/350/670 651/357/677
f 678/350/670 650/358/678 688/354/674
f 633/351/671 678/350/670 688/354/674
f 664/359/679 633/351/671 688/354/674
f 633/351/671 664/359/679 692/352/672
f 692/352/672 664/359/679 656/353/673
f 688/354/674 656/353/673 664/359/679
f 679/333/655 677/360/680 651/357/677
f 676/361/681 650/358/678 651/357/677
f 676/361/681 672/362/682 650/358/678
f 672/362/682 691/363/683 650/358/678
f 650/358/678 691/363/683 636/364/684
f 688/354/674 650/358/678 636/364/684
f 626/355/675 688/354/674 636/364/684
f 675/365/685 626/355/675 636/364/684
f 626/355/675 675/365/685 634/366/686
f 639/356/676 626/355/675 634/366/686
f 636/364/684 691/363/683 640/367/687
f 636/364/684 640/367/687 675/365/685
f 640/367/687 665/368/688 675/365/685
f 691/363/683 687/369/689 640/367/687
s 21
f 946/370/690 623/371/691 917/372/692
f 946/370/690 917/372/692 933/373/693
f 946/370/690 933/373/693 942/374/694
f 933/373/693 941/375/695 942/374/694
f 942/374/694 941/375/695 926/376/696
f 927/377/697 942/374/694 926/376/696
f 926/376/696 641/378/698 927/377/697
f 641/378/698 621/379/699 927/377/697
f 917/372/692 932/380/700 933/373/693
f 933/373/693 932/380/700 923/381/701
f 933/373/693 923/381/701 956/382/702
f 941/375/695 933/373/693 956/382/702
f 956/382/702 925/383/92 941/375/695
f 925/383/92 926/376/696 941/375/695
f 930/384/703 926/376/696 925/383/92
f 930/384/703 641/378/698 926/376/696
f 932/380/700 924/385/704 923/381/701
f 931/386/86 930/384/703 925/383/92
f 931/386/86 929/387/74 930/384/703
f 929/387/74 928/388/705 930/384/703
f 928/388/705 643/389/706 930/384/703
f 930/384/703 643/389/706 641/378/698
f 643/389/706 936/390/707 641/378/698
f 936/390/707 659/391/708 641/378/698
f 621/379/699 641/378/698 659/391/708
f 660/392/709 621/379/699 659/391/708
f 928/388/705 929/387/74 934/393/681
f 934/393/681 668/394/677 928/388/705
f 668/394/677 643/389/706 928/388/705
f 668/394/677 642/395/649 643/389/706
f 642/395/649 936/390/707 643/389/706
f 936/390/707 642/395/649 918/396/710
f 918/396/710 916/397/711 936/390/707
f 916/397/711 659/391/708 936/390/707
f 916/397/711 953/398/712 659/391/708
f 953/398/712 660/392/709 659/391/708
f 929/387/74 915/399/63 934/393/681
f 1035/400/713 934/393/681 915/399/63
f 622/401/682 934/393/681 1035/400/713
f 657/402/714 622/401/682 1035/400/713
f 1035/400/713 685/401/686 657/402/714
f 1035/400/713 1036/393/676 685/401/686
f 1035/400/713 915/399/63 658/403/715
f 658/403/715 1033/399/42 1035/400/713
f 1033/399/42 1036/393/676 1035/400/713
f 1033/399/42 1029/387/716 1036/393/676
f 1029/387/716 1031/388/717 1036/393/676
f 1036/393/676 1031/388/717 647/394/666
f 1031/388/717 645/389/718 647/394/666
f 644/395/652 647/394/666 645/389/718
f 648/390/719 644/395/652 645/389/718
f 939/396/720 644/395/652 648/390/719
f 646/404/651 644/395/652 939/396/720
f 1047/384/721 1031/388/717 1029/387/716
f 1047/384/721 645/389/718 1031/388/717
f 654/378/722 645/389/718 1047/384/721
f 645/389/718 654/378/722 648/390/719
f 654/378/722 649/391/723 648/390/719
f 648/390/719 649/391/723 1034/397/724
f 939/396/720 648/390/719 1034/397/724
f 939/396/720 1034/397/724 1032/405/725
f 938/406/726 939/396/720 1032/405/725
f 938/406/726 646/404/651 939/396/720
f 1048/386/23 1047/384/721 1029/387/716
f 1048/386/23 1046/383/17 1047/384/721
f 1046/383/17 1045/376/727 1047/384/721
f 1045/376/727 654/378/722 1047/384/721
f 654/378/722 1045/376/727 1030/377/728
f 943/379/729 654/378/722 1030/377/728
f 654/378/722 943/379/729 649/391/723
f 943/379/729 944/392/730 649/391/723
f 649/391/723 944/392/730 940/398/731
f 1034/397/724 649/391/723 940/398/731
f 1034/397/724 940/398/731 937/407/732
f 1032/405/725 1034/397/724 937/407/732
f 1010/375/733 1045/376/727 1046/383/17
f 1045/376/727 1010/375/733 1037/374/734
f 1030/377/728 1045/376/727 1037/374/734
f 1008/382/735 1010/375/733 1046/383/17
f 1010/375/733 1008/382/735 1009/373/736
f 1010/375/733 1009/373/736 1037/374/734
f 1009/373/736 1049/370/737 1037/374/734
f 1009/373/736 1058/372/738 1049/370/737
f 1058/372/738 949/371/739 1049/370/737
f 1008/382/735 1007/381/740 1009/373/736
f 1009/373/736 1007/381/740 1016/380/741
f 1009/373/736 1016/380/741 1058/372/738
f 1007/381/740 1014/385/742 1016/380/741
f 937/407/732 953/398/712 916/397/711
f 1032/405/725 937/407/732 916/397/711
f 1032/405/725 916/397/711 918/396/710
f 938/406/726 1032/405/725 918/396/710
f 918/396/710 646/404/651 938/406/726
f 918/396/710 642/395/649 646/404/651
s 22
f 662/408/743 975/409/744 966/410/701
f 979/411/745 966/410/701 975/409/744
f 979/411/745 968/412/746 966/410/701
f 968/412/746 984/413/747 966/410/701
f 984/413/747 968/412/746 976/414/748
f 968/412/746 973/415/749 976/414/748
f 976/414/748 973/415/749 959/416/750
f 1081/417/751 976/414/748 959/416/750
f 945/418/752 979/411/745 975/409/744
f 1066/419/753 1081/417/751 959/416/750
f 1066/419/753 1065/416/754 1081/417/751
f 1065/416/754 1092/414/755 1081/417/751
f 1065/416/754 1067/415/756 1092/414/755
f 1092/414/755 1067/415/756 1056/412/757
f 1057/413/735 1092/414/755 1056/412/757
f 1038/410/740 1057/413/735 1056/412/757
f 1039/411/758 1038/410/740 1056/412/757
f 1013/409/759 1038/410/740 1039/411/758
f 1038/410/740 1013/409/759 686/408/760
f 1015/418/761 1013/409/759 1039/411/758
s 23
f 906/420/762 683/421/691 1193/422/690
f 906/420/762 1193/422/690 905/423/745
f 856/424/763 906/420/762 905/423/745
f 854/425/746 905/423/745 1193/422/690
f 963/426/694 854/425/746 1193/422/690
f 854/425/746 963/426/694 961/427/749
f 963/426/694 855/428/697 961/427/749
f 961/427/749 855/428/697 922/429/699
f 922/429/699 967/430/764 961/427/749
f 967/430/764 965/431/750 961/427/749
f 965/431/750 967/430/764 1064/432/765
f 1063/433/753 965/431/750 1064/432/765
f 1063/433/753 1064/432/765 1126/431/754
f 1064/432/765 1113/430/766 1126/431/754
f 1126/431/754 1113/430/766 1103/427/767
f 967/430/764 922/429/699 919/434/768
f 921/435/769 967/430/764 919/434/768
f 1064/432/765 967/430/764 921/435/769
f 1080/436/770 1064/432/765 921/435/769
f 1064/432/765 1080/436/770 1075/435/771
f 1113/430/766 1064/432/765 1075/435/771
f 1113/430/766 1075/435/771 1074/434/772
f 1119/429/729 1113/430/766 1074/434/772
f 1113/430/766 1119/429/729 1103/427/767
f 921/435/769 919/434/768 955/437/773
f 1080/436/770 921/435/769 955/437/773
f 1076/438/774 1080/436/770 955/437/773
f 1080/436/770 1076/438/774 1073/437/775
f 1075/435/771 1080/436/770 1073/437/775
f 1073/437/775 1074/434/772 1075/435/771
f 1119/429/729 1118/428/728 1103/427/767
f 1103/427/767 1118/428/728 1112/426/734
f 1088/425/757 1103/427/767 1112/426/734
f 1088/425/757 1112/426/734 1093/422/737
f 1051/423/758 1088/425/757 1093/422/737
f 1051/423/758 1093/422/737 1082/420/776
f 1129/424/777 1051/423/758 1082/420/776
f 1093/422/737 948/421/739 1082/420/776
s 24
f 920/439/762 962/440/778 972/441/691
f 962/440/778 969/442/779 972/441/691
f 972/441/691 969/442/779 952/443/780
f 952/443/780 689/444/692 972/441/691
f 689/444/692 952/443/780 861/445/781
f 904/446/782 861/445/781 952/443/780
f 859/447/743 861/445/781 904/446/782
f 962/440/778 862/448/783 969/442/779
f 862/448/783 981/449/784 969/442/779
f 969/442/779 981/449/784 935/450/785
f 969/442/779 935/450/785 952/443/780
f 935/450/785 904/446/782 952/443/780
f 935/450/785 982/451/786 904/446/782
f 982/451/786 964/452/787 904/446/782
f 964/452/787 863/453/788 904/446/782
f 863/453/788 860/454/789 904/446/782
f 860/454/789 859/447/743 904/446/782
f 981/449/784 862/448/783 857/455/790
f 970/456/791 981/449/784 857/455/790
f 981/449/784 970/456/791 858/457/792
f 982/451/786 981/449/784 858/457/792
f 981/449/784 982/451/786 935/450/785
f 857/455/790 663/458/793 970/456/791
f 970/456/791 663/458/793 858/457/792
f 663/458/793 661/459/794 858/457/792
f 661/459/794 964/452/787 858/457/792
f 964/452/787 982/451/786 858/457/792
f 663/458/793 960/460/795 661/459/794
f 960/460/795 863/453/788 661/459/794
f 863/453/788 964/452/787 661/459/794
f 663/458/793 957/461/796 960/460/795
f 957/461/796 958/462/797 960/460/795
f 958/462/797 863/453/788 960/460/795
f 863/453/788 958/462/797 951/463/798
f 860/454/789 863/453/788 951/463/798
f 860/454/789 951/463/798 859/447/743
f 951/463/798 978/464/799 859/447/743
f 859/447/743 978/464/799 690/465/744
f 690/465/744 978/464/799 971/466/752
f 957/461/796 663/458/793 667/467/800
f 667/467/800 669/468/801 957/461/796
f 669/468/801 958/462/797 957/461/796
f 958/462/797 669/468/801 950/469/802
f 951/463/798 958/462/797 950/469/802
f 951/463/798 950/469/802 978/464/799
f 950/469/802 971/466/752 978/464/799
f 971/466/752 950/469/802 980/470/762
f 950/469/802 983/471/778 980/470/762
f 950/469/802 669/468/801 983/471/778
f 669/468/801 977/472/803 983/471/778
f 667/467/800 663/458/793 954/473/804
f 954/473/804 977/472/803 667/467/800
f 977/472/803 669/468/801 667/467/800
s 25
f 1100/439/776 1137/441/739 1050/440/805
f 1137/441/739 1053/442/806 1050/440/805
f 1050/440/805 1053/442/806 1136/448/807
f 1053/442/806 1122/449/808 1136/448/807
f 1121/455/809 1136/448/807 1122/449/808
f 1084/456/810 1121/455/809 1122/449/808
f 1084/456/810 653/458/811 1121/455/809
f 1137/441/739 1054/443/812 1053/442/806
f 1054/443/812 1085/450/813 1053/442/806
f 1122/449/808 1053/442/806 1085/450/813
f 1105/451/814 1122/449/808 1085/450/813
f 1122/449/808 1105/451/814 1095/457/815
f 1084/456/810 1122/449/808 1095/457/815
f 1095/457/815 653/458/811 1084/456/810
f 1137/441/739 652/444/738 1054/443/812
f 1102/445/816 1054/443/812 652/444/738
f 1102/445/816 1120/446/817 1054/443/812
f 1120/446/817 1085/450/813 1054/443/812
f 1105/451/814 1085/450/813 1120/446/817
f 1101/452/818 1105/451/814 1120/446/817
f 1105/451/814 1101/452/818 1095/457/815
f 1101/452/818 974/459/819 1095/457/815
f 1095/457/815 974/459/819 653/458/811
f 974/459/819 1069/460/820 653/458/811
f 1069/460/820 1070/461/821 653/458/811
f 1140/467/822 653/458/811 1070/461/821
f 1096/473/823 653/458/811 1140/467/822
f 1120/446/817 1102/445/816 1052/447/760
f 1083/454/824 1120/446/817 1052/447/760
f 1083/454/824 1068/453/825 1120/446/817
f 1068/453/825 1101/452/818 1120/446/817
f 1101/452/818 1068/453/825 974/459/819
f 1068/453/825 1069/460/820 974/459/819
f 1069/460/820 1068/453/825 1086/462/826
f 1070/461/821 1069/460/820 1086/462/826
f 1070/461/821 1086/462/826 1087/468/827
f 1140/467/822 1070/461/821 1087/468/827
f 1140/467/822 1087/468/827 1106/472/828
f 1096/473/823 1140/467/822 1106/472/828
f 1124/463/829 1083/454/824 1052/447/760
f 1068/453/825 1083/454/824 1124/463/829
f 1086/462/826 1068/453/825 1124/463/829
f 1086/462/826 1124/463/829 1139/469/830
f 1087/468/827 1086/462/826 1139/469/830
f 1139/469/830 1104/471/805 1087/468/827
f 1104/471/805 1106/472/828 1087/468/827
f 1138/464/831 1124/463/829 1052/447/760
f 1139/469/830 1124/463/829 1138/464/831
f 1123/466/761 1139/469/830 1138/464/831
f 1123/466/761 1094/470/776 1139/469/830
f 1094/470/776 1104/471/805 1139/469/830
f 947/465/759 1138/464/831 1052/447/760
f 1123/466/761 1138/464/831 947/465/759
s 26
f 1134/474/832 1189/475/833 1174/476/834
f 1152/477/835 1134/474/832 1174/476/834
f 1133/478/836 1134/474/832 1152/477/835
f 1149/479/837 1133/478/836 1152/477/835
f 1149/479/837 1151/480/838 1133/478/836
f 1151/480/838 1142/481/839 1133/478/836
f 1152/477/835 1174/476/834 1154/482/840
f 1154/482/840 1147/483/841 1152/477/835
f 1147/483/841 1149/479/837 1152/477/835
f 1151/480/838 1149/479/837 1147/483/841
f 1145/484/842 1151/480/838 1147/483/841
f 1147/483/841 1185/485/843 1145/484/842
f 1185/485/843 1155/486/844 1145/484/842
f 1155/486/844 1185/485/843 1716/487/845
f 1174/476/834 1164/488/846 1154/482/840
f 1780/489/847 1154/482/840 1164/488/846
f 1154/482/840 1780/489/847 1185/485/843
f 1147/483/841 1154/482/840 1185/485/843
f 1762/8/848 1780/489/847 1164/488/846
f 1780/489/847 1762/8/848 1797/6/849
f 1778/490/850 1780/489/847 1797/6/849
f 1715/491/851 1780/489/847 1778/490/850
f 1780/489/847 1715/491/851 1717/492/852
f 1185/485/843 1780/489/847 1717/492/852
f 1185/485/843 1717/492/852 1716/487/845
f 1717/492/852 1738/493/853 1716/487/845
f 2093/494/854 1716/487/845 1738/493/853
f 1762/8/848 2055/5/855 1797/6/849
f 2055/5/855 2070/4/856 1797/6/849
f 1796/7/857 1797/6/849 2070/4/856
f 1778/490/850 1797/6/849 1796/7/857
f 1779/495/858 1778/490/850 1796/7/857
f 1779/495/858 1760/496/859 1778/490/850
f 1760/496/859 1741/497/860 1778/490/850
f 1741/497/860 1715/491/851 1778/490/850
f 2072/498/861 2070/4/856 2057/7/862
f 2072/498/861 1796/7/857 2070/4/856
f 1776/499/863 1796/7/857 2072/498/861
f 1779/495/858 1796/7/857 1776/499/863
f 1777/500/864 1779/495/858 1776/499/863
f 1779/495/858 1777/500/864 2101/501/865
f 1779/495/858 2101/501/865 1760/496/859
f 2100/8/866 2096/489/867 2099/6/868
f 2096/489/867 2060/490/869 2099/6/868
f 2099/6/868 2060/490/869 2057/7/862
f 2060/490/869 2056/495/870 2057/7/862
f 2057/7/862 2056/495/870 2082/499/871
f 2057/7/862 2082/499/871 2072/498/861
f 2082/499/871 2087/502/872 2072/498/861
f 2087/502/872 1776/499/863 2072/498/861
f 1785/503/873 1776/499/863 2087/502/872
f 1777/500/864 1776/499/863 1785/503/873
f 2100/8/866 1869/488/874 2096/489/867
f 1869/488/874 1871/482/875 2096/489/867
f 2096/489/867 1871/482/875 1897/485/876
f 2096/489/867 1897/485/876 2053/492/877
f 2063/491/878 2096/489/867 2053/492/877
f 2096/489/867 2063/491/878 2060/490/869
f 2063/491/878 2061/497/879 2060/490/869
f 2061/497/879 2095/496/880 2060/490/869
f 2095/496/880 2056/495/870 2060/490/869
f 1869/488/874 1867/476/881 1871/482/875
f 1867/476/881 1873/477/882 1871/482/875
f 1871/482/875 1873/477/882 1855/483/883
f 1871/482/875 1855/483/883 1897/485/876
f 1855/483/883 1856/484/884 1897/485/876
f 1856/484/884 1903/486/885 1897/485/876
f 1897/485/876 1903/486/885 2110/487/886
f 2053/492/877 1897/485/876 2110/487/886
f 1873/477/882 1867/476/881 1857/474/887
f 1873/477/882 1857/474/887 1893/478/888
f 1853/479/889 1873/477/882 1893/478/888
f 1873/477/882 1853/479/889 1855/483/883
f 1855/483/883 1853/479/889 1905/480/890
f 1856/484/884 1855/483/883 1905/480/890
f 1867/476/881 1848/475/891 1857/474/887
f 1905/480/890 1853/479/889 1893/478/888
f 1892/481/892 1905/480/890 1893/478/888
s 27
f 1179/504/893 1178/505/894 1176/506/895
f 1178/505/894 1177/507/896 1176/506/895
f 1176/506/895 1177/507/896 1108/508/897
f 1177/507/896 1125/509/898 1108/508/897
f 1108/508/897 1125/509/898 1744/510/899
f 1714/511/900 1108/508/897 1744/510/899
f 1714/511/900 1744/510/899 1754/508/901
f 1178/505/894 1175/512/902 1177/507/896
f 1175/512/902 1165/513/903 1177/507/896
f 1125/509/898 1177/507/896 1165/513/903
f 1107/514/904 1125/509/898 1165/513/903
f 1125/509/898 1107/514/904 1712/515/905
f 1744/510/899 1125/509/898 1712/515/905
f 1744/510/899 1712/515/905 1713/509/906
f 1744/510/899 1713/509/906 1754/508/901
f 1713/509/906 1842/507/907 1754/508/901
f 1842/507/907 1883/506/908 1754/508/901
f 1175/512/902 1167/516/909 1165/513/903
f 1167/516/909 1131/517/910 1165/513/903
f 1107/514/904 1165/513/903 1131/517/910
f 1098/518/911 1107/514/904 1131/517/910
f 1098/518/911 1710/519/912 1107/514/904
f 1710/519/912 1712/515/905 1107/514/904
f 1712/515/905 1710/519/912 1701/514/913
f 1712/515/905 1701/514/913 1713/509/906
f 1701/514/913 1845/513/914 1713/509/906
f 1845/513/914 1842/507/907 1713/509/906
f 1098/518/911 1131/517/910 1167/516/909
f 1111/520/915 1098/518/911 1167/516/909
f 1098/518/911 1111/520/915 1099/521/916
f 1078/522/917 1098/518/911 1099/521/916
f 1098/518/911 1078/522/917 1097/523/918
f 1788/524/919 1098/518/911 1097/523/918
f 1710/519/912 1098/518/911 1788/524/919
f 1788/524/919 1904/518/920 1710/519/912
f 1710/519/912 1904/518/920 1701/514/913
f 1904/518/920 1884/517/921 1701/514/913
f 1884/517/921 1845/513/914 1701/514/913
f 1078/522/917 1099/521/916 1072/525/922
f 1127/526/923 1078/522/917 1072/525/922
f 1078/522/917 1127/526/923 1097/523/918
f 1127/526/923 1090/527/924 1097/523/918
f 1097/523/918 1090/527/924 1115/528/925
f 1097/523/918 1115/528/925 1071/529/926
f 1097/523/918 1071/529/926 1061/530/927
f 1786/531/928 1097/523/918 1061/530/927
f 1786/531/928 1788/524/919 1097/523/918
f 1127/526/923 1072/525/922 1090/527/924
f 1072/525/922 1089/532/929 1090/527/924
f 1090/527/924 1089/532/929 1109/533/930
f 1115/528/925 1090/527/924 1109/533/930
f 1109/533/930 1060/534/931 1115/528/925
f 1060/534/931 1071/529/926 1115/528/925
f 1061/530/927 1071/529/926 1060/534/931
f 1062/535/932 1061/530/927 1060/534/931
f 1061/530/927 1062/535/932 1742/536/933
f 1786/531/928 1061/530/927 1742/536/933
f 1742/536/933 1746/530/934 1786/531/928
f 1703/523/935 1786/531/928 1746/530/934
f 1786/531/928 1703/523/935 1788/524/919
f 1788/524/919 1703/523/935 1904/518/920
f 1062/535/932 1745/537/936 1742/536/933
f 1742/536/933 1745/537/936 1814/535/937
f 1746/530/934 1742/536/933 1814/535/937
f 1746/530/934 1814/535/937 1751/534/938
f 1750/529/939 1746/530/934 1751/534/938
f 1750/529/939 1703/523/935 1746/530/934
f 1750/529/939 1704/528/940 1703/523/935
f 1704/528/940 1705/527/941 1703/523/935
f 1703/523/935 1705/527/941 1700/526/942
f 1703/523/935 1700/526/942 1860/522/943
f 1703/523/935 1860/522/943 1904/518/920
f 1704/528/940 1750/529/939 1751/534/938
f 1707/533/944 1704/528/940 1751/534/938
f 1704/528/940 1707/533/944 1705/527/941
f 1707/533/944 1747/532/945 1705/527/941
f 1747/532/945 1702/525/946 1705/527/941
f 1702/525/946 1700/526/942 1705/527/941
f 1700/526/942 1702/525/946 1860/522/943
f 1702/525/946 1863/521/947 1860/522/943
f 1860/522/943 1863/521/947 1904/518/920
f 1863/521/947 1861/520/948 1904/518/920
f 1904/518/920 1861/520/948 1846/516/949
f 1884/517/921 1904/518/920 1846/516/949
f 1845/513/914 1884/517/921 1846/516/949
f 1844/512/950 1845/513/914 1846/516/949
f 1842/507/907 1845/513/914 1844/512/950
f 1882/505/951 1842/507/907 1844/512/950
f 1883/506/908 1842/507/907 1882/505/951
f 1885/504/952 1883/506/908 1882/505/951
s 28
f 1166/538/953 1143/539/954 1157/540/955
f 1143/539/954 1156/541/956 1157/540/955
f 1157/540/955 1156/541/956 1117/542/957
f 1117/542/957 1116/543/958 1157/540/955
f 1116/543/958 1128/544/959 1157/540/955
f 1091/545/960 1157/540/955 1128/544/959
f 1128/544/959 1110/546/961 1091/545/960
f 1114/547/962 1110/546/961 1128/544/959
f 1156/541/956 1143/539/954 1130/548/963
f 1130/548/963 1753/549/964 1156/541/956
f 1753/549/964 1752/550/965 1156/541/956
f 1156/541/956 1752/550/965 1117/542/957
f 1752/550/965 1709/551/966 1117/542/957
f 1709/551/966 1706/552/967 1117/542/957
f 1706/552/967 1116/543/958 1117/542/957
f 1116/543/958 1706/552/967 1077/553/968
f 1116/543/958 1077/553/968 1128/544/959
f 1143/539/954 1144/554/969 1130/548/963
f 1135/555/970 1130/548/963 1144/554/969
f 1135/555/970 1868/556/971 1130/548/963
f 1868/556/971 1753/549/964 1130/548/963
f 1753/549/964 1868/556/971 1881/548/972
f 1753/549/964 1881/548/972 1847/541/973
f 1752/550/965 1753/549/964 1847/541/973
f 1752/550/965 1847/541/973 1866/542/974
f 1709/551/966 1752/550/965 1866/542/974
f 1866/542/974 1706/552/967 1709/551/966
f 1141/557/975 1135/555/970 1144/554/969
f 1135/555/970 1141/557/975 1148/558/976
f 1148/558/976 1868/556/971 1135/555/970
f 1872/559/977 1868/556/971 1148/558/976
f 1895/558/978 1868/556/971 1872/559/977
f 1859/555/979 1868/556/971 1895/558/978
f 1868/556/971 1859/555/979 1881/548/972
f 1881/548/972 1859/555/979 1880/554/980
f 1880/554/980 1843/539/981 1881/548/972
f 1843/539/981 1847/541/973 1881/548/972
f 1141/557/975 1153/560/836 1148/558/976
f 1153/560/836 1150/561/982 1148/558/976
f 1150/561/982 1146/562/983 1148/558/976
f 1148/558/976 1146/562/983 1872/559/977
f 1146/562/983 1870/563/984 1872/559/977
f 1870/563/984 1908/562/985 1872/559/977
f 1908/562/985 1895/558/978 1872/559/977
f 1895/558/978 1908/562/985 1901/561/892
f 1894/560/986 1895/558/978 1901/561/892
f 1894/560/986 1858/557/987 1895/558/978
f 1858/557/987 1859/555/979 1895/558/978
f 1859/555/979 1858/557/987 1880/554/980
f 1077/553/968 1079/564/988 1128/544/959
f 1128/544/959 1079/564/988 1059/565/989
f 1114/547/962 1128/544/959 1059/565/989
f 1706/552/967 1781/566/990 1077/553/968
f 1781/566/990 1706/552/967 1862/553/991
f 1706/552/967 1865/543/992 1862/553/991
f 1865/543/992 1864/544/993 1862/553/991
f 1864/544/993 1711/564/994 1862/553/991
f 1812/565/995 1711/564/994 1864/544/993
f 1812/565/995 1864/544/993 1749/547/996
f 1864/544/993 1813/546/997 1749/547/996
f 1748/545/998 1813/546/997 1864/544/993
f 1866/542/974 1865/543/992 1706/552/967
f 1865/543/992 1866/542/974 1898/540/999
f 1864/544/993 1865/543/992 1898/540/999
f 1864/544/993 1898/540/999 1748/545/998
f 1866/542/974 1847/541/973 1898/540/999
f 1898/540/999 1847/541/973 1843/539/981
f 1907/538/1000 1898/540/999 1843/539/981
s 29
f 1724/567/1001 1723/568/1002 1725/569/1003
f 1723/568/1002 1807/570/1004 1725/569/1003
f 1807/570/1004 1805/571/1005 1725/569/1003
f 1805/571/1005 1811/572/1006 1725/569/1003
f 1805/571/1005 1934/573/1007 1811/572/1006
f 1934/573/1007 1940/574/1008 1811/572/1006
f 1974/572/1009 1940/574/1008 1934/573/1007
f 1723/568/1002 1804/575/1010 1807/570/1004
f 1804/575/1010 1803/576/1011 1807/570/1004
f 1807/570/1004 1803/576/1011 1802/577/1012
f 1805/571/1005 1807/570/1004 1802/577/1012
f 1802/577/1012 1978/578/1013 1805/571/1005
f 1978/578/1013 1934/573/1007 1805/571/1005
f 1933/571/1014 1934/573/1007 1978/578/1013
f 1933/571/1014 1974/572/1009 1934/573/1007
f 1941/569/1015 1974/572/1009 1933/571/1014
f 1803/576/1011 1804/575/1010 1799/579/1016
f 1798/580/1017 1803/576/1011 1799/579/1016
f 1803/576/1011 1798/580/1017 1802/577/1012
f 1798/580/1017 1800/581/1018 1802/577/1012
f 1800/581/1018 2045/582/1019 1802/577/1012
f 2045/582/1019 1978/578/1013 1802/577/1012
f 1979/577/1020 1978/578/1013 2045/582/1019
f 1979/577/1020 1933/571/1014 1978/578/1013
f 1933/571/1014 1979/577/1020 1939/570/1021
f 1939/570/1021 1941/569/1015 1933/571/1014
f 1941/569/1015 1939/570/1021 1993/568/1022
f 1994/567/1023 1941/569/1015 1993/568/1022
f 1784/583/1024 1798/580/1017 1799/579/1016
f 1798/580/1017 1784/583/1024 1794/584/1025
f 1800/581/1018 1798/580/1017 1794/584/1025
f 1708/585/1026 1800/581/1018 1794/584/1025
f 2045/582/1019 1800/581/1018 1708/585/1026
f 2050/586/1027 2045/582/1019 1708/585/1026
f 2045/582/1019 2050/586/1027 2035/585/1028
f 2044/581/1029 2045/582/1019 2035/585/1028
f 2044/581/1029 1979/577/1020 2045/582/1019
f 1782/587/1030 1784/583/1024 1799/579/1016
f 1767/588/1031 1784/583/1024 1782/587/1030
f 1784/583/1024 1767/588/1031 1773/589/1032
f 1794/584/1025 1784/583/1024 1773/589/1032
f 1790/590/1033 1794/584/1025 1773/589/1032
f 1708/585/1026 1794/584/1025 1790/590/1033
f 1756/591/1034 1708/585/1026 1790/590/1033
f 1708/585/1026 1756/591/1034 1795/592/1035
f 2050/586/1027 1708/585/1026 1795/592/1035
f 1765/593/1036 1767/588/1031 1782/587/1030
f 1767/588/1031 1765/593/1036 1769/594/1037
f 1791/595/1038 1767/588/1031 1769/594/1037
f 1767/588/1031 1791/595/1038 1773/589/1032
f 1791/595/1038 1790/590/1033 1773/589/1032
f 1790/590/1033 1791/595/1038 1792/596/1039
f 1756/591/1034 1790/590/1033 1792/596/1039
f 1795/592/1035 1756/591/1034 1792/596/1039
f 1793/597/1040 1795/592/1035 1792/596/1039
f 2039/598/1041 1795/592/1035 1793/597/1040
f 1795/592/1035 2039/598/1041 2050/586/1027
f 1765/593/1036 1783/599/1042 1769/594/1037
f 1993/568/1022 1939/570/1021 1937/575/1043
f 1939/570/1021 1936/576/1044 1937/575/1043
f 1937/575/1043 1936/576/1044 2026/579/1045
f 1936/576/1044 2051/580/1046 2026/579/1045
f 2026/579/1045 2051/580/1046 2092/583/1047
f 2091/587/1048 2026/579/1045 2092/583/1047
f 2091/587/1048 2092/583/1047 2117/588/1049
f 2067/593/1050 2091/587/1048 2117/588/1049
f 1979/577/1020 1936/576/1044 1939/570/1021
f 1936/576/1044 1979/577/1020 2051/580/1046
f 1979/577/1020 2044/581/1029 2051/580/1046
f 2051/580/1046 2044/581/1029 2122/584/1051
f 2092/583/1047 2051/580/1046 2122/584/1051
f 2125/589/1052 2092/583/1047 2122/584/1051
f 2125/589/1052 2117/588/1049 2092/583/1047
f 2049/595/1053 2117/588/1049 2125/589/1052
f 2117/588/1049 2049/595/1053 2066/594/1054
f 2067/593/1050 2117/588/1049 2066/594/1054
f 2069/599/1055 2067/593/1050 2066/594/1054
f 2122/584/1051 2044/581/1029 2035/585/1028
f 2122/584/1051 2035/585/1028 2048/590/1056
f 2125/589/1052 2122/584/1051 2048/590/1056
f 2048/590/1056 2049/595/1053 2125/589/1052
f 2049/595/1053 2048/590/1056 2126/596/1057
f 1924/600/1058 2049/595/1053 2126/596/1057
f 1944/601/1059 2049/595/1053 1924/600/1058
f 1944/601/1059 1972/602/1060 2049/595/1053
f 2049/595/1053 1972/602/1060 2066/594/1054
f 2035/585/1028 2036/591/1061 2048/590/1056
f 2048/590/1056 2036/591/1061 2126/596/1057
f 2126/596/1057 2036/591/1061 2128/592/1062
f 2038/597/1063 2126/596/1057 2128/592/1062
f 2012/603/1064 2126/596/1057 2038/597/1063
f 2012/603/1064 1924/600/1058 2126/596/1057
f 1924/600/1058 2012/603/1064 2013/604/1065
f 1944/601/1059 1924/600/1058 2013/604/1065
f 2013/604/1065 1952/605/1066 1944/601/1059
f 1944/601/1059 1952/605/1066 1972/602/1060
f 2128/592/1062 2036/591/1061 2035/585/1028
f 2128/592/1062 2035/585/1028 2050/586/1027
f 2050/586/1027 2039/598/1041 2128/592/1062
f 2038/597/1063 2128/592/1062 2039/598/1041
f 2037/606/1067 2038/597/1063 2039/598/1041
f 1963/607/1068 2038/597/1063 2037/606/1067
f 1963/607/1068 2012/603/1064 2038/597/1063
f 2012/603/1064 1963/607/1068 2005/608/1069
f 2012/603/1064 2005/608/1069 2011/609/1070
f 2013/604/1065 2012/603/1064 2011/609/1070
f 1923/610/1071 2013/604/1065 2011/609/1070
f 1923/610/1071 1952/605/1066 2013/604/1065
f 1952/605/1066 1923/610/1071 1953/611/1072
f 1953/611/1072 1954/612/1073 1952/605/1066
f 1954/612/1073 1953/611/1072 2025/613/1074
f 2037/606/1067 2039/598/1041 1793/597/1040
f 1793/597/1040 1645/607/1075 2037/606/1067
f 1645/607/1075 2009/614/1076 2037/606/1067
f 2009/614/1076 1963/607/1068 2037/606/1067
f 2021/615/1077 1963/607/1068 2009/614/1076
f 1963/607/1068 2021/615/1077 2005/608/1069
f 1961/616/1078 2005/608/1069 2021/615/1077
f 1961/616/1078 2020/617/1079 2005/608/1069
f 2020/617/1079 2011/609/1070 2005/608/1069
f 2020/617/1079 1964/618/1080 2011/609/1070
f 1964/618/1080 1923/610/1071 2011/609/1070
f 1698/603/1081 1645/607/1075 1793/597/1040
f 1698/603/1081 1732/608/1082 1645/607/1075
f 1732/608/1082 1644/615/1083 1645/607/1075
f 1645/607/1075 1644/615/1083 2009/614/1076
f 1644/615/1083 2008/619/1084 2009/614/1076
f 2008/619/1084 2021/615/1077 2009/614/1076
f 2018/620/1085 2021/615/1077 2008/619/1084
f 2018/620/1085 1961/616/1078 2021/615/1077
f 1792/596/1039 1698/603/1081 1793/597/1040
f 1678/600/1086 1698/603/1081 1792/596/1039
f 1763/604/1087 1698/603/1081 1678/600/1086
f 1763/604/1087 1699/609/1088 1698/603/1081
f 1699/609/1088 1732/608/1082 1698/603/1081
f 1699/609/1088 1619/617/1089 1732/608/1082
f 1619/617/1089 1652/616/1090 1732/608/1082
f 1644/615/1083 1732/608/1082 1652/616/1090
f 1636/620/1091 1644/615/1083 1652/616/1090
f 2008/619/1084 1644/615/1083 1636/620/1091
f 1791/595/1038 1678/600/1086 1792/596/1039
f 1678/600/1086 1791/595/1038 1666/601/1092
f 1666/601/1092 1763/604/1087 1678/600/1086
f 1666/601/1092 1691/605/1093 1763/604/1087
f 1763/604/1087 1691/605/1093 1674/610/1094
f 1763/604/1087 1674/610/1094 1699/609/1088
f 1674/610/1094 1620/618/1095 1699/609/1088
f 1699/609/1088 1620/618/1095 1619/617/1089
f 1617/621/1096 1619/617/1089 1620/618/1095
f 1652/616/1090 1619/617/1089 1617/621/1096
f 1791/595/1038 1801/602/1097 1666/601/1092
f 1801/602/1097 1691/605/1093 1666/601/1092
f 1692/611/1098 1674/610/1094 1691/605/1093
f 1674/610/1094 1692/611/1098 1618/622/1099
f 1674/610/1094 1618/622/1099 1651/623/1100
f 1674/610/1094 1651/623/1100 1620/618/1095
f 1801/602/1097 1791/595/1038 1769/594/1037
f 1656/624/1101 1692/611/1098 1689/613/1102
f 1692/611/1098 1656/624/1101 1618/622/1099
f 1618/622/1099 1656/624/1101 1650/625/1103
f 1618/622/1099 1650/625/1103 1651/623/1100
f 1651/623/1100 1650/625/1103 901/626/1104
f 1640/627/1105 1651/623/1100 901/626/1104
f 1640/627/1105 1639/628/1106 1651/623/1100
f 1639/628/1106 1620/618/1095 1651/623/1100
f 1680/629/1107 1656/624/1101 1689/613/1102
f 1623/630/1108 1656/624/1101 1680/629/1107
f 1656/624/1101 1623/630/1108 1650/625/1103
f 1623/630/1108 1172/631/1109 1650/625/1103
f 1172/631/1109 901/626/1104 1650/625/1103
f 1625/632/1110 901/626/1104 1172/631/1109
f 901/626/1104 1625/632/1110 1641/633/1111
f 1640/627/1105 901/626/1104 1641/633/1111
f 1640/627/1105 1641/633/1111 1643/634/1112
f 1639/628/1106 1640/627/1105 1643/634/1112
f 1680/629/1107 1689/613/1102 1676/635/1113
f 1676/635/1113 1675/636/1114 1680/629/1107
f 1684/637/1115 1680/629/1107 1675/636/1114
f 1684/637/1115 1623/630/1108 1680/629/1107
f 1172/631/1109 1623/630/1108 1684/637/1115
f 1684/637/1115 1194/638/1116 1172/631/1109
f 1194/638/1116 1625/632/1110 1172/631/1109
f 1689/613/1102 1657/639/1117 1676/635/1113
f 1676/635/1113 1657/639/1117 1683/640/1118
f 1683/640/1118 1671/641/1119 1676/635/1113
f 1671/641/1119 1677/642/1120 1676/635/1113
f 1677/642/1120 1675/636/1114 1676/635/1113
f 1677/642/1120 1669/643/1121 1675/636/1114
f 1669/643/1121 1684/637/1115 1675/636/1114
f 1669/643/1121 1194/638/1116 1684/637/1115
f 1686/644/1122 1194/638/1116 1669/643/1121
f 1194/638/1116 1686/644/1122 1621/645/1123
f 1625/632/1110 1194/638/1116 1621/645/1123
f 1657/639/1117 1659/646/1124 1683/640/1118
f 1683/640/1118 1659/646/1124 1658/647/1125
f 1658/647/1125 1789/648/1126 1683/640/1118
f 1789/648/1126 1670/649/1127 1683/640/1118
f 1671/641/1119 1683/640/1118 1670/649/1127
f 1668/650/1128 1671/641/1119 1670/649/1127
f 1677/642/1120 1671/641/1119 1668/650/1128
f 1677/642/1120 1668/650/1128 1681/651/1129
f 1669/643/1121 1677/642/1120 1681/651/1129
f 1672/652/1130 1669/643/1121 1681/651/1129
f 1669/643/1121 1672/652/1130 1686/644/1122
f 1659/646/1124 1679/653/1131 1658/647/1125
f 1658/647/1125 1679/653/1131 1775/654/1132
f 1658/647/1125 1775/654/1132 1789/648/1126
f 1775/654/1132 1766/655/1133 1789/648/1126
f 1789/648/1126 1766/655/1133 2115/656/1134
f 1670/649/1127 1789/648/1126 2115/656/1134
f 1945/657/1135 1670/649/1127 2115/656/1134
f 1945/657/1135 1943/658/1136 1670/649/1127
f 1943/658/1136 1668/650/1128 1670/649/1127
f 1681/651/1129 1668/650/1128 1943/658/1136
f 1679/653/1131 1787/659/1137 1775/654/1132
f 1768/660/1138 1775/654/1132 1787/659/1137
f 1768/660/1138 1766/655/1133 1775/654/1132
f 1766/655/1133 1768/660/1138 1772/661/1139
f 1764/662/1140 1766/655/1133 1772/661/1139
f 1766/655/1133 1764/662/1140 2113/663/1141
f 1766/655/1133 2113/663/1141 2115/656/1134
f 1770/664/1142 1768/660/1138 1787/659/1137
f 1808/665/1143 1731/666/1144 1726/667/1145
f 1810/668/1146 1808/665/1143 1726/667/1145
f 1810/668/1146 1809/669/1147 1808/665/1143
f 1809/669/1147 1806/670/1148 1808/665/1143
f 1806/670/1148 1809/669/1147 1755/671/1149
f 1757/672/1150 1806/670/1148 1755/671/1149
f 1772/661/1139 1757/672/1150 1755/671/1149
f 1764/662/1140 1772/661/1139 1755/671/1149
f 1764/662/1140 1755/671/1149 2034/673/1151
f 1764/662/1140 2034/673/1151 2113/663/1141
f 1810/668/1146 1726/667/1145 1935/674/1152
f 1983/675/1153 1810/668/1146 1935/674/1152
f 1810/668/1146 1983/675/1153 2028/676/1154
f 1809/669/1147 1810/668/1146 2028/676/1154
f 2028/676/1154 1980/677/1155 1809/669/1147
f 1980/677/1155 1755/671/1149 1809/669/1147
f 1755/671/1149 1980/677/1155 2034/673/1151
f 1980/677/1155 1981/671/1156 2034/673/1151
f 1981/671/1156 2112/662/1157 2034/673/1151
f 2113/663/1141 2034/673/1151 2112/662/1157
f 1982/668/1158 1983/675/1153 1935/674/1152
f 2028/676/1154 1983/675/1153 1982/668/1158
f 1932/669/1159 2028/676/1154 1982/668/1158
f 2028/676/1154 1932/669/1159 1980/677/1155
f 1932/669/1159 1981/671/1156 1980/677/1155
f 1981/671/1156 1932/669/1159 1942/670/1160
f 2027/672/1161 1981/671/1156 1942/670/1160
f 1981/671/1156 2027/672/1161 2114/661/1162
f 2112/662/1157 1981/671/1156 2114/661/1162
f 2123/655/1163 2112/662/1157 2114/661/1162
f 2123/655/1163 2113/663/1141 2112/662/1157
f 2115/656/1134 2113/663/1141 2123/655/1163
f 1977/667/1164 1982/668/1158 1935/674/1152
f 1982/668/1158 1977/667/1164 1938/665/1165
f 1932/669/1159 1982/668/1158 1938/665/1165
f 1942/670/1160 1932/669/1159 1938/665/1165
f 1977/667/1164 1976/666/1166 1938/665/1165
f 2090/660/1167 2123/655/1163 2114/661/1162
f 2054/654/1168 2123/655/1163 2090/660/1167
f 2123/655/1163 2054/654/1168 2121/648/1169
f 2121/648/1169 2115/656/1134 2123/655/1163
f 2115/656/1134 2121/648/1169 1922/649/1170
f 1945/657/1135 2115/656/1134 1922/649/1170
f 1943/658/1136 1945/657/1135 1922/649/1170
f 2089/659/1171 2054/654/1168 2090/660/1167
f 2089/659/1171 1973/653/1172 2054/654/1168
f 1973/653/1172 1985/647/1173 2054/654/1168
f 2054/654/1168 1985/647/1173 2121/648/1169
f 2121/648/1169 1985/647/1173 1920/640/1174
f 1922/649/1170 2121/648/1169 1920/640/1174
f 1922/649/1170 1920/640/1174 1921/641/1175
f 1922/649/1170 1921/641/1175 1925/650/1176
f 1925/650/1176 1943/658/1136 1922/649/1170
f 2116/664/1177 2089/659/1171 2090/660/1167
f 1985/647/1173 1973/653/1172 1946/646/1178
f 1920/640/1174 1985/647/1173 1946/646/1178
f 1946/646/1178 1971/639/1179 1920/640/1174
f 1971/639/1179 1989/635/1180 1920/640/1174
f 1989/635/1180 1921/641/1175 1920/640/1174
f 1990/642/1181 1921/641/1175 1989/635/1180
f 1925/650/1176 1921/641/1175 1990/642/1181
f 1927/651/1182 1925/650/1176 1990/642/1181
f 1943/658/1136 1925/650/1176 1927/651/1182
f 1968/678/1183 1943/658/1136 1927/651/1182
f 1968/678/1183 1681/651/1129 1943/658/1136
f 1971/639/1179 2025/613/1074 1989/635/1180
f 2025/613/1074 1965/629/1184 1989/635/1180
f 1965/629/1184 1928/636/1185 1989/635/1180
f 1928/636/1185 1990/642/1181 1989/635/1180
f 1990/642/1181 1928/636/1185 1918/643/1186
f 1918/643/1186 1927/651/1182 1990/642/1181
f 1927/651/1182 1918/643/1186 1957/652/1187
f 1950/679/1188 1927/651/1182 1957/652/1187
f 1927/651/1182 1950/679/1188 2022/680/1189
f 1968/678/1183 1927/651/1182 2022/680/1189
f 1968/678/1183 2022/680/1189 1681/651/1129
f 1965/629/1184 2025/613/1074 1970/624/1190
f 1970/624/1190 2000/630/1191 1965/629/1184
f 2000/630/1191 1966/637/1192 1965/629/1184
f 1928/636/1185 1965/629/1184 1966/637/1192
f 1928/636/1185 1966/637/1192 1918/643/1186
f 1966/637/1192 1887/638/1193 1918/643/1186
f 1918/643/1186 1887/638/1193 1959/644/1194
f 1957/652/1187 1918/643/1186 1959/644/1194
f 2025/613/1074 1953/611/1072 1970/624/1190
f 1958/622/1195 1970/624/1190 1953/611/1072
f 1958/622/1195 2016/625/1196 1970/624/1190
f 2016/625/1196 2000/630/1191 1970/624/1190
f 1838/631/1197 2000/630/1191 2016/625/1196
f 1966/637/1192 2000/630/1191 1838/631/1197
f 1838/631/1197 1887/638/1193 1966/637/1192
f 1887/638/1193 1838/631/1197 1900/632/1198
f 1900/632/1198 2004/645/1199 1887/638/1193
f 2004/645/1199 1959/644/1194 1887/638/1193
f 1959/644/1194 2004/645/1199 1913/681/1200
f 1913/681/1200 1957/652/1187 1959/644/1194
f 1923/610/1071 1958/622/1195 1953/611/1072
f 1960/623/1201 1958/622/1195 1923/610/1071
f 1960/623/1201 2016/625/1196 1958/622/1195
f 2016/625/1196 1960/623/1201 1891/626/1202
f 1891/626/1202 1838/631/1197 2016/625/1196
f 1838/631/1197 1891/626/1202 1900/632/1198
f 1991/633/1203 1900/632/1198 1891/626/1202
f 1890/682/1204 1900/632/1198 1991/633/1203
f 1890/682/1204 1820/683/1205 1900/632/1198
f 1820/683/1205 2004/645/1199 1900/632/1198
f 1964/618/1080 1960/623/1201 1923/610/1071
f 1960/623/1201 1964/618/1080 1931/628/1206
f 1988/627/1207 1960/623/1201 1931/628/1206
f 1960/623/1201 1988/627/1207 1891/626/1202
f 1988/627/1207 1991/633/1203 1891/626/1202
f 1987/634/1208 1991/633/1203 1988/627/1207
f 1987/634/1208 1899/684/1209 1991/633/1203
f 1899/684/1209 1890/682/1204 1991/633/1203
f 1890/682/1204 1899/684/1209 1889/685/1210
f 1820/683/1205 1890/682/1204 1889/685/1210
f 1926/686/1211 1931/628/1206 1964/618/1080
f 1931/628/1206 1926/686/1211 1930/687/1212
f 1987/634/1208 1931/628/1206 1930/687/1212
f 1931/628/1206 1987/634/1208 1988/627/1207
f 2015/621/1213 1926/686/1211 1964/618/1080
f 2015/621/1213 1956/688/1214 1926/686/1211
f 1956/688/1214 1995/689/1215 1926/686/1211
f 1926/686/1211 1995/689/1215 1986/690/1216
f 1930/687/1212 1926/686/1211 1986/690/1216
f 1986/690/1216 1909/691/1217 1930/687/1212
f 1909/691/1217 1910/692/1218 1930/687/1212
f 1987/634/1208 1930/687/1212 1910/692/1218
f 1899/684/1209 1987/634/1208 1910/692/1218
f 1899/684/1209 1910/692/1218 1889/685/1210
f 1964/618/1080 2020/617/1079 2015/621/1213
f 2020/617/1079 1961/616/1078 2015/621/1213
f 1961/616/1078 1956/688/1214 2015/621/1213
f 2010/693/1219 1956/688/1214 1961/616/1078
f 1995/689/1215 1956/688/1214 2010/693/1219
f 2003/694/1220 1995/689/1215 2010/693/1219
f 2003/694/1220 2006/695/1221 1995/689/1215
f 2006/695/1221 1986/690/1216 1995/689/1215
f 1986/690/1216 2006/695/1221 1909/691/1217
f 2018/620/1085 2010/693/1219 1961/616/1078
f 2010/693/1219 2018/620/1085 1996/696/1222
f 2003/694/1220 2010/693/1219 1996/696/1222
f 1996/696/1222 1992/697/1223 2003/694/1220
f 2003/694/1220 1992/697/1223 2014/698/1224
f 2006/695/1221 2003/694/1220 2014/698/1224
f 1997/699/1225 2006/695/1221 2014/698/1224
f 2006/695/1221 1997/699/1225 1909/691/1217
f 1996/696/1222 2018/620/1085 1998/700/1226
f 1996/696/1222 1998/700/1226 1999/701/1227
f 1992/697/1223 1996/696/1222 1999/701/1227
f 1999/701/1227 1824/702/1228 1992/697/1223
f 1824/702/1228 1823/703/1229 1992/697/1223
f 1992/697/1223 1823/703/1229 2014/698/1224
f 2014/698/1224 1823/703/1229 1879/704/1230
f 2014/698/1224 1879/704/1230 1834/705/1231
f 1997/699/1225 2014/698/1224 1834/705/1231
f 1997/699/1225 1834/705/1231 1909/691/1217
f 2018/620/1085 2007/706/1232 1998/700/1226
f 1998/700/1226 2007/706/1232 1636/620/1091
f 1627/696/1233 1998/700/1226 1636/620/1091
f 1998/700/1226 1627/696/1233 1999/701/1227
f 1627/696/1233 1642/697/1234 1999/701/1227
f 1999/701/1227 1642/697/1234 1824/702/1228
f 1642/697/1234 1184/703/1235 1824/702/1228
f 1852/707/1236 1824/702/1228 1184/703/1235
f 1824/702/1228 1852/707/1236 1823/703/1229
f 2007/706/1232 2018/620/1085 2002/708/1237
f 2002/708/1237 1636/620/1091 2007/706/1232
f 2002/708/1237 2008/619/1084 1636/620/1091
f 2002/708/1237 2018/620/1085 2008/619/1084
s 26
f 1815/709/1238 1774/710/1239 2105/711/1240
f 2104/712/1241 1815/709/1238 2105/711/1240
f 1815/709/1238 2104/712/1241 2085/713/1242
f 1771/714/1243 1815/709/1238 2085/713/1242
f 1815/709/1238 1771/714/1243 1785/503/873
f 1816/715/1244 1815/709/1238 1785/503/873
f 1816/715/1244 1785/503/873 2088/716/1245
f 2068/717/1246 1816/715/1244 2088/716/1245
f 2086/709/1247 2104/712/1241 2105/711/1240
f 2104/712/1241 2086/709/1247 2085/713/1242
f 2086/709/1247 2084/714/1248 2085/713/1242
f 2083/718/1249 2085/713/1242 2084/714/1248
f 2085/713/1242 2083/718/1249 1771/714/1243
f 2083/718/1249 1777/500/864 1771/714/1243
f 1771/714/1243 1777/500/864 1785/503/873
f 2103/710/1250 2086/709/1247 2105/711/1240
f 1777/500/864 2083/718/1249 2101/501/865
f 2101/501/865 2083/718/1249 2081/500/1251
f 2056/495/870 2101/501/865 2081/500/1251
f 2095/496/880 2101/501/865 2056/495/870
f 2095/496/880 2059/719/1252 2101/501/865
f 2101/501/865 2059/719/1252 1760/496/859
f 2081/500/1251 2083/718/1249 2084/714/1248
f 2084/714/1248 2071/503/1253 2081/500/1251
f 2071/503/1253 2082/499/871 2081/500/1251
f 2056/495/870 2081/500/1251 2082/499/871
f 2071/503/1253 2084/714/1248 2086/709/1247
f 2073/715/1254 2071/503/1253 2086/709/1247
f 2071/503/1253 2073/715/1254 2088/716/1245
f 2088/716/1245 2087/502/872 2071/503/1253
f 2087/502/872 2082/499/871 2071/503/1253
f 2073/715/1254 2068/717/1246 2088/716/1245
f 2088/716/1245 1785/503/873 2087/502/872
s 30
f 2247/720/1255 2041/721/1256 2249/722/1257
f 2246/723/1258 2247/720/1255 2249/722/1257
f 2245/724/1259 2246/723/1258 2249/722/1257
f 2244/725/1260 2246/723/1258 2245/724/1259
f 2242/726/1261 2244/725/1260 2245/724/1259
f 2407/727/1262 2244/725/1260 2242/726/1261
f 2404/728/1263 2407/727/1262 2242/726/1261
f 2402/729/1264 2407/727/1262 2404/728/1263
f 2401/730/1265 2402/729/1264 2404/728/1263
f 2230/731/1266 2402/729/1264 2401/730/1265
s 31
f 2136/732/1267 2157/733/1268 2151/734/1269
f 2145/735/1270 2136/732/1267 2151/734/1269
f 2138/736/1271 2145/735/1270 2151/734/1269
f 2137/737/1272 2145/735/1270 2138/736/1271
f 2141/738/1273 2137/737/1272 2138/736/1271
f 2139/739/1274 2137/737/1272 2141/738/1273
f 2120/740/1275 2139/739/1274 2141/738/1273
f 2215/741/1276 2139/739/1274 2120/740/1275
f 2212/742/1277 2215/741/1276 2120/740/1275
f 2210/743/1278 2215/741/1276 2212/742/1277
f 2210/743/1278 2333/744/1279 2215/741/1276
f 2333/744/1279 2210/743/1278 2324/745/1280
f 2324/745/1280 2328/746/1281 2333/744/1279
f 2328/746/1281 2332/747/1282 2333/744/1279
f 2328/746/1281 2258/748/1283 2332/747/1282
f 2258/748/1283 2265/749/1284 2332/747/1282
f 2210/743/1278 2212/742/1277 2324/745/1280
f 2258/748/1283 2260/750/1285 2265/749/1284
f 2260/750/1285 2263/751/1286 2265/749/1284
f 2260/750/1285 2264/752/1287 2263/751/1286
f 2264/752/1287 2271/753/1288 2263/751/1286
f 2264/752/1287 2266/754/1289 2271/753/1288
f 2266/754/1289 2269/755/1290 2271/753/1288
f 2266/754/1289 2267/756/1291 2269/755/1290
f 2267/756/1291 2295/757/1292 2269/755/1290
f 2267/756/1291 2262/758/1293 2295/757/1292
f 2262/758/1293 2303/759/1294 2295/757/1292
f 2295/757/1292 2303/759/1294 2296/760/1295
f 2303/759/1294 2309/761/1296 2296/760/1295
f 2296/760/1295 2309/761/1296 2297/762/1297
f 2309/761/1296 2308/763/1298 2297/762/1297
f 2290/764/1299 2297/762/1297 2308/763/1298
f 2267/756/1291 2129/765/1300 2262/758/1293
f 2129/765/1300 2147/766/1301 2262/758/1293
f 2304/767/1302 2262/758/1293 2147/766/1301
f 2304/767/1302 2303/759/1294 2262/758/1293
f 2303/759/1294 2304/767/1302 2309/761/1296
f 2304/767/1302 2308/763/1298 2309/761/1296
f 2304/767/1302 2132/768/1303 2308/763/1298
f 2288/769/1304 2308/763/1298 2132/768/1303
f 2288/769/1304 2290/764/1299 2308/763/1298
f 2147/766/1301 2129/765/1300 2130/770/1305
f 2132/768/1303 2147/766/1301 2130/770/1305
f 2132/768/1303 2304/767/1302 2147/766/1301
f 2130/770/1305 2047/771/1306 2132/768/1303
f 2047/771/1306 2140/772/1307 2132/768/1303
f 2140/772/1307 2288/769/1304 2132/768/1303
f 2031/773/1308 2288/769/1304 2140/772/1307
f 2046/774/1309 2031/773/1308 2140/772/1307
f 2240/775/1310 2031/773/1308 2046/774/1309
f 2243/776/1311 2240/775/1310 2046/774/1309
f 2252/777/1312 2240/775/1310 2243/776/1311
f 2251/778/1313 2252/777/1312 2243/776/1311
f 2270/779/1314 2252/777/1312 2251/778/1313
f 2268/780/1315 2270/779/1314 2251/778/1313
f 2268/780/1315 2273/781/1316 2270/779/1314
f 2273/781/1316 2272/782/1317 2270/779/1314
f 2275/783/1318 2272/782/1317 2273/781/1316
f 2274/784/1319 2275/783/1318 2273/781/1316
f 2274/784/1319 2276/785/1320 2275/783/1318
s 32
f 2412/786/1321 2410/787/1260 2409/788/1322
f 2415/789/1323 2412/786/1321 2409/788/1322
f 2412/786/1321 2415/789/1323 2419/790/1324
f 2415/789/1323 2413/791/1325 2419/790/1324
f 2419/790/1324 2413/791/1325 2416/792/1326
f 2414/793/1256 2419/790/1324 2416/792/1326
f 2415/789/1323 2409/788/1322 2411/794/1264
f 2408/795/1327 2415/789/1323 2411/794/1264
f 2408/795/1327 2406/796/1328 2415/789/1323
f 2406/796/1328 2413/791/1325 2415/789/1323
f 2406/796/1328 2422/797/1329 2413/791/1325
f 2413/791/1325 2422/797/1329 2405/798/1330
f 2413/791/1325 2405/798/1330 2416/792/1326
f 2405/798/1330 2400/799/1317 2416/792/1326
f 2400/799/1317 2284/800/1331 2416/792/1326
f 2414/793/1256 2416/792/1326 2284/800/1331
f 2329/801/1266 2408/795/1327 2411/794/1264
f 2408/795/1327 2329/801/1266 2291/802/1332
f 2408/795/1327 2291/802/1332 2403/803/1333
f 2406/796/1328 2408/795/1327 2403/803/1333
f 2406/796/1328 2403/803/1333 2421/804/1334
f 2422/797/1329 2406/796/1328 2421/804/1334
f 2329/801/1266 2292/805/1335 2291/802/1332
f 2291/802/1332 2292/805/1335 2298/806/1336
f 2301/807/1337 2291/802/1332 2298/806/1336
f 2291/802/1332 2301/807/1337 2389/808/1338
f 2425/809/1339 2291/802/1332 2389/808/1338
f 2403/803/1333 2291/802/1332 2425/809/1339
f 2421/804/1334 2403/803/1333 2425/809/1339
f 2421/804/1334 2425/809/1339 2420/810/1340
f 2422/797/1329 2421/804/1334 2420/810/1340
f 2292/805/1335 2329/801/1266 2131/802/1341
f 2292/805/1335 2131/802/1341 2298/806/1336
f 2131/802/1341 2144/807/1342 2298/806/1336
f 2298/806/1336 2144/807/1342 2143/811/1343
f 2305/812/1344 2298/806/1336 2143/811/1343
f 2305/812/1344 2300/811/1345 2298/806/1336
f 2300/811/1345 2301/807/1337 2298/806/1336
f 2329/801/1266 2234/795/1346 2131/802/1341
f 2229/803/1347 2131/802/1341 2234/795/1346
f 2261/809/1348 2131/802/1341 2229/803/1347
f 2131/802/1341 2261/809/1348 2218/813/1349
f 2144/807/1342 2131/802/1341 2218/813/1349
f 2237/794/1265 2234/795/1346 2329/801/1266
f 2234/795/1346 2237/794/1265 2241/789/1350
f 2234/795/1346 2241/789/1350 2233/796/1351
f 2229/803/1347 2234/795/1346 2233/796/1351
f 2256/804/1352 2229/803/1347 2233/796/1351
f 2261/809/1348 2229/803/1347 2256/804/1352
f 2257/810/1353 2261/809/1348 2256/804/1352
f 2257/810/1353 2221/814/1354 2261/809/1348
f 2221/814/1354 2218/813/1349 2261/809/1348
f 2237/794/1265 2232/788/1263 2241/789/1350
f 2232/788/1263 2236/787/1261 2241/789/1350
f 2236/787/1261 2239/786/1355 2241/789/1350
f 2241/789/1350 2239/786/1355 2250/790/1356
f 2238/791/1357 2241/789/1350 2250/790/1356
f 2241/789/1350 2238/791/1357 2233/796/1351
f 2238/791/1357 2259/797/1358 2233/796/1351
f 2259/797/1358 2256/804/1352 2233/796/1351
f 2259/797/1358 2257/810/1353 2256/804/1352
f 2257/810/1353 2259/797/1358 2227/815/1359
f 2227/815/1359 2222/816/1360 2257/810/1353
f 2222/816/1360 2221/814/1354 2257/810/1353
f 2223/817/1361 2221/814/1354 2222/816/1360
f 2221/814/1354 2223/817/1361 2218/813/1349
f 2248/792/1362 2238/791/1357 2250/790/1356
f 2235/798/1363 2238/791/1357 2248/792/1362
f 2235/798/1363 2259/797/1358 2238/791/1357
f 2213/818/1364 2259/797/1358 2235/798/1363
f 2225/819/1365 2259/797/1358 2213/818/1364
f 2259/797/1358 2225/819/1365 2227/815/1359
f 2227/815/1359 2225/819/1365 2216/820/1366
f 2224/821/1367 2227/815/1359 2216/820/1366
f 2227/815/1359 2224/821/1367 2222/816/1360
f 2248/792/1362 2250/790/1356 2414/793/1256
f 2029/800/1368 2248/792/1362 2414/793/1256
f 2248/792/1362 2029/800/1368 2231/799/1369
f 2231/799/1369 2235/798/1363 2248/792/1362
f 2231/799/1369 2149/822/1315 2235/798/1363
f 2226/823/1370 2235/798/1363 2149/822/1315
f 2226/823/1370 2228/824/1371 2235/798/1363
f 2213/818/1364 2235/798/1363 2228/824/1371
f 2228/824/1371 2214/825/1372 2213/818/1364
f 2213/818/1364 2214/825/1372 2225/819/1365
f 2225/819/1365 2214/825/1372 2216/820/1366
f 2285/826/1373 2029/800/1368 2414/793/1256
f 2029/800/1368 2285/826/1373 2030/827/1374
f 2231/799/1369 2029/800/1368 2030/827/1374
f 2042/828/1319 2231/799/1369 2030/827/1374
f 2042/828/1319 2030/827/1374 2281/829/1375
f 2030/827/1374 2283/830/1376 2281/829/1375
f 2281/829/1375 2283/830/1376 2282/827/1377
f 2280/828/1378 2281/829/1375 2282/827/1377
f 2285/826/1373 2414/793/1256 2284/800/1331
f 2284/800/1331 2282/827/1377 2285/826/1373
f 2282/827/1377 2283/830/1376 2285/826/1373
f 2285/826/1373 2283/830/1376 2030/827/1374
f 2282/827/1377 2284/800/1331 2400/799/1317
f 2280/828/1378 2282/827/1377 2400/799/1317
f 2158/831/1313 2226/823/1370 2149/822/1315
f 2043/832/1311 2226/823/1370 2158/831/1313
f 2228/824/1371 2226/823/1370 2043/832/1311
f 2214/825/1372 2228/824/1371 2043/832/1311
f 2043/832/1311 2107/833/1379 2214/825/1372
f 2107/833/1379 2253/834/1307 2214/825/1372
f 2253/834/1307 2254/835/1380 2214/825/1372
f 2214/825/1372 2254/835/1380 2216/820/1366
f 2254/835/1380 2224/821/1367 2216/820/1366
f 2254/835/1380 2219/836/1381 2224/821/1367
f 2219/836/1381 2220/837/1382 2224/821/1367
f 2222/816/1360 2224/821/1367 2220/837/1382
f 2222/816/1360 2220/837/1382 2223/817/1361
f 2255/838/1306 2254/835/1380 2253/834/1307
f 2109/839/1383 2254/835/1380 2255/838/1306
f 2109/839/1383 2111/840/1300 2254/835/1380
f 2111/840/1300 2219/836/1381 2254/835/1380
f 2111/840/1300 2106/841/1291 2219/836/1381
f 2106/841/1291 2217/842/1384 2219/836/1381
f 2219/836/1381 2217/842/1384 2223/817/1361
f 2220/837/1382 2219/836/1381 2223/817/1361
f 2186/843/1385 2217/842/1384 2106/841/1291
f 2186/843/1385 2178/844/1386 2217/842/1384
f 2178/844/1386 2218/813/1349 2217/842/1384
f 2223/817/1361 2217/842/1384 2218/813/1349
f 2186/843/1385 2106/841/1291 2183/845/1387
f 2194/846/1388 2186/843/1385 2183/845/1387
f 2186/843/1385 2194/846/1388 2193/847/1389
f 2178/844/1386 2186/843/1385 2193/847/1389
f 2184/848/1390 2178/844/1386 2193/847/1389
f 2144/807/1342 2178/844/1386 2184/848/1390
f 2218/813/1349 2178/844/1386 2144/807/1342
f 2106/841/1291 2108/849/1391 2183/845/1387
f 2183/845/1387 2108/849/1391 2198/850/1392
f 2183/845/1387 2198/850/1392 2196/851/1393
f 2196/851/1393 2194/846/1388 2183/845/1387
f 2194/846/1388 2196/851/1393 2199/852/1394
f 2194/846/1388 2199/852/1394 2193/847/1389
f 2193/847/1389 2199/852/1394 2195/853/1395
f 2195/853/1395 2184/848/1390 2193/847/1389
f 2108/849/1391 2032/854/1287 2198/850/1392
f 2198/850/1392 2032/854/1287 2170/855/1396
f 2200/856/1397 2198/850/1392 2170/855/1396
f 2197/857/1398 2198/850/1392 2200/856/1397
f 2198/850/1392 2197/857/1398 2196/851/1393
f 2196/851/1393 2197/857/1398 2199/852/1394
f 2199/852/1394 2197/857/1398 2203/858/1399
f 2201/859/1400 2199/852/1394 2203/858/1399
f 2199/852/1394 2201/859/1400 2195/853/1395
f 2170/855/1396 2032/854/1287 2154/860/1401
f 2170/855/1396 2154/860/1401 2168/861/1402
f 2170/855/1396 2168/861/1402 2169/862/1403
f 2169/862/1403 2202/863/1404 2170/855/1396
f 2202/863/1404 2200/856/1397 2170/855/1396
f 2200/856/1397 2202/863/1404 2203/858/1399
f 2203/858/1399 2197/857/1398 2200/856/1397
f 2154/860/1401 2032/854/1287 2155/864/1285
f 2154/860/1401 2155/864/1285 2172/865/1405
f 2154/860/1401 2172/865/1405 2168/861/1402
f 2172/865/1405 2175/866/1406 2168/861/1402
f 2168/861/1402 2175/866/1406 2169/862/1403
f 2188/867/1407 2169/862/1403 2175/866/1406
f 2169/862/1403 2188/867/1407 2179/868/1408
f 2192/869/1409 2169/862/1403 2179/868/1408
f 2192/869/1409 2202/863/1404 2169/862/1403
f 2201/859/1400 2202/863/1404 2192/869/1409
f 2203/858/1399 2202/863/1404 2201/859/1400
f 2155/864/1285 2171/870/1410 2172/865/1405
f 2171/870/1410 2175/866/1406 2172/865/1405
f 2171/870/1410 2188/867/1407 2175/866/1406
f 2171/870/1410 2165/871/1411 2188/867/1407
f 2165/871/1411 2176/872/1412 2188/867/1407
f 2176/872/1412 2187/873/1413 2188/867/1407
f 2182/874/1414 2188/867/1407 2187/873/1413
f 2188/867/1407 2182/874/1414 2179/868/1408
f 2173/875/1415 2171/870/1410 2155/864/1285
f 2165/871/1411 2171/870/1410 2173/875/1415
f 2174/876/1416 2165/871/1411 2173/875/1415
f 2165/871/1411 2174/876/1416 2166/877/1280
f 2167/878/1417 2165/871/1411 2166/877/1280
f 2165/871/1411 2167/878/1417 2176/872/1412
f 2167/878/1417 2162/879/1418 2176/872/1412
f 2176/872/1412 2162/879/1418 2177/880/1419
f 2176/872/1412 2177/880/1419 2187/873/1413
f 2150/881/1283 2173/875/1415 2155/864/1285
f 2173/875/1415 2150/881/1283 2148/882/1420
f 2174/876/1416 2173/875/1415 2148/882/1420
f 2174/876/1416 2148/882/1420 2166/877/1280
f 2167/878/1417 2119/883/1421 2162/879/1418
f 2119/883/1421 2164/884/1422 2162/879/1418
f 2177/880/1419 2162/879/1418 2164/884/1422
f 2190/885/1423 2177/880/1419 2164/884/1422
f 2177/880/1419 2190/885/1423 2207/886/1424
f 2189/887/1425 2177/880/1419 2207/886/1424
f 2177/880/1419 2189/887/1425 2187/873/1413
f 2164/884/1422 2119/883/1421 2206/888/1426
f 2164/884/1422 2206/888/1426 2190/885/1423
f 2206/888/1426 2208/889/1427 2190/885/1423
f 2211/890/1428 2190/885/1423 2208/889/1427
f 2211/890/1428 2207/886/1424 2190/885/1423
f 2211/890/1428 2205/891/1429 2207/886/1424
f 2205/891/1429 2204/892/1430 2207/886/1424
f 2207/886/1424 2204/892/1430 2181/893/1431
f 2189/887/1425 2207/886/1424 2181/893/1431
f 2119/883/1421 2161/894/1432 2206/888/1426
f 2206/888/1426 2161/894/1432 2152/895/1433
f 2209/896/1434 2206/888/1426 2152/895/1433
f 2206/888/1426 2209/896/1434 2208/889/1427
f 2208/889/1427 2209/896/1434 2211/890/1428
f 2209/896/1434 2205/891/1429 2211/890/1428
f 2205/891/1429 2209/896/1434 2152/895/1433
f 2146/897/1435 2205/891/1429 2152/895/1433
f 2204/892/1430 2205/891/1429 2146/897/1435
f 2135/898/1436 2204/892/1430 2146/897/1435
f 2204/892/1430 2135/898/1436 2163/899/1437
f 2204/892/1430 2163/899/1437 2181/893/1431
f 2181/893/1431 2163/899/1437 2189/887/1425
f 2161/894/1432 2153/900/1271 2152/895/1433
f 2153/900/1271 2134/901/1438 2152/895/1433
f 2152/895/1433 2134/901/1438 2159/902/1439
f 2146/897/1435 2152/895/1433 2159/902/1439
f 2156/903/1440 2146/897/1435 2159/902/1439
f 2146/897/1435 2156/903/1440 2310/904/1441
f 2310/904/1441 2306/905/1442 2146/897/1435
f 2306/905/1442 2135/898/1436 2146/897/1435
f 2153/900/1271 2133/906/1269 2134/901/1438
f 2133/906/1269 2160/907/1443 2134/901/1438
f 2134/901/1438 2160/907/1443 2322/908/1444
f 2134/901/1438 2322/908/1444 2159/902/1439
f 2322/908/1444 2327/909/1445 2159/902/1439
f 2159/902/1439 2327/909/1445 2156/903/1440
f 2327/909/1445 2317/910/1446 2156/903/1440
f 2156/903/1440 2317/910/1446 2310/904/1441
f 2310/904/1441 2317/910/1446 2313/903/1447
f 2311/897/1448 2310/904/1441 2313/903/1447
f 2306/905/1442 2310/904/1441 2311/897/1448
f 2133/906/1269 2321/911/1268 2160/907/1443
f 2321/911/1268 2320/912/1449 2160/907/1443
f 2160/907/1443 2320/912/1449 2322/908/1444
f 2322/908/1444 2320/912/1449 2319/907/1450
f 2323/901/1451 2322/908/1444 2319/907/1450
f 2323/901/1451 2318/902/1452 2322/908/1444
f 2318/902/1452 2327/909/1445 2322/908/1444
f 2327/909/1445 2318/902/1452 2313/903/1447
f 2317/910/1446 2327/909/1445 2313/903/1447
f 2319/907/1450 2320/912/1449 2321/911/1268
f 2316/906/1453 2319/907/1450 2321/911/1268
f 2319/907/1450 2316/906/1453 2323/901/1451
f 2316/906/1453 2315/900/1454 2323/901/1451
f 2323/901/1451 2315/900/1454 2312/895/1455
f 2318/902/1452 2323/901/1451 2312/895/1455
f 2318/902/1452 2312/895/1455 2311/897/1448
f 2313/903/1447 2318/902/1452 2311/897/1448
f 2315/900/1454 2314/894/1456 2312/895/1455
f 2312/895/1455 2314/894/1456 2383/888/1457
f 2384/896/1458 2312/895/1455 2383/888/1457
f 2312/895/1455 2384/896/1458 2380/891/1459
f 2311/897/1448 2312/895/1455 2380/891/1459
f 2311/897/1448 2380/891/1459 2377/892/1460
f 2311/897/1448 2377/892/1460 2307/898/1461
f 2307/898/1461 2306/905/1442 2311/897/1448
f 2383/888/1457 2314/894/1456 2294/883/1462
f 2353/884/1463 2383/888/1457 2294/883/1462
f 2383/888/1457 2353/884/1463 2350/885/1464
f 2382/889/1465 2383/888/1457 2350/885/1464
f 2382/889/1465 2384/896/1458 2383/888/1457
f 2381/890/1466 2384/896/1458 2382/889/1465
f 2381/890/1466 2380/891/1459 2384/896/1458
f 2378/886/1467 2380/891/1459 2381/890/1466
f 2378/886/1467 2377/892/1460 2380/891/1459
f 2353/884/1463 2294/883/1462 2351/879/1468
f 2351/879/1468 2349/880/1469 2353/884/1463
f 2349/880/1469 2350/885/1464 2353/884/1463
f 2378/886/1467 2350/885/1464 2349/880/1469
f 2350/885/1464 2378/886/1467 2381/890/1466
f 2382/889/1465 2350/885/1464 2381/890/1466
f 2294/883/1462 2347/878/1470 2351/879/1468
f 2346/872/1471 2351/879/1468 2347/878/1470
f 2349/880/1469 2351/879/1468 2346/872/1471
f 2346/872/1471 2359/873/1472 2349/880/1469
f 2359/873/1472 2352/887/1473 2349/880/1469
f 2352/887/1473 2378/886/1467 2349/880/1469
f 2348/893/1474 2378/886/1467 2352/887/1473
f 2378/886/1467 2348/893/1474 2377/892/1460
f 2348/893/1474 2357/899/1475 2377/892/1460
f 2357/899/1475 2307/898/1461 2377/892/1460
f 2343/871/1476 2346/872/1471 2347/878/1470
f 2343/871/1476 2356/867/1477 2346/872/1471
f 2356/867/1477 2359/873/1472 2346/872/1471
f 2356/867/1477 2354/874/1478 2359/873/1472
f 2354/874/1478 2358/913/1479 2359/873/1472
f 2359/873/1472 2358/913/1479 2355/914/1480
f 2352/887/1473 2359/873/1472 2355/914/1480
f 2352/887/1473 2355/914/1480 2357/899/1475
f 2348/893/1474 2352/887/1473 2357/899/1475
f 2342/877/1481 2343/871/1476 2347/878/1470
f 2343/871/1476 2342/877/1481 2341/876/1482
f 2343/871/1476 2341/876/1482 2336/875/1483
f 2345/870/1484 2343/871/1476 2336/875/1483
f 2356/867/1477 2343/871/1476 2345/870/1484
f 2340/866/1485 2356/867/1477 2345/870/1484
f 2340/866/1485 2344/862/1486 2356/867/1477
f 2356/867/1477 2344/862/1486 2367/868/1487
f 2356/867/1477 2367/868/1487 2354/874/1478
f 2342/877/1481 2330/882/1282 2341/876/1482
f 2341/876/1482 2330/882/1282 2336/875/1483
f 2330/882/1282 2335/881/1284 2336/875/1483
f 2335/881/1284 2331/864/1286 2336/875/1483
f 2331/864/1286 2345/870/1484 2336/875/1483
f 2345/870/1484 2331/864/1286 2337/865/1488
f 2340/866/1485 2345/870/1484 2337/865/1488
f 2339/861/1489 2340/866/1485 2337/865/1488
f 2344/862/1486 2340/866/1485 2339/861/1489
f 2338/855/1490 2344/862/1486 2339/861/1489
f 2338/855/1490 2379/863/1491 2344/862/1486
f 2344/862/1486 2379/863/1491 2365/869/1492
f 2344/862/1486 2365/869/1492 2367/868/1487
f 2331/864/1286 2334/860/1493 2337/865/1488
f 2334/860/1493 2339/861/1489 2337/865/1488
f 2334/860/1493 2338/855/1490 2339/861/1489
f 2334/860/1493 2293/854/1288 2338/855/1490
f 2338/855/1490 2293/854/1288 2372/850/1494
f 2373/856/1495 2338/855/1490 2372/850/1494
f 2338/855/1490 2373/856/1495 2379/863/1491
f 2376/858/1496 2379/863/1491 2373/856/1495
f 2374/859/1497 2379/863/1491 2376/858/1496
f 2365/869/1492 2379/863/1491 2374/859/1497
f 2367/868/1487 2365/869/1492 2374/859/1497
f 2331/864/1286 2293/854/1288 2334/860/1493
f 2293/854/1288 2277/849/1290 2372/850/1494
f 2277/849/1290 2360/845/1498 2372/850/1494
f 2372/850/1494 2360/845/1498 2369/851/1499
f 2375/857/1500 2372/850/1494 2369/851/1499
f 2372/850/1494 2375/857/1500 2373/856/1495
f 2375/857/1500 2376/858/1496 2373/856/1495
f 2375/857/1500 2370/852/1501 2376/858/1496
f 2370/852/1501 2374/859/1497 2376/858/1496
f 2366/853/1502 2374/859/1497 2370/852/1501
f 2366/853/1502 2367/868/1487 2374/859/1497
f 2367/868/1487 2366/853/1502 2362/915/1503
f 2367/868/1487 2362/915/1503 2354/874/1478
f 2360/845/1498 2277/849/1290 2279/841/1504
f 2360/845/1498 2279/841/1504 2363/843/1505
f 2360/845/1498 2363/843/1505 2371/846/1506
f 2369/851/1499 2360/845/1498 2371/846/1506
f 2371/846/1506 2370/852/1501 2369/851/1499
f 2370/852/1501 2375/857/1500 2369/851/1499
f 2279/841/1504 2391/842/1507 2363/843/1505
f 2361/844/1508 2363/843/1505 2391/842/1507
f 2363/843/1505 2361/844/1508 2368/847/1509
f 2371/846/1506 2363/843/1505 2368/847/1509
f 2368/847/1509 2370/852/1501 2371/846/1506
f 2368/847/1509 2366/853/1502 2370/852/1501
f 2366/853/1502 2368/847/1509 2364/848/1510
f 2366/853/1502 2364/848/1510 2362/915/1503
f 2362/915/1503 2364/848/1510 2355/914/1480
f 2358/913/1479 2362/915/1503 2355/914/1480
f 2354/874/1478 2362/915/1503 2358/913/1479
f 2388/916/1511 2391/842/1507 2279/841/1504
f 2391/842/1507 2388/916/1511 2392/817/1512
f 2391/842/1507 2392/817/1512 2389/808/1338
f 2389/808/1338 2361/844/1508 2391/842/1507
f 2301/807/1337 2361/844/1508 2389/808/1338
f 2361/844/1508 2301/807/1337 2364/848/1510
f 2368/847/1509 2361/844/1508 2364/848/1510
f 2287/840/1513 2388/916/1511 2279/841/1504
f 2423/835/1514 2388/916/1511 2287/840/1513
f 2388/916/1511 2423/835/1514 2394/821/1515
f 2390/837/1516 2388/916/1511 2394/821/1515
f 2388/916/1511 2390/837/1516 2392/817/1512
f 2392/817/1512 2390/837/1516 2393/816/1517
f 2393/816/1517 2395/814/1518 2392/817/1512
f 2392/817/1512 2395/814/1518 2389/808/1338
f 2425/809/1339 2389/808/1338 2395/814/1518
f 2420/810/1340 2425/809/1339 2395/814/1518
f 2289/839/1519 2423/835/1514 2287/840/1513
f 2418/838/1299 2423/835/1514 2289/839/1519
f 2417/834/1520 2423/835/1514 2418/838/1299
f 2385/825/1521 2423/835/1514 2417/834/1520
f 2386/820/1522 2423/835/1514 2385/825/1521
f 2394/821/1515 2423/835/1514 2386/820/1522
f 2399/815/1523 2394/821/1515 2386/820/1522
f 2393/816/1517 2394/821/1515 2399/815/1523
f 2390/837/1516 2394/821/1515 2393/816/1517
f 2385/825/1521 2417/834/1520 2286/833/1308
f 2385/825/1521 2286/833/1308 2278/832/1524
f 2398/824/1525 2385/825/1521 2278/832/1524
f 2387/818/1526 2385/825/1521 2398/824/1525
f 2396/819/1527 2385/825/1521 2387/818/1526
f 2385/825/1521 2396/819/1527 2386/820/1522
f 2396/819/1527 2399/815/1523 2386/820/1522
f 2396/819/1527 2422/797/1329 2399/815/1523
f 2422/797/1329 2420/810/1340 2399/815/1523
f 2399/815/1523 2420/810/1340 2393/816/1517
f 2420/810/1340 2395/814/1518 2393/816/1517
f 2397/823/1528 2398/824/1525 2278/832/1524
f 2405/798/1330 2398/824/1525 2397/823/1528
f 2405/798/1330 2387/818/1526 2398/824/1525
f 2405/798/1330 2422/797/1329 2387/818/1526
f 2387/818/1526 2422/797/1329 2396/819/1527
f 2325/831/1312 2397/823/1528 2278/832/1524
f 2325/831/1312 2326/822/1529 2397/823/1528
f 2326/822/1529 2405/798/1330 2397/823/1528
f 2405/798/1330 2326/822/1529 2400/799/1317
f 2201/859/1400 2192/869/1409 2179/868/1408
f 2195/853/1395 2201/859/1400 2179/868/1408
f 2179/868/1408 2185/915/1530 2195/853/1395
f 2185/915/1530 2184/848/1390 2195/853/1395
f 2184/848/1390 2185/915/1530 2180/914/1531
f 2180/914/1531 2142/917/1532 2184/848/1390
f 2142/917/1532 2144/807/1342 2184/848/1390
f 2143/811/1343 2144/807/1342 2142/917/1532
f 2182/874/1414 2185/915/1530 2179/868/1408
f 2191/913/1533 2185/915/1530 2182/874/1414
f 2185/915/1530 2191/913/1533 2180/914/1531
f 2180/914/1531 2191/913/1533 2187/873/1413
f 2189/887/1425 2180/914/1531 2187/873/1413
f 2163/899/1437 2180/914/1531 2189/887/1425
f 2142/917/1532 2180/914/1531 2163/899/1437
f 2135/898/1436 2142/917/1532 2163/899/1437
f 2302/918/1534 2142/917/1532 2135/898/1436
f 2143/811/1343 2142/917/1532 2302/918/1534
f 2305/812/1344 2143/811/1343 2302/918/1534
f 2191/913/1533 2182/874/1414 2187/873/1413
f 2300/811/1345 2305/812/1344 2302/918/1534
f 2299/917/1535 2300/811/1345 2302/918/1534
f 2299/917/1535 2301/807/1337 2300/811/1345
f 2301/807/1337 2299/917/1535 2364/848/1510
f 2364/848/1510 2299/917/1535 2355/914/1480
f 2355/914/1480 2299/917/1535 2357/899/1475
f 2299/917/1535 2307/898/1461 2357/899/1475
f 2307/898/1461 2299/917/1535 2302/918/1534
f 2306/905/1442 2307/898/1461 2302/918/1534
f 2306/905/1442 2302/918/1534 2135/898/1436
s 33
f 2560/919/1536 2428/920/1537 2558/921/1538
f 2557/922/1539 2560/919/1536 2558/921/1538
f 2559/923/1540 2557/922/1539 2558/921/1538
f 2556/924/1541 2557/922/1539 2559/923/1540
f 2554/925/1542 2556/924/1541 2559/923/1540
f 2834/926/1543 2556/924/1541 2554/925/1542
f 2823/927/1544 2834/926/1543 2554/925/1542
f 2871/928/1545 2834/926/1543 2823/927/1544
f 2712/929/1546 2871/928/1545 2823/927/1544
f 2543/930/1547 2871/928/1545 2712/929/1546
s 34
f 2458/931/1548 2461/932/1549 2456/933/1550
f 2450/934/1551 2458/931/1548 2456/933/1550
f 2452/935/1552 2450/934/1551 2456/933/1550
f 2453/936/1553 2450/934/1551 2452/935/1552
f 2448/937/1554 2453/936/1553 2452/935/1552
f 2447/938/1555 2453/936/1553 2448/937/1554
f 2442/939/1556 2447/938/1555 2448/937/1554
f 2525/940/1557 2447/938/1555 2442/939/1556
f 2527/941/1558 2525/940/1557 2442/939/1556
f 2522/942/1559 2525/940/1557 2527/941/1558
f 2522/942/1559 2644/943/1560 2525/940/1557
f 2644/943/1560 2522/942/1559 2665/944/1561
f 2665/944/1561 2643/945/1562 2644/943/1560
f 2643/945/1562 2666/946/1563 2644/943/1560
f 2643/945/1562 2627/947/1564 2666/946/1563
f 2627/947/1564 2585/948/1565 2666/946/1563
f 2522/942/1559 2527/941/1558 2665/944/1561
f 2627/947/1564 2584/949/1566 2585/948/1565
f 2584/949/1566 2598/950/1567 2585/948/1565
f 2584/949/1566 2596/951/1568 2598/950/1567
f 2596/951/1568 2599/952/1569 2598/950/1567
f 2596/951/1568 2595/953/1570 2599/952/1569
f 2595/953/1570 2637/954/1571 2599/952/1569
f 2595/953/1570 2628/955/1572 2637/954/1571
f 2628/955/1572 2623/956/1573 2637/954/1571
f 2628/955/1572 2626/957/1574 2623/956/1573
f 2626/957/1574 2591/958/1575 2623/956/1573
f 2623/956/1573 2591/958/1575 2588/959/1576
f 2591/958/1575 2604/960/1577 2588/959/1576
f 2588/959/1576 2604/960/1577 2621/961/1578
f 2604/960/1577 2612/962/1579 2621/961/1578
f 2570/963/1580 2621/961/1578 2612/962/1579
f 2628/955/1572 2438/964/1581 2626/957/1574
f 2438/964/1581 2451/965/1582 2626/957/1574
f 2592/966/1583 2626/957/1574 2451/965/1582
f 2592/966/1583 2591/958/1575 2626/957/1574
f 2591/958/1575 2592/966/1583 2604/960/1577
f 2592/966/1583 2612/962/1579 2604/960/1577
f 2592/966/1583 2455/967/1584 2612/962/1579
f 2594/968/1585 2612/962/1579 2455/967/1584
f 2594/968/1585 2570/963/1580 2612/962/1579
f 2451/965/1582 2438/964/1581 2443/969/1586
f 2455/967/1584 2451/965/1582 2443/969/1586
f 2455/967/1584 2592/966/1583 2451/965/1582
f 2443/969/1586 2436/970/1587 2455/967/1584
f 2436/970/1587 2446/971/1588 2455/967/1584
f 2446/971/1588 2594/968/1585 2455/967/1584
f 2432/972/1589 2594/968/1585 2446/971/1588
f 2437/973/1590 2432/972/1589 2446/971/1588
f 2553/974/1591 2432/972/1589 2437/973/1590
f 2555/975/1592 2553/974/1591 2437/973/1590
f 2564/976/1593 2553/974/1591 2555/975/1592
f 2562/977/1594 2564/976/1593 2555/975/1592
f 2573/978/1595 2564/976/1593 2562/977/1594
f 2636/979/1596 2573/978/1595 2562/977/1594
f 2636/979/1596 2575/980/1597 2573/978/1595
f 2575/980/1597 2574/981/1598 2573/978/1595
f 2600/982/1599 2574/981/1598 2575/980/1597
f 2572/983/1600 2600/982/1599 2575/980/1597
f 2572/983/1600 2601/984/1601 2600/982/1599
s 35
f 2828/985/1602 2825/986/1541 2824/987/1603
f 2830/988/1604 2828/985/1602 2824/987/1603
f 2828/985/1602 2830/988/1604 2827/989/1605
f 2830/988/1604 2829/990/1606 2827/989/1605
f 2827/989/1605 2829/990/1606 2826/991/1607
f 2838/992/1537 2827/989/1605 2826/991/1607
f 2830/988/1604 2824/987/1603 2837/993/1545
f 2832/994/1608 2830/988/1604 2837/993/1545
f 2832/994/1608 2831/995/1609 2830/988/1604
f 2831/995/1609 2829/990/1606 2830/988/1604
f 2831/995/1609 2841/996/1610 2829/990/1606
f 2829/990/1606 2841/996/1610 2833/997/1611
f 2829/990/1606 2833/997/1611 2826/991/1607
f 2833/997/1611 2710/998/1598 2826/991/1607
f 2710/998/1598 2571/999/1612 2826/991/1607
f 2838/992/1537 2826/991/1607 2571/999/1612
f 2657/1000/1613 2832/994/1608 2837/993/1545
f 2832/994/1608 2657/1000/1613 2580/1001/1614
f 2832/994/1608 2580/1001/1614 2708/1002/1615
f 2831/995/1609 2832/994/1608 2708/1002/1615
f 2831/995/1609 2708/1002/1615 2793/1003/1616
f 2841/996/1610 2831/995/1609 2793/1003/1616
f 2657/1000/1613 2603/1004/1617 2580/1001/1614
f 2580/1001/1614 2603/1004/1617 2593/1005/1618
f 2568/1006/1619 2580/1001/1614 2593/1005/1618
f 2580/1001/1614 2568/1006/1619 2705/1007/1620
f 2755/1008/1621 2580/1001/1614 2705/1007/1620
f 2708/1002/1615 2580/1001/1614 2755/1008/1621
f 2793/1003/1616 2708/1002/1615 2755/1008/1621
f 2793/1003/1616 2755/1008/1621 2794/1009/1622
f 2841/996/1610 2793/1003/1616 2794/1009/1622
f 2603/1004/1617 2657/1000/1613 2439/1001/1623
f 2603/1004/1617 2439/1001/1623 2593/1005/1618
f 2439/1001/1623 2444/1006/1624 2593/1005/1618
f 2593/1005/1618 2444/1006/1624 2449/1010/1625
f 2624/1011/1626 2593/1005/1618 2449/1010/1625
f 2624/1011/1626 2610/1010/1627 2593/1005/1618
f 2610/1010/1627 2568/1006/1619 2593/1005/1618
f 2657/1000/1613 2545/994/1628 2439/1001/1623
f 2542/1002/1629 2439/1001/1623 2545/994/1628
f 2625/1008/1630 2439/1001/1623 2542/1002/1629
f 2439/1001/1623 2625/1008/1630 2531/1007/1631
f 2444/1006/1624 2439/1001/1623 2531/1007/1631
f 2546/993/1546 2545/994/1628 2657/1000/1613
f 2545/994/1628 2546/993/1546 2549/988/1632
f 2545/994/1628 2549/988/1632 2547/995/1633
f 2542/1002/1629 2545/994/1628 2547/995/1633
f 2597/1003/1634 2542/1002/1629 2547/995/1633
f 2625/1008/1630 2542/1002/1629 2597/1003/1634
f 2587/1009/1635 2625/1008/1630 2597/1003/1634
f 2587/1009/1635 2532/1012/1636 2625/1008/1630
f 2532/1012/1636 2531/1007/1631 2625/1008/1630
f 2546/993/1546 2548/987/1637 2549/988/1632
f 2548/987/1637 2551/986/1638 2549/988/1632
f 2551/986/1638 2550/985/1540 2549/988/1632
f 2549/988/1632 2550/985/1540 2561/989/1538
f 2552/990/1639 2549/988/1632 2561/989/1538
f 2549/988/1632 2552/990/1639 2547/995/1633
f 2552/990/1639 2586/996/1640 2547/995/1633
f 2586/996/1640 2597/1003/1634 2547/995/1633
f 2586/996/1640 2587/1009/1635 2597/1003/1634
f 2587/1009/1635 2586/996/1640 2537/1013/1641
f 2537/1013/1641 2534/1014/1642 2587/1009/1635
f 2534/1014/1642 2532/1012/1636 2587/1009/1635
f 2535/1015/1643 2532/1012/1636 2534/1014/1642
f 2532/1012/1636 2535/1015/1643 2531/1007/1631
f 2563/991/1644 2552/990/1639 2561/989/1538
f 2544/997/1645 2552/990/1639 2563/991/1644
f 2544/997/1645 2586/996/1640 2552/990/1639
f 2524/1016/1646 2586/996/1640 2544/997/1645
f 2538/1017/1647 2586/996/1640 2524/1016/1646
f 2586/996/1640 2538/1017/1647 2537/1013/1641
f 2537/1013/1641 2538/1017/1647 2526/1018/1648
f 2536/1019/1649 2537/1013/1641 2526/1018/1648
f 2537/1013/1641 2536/1019/1649 2534/1014/1642
f 2563/991/1644 2561/989/1538 2838/992/1537
f 2430/999/1650 2563/991/1644 2838/992/1537
f 2563/991/1644 2430/999/1650 2540/998/1651
f 2540/998/1651 2544/997/1645 2563/991/1644
f 2540/998/1651 2469/1020/1596 2544/997/1645
f 2541/1021/1652 2544/997/1645 2469/1020/1596
f 2541/1021/1652 2539/1022/1653 2544/997/1645
f 2524/1016/1646 2544/997/1645 2539/1022/1653
f 2539/1022/1653 2529/1023/1654 2524/1016/1646
f 2524/1016/1646 2529/1023/1654 2538/1017/1647
f 2538/1017/1647 2529/1023/1654 2526/1018/1648
f 2582/1024/1655 2430/999/1650 2838/992/1537
f 2430/999/1650 2582/1024/1655 2427/1025/1656
f 2540/998/1651 2430/999/1650 2427/1025/1656
f 2431/1026/1657 2540/998/1651 2427/1025/1656
f 2431/1026/1657 2427/1025/1656 2578/1027/1601
f 2427/1025/1656 2583/1028/1658 2578/1027/1601
f 2578/1027/1601 2583/1028/1658 2590/1025/1659
f 2613/1026/1660 2578/1027/1601 2590/1025/1659
f 2582/1024/1655 2838/992/1537 2571/999/1612
f 2571/999/1612 2590/1025/1659 2582/1024/1655
f 2590/1025/1659 2583/1028/1658 2582/1024/1655
f 2582/1024/1655 2583/1028/1658 2427/1025/1656
f 2590/1025/1659 2571/999/1612 2710/998/1598
f 2613/1026/1660 2590/1025/1659 2710/998/1598
f 2471/1029/1594 2541/1021/1652 2469/1020/1596
f 2426/1030/1592 2541/1021/1652 2471/1029/1594
f 2539/1022/1653 2541/1021/1652 2426/1030/1592
f 2529/1023/1654 2539/1022/1653 2426/1030/1592
f 2426/1030/1592 2435/1031/1661 2529/1023/1654
f 2435/1031/1661 2565/1032/1588 2529/1023/1654
f 2565/1032/1588 2566/1033/1662 2529/1023/1654
f 2529/1023/1654 2566/1033/1662 2526/1018/1648
f 2566/1033/1662 2536/1019/1649 2526/1018/1648
f 2566/1033/1662 2528/1034/1663 2536/1019/1649
f 2528/1034/1663 2530/1035/1664 2536/1019/1649
f 2534/1014/1642 2536/1019/1649 2530/1035/1664
f 2534/1014/1642 2530/1035/1664 2535/1015/1643
f 2567/1036/1587 2566/1033/1662 2565/1032/1588
f 2433/1037/1665 2566/1033/1662 2567/1036/1587
f 2433/1037/1665 2434/1038/1581 2566/1033/1662
f 2434/1038/1581 2528/1034/1663 2566/1033/1662
f 2434/1038/1581 2424/1039/1572 2528/1034/1663
f 2424/1039/1572 2533/1040/1666 2528/1034/1663
f 2528/1034/1663 2533/1040/1666 2535/1015/1643
f 2530/1035/1664 2528/1034/1663 2535/1015/1643
f 2498/1041/1667 2533/1040/1666 2424/1039/1572
f 2498/1041/1667 2503/1042/1668 2533/1040/1666
f 2503/1042/1668 2531/1007/1631 2533/1040/1666
f 2535/1015/1643 2533/1040/1666 2531/1007/1631
f 2498/1041/1667 2424/1039/1572 2494/1043/1669
f 2507/1044/1670 2498/1041/1667 2494/1043/1669
f 2498/1041/1667 2507/1044/1670 2506/1045/1671
f 2503/1042/1668 2498/1041/1667 2506/1045/1671
f 2500/1046/1672 2503/1042/1668 2506/1045/1671
f 2444/1006/1624 2503/1042/1668 2500/1046/1672
f 2531/1007/1631 2503/1042/1668 2444/1006/1624
f 2424/1039/1572 2429/1047/1673 2494/1043/1669
f 2494/1043/1669 2429/1047/1673 2510/1048/1674
f 2494/1043/1669 2510/1048/1674 2508/1049/1675
f 2508/1049/1675 2507/1044/1670 2494/1043/1669
f 2507/1044/1670 2508/1049/1675 2511/1050/1676
f 2507/1044/1670 2511/1050/1676 2506/1045/1671
f 2506/1045/1671 2511/1050/1676 2504/1051/1677
f 2504/1051/1677 2500/1046/1672 2506/1045/1671
f 2429/1047/1673 2441/1052/1568 2510/1048/1674
f 2510/1048/1674 2441/1052/1568 2477/1053/1678
f 2512/1054/1679 2510/1048/1674 2477/1053/1678
f 2509/1055/1680 2510/1048/1674 2512/1054/1679
f 2510/1048/1674 2509/1055/1680 2508/1049/1675
f 2508/1049/1675 2509/1055/1680 2511/1050/1676
f 2511/1050/1676 2509/1055/1680 2513/1056/1681
f 2514/1057/1682 2511/1050/1676 2513/1056/1681
f 2511/1050/1676 2514/1057/1682 2504/1051/1677
f 2477/1053/1678 2441/1052/1568 2472/1058/1683
f 2477/1053/1678 2472/1058/1683 2474/1059/1684
f 2477/1053/1678 2474/1059/1684 2480/1060/1685
f 2480/1060/1685 2517/1061/1686 2477/1053/1678
f 2517/1061/1686 2512/1054/1679 2477/1053/1678
f 2512/1054/1679 2517/1061/1686 2513/1056/1681
f 2513/1056/1681 2509/1055/1680 2512/1054/1679
f 2472/1058/1683 2441/1052/1568 2468/1062/1566
f 2472/1058/1683 2468/1062/1566 2478/1063/1687
f 2472/1058/1683 2478/1063/1687 2474/1059/1684
f 2478/1063/1687 2479/1064/1688 2474/1059/1684
f 2474/1059/1684 2479/1064/1688 2480/1060/1685
f 2495/1065/1689 2480/1060/1685 2479/1064/1688
f 2480/1060/1685 2495/1065/1689 2505/1066/1690
f 2502/1067/1691 2480/1060/1685 2505/1066/1690
f 2502/1067/1691 2517/1061/1686 2480/1060/1685
f 2514/1057/1682 2517/1061/1686 2502/1067/1691
f 2513/1056/1681 2517/1061/1686 2514/1057/1682
f 2468/1062/1566 2481/1068/1692 2478/1063/1687
f 2481/1068/1692 2479/1064/1688 2478/1063/1687
f 2481/1068/1692 2495/1065/1689 2479/1064/1688
f 2481/1068/1692 2483/1069/1693 2495/1065/1689
f 2483/1069/1693 2484/1070/1694 2495/1065/1689
f 2484/1070/1694 2497/1071/1695 2495/1065/1689
f 2499/1072/1696 2495/1065/1689 2497/1071/1695
f 2495/1065/1689 2499/1072/1696 2505/1066/1690
f 2476/1073/1697 2481/1068/1692 2468/1062/1566
f 2483/1069/1693 2481/1068/1692 2476/1073/1697
f 2475/1074/1698 2483/1069/1693 2476/1073/1697
f 2483/1069/1693 2475/1074/1698 2485/1075/1561
f 2482/1076/1699 2483/1069/1693 2485/1075/1561
f 2483/1069/1693 2482/1076/1699 2484/1070/1694
f 2482/1076/1699 2489/1077/1700 2484/1070/1694
f 2484/1070/1694 2489/1077/1700 2486/1078/1701
f 2484/1070/1694 2486/1078/1701 2497/1071/1695
f 2473/1079/1564 2476/1073/1697 2468/1062/1566
f 2476/1073/1697 2473/1079/1564 2470/1080/1562
f 2475/1074/1698 2476/1073/1697 2470/1080/1562
f 2475/1074/1698 2470/1080/1562 2485/1075/1561
f 2482/1076/1699 2440/1081/1556 2489/1077/1700
f 2440/1081/1556 2487/1082/1702 2489/1077/1700
f 2486/1078/1701 2489/1077/1700 2487/1082/1702
f 2488/1083/1703 2486/1078/1701 2487/1082/1702
f 2486/1078/1701 2488/1083/1703 2516/1084/1704
f 2491/1085/1705 2486/1078/1701 2516/1084/1704
f 2486/1078/1701 2491/1085/1705 2497/1071/1695
f 2487/1082/1702 2440/1081/1556 2519/1086/1706
f 2487/1082/1702 2519/1086/1706 2488/1083/1703
f 2519/1086/1706 2518/1087/1707 2488/1083/1703
f 2523/1088/1708 2488/1083/1703 2518/1087/1707
f 2523/1088/1708 2516/1084/1704 2488/1083/1703
f 2523/1088/1708 2521/1089/1709 2516/1084/1704
f 2521/1089/1709 2515/1090/1710 2516/1084/1704
f 2516/1084/1704 2515/1090/1710 2490/1091/1711
f 2491/1085/1705 2516/1084/1704 2490/1091/1711
f 2440/1081/1556 2457/1092/1712 2519/1086/1706
f 2519/1086/1706 2457/1092/1712 2465/1093/1713
f 2520/1094/1714 2519/1086/1706 2465/1093/1713
f 2519/1086/1706 2520/1094/1714 2518/1087/1707
f 2518/1087/1707 2520/1094/1714 2523/1088/1708
f 2520/1094/1714 2521/1089/1709 2523/1088/1708
f 2521/1089/1709 2520/1094/1714 2465/1093/1713
f 2454/1095/1715 2521/1089/1709 2465/1093/1713
f 2515/1090/1710 2521/1089/1709 2454/1095/1715
f 2459/1096/1716 2515/1090/1710 2454/1095/1715
f 2515/1090/1710 2459/1096/1716 2493/1097/1717
f 2515/1090/1710 2493/1097/1717 2490/1091/1711
f 2490/1091/1711 2493/1097/1717 2491/1085/1705
f 2457/1092/1712 2460/1098/1552 2465/1093/1713
f 2460/1098/1552 2462/1099/1718 2465/1093/1713
f 2465/1093/1713 2462/1099/1718 2466/1100/1719
f 2454/1095/1715 2465/1093/1713 2466/1100/1719
f 2463/1101/1720 2454/1095/1715 2466/1100/1719
f 2454/1095/1715 2463/1101/1720 2577/1102/1721
f 2577/1102/1721 2635/1103/1722 2454/1095/1715
f 2635/1103/1722 2459/1096/1716 2454/1095/1715
f 2460/1098/1552 2464/1104/1550 2462/1099/1718
f 2464/1104/1550 2467/1105/1723 2462/1099/1718
f 2462/1099/1718 2467/1105/1723 2631/1106/1724
f 2462/1099/1718 2631/1106/1724 2466/1100/1719
f 2631/1106/1724 2617/1107/1725 2466/1100/1719
f 2466/1100/1719 2617/1107/1725 2463/1101/1720
f 2617/1107/1725 2633/1108/1726 2463/1101/1720
f 2463/1101/1720 2633/1108/1726 2577/1102/1721
f 2577/1102/1721 2633/1108/1726 2608/1101/1727
f 2576/1095/1728 2577/1102/1721 2608/1101/1727
f 2635/1103/1722 2577/1102/1721 2576/1095/1728
f 2464/1104/1550 2620/1109/1549 2467/1105/1723
f 2620/1109/1549 2618/1110/1729 2467/1105/1723
f 2467/1105/1723 2618/1110/1729 2631/1106/1724
f 2631/1106/1724 2618/1110/1729 2619/1105/1730
f 2632/1099/1731 2631/1106/1724 2619/1105/1730
f 2632/1099/1731 2629/1100/1732 2631/1106/1724
f 2629/1100/1732 2617/1107/1725 2631/1106/1724
f 2617/1107/1725 2629/1100/1732 2608/1101/1727
f 2633/1108/1726 2617/1107/1725 2608/1101/1727
f 2619/1105/1730 2618/1110/1729 2620/1109/1549
f 2607/1104/1733 2619/1105/1730 2620/1109/1549
f 2619/1105/1730 2607/1104/1733 2632/1099/1731
f 2607/1104/1733 2606/1098/1734 2632/1099/1731
f 2632/1099/1731 2606/1098/1734 2634/1093/1735
f 2629/1100/1732 2632/1099/1731 2634/1093/1735
f 2629/1100/1732 2634/1093/1735 2576/1095/1728
f 2608/1101/1727 2629/1100/1732 2576/1095/1728
f 2606/1098/1734 2605/1092/1736 2634/1093/1735
f 2634/1093/1735 2605/1092/1736 2692/1086/1737
f 2703/1094/1738 2634/1093/1735 2692/1086/1737
f 2634/1093/1735 2703/1094/1738 2691/1089/1739
f 2576/1095/1728 2634/1093/1735 2691/1089/1739
f 2576/1095/1728 2691/1089/1739 2676/1090/1740
f 2576/1095/1728 2676/1090/1740 2611/1096/1741
f 2611/1096/1741 2635/1103/1722 2576/1095/1728
f 2692/1086/1737 2605/1092/1736 2622/1081/1742
f 2660/1082/1743 2692/1086/1737 2622/1081/1742
f 2692/1086/1737 2660/1082/1743 2685/1083/1744
f 2679/1087/1745 2692/1086/1737 2685/1083/1744
f 2679/1087/1745 2703/1094/1738 2692/1086/1737
f 2680/1088/1746 2703/1094/1738 2679/1087/1745
f 2680/1088/1746 2691/1089/1739 2703/1094/1738
f 2688/1084/1747 2691/1089/1739 2680/1088/1746
f 2688/1084/1747 2676/1090/1740 2691/1089/1739
f 2660/1082/1743 2622/1081/1742 2686/1077/1748
f 2686/1077/1748 2684/1078/1749 2660/1082/1743
f 2684/1078/1749 2685/1083/1744 2660/1082/1743
f 2688/1084/1747 2685/1083/1744 2684/1078/1749
f 2685/1083/1744 2688/1084/1747 2680/1088/1746
f 2679/1087/1745 2685/1083/1744 2680/1088/1746
f 2622/1081/1742 2706/1076/1557 2686/1077/1748
f 2683/1070/1750 2686/1077/1748 2706/1076/1557
f 2684/1078/1749 2686/1077/1748 2683/1070/1750
f 2683/1070/1750 2640/1071/1751 2684/1078/1749
f 2640/1071/1751 2653/1085/1752 2684/1078/1749
f 2653/1085/1752 2688/1084/1747 2684/1078/1749
f 2652/1091/1753 2688/1084/1747 2653/1085/1752
f 2688/1084/1747 2652/1091/1753 2676/1090/1740
f 2652/1091/1753 2664/1097/1754 2676/1090/1740
f 2664/1097/1754 2611/1096/1741 2676/1090/1740
f 2707/1069/1755 2683/1070/1750 2706/1076/1557
f 2707/1069/1755 2638/1065/1756 2683/1070/1750
f 2638/1065/1756 2640/1071/1751 2683/1070/1750
f 2638/1065/1756 2662/1072/1757 2640/1071/1751
f 2662/1072/1757 2658/1111/1758 2640/1071/1751
f 2640/1071/1751 2658/1111/1758 2659/1112/1759
f 2653/1085/1752 2640/1071/1751 2659/1112/1759
f 2653/1085/1752 2659/1112/1759 2664/1097/1754
f 2652/1091/1753 2653/1085/1752 2664/1097/1754
f 2695/1075/1560 2707/1069/1755 2706/1076/1557
f 2707/1069/1755 2695/1075/1560 2670/1074/1760
f 2707/1069/1755 2670/1074/1760 2669/1073/1761
f 2697/1068/1762 2707/1069/1755 2669/1073/1761
f 2638/1065/1756 2707/1069/1755 2697/1068/1762
f 2698/1064/1763 2638/1065/1756 2697/1068/1762
f 2698/1064/1763 2696/1060/1764 2638/1065/1756
f 2638/1065/1756 2696/1060/1764 2639/1066/1765
f 2638/1065/1756 2639/1066/1765 2662/1072/1757
f 2695/1075/1560 2645/1080/1563 2670/1074/1760
f 2670/1074/1760 2645/1080/1563 2669/1073/1761
f 2645/1080/1563 2656/1079/1766 2669/1073/1761
f 2656/1079/1766 2655/1062/1767 2669/1073/1761
f 2655/1062/1767 2697/1068/1762 2669/1073/1761
f 2697/1068/1762 2655/1062/1767 2671/1063/1768
f 2698/1064/1763 2697/1068/1762 2671/1063/1768
f 2667/1059/1769 2698/1064/1763 2671/1063/1768
f 2696/1060/1764 2698/1064/1763 2667/1059/1769
f 2668/1053/1770 2696/1060/1764 2667/1059/1769
f 2668/1053/1770 2675/1061/1771 2696/1060/1764
f 2696/1060/1764 2675/1061/1771 2641/1067/1772
f 2696/1060/1764 2641/1067/1772 2639/1066/1765
f 2655/1062/1767 2654/1058/1773 2671/1063/1768
f 2654/1058/1773 2667/1059/1769 2671/1063/1768
f 2654/1058/1773 2668/1053/1770 2667/1059/1769
f 2654/1058/1773 2569/1052/1774 2668/1053/1770
f 2668/1053/1770 2569/1052/1774 2689/1048/1775
f 2673/1054/1776 2668/1053/1770 2689/1048/1775
f 2668/1053/1770 2673/1054/1776 2675/1061/1771
f 2674/1056/1777 2675/1061/1771 2673/1054/1776
f 2672/1057/1778 2675/1061/1771 2674/1056/1777
f 2641/1067/1772 2675/1061/1771 2672/1057/1778
f 2639/1066/1765 2641/1067/1772 2672/1057/1778
f 2655/1062/1767 2569/1052/1774 2654/1058/1773
f 2569/1052/1774 2615/1047/1571 2689/1048/1775
f 2615/1047/1571 2646/1043/1779 2689/1048/1775
f 2689/1048/1775 2646/1043/1779 2677/1049/1780
f 2651/1055/1781 2689/1048/1775 2677/1049/1780
f 2689/1048/1775 2651/1055/1781 2673/1054/1776
f 2651/1055/1781 2674/1056/1777 2673/1054/1776
f 2651/1055/1781 2687/1050/1782 2674/1056/1777
f 2687/1050/1782 2672/1057/1778 2674/1056/1777
f 2663/1051/1783 2672/1057/1778 2687/1050/1782
f 2663/1051/1783 2639/1066/1765 2672/1057/1778
f 2639/1066/1765 2663/1051/1783 2678/1113/1784
f 2639/1066/1765 2678/1113/1784 2662/1072/1757
f 2646/1043/1779 2615/1047/1571 2616/1039/1573
f 2646/1043/1779 2616/1039/1573 2648/1041/1785
f 2646/1043/1779 2648/1041/1785 2647/1044/1786
f 2677/1049/1780 2646/1043/1779 2647/1044/1786
f 2647/1044/1786 2687/1050/1782 2677/1049/1780
f 2687/1050/1782 2651/1055/1781 2677/1049/1780
f 2616/1039/1573 2681/1040/1787 2648/1041/1785
f 2649/1042/1788 2648/1041/1785 2681/1040/1787
f 2648/1041/1785 2649/1042/1788 2661/1045/1789
f 2647/1044/1786 2648/1041/1785 2661/1045/1789
f 2661/1045/1789 2687/1050/1782 2647/1044/1786
f 2661/1045/1789 2663/1051/1783 2687/1050/1782
f 2663/1051/1783 2661/1045/1789 2650/1046/1790
f 2663/1051/1783 2650/1046/1790 2678/1113/1784
f 2678/1113/1784 2650/1046/1790 2659/1112/1759
f 2658/1111/1758 2678/1113/1784 2659/1112/1759
f 2662/1072/1757 2678/1113/1784 2658/1111/1758
f 2694/1114/1791 2681/1040/1787 2616/1039/1573
f 2681/1040/1787 2694/1114/1791 2699/1015/1792
f 2681/1040/1787 2699/1015/1792 2705/1007/1620
f 2705/1007/1620 2649/1042/1788 2681/1040/1787
f 2568/1006/1619 2649/1042/1788 2705/1007/1620
f 2649/1042/1788 2568/1006/1619 2650/1046/1790
f 2661/1045/1789 2649/1042/1788 2650/1046/1790
f 2589/1038/1576 2694/1114/1791 2616/1039/1573
f 2842/1033/1793 2694/1114/1791 2589/1038/1576
f 2694/1114/1791 2842/1033/1793 2690/1019/1794
f 2704/1035/1795 2694/1114/1791 2690/1019/1794
f 2694/1114/1791 2704/1035/1795 2699/1015/1792
f 2699/1015/1792 2704/1035/1795 2700/1115/1796
f 2700/1115/1796 2701/1116/1797 2699/1015/1792
f 2699/1015/1792 2701/1116/1797 2705/1007/1620
f 2755/1008/1621 2705/1007/1620 2701/1116/1797
f 2794/1009/1622 2755/1008/1621 2701/1116/1797
f 2579/1037/1798 2842/1033/1793 2589/1038/1576
f 2839/1036/1580 2842/1033/1793 2579/1037/1798
f 2840/1032/1585 2842/1033/1793 2839/1036/1580
f 2693/1023/1799 2842/1033/1793 2840/1032/1585
f 2682/1018/1800 2842/1033/1793 2693/1023/1799
f 2690/1019/1794 2842/1033/1793 2682/1018/1800
f 2735/1013/1801 2690/1019/1794 2682/1018/1800
f 2700/1115/1796 2690/1019/1794 2735/1013/1801
f 2704/1035/1795 2690/1019/1794 2700/1115/1796
f 2693/1023/1799 2840/1032/1585 2581/1031/1802
f 2693/1023/1799 2581/1031/1802 2614/1030/1803
f 2781/1022/1804 2693/1023/1799 2614/1030/1803
f 2702/1016/1805 2693/1023/1799 2781/1022/1804
f 2733/1017/1806 2693/1023/1799 2702/1016/1805
f 2693/1023/1799 2733/1017/1806 2682/1018/1800
f 2733/1017/1806 2735/1013/1801 2682/1018/1800
f 2733/1017/1806 2841/996/1610 2735/1013/1801
f 2841/996/1610 2794/1009/1622 2735/1013/1801
f 2735/1013/1801 2794/1009/1622 2700/1115/1796
f 2794/1009/1622 2701/1116/1797 2700/1115/1796
f 2780/1021/1807 2781/1022/1804 2614/1030/1803
f 2833/997/1611 2781/1022/1804 2780/1021/1807
f 2833/997/1611 2702/1016/1805 2781/1022/1804
f 2833/997/1611 2841/996/1610 2702/1016/1805
f 2702/1016/1805 2841/996/1610 2733/1017/1806
f 2630/1029/1593 2780/1021/1807 2614/1030/1803
f 2630/1029/1593 2642/1020/1595 2780/1021/1807
f 2642/1020/1595 2833/997/1611 2780/1021/1807
f 2833/997/1611 2642/1020/1595 2710/998/1598
f 2514/1057/1682 2502/1067/1691 2505/1066/1690
f 2504/1051/1677 2514/1057/1682 2505/1066/1690
f 2505/1066/1690 2501/1113/1808 2504/1051/1677
f 2501/1113/1808 2500/1046/1672 2504/1051/1677
f 2500/1046/1672 2501/1113/1808 2492/1112/1809
f 2492/1112/1809 2445/1117/1810 2500/1046/1672
f 2445/1117/1810 2444/1006/1624 2500/1046/1672
f 2449/1010/1625 2444/1006/1624 2445/1117/1810
f 2499/1072/1696 2501/1113/1808 2505/1066/1690
f 2496/1111/1811 2501/1113/1808 2499/1072/1696
f 2501/1113/1808 2496/1111/1811 2492/1112/1809
f 2492/1112/1809 2496/1111/1811 2497/1071/1695
f 2491/1085/1705 2492/1112/1809 2497/1071/1695
f 2493/1097/1717 2492/1112/1809 2491/1085/1705
f 2445/1117/1810 2492/1112/1809 2493/1097/1717
f 2459/1096/1716 2445/1117/1810 2493/1097/1717
f 2609/1118/1812 2445/1117/1810 2459/1096/1716
f 2449/1010/1625 2445/1117/1810 2609/1118/1812
f 2624/1011/1626 2449/1010/1625 2609/1118/1812
f 2496/1111/1811 2499/1072/1696 2497/1071/1695
f 2610/1010/1627 2624/1011/1626 2609/1118/1812
f 2602/1117/1813 2610/1010/1627 2609/1118/1812
f 2602/1117/1813 2568/1006/1619 2610/1010/1627
f 2568/1006/1619 2602/1117/1813 2650/1046/1790
f 2650/1046/1790 2602/1117/1813 2659/1112/1759
f 2659/1112/1759 2602/1117/1813 2664/1097/1754
f 2602/1117/1813 2611/1096/1741 2664/1097/1754
f 2611/1096/1741 2602/1117/1813 2609/1118/1812
f 2635/1103/1722 2611/1096/1741 2609/1118/1812
f 2635/1103/1722 2609/1118/1812 2459/1096/1716
s 36
f 2936/1119/1814 2754/1120/1815 2925/1121/1816
f 2945/1122/1817 2936/1119/1814 2925/1121/1816
f 2891/1123/1818 2936/1119/1814 2945/1122/1817
f 2896/1124/1819 2891/1123/1818 2945/1122/1817
f 2929/1125/1820 2891/1123/1818 2896/1124/1819
f 2985/1126/1821 2929/1125/1820 2896/1124/1819
f 2929/1125/1820 2985/1126/1821 2943/1127/1822
f 2923/1128/1823 2929/1125/1820 2943/1127/1822
f 2945/1122/1817 2925/1121/1816 2894/1129/1824
f 2946/1130/1825 2945/1122/1817 2894/1129/1824
f 2896/1124/1819 2945/1122/1817 2946/1130/1825
f 2956/1131/1826 2896/1124/1819 2946/1130/1825
f 2896/1124/1819 2956/1131/1826 2987/1132/1827
f 2985/1126/1821 2896/1124/1819 2987/1132/1827
f 2985/1126/1821 2987/1132/1827 2986/1133/1828
f 2943/1127/1822 2985/1126/1821 2986/1133/1828
f 2894/1129/1824 2925/1121/1816 2757/1134/1829
f 2894/1129/1824 2757/1134/1829 2944/1135/1830
f 2957/1136/1831 2894/1129/1824 2944/1135/1830
f 2946/1130/1825 2894/1129/1824 2957/1136/1831
f 2920/1137/1832 2946/1130/1825 2957/1136/1831
f 2920/1137/1832 2813/1138/1833 2946/1130/1825
f 2813/1138/1833 2956/1131/1826 2946/1130/1825
f 2813/1138/1833 2942/1139/1834 2956/1131/1826
f 2942/1139/1834 2987/1132/1827 2956/1131/1826
f 2942/1139/1834 2918/1140/1835 2987/1132/1827
f 2918/1140/1835 2986/1133/1828 2987/1132/1827
f 2944/1135/1830 2757/1134/1829 2752/1141/1836
f 2885/1142/1837 2944/1135/1830 2752/1141/1836
f 2885/1142/1837 2884/1143/1838 2944/1135/1830
f 2884/1143/1838 2934/1144/1839 2944/1135/1830
f 2957/1136/1831 2944/1135/1830 2934/1144/1839
f 2795/1145/1840 2957/1136/1831 2934/1144/1839
f 2920/1137/1832 2957/1136/1831 2795/1145/1840
f 2796/1146/1841 2920/1137/1832 2795/1145/1840
f 2813/1138/1833 2920/1137/1832 2796/1146/1841
f 2812/1147/1842 2813/1138/1833 2796/1146/1841
f 2942/1139/1834 2813/1138/1833 2812/1147/1842
f 2885/1142/1837 2752/1141/1836 2921/1148/1843
f 2921/1148/1843 2922/1149/1844 2885/1142/1837
f 2922/1149/1844 2884/1143/1838 2885/1142/1837
f 2883/1150/1845 2884/1143/1838 2922/1149/1844
f 2884/1143/1838 2883/1150/1845 2964/1151/1846
f 2934/1144/1839 2884/1143/1838 2964/1151/1846
f 2888/1152/1847 2934/1144/1839 2964/1151/1846
f 2888/1152/1847 2795/1145/1840 2934/1144/1839
f 2796/1146/1841 2795/1145/1840 2888/1152/1847
f 2905/1153/1848 2796/1146/1841 2888/1152/1847
f 2796/1146/1841 2905/1153/1848 2812/1147/1842
f 2752/1141/1836 2745/1154/1849 2921/1148/1843
f 2921/1148/1843 2745/1154/1849 2950/1155/1850
f 2951/1156/1851 2921/1148/1843 2950/1155/1850
f 2951/1156/1851 2922/1149/1844 2921/1148/1843
f 2922/1149/1844 2951/1156/1851 2883/1150/1845
f 2883/1150/1845 2951/1156/1851 2960/1157/1852
f 2960/1157/1852 2958/1158/1853 2883/1150/1845
f 2958/1158/1853 2964/1151/1846 2883/1150/1845
f 2964/1151/1846 2958/1158/1853 2889/1159/1854
f 2888/1152/1847 2964/1151/1846 2889/1159/1854
f 2905/1153/1848 2888/1152/1847 2889/1159/1854
f 2798/1160/1855 2905/1153/1848 2889/1159/1854
f 2797/1161/1856 2905/1153/1848 2798/1160/1855
f 2812/1147/1842 2905/1153/1848 2797/1161/1856
f 2892/1162/1857 2951/1156/1851 2950/1155/1850
f 2951/1156/1851 2892/1162/1857 2960/1157/1852
f 2960/1157/1852 2892/1162/1857 2855/1163/1858
f 2960/1157/1852 2855/1163/1858 2958/1158/1853
f 2958/1158/1853 2855/1163/1858 2856/1164/1859
f 2959/1165/1860 2958/1158/1853 2856/1164/1859
f 2959/1165/1860 2887/1166/1861 2958/1158/1853
f 2958/1158/1853 2887/1166/1861 2889/1159/1854
f 2882/1167/1862 2889/1159/1854 2887/1166/1861
f 2798/1160/1855 2889/1159/1854 2882/1167/1862
f 2893/1168/1863 2892/1162/1857 2950/1155/1850
f 2892/1162/1857 2893/1168/1863 2994/1169/1864
f 2892/1162/1857 2994/1169/1864 2855/1163/1858
f 2855/1163/1858 2994/1169/1864 2996/1170/1865
f 2856/1164/1859 2855/1163/1858 2996/1170/1865
f 2856/1164/1859 2996/1170/1865 2803/1171/1866
f 2856/1164/1859 2803/1171/1866 2801/1172/1867
f 2805/1173/1868 2856/1164/1859 2801/1172/1867
f 2959/1165/1860 2856/1164/1859 2805/1173/1868
f 2887/1166/1861 2959/1165/1860 2805/1173/1868
f 2886/1174/1869 2887/1166/1861 2805/1173/1868
f 2886/1174/1869 2882/1167/1862 2887/1166/1861
f 2893/1168/1863 2995/1175/1870 2994/1169/1864
f 2996/1170/1865 2994/1169/1864 2995/1175/1870
f 2854/1176/1871 2996/1170/1865 2995/1175/1870
f 2854/1176/1871 2746/1177/1872 2996/1170/1865
f 2746/1177/1872 2802/1178/1873 2996/1170/1865
f 2996/1170/1865 2802/1178/1873 2803/1171/1866
f 2803/1171/1866 2802/1178/1873 2817/1179/1874
f 2801/1172/1867 2803/1171/1866 2817/1179/1874
f 2817/1179/1874 2773/1180/1875 2801/1172/1867
f 2805/1173/1868 2801/1172/1867 2773/1180/1875
f 2783/1181/1876 2805/1173/1868 2773/1180/1875
f 2808/1182/1877 2805/1173/1868 2783/1181/1876
f 2805/1173/1868 2808/1182/1877 2926/1183/1878
f 2926/1183/1878 2886/1174/1869 2805/1173/1868
f 2882/1167/1862 2886/1174/1869 2926/1183/1878
f 2802/1178/1873 2746/1177/1872 2709/1184/1879
f 2809/1185/1880 2802/1178/1873 2709/1184/1879
f 2802/1178/1873 2809/1185/1880 2725/1186/1881
f 2817/1179/1874 2802/1178/1873 2725/1186/1881
f 2817/1179/1874 2725/1186/1881 2727/1187/1882
f 2773/1180/1875 2817/1179/1874 2727/1187/1882
f 2727/1187/1882 2770/1188/1883 2773/1180/1875
f 2770/1188/1883 2783/1181/1876 2773/1180/1875
f 2821/1189/1884 2783/1181/1876 2770/1188/1883
f 2821/1189/1884 2808/1182/1877 2783/1181/1876
f 2792/1190/1885 2809/1185/1880 2709/1184/1879
f 2809/1185/1880 2792/1190/1885 2753/1191/1886
f 2725/1186/1881 2809/1185/1880 2753/1191/1886
f 2760/1192/1887 2725/1186/1881 2753/1191/1886
f 2727/1187/1882 2725/1186/1881 2760/1192/1887
f 2759/1193/1888 2727/1187/1882 2760/1192/1887
f 2727/1187/1882 2759/1193/1888 2770/1188/1883
f 2759/1193/1888 2761/1194/1889 2770/1188/1883
f 2770/1188/1883 2761/1194/1889 2777/1195/1890
f 2777/1195/1890 2821/1189/1884 2770/1188/1883
f 2792/1190/1885 2778/1196/1891 2753/1191/1886
f 2744/1197/1892 2753/1191/1886 2778/1196/1891
f 2760/1192/1887 2753/1191/1886 2744/1197/1892
f 2776/1198/1893 2760/1192/1887 2744/1197/1892
f 2760/1192/1887 2776/1198/1893 2820/1199/1894
f 2760/1192/1887 2820/1199/1894 2759/1193/1888
f 2820/1199/1894 2747/1200/1895 2759/1193/1888
f 2747/1200/1895 2714/1201/1896 2759/1193/1888
f 2714/1201/1896 2761/1194/1889 2759/1193/1888
f 2743/1202/1897 2744/1197/1892 2778/1196/1891
f 2776/1198/1893 2758/1203/1898 2820/1199/1894
f 2820/1199/1894 2758/1203/1898 2818/1204/1899
f 2747/1200/1895 2820/1199/1894 2818/1204/1899
f 2749/1205/1900 2747/1200/1895 2818/1204/1899
f 2715/1206/1901 2747/1200/1895 2749/1205/1900
f 2714/1201/1896 2747/1200/1895 2715/1206/1901
f 2714/1201/1896 2715/1206/1901 2903/1207/1902
f 2904/1208/1903 2714/1201/1896 2903/1207/1902
f 2761/1194/1889 2714/1201/1896 2904/1208/1903
f 2758/1203/1898 2937/1209/1904 2818/1204/1899
f 2937/1209/1904 2819/1210/1905 2818/1204/1899
f 2819/1210/1905 2749/1205/1900 2818/1204/1899
f 2748/1211/1906 2749/1205/1900 2819/1210/1905
f 2748/1211/1906 2789/1212/1907 2749/1205/1900
f 2789/1212/1907 2715/1206/1901 2749/1205/1900
f 2903/1207/1902 2715/1206/1901 2789/1212/1907
f 2916/1213/1908 2903/1207/1902 2789/1212/1907
f 2916/1213/1908 2789/1212/1907 2750/1214/1909
f 2962/1215/1910 2916/1213/1908 2750/1214/1909
f 2819/1210/1905 2937/1209/1904 2914/1216/1902
f 2819/1210/1905 2914/1216/1902 2874/1217/1911
f 2917/1218/1912 2819/1210/1905 2874/1217/1911
f 2917/1218/1912 2748/1211/1906 2819/1210/1905
f 2762/1219/1913 2748/1211/1906 2917/1218/1912
f 2762/1219/1913 2750/1214/1909 2748/1211/1906
f 2750/1214/1909 2789/1212/1907 2748/1211/1906
f 2937/1209/1904 2902/1220/1903 2914/1216/1902
f 2917/1218/1912 2874/1217/1911 2872/1221/1914
f 2713/1222/1915 2917/1218/1912 2872/1221/1914
f 2713/1222/1915 2762/1219/1913 2917/1218/1912
f 2711/1223/1916 2762/1219/1913 2713/1222/1915
f 2711/1223/1916 2763/1224/1917 2762/1219/1913
f 2763/1224/1917 2750/1214/1909 2762/1219/1913
f 2962/1215/1910 2750/1214/1909 2763/1224/1917
f 2901/1225/1918 2962/1215/1910 2763/1224/1917
f 2713/1222/1915 2872/1221/1914 2955/1226/1919
f 2961/1223/1920 2713/1222/1915 2955/1226/1919
f 2961/1223/1920 2711/1223/1916 2713/1222/1915
f 2763/1224/1917 2711/1223/1916 2915/1227/1919
f 2711/1223/1916 2913/1226/1920 2915/1227/1919
f 2875/1228/1921 2761/1194/1889 2904/1208/1903
f 2876/1229/1922 2761/1194/1889 2875/1228/1921
f 2761/1194/1889 2876/1229/1922 2777/1195/1890
f 2876/1229/1922 2785/1230/1923 2777/1195/1890
f 2785/1230/1923 2784/1231/1924 2777/1195/1890
f 2784/1231/1924 2779/1232/1925 2777/1195/1890
f 2779/1232/1925 2821/1189/1884 2777/1195/1890
f 2953/1233/1926 2876/1229/1922 2875/1228/1921
f 2953/1233/1926 2873/1234/1927 2876/1229/1922
f 2873/1234/1927 2785/1230/1923 2876/1229/1922
f 2873/1234/1927 2786/1235/1928 2785/1230/1923
f 2786/1235/1928 2788/1236/1929 2785/1230/1923
f 2785/1230/1923 2788/1236/1929 2784/1231/1924
f 2788/1236/1929 2756/1237/1930 2784/1231/1924
f 2779/1232/1925 2784/1231/1924 2756/1237/1930
f 2790/1238/1931 2779/1232/1925 2756/1237/1930
f 2779/1232/1925 2790/1238/1931 2807/1239/1932
f 2807/1239/1932 2821/1189/1884 2779/1232/1925
f 2808/1182/1877 2821/1189/1884 2807/1239/1932
f 2808/1182/1877 2807/1239/1932 2771/1240/1933
f 2926/1183/1878 2808/1182/1877 2771/1240/1933
f 2756/1237/1930 2788/1236/1929 2786/1235/1928
f 2787/1241/1934 2756/1237/1930 2786/1235/1928
f 2787/1241/1934 2790/1238/1931 2756/1237/1930
f 2942/1139/1834 2812/1147/1842 2797/1161/1856
f 2797/1161/1856 2741/1242/1935 2942/1139/1834
f 2741/1242/1935 2918/1140/1835 2942/1139/1834
f 2741/1242/1935 2764/1243/1936 2918/1140/1835
f 2764/1243/1936 2919/1244/1937 2918/1140/1835
f 2986/1133/1828 2918/1140/1835 2919/1244/1937
f 2897/1245/1938 2986/1133/1828 2919/1244/1937
f 2986/1133/1828 2897/1245/1938 2943/1127/1822
f 2741/1242/1935 2797/1161/1856 2810/1246/1939
f 2739/1247/1940 2741/1242/1935 2810/1246/1939
f 2741/1242/1935 2739/1247/1940 2764/1243/1936
f 2739/1247/1940 2740/1248/1941 2764/1243/1936
f 2764/1243/1936 2740/1248/1941 2738/1249/1942
f 2764/1243/1936 2738/1249/1942 2799/1250/1943
f 2736/1251/1944 2764/1243/1936 2799/1250/1943
f 2764/1243/1936 2736/1251/1944 2919/1244/1937
f 2810/1246/1939 2797/1161/1856 2798/1160/1855
f 2798/1160/1855 2927/1252/1945 2810/1246/1939
f 2927/1252/1945 2729/1253/1946 2810/1246/1939
f 2729/1253/1946 2767/1254/1947 2810/1246/1939
f 2767/1254/1947 2739/1247/1940 2810/1246/1939
f 2767/1254/1947 2766/1255/1948 2739/1247/1940
f 2766/1255/1948 2740/1248/1941 2739/1247/1940
f 2798/1160/1855 2882/1167/1862 2927/1252/1945
f 2927/1252/1945 2882/1167/1862 2926/1183/1878
f 2927/1252/1945 2926/1183/1878 2804/1256/1949
f 2926/1183/1878 2771/1240/1933 2804/1256/1949
f 2771/1240/1933 2782/1257/1950 2804/1256/1949
f 2782/1257/1950 2806/1258/1951 2804/1256/1949
f 2782/1257/1950 2791/1259/1952 2806/1258/1951
f 2791/1259/1952 2769/1260/1953 2806/1258/1951
f 2791/1259/1952 2732/1261/1954 2769/1260/1953
f 2732/1261/1954 2800/1262/1955 2769/1260/1953
f 2807/1239/1932 2782/1257/1950 2771/1240/1933
f 2807/1239/1932 2790/1238/1931 2782/1257/1950
f 2790/1238/1931 2933/1263/1956 2782/1257/1950
f 2782/1257/1950 2933/1263/1956 2973/1264/1954
f 2791/1259/1952 2782/1257/1950 2973/1264/1954
f 2815/1265/1957 2729/1253/1946 2927/1252/1945
f 2729/1253/1946 2815/1265/1957 2767/1254/1947
f 2815/1265/1957 2816/1266/1958 2767/1254/1947
f 2816/1266/1958 2772/1267/1959 2767/1254/1947
f 2772/1267/1959 2766/1255/1948 2767/1254/1947
f 2766/1255/1948 2772/1267/1959 2843/1268/1960
f 2766/1255/1948 2843/1268/1960 2844/1269/1961
f 2740/1248/1941 2766/1255/1948 2844/1269/1961
f 2816/1266/1958 2977/1270/1962 2772/1267/1959
f 2977/1270/1962 2724/1271/1963 2772/1267/1959
f 2772/1267/1959 2724/1271/1963 2843/1268/1960
f 2909/1272/1964 2724/1271/1963 2977/1270/1962
f 2843/1268/1960 2768/1273/1965 2844/1269/1961
f 2736/1251/1944 2799/1250/1943 2811/1274/1966
f 2751/1275/1967 2736/1251/1944 2811/1274/1966
f 2736/1251/1944 2751/1275/1967 2765/1276/1968
f 2736/1251/1944 2765/1276/1968 2919/1244/1937
f 2919/1244/1937 2765/1276/1968 2954/1277/1969
f 2897/1245/1938 2919/1244/1937 2954/1277/1969
f 2897/1245/1938 2954/1277/1969 2978/1278/1970
f 2897/1245/1938 2978/1278/1970 2898/1279/1971
f 2897/1245/1938 2898/1279/1971 2943/1127/1822
f 2751/1275/1967 2742/1280/1972 2765/1276/1968
f 2742/1280/1972 2836/1281/1973 2765/1276/1968
f 2836/1281/1973 2845/1282/1974 2765/1276/1968
f 2765/1276/1968 2845/1282/1974 2954/1277/1969
f 2742/1280/1972 2751/1275/1967 2731/1283/1975
f 2751/1275/1967 2835/1284/1976 2731/1283/1975
f 2954/1277/1969 2734/1285/1977 2978/1278/1970
f 2978/1278/1970 2734/1285/1977 2947/1286/1978
f 2814/1287/1979 2978/1278/1970 2947/1286/1978
f 2814/1287/1979 3009/1288/1980 2978/1278/1970
f 3009/1288/1980 2895/1289/1981 2978/1278/1970
f 2978/1278/1970 2895/1289/1981 2898/1279/1971
f 2895/1289/1981 2924/1290/1982 2898/1279/1971
f 2943/1127/1822 2898/1279/1971 2924/1290/1982
f 2923/1128/1823 2943/1127/1822 2924/1290/1982
f 2923/1128/1823 2924/1290/1982 2775/1291/1983
f 3009/1288/1980 2814/1287/1979 2969/1292/1984
f 2814/1287/1979 2968/1293/1978 2969/1292/1984
f 2924/1290/1982 2939/1294/1985 2775/1291/1983
f 2939/1294/1985 2924/1290/1982 2941/1295/1986
f 2924/1290/1982 2895/1289/1981 2941/1295/1986
f 2907/1296/1984 2941/1295/1986 2895/1289/1981
f 3009/1288/1980 2907/1296/1984 2895/1289/1981
f 2740/1248/1941 2737/1297/1987 2738/1249/1942
f 2730/1298/1988 2737/1297/1987 2740/1248/1941
f 2822/1298/1989 2730/1298/1988 2740/1248/1941
f 2822/1298/1989 2740/1248/1941 2844/1269/1961
f 2844/1269/1961 2726/1299/1990 2822/1298/1989
f 2726/1299/1990 2728/1300/1991 2822/1298/1989
s 37
f 2935/1301/1992 2774/1302/1964 2932/1303/1962
f 2935/1301/1992 2932/1303/1962 2890/1304/1993
f 2952/1305/1994 2935/1301/1992 2890/1304/1993
f 2935/1301/1992 2952/1305/1994 2930/1306/1995
f 2930/1306/1995 2952/1305/1994 2963/1307/1927
f 2931/1308/1926 2930/1306/1995 2963/1307/1927
f 2928/1309/1996 2890/1304/1993 2932/1303/1962
f 2906/1310/1955 2928/1309/1996 2932/1303/1962
f 2932/1303/1962 2911/1311/1951 2906/1310/1955
f 2911/1311/1951 2910/1312/1953 2906/1310/1955
f 2974/1313/1928 2963/1307/1927 2952/1305/1994
f 2976/1314/1997 2974/1313/1928 2952/1305/1994
s 38
f 2912/1315/1983 2984/1316/1998 2900/1317/1999
f 2984/1316/1998 2975/1318/2000 2900/1317/1999
f 2900/1317/1999 2975/1318/2000 2899/1319/1964
f 2975/1318/2000 2966/1320/1963 2899/1319/1964
f 2975/1318/2000 2970/1321/2001 2966/1320/1963
f 2980/1322/2002 2966/1320/1963 2970/1321/2001
f 2984/1316/1998 2949/1323/2003 2975/1318/2000
f 2949/1323/2003 2971/1324/2004 2975/1318/2000
f 2975/1318/2000 2971/1324/2004 2970/1321/2001
f 2971/1324/2004 2983/1325/2005 2970/1321/2001
f 2971/1324/2004 2982/1326/2006 2983/1325/2005
f 2981/1327/2007 2983/1325/2005 2982/1326/2006
f 2967/1328/2008 2981/1327/2007 2982/1326/2006
f 2984/1316/1998 2908/1329/1986 2949/1323/2003
f 2908/1329/1986 2940/1330/1977 2949/1323/2003
f 2908/1329/1986 2938/1331/2009 2940/1330/1977
f 2938/1331/2009 2948/1332/2010 2940/1330/1977
f 2949/1323/2003 2982/1326/2006 2971/1324/2004
f 2965/1333/1987 2980/1322/2002 2970/1321/2001
f 2980/1322/2002 2965/1333/1987 2979/1334/1991
f 2979/1334/1991 2972/1335/2011 2980/1322/2002
s 26
f 1761/1336/2012 1760/496/859 2059/719/1252
f 2098/1337/2013 1761/1336/2012 2059/719/1252
f 1761/1336/2012 2098/1337/2013 1736/1338/2014
f 1736/1338/2014 1737/1339/2015 1761/1336/2012
f 1737/1339/2015 1760/496/859 1761/1336/2012
f 1741/497/860 1760/496/859 1737/1339/2015
f 1739/1340/2016 1741/497/860 1737/1339/2015
f 1715/491/851 1741/497/860 1739/1340/2016
f 2098/1337/2013 2059/719/1252 2033/1336/2017
f 2098/1337/2013 2033/1336/2017 2065/1338/2018
f 2058/1341/2019 2098/1337/2013 2065/1338/2018
f 2098/1337/2013 2058/1341/2019 1736/1338/2014
f 2058/1341/2019 1739/1340/2016 1736/1338/2014
f 1736/1338/2014 1739/1340/2016 1737/1339/2015
f 2059/719/1252 2095/496/880 2033/1336/2017
f 2095/496/880 2062/1339/2020 2033/1336/2017
f 2062/1339/2020 2065/1338/2018 2033/1336/2017
f 2065/1338/2018 2062/1339/2020 2097/1340/2021
f 2065/1338/2018 2097/1340/2021 2058/1341/2019
f 2062/1339/2020 2095/496/880 2061/497/879
f 2062/1339/2020 2061/497/879 2097/1340/2021
f 2061/497/879 2063/491/878 2097/1340/2021
f 2063/491/878 2052/1342/2022 2097/1340/2021
f 2058/1341/2019 2097/1340/2021 2052/1342/2022
f 2058/1341/2019 2052/1342/2022 2040/493/2023
f 2094/1343/2024 2058/1341/2019 2040/493/2023
f 1738/493/853 2058/1341/2019 2094/1343/2024
f 1738/493/853 1718/1342/2025 2058/1341/2019
f 1718/1342/2025 1739/1340/2016 2058/1341/2019
f 1718/1342/2025 1715/491/851 1739/1340/2016
f 2052/1342/2022 2063/491/878 2053/492/877
f 2040/493/2023 2052/1342/2022 2053/492/877
f 2110/487/886 2040/493/2023 2053/492/877
f 2110/487/886 2093/494/854 2040/493/2023
f 2093/494/854 2094/1343/2024 2040/493/2023
f 2094/1343/2024 2093/494/854 1738/493/853
f 1715/491/851 1718/1342/2025 1717/492/852
f 1718/1342/2025 1738/493/853 1717/492/852
s 29
f 1852/707/1236 1851/1344/2026 1823/703/1229
f 1823/703/1229 1851/1344/2026 1879/704/1230
f 1879/704/1230 1851/1344/2026 1831/1345/2027
f 1834/705/1231 1879/704/1230 1831/1345/2027
f 1829/1346/2028 1834/705/1231 1831/1345/2027
f 1834/705/1231 1829/1346/2028 1909/691/1217
f 1851/1344/2026 1852/707/1236 1840/1347/2029
f 1851/1344/2026 1840/1347/2029 1831/1345/2027
f 1831/1345/2027 1840/1347/2029 1828/1348/2030
f 1828/1348/2030 1819/1349/2031 1831/1345/2027
f 1819/1349/2031 1829/1346/2028 1831/1345/2027
f 1829/1346/2028 1819/1349/2031 1909/691/1217
f 1819/1349/2031 1888/1350/2032 1909/691/1217
f 1909/691/1217 1888/1350/2032 1910/692/1218
f 1888/1350/2032 1889/685/1210 1910/692/1218
f 1852/707/1236 1841/1351/2033 1840/1347/2029
f 1830/1352/2034 1840/1347/2029 1841/1351/2033
f 1840/1347/2029 1830/1352/2034 1828/1348/2030
f 1828/1348/2030 1830/1352/2034 1878/1353/2035
f 1849/1354/2036 1828/1348/2030 1878/1353/2035
f 1849/1354/2036 1888/1350/2032 1828/1348/2030
f 1888/1350/2032 1819/1349/2031 1828/1348/2030
f 1841/1351/2033 1852/707/1236 1169/1347/2037
f 1841/1351/2033 1169/1347/2037 1170/1352/2038
f 1832/1355/2039 1841/1351/2033 1170/1352/2038
f 1830/1352/2034 1841/1351/2033 1832/1355/2039
f 1830/1352/2034 1832/1355/2039 1878/1353/2035
f 1852/707/1236 1192/1344/2040 1169/1347/2037
f 1169/1347/2037 1192/1344/2040 1168/1345/2041
f 1169/1347/2037 1168/1345/2041 1171/1348/2042
f 1170/1352/2038 1169/1347/2037 1171/1348/2042
f 1181/1353/2043 1170/1352/2038 1171/1348/2042
f 1832/1355/2039 1170/1352/2038 1181/1353/2043
f 1850/1356/2044 1832/1355/2039 1181/1353/2043
f 1832/1355/2039 1850/1356/2044 1878/1353/2035
f 1192/1344/2040 1852/707/1236 1184/703/1235
f 1190/704/2045 1192/1344/2040 1184/703/1235
f 1192/1344/2040 1190/704/2045 1168/1345/2041
f 1168/1345/2041 1190/704/2045 1182/705/2046
f 1183/1346/2047 1168/1345/2041 1182/705/2046
f 1183/1346/2047 1191/1349/2048 1168/1345/2041
f 1191/1349/2048 1171/1348/2042 1168/1345/2041
f 1171/1348/2042 1191/1349/2048 1195/1350/2049
f 1187/1354/2050 1171/1348/2042 1195/1350/2049
f 1187/1354/2050 1181/1353/2043 1171/1348/2042
f 1630/698/2051 1190/704/2045 1184/703/1235
f 1190/704/2045 1630/698/2051 1182/705/2046
f 1630/698/2051 1631/699/2052 1182/705/2046
f 1182/705/2046 1631/699/2052 1633/691/2053
f 1183/1346/2047 1182/705/2046 1633/691/2053
f 1191/1349/2048 1183/1346/2047 1633/691/2053
f 1195/1350/2049 1191/1349/2048 1633/691/2053
f 1630/698/2051 1184/703/1235 1642/697/1234
f 1630/698/2051 1642/697/1234 1629/694/2054
f 1629/694/2054 1624/695/2055 1630/698/2051
f 1624/695/2055 1631/699/2052 1630/698/2051
f 1633/691/2053 1631/699/2052 1624/695/2055
f 1632/690/2056 1633/691/2053 1624/695/2055
f 1633/691/2053 1632/690/2056 1638/687/2057
f 1635/692/2058 1633/691/2053 1638/687/2057
f 1633/691/2053 1635/692/2058 1195/1350/2049
f 1629/694/2054 1642/697/1234 1627/696/1233
f 1629/694/2054 1627/696/1233 1647/693/2059
f 1626/689/2060 1629/694/2054 1647/693/2059
f 1624/695/2055 1629/694/2054 1626/689/2060
f 1632/690/2056 1624/695/2055 1626/689/2060
f 1632/690/2056 1626/689/2060 1637/686/2061
f 1638/687/2057 1632/690/2056 1637/686/2061
f 1638/687/2057 1637/686/2061 1639/628/1106
f 1643/634/1112 1638/687/2057 1639/628/1106
f 1638/687/2057 1643/634/1112 1635/692/2058
f 1627/696/1233 1636/620/1091 1647/693/2059
f 1647/693/2059 1636/620/1091 1652/616/1090
f 1628/688/2062 1647/693/2059 1652/616/1090
f 1628/688/2062 1626/689/2060 1647/693/2059
f 1626/689/2060 1628/688/2062 1637/686/2061
f 1628/688/2062 1617/621/1096 1637/686/2061
f 1617/621/1096 1620/618/1095 1637/686/2061
f 1620/618/1095 1639/628/1106 1637/686/2061
f 1628/688/2062 1652/616/1090 1617/621/1096
f 1643/634/1112 1634/684/2063 1635/692/2058
f 902/685/2064 1635/692/2058 1634/684/2063
f 1635/692/2058 902/685/2064 1195/1350/2049
f 1195/1350/2049 902/685/2064 879/1357/2065
f 878/1358/2066 1195/1350/2049 879/1357/2065
f 866/1359/2067 1195/1350/2049 878/1358/2066
f 866/1359/2067 1187/1354/2050 1195/1350/2049
f 1643/634/1112 1641/633/1111 1634/684/2063
f 1641/633/1111 880/682/2068 1634/684/2063
f 880/682/2068 902/685/2064 1634/684/2063
f 880/682/2068 913/683/2069 902/685/2064
f 913/683/2069 879/1357/2065 902/685/2064
f 879/1357/2065 913/683/2069 1667/1360/2070
f 879/1357/2065 1667/1360/2070 1661/1361/2071
f 878/1358/2066 879/1357/2065 1661/1361/2071
f 1661/1361/2071 1663/1362/2072 878/1358/2066
f 878/1358/2066 1663/1362/2072 864/1363/2073
f 866/1359/2067 878/1358/2066 864/1363/2073
f 1641/633/1111 1625/632/1110 880/682/2068
f 880/682/2068 1625/632/1110 913/683/2069
f 1625/632/1110 1621/645/1123 913/683/2069
f 1622/1364/2074 913/683/2069 1621/645/1123
f 913/683/2069 1622/1364/2074 1667/1360/2070
f 1667/1360/2070 1622/1364/2074 1655/1365/2075
f 1682/1366/2076 1667/1360/2070 1655/1365/2075
f 1661/1361/2071 1667/1360/2070 1682/1366/2076
f 1663/1362/2072 1661/1361/2071 1682/1366/2076
f 1682/1366/2076 1662/1367/2077 1663/1362/2072
f 1663/1362/2072 1662/1367/2077 865/1368/2078
f 864/1363/2073 1663/1362/2072 865/1368/2078
f 1181/1353/2043 864/1363/2073 865/1368/2078
f 864/1363/2073 1181/1353/2043 866/1359/2067
f 1622/1364/2074 1621/645/1123 1655/1365/2075
f 1621/645/1123 1649/1369/2079 1655/1365/2075
f 1665/1370/2080 1655/1365/2075 1649/1369/2079
f 1655/1365/2075 1665/1370/2080 1682/1366/2076
f 1665/1370/2080 1673/1371/2081 1682/1366/2076
f 1682/1366/2076 1673/1371/2081 1662/1367/2077
f 1673/1371/2081 1660/1372/2082 1662/1367/2077
f 1660/1372/2082 1180/1373/2083 1662/1367/2077
f 1180/1373/2083 865/1368/2078 1662/1367/2077
f 865/1368/2078 1180/1373/2083 1850/1356/2044
f 1850/1356/2044 1181/1353/2043 865/1368/2078
f 1649/1369/2079 1621/645/1123 1687/681/2084
f 1649/1369/2079 1687/681/2084 1646/1374/2085
f 1646/1374/2085 1665/1370/2080 1649/1369/2079
f 1665/1370/2080 1646/1374/2085 1664/1375/2086
f 1665/1370/2080 1664/1375/2086 1673/1371/2081
f 1664/1375/2086 1693/1376/2087 1673/1371/2081
f 1673/1371/2081 1693/1376/2087 1685/1377/2088
f 1660/1372/2082 1673/1371/2081 1685/1377/2088
f 1660/1372/2082 1685/1377/2088 1186/1378/2089
f 1180/1373/2083 1660/1372/2082 1186/1378/2089
f 1621/645/1123 1686/644/1122 1687/681/2084
f 1672/652/1130 1687/681/2084 1686/644/1122
f 1654/1379/2090 1687/681/2084 1672/652/1130
f 1687/681/2084 1654/1379/2090 1646/1374/2085
f 1646/1374/2085 1654/1379/2090 1648/1380/2091
f 1646/1374/2085 1648/1380/2091 1664/1375/2086
f 1648/1380/2091 1159/1381/2092 1664/1375/2086
f 1159/1381/2092 1188/1382/842 1664/1375/2086
f 1664/1375/2086 1188/1382/842 1160/1383/2093
f 1664/1375/2086 1160/1383/2093 1693/1376/2087
f 1688/679/2094 1654/1379/2090 1672/652/1130
f 1688/679/2094 1690/1384/2095 1654/1379/2090
f 1690/1384/2095 1653/1385/2096 1654/1379/2090
f 1654/1379/2090 1653/1385/2096 1648/1380/2091
f 1648/1380/2091 1653/1385/2096 1159/1381/2092
f 1653/1385/2096 1163/1386/839 1159/1381/2092
f 1653/1385/2096 1690/1384/2095 1163/1386/839
f 1690/1384/2095 1132/1387/2097 1163/1386/839
f 1690/1384/2095 1948/1388/2098 1132/1387/2097
f 1948/1388/2098 1906/1389/984 1132/1387/2097
f 1688/679/2094 1672/652/1130 1681/651/1129
f 2022/680/1189 1688/679/2094 1681/651/1129
f 2022/680/1189 1948/1388/2098 1688/679/2094
f 1948/1388/2098 1690/1384/2095 1688/679/2094
f 1948/1388/2098 2022/680/1189 1950/679/1188
f 1967/1384/2099 1948/1388/2098 1950/679/1188
f 1948/1388/2098 1967/1384/2099 1896/1387/2100
f 1906/1389/984 1948/1388/2098 1896/1387/2100
f 1967/1384/2099 1950/679/1188 1984/1379/2101
f 1975/1385/2102 1967/1384/2099 1984/1379/2101
f 1967/1384/2099 1975/1385/2102 1902/1386/892
f 1896/1387/2100 1967/1384/2099 1902/1386/892
f 1984/1379/2101 1950/679/1188 1957/652/1187
f 1913/681/1200 1984/1379/2101 1957/652/1187
f 2019/1374/2103 1984/1379/2101 1913/681/1200
f 1984/1379/2101 2019/1374/2103 1962/1380/2104
f 1975/1385/2102 1984/1379/2101 1962/1380/2104
f 1962/1380/2104 1839/1381/890 1975/1385/2102
f 1839/1381/890 1902/1386/892 1975/1385/2102
f 2017/1369/2105 2019/1374/2103 1913/681/1200
f 1949/1370/2106 2019/1374/2103 2017/1369/2105
f 1949/1370/2106 1912/1375/2107 2019/1374/2103
f 1912/1375/2107 1962/1380/2104 2019/1374/2103
f 1962/1380/2104 1912/1375/2107 1839/1381/890
f 1912/1375/2107 1833/1382/2108 1839/1381/890
f 1833/1382/2108 1912/1375/2107 1825/1383/2109
f 1821/1390/885 1833/1382/2108 1825/1383/2109
f 2004/645/1199 2017/1369/2105 1913/681/1200
f 1969/1365/2110 2017/1369/2105 2004/645/1199
f 1969/1365/2110 1949/1370/2106 2017/1369/2105
f 1949/1370/2106 1969/1365/2110 1916/1366/2111
f 1947/1371/2112 1949/1370/2106 1916/1366/2111
f 1912/1375/2107 1949/1370/2106 1947/1371/2112
f 1951/1376/2113 1912/1375/2107 1947/1371/2112
f 1951/1376/2113 1825/1383/2109 1912/1375/2107
f 1825/1383/2109 1951/1376/2113 1837/1391/2114
f 1822/1392/2115 1825/1383/2109 1837/1391/2114
f 1821/1390/885 1825/1383/2109 1822/1392/2115
f 1854/1393/886 1821/1390/885 1822/1392/2115
f 2001/1364/2116 1969/1365/2110 2004/645/1199
f 2001/1364/2116 1929/1360/2117 1969/1365/2110
f 1929/1360/2117 1916/1366/2111 1969/1365/2110
f 1929/1360/2117 1919/1361/2118 1916/1366/2111
f 1919/1361/2118 1915/1362/2119 1916/1366/2111
f 1915/1362/2119 1917/1367/2120 1916/1366/2111
f 1916/1366/2111 1917/1367/2120 1947/1371/2112
f 2004/645/1199 1820/683/1205 2001/1364/2116
f 1929/1360/2117 2001/1364/2116 1820/683/1205
f 1876/1357/2121 1929/1360/2117 1820/683/1205
f 1919/1361/2118 1929/1360/2117 1876/1357/2121
f 1911/1358/2122 1919/1361/2118 1876/1357/2121
f 1911/1358/2122 1915/1362/2119 1919/1361/2118
f 1915/1362/2119 1911/1358/2122 1874/1363/2123
f 1874/1363/2123 1877/1368/2124 1915/1362/2119
f 1877/1368/2124 1917/1367/2120 1915/1362/2119
f 1877/1368/2124 1875/1373/2125 1917/1367/2120
f 1875/1373/2125 1914/1372/2126 1917/1367/2120
f 1917/1367/2120 1914/1372/2126 1947/1371/2112
f 1876/1357/2121 1820/683/1205 1889/685/1210
f 1876/1357/2121 1889/685/1210 1888/1350/2032
f 1911/1358/2122 1876/1357/2121 1888/1350/2032
f 1911/1358/2122 1888/1350/2032 1886/1359/2127
f 1911/1358/2122 1886/1359/2127 1874/1363/2123
f 1886/1359/2127 1878/1353/2035 1874/1363/2123
f 1874/1363/2123 1878/1353/2035 1877/1368/2124
f 1878/1353/2035 1850/1356/2044 1877/1368/2124
f 1877/1368/2124 1850/1356/2044 1875/1373/2125
f 1850/1356/2044 1817/1394/2128 1875/1373/2125
f 1817/1394/2128 1835/1378/2129 1875/1373/2125
f 1914/1372/2126 1875/1373/2125 1835/1378/2129
f 1955/1377/2130 1914/1372/2126 1835/1378/2129
f 1914/1372/2126 1955/1377/2130 1947/1371/2112
f 1955/1377/2130 1951/1376/2113 1947/1371/2112
f 1888/1350/2032 1849/1354/2036 1886/1359/2127
f 1886/1359/2127 1849/1354/2036 1878/1353/2035
f 1181/1353/2043 1187/1354/2050 866/1359/2067
f 1180/1373/2083 1817/1394/2128 1850/1356/2044
f 1180/1373/2083 1186/1378/2089 1817/1394/2128
f 1818/1395/2131 1817/1394/2128 1186/1378/2089
f 1835/1378/2129 1817/1394/2128 1818/1395/2131
f 1955/1377/2130 1835/1378/2129 1818/1395/2131
f 2024/1396/2132 1955/1377/2130 1818/1395/2131
f 2024/1396/2132 2023/1397/2133 1955/1377/2130
f 2023/1397/2133 1951/1376/2113 1955/1377/2130
f 1837/1391/2114 1951/1376/2113 2023/1397/2133
f 1827/1398/2134 1837/1391/2114 2023/1397/2133
f 1837/1391/2114 1827/1398/2134 1822/1392/2115
f 1186/1378/2089 1685/1377/2088 1818/1395/2131
f 1685/1377/2088 2024/1396/2132 1818/1395/2131
f 2024/1396/2132 1685/1377/2088 2023/1397/2133
f 1685/1377/2088 1693/1376/2087 2023/1397/2133
f 2023/1397/2133 1693/1376/2087 1173/1391/2135
f 1827/1398/2134 2023/1397/2133 1173/1391/2135
f 1173/1391/2135 1161/1392/2136 1827/1398/2134
f 1161/1392/2136 1826/1399/2137 1827/1398/2134
f 1827/1398/2134 1826/1399/2137 1822/1392/2115
f 1822/1392/2115 1826/1399/2137 1836/1400/854
f 1854/1393/886 1822/1392/2115 1836/1400/854
f 1173/1391/2135 1693/1376/2087 1160/1383/2093
f 1161/1392/2136 1173/1391/2135 1160/1383/2093
f 1161/1392/2136 1160/1383/2093 1158/1390/844
f 1162/1393/845 1161/1392/2136 1158/1390/844
f 1161/1392/2136 1162/1393/845 1836/1400/854
f 1826/1399/2137 1161/1392/2136 1836/1400/854
f 1188/1382/842 1158/1390/844 1160/1383/2093
s 39
f 577/1401/167 574/1402/2138 585/1403/2139
f 574/1402/2138 576/1403/2140 585/1403/2139
f 585/1403/2139 576/1403/2140 571/1403/2141
f 585/1403/2139 571/1403/2141 587/1403/2142
f 585/1403/2139 587/1403/2142 1317/1404/2143
f 1275/1405/2144 585/1403/2139 1317/1404/2143
f 574/1402/2138 577/1401/167 578/1402/2145
f 574/1402/2138 578/1402/2145 584/1406/2146
f 568/1406/2147 574/1402/2138 584/1406/2146
f 576/1403/2140 574/1402/2138 568/1406/2147
f 573/1406/2148 576/1403/2140 568/1406/2147
f 571/1403/2141 576/1403/2140 573/1406/2148
f 571/1403/2141 573/1406/2148 569/1403/2149
f 571/1403/2141 569/1403/2149 587/1403/2142
f 587/1403/2142 569/1403/2149 580/1403/2150
f 1317/1404/2143 587/1403/2142 580/1403/2150
f 577/1401/167 589/1407/168 578/1402/2145
f 578/1402/2145 589/1407/168 582/1402/2151
f 578/1402/2145 582/1402/2151 586/1406/2152
f 584/1406/2146 578/1402/2145 586/1406/2152
f 584/1406/2146 586/1406/2152 575/1406/2153
f 584/1406/2146 575/1406/2153 580/1403/2150
f 568/1406/2147 584/1406/2146 580/1403/2150
f 568/1406/2147 580/1403/2150 569/1403/2149
f 573/1406/2148 568/1406/2147 569/1403/2149
f 589/1407/168 583/1408/169 582/1402/2151
f 582/1402/2151 583/1408/169 1330/1409/2154
f 582/1402/2151 1330/1409/2154 1306/1402/2155
f 586/1406/2152 582/1402/2151 1306/1402/2155
f 586/1406/2152 1306/1402/2155 1315/1406/2156
f 572/1406/2157 586/1406/2152 1315/1406/2156
f 586/1406/2152 572/1406/2157 575/1406/2153
f 1301/1404/2158 575/1406/2153 572/1406/2157
f 1301/1404/2158 1317/1404/2143 575/1406/2153
f 1317/1404/2143 580/1403/2150 575/1406/2153
f 583/1408/169 1331/1410/176 1330/1409/2154
f 1330/1409/2154 1331/1410/176 1283/1408/254
f 1278/1402/2159 1330/1409/2154 1283/1408/254
f 1306/1402/2155 1330/1409/2154 1278/1402/2159
f 1297/1406/2160 1306/1402/2155 1278/1402/2159
f 1315/1406/2156 1306/1402/2155 1297/1406/2160
f 1334/1403/2161 1315/1406/2156 1297/1406/2160
f 1334/1403/2161 1454/1411/2162 1315/1406/2156
f 1454/1411/2162 1451/1411/2163 1315/1406/2156
f 1451/1411/2163 1298/1411/2164 1315/1406/2156
f 1298/1411/2164 572/1406/2157 1315/1406/2156
f 1278/1402/2159 1283/1408/254 1279/1407/2165
f 1282/1402/2166 1278/1402/2159 1279/1407/2165
f 1297/1406/2160 1278/1402/2159 1282/1402/2166
f 1295/1406/2167 1297/1406/2160 1282/1402/2166
f 1297/1406/2160 1295/1406/2167 1314/1403/2168
f 1334/1403/2161 1297/1406/2160 1314/1403/2168
f 1314/1403/2168 1438/1404/2169 1334/1403/2161
f 1438/1404/2169 1454/1411/2162 1334/1403/2161
f 1282/1402/2166 1279/1407/2165 1280/1401/252
f 1311/1402/2170 1282/1402/2166 1280/1401/252
f 1295/1406/2167 1282/1402/2166 1311/1402/2170
f 1302/1406/2171 1295/1406/2167 1311/1402/2170
f 1295/1406/2167 1302/1406/2171 1312/1403/2172
f 1314/1403/2168 1295/1406/2167 1312/1403/2172
f 1312/1403/2172 1421/1404/2173 1314/1403/2168
f 1421/1404/2173 1438/1404/2169 1314/1403/2168
f 1438/1404/2169 1421/1404/2173 1452/1405/2174
f 1439/1412/137 1438/1404/2169 1452/1405/2174
f 1438/1404/2169 1439/1412/137 1454/1411/2162
f 1311/1402/2170 1280/1401/252 1277/1405/2175
f 1335/1403/2176 1311/1402/2170 1277/1405/2175
f 1302/1406/2171 1311/1402/2170 1335/1403/2176
f 1310/1406/2177 1302/1406/2171 1335/1403/2176
f 1302/1406/2171 1310/1406/2177 1307/1403/2178
f 1312/1403/2172 1302/1406/2171 1307/1403/2178
f 1307/1403/2178 1333/1405/2179 1312/1403/2172
f 1333/1405/2179 1421/1404/2173 1312/1403/2172
f 1333/1405/2179 1277/1405/2175 1421/1404/2173
f 1277/1405/2175 1452/1405/2174 1421/1404/2173
f 1300/1403/2180 1335/1403/2176 1277/1405/2175
f 1310/1406/2177 1335/1403/2176 1300/1403/2180
f 1307/1403/2178 1310/1406/2177 1300/1403/2180
f 1333/1405/2179 1307/1403/2178 1300/1403/2180
f 1300/1403/2180 1277/1405/2175 1333/1405/2179
f 1439/1412/137 1455/1413/2181 1454/1411/2162
f 1454/1411/2162 1455/1413/2181 1450/100/249
f 1451/1411/2163 1454/1411/2162 1450/100/249
f 1451/1411/2163 1450/100/249 1298/1411/2164
f 1450/100/249 1321/1413/2182 1298/1411/2164
f 1321/1413/2182 1304/1412/161 1298/1411/2164
f 1304/1412/161 1301/1404/2158 1298/1411/2164
f 1298/1411/2164 1301/1404/2158 572/1406/2157
f 1304/1412/161 1275/1405/2144 1301/1404/2158
f 1275/1405/2144 1317/1404/2143 1301/1404/2158
s 40
f 2857/1414/2183 2870/1415/2184 2879/1416/2185
f 2879/1416/2185 2870/1415/2184 2720/1417/2186
f 2870/1415/2184 2858/1418/2187 2720/1417/2186
f 2720/1417/2186 2858/1418/2187 2716/1419/2188
f 2716/1419/2188 2858/1418/2187 2723/1420/2189
f 2857/1414/2183 2723/1420/2189 2870/1415/2184
f 2723/1420/2189 2858/1418/2187 2870/1415/2184
f 2857/1414/2183 2718/1421/2190 2723/1420/2189
f 2718/1421/2190 2722/1422/2191 2723/1420/2189
f 2864/1423/2188 2723/1420/2189 2722/1422/2191
f 2859/1424/2192 2864/1423/2188 2722/1422/2191
f 2859/1424/2192 2722/1422/2191 2718/1421/2190
f 2868/1425/2193 2859/1424/2192 2718/1421/2190
f 2868/1425/2193 2718/1421/2190 2857/1414/2183
s 41
f 2863/1416/2194 2852/1415/2195 2717/1414/2196
f 2717/1414/2196 2852/1415/2195 2721/1420/2197
f 2878/1421/2198 2717/1414/2196 2721/1420/2197
f 2717/1414/2196 2878/1421/2198 2867/1425/2194
f 2867/1425/2194 2878/1421/2198 2851/1424/2199
f 2878/1421/2198 2850/1422/2200 2851/1424/2199
f 2850/1422/2200 2861/1423/2201 2851/1424/2199
f 2852/1415/2195 2863/1416/2194 2869/1417/2202
f 2719/1418/2203 2852/1415/2195 2869/1417/2202
f 2852/1415/2195 2719/1418/2203 2721/1420/2197
f 2721/1420/2197 2719/1418/2203 2853/1419/2201
f 2853/1419/2201 2719/1418/2203 2869/1417/2202
f 2850/1422/2200 2721/1420/2197 2861/1423/2201
f 2850/1422/2200 2878/1421/2198 2721/1420/2197
s 42
f 2846/1426/2204 2988/1427/2205 2860/1428/2206
f 2846/1426/2204 2860/1428/2206 2866/1429/2207
f 2847/1430/2208 2846/1426/2204 2866/1429/2207
f 2847/1430/2208 2865/1431/2209 2846/1426/2204
f 2865/1431/2209 2988/1427/2205 2846/1426/2204
f 2865/1431/2209 2848/1432/2210 2988/1427/2205
f 2848/1432/2210 3000/1433/2211 2988/1427/2205
f 2988/1427/2205 3000/1433/2211 3001/1434/2206
f 3001/1434/2206 3000/1433/2211 2862/1435/2212
f 2849/1436/2213 2847/1430/2208 2866/1429/2207
f 2865/1431/2209 2847/1430/2208 2849/1436/2213
f 3000/1433/2211 2848/1432/2210 2862/1435/2212
f 2848/1432/2210 2877/1437/2214 2862/1435/2212
f 2848/1432/2210 2865/1431/2209 2877/1437/2214
s 43
f 2989/1438/2215 2881/1439/2216 2880/1440/2217
f 2881/1439/2216 2997/1441/2218 2880/1440/2217
f 2997/1441/2218 2991/1442/2219 2880/1440/2217
f 2991/1442/2219 3005/1443/2220 2880/1440/2217
f 3005/1443/2220 3006/1444/2221 2880/1440/2217
f 3006/1444/2221 3007/1445/2222 2880/1440/2217
f 3007/1445/2222 3002/1446/2223 2880/1440/2217
f 3002/1446/2223 3003/1447/2224 2880/1440/2217
f 3003/1447/2224 2990/1448/2225 2880/1440/2217
f 2990/1448/2225 2989/1438/2215 2880/1440/2217
s 44
f 1743/1449/2226 2999/1450/2215 3008/1438/2227
f 3008/1438/2227 2999/1450/2215 2992/1439/2228
f 3008/1438/2227 2992/1439/2228 3004/1440/2229
f 1735/1448/2230 3008/1438/2227 3004/1440/2229
f 1735/1448/2230 1743/1449/2226 3008/1438/2227
f 1743/1449/2226 1735/1448/2230 1740/1447/2231
f 2064/1451/2218 1743/1449/2226 1740/1447/2231
f 2064/1451/2218 1740/1447/2231 2074/1446/2232
f 2076/1452/2233 2064/1451/2218 2074/1446/2232
f 2999/1450/2215 2998/1453/2225 2992/1439/2228
f 2992/1439/2228 2998/1453/2225 2127/1441/2234
f 2992/1439/2228 2127/1441/2234 3004/1440/2229
f 2998/1453/2225 2993/1454/2235 2127/1441/2234
f 2993/1454/2235 2102/1455/2223 2127/1441/2234
f 2102/1455/2223 2118/1442/2236 2127/1441/2234
f 2127/1441/2234 2118/1442/2236 3004/1440/2229
f 2118/1442/2236 2080/1443/2237 3004/1440/2229
f 2124/1444/2238 3004/1440/2229 2080/1443/2237
f 2124/1444/2238 2078/1445/2239 3004/1440/2229
f 2078/1445/2239 2074/1446/2232 3004/1440/2229
f 2074/1446/2232 1740/1447/2231 3004/1440/2229
f 1740/1447/2231 1735/1448/2230 3004/1440/2229
f 2102/1455/2223 2079/1456/2222 2118/1442/2236
f 2079/1456/2222 2080/1443/2237 2118/1442/2236
f 2080/1443/2237 2079/1456/2222 2124/1444/2238
f 2079/1456/2222 2075/1457/2240 2124/1444/2238
f 2124/1444/2238 2075/1457/2240 2078/1445/2239
f 2075/1457/2240 2077/1458/2241 2078/1445/2239
f 2078/1445/2239 2077/1458/2241 2074/1446/2232
f 2077/1458/2241 2076/1452/2233 2074/1446/2232
s 45
f 1734/1459/2242 1730/1460/2243 1042/1461/2244
f 1043/1462/2245 1734/1459/2242 1042/1461/2244
f 1733/1463/2246 1734/1459/2242 1043/1462/2245
f 1733/1463/2246 1758/1464/2247 1734/1459/2242
f 1734/1459/2242 1758/1464/2247 1730/1460/2243
f 1758/1464/2247 1759/1465/2248 1730/1460/2243
f 1758/1464/2247 1719/1466/2249 1759/1465/2248
f 1719/1466/2249 1721/1467/2250 1759/1465/2248
f 1728/1468/2251 1721/1467/2250 1719/1466/2249
f 1043/1462/2245 1042/1461/2244 1041/1469/2252
f 1055/1470/2253 1043/1462/2245 1041/1469/2252
f 1733/1463/2246 1043/1462/2245 1055/1470/2253
f 1055/1470/2253 1041/1469/2252 1695/1471/2254
f 1733/1463/2246 1055/1470/2253 1695/1471/2254
f 1733/1463/2246 1695/1471/2254 1727/1472/2255
f 1733/1463/2246 1727/1472/2255 1720/1473/2256
f 1733/1463/2246 1720/1473/2256 1697/1474/2257
f 1733/1463/2246 1697/1474/2257 1729/1475/2258
f 1733/1463/2246 1729/1475/2258 1719/1466/2249
f 1733/1463/2246 1719/1466/2249 1758/1464/2247
f 1041/1469/2252 1044/1476/2259 1695/1471/2254
f 1695/1471/2254 1044/1476/2259 1694/1477/2260
f 1727/1472/2255 1695/1471/2254 1694/1477/2260
f 1727/1472/2255 1694/1477/2260 1722/1478/2261
f 1720/1473/2256 1727/1472/2255 1722/1478/2261
f 1720/1473/2256 1722/1478/2261 1696/1479/2262
f 1697/1474/2257 1720/1473/2256 1696/1479/2262
f 1697/1474/2257 1696/1479/2262 1728/1468/2251
f 1729/1475/2258 1697/1474/2257 1728/1468/2251
f 1729/1475/2258 1728/1468/2251 1719/1466/2249
s 46
f 1022/1466/2263 989/1463/2264 998/1475/2252
f 998/1475/2252 989/1463/2264 997/1474/2259
f 997/1474/2259 989/1463/2264 1003/1473/2265
f 1003/1473/2265 989/1463/2264 1021/1472/2261
f 1021/1472/2261 989/1463/2264 999/1471/2262
f 999/1471/2262 989/1463/2264 1005/1470/2251
f 1005/1470/2251 989/1463/2264 1006/1462/2250
f 1023/1464/2243 989/1463/2264 1022/1466/2263
f 1004/1459/2266 989/1463/2264 1023/1464/2243
f 1006/1462/2250 989/1463/2264 1004/1459/2266
s 47
f 988/1440/2267 987/1439/2268 985/1438/2269
f 988/1440/2267 985/1438/2269 1028/1448/2270
f 988/1440/2267 1028/1448/2270 1002/1447/2271
f 988/1440/2267 1002/1447/2271 992/1446/2272
f 988/1440/2267 992/1446/2272 991/1445/2273
f 988/1440/2267 991/1445/2273 986/1444/2274
f 988/1440/2267 986/1444/2274 1000/1443/2275
f 988/1440/2267 1000/1443/2275 995/1442/2276
f 988/1440/2267 995/1442/2276 994/1441/2277
f 988/1440/2267 994/1441/2277 987/1439/2268
s 48
f 1017/1438/2278 1018/1450/2269 366/1449/2268
f 367/1448/2279 1017/1438/2278 366/1449/2268
f 990/1440/2280 1017/1438/2278 367/1448/2279
f 990/1440/2280 1040/1439/2281 1017/1438/2278
f 1017/1438/2278 1040/1439/2281 1018/1450/2269
f 1040/1439/2281 1001/1453/2282 1018/1450/2269
f 1040/1439/2281 996/1441/2283 1001/1453/2282
f 996/1441/2283 993/1454/2284 1001/1453/2282
f 1025/1455/2272 993/1454/2284 996/1441/2283
f 367/1448/2279 366/1449/2268 548/1447/2285
f 990/1440/2280 367/1448/2279 548/1447/2285
f 366/1449/2268 550/1451/2286 548/1447/2285
f 548/1447/2285 550/1451/2286 549/1446/2287
f 990/1440/2280 548/1447/2285 549/1446/2287
f 990/1440/2280 549/1446/2287 1026/1445/2288
f 990/1440/2280 1026/1445/2288 1019/1444/2289
f 1024/1443/2290 990/1440/2280 1019/1444/2289
f 990/1440/2280 1024/1443/2290 1012/1442/2291
f 990/1440/2280 1012/1442/2291 996/1441/2283
f 990/1440/2280 996/1441/2283 1040/1439/2281
f 550/1451/2286 547/1452/2292 549/1446/2287
f 549/1446/2287 547/1452/2292 1027/1458/2293
f 1026/1445/2288 549/1446/2287 1027/1458/2293
f 1026/1445/2288 1027/1458/2293 1011/1457/2274
f 1019/1444/2289 1026/1445/2288 1011/1457/2274
f 1019/1444/2289 1011/1457/2274 1020/1456/2294
f 1024/1443/2290 1019/1444/2289 1020/1456/2294
f 1024/1443/2290 1020/1456/2294 1012/1442/2291
f 1020/1456/2294 1025/1455/2272 1012/1442/2291
f 1012/1442/2291 1025/1455/2272 996/1441/2283
s 49
f 72/1480/2295 51/1481/2296 74/1482/2297
f 74/1482/2297 51/1481/2296 32/1483/2298
f 74/1482/2297 32/1483/2298 34/1484/2299
f 73/1485/2300 74/1482/2297 34/1484/2299
f 73/1485/2300 72/1480/2295 74/1482/2297
f 32/1483/2298 51/1481/2296 123/1486/2301
f 133/1487/2302 32/1483/2298 123/1486/2301
f 32/1483/2298 133/1487/2302 35/1488/2303
f 32/1483/2298 35/1488/2303 34/1484/2299
f 34/1484/2299 35/1488/2303 115/1489/2304
f 115/1489/2304 68/1490/2305 34/1484/2299
f 68/1490/2305 71/1491/2306 34/1484/2299
f 71/1491/2306 73/1485/2300 34/1484/2299
f 51/1481/2296 39/1492/2307 123/1486/2301
f 123/1486/2301 39/1492/2307 133/1487/2302
f 39/1492/2307 50/1493/2300 133/1487/2302
f 133/1487/2302 50/1493/2300 45/1494/2308
f 47/1495/2309 133/1487/2302 45/1494/2308
f 133/1487/2302 47/1495/2309 35/1488/2303
f 47/1495/2309 37/1496/2310 35/1488/2303
f 37/1496/2310 116/1497/2311 35/1488/2303
f 35/1488/2303 116/1497/2311 115/1489/2304
f 117/1498/2312 115/1489/2304 116/1497/2311
f 115/1489/2304 117/1498/2312 65/1499/2313
f 68/1490/2305 115/1489/2304 65/1499/2313
f 47/1495/2309 45/1494/2308 38/1500/2314
f 37/1496/2310 47/1495/2309 38/1500/2314
f 38/1500/2314 69/1501/2313 37/1496/2310
f 69/1501/2313 70/1502/2315 37/1496/2310
f 116/1497/2311 37/1496/2310 70/1502/2315
f 33/1503/2316 116/1497/2311 70/1502/2315
f 33/1503/2316 117/1498/2312 116/1497/2311
f 117/1498/2312 33/1503/2316 66/1504/2317
f 117/1498/2312 66/1504/2317 67/1505/2318
f 65/1499/2313 117/1498/2312 67/1505/2318
f 70/1502/2315 69/1501/2313 46/1506/2318
f 40/1507/2319 70/1502/2315 46/1506/2318
f 33/1503/2316 70/1502/2315 40/1507/2319
f 122/1508/2320 33/1503/2316 40/1507/2319
f 33/1503/2316 122/1508/2320 66/1504/2317
f 67/1505/2318 66/1504/2317 122/1508/2320
f 122/1508/2320 40/1507/2319 46/1506/2318
s 50
f 132/1509/2321 86/1510/2322 85/1511/2323
f 86/1510/2322 237/1512/2324 85/1511/2323
f 237/1512/2324 86/1510/2322 240/1513/2325
f 237/1512/2324 240/1513/2325 266/1514/2323
f 240/1513/2325 225/1515/2326 266/1514/2323
f 88/1516/2327 266/1514/2323 225/1515/2326
f 25/1517/2328 88/1516/2327 225/1515/2326
f 86/1510/2322 132/1509/2321 127/1518/2329
f 86/1510/2322 127/1518/2329 240/1513/2325
f 87/1519/2330 240/1513/2325 127/1518/2329
f 240/1513/2325 87/1519/2330 225/1515/2326
f 87/1519/2330 84/1520/2331 225/1515/2326
f 25/1517/2328 225/1515/2326 84/1520/2331
f 83/1521/2332 25/1517/2328 84/1520/2331
f 83/1521/2332 84/1520/2331 239/1522/2333
f 142/1523/2334 83/1521/2332 239/1522/2333
f 142/1523/2334 239/1522/2333 375/1524/2335
f 132/1509/2321 131/1525/2336 127/1518/2329
f 126/1526/2337 127/1518/2329 131/1525/2336
f 126/1526/2337 87/1519/2330 127/1518/2329
f 87/1519/2330 126/1526/2337 26/1527/2338
f 87/1519/2330 26/1527/2338 239/1522/2333
f 84/1520/2331 87/1519/2330 239/1522/2333
f 125/1528/2339 126/1526/2337 131/1525/2336
f 126/1526/2337 125/1528/2339 121/1529/2334
f 124/1530/2340 126/1526/2337 121/1529/2334
f 126/1526/2337 124/1530/2340 26/1527/2338
f 124/1530/2340 120/1531/2341 26/1527/2338
f 120/1531/2341 27/1532/2342 26/1527/2338
f 26/1527/2338 27/1532/2342 369/1533/2343
f 239/1522/2333 26/1527/2338 369/1533/2343
f 239/1522/2333 369/1533/2343 375/1524/2335
f 375/1524/2335 369/1533/2343 235/1534/2344
f 124/1530/2340 121/1529/2334 100/1535/2345
f 120/1531/2341 124/1530/2340 100/1535/2345
f 120/1531/2341 100/1535/2345 119/1536/2346
f 28/1537/2347 120/1531/2341 119/1536/2346
f 27/1532/2342 120/1531/2341 28/1537/2347
f 236/1538/2348 27/1532/2342 28/1537/2347
f 27/1532/2342 236/1538/2348 238/1539/2349
f 369/1533/2343 27/1532/2342 238/1539/2349
f 369/1533/2343 238/1539/2349 235/1534/2344
f 235/1534/2344 238/1539/2349 368/1540/2350
f 368/1540/2350 238/1539/2349 236/1538/2348
f 28/1537/2347 368/1540/2350 236/1538/2348
f 368/1540/2350 28/1537/2347 119/1536/2346
s 51
f 264/1541/2351 222/1542/2352 249/1543/2353
f 264/1541/2351 249/1543/2353 276/1544/2354
f 264/1541/2351 276/1544/2354 270/1545/2355
f 247/1546/2356 264/1541/2351 270/1545/2355
f 264/1541/2351 247/1546/2356 222/1542/2352
f 247/1546/2356 223/1547/2357 222/1542/2352
f 223/1547/2357 247/1546/2356 306/1548/2358
f 275/1549/2359 223/1547/2357 306/1548/2358
f 306/1548/2358 267/1550/2360 275/1549/2359
f 267/1550/2360 271/1551/2361 275/1549/2359
f 270/1545/2355 276/1544/2354 248/1552/2362
f 279/1553/2363 270/1545/2355 248/1552/2362
f 250/1554/2364 270/1545/2355 279/1553/2363
f 247/1546/2356 270/1545/2355 250/1554/2364
f 306/1548/2358 247/1546/2356 250/1554/2364
f 306/1548/2358 250/1554/2364 267/1550/2360
f 250/1554/2364 272/1555/2365 267/1550/2360
f 272/1555/2365 224/1556/2366 267/1550/2360
f 268/1557/2367 267/1550/2360 224/1556/2366
f 268/1557/2367 271/1551/2361 267/1550/2360
f 248/1552/2362 276/1544/2354 278/1558/2353
f 277/1559/2368 248/1552/2362 278/1558/2353
f 279/1553/2363 248/1552/2362 277/1559/2368
f 265/1560/2357 279/1553/2363 277/1559/2368
f 279/1553/2363 265/1560/2357 308/1561/2369
f 308/1561/2369 250/1554/2364 279/1553/2363
f 272/1555/2365 250/1554/2364 308/1561/2369
f 269/1562/2370 272/1555/2365 308/1561/2369
f 269/1562/2370 224/1556/2366 272/1555/2365
f 307/1563/2367 224/1556/2366 269/1562/2370
f 269/1562/2370 226/1564/2361 307/1563/2367
f 226/1564/2361 269/1562/2370 308/1561/2369
f 221/1565/2359 226/1564/2361 308/1561/2369
f 265/1560/2357 221/1565/2359 308/1561/2369
s 52
f 256/1482/2371 243/1481/2372 254/1480/2373
f 256/1482/2371 254/1480/2373 252/1485/2374
f 256/1482/2371 252/1485/2374 259/1484/2375
f 256/1482/2371 259/1484/2375 258/1483/2376
f 258/1483/2376 243/1481/2372 256/1482/2371
f 243/1481/2372 258/1483/2376 251/1486/2377
f 251/1486/2377 244/1492/2378 243/1481/2372
f 244/1492/2378 251/1486/2377 246/1487/2379
f 228/1493/2374 244/1492/2378 246/1487/2379
f 216/1494/2380 228/1493/2374 246/1487/2379
f 252/1485/2374 314/1491/2381 259/1484/2375
f 259/1484/2375 314/1491/2381 263/1490/2382
f 315/1489/2383 259/1484/2375 263/1490/2382
f 259/1484/2375 315/1489/2383 242/1488/2384
f 259/1484/2375 242/1488/2384 258/1483/2376
f 258/1483/2376 242/1488/2384 246/1487/2379
f 258/1483/2376 246/1487/2379 251/1486/2377
f 315/1489/2383 263/1490/2382 214/1499/2385
f 253/1498/2386 315/1489/2383 214/1499/2385
f 315/1489/2383 253/1498/2386 255/1497/2387
f 315/1489/2383 255/1497/2387 242/1488/2384
f 255/1497/2387 227/1496/2388 242/1488/2384
f 227/1496/2388 215/1495/2389 242/1488/2384
f 242/1488/2384 215/1495/2389 246/1487/2379
f 215/1495/2389 216/1494/2380 246/1487/2379
f 230/1500/2390 216/1494/2380 215/1495/2389
f 227/1496/2388 230/1500/2390 215/1495/2389
f 230/1500/2390 227/1496/2388 213/1501/2385
f 214/1499/2385 218/1505/2391 253/1498/2386
f 218/1505/2391 219/1504/2392 253/1498/2386
f 253/1498/2386 219/1504/2392 257/1503/2393
f 253/1498/2386 257/1503/2393 255/1497/2387
f 257/1503/2393 229/1502/2394 255/1497/2387
f 229/1502/2394 227/1496/2388 255/1497/2387
f 227/1496/2388 229/1502/2394 213/1501/2385
f 220/1506/2391 213/1501/2385 229/1502/2394
f 217/1507/2395 220/1506/2391 229/1502/2394
f 220/1506/2391 217/1507/2395 245/1508/2396
f 245/1508/2396 219/1504/2392 218/1505/2391
f 219/1504/2392 245/1508/2396 257/1503/2393
f 245/1508/2396 217/1507/2395 257/1503/2393
f 217/1507/2395 229/1502/2394 257/1503/2393
s 53
f 147/1511/2397 148/1510/2398 374/1509/2399
f 374/1509/2399 148/1510/2398 371/1518/2400
f 241/1525/2401 374/1509/2399 371/1518/2400
f 241/1525/2401 371/1518/2400 327/1526/2402
f 260/1528/2403 241/1525/2401 327/1526/2402
f 261/1529/2404 260/1528/2403 327/1526/2402
f 147/1511/2397 362/1512/2405 148/1510/2398
f 362/1512/2405 382/1513/2406 148/1510/2398
f 382/1513/2406 371/1518/2400 148/1510/2398
f 382/1513/2406 145/1519/2407 371/1518/2400
f 145/1519/2407 327/1526/2402 371/1518/2400
f 327/1526/2402 145/1519/2407 143/1527/2408
f 370/1530/2409 327/1526/2402 143/1527/2408
f 370/1530/2409 261/1529/2404 327/1526/2402
f 262/1535/2410 261/1529/2404 370/1530/2409
f 372/1531/2411 262/1535/2410 370/1530/2409
f 373/1536/2412 262/1535/2410 372/1531/2411
f 382/1513/2406 362/1512/2405 332/1514/2397
f 152/1515/2413 382/1513/2406 332/1514/2397
f 382/1513/2406 152/1515/2413 145/1519/2407
f 152/1515/2413 154/1520/2414 145/1519/2407
f 145/1519/2407 154/1520/2414 381/1522/2415
f 143/1527/2408 145/1519/2407 381/1522/2415
f 381/1522/2415 146/1533/2416 143/1527/2408
f 146/1533/2416 149/1532/2417 143/1527/2408
f 149/1532/2417 372/1531/2411 143/1527/2408
f 372/1531/2411 370/1530/2409 143/1527/2408
f 152/1515/2413 332/1514/2397 153/1516/2418
f 144/1517/2401 152/1515/2413 153/1516/2418
f 152/1515/2413 144/1517/2401 154/1520/2414
f 144/1517/2401 155/1521/2419 154/1520/2414
f 381/1522/2415 154/1520/2414 155/1521/2419
f 379/1523/2404 381/1522/2415 155/1521/2419
f 381/1522/2415 379/1523/2404 380/1524/2420
f 146/1533/2416 381/1522/2415 380/1524/2420
f 146/1533/2416 380/1524/2420 151/1534/2421
f 536/1539/2422 146/1533/2416 151/1534/2421
f 149/1532/2417 146/1533/2416 536/1539/2422
f 546/1538/2423 149/1532/2417 536/1539/2422
f 546/1538/2423 150/1537/2424 149/1532/2417
f 150/1537/2424 372/1531/2411 149/1532/2417
f 150/1537/2424 373/1536/2412 372/1531/2411
f 373/1536/2412 150/1537/2424 537/1540/2425
f 537/1540/2425 536/1539/2422 151/1534/2421
f 546/1538/2423 536/1539/2422 537/1540/2425
f 546/1538/2423 537/1540/2425 150/1537/2424
s 54
f 364/1543/2426 335/1542/2427 338/1541/2428
f 338/1541/2428 335/1542/2427 340/1546/2429
f 340/1546/2429 326/1545/2430 338/1541/2428
f 326/1545/2430 343/1544/2431 338/1541/2428
f 343/1544/2431 364/1543/2426 338/1541/2428
f 335/1542/2427 342/1547/2432 340/1546/2429
f 339/1548/2433 340/1546/2429 342/1547/2432
f 339/1548/2433 344/1554/2434 340/1546/2429
f 344/1554/2434 326/1545/2430 340/1546/2429
f 326/1545/2430 344/1554/2434 349/1553/2435
f 326/1545/2430 349/1553/2435 325/1552/2436
f 343/1544/2431 326/1545/2430 325/1552/2436
f 341/1558/2426 343/1544/2431 325/1552/2436
f 341/1558/2426 325/1552/2436 337/1559/2437
f 336/1549/2438 339/1548/2433 342/1547/2432
f 339/1548/2433 336/1549/2438 351/1550/2439
f 344/1554/2434 339/1548/2433 351/1550/2439
f 356/1555/2440 344/1554/2434 351/1550/2439
f 344/1554/2434 356/1555/2440 353/1561/2441
f 344/1554/2434 353/1561/2441 349/1553/2435
f 334/1560/2432 349/1553/2435 353/1561/2441
f 349/1553/2435 334/1560/2432 337/1559/2437
f 325/1552/2436 349/1553/2435 337/1559/2437
f 336/1549/2438 329/1551/2442 351/1550/2439
f 351/1550/2439 329/1551/2442 352/1557/2443
f 350/1556/2444 351/1550/2439 352/1557/2443
f 351/1550/2439 350/1556/2444 356/1555/2440
f 356/1555/2440 350/1556/2444 348/1562/2445
f 356/1555/2440 348/1562/2445 353/1561/2441
f 353/1561/2441 348/1562/2445 360/1564/2442
f 361/1565/2438 353/1561/2441 360/1564/2442
f 361/1565/2438 334/1560/2432 353/1561/2441
f 348/1562/2445 350/1556/2444 365/1563/2443
f 365/1563/2443 360/1564/2442 348/1562/2445
s 55
f 410/1566/2446 415/1567/2447 330/1568/2448
f 415/1567/2447 322/1569/2449 330/1568/2448
f 322/1569/2449 289/1570/2450 330/1568/2448
f 289/1570/2450 354/1571/2451 330/1568/2448
f 354/1571/2451 289/1570/2450 355/1572/2452
f 409/1573/2453 415/1567/2447 410/1566/2446
f 415/1567/2447 409/1573/2453 421/1574/2454
f 415/1567/2447 421/1574/2454 416/1575/2455
f 322/1569/2449 415/1567/2447 416/1575/2455
f 322/1569/2449 416/1575/2455 295/1576/2456
f 289/1570/2450 322/1569/2449 295/1576/2456
f 347/1577/2457 289/1570/2450 295/1576/2456
f 289/1570/2450 347/1577/2457 355/1572/2452
f 347/1577/2457 290/1578/2458 355/1572/2452
f 290/1578/2458 291/1579/2459 355/1572/2452
f 169/1580/2460 409/1573/2453 410/1566/2446
f 169/1580/2460 310/1581/2461 409/1573/2453
f 310/1581/2461 312/1582/2462 409/1573/2453
f 168/1583/2463 409/1573/2453 312/1582/2462
f 409/1573/2453 168/1583/2463 421/1574/2454
f 421/1574/2454 168/1583/2463 167/1584/2464
f 292/1585/2465 421/1574/2454 167/1584/2464
f 421/1574/2454 292/1585/2465 293/1586/2466
f 417/1587/2467 421/1574/2454 293/1586/2466
f 416/1575/2455 421/1574/2454 417/1587/2467
f 298/1588/2468 312/1582/2462 310/1581/2461
f 298/1588/2468 395/1589/2469 312/1582/2462
f 284/1590/2470 312/1582/2462 395/1589/2469
f 284/1590/2470 168/1583/2463 312/1582/2462
f 168/1583/2463 284/1590/2470 201/1591/2471
f 201/1591/2471 206/1592/2472 168/1583/2463
f 206/1592/2472 167/1584/2464 168/1583/2463
f 159/1593/2473 298/1588/2468 310/1581/2461
f 159/1593/2473 170/1594/2474 298/1588/2468
f 170/1594/2474 395/1589/2469 298/1588/2468
f 386/1595/2475 395/1589/2469 170/1594/2474
f 386/1595/2475 286/1596/2476 395/1589/2469
f 286/1596/2476 284/1590/2470 395/1589/2469
f 284/1590/2470 286/1596/2476 285/1597/2477
f 284/1590/2470 285/1597/2477 201/1591/2471
f 420/1598/2478 386/1595/2475 170/1594/2474
f 386/1595/2475 420/1598/2478 320/1599/2479
f 363/1600/2480 386/1595/2475 320/1599/2479
f 363/1600/2480 286/1596/2476 386/1595/2475
f 300/1601/2481 286/1596/2476 363/1600/2480
f 286/1596/2476 300/1601/2481 297/1602/2482
f 288/1603/2483 286/1596/2476 297/1602/2482
f 286/1596/2476 288/1603/2483 285/1597/2477
f 287/1604/2484 363/1600/2480 320/1599/2479
f 363/1600/2480 287/1604/2484 333/1605/2485
f 363/1600/2480 333/1605/2485 197/1606/2486
f 197/1606/2486 300/1601/2481 363/1600/2480
f 300/1601/2481 197/1606/2486 190/1607/2487
f 346/1608/2488 300/1601/2481 190/1607/2487
f 300/1601/2481 346/1608/2488 297/1602/2482
f 346/1608/2488 345/1609/2489 297/1602/2482
f 321/1610/2490 287/1604/2484 320/1599/2479
f 299/1611/2491 287/1604/2484 321/1610/2490
f 299/1611/2491 385/1612/2492 287/1604/2484
f 385/1612/2492 333/1605/2485 287/1604/2484
f 333/1605/2485 385/1612/2492 309/1613/2493
f 301/1614/2494 333/1605/2485 309/1613/2493
f 197/1606/2486 333/1605/2485 301/1614/2494
f 197/1606/2486 301/1614/2494 189/1615/2495
f 190/1607/2487 197/1606/2486 189/1615/2495
f 384/1616/2496 299/1611/2491 321/1610/2490
f 385/1612/2492 299/1611/2491 384/1616/2496
f 393/1617/2497 385/1612/2492 384/1616/2496
f 385/1612/2492 393/1617/2497 309/1613/2493
f 166/1618/2498 190/1607/2487 189/1615/2495
f 200/1619/2499 190/1607/2487 166/1618/2498
f 346/1608/2488 190/1607/2487 200/1619/2499
f 212/1620/2500 346/1608/2488 200/1619/2499
f 346/1608/2488 212/1620/2500 345/1609/2489
f 212/1620/2500 198/1621/2501 345/1609/2489
f 196/1622/2502 200/1619/2499 166/1618/2498
f 358/1623/2503 200/1619/2499 196/1622/2502
f 358/1623/2503 199/1624/2504 200/1619/2499
f 199/1624/2504 212/1620/2500 200/1619/2499
f 198/1621/2501 212/1620/2500 199/1624/2504
f 191/1625/2505 198/1621/2501 199/1624/2504
f 199/1624/2504 358/1623/2503 191/1625/2505
f 358/1623/2503 357/1626/2506 191/1625/2505
f 357/1626/2506 358/1623/2503 196/1622/2502
f 301/1614/2494 359/1627/2507 189/1615/2495
f 359/1627/2507 301/1614/2494 309/1613/2493
f 414/1628/2508 416/1575/2455 417/1587/2467
f 295/1576/2456 416/1575/2455 414/1628/2508
f 296/1629/2509 295/1576/2456 414/1628/2508
f 296/1629/2509 291/1579/2459 295/1576/2456
f 291/1579/2459 290/1578/2458 295/1576/2456
f 290/1578/2458 347/1577/2457 295/1576/2456
f 205/1630/2510 167/1584/2464 206/1592/2472
f 157/1631/2511 205/1630/2510 206/1592/2472
f 157/1631/2511 172/1632/2512 205/1630/2510
f 172/1632/2512 156/1633/2513 205/1630/2510
f 205/1630/2510 156/1633/2513 167/1584/2464
f 156/1633/2513 294/1634/2514 167/1584/2464
f 292/1585/2465 167/1584/2464 294/1634/2514
f 293/1586/2466 292/1585/2465 294/1634/2514
f 313/1635/2515 293/1586/2466 294/1634/2514
f 313/1635/2515 294/1634/2514 158/1636/2516
f 311/1637/2517 313/1635/2515 158/1636/2516
f 158/1636/2516 156/1633/2513 172/1632/2512
f 158/1636/2516 294/1634/2514 156/1633/2513
f 311/1637/2517 158/1636/2516 172/1632/2512
s 56
f 444/1638/2518 331/1639/2519 171/1640/2498
f 305/1641/2520 444/1638/2518 171/1640/2498
f 444/1638/2518 305/1641/2520 446/1642/2521
f 510/1643/2522 444/1638/2518 446/1642/2521
f 525/1644/2523 444/1638/2518 510/1643/2522
f 525/1644/2523 523/1645/2524 444/1638/2518
f 331/1639/2519 444/1638/2518 523/1645/2524
f 319/1646/2525 331/1639/2519 523/1645/2524
f 319/1646/2525 523/1645/2524 526/1647/2505
f 305/1641/2520 171/1640/2498 445/1648/2526
f 323/1649/2527 305/1641/2520 445/1648/2526
f 323/1649/2527 512/1650/2528 305/1641/2520
f 512/1650/2528 446/1642/2521 305/1641/2520
f 446/1642/2521 512/1650/2528 447/1651/2482
f 531/1652/2489 446/1642/2521 447/1651/2482
f 510/1643/2522 446/1642/2521 531/1652/2489
f 530/1653/2501 510/1643/2522 531/1652/2489
f 510/1643/2522 530/1653/2501 526/1647/2505
f 525/1644/2523 510/1643/2522 526/1647/2505
f 523/1645/2524 525/1644/2523 526/1647/2505
f 282/1654/2529 323/1649/2527 445/1648/2526
f 323/1649/2527 282/1654/2529 283/1655/2530
f 231/1656/2531 323/1649/2527 283/1655/2530
f 231/1656/2531 302/1657/2532 323/1649/2527
f 512/1650/2528 323/1649/2527 302/1657/2532
f 511/1658/2533 512/1650/2528 302/1657/2532
f 447/1651/2482 512/1650/2528 511/1658/2533
f 496/1659/2483 447/1651/2482 511/1658/2533
f 496/1659/2483 511/1658/2533 494/1660/2477
f 317/1661/2534 282/1654/2529 445/1648/2526
f 317/1661/2534 183/1662/2493 282/1654/2529
f 183/1662/2493 283/1655/2530 282/1654/2529
f 281/1663/2535 283/1655/2530 183/1662/2493
f 283/1655/2530 281/1663/2535 231/1656/2531
f 281/1663/2535 527/1664/2536 231/1656/2531
f 232/1665/2537 231/1656/2531 527/1664/2536
f 302/1657/2532 231/1656/2531 232/1665/2537
f 280/1666/2538 302/1657/2532 232/1665/2537
f 532/1667/2539 302/1657/2532 280/1666/2538
f 532/1667/2539 511/1658/2533 302/1657/2532
f 524/1668/2540 281/1663/2535 183/1662/2493
f 527/1664/2536 281/1663/2535 524/1668/2540
f 543/1669/2496 527/1664/2536 524/1668/2540
f 543/1669/2496 232/1665/2537 527/1664/2536
f 487/1670/2541 532/1667/2539 280/1666/2538
f 532/1667/2539 487/1670/2541 501/1671/2474
f 517/1672/2542 532/1667/2539 501/1671/2474
f 511/1658/2533 532/1667/2539 517/1672/2542
f 511/1658/2533 517/1672/2542 486/1673/2543
f 511/1658/2533 486/1673/2543 494/1660/2477
f 494/1660/2477 486/1673/2543 529/1674/2471
f 486/1673/2543 493/1675/2544 529/1674/2471
f 396/1676/2545 529/1674/2471 493/1675/2544
f 316/1677/2546 517/1672/2542 501/1671/2474
f 328/1678/2547 517/1672/2542 316/1677/2546
f 517/1672/2542 328/1678/2547 486/1673/2543
f 486/1673/2543 328/1678/2547 493/1675/2544
f 328/1678/2547 503/1679/2548 493/1675/2544
f 493/1675/2544 503/1679/2548 545/1680/2549
f 502/1681/2550 493/1675/2544 545/1680/2549
f 502/1681/2550 396/1676/2545 493/1675/2544
f 502/1681/2550 394/1682/2551 396/1676/2545
f 394/1682/2551 383/1683/2552 396/1676/2545
f 324/1684/2473 316/1677/2546 501/1671/2474
f 324/1684/2473 318/1685/2553 316/1677/2546
f 318/1685/2553 328/1678/2547 316/1677/2546
f 503/1679/2548 328/1678/2547 318/1685/2553
f 506/1686/2460 503/1679/2548 318/1685/2553
f 503/1679/2548 506/1686/2460 507/1687/2446
f 500/1688/2554 503/1679/2548 507/1687/2446
f 503/1679/2548 500/1688/2554 545/1680/2549
f 542/1689/2555 545/1680/2549 500/1688/2554
f 540/1690/2556 545/1680/2549 542/1689/2555
f 545/1680/2549 540/1690/2556 499/1691/2557
f 497/1692/2558 545/1680/2549 499/1691/2557
f 497/1692/2558 502/1681/2550 545/1680/2549
f 500/1688/2554 507/1687/2446 538/1693/2559
f 539/1694/2560 500/1688/2554 538/1693/2559
f 539/1694/2560 542/1689/2555 500/1688/2554
f 542/1689/2555 539/1694/2560 518/1695/2561
f 542/1689/2555 518/1695/2561 541/1696/2562
f 541/1696/2562 540/1690/2556 542/1689/2555
f 508/1697/2563 539/1694/2560 538/1693/2559
f 539/1694/2560 508/1697/2563 518/1695/2561
f 508/1697/2563 505/1698/2564 518/1695/2561
f 505/1698/2564 509/1699/2565 518/1695/2561
f 518/1695/2561 509/1699/2565 544/1700/2566
f 498/1701/2567 518/1695/2561 544/1700/2566
f 518/1695/2561 498/1701/2567 541/1696/2562
f 535/1702/2451 508/1697/2563 538/1693/2559
f 505/1698/2564 508/1697/2563 535/1702/2451
f 504/1703/2452 505/1698/2564 535/1702/2451
f 509/1699/2565 505/1698/2564 504/1703/2452
f 544/1700/2566 509/1699/2565 504/1703/2452
f 383/1683/2552 394/1682/2551 519/1704/2512
f 394/1682/2551 516/1705/2568 519/1704/2512
f 516/1705/2568 495/1706/2569 519/1704/2512
f 495/1706/2569 520/1707/2570 519/1704/2512
f 520/1707/2570 495/1706/2569 534/1708/2571
f 495/1706/2569 528/1709/2572 534/1708/2571
f 534/1708/2571 528/1709/2572 499/1691/2557
f 528/1709/2572 497/1692/2558 499/1691/2557
f 516/1705/2568 394/1682/2551 502/1681/2550
f 528/1709/2572 516/1705/2568 502/1681/2550
f 516/1705/2568 528/1709/2572 495/1706/2569
f 502/1681/2550 497/1692/2558 528/1709/2572
s 57
f 413/1567/2573 209/1566/2574 303/1568/2575
f 180/1569/2576 413/1567/2573 303/1568/2575
f 413/1567/2573 180/1569/2576 419/1575/2577
f 422/1574/2578 413/1567/2573 419/1575/2577
f 413/1567/2573 422/1574/2578 207/1573/2579
f 413/1567/2573 207/1573/2579 209/1566/2574
f 207/1573/2579 204/1580/2580 209/1566/2574
f 204/1580/2580 207/1573/2579 400/1581/2581
f 304/1570/2582 180/1569/2576 303/1568/2575
f 180/1569/2576 304/1570/2582 405/1576/2583
f 419/1575/2577 180/1569/2576 405/1576/2583
f 419/1575/2577 405/1576/2583 425/1628/2584
f 419/1575/2577 425/1628/2584 418/1587/2585
f 422/1574/2578 419/1575/2577 418/1587/2585
f 273/1571/2586 304/1570/2582 303/1568/2575
f 273/1571/2586 177/1572/2587 304/1570/2582
f 177/1572/2587 274/1577/2588 304/1570/2582
f 405/1576/2583 304/1570/2582 274/1577/2588
f 181/1578/2589 405/1576/2583 274/1577/2588
f 405/1576/2583 181/1578/2589 387/1579/2590
f 404/1629/2591 405/1576/2583 387/1579/2590
f 405/1576/2583 404/1629/2591 425/1628/2584
f 181/1578/2589 274/1577/2588 177/1572/2587
f 387/1579/2590 181/1578/2589 177/1572/2587
f 422/1574/2578 418/1587/2585 402/1586/2592
f 399/1585/2593 422/1574/2578 402/1586/2592
f 399/1585/2593 391/1584/2594 422/1574/2578
f 391/1584/2594 210/1583/2595 422/1574/2578
f 422/1574/2578 210/1583/2595 207/1573/2579
f 207/1573/2579 210/1583/2595 388/1582/2596
f 207/1573/2579 388/1582/2596 400/1581/2581
f 186/1634/2597 399/1585/2593 402/1586/2592
f 186/1634/2597 391/1584/2594 399/1585/2593
f 186/1634/2597 184/1633/2598 391/1584/2594
f 184/1633/2598 401/1630/2599 391/1584/2594
f 391/1584/2594 401/1630/2599 211/1592/2600
f 391/1584/2594 211/1592/2600 210/1583/2595
f 211/1592/2600 202/1591/2601 210/1583/2595
f 164/1590/2602 210/1583/2595 202/1591/2601
f 210/1583/2595 164/1590/2602 388/1582/2596
f 397/1635/2603 186/1634/2597 402/1586/2592
f 392/1636/2604 186/1634/2597 397/1635/2603
f 184/1633/2598 186/1634/2597 392/1636/2604
f 184/1633/2598 392/1636/2604 178/1632/2605
f 401/1630/2599 184/1633/2598 178/1632/2605
f 398/1631/2606 401/1630/2599 178/1632/2605
f 401/1630/2599 398/1631/2606 211/1592/2600
f 390/1637/2607 392/1636/2604 397/1635/2603
f 392/1636/2604 390/1637/2607 178/1632/2605
f 165/1597/2608 164/1590/2602 202/1591/2601
f 194/1596/2609 164/1590/2602 165/1597/2608
f 164/1590/2602 194/1596/2609 423/1589/2610
f 388/1582/2596 164/1590/2602 423/1589/2610
f 388/1582/2596 423/1589/2610 403/1588/2611
f 400/1581/2581 388/1582/2596 403/1588/2611
f 389/1593/2612 400/1581/2581 403/1588/2611
f 389/1593/2612 403/1588/2611 480/1594/2613
f 187/1603/2614 194/1596/2609 165/1597/2608
f 187/1603/2614 188/1602/2615 194/1596/2609
f 188/1602/2615 195/1601/2616 194/1596/2609
f 163/1600/2617 194/1596/2609 195/1601/2616
f 424/1595/2618 194/1596/2609 163/1600/2617
f 423/1589/2610 194/1596/2609 424/1595/2618
f 423/1589/2610 424/1595/2618 480/1594/2613
f 403/1588/2611 423/1589/2610 480/1594/2613
f 233/1608/2619 195/1601/2616 188/1602/2615
f 195/1601/2616 233/1608/2619 406/1607/2620
f 193/1606/2621 195/1601/2616 406/1607/2620
f 193/1606/2621 163/1600/2617 195/1601/2616
f 193/1606/2621 160/1605/2622 163/1600/2617
f 160/1605/2622 175/1604/2623 163/1600/2617
f 176/1599/2624 163/1600/2617 175/1604/2623
f 424/1595/2618 163/1600/2617 176/1599/2624
f 234/1609/2625 233/1608/2619 188/1602/2615
f 412/1620/2626 233/1608/2619 234/1609/2625
f 233/1608/2619 412/1620/2626 407/1619/2627
f 406/1607/2620 233/1608/2619 407/1619/2627
f 406/1607/2620 407/1619/2627 408/1618/2628
f 406/1607/2620 408/1618/2628 185/1615/2629
f 193/1606/2621 406/1607/2620 185/1615/2629
f 173/1614/2630 193/1606/2621 185/1615/2629
f 173/1614/2630 160/1605/2622 193/1606/2621
f 411/1621/2631 412/1620/2626 234/1609/2625
f 192/1624/2632 412/1620/2626 411/1621/2631
f 407/1619/2627 412/1620/2626 192/1624/2632
f 407/1619/2627 192/1624/2632 179/1623/2633
f 208/1622/2634 407/1619/2627 179/1623/2633
f 407/1619/2627 208/1622/2634 408/1618/2628
f 203/1625/2635 192/1624/2632 411/1621/2631
f 179/1623/2633 192/1624/2632 203/1625/2635
f 182/1626/2636 179/1623/2633 203/1625/2635
f 182/1626/2636 208/1622/2634 179/1623/2633
f 174/1627/2637 173/1614/2630 185/1615/2629
f 174/1627/2637 162/1613/2638 173/1614/2630
f 162/1613/2638 160/1605/2622 173/1614/2630
f 484/1612/2639 160/1605/2622 162/1613/2638
f 175/1604/2623 160/1605/2622 484/1612/2639
f 482/1611/2640 175/1604/2623 484/1612/2639
f 161/1610/2641 175/1604/2623 482/1611/2640
f 161/1610/2641 176/1599/2624 175/1604/2623
f 515/1617/2642 484/1612/2639 162/1613/2638
f 484/1612/2639 515/1617/2642 491/1616/2643
f 482/1611/2640 484/1612/2639 491/1616/2643
f 491/1616/2643 161/1610/2641 482/1611/2640
f 481/1598/2644 424/1595/2618 176/1599/2624
f 424/1595/2618 481/1598/2644 480/1594/2613
s 58
f 432/1639/2645 431/1638/2646 485/1640/2628
f 431/1638/2646 456/1641/2647 485/1640/2628
f 485/1640/2628 456/1641/2647 465/1648/2648
f 456/1641/2647 467/1649/2649 465/1648/2648
f 467/1649/2649 376/1654/2650 465/1648/2648
f 376/1654/2650 378/1661/2651 465/1648/2648
f 377/1662/2638 378/1661/2651 376/1654/2650
f 430/1645/2652 431/1638/2646 432/1639/2645
f 431/1638/2646 430/1645/2652 554/1644/2653
f 521/1643/2654 431/1638/2646 554/1644/2653
f 431/1638/2646 521/1643/2654 466/1642/2655
f 456/1641/2647 431/1638/2646 466/1642/2655
f 466/1642/2655 468/1650/2656 456/1641/2647
f 468/1650/2656 467/1649/2649 456/1641/2647
f 459/1646/2657 430/1645/2652 432/1639/2645
f 430/1645/2652 459/1646/2657 427/1647/2635
f 554/1644/2653 430/1645/2652 427/1647/2635
f 521/1643/2654 554/1644/2653 427/1647/2635
f 476/1653/2631 521/1643/2654 427/1647/2635
f 521/1643/2654 476/1653/2631 533/1652/2625
f 466/1642/2655 521/1643/2654 533/1652/2625
f 466/1642/2655 533/1652/2625 522/1651/2615
f 468/1650/2656 466/1642/2655 522/1651/2615
f 455/1658/2658 468/1650/2656 522/1651/2615
f 455/1658/2658 474/1657/2659 468/1650/2656
f 474/1657/2659 467/1649/2649 468/1650/2656
f 467/1649/2649 474/1657/2659 469/1656/2660
f 555/1655/2661 467/1649/2649 469/1656/2660
f 555/1655/2661 376/1654/2650 467/1649/2649
f 555/1655/2661 377/1662/2638 376/1654/2650
f 454/1659/2662 455/1658/2658 522/1651/2615
f 455/1658/2658 454/1659/2662 557/1660/2608
f 449/1673/2663 455/1658/2658 557/1660/2608
f 462/1672/2664 455/1658/2658 449/1673/2663
f 462/1672/2664 429/1667/2665 455/1658/2658
f 474/1657/2659 455/1658/2658 429/1667/2665
f 474/1657/2659 429/1667/2665 556/1666/2624
f 474/1657/2659 556/1666/2624 475/1665/2641
f 469/1656/2660 474/1657/2659 475/1665/2641
f 449/1673/2663 557/1660/2608 448/1674/2601
f 477/1675/2666 449/1673/2663 448/1674/2601
f 470/1678/2667 449/1673/2663 477/1675/2666
f 470/1678/2667 462/1672/2664 449/1673/2663
f 553/1677/2668 462/1672/2664 470/1678/2667
f 461/1671/2613 462/1672/2664 553/1677/2668
f 429/1667/2665 462/1672/2664 461/1671/2613
f 443/1670/2669 429/1667/2665 461/1671/2613
f 429/1667/2665 443/1670/2669 556/1666/2624
f 448/1674/2601 464/1676/2600 477/1675/2666
f 464/1676/2600 490/1681/2670 477/1675/2666
f 477/1675/2666 490/1681/2670 453/1680/2671
f 460/1679/2672 477/1675/2666 453/1680/2671
f 460/1679/2672 470/1678/2667 477/1675/2666
f 433/1685/2581 470/1678/2667 460/1679/2672
f 553/1677/2668 470/1678/2667 433/1685/2581
f 473/1684/2673 553/1677/2668 433/1685/2581
f 473/1684/2673 461/1671/2613 553/1677/2668
f 492/1682/2674 490/1681/2670 464/1676/2600
f 490/1681/2670 492/1682/2674 441/1705/2675
f 435/1709/2676 490/1681/2670 441/1705/2675
f 435/1709/2676 442/1692/2677 490/1681/2670
f 490/1681/2670 442/1692/2677 453/1680/2671
f 483/1683/2678 492/1682/2674 464/1676/2600
f 483/1683/2678 488/1704/2605 492/1682/2674
f 488/1704/2605 441/1705/2675 492/1682/2674
f 552/1706/2679 441/1705/2675 488/1704/2605
f 552/1706/2679 435/1709/2676 441/1705/2675
f 514/1708/2680 435/1709/2676 552/1706/2679
f 514/1708/2680 428/1691/2681 435/1709/2676
f 428/1691/2681 442/1692/2677 435/1709/2676
f 453/1680/2671 442/1692/2677 428/1691/2681
f 513/1707/2682 552/1706/2679 488/1704/2605
f 513/1707/2682 514/1708/2680 552/1706/2679
f 452/1690/2683 453/1680/2671 428/1691/2681
f 479/1689/2684 453/1680/2671 452/1690/2683
f 453/1680/2671 479/1689/2684 457/1688/2685
f 457/1688/2685 460/1679/2672 453/1680/2671
f 460/1679/2672 457/1688/2685 426/1687/2686
f 463/1686/2687 460/1679/2672 426/1687/2686
f 463/1686/2687 433/1685/2581 460/1679/2672
f 438/1696/2688 479/1689/2684 452/1690/2683
f 458/1695/2689 479/1689/2684 438/1696/2688
f 558/1694/2690 479/1689/2684 458/1695/2689
f 479/1689/2684 558/1694/2690 457/1688/2685
f 457/1688/2685 558/1694/2690 437/1693/2575
f 426/1687/2686 457/1688/2685 437/1693/2575
f 489/1701/2691 458/1695/2689 438/1696/2688
f 489/1701/2691 439/1700/2590 458/1695/2689
f 439/1700/2590 434/1699/2692 458/1695/2689
f 434/1699/2692 440/1698/2693 458/1695/2689
f 440/1698/2693 551/1697/2694 458/1695/2689
f 551/1697/2694 558/1694/2690 458/1695/2689
f 558/1694/2690 551/1697/2694 437/1693/2575
f 551/1697/2694 478/1702/2695 437/1693/2575
f 551/1697/2694 440/1698/2693 478/1702/2695
f 440/1698/2693 436/1703/2696 478/1702/2695
f 440/1698/2693 434/1699/2692 436/1703/2696
f 434/1699/2692 439/1700/2590 436/1703/2696
f 451/1664/2697 469/1656/2660 475/1665/2641
f 450/1669/2643 451/1664/2697 475/1665/2641
f 450/1669/2643 472/1668/2698 451/1664/2697
f 472/1668/2698 471/1663/2699 451/1664/2697
f 451/1664/2697 471/1663/2699 469/1656/2660
f 471/1663/2699 555/1655/2661 469/1656/2660
f 555/1655/2661 471/1663/2699 377/1662/2638
f 471/1663/2699 472/1668/2698 377/1662/2638
s 59
f 912/1710/554 885/1711/551 908/1712/2700
f 908/1712/2700 885/1711/551 598/1713/623
f 681/1714/2701 908/1712/2700 598/1713/623
f 908/1712/2700 681/1714/2701 597/1715/2702
f 889/1716/2703 908/1712/2700 597/1715/2702
f 912/1710/554 908/1712/2700 889/1716/2703
f 873/1717/555 912/1710/554 889/1716/2703
f 889/1716/2703 891/1718/2704 873/1717/555
f 891/1718/2704 874/1719/558 873/1717/555
f 874/1719/558 891/1718/2704 868/1720/640
f 681/1714/2701 598/1713/623 680/1721/629
f 681/1714/2701 680/1721/629 597/1715/2702
f 680/1721/629 682/1722/630 597/1715/2702
f 851/1723/2705 597/1715/2702 682/1722/630
f 889/1716/2703 597/1715/2702 851/1723/2705
f 891/1718/2704 889/1716/2703 851/1723/2705
f 891/1718/2704 851/1723/2705 592/1724/2706
f 911/1725/2707 891/1718/2704 592/1724/2706
f 891/1718/2704 911/1725/2707 868/1720/640
f 890/1726/2708 868/1720/640 911/1725/2707
f 898/1727/645 890/1726/2708 911/1725/2707
f 898/1727/645 911/1725/2707 593/1728/2709
f 617/1729/634 851/1723/2705 682/1722/630
f 617/1729/634 618/1730/636 851/1723/2705
f 618/1730/636 592/1724/2706 851/1723/2705
f 618/1730/636 619/1731/2710 592/1724/2706
f 619/1731/2710 593/1728/2709 592/1724/2706
f 911/1725/2707 592/1724/2706 593/1728/2709
